Turn,#animals,#food,avgAE,avgET,avgH,avgV,avgML,avgL,avgFE,avgGen,maxAE,maxET,maxH,maxV,maxML,maxFE,maxGen,minAE,minET,minH,minV,minML,minFE,minGen,totalAE,totalFE,totalE,totalCombat
0,100,600,12.2425,48.97,5.04,12.14,26.65,0.0,49.61333333333334,0.0,24.75,99.0,9.0,14.0,49.0,99.0,0,0.25,1.0,1.0,10.0,1.0,1.0,0,1224.25,29768.0,30992.25,0.0
1,96,1137,47.268229166666664,49.197916666666664,5.041666666666667,12.114583333333334,27.645833333333332,1.9791666666666667,49.156992084432716,0.0,118.5,99.0,9.0,14.0,49.0,99.0,0,0.5,1.0,1.0,10.0,2.0,1.0,0,4537.75,55891.5,60429.25,103.0
2,122,1140,48.60553278688525,46.442622950819676,5.086885245901638,12.203934426229509,26.68032786885246,3.1639344262295084,48.993201754385964,0.22950819672131148,189.25,100.0,9.1,14.06,49.0,98.0,1,0.5,1.0,0.9,9.94,2.0,1.0,0,5929.875,55852.25,61782.125,149.0
3,148,1149,54.936760979729726,46.472972972972975,5.061486486486485,12.186081081081078,26.986486486486488,3.9324324324324325,48.64273281114012,0.3918918918918919,171.5,100.0,9.1,14.06,49.0,99.0,2,0.5,1.0,0.9,9.94,2.0,1.0,0,8130.640625,55890.5,64021.140625,172.0
4,181,1190,49.7679989640884,44.86187845303867,4.94088397790055,12.348508287292812,26.895027624309392,3.962983425414365,48.23828781512605,0.6187845303867403,156.75,100.0,9.1,14.06,49.0,128.5,2,0.5,1.0,0.9,9.94,2.0,0.5,0,9008.0078125,57403.5625,66411.5703125,322.2
5,200,1223,56.991875,45.275,4.828999999999998,12.325099999999996,27.4725,4.166,47.90498517988553,0.78,160.25,100.0,9.1,14.120000000000001,49.0,127.5,3,1.1640625,1.0,0.9,9.94,2.0,1.0,0,11398.375,58587.796875,69986.171875,326.1
6,237,1230,59.75748285864979,44.46835443037975,4.945147679324896,12.329282700421935,27.60548523206751,4.663291139240507,47.3784775152439,0.9620253164556962,175.375,100.0,9.1,14.120000000000001,49.0,141.625,3,0.58203125,1.0,0.8,9.94,2.0,1.0,0,14162.5234375,58275.52734375,72438.05078125,284.1
7,271,1179,62.686570283671585,44.59778597785978,4.960147601476013,12.302287822878224,27.284132841328415,5.494095940959409,47.32960599554708,1.118081180811808,221.125,100.0,9.1,14.120000000000001,49.0,140.625,4,2.0,1.0,0.8,9.879999999999999,2.0,0.25,0,16988.060546875,55801.60546875,72789.666015625,419.5
8,304,1160,62.38373445209704,43.348684210526315,4.978289473684209,12.300657894736837,27.65296052631579,6.0598684210526335,47.09580078125,1.319078947368421,191.25,100.0,9.1,14.120000000000001,49.0,161.9375,4,3.423828125,1.0,0.8,9.879999999999999,1.5,1.0,0,18964.6552734375,54631.12890625,73595.7841796875,604.6
9,323,1118,67.07706075851394,43.93188854489164,5.052941176470586,12.25851393188854,28.41640866873065,6.726625386996903,46.627339207848834,1.4427244582043344,225.40625,100.0,9.1,14.120000000000001,49.0,175.375,4,4.2041015625,1.0,0.8,9.879999999999999,1.5,0.09375,0,21665.890625,52129.365234375,73795.255859375,778.0
10,364,1044,64.1953594501202,43.58791208791209,5.102747252747255,12.269615384615388,28.572802197802197,6.765659340659341,46.63038091549928,1.6373626373626373,191.0,100.0,9.1,14.180000000000001,49.5,174.375,4,3.12158203125,1.0,0.8,9.879999999999999,1.5,1.0,0,23367.11083984375,48682.11767578125,72049.228515625,792.7
11,402,953,65.94532737921719,44.681592039801,5.141293532338311,12.272786069651746,29.114427860696516,6.959452736318408,46.35262629217766,1.756218905472637,225.85546875,100.0,9.1,14.180000000000001,49.5,173.375,5,2.986328125,1.0,0.8,9.879999999999999,2.5,1.0,0,26510.021606445312,44174.05285644531,70684.07446289062,845.7
12,473,853,59.620837479766784,44.266384778012686,5.123467230443978,12.310486257928106,29.457716701902747,6.95581395348837,47.3951622089775,1.9534883720930232,287.85546875,100.0,9.1,14.180000000000001,50.0,172.375,5,2.986328125,1.0,0.8,9.879999999999999,2.5,0.8984375,0,28200.656127929688,40428.07336425781,68628.7294921875,868.5
13,523,750,58.666696289529305,44.16061185468451,5.146845124282986,12.319541108986616,29.667304015296367,7.975908221797319,48.241346354166666,2.1166347992351815,243.921875,100.0,9.2,14.180000000000001,50.0,171.375,6,2.610137939453125,1.0,0.8,9.819999999999999,2.0,0.1875,0,30682.682159423828,36181.009765625,66863.69192504883,1295.1
14,541,666,57.44339652070276,44.67467652495379,5.258410351201484,12.296414048059125,29.756007393715343,9.266173752310529,50.198106187241926,2.310536044362292,256.921875,100.0,9.2,14.180000000000001,50.0,191.0,6,2.738525390625,1.0,0.8,9.819999999999999,2.0,0.224609375,0,31076.877517700195,33431.938720703125,64508.81623840332,2095.9
15,548,610,55.68757607118927,44.7956204379562,5.3049270072992805,12.274562043795614,30.135036496350367,10.57116788321167,52.051657854924436,2.4963503649635035,250.9541015625,100.0,9.2,14.180000000000001,50.0,256.921875,6,2.738525390625,1.0,0.7000000000000001,9.819999999999999,2.0,0.6875,0,30516.79168701172,31751.511291503906,62268.302978515625,2354.7
16,561,557,54.192077969909775,45.15864527629233,5.293048128342253,12.239358288770044,30.4349376114082,11.447950089126556,53.29096962947606,2.6488413547237077,250.9541015625,100.0,9.2,14.180000000000001,50.0,255.921875,7,2.9512672424316406,1.0,0.7000000000000001,9.819999999999999,2.0,0.125,0,30401.755741119385,29683.070083618164,60084.82582473755,2192.2
17,567,516,51.611543382917134,44.87830687830688,5.3135802469135855,12.188465608465608,30.51410934744268,11.768606701940035,55.40255341049313,2.797178130511464,250.9541015625,101.0,9.2,14.180000000000001,50.0,254.921875,7,1.9957427978515625,1.0,0.7000000000000001,9.879999999999999,2.5,0.44921875,0,29263.745098114014,28587.717559814453,57851.46265792847,2170.3
18,580,491,48.04516422995206,44.560344827586206,5.363448275862074,12.21224137931035,30.598275862068967,11.497586206896553,57.82991780671471,2.95,250.9541015625,101.0,9.2,14.180000000000001,50.0,253.921875,7,0.9978713989257812,1.0,0.7000000000000001,9.879999999999999,2.5,0.8673095703125,0,27866.195253372192,28394.489643096924,56260.684896469116,2138.5
19,592,428,49.76653203126546,44.138513513513516,5.419425675675684,12.226452702702701,30.77364864864865,11.846452702702706,59.54611201152623,3.1317567567567566,250.9541015625,101.0,9.2,14.180000000000001,50.0,252.921875,7,0.9978713989257812,1.0,0.7000000000000001,9.879999999999999,2.5,0.2135009765625,0,29461.786962509155,25485.735940933228,54947.52290344238,2142.5
20,586,432,48.67437604669825,45.01706484641638,5.503583617747446,12.229556313993179,31.658703071672356,11.938737201365193,57.586170761673536,3.3088737201365186,196.34716796875,101.0,9.299999999999999,14.180000000000001,50.0,251.921875,7,0.9978713989257812,1.0,0.7000000000000001,9.879999999999999,3.5,1.0,0,28523.184363365173,24877.22576904297,53400.41013240814,2515.9
21,593,398,49.33705910462352,44.35244519392917,5.523777403035422,12.248330522765606,31.895446880269816,12.742158516020233,58.26970305993928,3.440134907251265,268.11834716796875,101.0,9.299999999999999,14.180000000000001,50.0,249.9541015625,7,1.7404327392578125,1.0,0.7000000000000001,9.879999999999999,4.5,1.0,0,29256.876049041748,23191.341817855835,52448.21786689758,2435.7
22,589,394,47.279520748426634,42.969439728353144,5.523259762309004,12.257147707979643,31.806451612903224,12.70152801358234,60.29832307457319,3.6502546689303905,268.11834716796875,101.0,9.299999999999999,14.180000000000001,50.0,248.9541015625,7,1.3639907836914062,1.0,0.7000000000000001,9.879999999999999,4.5,1.0,0,27847.637720823288,23757.539291381836,51605.177012205124,2833.1
23,595,369,48.107115374493,43.46050420168067,5.46386554621849,12.290823529411767,31.98067226890756,12.452941176470585,59.58090775607401,3.8252100840336136,268.11834716796875,101.0,9.299999999999999,14.180000000000001,50.0,247.9541015625,8,1.3639907836914062,1.0,0.7000000000000001,9.819999999999999,10.0,0.7619196176528931,0,28623.733647823334,21985.35496199131,50609.088609814644,2399.7
24,616,345,48.38753828764349,43.36038961038961,5.493344155844162,12.292337662337658,31.991883116883116,11.912987012987013,57.39305973001149,4.038961038961039,268.11834716796875,101.0,9.299999999999999,14.180000000000001,50.0,203.19195556640625,9,0.7619196176528931,1.0,0.7000000000000001,9.819999999999999,9.5,0.38095980882644653,1,29806.72358518839,19800.605606853962,49607.32919204235,2132.7
25,599,336,48.4801941914033,42.58931552587646,5.572621035058431,12.328981636060094,32.356427378964945,12.05459098497495,59.10400487624464,4.207011686143573,268.1591796875,101.0,9.299999999999999,14.180000000000001,47.0,252.37091064453125,9,0.7619196176528931,1.0,0.7000000000000001,9.819999999999999,9.5,0.7404327392578125,1,29039.636320650578,19858.945638418198,48898.581959068775,2511.1
26,604,339,46.38873802036639,41.7682119205298,5.564569536423844,12.337086092715225,32.69205298013245,12.683278145695368,59.057517421456566,4.354304635761589,250.0901641845703,97.0,9.299999999999999,14.180000000000001,47.0,268.11834716796875,9,0.7619196176528931,1.0,0.7000000000000001,9.819999999999999,9.5,0.5777740478515625,1,28018.7977643013,20020.498405873775,48039.296170175076,2613.4
27,589,338,44.759135740823375,40.864176570458405,5.5254668930390505,12.284176570458408,32.98217317487266,13.32988115449916,63.3835791063732,4.471986417657046,250.0901641845703,97.0,9.299999999999999,14.180000000000001,47.0,267.11834716796875,9,1.8885955810546875,2.0,0.7000000000000001,9.819999999999999,9.0,0.36399078369140625,1,26363.130951344967,21423.64973795414,47786.78068929911,2760.2000000000003
28,565,338,48.37112029967582,39.35398230088496,5.551858407079644,12.299008849557525,33.45132743362832,13.826902654867267,59.71728676557541,4.601769911504425,309.94012451171875,97.0,9.299999999999999,14.240000000000002,47.0,258.04307556152344,9,2.3415589928627014,1.0,0.7000000000000001,9.819999999999999,9.0,0.8080945014953613,1,27329.68296931684,20184.44292676449,47514.12589608133,2750.9
29,574,364,44.56907027736566,38.18641114982579,5.517073170731709,12.352578397212547,33.640243902439025,13.428745644599314,57.26783457210103,4.794425087108014,268.2698516845703,97.0,9.299999999999999,14.240000000000002,47.0,257.04307556152344,9,2.3415589928627014,1.0,0.7000000000000001,9.819999999999999,9.0,2.0,1,25582.646339207888,20845.491784244776,46428.13812345266,2552.3
30,594,347,43.986999974946684,38.053872053872055,5.362289562289564,12.330774410774405,34.15151515151515,13.111784511784508,55.59265676883696,4.937710437710438,269.8627166748047,97.0,9.299999999999999,14.240000000000002,47.0,256.04307556152344,9,2.49166202545166,1.0,0.7000000000000001,9.819999999999999,10.0,1.0,1,26128.27798511833,19290.651898786426,45418.929883904755,2247.9
31,627,326,43.091665146370346,37.355661881977674,5.342583732057418,12.338405103668249,34.14114832535885,13.173843700159487,53.707486043998436,5.098883572567783,268.2698516845703,97.0,9.299999999999999,14.240000000000002,47.0,255.04307556152344,9,2.49166202545166,1.0,1.5999999999999996,9.819999999999999,10.0,0.2736635208129883,1,27018.47404677421,17508.64045034349,44527.1144971177,2342.7
32,634,332,41.358940690506124,37.329652996845425,5.321135646687703,12.274164037854879,34.46845425867508,12.418138801261826,52.95247214121452,5.287066246056782,284.4449005126953,94.0,9.299999999999999,14.240000000000002,47.0,254.04307556152344,10,2.49166202545166,1.0,1.5999999999999996,9.819999999999999,10.0,0.3415589928627014,1,26221.56839778088,17580.22075088322,43801.7891486641,2439.4
33,644,286,43.06147527178425,36.53416149068323,5.312111801242239,12.252981366459634,34.51086956521739,13.10232919254659,55.36742433306429,5.434782608695652,282.4565734863281,94.0,9.299999999999999,14.300000000000002,47.0,230.72882080078125,10,2.49166202545166,1.0,1.5999999999999996,9.819999999999999,10.0,0.437971830368042,1,27731.59007502906,15835.083359256387,43566.67343428545,2378.7
34,642,300,39.488190881733864,36.47663551401869,5.349065420560749,12.20663551401869,34.71261682242991,13.730218068535812,57.0529103761663,5.593457943925234,282.4565734863281,94.0,9.299999999999999,14.300000000000002,47.0,215.64628982543945,10,2.49166202545166,2.0,1.5999999999999996,9.759999999999998,10.0,0.06281712651252747,1,25351.41854607314,17115.87311284989,42467.29165892303,3124.1
35,627,301,39.93514667561967,36.90590111642743,5.413875598086122,12.193333333333324,34.86363636363637,14.327432216905907,55.93218458999579,5.759170653907496,257.45751953125,94.0,9.299999999999999,14.300000000000002,47.0,282.4565734863281,10,2.3418909311294556,2.0,1.6999999999999997,9.759999999999998,10.0,1.0,1,25039.336965613533,16835.587561588734,41874.92452720227,2927.8
36,606,312,39.40182087127666,36.43234323432343,5.40660066006601,12.213036303630357,34.85891089108911,14.093564356435648,55.77862713597446,5.904290429042904,264.0404357910156,94.0,9.299999999999999,14.300000000000002,47.0,281.4565734863281,9,2.3418909311294556,6.0,1.6999999999999997,9.759999999999998,10.5,0.8255631923675537,1,23877.50344799366,17402.931666424032,41280.43511441769,2831.4
37,595,311,40.39195280313617,36.04201680672269,5.393277310924373,12.201747899159662,34.86470588235294,14.470588235294118,55.38266177680433,6.06890756302521,252.6271722316742,94.0,9.299999999999999,14.300000000000002,47.0,280.4565734863281,9,2.3418909311294556,5.0,1.5999999999999996,9.759999999999998,17.5,0.2752685546875,1,24033.21191786602,17224.007812586147,41257.21973045217,2576.0
38,601,301,40.94595021288377,36.40099833610649,5.42895174708819,12.200099833610649,35.1189683860233,14.862895174708807,53.77446775861932,6.186356073211314,252.6271722316742,94.0,9.299999999999999,14.300000000000002,47.0,279.4565734863281,9,1.919466257095337,5.0,1.5999999999999996,9.759999999999998,17.5,1.6073918342590332,1,24608.516077943146,16186.114795344416,40794.63087328756,2547.7
39,596,298,40.63769403614038,36.40771812080537,5.447315436241614,12.213691275167784,35.15184563758389,14.643456375838923,54.785706061890174,6.3120805369127515,242.9994249343872,94.0,9.299999999999999,14.360000000000003,47.5,278.4565734863281,10,1.919466257095337,6.0,1.5999999999999996,9.759999999999998,20.0,1.0,1,24220.065645539667,16326.140406443272,40546.20605198294,2413.8
40,616,284,39.596836578010965,36.0551948051948,5.463798701298705,12.18564935064935,35.36525974025974,14.08360389610389,53.940636726314345,6.508116883116883,242.9994249343872,94.0,9.299999999999999,14.360000000000003,47.5,277.4565734863281,10,1.919466257095337,6.0,1.5999999999999996,9.759999999999998,20.0,1.5400570631027222,1,24391.651332054753,15319.140830273274,39710.79216232803,2235.7
41,626,269,39.9721949612971,35.88658146964856,5.560543130990413,12.200191693290742,35.41453674121406,13.6632587859425,51.982644959577954,6.712460063897764,358.9765830039978,94.0,9.299999999999999,14.360000000000003,47.5,252.45751953125,10,1.919466257095337,6.0,1.5999999999999996,9.759999999999998,20.0,1.8389325141906738,1,25022.594045771984,13983.331494126469,39005.92553989845,2664.4
42,632,272,38.57411389461611,34.764240506329116,5.531329113924053,12.246930379746841,35.649525316455694,13.38528481012658,50.175277003155585,6.950949367088608,261.8756732940674,93.0,9.299999999999999,14.360000000000003,47.5,242.9994249343872,10,1.9515758156776428,6.0,1.5999999999999996,9.759999999999998,20.0,0.8389325141906738,2,24378.83998139738,13647.675344858319,38026.5153262557,2665.2
43,635,270,37.50802370239669,34.92913385826772,5.621417322834645,12.19729133858267,36.05118110236221,13.848818897637798,50.72727047611994,7.089763779527559,261.8756732940674,93.0,9.299999999999999,14.360000000000003,47.5,195.40423202514648,10,1.9515758156776428,6.0,1.5999999999999996,9.759999999999998,20.0,1.0,2,23817.595051021897,13696.363028552383,37513.95807957428,2679.7
44,608,279,38.963573730299686,34.02138157894737,5.558881578947369,12.23980263157894,36.120065789473685,13.610526315789475,48.900230204527126,7.296052631578948,248.54368495941162,93.0,9.299999999999999,14.360000000000003,47.5,261.8756732940674,11,1.9515758156776428,6.0,1.5999999999999996,9.759999999999998,19.5,2.0390641912817955,2,23689.85282802221,13643.16422706307,37333.01705508528,2910.7
45,615,266,38.55433403516143,32.203252032520325,5.52,12.248878048780485,36.1520325203252,13.826178861788625,48.42836703547308,7.491056910569106,232.73361122608185,93.0,9.299999999999999,14.420000000000003,47.5,260.8756732940674,11,1.9515758156776428,6.0,1.5999999999999996,9.759999999999998,19.5,1.0,2,23710.91543162428,12881.94563143584,36592.86106306012,2680.9
46,624,273,36.17958083317801,31.365384615384617,5.602724358974361,12.296570512820521,36.2900641025641,13.272916666666665,49.16953100241386,7.74198717948718,232.73361122608185,93.0,9.399999999999999,14.420000000000003,47.5,259.8756732940674,11,1.9515758156776428,6.0,1.6999999999999997,9.759999999999998,19.0,0.9005892276763916,2,22576.058439903078,13423.281963658985,35999.34040356206,2587.3
47,638,261,36.48199575708732,30.9153605015674,5.658307210031349,12.304576802507839,36.30094043887147,13.91849529780565,47.6179896119627,7.924764890282131,208.7143396968022,93.0,9.399999999999999,14.420000000000003,47.5,258.8756732940674,11,1.880619689822197,6.0,1.6999999999999997,9.759999999999998,19.0,1.0,2,23275.513293021708,12428.295288722264,35703.80858174397,2674.7
48,651,253,34.369310278213995,29.79109062980031,5.616897081413212,12.34743471582181,36.12288786482335,14.650537634408597,51.31985895586911,8.078341013824884,199.20512458961457,93.0,9.399999999999999,14.420000000000003,47.5,257.8756732940674,11,1.880619689822197,6.0,1.6999999999999997,9.759999999999998,19.0,0.14084887504577637,2,22374.42099111731,12983.924315834884,35358.34530695219,2984.1
49,641,282,33.519065885356234,29.6786271450858,5.555538221528859,12.354945397815905,36.06708268330733,14.825117004680184,48.08079301722097,8.230889235569423,227.74823606014252,93.0,9.399999999999999,14.420000000000003,48.0,256.8756732940674,11,1.880619689822197,6.0,1.6999999999999997,9.879999999999999,19.0,0.17508459091186523,3,21485.721232513344,13558.783630856313,35044.50486336966,3276.6
50,633,275,34.00452943149502,28.49605055292259,5.563033175355453,12.365845181674567,36.23617693522907,15.321800947867297,48.990803402587346,8.406003159557661,242.70638170838356,93.0,9.399999999999999,14.420000000000003,48.0,255.87567329406738,11,1.880619689822197,6.0,1.6999999999999997,9.879999999999999,19.0,1.2512636184692383,3,21524.86713013635,13472.47093571152,34997.33806584787,2723.7999999999997
51,631,288,32.39626866179644,28.199683042789225,5.6228209191759175,12.385736925515053,36.18066561014263,15.068938193343902,49.9470135002072,8.568938193343898,260.82605385780334,93.0,9.399999999999999,14.420000000000003,48.0,221.62407612800598,12,1.880619689822197,6.0,1.6999999999999997,9.879999999999999,19.0,0.2512636184692383,3,20442.045525593552,14384.739888059674,34826.785413653226,2641.0
52,642,284,31.77808122381538,27.1993769470405,5.737071651090344,12.347165109034277,36.24454828660436,14.926635514018697,50.50554983142696,8.771028037383177,262.2744829878211,93.0,9.399999999999999,14.420000000000003,48.0,213.02265249495395,12,1.880619689822197,6.0,1.6999999999999997,9.879999999999999,19.5,1.0,3,20401.528145689474,14343.576152125257,34745.10429781473,2310.6
53,613,317,30.078554774089895,25.851549755301793,5.763947797716152,12.35703099510604,36.39641109298532,14.382871125611741,50.955895854277706,9.03425774877651,257.1863586905529,93.0,9.399999999999999,14.420000000000003,48.0,260.82605385780334,13,2.0192655806895345,6.0,1.6999999999999997,9.94,19.5,0.12721372582018375,3,18438.154076517105,16153.018985806033,34591.17306232314,2849.7999999999997
54,616,304,31.36857132067567,25.38474025974026,5.780357142857141,12.340714285714288,36.47483766233766,14.142694805194802,50.51619151502602,9.243506493506494,203.11333080055192,93.0,9.399999999999999,14.420000000000003,48.5,259.82605385780334,13,1.9417475387454033,6.0,1.6999999999999997,9.94,20.5,0.019117727875709534,4,19323.039933536213,15356.92222056791,34679.96215410413,2511.0
55,622,310,30.590063734546924,24.538585209003216,5.696945337620578,12.36659163987139,36.67765273311897,13.69196141479099,49.04483196866054,9.430868167202572,178.14049669890665,93.0,9.399999999999999,14.420000000000003,48.5,258.82605385780334,13,1.9870409783907235,6.0,1.6999999999999997,9.94,20.5,0.7718382240273058,4,19027.019642888186,15203.897910284766,34230.917553172956,2592.7999999999997
56,650,274,31.57757209912572,24.521538461538462,5.7326153846153804,12.345784615384616,36.74153846153846,13.913076923076924,50.52026713733321,9.613846153846154,304.9674024451524,93.0,9.299999999999999,14.420000000000003,48.5,209.02265249495395,13,1.9870409783907235,6.0,1.5999999999999996,9.94,21.0,1.2083320617675781,4,20525.42186443172,13842.553195629298,34367.97506006101,2352.9
57,652,286,30.864186811968153,23.930981595092025,5.699386503067482,12.375460122699378,36.772239263803684,13.811503067484663,48.70571201264959,9.797546012269938,278.12366343231406,93.0,9.299999999999999,14.420000000000003,48.5,304.9674024451524,13,1.9870409783907235,6.0,1.5999999999999996,9.94,21.0,0.47607684787362814,4,20123.449801403236,13929.833635617782,34053.28343702102,2909.1
58,664,278,31.146741483913292,23.66566265060241,5.686746987951811,12.386536144578299,37.01656626506024,14.022891566265056,46.817800280081244,9.987951807228916,272.69839644804597,93.0,9.299999999999999,14.420000000000003,48.5,303.9674024451524,13,1.5702343245502561,5.0,1.5999999999999996,9.94,21.0,0.11685469653457403,5,20681.436345318427,13015.348477862586,33696.78482318101,2726.4
59,673,287,30.150857720851967,23.459138187221395,5.838930163447252,12.369539375928671,36.968796433878154,14.256315007429409,46.44856881745921,10.161961367013372,272.69839644804597,93.0,9.399999999999999,14.420000000000003,48.5,302.9674024451524,13,1.5702343245502561,5.0,1.5999999999999996,9.94,21.5,0.3165937839075923,5,20291.527246133373,13330.739250610794,33622.26649674417,3001.0
60,683,289,28.92394505760658,23.358711566617863,5.8007320644216644,12.37423133235724,36.89019033674963,14.093997071742304,46.47046490498857,10.349926793557833,236.20687782531604,94.0,9.399999999999999,14.420000000000003,48.0,301.9674024451524,14,1.5702343245502561,5.0,1.5999999999999996,9.94,21.5,1.1752239018678665,5,19755.054474345296,13429.964357541696,33185.01883188699,2992.2999999999997
61,702,269,29.729259776780083,23.02849002849003,5.859259259259255,12.38324786324788,36.89031339031339,14.01239316239315,45.758888512601885,10.54131054131054,305.08935870509595,94.0,9.399999999999999,14.420000000000003,48.0,257.86588766239583,14,2.023520117159933,5.0,1.5999999999999996,9.94,21.5,0.5026687751960708,5,20869.94036329962,12309.141009889907,33179.081373189525,2761.9
62,731,247,29.695920379202434,22.310533515731873,5.865937072503417,12.372913816689449,36.95827633378933,14.624213406292764,45.126114788633586,10.74829001367989,305.08935870509595,94.0,9.399999999999999,14.420000000000003,48.0,217.216030664742,14,1.798375599360952,5.0,1.5999999999999996,9.94,21.5,0.33131065405905247,6,21707.71779719698,11146.150352792496,32853.868149989474,2995.7
63,718,268,29.165946942222885,21.22701949860724,5.877715877437323,12.358969359331473,36.7458217270195,14.797632311977711,44.04629347361216,10.974930362116991,305.08935870509595,94.0,9.399999999999999,14.420000000000003,48.0,270.7928448931634,15,1.798375599360952,5.0,1.5999999999999996,9.94,21.5,0.047872778959572315,6,20941.14990451603,11804.406650928058,32745.55655544409,3573.5
64,717,261,27.365914663894706,20.934449093444908,5.918549511854952,12.338186889818688,36.91980474198047,15.26820083682007,48.95699326291484,11.185495118549511,289.1360023263842,94.0,9.399999999999999,14.420000000000003,48.0,305.08935870509595,15,1.798375599360952,4.0,1.5999999999999996,9.94,21.5,1.0,6,19621.360814012503,12777.775241620773,32399.136055633277,3268.7
65,706,281,28.780751148535824,20.773371104815865,5.927620396600566,12.327988668555237,37.02974504249292,15.052266288951827,42.28141339512952,11.395184135977336,335.0301013794233,94.0,9.399999999999999,14.420000000000003,48.0,235.20687782531604,15,1.798375599360952,4.0,1.5999999999999996,9.94,21.5,0.7109183990614838,6,20319.210310866292,11881.077164031394,32200.287474897686,3276.6
66,704,298,26.57195393510443,20.626420454545453,5.93863636363636,12.32769886363635,36.99715909090909,14.966903409090902,44.70369187603181,11.607954545454545,307.5734482379048,95.0,9.399999999999999,14.420000000000003,48.0,289.1360023263842,15,1.1548545643890975,4.0,1.5999999999999996,9.94,21.5,0.26116155776253436,6,18706.655570313516,13321.70017905748,32028.355749370996,3515.4
67,691,296,27.918711134377627,20.094066570188133,5.942257597684513,12.366714905933437,36.96092619392185,15.42329956584661,42.748939574084886,11.819102749638205,333.652332578758,95.0,9.399999999999999,14.420000000000003,48.0,288.1360023263842,16,1.1548545643890975,4.0,1.5999999999999996,10.699999999999998,21.5,0.20232373403268866,6,19291.82939385494,12653.686113929127,31945.515507784068,3718.6
68,687,318,28.217663730145247,19.921397379912662,5.961717612809317,12.358544395924309,37.12299854439593,14.798107714701613,40.06755422479424,12.049490538573508,333.652332578758,95.0,9.399999999999999,14.420000000000003,48.0,201.75910412403755,16,1.6276807119684236,4.0,1.5999999999999996,10.699999999999998,21.5,0.018536854539888736,6,19385.534982609784,12741.48224348457,32127.017226094355,3407.6
69,718,292,28.88641460799273,19.42339832869081,5.962256267409471,12.351615598885802,37.263927576601674,14.35417827298051,38.39972772827582,12.227019498607243,333.652332578758,95.0,9.399999999999999,14.420000000000003,48.0,200.75910412403755,16,1.7662864590724894,4.0,1.5999999999999996,10.699999999999998,21.0,0.5967511987219041,6,20740.44568853878,11212.72049665654,31953.16618519532,2751.1
70,717,284,27.27729189579952,18.76847977684798,5.909762900976288,12.376345885634583,37.14644351464435,14.614504881450484,41.66162868010562,12.404463040446304,333.652332578758,95.0,9.499999999999998,14.420000000000003,48.0,199.75910412403755,16,1.5730723325323197,4.0,1.5999999999999996,10.699999999999998,21.0,0.6509369781406349,6,19557.818289288258,11831.902545149997,31389.720834438252,3469.4
71,727,299,25.785787693232244,18.577716643741404,5.867400275103158,12.387180192572227,37.0687757909216,14.590371389270983,41.55607321151132,12.584594222833562,227.43611348845297,95.0,9.499999999999998,14.420000000000003,48.0,333.652332578758,16,1.5730723325323197,4.0,1.5999999999999996,10.699999999999998,21.0,0.7207638166873949,6,18746.26765297984,12425.265890241884,31171.533543221725,3583.0
72,732,288,25.376374820934245,18.314207650273225,5.870218579234964,12.378306010928974,37.21789617486339,14.93415300546448,44.238707221905685,12.737704918032787,278.41499646332886,96.0,9.499999999999998,14.420000000000003,48.0,332.652332578758,16,1.5730723325323197,4.0,1.4999999999999996,10.699999999999998,21.0,0.2997527318311768,7,18575.506368923867,12740.747679908836,31316.254048832703,3284.1
73,748,284,24.549003723524432,17.614973262032084,5.84812834224599,12.407673796791428,37.23729946524064,14.945588235294114,45.34100459225169,12.95855614973262,346.83187031801,96.0,9.499999999999998,14.480000000000004,47.5,227.43611348845297,17,1.4123182054863719,4.0,1.4999999999999996,10.759999999999998,21.0,0.7735639316160814,8,18362.654785196275,12876.84530419948,31239.500089395755,3506.7999999999997
74,748,313,24.05468585959901,17.372994652406415,5.848529411764704,12.394090909090894,37.1403743315508,14.551203208556146,41.91393495398546,13.153743315508022,242.8882592272712,96.0,9.499999999999998,14.480000000000004,47.5,219.42790492577478,17,1.4261069222098968,4.0,1.4999999999999996,10.699999999999998,20.5,0.5453441549399827,8,17992.90502298006,13119.061640597449,31111.966663577507,3770.7
75,749,295,25.85357276217353,17.186915887850468,5.885714285714284,12.415327102803753,36.95060080106809,14.371161548731637,39.86546961435808,13.355140186915888,232.43668983504358,96.0,9.499999999999998,14.480000000000004,47.5,218.42790492577478,18,1.7151785205428496,4.0,1.4999999999999996,10.699999999999998,20.5,1.290825574700193,9,19364.325998867975,11760.313536235633,31124.639535103608,3270.1
76,763,296,25.555283464743766,17.166448230668415,5.858715596330271,12.399895150720843,36.94102228047182,14.894626474442994,39.16830669701533,13.55570117955439,224.68592856138298,96.0,9.599999999999998,14.480000000000004,47.5,232.43668983504358,18,1.1462802420601292,3.0,1.4999999999999996,10.699999999999998,20.0,0.2908255747001931,9,19498.681283599493,11593.818782316539,31092.500065916032,3825.4999999999995
77,759,325,23.695828278658645,17.04479578392622,5.856785243741759,12.41533596837942,36.85375494071146,15.029380764163381,39.670134314558474,13.75889328063241,224.68592856138298,96.0,9.599999999999998,14.480000000000004,47.5,231.43668983504358,18,1.1462802420601292,3.0,1.4999999999999996,10.699999999999998,20.0,0.8529799385581782,9,17985.13366350191,12892.793652231503,30877.927315733414,4014.2
78,757,316,24.7321030074219,16.87978863936592,5.888771466314395,12.457173051519142,36.76750330250991,15.198943196829616,38.70569682005464,13.862615587846763,245.0502355029459,95.0,9.599999999999998,14.540000000000004,47.5,230.43668983504358,18,1.1462802420601292,3.0,1.4999999999999996,10.699999999999998,20.0,0.05691477015852797,9,18722.20197661838,12231.000195137267,30953.20217175565,3443.7999999999997
79,754,302,24.331439745498507,16.344827586206897,5.869230769230775,12.446710875331544,36.88925729442971,15.352519893899213,41.38411924527153,14.042440318302388,245.0502355029459,95.0,9.599999999999998,14.540000000000004,47.5,229.43668983504358,18,1.1462802420601292,3.0,1.4999999999999996,10.699999999999998,20.0,0.8810025274915461,9,18345.905568105874,12498.004012072,30843.909580177875,3343.2999999999997
80,782,294,23.680079863049553,16.364450127877237,5.81227621483376,12.439999999999989,36.90473145780051,14.930946291560105,41.73079399327618,14.21611253196931,245.0502355029459,95.0,9.599999999999998,14.540000000000004,47.5,228.43668983504358,19,1.1462802420601292,3.0,1.4999999999999996,10.699999999999998,20.0,0.04629649035177863,9,18517.82245290475,12268.853434023196,30786.675886927947,3210.7999999999997
81,777,299,23.99230970700572,16.102960102960104,5.825353925353929,12.398172458172457,36.93886743886744,15.416988416988417,41.46254254002251,14.4002574002574,245.0502355029459,95.0,9.599999999999998,14.540000000000004,47.5,204.27234638490754,19,1.000933981566277,4.0,1.4999999999999996,10.699999999999998,20.0,0.08518849863480682,10,18642.024642343444,12397.300219466732,31039.324861810175,3649.8999999999996
82,783,302,24.628791379996898,15.89655172413793,5.870114942528736,12.410906768837808,36.982120051085566,15.411877394636004,38.35554527719913,14.625798212005108,217.90309861773804,95.0,9.599999999999998,14.540000000000004,47.5,222.91392450370958,19,1.000933981566277,3.0,1.4999999999999996,10.699999999999998,20.0,0.35558772107242476,10,19284.343650537572,11583.374673714135,30867.718324251706,3509.2
83,768,334,23.672933110949785,15.763020833333334,5.825781249999998,12.48031249999998,37.149088541666664,15.121484375000003,37.9975561266758,14.802083333333334,217.90309861773804,95.0,9.599999999999998,14.540000000000004,47.5,221.91392450370958,19,1.000933981566277,3.0,1.4999999999999996,10.699999999999998,20.0,0.047787865147256525,10,18180.812629209435,12691.183746309718,30871.996375519153,3623.6
84,763,333,23.625822044654075,15.515072083879422,5.769986893840106,12.499711664482291,37.10681520314548,15.255832241153325,38.79020708050729,15.001310615989516,191.20609845585022,93.0,9.599999999999998,14.540000000000004,47.5,220.91392450370958,19,0.9248859952242154,3.0,1.4999999999999996,10.699999999999998,20.0,0.09682846596024319,10,18026.50222007106,12917.138957808926,30943.641177879985,3497.3999999999996
85,783,321,23.383869950315297,15.739463601532567,5.834738186462326,12.53966794380586,37.049169859514684,15.490038314176234,40.73493264402235,15.149425287356323,241.02250696641192,93.0,9.599999999999998,14.600000000000005,47.5,169.79193635711363,19,0.9248859952242154,3.0,1.4999999999999996,10.699999999999998,20.0,0.13990793904121546,10,18309.57017109688,13075.913378731175,31385.48354982805,3203.7999999999997
86,780,328,23.23410451228412,16.112820512820512,5.901025641025651,12.53951282051282,37.00512820512821,15.247307692307677,41.18924550664348,15.298717948717949,236.5786500635246,93.0,9.599999999999998,14.600000000000005,47.5,191.20609845585022,20,0.9248859952242154,3.0,1.4999999999999996,10.639999999999997,20.0,0.0009339815662769979,10,18122.601519581614,13510.072526179061,31632.674045760676,3445.6
87,795,333,23.398924639191033,16.2251572327044,5.974088050314472,12.527044025157211,36.854088050314466,14.82226415094339,39.52209482517327,15.485534591194968,223.15390379889215,93.0,9.599999999999998,14.600000000000005,46.0,236.5786500635246,20,0.9248859952242154,3.0,1.3999999999999995,10.639999999999997,20.0,0.5249332036331458,10,18602.14508815687,13160.857576782699,31763.00266493957,3283.7999999999997
88,786,330,25.091130922800133,16.11704834605598,5.9852417302799035,12.527455470737907,36.80089058524173,14.960050890585242,36.474704714358424,15.678117048346056,244.22933917128267,92.0,9.599999999999998,14.600000000000005,46.0,235.5786500635246,20,0.9248859952242154,3.0,1.3999999999999995,10.639999999999997,20.0,0.5180128646443336,11,19721.628905320904,12036.65255573828,31758.28146105918,3771.2999999999997
89,793,346,23.76681670184887,15.747793190416141,5.955863808322832,12.53815889029003,36.912358133669606,15.578310214375788,37.791285347094146,15.882723833543505,244.22933917128267,91.0,9.599999999999998,14.600000000000005,45.0,234.5786500635246,21,0.9248859952242154,3.0,1.3999999999999995,10.639999999999997,20.0,0.210732644571479,11,18847.085644566156,13075.784730094574,31922.870374660728,4277.3
90,770,353,25.907898330591216,15.912987012987013,5.9901298701298735,12.544051948051967,36.884415584415585,15.192727272727279,33.606570430014834,16.02077922077922,244.22933917128267,91.0,9.699999999999998,14.600000000000005,45.0,222.15390379889215,21,0.9248859952242154,3.0,1.3999999999999995,10.579999999999997,20.5,0.22844526637175022,11,19949.081714555236,11863.119361795236,31812.201076350473,3999.2999999999997
91,802,329,24.7213035853938,15.561097256857856,5.951995012468836,12.57000000000001,36.923940149625935,15.453366583541161,37.005828072104535,16.201995012468828,225.38040190503452,91.0,9.699999999999998,14.660000000000005,45.0,239.97700873656788,21,0.9248859952242154,3.0,1.4999999999999996,10.579999999999997,20.5,0.6638464179067398,11,19826.485475485828,12174.917435722393,32001.40291120822,3683.7
92,788,373,22.9442237882562,15.529187817258883,5.979695431472083,12.564822335025383,37.02220812182741,14.939974619289334,37.22466490096898,16.40736040609137,290.9524977122734,91.0,9.699999999999998,14.660000000000005,45.0,238.97700873656788,21,0.9248859952242154,3.0,1.4999999999999996,10.639999999999997,20.5,0.41698513344141475,11,18080.048345145886,13884.800008061431,31964.848353207315,4106.0
93,788,368,23.44326644955952,15.51522842639594,6.002791878172592,12.579162436548245,37.11484771573604,15.304949238578693,38.017146392888414,16.58248730964467,290.9524977122734,91.0,9.699999999999998,14.660000000000005,45.0,237.97700873656788,22,1.328093929944656,3.0,1.4999999999999996,10.639999999999997,20.5,0.4631273803970011,11,18473.2939622529,13990.309872582935,32463.603834835834,3773.2999999999997
94,755,379,23.250724729139638,15.498013245033112,6.038675496688744,12.577721854304638,37.14635761589404,15.623973509933764,40.28847433521139,16.72317880794702,290.9524977122734,44.0,9.699999999999998,14.660000000000005,44.5,236.97700873656788,22,1.0780929846745768,2.0,1.4999999999999996,10.639999999999997,20.5,0.29393558078214,12,17554.297170500427,15269.331773045116,32823.62894354554,4178.7
95,764,385,23.256087397690624,15.43324607329843,6.039528795811521,12.577513089005242,37.12761780104712,15.877486910994756,39.63626098547945,16.93455497382199,150.2338409316855,44.0,9.699999999999998,14.660000000000005,44.5,290.9524977122734,22,1.0780929846745768,2.0,1.3999999999999995,10.639999999999997,20.5,0.194367485182255,13,17767.650771835637,15259.960479409589,33027.611251245224,3899.6
96,757,401,24.01908015797143,15.232496697490092,6.06367239101717,12.549035667107004,36.98282694848085,15.283883751651247,38.20999967542002,17.178335535006607,270.37023710531133,44.0,9.699999999999998,14.660000000000005,44.5,289.9524977122734,22,0.8473308345231855,2.0,1.3999999999999995,10.579999999999997,21.0,0.00032583744902936473,13,18182.443679584372,15322.209869843427,33504.6535494278,3831.8999999999996
97,766,387,24.791508851907068,15.100522193211487,6.020626631853785,12.51979112271541,36.99281984334203,14.888511749347243,38.07826768108918,17.37728459530026,244.6003474437058,44.0,9.699999999999998,14.660000000000005,44.0,288.9524977122734,23,0.782169698428735,2.0,1.3999999999999995,10.579999999999997,21.0,0.3731800743753424,14,18990.295780560813,14736.289592581514,33726.58537314233,3681.2999999999997
98,786,357,25.516233840178923,15.016539440203562,6.006743002544531,12.502340966921125,37.06870229007634,13.994274809160283,37.592590469441454,17.627226463104325,300.0117966036863,44.0,9.799999999999997,14.720000000000006,44.0,269.37023710531133,23,0.8473308345231855,2.0,1.3999999999999995,10.579999999999997,20.5,0.44828480564429096,14,20055.759798380634,13420.5547975906,33476.314595971235,3190.9
99,798,375,24.209444389721597,14.852130325814537,5.995112781954893,12.498997493734327,37.12907268170426,13.585338345864667,37.85253725275315,17.842105263157894,260.85994006098196,45.0,9.799999999999997,14.720000000000006,44.5,268.37023710531133,23,0.8473308345231855,2.0,1.3999999999999995,10.579999999999997,20.5,0.615875321451977,14,19319.136622997834,14194.70146978243,33513.838092780265,3836.2
100,823,366,23.409664643558234,14.74969623329283,6.0227217496962275,12.490133657351178,37.22964763061968,13.861482381530971,40.60675279361887,18.009720534629405,260.85994006098196,45.0,9.799999999999997,14.720000000000006,44.5,267.37023710531133,24,0.8473308345231855,2.0,1.3999999999999995,10.699999999999998,20.5,0.04113875773618325,15,19266.154001648425,14862.071522464506,34128.22552411293,3777.4
101,820,352,23.602263796661042,15.019512195121951,6.061707317073168,12.502560975609759,37.301219512195125,14.347195121951207,43.34702054059279,18.165853658536584,260.85994006098196,45.0,9.799999999999997,14.720000000000006,44.5,266.37023710531133,24,0.8473308345231855,2.0,1.3999999999999995,10.699999999999998,20.5,0.49162211938708555,15,19353.856313262055,15258.15123028866,34612.00754355072,3877.3999999999996
102,811,373,23.539548362336372,15.020961775585697,6.105795314426634,12.544118372379758,37.31257706535142,15.147842170160276,41.75413523056384,18.368680641183722,171.03479931052414,45.0,9.799999999999997,14.720000000000006,44.5,265.37023710531133,24,1.05071159409168,2.0,1.3999999999999995,10.639999999999997,20.5,0.42346044757363543,15,19090.5737218548,15574.292441000312,34664.86616285511,4694.799999999999
103,808,394,23.329733118034625,15.153465346534654,6.091460396039602,12.552326732673277,37.42759900990099,15.613118811881174,41.36309314259231,18.532178217821784,336.6025315129167,45.0,9.799999999999997,14.660000000000005,44.5,227.5076602277877,24,1.05071159409168,2.0,1.3999999999999995,10.639999999999997,20.5,0.5091097871556085,15,18850.424359371977,16297.058698181372,35147.48305755335,4504.3
104,792,383,25.57652099497039,15.440656565656566,6.123232323232314,12.573308080808086,37.54924242424242,15.452272727272717,39.454186263822216,18.68686868686869,336.6025315129167,45.0,9.799999999999997,14.660000000000005,44.5,226.5076602277877,25,1.0209962517847782,2.0,2.0,10.639999999999997,23.0,0.5798938177282684,15,20256.60462801655,15110.953339043908,35367.55796706046,3847.0
105,812,380,25.36461684791638,15.231527093596059,6.114285714285711,12.548226600985226,37.64778325123153,14.777586206896547,39.10387645256131,18.848522167487683,204.07915839332784,45.0,9.799999999999997,14.660000000000005,44.5,336.6025315129167,25,1.0209962517847782,2.0,2.0,10.639999999999997,24.0,0.4060368020777618,15,20596.0688805081,14859.473051973297,35455.5419324814,3667.4
106,830,373,25.746262284770452,15.203614457831325,6.067108433734935,12.551204819277121,37.7566265060241,14.978554216867458,38.20589418085271,19.03132530120482,232.79211297371992,45.0,9.799999999999997,14.660000000000005,44.5,335.6025315129167,25,1.0209962517847782,1.0,2.0,10.639999999999997,24.0,0.1384585096643285,15,21369.397696359476,14250.79852945806,35620.19622581753,3882.6
107,831,382,25.390865144544872,15.48014440433213,6.119374247894099,12.553068592057782,37.70938628158845,15.252827918170881,38.5499291164401,19.223826714801444,204.07915839332784,46.0,9.799999999999997,14.720000000000006,44.5,334.6025315129167,26,1.0209962517847782,1.0,2.0,10.639999999999997,24.0,0.41563179123284577,15,21099.808935116787,14726.072922480118,35825.881857596905,4357.3
108,814,382,27.07426961638627,15.409090909090908,6.166707616707615,12.54466830466832,37.66277641277641,15.79950859950861,37.26429295177104,19.44103194103194,358.11995362915906,46.0,9.799999999999997,14.720000000000006,44.5,204.07915839332784,26,1.0051320803655148,1.0,2.1,10.639999999999997,25.0,0.21675231254034255,15,22038.455467738426,14234.959907576538,36273.415375314966,4497.0
109,804,396,27.161758333227738,15.194029850746269,6.149502487562188,12.572761194029855,37.64738805970149,15.231840796019894,36.46977033484143,19.667910447761194,358.11995362915906,47.0,9.899999999999997,14.720000000000006,44.5,194.3943329307506,26,0.7767815297694586,1.0,2.1,10.639999999999997,25.0,0.04816058617925556,16,21838.0536999151,14442.029052597205,36280.0827525123,4405.5
110,829,382,25.882504475370766,15.124246079613993,6.142098914354635,12.615078407720146,37.66164053075995,15.057056694813042,39.41920498083277,19.82509047044632,358.11995362915906,47.0,9.899999999999997,14.720000000000006,44.5,193.3943329307506,26,0.926795940183047,1.0,2.1,10.639999999999997,25.0,0.6599540860398339,16,21456.596210082364,15058.136302678118,36514.732512760485,3985.4
111,861,363,26.082917359634827,15.092915214866434,6.102090592334494,12.636144018583064,37.745644599303134,15.156794425087114,38.82627351939573,19.972125435540068,358.11995362915906,48.0,9.899999999999997,14.720000000000006,44.5,189.57695425150328,26,0.926795940183047,1.0,2.1,10.579999999999997,25.0,0.20128930165874515,16,22457.391846645587,14093.93728754065,36551.329134186235,3993.7999999999997
112,833,381,25.14195715130719,14.883553421368548,6.075750300120057,12.61399759903962,37.76650660264106,15.64453781512606,42.217728534502406,20.087635054021607,255.3610895544155,48.0,9.899999999999997,14.720000000000006,45.0,358.11995362915906,26,0.926795940183047,1.0,2.1,10.579999999999997,25.0,0.5321150660989562,17,20943.25030703889,16084.954571645416,37028.20487868431,4861.2
113,816,406,25.083751791749734,14.886029411764707,6.088848039215685,12.59497549019608,37.740196078431374,15.311029411764714,41.795833341444386,20.33578431372549,255.3610895544155,48.0,9.899999999999997,14.720000000000006,45.0,357.11995362915906,26,0.926795940183047,1.0,2.2,10.639999999999997,25.5,0.14123807608687455,17,20468.341462067783,16969.10833662642,37437.4497986942,4396.599999999999
114,815,389,25.788921221743323,14.815950920245399,6.062453987730061,12.551141104294468,37.81104294478528,15.061840490797548,43.97357335542752,20.50920245398773,246.69700038097818,48.0,9.899999999999997,14.720000000000006,45.0,356.11995362915906,27,0.926795940183047,1.0,2.2,10.639999999999997,25.5,0.34264043337193417,17,21017.97079572081,17105.720035261304,38123.690830982116,3870.5
115,840,387,26.625095028022827,14.88452380952381,6.09261904761905,12.581000000000008,37.85476190476191,15.144047619047623,41.20153034457056,20.686904761904763,361.24930915821966,48.0,9.899999999999997,14.660000000000005,45.0,210.95431041120514,27,0.926795940183047,1.0,2.2,10.639999999999997,25.5,0.5314140332170686,18,22365.079823539174,15944.992243348806,38310.07206688798,4157.0
116,849,387,25.73932521006461,14.983510011778563,6.097526501766796,12.571684334511188,37.93286219081272,14.53027090694934,42.30600688771139,20.94110718492344,272.3362203681778,48.0,9.899999999999997,14.660000000000005,45.0,361.24930915821966,27,1.0083712313130304,1.0,3.2999999999999994,10.639999999999997,26.5,0.06883894926146006,18,21852.687103344855,16372.424665544308,38225.11176888916,3981.8999999999996
117,860,357,27.934538083880344,14.836046511627908,6.081395348837212,12.563767441860449,37.96511627906977,15.023720930232571,40.80324418212552,21.115116279069767,366.0442448951714,48.0,9.899999999999997,14.660000000000005,45.0,208.95431041120514,26,0.7519866247115294,1.0,3.2999999999999994,10.639999999999997,26.5,0.06407849281077738,18,24023.702752137095,14566.75817301881,38590.4609251559,4107.5
118,848,363,25.713754828395885,14.329009433962264,6.00695754716981,12.489150943396245,37.988207547169814,15.381132075471706,46.97791851515696,21.29127358490566,225.5839542752854,48.0,9.799999999999997,14.660000000000005,45.0,366.0442448951714,26,0.7519866247115294,1.0,3.2999999999999994,10.579999999999997,26.5,1.14004539049097,18,21805.26409447971,17052.984421001976,38858.24851548168,4877.3
119,878,392,25.633904913967598,14.082004555808656,6.018906605922551,12.497061503416843,37.99202733485193,15.026082004555823,46.62102400796236,21.492027334851937,279.26861439560037,48.0,9.799999999999997,14.720000000000006,45.0,365.0442448951714,26,0.5407732405060295,1.0,3.2999999999999994,10.579999999999997,26.0,0.14004539049096998,18,22506.56851446355,18275.441411121246,40782.009925584796,3920.9999999999995
120,876,357,27.506632241973247,14.105022831050228,6.060159817351595,12.525228310502287,37.94178082191781,15.556050228310495,48.12412975684807,21.63812785388128,243.881755668825,48.0,9.799999999999997,14.720000000000006,45.0,364.0442448951714,26,0.5407732405060295,1.0,3.2999999999999994,10.579999999999997,26.0,0.2235147103571009,18,24095.809843968564,17180.31432319476,41276.124167163325,4198.3
121,859,387,27.08169622408504,14.077997671711293,6.056111757857958,12.564400465657746,37.9708963911525,15.931897555296855,46.83499748705797,21.860302677532015,227.16856715783973,47.0,9.799999999999997,14.720000000000006,45.0,363.0442448951714,26,0.5185564632843417,1.0,3.3999999999999995,10.579999999999997,26.0,0.5893893150963518,19,23263.17705648905,18125.144027491435,41388.32108398048,4873.4
122,885,407,28.003228786356495,14.146892655367232,6.056836158192088,12.587638418079095,37.94237288135593,15.497401129943487,44.29210263780399,22.023728813559323,188.849721730579,47.0,9.799999999999997,14.720000000000006,45.0,362.0442448951714,27,0.565941831556567,1.0,3.3999999999999995,10.579999999999997,26.0,0.003955563653032623,19,24782.8574759255,18026.885773586226,42809.743249511725,4078.7999999999997
123,893,374,29.13404624193249,14.071668533034714,6.009406494960816,12.580089585666265,38.027995520716686,15.411870100783881,45.87339787132222,22.153415453527437,186.95292544280147,47.0,9.799999999999997,14.720000000000006,45.0,361.0442448951714,27,0.27038662025301474,1.0,3.3999999999999995,10.579999999999997,26.0,0.1200499838709117,19,26016.703294045714,17156.65080387451,43173.35409792022,4036.1
124,922,373,27.22106284704035,13.868763557483732,5.989262472885024,12.5666377440347,38.02711496746204,15.37277657266811,48.95806481867965,22.363340563991322,234.3059533860635,47.0,9.799999999999997,14.720000000000006,45.0,360.0442448951714,27,0.5009888909132582,1.0,3.3999999999999995,10.579999999999997,26.0,0.4238704640581261,19,25097.819944971205,18261.35817736751,43359.178122338715,4417.2
125,915,372,28.27997531855255,13.784699453551912,5.953442622950814,12.581595628415293,38.113661202185796,14.819344262295079,46.99365126515909,22.533333333333335,234.3059533860635,46.0,9.799999999999997,14.780000000000006,45.0,359.0442448951714,27,0.5679196133830833,1.0,3.3999999999999995,10.579999999999997,26.0,0.5407732405060295,19,25876.177416475584,17481.63827063918,43357.815687114766,4479.099999999999
126,917,388,27.92015222628314,13.942202835332607,5.996401308615048,12.610905125408928,38.100872410032714,15.1494002181025,46.497888495105315,22.693565976008724,421.6737304732528,46.0,9.799999999999997,14.840000000000007,45.0,200.6712097087619,28,0.8473113729492349,1.0,3.2999999999999994,10.639999999999997,26.0,0.6552225417724076,19,25602.77959150164,18041.18073610086,43643.9603276025,4661.0
127,933,411,28.226864392456317,14.016077170418006,6.012433011789933,12.624201500535882,38.09163987138264,15.817792068595917,45.75849435974,22.85316184351554,421.6737304732528,46.0,9.799999999999997,14.840000000000007,45.0,199.42874700411875,28,0.7873360078810718,1.0,3.2999999999999994,10.579999999999997,26.0,0.19071844206143473,19,26335.664478161743,18806.74118185314,45142.40566001488,4723.2
128,927,424,29.461750848694106,13.838187702265373,5.967313915857599,12.62250269687163,38.13646170442287,16.408953613807984,47.611588671508855,23.011866235167204,421.6737304732528,46.0,9.799999999999997,14.840000000000007,45.0,300.8201281436509,28,0.7873360078810718,1.0,3.2999999999999994,10.579999999999997,28.0,0.07858309550743448,19,27311.043036739437,20187.313596719756,47498.35663345919,4708.299999999999
129,891,452,31.73940035368319,13.711560044893378,5.945903479236808,12.64044893378226,38.10493827160494,16.286644219977546,47.77984495188657,23.130190796857462,310.0642545846816,44.0,9.899999999999997,14.720000000000006,45.0,421.6737304732528,28,0.7873360078810718,1.0,3.2999999999999994,10.639999999999997,28.5,0.2726564509025753,20,28279.805715131723,21596.48991825273,49876.29563338445,4702.9
130,888,486,33.03001989733333,13.711711711711711,5.8918918918918814,12.635900900900909,38.163288288288285,16.165090090090082,47.34693119837247,23.271396396396398,276.7375224230985,43.0,9.899999999999997,14.780000000000006,45.5,420.6737304732528,28,0.48671805897393866,1.0,3.2999999999999994,10.579999999999997,28.5,0.7747544309206229,20,29330.657668832002,23010.60856240902,52341.266231241025,4295.599999999999
131,906,441,34.131681243178654,13.77924944812362,5.9277041942604844,12.664790286975705,38.09823399558499,16.16832229580573,49.09827130431756,23.428256070640177,276.7375224230985,43.0,9.999999999999996,14.780000000000006,45.5,419.6737304732528,28,0.48671805897393866,1.0,3.1999999999999993,10.579999999999997,28.0,0.4120941338162387,20,30923.30320631986,21652.337645204043,52575.6408515239,3961.7
132,917,426,35.20062225875538,13.923664122137405,5.938931297709926,12.669400218102517,38.04852780806979,15.835659760087246,47.693360971793965,23.58887677208288,427.96135244269436,43.0,9.999999999999996,14.780000000000006,45.5,276.7375224230985,28,0.48671805897393866,1.0,3.1999999999999993,10.579999999999997,28.0,0.0019777818265163116,20,32278.970611278684,20317.37177398423,52596.34238526291,4229.099999999999
133,914,427,34.7822050288139,13.927789934354486,5.9300875273523,12.674814004376369,38.04212253829321,15.558862144420132,48.634267487033924,23.781181619256017,427.96135244269436,43.0,9.899999999999997,14.780000000000006,45.5,227.44165024008697,29,0.48671805897393866,1.0,3.1999999999999993,10.579999999999997,28.0,0.6982659893927985,20,31790.935396335903,20766.832216963485,52557.76761329939,4484.299999999999
134,947,400,34.80614316077365,14.12143611404435,5.972861668426617,12.674783526927152,37.993664202745514,15.44118268215416,48.904085724777495,23.987328405491024,427.96135244269436,43.0,9.899999999999997,14.780000000000006,45.5,338.4713719112059,29,0.48671805897393866,1.0,3.1999999999999993,10.579999999999997,28.0,0.2808299907318106,21,32961.41757325265,19561.634289911,52523.05186316365,4110.0
135,953,383,34.14504350330226,14.29485834207765,5.9752360965372535,12.67284365162645,38.02728226652676,15.420776495278092,50.40060691475533,24.155299055613852,366.5854054193824,43.0,9.999999999999996,14.780000000000006,45.5,427.96135244269436,29,0.48671805897393866,1.0,3.1999999999999993,10.579999999999997,28.0,0.195395890611326,21,32540.226458647052,19303.43244835129,51843.658906998346,4748.7
136,929,386,32.81381972590693,14.015069967707213,5.916899892357379,12.620796555435948,38.07104413347686,15.565446716899903,55.69383408940137,24.293864370290635,278.49023062192276,43.0,9.999999999999996,14.720000000000006,45.5,426.96135244269436,30,0.4004445488038375,1.0,3.1999999999999993,10.579999999999997,28.0,0.48671805897393866,21,30484.03852536754,21497.819958508928,51981.858483876465,5176.599999999999
137,950,427,33.37279594824525,13.66,5.911157894736847,12.602842105263145,38.142631578947366,15.166210526315785,51.505384405998214,24.50526315789474,482.53325793505473,43.0,9.999999999999996,14.720000000000006,45.5,365.5854054193824,30,0.4004445488038375,1.0,3.1999999999999993,10.579999999999997,28.0,0.10332095987752776,21,31704.156150832983,21992.799141361236,53696.95529219422,4422.099999999999
138,944,406,33.284918519204815,13.273305084745763,5.8830508474576355,12.60012711864408,38.32786016949152,15.848199152542387,55.8916266965788,24.646186440677965,482.53325793505473,43.0,9.999999999999996,14.720000000000006,45.5,364.5854054193824,30,0.3060032337626457,1.0,3.1999999999999993,10.699999999999998,28.0,0.2847804891532213,21,31420.963082129343,22692.000438810992,54112.963520940335,4712.4
139,938,417,33.981683114651894,13.347547974413645,5.86236673773988,12.604968017057582,38.43443496801706,16.276865671641794,53.995889714513766,24.803837953091683,482.53325793505473,42.0,9.999999999999996,14.720000000000006,46.0,363.5854054193824,30,0.4004445488038375,1.0,3.1999999999999993,10.699999999999998,28.0,1.0,21,31874.818761543476,22516.28601095224,54391.10477249572,5147.5
140,920,417,36.10740575168426,13.278260869565218,5.8829347826087,12.584978260869555,38.49402173913043,16.224673913043492,50.84438734574148,24.985869565217392,482.53325793505473,42.0,9.999999999999996,14.600000000000005,46.0,312.3864487566766,30,0.4004445488038375,1.0,3.1999999999999993,10.699999999999998,28.5,0.0304291938911303,21,33218.81329154952,21202.109523174197,54420.922814723715,4831.5
141,937,427,35.469443900871724,13.308431163287086,5.899359658484524,12.5835432230523,38.48505869797225,15.618356456776949,53.848859937904784,25.13127001067236,393.4759850600718,42.0,9.999999999999996,14.600000000000005,46.0,482.53325793505473,30,0.5464599393429356,1.0,3.1999999999999993,10.699999999999998,28.5,0.0844431971261077,21,33234.86893511681,22993.463193485342,56228.33212860215,3921.8999999999996
142,941,382,37.974532469015536,13.180658873538789,5.870882040382565,12.591519659936255,38.51647183846971,15.964399574920291,53.57442679675271,25.270988310308184,507.91397975137653,42.0,9.999999999999996,14.600000000000005,46.0,388.0854019232101,30,0.5464599393429356,1.0,3.1999999999999993,10.699999999999998,28.5,0.0304291938911303,22,35734.03505334362,20465.431036359536,56199.46608970316,4525.4
143,970,377,35.13954518655427,13.341237113402062,5.893402061855674,12.628907216494841,38.54072164948454,15.915257731958762,56.70437892856574,25.43505154639175,507.91397975137653,42.0,9.999999999999996,14.660000000000005,46.0,309.3864487566766,30,0.28609948190253764,1.0,3.1999999999999993,10.699999999999998,28.5,0.4480258701011657,22,34085.358830957644,21377.550856069283,55462.90968702693,4745.099999999999
144,972,390,34.60392384480023,13.015432098765432,5.92335390946502,12.650802469135806,38.44753086419753,15.105658436213993,55.71623138207834,25.659465020576132,539.7728724644412,41.0,9.999999999999996,14.660000000000005,46.0,393.4759850600718,30,0.28609948190253764,1.0,3.099999999999999,10.699999999999998,28.5,0.5715204220667405,22,33635.01397714582,21729.330239010553,55364.34421615637,4742.4
145,976,366,34.193381356383846,12.879098360655737,5.892008196721309,12.633586065573766,38.474897540983605,15.293852459016406,60.778790763384734,25.834016393442624,580.7688808515653,41.0,9.999999999999996,14.660000000000005,46.0,539.7728724644412,31,0.2700416190122051,1.0,3.099999999999999,10.639999999999997,28.5,1.1944896216888914,22,33372.74020383063,22245.037419398814,55617.77762322944,4473.2
146,975,368,33.926087800356754,12.845128205128205,5.879794871794872,12.638358974359,38.45538461538462,15.64461538461539,61.18080010619598,25.95897435897436,380.3538779012829,41.0,9.999999999999996,14.660000000000005,46.0,538.7728724644412,31,0.2700416190122051,1.0,3.099999999999999,10.639999999999997,29.0,0.8572002637917128,22,33077.93560534783,22514.534439080122,55592.47004442796,4911.2
147,999,373,34.42935030752025,12.853853853853854,5.85535535535535,12.641841841841853,38.507007007007005,15.905605605605619,60.11694287082718,26.07207207207207,563.9007333726021,41.0,9.999999999999996,14.660000000000005,45.5,387.8136710000374,31,0.28609948190253764,1.0,3.099999999999999,10.639999999999997,29.0,0.2919160718284896,22,34394.92095721273,22423.619690818537,56818.54064803127,4366.0
148,972,369,36.16735741751533,12.83641975308642,5.817386831275718,12.629444444444449,38.56430041152263,15.841769547325118,60.137807456711315,26.17695473251029,607.547901754313,41.0,9.999999999999996,14.660000000000005,45.5,416.99839817976476,31,0.32070242419203937,1.0,3.099999999999999,10.639999999999997,29.0,0.05492522807727451,22,35154.67140982491,22190.850951526474,57345.52236135138,4840.5
149,988,365,36.34102117746028,12.78238866396761,5.808906882591097,12.618967611336043,38.62955465587044,16.1176113360324,58.74869433314635,26.322874493927124,607.547901754313,41.0,9.999999999999996,14.660000000000005,45.5,563.9007333726021,31,0.32070242419203937,1.0,3.099999999999999,10.639999999999997,29.0,0.49006941614991684,22,35904.92892333076,21443.273431598416,57348.20235492918,4767.2
150,988,369,36.07783160980724,12.743927125506072,5.818117408906886,12.631093117408941,38.67611336032389,16.53056680161944,58.6429639065693,26.446356275303643,607.547901754313,41.0,9.999999999999996,14.660000000000005,45.5,562.9007333726021,31,0.32070242419203937,1.0,3.1999999999999993,10.639999999999997,29.0,0.431735154715746,22,35644.897630489555,21639.25368152407,57284.15131201362,4976.7
151,961,428,37.170159962234486,12.808532778355879,5.852029136316326,12.637232049947986,38.70811654526535,16.461498439125915,53.809646958864796,26.664932362122787,607.547901754313,41.0,9.999999999999996,14.660000000000005,44.5,561.9007333726021,31,0.32070242419203937,1.0,3.1999999999999993,10.639999999999997,29.5,0.16406914874256073,22,35720.52372370734,23030.528898394132,58751.05262210147,5015.599999999999
152,941,429,40.673819652424726,12.731137088204038,5.876726886291183,12.63243358129651,38.66524973432519,16.57353878852283,52.780997987412505,26.88204038257173,607.547901754313,41.0,9.899999999999997,14.660000000000005,44.0,386.0487976514908,32,0.32070242419203937,1.0,3.099999999999999,10.639999999999997,29.5,0.5202356864075064,22,38274.06429293167,22643.048136599966,60917.11242953163,4656.799999999999
153,927,425,38.791910569142374,12.950377562028047,5.895253505933114,12.624379719525354,38.635382955771306,16.202049622437965,58.32251531328349,27.071197411003237,607.547901754313,41.0,9.899999999999997,14.660000000000005,44.0,414.17150695519285,32,0.32070242419203937,1.0,3.099999999999999,10.579999999999997,29.5,0.10268534672974416,22,35960.10109759498,24787.06900814548,60747.170105740464,4507.299999999999
154,935,407,40.48330756874845,13.00855614973262,5.887272727272727,12.646502673796808,38.65614973262032,16.090695187165757,55.72500758288817,27.235294117647058,565.5764797955985,42.0,9.899999999999997,14.660000000000005,44.0,607.547901754313,32,0.4639983076809201,1.0,3.099999999999999,10.579999999999997,30.0,0.02696333432585174,22,37851.8925767798,22680.078086235484,60531.97066301528,4586.9
155,937,403,38.70747618291173,12.978655282817503,5.885165421558165,12.652636072572035,38.66702241195304,16.071718249733188,60.80372341825833,27.409818569903948,470.92887314329636,42.0,9.899999999999997,14.660000000000005,44.0,606.547901754313,32,0.4639983076809201,1.0,3.2999999999999994,10.579999999999997,30.0,0.20663160587721396,23,36268.90518338829,24503.900537558107,60772.8057209464,4794.099999999999
156,951,446,38.3665698294177,13.127234490010515,5.882229232386961,12.65017875920085,38.6813880126183,15.63196635120925,58.06784040085959,27.565720294426917,470.92887314329636,42.0,9.799999999999997,14.660000000000005,44.0,605.547901754313,32,0.4639983076809201,1.0,3.1999999999999993,10.579999999999997,30.0,0.14618134430780083,23,36486.60790777623,25898.256818783375,62384.86472655961,4786.8
157,960,425,40.02537416467666,13.39375,5.931770833333333,12.670666666666687,38.68177083333333,15.64645833333334,61.715833863903704,27.76875,470.92887314329636,42.0,9.799999999999997,14.660000000000005,44.0,607.3094423036656,33,0.4639983076809201,1.0,3.1999999999999993,10.579999999999997,30.0,0.2763477017956255,23,38424.359198089594,26229.229392159075,64653.58859024867,4122.599999999999
158,973,387,42.65460735588616,13.420349434737924,5.958170606372051,12.670462487153134,38.64080164439876,15.670503597122316,59.695495032335224,27.96813977389517,512.4830800215154,42.0,9.799999999999997,14.660000000000005,44.0,606.3094423036656,33,0.4639983076809201,1.0,3.1999999999999993,10.579999999999997,29.5,0.39433704049925256,24,41502.93295727723,23102.15657751373,64605.08953479097,4512.299999999999
159,999,362,40.531124617235136,13.235235235235235,5.9634634634634685,12.663963963963985,38.62312312312312,15.852852852852877,65.00910832914239,28.14814814814815,426.90427672247705,41.0,9.799999999999997,14.600000000000005,44.0,605.3094423036656,33,0.5814824370578496,1.0,3.1999999999999993,10.579999999999997,29.5,0.3550216771096695,24,40490.5934926179,23533.297215149545,64023.89070776745,5034.5
160,1008,358,38.691367319574944,13.329365079365079,5.939583333333335,12.677658730158749,38.70287698412698,15.753273809523805,68.51404900294938,28.308531746031747,640.9519059104268,41.0,9.799999999999997,14.600000000000005,44.0,560.5764797955985,33,0.5214263822798477,1.0,3.099999999999999,10.579999999999997,29.5,0.7799948960038581,24,39000.89825813154,24528.029543055876,63528.92780118742,5131.099999999999
161,989,381,39.30846139787665,13.17593528816987,5.948938321536905,12.657128412537904,38.638018200202225,15.580990899898895,62.99498895598677,28.51061678463094,498.91269662669237,41.0,9.799999999999997,14.600000000000005,44.0,559.5764797955985,33,0.5214263822798477,1.0,3.099999999999999,10.579999999999997,29.5,0.07619120854744743,25,38876.0683225,24001.09079223096,62877.15911473097,5369.4
162,991,365,39.25591650391109,13.279515640766903,5.956104944500503,12.656488395560057,38.58476286579213,15.881533804238144,63.87913185822628,28.679112008072654,563.7261268477033,42.0,9.799999999999997,14.600000000000005,44.5,558.5764797955985,34,0.5214263822798477,1.0,3.099999999999999,10.579999999999997,29.5,0.16296487411569927,25,38902.61325537589,23315.883128252593,62218.49638362848,4909.5
163,969,378,40.37231181840944,12.980392156862745,5.923839009287924,12.640309597523213,38.63415892672859,15.998555211558317,60.79241675798295,28.855521155830754,625.0113804746256,42.0,9.799999999999997,14.600000000000005,44.5,557.5764797955985,34,0.5214263822798477,1.0,3.099999999999999,10.579999999999997,29.5,0.3878111360382799,25,39120.77015203875,22979.533534517555,62100.303686556304,5438.4
164,981,375,39.95354050276,12.902140672782874,5.944648318042817,12.64960244648319,38.5677879714577,16.06156982670743,59.85452911373535,28.974515800203875,501.04580805821706,42.0,9.899999999999997,14.660000000000005,44.5,625.0113804746256,34,0.5214263822798477,1.0,3.099999999999999,10.579999999999997,29.0,0.21816983887181074,25,39194.42323320756,22445.448417650758,61639.87165085832,4873.599999999999
165,972,380,38.64964560166177,13.07716049382716,5.995164609053496,12.669012345679015,38.47530864197531,15.739506172839503,62.52262499702369,29.147119341563787,637.3235746680466,42.0,9.899999999999997,14.660000000000005,44.5,555.5764797955985,34,0.5214263822798477,1.0,3.099999999999999,10.579999999999997,29.0,0.2863198162878047,25,37567.45552481524,23758.597498869003,61326.053023684246,5018.9
166,953,408,40.23807279824303,13.091290661070305,5.955299055613848,12.67769150052465,38.53672612801679,15.604721930745013,60.12298981294039,29.320041972717732,637.3235746680466,41.0,9.899999999999997,14.660000000000005,44.5,554.5764797955985,34,0.7784623479536606,1.0,2.999999999999999,10.639999999999997,29.0,0.16296487411569927,25,38346.88337672561,24530.179843679678,62877.06322040528,4806.8
167,987,400,40.98693604607535,13.10435663627153,5.929787234042558,12.708105369807482,38.62310030395137,15.514488348530906,59.99728993496461,29.463019250253293,640.9595653611827,41.0,9.899999999999997,14.660000000000005,44.5,429.19497123416784,35,0.39065033455277004,1.0,2.999999999999999,10.639999999999997,29.5,0.6131685952631774,25,40454.10587747637,23998.915973985844,64453.02185146222,4190.599999999999
168,968,385,42.05957309345068,12.890495867768594,5.915702479338846,12.693078512396694,38.648243801652896,15.733264462809927,62.49450469863865,29.60330578512397,640.9595653611827,41.0,9.799999999999997,14.660000000000005,44.5,498.91269662669237,35,0.28894863039031854,1.0,2.999999999999999,10.639999999999997,29.5,0.12058944742305178,25,40713.66675446026,24060.38430897588,64774.05106343614,4694.599999999999
169,986,394,40.073773953153925,12.439148073022313,5.863184584178501,12.654077079107502,38.64198782961461,16.254259634888427,62.70686161942569,29.800202839756594,501.18640849715865,41.0,9.799999999999997,14.660000000000005,44.5,640.9595653611827,35,0.28894863039031854,1.0,2.999999999999999,10.639999999999997,29.5,0.15803152346237237,25,39512.74111780977,24706.50347805372,64219.24459586349,5310.2
170,960,385,41.373228385467755,12.182291666666666,5.842395833333333,12.618708333333323,38.65677083333333,16.708958333333335,62.82502713117686,29.944791666666667,651.1492548798674,41.0,9.799999999999997,14.660000000000005,44.5,430.9443943022053,35,0.28894863039031854,1.0,2.899999999999999,10.639999999999997,29.5,0.25701912607443106,25,39718.29925004904,24187.635445503092,63905.93469555213,5174.0
171,961,399,40.46142991114516,12.34859521331946,5.852965660770034,12.62597294484912,38.663891779396465,16.226847034339233,60.958398572554735,30.116545265348595,501.18640849715865,41.0,9.799999999999997,14.660000000000005,44.5,429.9443943022053,36,0.28894863039031854,1.0,2.899999999999999,10.579999999999997,29.0,0.7143462578532364,26,38883.434144610495,24322.40103044934,63205.83517505984,4959.4
172,965,375,41.00376567684302,12.511917098445595,5.878134715025914,12.62292227979273,38.65492227979274,16.464766839378232,62.66851675738955,30.271502590673574,476.69778110434606,41.0,9.799999999999997,14.720000000000006,44.5,501.18640849715865,36,0.28894863039031854,1.0,2.899999999999999,10.579999999999997,29.0,0.4326935848267124,26,39568.63387815351,23500.69378402108,63069.32766217459,4674.7
173,924,405,40.26752947493186,12.584415584415584,5.897294372294357,12.63863636363637,38.59199134199134,16.17445887445888,64.2059234184846,30.454545454545453,557.0673975652971,41.0,9.899999999999997,14.720000000000006,44.5,500.18640849715865,36,0.28894863039031854,1.0,2.899999999999999,10.579999999999997,29.0,0.2750908320297978,26,37207.19723483704,26003.398984486266,63210.596219323306,5135.9
174,933,404,39.473130546082224,12.584137191854234,5.905894962486604,12.637856377277618,38.57449088960343,16.26966773847803,64.0125560105383,30.665594855305468,551.7156655333735,41.0,9.899999999999997,14.720000000000006,44.5,557.0673975652971,35,0.28894863039031854,1.0,3.099999999999999,10.579999999999997,29.0,0.0332143647797456,26,36828.430799494716,25861.072628257472,62689.50342775219,4738.4
175,930,436,40.02486962000243,12.48494623655914,5.886881720430104,12.625483870967747,38.659139784946234,15.661075268817195,61.66438619164259,30.86236559139785,566.9519744574678,41.0,9.799999999999997,14.720000000000006,44.5,498.18640849715865,35,0.5140382521488621,1.0,3.099999999999999,10.579999999999997,29.0,0.1105569732873839,26,37223.128746602255,26885.67237955617,64108.801126158425,4517.2
176,966,397,40.24748909856588,12.476190476190476,5.896480331262933,12.626169772256715,38.684265010351965,15.807867494824018,62.42304187167382,31.045548654244307,448.33106960590777,41.0,9.799999999999997,14.720000000000006,44.5,497.18640849715865,35,0.37917857933134846,1.0,3.099999999999999,10.579999999999997,29.0,0.18608217336093125,26,38879.07446921464,24781.947623054504,63661.022092269144,4171.099999999999
177,958,384,40.00714574992636,12.32776617954071,5.868475991649274,12.630083507306887,38.76983298538622,16.109185803757825,64.87743207869028,31.195198329853863,405.20411621889224,41.0,9.799999999999997,14.720000000000006,44.5,571.0896105616296,35,0.37917857933134846,1.0,3.099999999999999,10.579999999999997,29.0,0.1704755208390476,26,38326.84562842945,24912.933918217066,63239.77954664652,5185.299999999999
178,952,395,40.654298257870366,12.214285714285714,5.834138655462189,12.625084033613422,38.8061974789916,16.250210084033593,60.152935278308455,31.303571428571427,587.9813539151174,41.0,9.799999999999997,14.720000000000006,44.5,495.18640849715865,36,0.3166890622591877,1.0,3.1999999999999993,10.579999999999997,30.0,0.5140382521488621,26,38702.89194149259,23760.40943493184,62463.30137642443,5226.2
179,941,424,38.17959283226289,12.541976620616365,5.846439957492035,12.625547290116899,38.78586609989373,15.945483528161525,61.11072854869102,31.548352816153027,587.9813539151174,42.0,9.799999999999997,14.660000000000005,44.5,494.18640849715865,37,0.3166890622591877,1.0,3.1999999999999993,10.579999999999997,30.0,0.3747710496218067,27,35926.99685515938,25910.948904644993,61837.94575980437,5354.299999999999
180,941,417,39.99995878051529,12.597236981934113,5.8863974495217875,12.630414452709884,38.781083953241236,16.278639744952187,57.6331654560139,31.766206163655685,587.9813539151174,42.0,9.699999999999998,14.660000000000005,44.5,493.18640849715865,37,0.37917857933134846,1.0,3.3999999999999995,10.579999999999997,30.0,0.07836046154752863,27,37639.96121246489,24033.029995157794,61672.99120762269,5063.799999999999
181,933,457,37.33049270257547,12.220793140407288,5.810825294748123,12.591747052518757,38.839764201500536,15.982958199356897,62.75474164629459,31.89924973204716,504.6679655631629,42.0,9.699999999999998,14.720000000000006,45.0,587.9813539151174,37,0.2559694072737434,1.0,3.3999999999999995,10.579999999999997,30.0,0.1975200779114079,27,34829.34969150291,28678.916932356628,63508.26662385954,4939.4
182,942,463,39.37583902751153,12.102972399150744,5.789915074309977,12.597388535031842,38.89437367303609,15.952866242038207,61.971665915397566,32.08386411889597,647.4734923043246,42.0,9.699999999999998,14.720000000000006,45.0,586.9813539151174,37,0.2559694072737434,1.0,3.499999999999999,10.579999999999997,30.0,0.07525625330024677,27,37092.04036391586,28692.881318829073,65784.92168274493,4491.599999999999
183,950,423,42.30538470564981,12.345263157894736,5.807894736842104,12.621094736842107,38.87157894736842,15.8418947368421,61.02192180540827,32.23684210526316,647.4734923043246,42.0,9.699999999999998,14.720000000000006,45.5,585.9813539151174,37,0.2559694072737434,1.0,3.499999999999999,10.579999999999997,30.0,0.583909016961198,27,40190.11547036732,25812.2729236877,66002.38839405501,4466.099999999999
184,958,415,42.20243850256721,12.64509394572025,5.861064718162838,12.66682672233818,38.81471816283925,15.466388308977033,60.529854769631115,32.4321503131524,425.7126431939372,40.0,9.699999999999998,14.720000000000006,45.5,647.4734923043246,37,0.34431395434804124,1.0,3.499999999999999,10.699999999999998,30.0,0.6886279086960825,27,40429.93608545939,25119.889729396913,65549.8258148563,4630.799999999999
185,970,391,42.92945759877985,12.9,5.896082474226807,12.69364948453608,38.88969072164949,15.482474226804113,60.358232626493844,32.644329896907216,703.02529179279,40.0,9.799999999999997,14.720000000000006,45.5,646.4734923043246,37,0.2538727319274538,1.0,3.399999999999999,10.699999999999998,30.0,0.8969524234450361,27,41641.57387081645,23600.068956959094,65241.64282777555,4776.4
186,982,390,38.7990775489908,13.20366598778004,5.90101832993889,12.704826883910401,38.97046843177189,15.071181262729114,69.15239960722003,32.78513238289206,518.2748353840641,40.0,9.799999999999997,14.720000000000006,45.5,703.02529179279,38,0.3651808497565483,1.0,3.299999999999999,10.699999999999998,30.0,0.04910320376531496,28,38100.69415310897,26969.435846815813,65070.129999924786,4628.099999999999
187,1007,366,37.863802435359894,13.197616683217477,5.9219463753723875,12.697497517378364,38.88232373386296,15.27765640516385,72.87738280039694,32.93545183714002,518.2748353840641,40.0,9.799999999999997,14.720000000000006,45.0,702.02529179279,38,0.4207231418309399,1.0,3.299999999999999,10.639999999999997,30.0,0.02455160188265748,28,38128.849052407415,26673.122104945283,64801.9711573527,4563.799999999999
188,1032,342,37.753971769813774,13.338178294573643,5.958430232558135,12.709767441860464,38.92005813953488,15.636046511627896,74.10506567058404,33.10174418604651,518.2748353840641,40.0,9.799999999999997,14.720000000000006,45.0,701.02529179279,38,0.46770305227307507,1.0,3.299999999999999,10.639999999999997,30.0,0.15502162892401383,28,38962.09886644781,25343.93245933974,64306.03132578755,4854.5
189,1030,343,40.25194382557572,13.217475728155339,5.918834951456309,12.70250485436894,39.01407766990291,16.42281553398057,66.06963637367832,33.25048543689321,707.4655379101445,40.0,9.799999999999997,14.600000000000005,45.5,316.24471211305547,38,0.2964111407506039,1.0,3.299999999999999,10.639999999999997,30.0,0.10574187488789022,28,41459.50214034299,22661.885276171663,64121.387416514655,5357.5
190,1000,379,39.279624601146786,12.917,5.858399999999999,12.643419999999997,39.039,16.567400000000013,64.08640453838734,33.423,753.2990702232163,41.0,9.799999999999997,14.600000000000005,45.5,372.0215125649207,39,0.2964111407506039,1.0,3.299999999999999,10.639999999999997,30.0,0.7450904248782741,28,39279.62460114679,24288.747320048802,63568.37192119559,6075.4
191,974,411,41.36084783608305,12.722792607802875,5.8572895277207415,12.615277207392174,39.02772073921971,16.920636550308,61.21263551394762,33.59958932238193,753.2990702232163,41.0,9.799999999999997,14.600000000000005,45.5,518.2748353840641,39,0.2964111407506039,1.0,3.299999999999999,10.639999999999997,30.0,0.4038314511399044,29,40285.46579234489,25158.39319623247,65443.85898857736,5058.599999999999
192,920,434,41.891787821620724,12.5,5.832173913043475,12.586869565217414,39.04945652173913,17.13086956521739,63.02755323582004,33.75217391304348,753.2990702232163,41.0,9.799999999999997,14.600000000000005,45.5,707.4655379101445,39,0.2964111407506039,1.0,3.299999999999999,10.639999999999997,30.0,0.10574187488789022,29,38540.44479589107,27353.958104345897,65894.40290023696,5427.099999999999
193,914,479,39.752516468859895,12.763676148796499,5.81126914660832,12.609212253829321,39.07768052516411,16.642013129102867,64.76512047115715,33.90262582056893,753.2990702232163,41.0,9.599999999999998,14.600000000000005,45.5,706.4655379101445,39,0.2964111407506039,1.0,3.299999999999999,10.639999999999997,30.0,0.31618156010299425,29,36333.80005253795,31022.492705684275,67356.29275822222,4786.5
194,928,488,42.166511013113634,12.939655172413794,5.845581896551723,12.619892241379322,39.069504310344826,16.27068965517242,62.21829695582942,34.11745689655172,716.7642373399578,41.0,9.699999999999998,14.660000000000005,46.0,753.2990702232163,39,0.2964111407506039,1.0,3.299999999999999,10.639999999999997,30.0,0.15410448950863564,29,39130.522220169456,30362.52891444476,69493.05113461422,3887.2999999999997
195,917,469,46.526803876448355,13.202835332606325,5.883969465648846,12.644820065430755,39.02835332606325,15.97644492911667,57.633040898585556,34.25736095965104,716.7642373399578,41.0,9.699999999999998,14.660000000000005,46.0,752.2990702232163,39,0.2964111407506039,1.0,3.299999999999999,10.639999999999997,30.0,0.2352552215772845,29,42665.07915470314,27029.896181436627,69694.97533613976,4368.7
196,914,453,45.55388134585554,13.049234135667396,5.8719912472647655,12.646739606126902,39.10995623632385,15.74671772428884,62.03031221993647,34.41903719912472,716.7642373399578,41.0,9.699999999999998,14.660000000000005,46.0,751.2990702232163,39,0.2964111407506039,1.0,3.299999999999999,10.639999999999997,33.5,0.1759537406917886,29,41636.24755011196,28099.73143563122,69735.97898574319,4594.6
197,921,480,45.0158214582504,13.036916395222583,5.8767643865363794,12.647361563517917,39.13355048859935,15.781324647122691,63.4178181075997,34.614549402823016,716.7642373399578,41.0,9.699999999999998,14.600000000000005,46.0,750.2990702232163,40,0.2964111407506039,1.0,3.299999999999999,10.579999999999997,33.0,0.3683420566109925,30,41459.571563048616,30440.552691647856,71900.12425469648,4531.7
198,924,427,45.86015270008671,12.765151515151516,5.834199134199133,12.62971861471863,39.17045454545455,16.42164502164502,68.84383425524649,34.782467532467535,716.7642373399578,41.0,9.699999999999998,14.600000000000005,46.0,749.2990702232163,40,0.2964111407506039,1.0,3.299999999999999,10.579999999999997,33.0,0.45849537778864624,30,42374.78109488012,29396.317226990253,71771.09832187038,4797.4
199,954,429,44.26794517520943,13.020964360587001,5.863417190775683,12.628406708595394,39.23689727463312,16.71268343815512,69.00886678726773,34.95283018867924,716.7642373399578,41.0,9.699999999999998,14.600000000000005,46.5,748.2990702232163,40,0.33436713467585416,1.0,3.299999999999999,10.579999999999997,33.0,0.09858446854293312,30,42231.61969714979,29604.80385173786,71836.42354888766,4926.0
200,935,476,42.71016221680774,13.241711229946524,5.870160427807476,12.638481283422472,39.33208556149733,16.523315508021394,70.53231040684832,35.1572192513369,468.4382372140715,41.0,9.699999999999998,14.540000000000004,46.5,747.2990702232163,40,0.33436713467585416,1.0,3.299999999999999,10.579999999999997,33.0,0.2511619595069243,30,39934.00167271523,33573.3797536598,73507.38142637504,4763.099999999999
201,895,474,48.211826659363616,13.309497206703911,5.858770949720666,12.633564245810073,39.33016759776536,16.567150837988855,69.46217579201824,35.28268156424581,494.6737524043675,41.0,9.699999999999998,14.540000000000004,46.5,746.2990702232163,40,0.33436713467585416,1.0,3.299999999999999,10.579999999999997,33.5,0.1762543103073253,30,43149.58486013044,32925.07132541665,76074.6561855471,4499.2
202,924,500,46.16276552499438,13.057359307359308,5.883441558441555,12.648874458874463,39.33495670995671,15.85010822510824,70.37807647637004,35.527056277056275,679.4997360266336,41.0,9.699999999999998,14.540000000000004,46.5,745.2990702232163,41,0.33436713467585416,1.0,3.299999999999999,10.579999999999997,33.5,0.14545582684210867,31,42654.3953450948,35189.03823818502,77843.43358327982,3996.2
203,937,441,50.09818011630165,13.456776947705443,5.923906083244406,12.690907150480262,39.396478121664884,16.067769477054437,70.91445457443751,35.70651013874066,818.4854997715919,41.0,9.699999999999998,14.540000000000004,46.5,559.2769123076915,42,0.33436713467585416,1.0,3.299999999999999,10.519999999999996,33.5,0.32569372268925534,31,46941.99476897465,31273.274467326944,78215.2692363016,3759.2999999999997
204,956,436,50.06536619498194,13.509414225941423,5.917259414225946,12.686966527196663,39.35303347280335,15.786506276150634,67.42299786571105,35.87133891213389,853.9211398759287,41.0,9.599999999999998,14.540000000000004,47.0,496.49751337224745,42,0.5215466992399037,1.0,3.299999999999999,10.519999999999996,33.5,0.03255761241005439,31,47862.490082402735,29396.42706945002,77258.91715185276,4739.2
205,966,423,49.023432649102254,13.613871635610765,5.939233954451338,12.662484472049703,39.38354037267081,15.772981366459616,69.00491082458079,36.02173913043478,861.4177220552474,42.0,9.699999999999998,14.540000000000004,47.0,543.3250901595742,42,0.5215466992399037,1.0,3.299999999999999,10.519999999999996,33.5,0.0672407146300058,31,47356.63593903278,29189.077278797675,76545.71321783046,4626.599999999999
206,974,418,48.64725569674459,13.813141683778234,5.938911704312108,12.657371663244353,39.30492813141684,15.824640657084206,68.78648825092435,36.22073921971253,861.4177220552474,42.0,9.699999999999998,14.540000000000004,47.0,679.4997360266336,42,0.5215466992399037,1.0,3.399999999999999,10.519999999999996,33.5,0.24380020906933098,31,47382.42704862923,28752.752088886376,76135.1791375156,5004.099999999999
207,955,446,49.984224557388124,13.848167539267015,5.925549738219894,12.650659685863877,39.27015706806283,15.789109947643986,66.91252952476499,36.391623036649214,861.4177220552474,42.0,9.699999999999998,14.540000000000004,47.0,678.4997360266336,42,0.4053185624466232,1.0,3.4999999999999996,10.519999999999996,33.5,0.27818872378473314,31,47734.93445230566,29842.988168045184,77577.92262035084,4973.599999999999
208,966,467,49.89950668107344,13.687370600414079,5.8919254658385105,12.625445134575557,39.27173913043478,16.132401656314702,66.39483527555738,36.54347826086956,861.4177220552474,42.0,9.699999999999998,14.540000000000004,47.0,540.3250901595742,42,0.4053185624466232,1.0,3.4999999999999996,10.519999999999996,33.5,0.06782540156308281,31,48202.92345391694,31006.3880736853,79209.31152760224,4931.3
209,953,467,53.03583299679052,13.85729275970619,5.923084994753413,12.653620146904519,39.302203567681005,16.947114375655833,65.18836446324053,36.674711437565584,861.4177220552474,41.0,9.799999999999997,14.540000000000004,47.0,452.4881661692823,42,0.4053185624466232,1.0,3.4999999999999996,10.519999999999996,33.0,0.5409116536842171,31,50543.14884594137,30442.966204333326,80986.11505027469,4988.5
210,920,486,54.651454458461906,13.7,5.898586956521741,12.63789130434782,39.32826086956522,17.312934782608675,68.23337162072337,36.857608695652175,665.8372269734992,41.0,9.799999999999997,14.540000000000004,47.0,861.4177220552474,42,0.4053185624466232,1.0,3.4999999999999996,10.519999999999996,33.0,0.22362985104115873,31,50279.33810178495,33161.41860767156,83440.75670945652,5212.099999999999
211,927,495,54.92724201688421,13.728155339805825,5.862675296655879,12.593635382955787,39.32847896440129,16.737108953613784,71.04526762013259,36.99029126213592,665.8372269734992,41.0,9.799999999999997,14.540000000000004,47.0,860.4177220552474,42,0.32052839857018095,1.0,3.4999999999999996,10.519999999999996,33.0,0.002195132591233717,31,50917.55334965166,35167.407471965635,86084.9608216173,4256.599999999999
212,928,437,55.186199114894286,13.62823275862069,5.840517241379308,12.565646551724148,39.38577586206897,16.719827586206883,80.84160158327236,37.1551724137931,759.1936622197899,42.0,9.799999999999997,14.540000000000004,46.5,859.4177220552474,43,0.32052839857018095,1.0,3.4999999999999996,10.519999999999996,32.5,0.6410567971403619,32,51212.7927786219,35327.77989189002,86540.57267051193,4162.2
213,946,458,50.09517112978792,13.890063424947146,5.877484143763212,12.614164904862585,39.47621564482029,15.985623678646935,83.8761513733338,37.37737843551797,875.9258027253003,42.0,9.799999999999997,14.540000000000004,46.5,664.8372269734992,43,0.32052839857018095,1.0,3.499999999999999,10.519999999999996,32.5,0.520590782223092,32,47390.03188877938,38415.27732898688,85805.30921776625,4642.299999999999
214,960,417,52.948395019330036,13.98125,5.906666666666667,12.643458333333339,39.526041666666664,16.445624999999982,84.13122654824993,37.577083333333334,875.9258027253003,42.0,9.799999999999997,14.540000000000004,46.5,759.1936622197899,43,0.32052839857018095,1.0,3.499999999999999,10.519999999999996,33.0,0.016539040317907094,32,50830.45921855683,35082.72147062022,85913.18068917705,4344.2
215,953,437,50.36591687313508,14.180482686253935,5.958656873032528,12.65005246589716,39.528331584470095,16.091290661070296,86.05739983644116,37.75865687303253,603.4096591808799,42.0,9.799999999999997,14.540000000000004,46.5,875.9258027253003,44,0.4008714177003032,1.0,3.499999999999999,10.519999999999996,33.5,0.1705743641569275,32,47998.718780097726,37607.08372852479,85605.80250862252,5007.799999999999
216,967,455,52.20376636028205,14.326783867631852,6.020475698035156,12.668190279214071,39.42502585315408,15.635056876938975,80.61872797580939,37.93898655635988,886.984152350512,42.0,9.799999999999997,14.540000000000004,46.0,661.8372269734992,44,0.28653148324634936,1.0,3.499999999999999,10.519999999999996,33.0,0.9507964061165579,33,50481.042070392745,36681.521228993275,87162.56329938602,4385.4
217,973,408,55.73354837641554,14.289825282631037,5.9995889003083205,12.646166495375128,39.43679342240493,15.94871531346353,81.06725194342927,38.082219938335044,886.984152350512,42.0,9.699999999999998,14.540000000000004,46.5,660.8372269734992,44,0.28653148324634936,1.0,3.499999999999999,10.519999999999996,33.0,0.008269520158953547,33,54228.742570252325,33075.43879291914,87304.18136317146,4447.099999999999
218,986,418,51.332329596414574,14.143002028397566,5.989756592292089,12.655983772819475,39.48580121703854,16.442596348884376,85.61471036391865,38.29918864097363,877.0238596858002,42.0,9.799999999999997,14.540000000000004,46.5,886.984152350512,44,0.3805485541680232,1.0,3.499999999999999,10.519999999999996,33.0,0.43628464169906,33,50613.67698206477,35786.94893211799,86400.62591418276,5614.9
219,972,449,51.46974900617327,14.139917695473251,5.961522633744857,12.617407407407399,39.556069958847736,16.815740740740722,85.4762679241621,38.47942386831276,665.48061375381,42.0,9.799999999999997,14.540000000000004,46.5,885.984152350512,44,0.3805485541680232,1.0,3.499999999999999,10.519999999999996,33.0,0.7381648203058279,33,50028.59603400042,38378.84429794878,88407.4403319492,5224.2
220,952,482,52.76400764151108,14.178571428571429,5.939495798319327,12.623760504201693,39.56670168067227,17.64642857142857,83.49568093761124,38.614495798319325,665.48061375381,42.0,9.499999999999998,14.540000000000004,46.5,884.984152350512,44,0.3805485541680232,1.0,3.499999999999999,10.519999999999996,33.5,0.21307244997113894,33,50231.33527471855,40244.91821192862,90476.25348664717,5438.3
221,910,496,57.343852004683,14.55934065934066,5.942087912087907,12.629450549450539,39.70164835164835,18.131428571428557,82.77964124673296,38.746153846153845,665.48061375381,42.0,9.499999999999998,14.540000000000004,47.0,883.984152350512,44,0.5476069194294015,1.0,3.399999999999999,10.519999999999996,33.5,0.40347045775390433,34,52182.905324261534,41058.70205837955,93241.60738264109,5277.3
222,876,503,60.11091120931475,14.538812785388128,5.93196347031964,12.60936073059359,39.64269406392694,18.312214611872168,79.66540462818094,38.85730593607306,665.48061375381,41.0,9.599999999999998,14.540000000000004,47.0,882.984152350512,44,0.5554597795436085,1.0,3.399999999999999,10.519999999999996,33.5,0.05645795260288722,34,52657.15821935972,40071.69852797501,92728.85674733474,5216.799999999999
223,888,544,60.860959621290675,14.44481981981982,5.931869369369363,12.57867117117117,39.570945945945944,17.19369369369369,74.93920497579734,39.056306306306304,951.3660683647411,41.0,9.599999999999998,14.600000000000005,47.0,665.48061375381,44,0.5554597795436085,1.0,3.399999999999999,10.519999999999996,33.5,0.36781949126463276,34,54044.53214370612,40766.92750683375,94811.45965053988,4135.799999999999
224,864,477,63.2901115228551,14.424768518518519,5.944907407407405,12.58125,39.576967592592595,16.49270833333334,83.89328553600149,39.26851851851852,951.3660683647411,42.0,9.599999999999998,14.600000000000005,47.0,664.48061375381,44,0.5554597795436085,1.0,3.399999999999999,10.519999999999996,33.5,0.6491680392377401,34,54682.6563557468,40017.09720067271,94699.75355641951,3759.9999999999995
225,952,501,56.807350895272705,14.745798319327731,5.965966386554619,12.597247899159669,39.55357142857143,15.02563025210083,83.47765116998661,39.5063025210084,951.3660683647411,42.0,9.599999999999998,14.600000000000005,47.0,735.0933337228003,45,0.5554597795436085,1.0,3.399999999999999,10.459999999999996,33.0,0.11908241015291399,35,54080.59805229962,41822.303236163294,95902.90128846292,3409.8999999999996
226,932,404,63.82388040355064,14.982832618025752,5.991952789699574,12.585665236051524,39.612660944206006,15.88991416309012,90.51511288527368,39.65557939914163,951.3660683647411,42.0,9.599999999999998,14.600000000000005,47.0,734.0933337228003,46,0.31393320859960844,1.0,3.399999999999999,10.459999999999996,32.5,0.7550511944661746,35,59483.8565361092,36568.10560565057,96051.96214175977,4257.0
227,947,443,56.494105379409994,14.837381203801478,5.970221752903913,12.57964097148891,39.66948257655755,15.804963041182699,92.89395727313094,39.86272439281943,712.4189335275237,41.0,9.599999999999998,14.600000000000005,47.0,951.3660683647411,46,0.27095006432870383,1.0,3.299999999999999,10.459999999999996,32.5,0.25372135330856094,35,53499.91779430126,41152.023071997006,94651.94086629828,5678.3
228,970,452,59.139585671070606,14.769072164948454,5.974536082474231,12.59645360824743,39.70360824742268,15.881030927835056,86.69128695463537,40.07113402061856,952.9987512100732,41.0,9.699999999999998,14.600000000000005,46.5,933.6307610926356,46,0.27095006432870383,1.0,3.299999999999999,10.459999999999996,32.5,0.31393320859960844,35,57365.39810093849,39184.46170349519,96549.85980443368,4322.4
229,958,425,59.385469765393374,14.747390396659707,5.9821503131524,12.61417536534447,39.8027139874739,16.02306889352819,91.86743108910125,40.241127348643005,808.5625045796643,41.0,9.699999999999998,14.600000000000005,46.5,952.9987512100732,47,0.27095006432870383,1.0,3.299999999999999,10.459999999999996,32.5,0.06981035034546323,35,56891.280035246855,39043.65821286803,95934.9382481149,4831.3
230,983,437,57.56217324250109,14.664292980671414,5.9372329603255265,12.591617497456767,39.82146490335707,15.814649033570692,92.12265177048769,40.38351983723296,780.8882056387112,41.0,9.699999999999998,14.540000000000004,46.5,951.9987512100732,47,0.3388538039049059,1.0,3.199999999999999,10.459999999999996,32.5,0.05954120507645699,35,56583.61629737857,40257.59882370312,96841.21512108168,4539.1
231,1004,363,60.551473716250406,14.562749003984063,5.925896414342629,12.592749003984048,39.84661354581673,16.481474103585672,98.31885377784207,40.54681274900398,947.1578591254909,41.0,9.699999999999998,14.600000000000005,46.5,950.9987512100732,47,0.3388538039049059,1.0,3.199999999999999,10.459999999999996,33.0,0.5419001286574077,36,60793.67961111541,35689.74392135667,96483.42353247208,4330.7
232,1013,361,58.99081630674435,14.388943731490622,5.93060217176703,12.618341559723605,39.80454096742349,16.249555774925977,99.04286768336458,40.6969397828233,947.1578591254909,41.0,9.599999999999998,14.600000000000005,46.5,949.9987512100732,47,0.3388538039049059,1.0,3.199999999999999,10.459999999999996,33.0,0.1947198164020323,36,59757.69691873203,35754.47523369461,95512.17215242665,5057.4
233,1016,349,59.02695173528126,14.21259842519685,5.917618110236223,12.599251968503921,39.84251968503937,16.068110236220473,99.6321436622768,40.898622047244096,951.1104916904806,41.0,9.599999999999998,14.600000000000005,46.5,750.1598615050927,47,0.3388538039049059,1.0,3.199999999999999,10.459999999999996,33.0,0.7528605434878066,36,59971.38296304576,34771.6181381346,94743.00110118036,4716.099999999999
234,1026,352,55.78909526967502,14.495126705653021,5.955750487329433,12.610350877193001,39.817738791423004,15.869005847953213,102.11649571343423,41.10331384015595,951.1104916904806,41.0,9.599999999999998,14.600000000000005,46.5,749.1598615050927,47,0.3388538039049059,1.0,3.399999999999999,10.399999999999995,33.0,0.7659277728350169,36,57239.611746686576,35945.00649112885,93184.61823781542,4960.7
235,1026,338,57.47370468695,14.487329434697855,5.946393762183234,12.607855750487332,39.81335282651072,15.70877192982456,98.94297791885101,41.267056530214425,1193.045497787958,41.0,9.599999999999998,14.600000000000005,46.5,653.48061375381,47,0.29196250934861107,1.0,3.399999999999999,10.399999999999995,33.0,0.27109128559256135,36,58968.0210088107,33442.726536571645,92410.74754538234,4793.099999999999
236,1043,342,54.29929160636983,14.581975071907959,5.932118887823584,12.60736337488014,39.86720997123682,15.89904122722914,100.14964975533148,41.43048897411313,1193.045497787958,41.0,9.599999999999998,14.600000000000005,46.5,657.1496173513111,47,0.494946918989478,1.0,3.399999999999999,10.399999999999995,33.0,0.016585355666514534,36,56634.16114544373,34251.180216323366,90885.34136176709,5248.2
237,1027,348,54.197649833414125,14.430379746835444,5.913437195715674,12.587478091528709,39.87439143135346,16.862901655306704,99.27491175834727,41.61538461538461,748.9985055178562,41.0,9.399999999999999,14.540000000000004,46.5,1193.045497787958,47,0.494946918989478,1.0,3.399999999999999,10.339999999999995,33.0,0.5608280061816647,36,55660.98637891631,34547.66929190485,90208.65567082116,5942.4
238,1015,357,52.75793594576635,14.048275862068966,5.8853201970443285,12.561438423645312,39.889162561576356,17.49990147783249,100.79858463677257,41.72512315270936,748.9985055178562,41.0,9.399999999999999,14.540000000000004,46.5,1192.045497787958,47,0.5630058986195142,1.0,3.399999999999999,10.339999999999995,33.0,0.19128732664993642,36,53549.30498495285,35985.09471532781,89534.39970028066,5904.099999999999
239,965,394,51.5227989904872,13.89740932642487,5.880414507772017,12.572124352331608,39.92538860103627,17.702176165803092,100.0960047827836,41.876683937823834,725.116490246151,41.0,9.399999999999999,14.540000000000004,46.5,1191.045497787958,47,0.7070489706244583,1.0,3.399999999999999,10.339999999999995,33.0,0.5684495366053695,37,49719.50102582015,39437.825884416736,89157.32691023688,5758.599999999999
240,947,458,52.29550163375989,13.671594508975712,5.888278775079196,12.581583949313618,39.961985216473074,17.310876451953547,90.21065665011913,42.054910242872225,786.7522522955026,41.0,8.9,14.600000000000005,46.5,1190.045497787958,48,0.5578456694491359,1.0,3.399999999999999,10.339999999999995,33.0,0.6759425364286691,37,49523.84004717062,41316.48074575456,90840.32079292518,5001.2
241,928,459,55.88230345900913,13.609913793103448,5.90657327586207,12.565301724137939,39.984375,16.943318965517232,90.37819726513838,42.261853448275865,679.2828306588058,41.0,8.9,14.600000000000005,46.5,1189.045497787958,48,0.507067990465861,1.0,3.399999999999999,10.339999999999995,33.0,1.0,37,51858.777609960474,41483.59254469852,93342.370154659,4331.9
242,918,451,54.42906715323376,13.504357298474945,5.912200435729842,12.545620915032698,39.99128540305011,17.007843137254888,95.28679132853739,42.43355119825708,886.6712883234377,41.0,8.9,14.600000000000005,46.0,1188.045497787958,48,0.27892283472456797,1.0,3.399999999999999,10.339999999999995,33.0,0.17917325489082292,37,49965.88364666859,42974.342889170366,92940.22653583896,4838.5
243,904,492,51.59427615432556,13.682522123893806,5.9408185840708025,12.595331858407059,40.027654867256636,16.531858407079632,98.34126624174453,42.58517699115044,781.731055061741,41.0,8.9,14.600000000000005,46.0,1187.045497787958,48,0.27892283472456797,1.0,3.399999999999999,10.339999999999995,33.0,0.1546627008738377,37,46641.22564351031,48383.90299093831,95025.12863444863,4460.0
244,918,444,59.238727628009244,13.663398692810457,5.924618736383443,12.592113289760338,40.04956427015251,16.941394335511987,91.22749144888671,42.67755991285403,1268.7086159764945,41.0,8.9,14.600000000000005,46.0,885.6712883234377,48,0.27892283472456797,1.0,3.399999999999999,10.339999999999995,33.0,0.8828509911863529,37,54381.151962512486,40505.0062033057,94886.15816581818,4408.2
245,923,443,57.1953324858162,13.517876489707476,5.906500541711811,12.581971830985925,40.026002166847235,17.37334777898159,94.3334516361172,42.83206933911159,1268.7086159764945,41.0,9.0,14.600000000000005,46.0,782.7522522955026,48,0.27892283472456797,1.0,3.399999999999999,10.339999999999995,33.0,0.2279985523679131,38,52791.291884408354,41789.71907479992,94581.01095920827,5201.5
246,920,495,56.219763437722584,13.725,5.928804347826082,12.575239130434756,40.05054347826087,17.066847826086956,89.6681155791594,43.08695652173913,797.2880711088715,41.0,9.0,14.600000000000005,45.0,1268.7086159764945,49,0.27892283472456797,1.0,3.399999999999999,10.339999999999995,32.5,0.002060503521071677,38,51722.18236270478,44385.71721168391,96107.89957438869,4821.4
247,900,481,63.536411485117284,14.325555555555555,5.950888888888879,12.612622222222212,40.022222222222226,17.317888888888888,85.3646251614988,43.28666666666667,1134.9468276303978,41.0,9.0,14.600000000000005,45.0,1267.7086159764945,49,0.5074028362121992,1.0,3.399999999999999,10.339999999999995,32.5,0.24005359503470824,38,57182.77033660556,41060.384702680916,98243.15503928647,4441.7
248,904,442,62.605521117330866,14.247787610619469,5.980199115044239,12.640066371681403,39.983960176991154,16.98152654867254,92.7569462283563,43.5320796460177,735.2664869559936,41.0,8.8,14.540000000000004,45.0,1266.7086159764945,49,0.2728736040051699,1.0,3.499999999999999,10.339999999999995,32.5,0.014805672424398342,38,56595.3910900671,40998.57023293348,97593.96132300058,4467.799999999999
249,923,442,60.591309684957615,13.905742145178765,5.975947995666312,12.631007583965333,39.98537378114843,15.762946912242674,92.08977604021662,43.690140845070424,716.703575924669,41.0,8.8,14.540000000000004,45.5,1303.9136455174287,49,0.2728736040051699,1.0,3.499999999999999,10.339999999999995,32.5,0.4839889583526653,38,55925.778839215876,40703.68100977575,96629.45984899162,4509.8
250,963,408,57.92701638332267,13.7466251298027,5.958566978193144,12.627871235721694,39.98390446521287,15.701557632398755,96.79117673580426,43.848390446521286,629.5124737293307,41.0,8.8,14.540000000000004,45.5,1302.9136455174287,49,0.2728736040051699,1.0,3.399999999999999,10.339999999999995,32.5,0.0326081896589987,38,55783.716777139736,39490.80010820814,95274.51688534787,4416.2
251,977,402,56.56136843228202,13.953940634595702,5.9631525076765515,12.615168884339807,40.003070624360284,15.329887410440103,96.11940528171948,44.06345957011259,1147.2387454141594,41.0,8.8,14.540000000000004,45.5,1301.9136455174287,50,0.2728736040051699,1.0,3.399999999999999,10.339999999999995,32.5,1.0,38,55260.456958339535,38640.00092325123,93900.45788159076,4856.9
252,991,376,58.65999796638355,13.972754793138245,5.956205852674065,12.613178607467214,40.01917255297679,15.897073662966692,93.3945624290023,44.26034308779011,1147.2387454141594,41.0,8.8,14.540000000000004,45.5,1300.9136455174287,51,0.2728736040051699,1.0,3.399999999999999,10.339999999999995,32.0,1.0,39,58132.0579846861,35116.355473304866,93248.41345799097,5016.599999999999
253,1013,377,60.561354046251985,13.861796643632774,5.953998025666331,12.615597235932867,39.98766041461007,16.981441263573522,88.8112572528103,44.44323790720632,1147.2387454141594,41.0,8.8,14.540000000000004,45.5,1299.9136455174287,51,0.2728736040051699,1.0,3.399999999999999,10.339999999999995,32.0,0.27285849157681596,39,61348.65164885326,33481.84398430948,94830.49563316273,5271.599999999999
254,993,367,58.43695657593421,13.741188318227593,5.918126888217521,12.599174219536778,39.89224572004028,17.32980866062436,99.69226207688574,44.60825780463243,1147.2387454141594,41.0,8.8,14.540000000000004,45.5,1298.9136455174287,51,0.2728736040051699,1.0,3.399999999999999,10.399999999999995,32.0,0.3276882443318945,39,58027.89787990267,36587.060182217065,94614.95806211974,5520.5
255,963,397,57.96407254446424,14.19730010384216,5.937279335410179,12.610467289719612,40.05192107995846,17.001349948078918,94.68988819210999,44.838006230529594,1338.485933439503,41.0,8.8,14.540000000000004,45.5,915.5109920053869,51,0.2728736040051699,1.0,3.399999999999999,10.399999999999995,32.0,0.14158914509376497,39,55819.40186031906,37591.885612267666,93411.28747258673,5573.9
256,968,429,56.62051723573247,14.477272727272727,5.953925619834713,12.60165289256199,40.10588842975206,16.945144628099165,92.89581952299258,45.0,1147.2387454141594,41.0,8.8,14.540000000000004,45.5,1338.485933439503,51,0.2728736040051699,1.0,3.299999999999999,10.399999999999995,32.0,0.9732802059788037,39,54808.66068418903,39852.306575363815,94660.96725955285,5089.7
257,956,420,57.67262004778646,14.455020920502092,5.991631799163187,12.617489539748961,40.10826359832636,17.135460251046005,94.5052544805938,45.19351464435147,1141.8638691035756,42.0,8.8,14.540000000000004,45.5,1337.485933439503,51,0.2728736040051699,1.0,3.299999999999999,10.399999999999995,32.5,0.20067179685922176,39,55135.024765683855,39692.2068818494,94827.23164753325,5115.599999999999
258,955,424,53.985955778789766,14.459685863874345,6.0029319371727725,12.608376963350787,40.14188481675393,17.360523560209423,101.46574138892763,45.33507853403141,702.3356914459935,42.0,8.8,14.540000000000004,45.5,1336.485933439503,51,0.31223411460971456,1.0,3.299999999999999,10.399999999999995,32.5,0.2728736040051699,40,51556.587768744226,43021.474348905314,94578.06211764953,5385.8
259,936,472,54.398840747066934,14.558760683760683,6.036004273504274,12.62472222222223,40.243589743589745,16.92553418803419,96.08990526459205,45.51602564102564,1206.45883376411,42.0,8.9,14.540000000000004,45.5,1335.485933439503,52,0.4548270529533687,1.0,3.299999999999999,10.339999999999995,32.5,0.11281391831171561,40,50917.31493925465,45354.43528488745,96271.7502241421,4915.2
260,928,494,57.317905141386866,14.411637931034482,6.0346982758620715,12.617155172413804,40.28609913793103,17.001185344827583,91.94911666866307,45.68318965517241,708.8207554702971,42.0,8.9,14.480000000000004,45.5,1334.485933439503,52,0.2550878149423155,1.0,3.299999999999999,10.339999999999995,32.5,0.024024540811231176,40,53191.01597120701,45422.863634319554,98613.87960552657,4852.3
261,910,511,63.11008754910723,14.14065934065934,6.017912087912092,12.613846153846154,40.317032967032965,16.986483516483514,85.7243214013899,45.885714285714286,1341.3629196757424,42.0,8.9,14.480000000000004,45.5,1205.45883376411,52,0.2550878149423155,1.0,3.199999999999999,10.339999999999995,32.5,0.37517878250436,41,57430.179669687575,43805.12823611024,101235.30790579782,4819.599999999999
262,900,509,68.24918211999933,14.313333333333333,6.033111111111106,12.598777777777794,40.37111111111111,17.233666666666647,82.00808712138459,46.062222222222225,1341.3629196757424,42.0,8.9,14.480000000000004,46.0,1149.546877839346,52,0.4024355746114626,1.0,3.199999999999999,10.339999999999995,32.5,0.3035583912210331,41,61424.263907999404,41742.11634478476,103166.38025278416,4610.5
263,905,508,69.27888289999858,14.119337016574585,6.061215469613254,12.63007734806631,40.401657458563534,17.27237569060773,85.48531668922922,46.25303867403315,1341.3629196757424,42.0,8.9,14.480000000000004,46.0,944.7402762006672,52,0.4024355746114626,1.0,3.199999999999999,10.339999999999995,32.5,0.26291350599102437,41,62697.38902449871,43426.54087812844,106123.92990262716,4381.5
264,896,490,72.44506684026747,14.228794642857142,6.085602678571422,12.6358705357143,40.423549107142854,16.77667410714286,83.23998794046962,46.411830357142854,1341.3629196757424,42.0,8.700000000000001,14.540000000000004,46.0,783.0676351516054,52,0.4024355746114626,1.0,3.199999999999999,10.339999999999995,32.5,1.0,41,64910.77988887965,40787.59409083011,105698.37397970977,4571.099999999999
265,914,505,66.41096980728706,14.210065645514224,6.072210065645504,12.625820568927802,40.36542669584245,15.983479212253826,92.66895878560591,46.58096280087528,1341.3629196757424,42.0,8.700000000000001,14.540000000000004,46.0,1288.698094474082,52,0.4024355746114626,1.0,3.199999999999999,10.279999999999994,32.0,0.4243833591051187,41,60699.62640386038,46797.824186730984,107497.45059059135,4081.9999999999995
266,919,471,64.8049534080454,13.745375408052231,6.044178454842228,12.59136017410227,40.40043525571273,16.117519042437447,101.55702935884584,46.72905331882481,1144.0140586616374,42.0,8.700000000000001,14.540000000000004,46.0,1341.3629196757424,52,0.4024355746114626,1.0,3.199999999999999,10.279999999999994,32.0,0.01888881588488145,41,59555.75218199373,47833.36082801639,107389.11301001013,4740.0
267,955,462,67.28192151307556,14.077486910994764,6.051832460732976,12.561675392670162,40.43350785340314,15.820942408376954,96.04658271871159,46.88586387434555,1293.862615483886,43.0,8.700000000000001,14.540000000000004,46.0,1340.3629196757424,52,0.5447822890497667,1.0,3.0999999999999988,10.279999999999994,32.0,0.4024355746114626,41,64254.23504498716,44373.521216044755,108627.75626103191,4227.099999999999
268,960,408,66.14327503327073,14.263541666666667,6.053854166666661,12.559395833333319,40.3578125,15.991666666666672,109.81723206080119,47.02395833333333,1293.862615483886,43.0,8.8,14.600000000000005,46.0,1339.3629196757424,52,0.5447822890497667,1.0,3.0999999999999988,10.279999999999994,32.0,0.002703492451074485,41,63497.5440319399,44805.43068080689,108302.97471274679,4656.0
269,975,398,65.02628351048517,14.687179487179487,6.072820512820514,12.581641025641003,40.44461538461538,16.112512820512812,109.32814085780421,47.21435897435897,1062.4121344539287,43.0,8.8,14.600000000000005,46.0,1338.3629196757424,53,0.25410802353110973,1.0,3.0999999999999988,10.279999999999994,32.0,0.5281562352108113,41,63400.62642272304,43512.600061406076,106913.22648412912,4917.4
270,971,405,64.12485650327574,14.558187435633368,6.029969104016473,12.576601441812567,40.46395468589083,16.226879505664254,108.05226122164174,47.381050463439756,1046.4504524698812,43.0,8.8,14.600000000000005,46.0,1337.3629196757424,53,0.25410802353110973,1.0,3.0999999999999988,10.279999999999994,32.0,0.056312470421622685,42,62265.235664680746,43761.16579476491,106026.40145944565,5225.4
271,1004,390,67.05349997316193,14.528884462151394,6.036553784860555,12.592948207171334,40.51643426294821,16.55707171314739,101.83540770688354,47.54780876494024,1341.2606697515046,43.0,8.8,14.600000000000005,46.0,1291.862615483886,53,0.25410802353110973,1.0,3.0999999999999988,10.279999999999994,32.0,0.41225151347187206,42,67321.71397305458,39715.80900568458,107037.52297873916,4577.799999999999
272,1000,390,66.5612561973814,14.298,6.054099999999995,12.626460000000012,40.4995,16.808599999999988,102.94378991498148,47.682,1388.6388455536603,41.0,8.8,14.600000000000005,46.0,1000.6178523454157,53,0.25410802353110973,1.0,3.0999999999999988,10.519999999999996,32.5,0.6232155971833514,42,66561.2561973814,40148.078066842776,106709.33426422418,5385.599999999999
273,1009,379,65.12660275191337,14.280475718533202,6.062140733399406,12.627076313181368,40.58771060455897,16.92031714568881,105.3671690012527,47.86124876114965,1388.6388455536603,41.0,8.9,14.600000000000005,46.0,1341.2606697515046,53,0.25410802353110973,1.0,3.0999999999999988,10.519999999999996,32.5,0.14885565405951828,42,65712.7421766806,39934.15705147477,105646.89922815537,5229.599999999999
274,1012,369,59.65166331726338,14.012845849802371,6.080533596837951,12.605494071146243,40.637351778656125,17.399802371541504,120.7048880045721,48.06422924901186,1388.6388455536603,41.0,8.9,14.540000000000004,46.0,1340.2606697515046,54,0.25410802353110973,1.0,3.199999999999999,10.519999999999996,32.5,0.497084951661245,42,60367.48327707054,44540.1036736871,104907.58695075764,5157.9
275,1012,375,59.203170528537974,14.15711462450593,6.106126482213436,12.640573122529643,40.67588932806324,17.467687747035562,117.64757741552408,48.26778656126482,1016.098202487296,41.0,8.9,14.540000000000004,46.0,1388.6388455536603,54,0.34789899365394183,1.0,3.199999999999999,10.519999999999996,32.5,0.010901818213896242,42,59913.60857488043,44117.84153082153,104031.45010570197,5379.7
276,1024,363,60.51330748693801,14.173828125,6.107617187499988,12.658945312500014,40.66748046875,17.64570312500001,112.65534392680524,48.462890625,1412.4276282919882,41.0,8.9,14.540000000000004,46.0,1387.6388455536603,54,0.25049821838855924,1.0,3.199999999999999,10.519999999999996,32.5,0.3777389388044943,42,61965.62686662452,40893.889845430305,102859.51671205483,5265.9
277,992,407,59.11279363483614,14.053427419354838,6.106955645161286,12.671633064516127,40.68245967741935,18.05504032258065,106.83801833774184,48.6875,1412.4276282919882,41.0,8.9,14.600000000000005,46.0,1386.6388455536603,54,0.25049821838855924,1.0,3.0999999999999988,10.519999999999996,32.0,0.11218975932894626,42,58639.89128575745,43483.07346346093,102122.96474921837,5916.099999999999
278,932,443,61.53263930572012,13.878755364806867,6.097961373390561,12.665128755364801,40.692596566523605,17.938626609442036,99.18110383468752,48.9087982832618,1086.6900931711227,41.0,8.9,14.600000000000005,46.5,1385.6388455536603,54,0.25049821838855924,1.0,3.0999999999999988,10.579999999999997,32.0,0.11218975932894626,42,57348.41983293115,43937.22899876657,101285.64883169772,5739.2
279,921,422,62.76571731412711,13.523344191096633,6.057654723127034,12.632117263843634,40.65472312703583,18.636916395222578,101.68108110081887,49.02388707926167,1086.6900931711227,41.0,8.9,14.600000000000005,46.5,1384.6388455536603,55,0.33369247258203205,1.0,3.0999999999999988,10.579999999999997,31.5,0.25049821838855924,43,57807.22564631107,42909.41622454557,100716.64187085663,5077.7
280,915,421,66.10567268013196,13.6448087431694,6.063497267759574,12.645224043715842,40.66612021857924,17.759999999999977,93.25997244474951,49.2327868852459,1456.083864135489,41.0,8.9,14.600000000000005,46.5,860.1205945446545,55,0.33369247258203205,1.0,3.0999999999999988,10.579999999999997,31.5,0.2961678263556391,43,60486.690502320744,39262.44839923954,99749.13890156028,4872.7
281,908,422,62.423448399593696,13.334801762114537,6.077863436123341,12.655837004405301,40.7125550660793,16.838656387665203,100.29218232331294,49.41299559471366,1456.083864135489,41.0,8.9,14.600000000000005,46.5,1091.292246161313,55,0.2617923085491327,1.0,3.0999999999999988,10.579999999999997,31.5,0.24217943365922068,43,56680.491146831075,42323.300940438065,99003.79208726913,4589.9
282,936,434,61.654040613017436,13.337606837606838,6.087606837606843,12.661089743589772,40.723290598290596,16.14358974358976,96.95445228624988,49.5309829059829,1126.0037387967702,41.0,8.9,14.600000000000005,46.5,1456.083864135489,55,0.2617923085491327,1.0,3.0999999999999988,10.579999999999997,31.5,0.004228180651888458,43,57708.18201378432,42078.232292232446,99786.41430601676,4293.0
283,944,412,61.65634179891549,13.634533898305085,6.084110169491526,12.678898305084745,40.757944915254235,16.603177966101708,98.85804154204466,49.76588983050848,936.4032693609992,41.0,8.9,14.600000000000005,47.0,1455.083864135489,56,0.2617923085491327,1.0,3.299999999999999,10.579999999999997,31.5,0.0943384683930617,43,58203.586658176224,40729.5131153224,98933.09977349863,4817.4
284,951,423,61.04195647367546,13.733964248159833,6.092429022082013,12.702166140904342,40.86698212407992,16.946582544689818,95.6749605588146,50.04206098843323,1107.1213152480145,41.0,8.8,14.660000000000005,47.0,1454.083864135489,56,0.2617923085491327,1.0,3.399999999999999,10.579999999999997,31.5,0.46638667586281723,43,58050.900606465366,40470.508316378575,98521.40892284394,5482.099999999999
285,934,403,64.86660321532568,14.117773019271949,6.0874732334047055,12.707944325481808,40.86777301927195,17.74207708779443,93.91826577975816,50.186295503211994,1455.3981964599018,40.0,8.8,14.660000000000005,47.0,1124.0037387967702,56,0.3337415165514426,1.0,3.399999999999999,10.579999999999997,31.5,0.07261407556257105,44,60585.40740311419,37849.06110924254,98434.46851235673,5625.599999999999
286,917,453,59.09779235747248,14.379498364231189,6.086368593238826,12.717142857142864,40.94874591057797,17.31188658669576,97.18441697839481,50.3773173391494,1455.3981964599018,40.0,8.8,14.660000000000005,47.0,1123.0037387967702,57,0.3337415165514426,1.0,3.399999999999999,10.579999999999997,31.5,0.36378004321754354,44,54192.67559180226,44024.54089121285,98217.2164830151,5601.799999999999
287,912,481,58.61550688457452,14.205043859649123,6.083333333333333,12.707324561403507,40.86896929824562,17.032346491228065,97.3665902666862,50.521929824561404,1455.3981964599018,40.0,8.9,14.660000000000005,46.5,1122.0037387967702,57,0.3337415165514426,1.0,3.399999999999999,10.519999999999996,31.5,0.12188487234064405,44,53457.342278731965,46833.32991827606,100290.67219700803,4611.9
288,910,477,62.01209163545647,14.698901098901098,6.114945054945054,12.703999999999999,40.86703296703297,16.803626373626372,94.9944880665163,50.713186813186816,1455.3981964599018,41.0,8.9,14.660000000000005,46.5,1298.4290871215546,57,0.5389295498581421,1.0,3.299999999999999,10.519999999999996,31.5,0.3124587594083854,44,56431.00338826539,45312.37080772827,101743.37419599366,4612.799999999999
289,930,475,67.71591671228687,14.79784946236559,6.119139784946237,12.690924731182811,40.88978494623656,16.536881720430127,86.24725125436638,50.88602150537634,1455.3981964599018,41.0,8.9,14.660000000000005,47.0,1297.4290871215546,57,0.5220014727162204,1.0,3.299999999999999,10.519999999999996,31.5,0.38589257698712265,45,62975.80254242678,40967.44434582403,103943.24688825081,4393.599999999999
290,915,442,67.86130021549661,14.492896174863388,6.132349726775952,12.654710382513668,41.00109289617486,16.97202185792351,93.30518552682264,51.0568306010929,1171.612423410677,41.0,8.9,14.660000000000005,47.0,1455.3981964599018,58,0.2852304256850104,1.0,3.299999999999999,10.459999999999996,31.5,0.33151292959263445,45,62093.0896971794,41240.89200285561,103333.98170003502,5114.9
291,914,435,68.19827467244748,14.408096280087527,6.136652078774613,12.64908096280089,40.973194748358864,16.82943107221005,91.84570516150774,51.294310722100654,1247.612423410677,41.0,8.9,14.660000000000005,47.0,1454.3981964599018,58,0.2852304256850104,1.0,3.299999999999999,10.459999999999996,31.5,0.5165391807336683,45,62333.223050616994,39952.881745255865,102286.10479587286,5258.7
292,924,446,68.17132865069416,14.541125541125542,6.171212121212121,12.710649350649362,40.98430735930736,16.913311688311687,91.10469640289598,51.5,1299.643879270853,41.0,8.9,14.660000000000005,47.0,1453.3981964599018,58,0.504089101332509,1.0,3.299999999999999,10.459999999999996,31.5,0.07218671444026681,45,62990.30767324141,40632.69459569161,103623.00226893302,4653.599999999999
293,914,449,61.11414562810949,14.411378555798686,6.1910284463895,12.729693654266965,41.024617067833695,17.088730853391677,105.78322619893059,51.7089715536105,1299.643879270853,41.0,8.9,14.660000000000005,47.0,1452.3981964599018,58,0.5360933572201334,1.0,3.299999999999999,10.459999999999996,31.5,0.3023055658824272,46,55858.329104092074,47496.668563319836,103354.99766741191,5307.5
294,927,444,60.71987229433781,14.848975188781013,6.191370010787484,12.7260625674218,41.06094929881338,16.61003236245954,104.53204252610493,51.84789644012945,1299.643879270853,41.0,8.9,14.600000000000005,47.0,1451.3981964599018,58,0.5864358528825898,1.0,3.299999999999999,10.459999999999996,31.5,0.3063974456423604,46,56287.32161685115,46412.22688159059,102699.54849844174,4873.9
295,923,445,63.854370987257774,14.80281690140845,6.188190682556876,12.732892741061766,41.058504875406285,16.874647887323956,96.90116219444955,51.99674972914409,1323.2782526843996,41.0,8.9,14.600000000000005,47.0,1450.3981964599018,59,0.35255834934030317,1.0,3.299999999999999,10.399999999999995,31.5,0.01548444381662284,46,58937.58442123893,43121.017176530055,102058.60159776898,5281.5
296,910,456,60.73851850800092,14.850549450549451,6.158571428571436,12.705934065934082,41.075824175824174,16.637252747252735,102.19761785334867,52.15384615384615,1555.8710733993037,41.0,8.9,14.600000000000005,47.5,1323.2782526843996,59,0.35255834934030317,1.0,3.299999999999999,10.399999999999995,31.5,0.5090079904583398,46,55272.05184228084,46602.113741126996,101874.16558340783,5270.5
297,938,484,65.88411717608729,14.621535181236673,6.156076759061826,12.701172707889144,41.23987206823028,16.597334754797437,86.73738689403125,52.33795309168443,1613.1256517297468,41.0,8.8,14.660000000000005,47.5,1322.2782526843996,59,0.35255834934030317,1.0,3.299999999999999,10.399999999999995,32.5,0.7476240856700302,46,61799.30191116988,41980.89525671113,103780.19716788101,4578.3
298,930,449,67.14020381763385,14.193548387096774,6.13526881720429,12.689913978494644,41.285483870967745,17.094623655914,93.58782678376639,52.4752688172043,1613.1256517297468,41.0,8.8,14.660000000000005,47.5,1300.7775861883435,59,0.35255834934030317,1.0,3.299999999999999,10.399999999999995,33.0,0.4689713344343751,46,62440.38955039948,42020.93422591111,104461.32377631059,5023.4
299,923,457,62.26543939716895,13.940411700975082,6.163380281690141,12.704767063921988,41.32827735644637,16.810292524377044,101.651515981317,52.69989165763813,1332.5377958466204,41.0,8.8,14.660000000000005,47.5,1613.1256517297468,59,0.5740907528619821,1.0,3.299999999999999,10.399999999999995,33.0,0.2642707400938358,46,57471.00056358694,46454.74280346187,103925.74336704881,5349.099999999999
300,944,474,59.11370119265438,14.235169491525424,6.197351694915264,12.72872881355933,41.3146186440678,16.802118644067793,103.75535287463704,52.90148305084746,1124.7933585376857,41.0,8.8,14.660000000000005,47.5,1612.1256517297468,59,0.5740907528619821,1.0,3.299999999999999,10.399999999999995,33.0,0.6121312218490838,47,55803.333925865736,49180.03726257796,104983.37118844369,4730.599999999999
301,942,478,63.76624666713553,14.36411889596603,6.221443736730356,12.754904458598723,41.38322717622081,16.98481953290869,99.14310255149927,53.139065817409765,1124.7933585376857,41.0,8.700000000000001,14.660000000000005,47.5,1611.1256517297468,60,0.5740907528619821,1.0,3.199999999999999,10.399999999999995,33.0,0.5791978277329362,47,60067.804360441674,47390.40301961665,107458.20738005833,4679.299999999999
302,925,445,65.65352049710138,14.47891891891892,6.238162162162159,12.757513513513514,41.42918918918919,17.00259459459459,104.7895932922608,53.30486486486487,1474.0798364732048,41.0,8.8,14.660000000000005,47.5,1610.1256517297468,60,0.4419567254013283,1.0,3.199999999999999,10.399999999999995,33.0,0.13370691749052988,47,60729.50645981878,46631.36901505606,107360.87547487483,4936.9
303,929,454,66.66882109762034,14.77502691065662,6.228310010764259,12.748783638320802,41.43003229278794,16.273196986006468,96.96950540362599,53.473627556512376,1653.9329522883604,41.0,8.8,14.660000000000005,48.0,1119.544615111979,60,0.2982816193490466,1.0,3.199999999999999,10.399999999999995,33.5,0.15666194220634577,47,61935.33479968929,44024.155453246196,105959.49025293549,4884.099999999999
304,958,469,66.3524725722734,14.590814196242171,6.227766179540705,12.742860125260973,41.43162839248434,16.465970772442603,94.29381046770395,53.65866388308977,1653.9329522883604,42.0,8.8,14.660000000000005,48.0,1474.0798364732048,60,0.4113507101169651,1.0,3.199999999999999,10.399999999999995,33.5,0.386252954792373,47,63565.66872423792,44223.79710935315,107789.46583359106,4745.7
305,942,414,69.7053137491386,14.447983014861995,6.237579617834399,12.74815286624204,41.40817409766454,17.204246284501078,101.97056146185855,53.774946921443735,1723.6230326609057,42.0,8.8,14.660000000000005,48.0,1473.0798364732048,60,0.4113507101169651,1.0,3.7999999999999994,10.399999999999995,33.5,0.040599258575676256,47,65662.40555168856,42215.81244520944,107878.21799689799,4889.0
306,968,452,63.89345872569653,14.832644628099173,6.247727272727285,12.730867768595056,41.43904958677686,16.668904958677697,102.94917982641923,54.014462809917354,1723.6230326609057,42.0,8.8,14.660000000000005,48.0,1472.0798364732048,61,0.4113507101169651,1.0,3.6999999999999993,10.399999999999995,33.5,0.8227014202339302,48,61848.86804647424,46533.02928154149,108381.89732801574,5132.099999999999
307,954,458,71.4517949899287,14.825995807127883,6.282704402515729,12.761488469601701,41.43238993710692,16.588050314465423,91.39023469003334,54.179245283018865,1723.6230326609057,42.0,8.8,14.660000000000005,48.0,1160.3680546721007,61,0.4979619946427004,1.0,3.6999999999999993,10.399999999999995,33.0,0.23912457894213146,48,68165.01242039198,41856.72748803527,110021.73990842726,4766.0
308,954,437,67.1755863638984,15.01153039832285,6.304507337526203,12.79119496855347,41.4559748427673,17.196331236897286,102.75222567536296,54.36477987421384,1723.6230326609057,42.0,8.8,14.660000000000005,48.0,1455.0543202225913,61,0.49315076607029523,1.0,3.6999999999999993,10.399999999999995,33.0,0.4969429919640506,48,64085.509391159074,44902.722620133616,108988.23201129268,5420.299999999999
309,944,483,66.65932762434389,15.296610169491526,6.33411016949153,12.816970338983042,41.52224576271186,17.033156779661017,97.90840091689005,54.54237288135593,1695.570797382123,42.0,8.8,14.660000000000005,48.0,1723.6230326609057,61,0.33709516801346845,1.0,3.6999999999999993,10.399999999999995,33.0,0.521006865270008,48,62926.405277380625,47289.75764285789,110216.16292023851,5410.299999999999
310,934,482,66.84014419945422,15.23661670235546,6.313062098501066,12.816295503212007,41.514453961456105,17.196573875802994,104.89531730109735,54.71841541755889,1578.2188364697367,43.0,8.8,14.660000000000005,48.0,1722.6230326609057,61,0.49315076607029523,1.0,3.6999999999999993,10.399999999999995,33.5,0.089131084271862,48,62428.69468229023,50559.54293912892,112988.23762141916,4855.5
311,934,477,75.2040030412361,15.35117773019272,6.317237687366167,12.843832976445393,41.430406852248396,17.647002141327597,93.177662134633,54.88436830835118,1716.2215081259428,43.0,8.8,14.660000000000005,48.0,1721.6230326609057,61,0.49315076607029523,1.0,3.6999999999999993,10.399999999999995,33.5,0.021866076395016698,48,70240.53884051452,44445.744838219936,114686.28367873446,4998.099999999999
312,931,499,74.3383899713815,15.228786251342642,6.290762620837808,12.837916219119231,41.36680988184747,18.079591836734703,93.6871601451934,54.983888292158966,1518.6557523650279,43.0,8.8,14.720000000000006,48.0,1720.6230326609057,62,0.49315076607029523,1.0,3.6999999999999993,10.459999999999996,33.5,0.03066567261610409,48,69209.04106335618,46749.892912451505,115958.93397580768,5216.2
313,910,524,71.08482294876872,15.685714285714285,6.327472527472531,12.904879120879132,41.37637362637363,18.050329670329674,99.70049134749799,55.18901098901099,1887.4435310885656,43.0,8.8,14.720000000000006,48.0,1577.2188364697367,62,0.592814933690526,1.0,3.6999999999999993,10.459999999999996,34.0,0.161834037732,49,64687.18888337953,52243.05746608895,116930.24634946848,5080.9
314,876,514,78.56426879679152,15.213470319634704,6.306392694063928,12.896392694063923,41.45376712328767,18.381278538812783,97.62585350563937,55.363013698630134,1887.4435310885656,43.0,8.700000000000001,14.720000000000006,48.0,1576.2188364697367,62,0.592814933690526,1.0,3.6999999999999993,10.459999999999996,34.0,0.16058708204444994,49,68822.29946598937,50179.68870189864,119001.98816788802,5202.5
315,872,549,76.1666741261147,14.95183486238532,6.293348623853213,12.868165137614692,41.52580275229358,17.11295871559632,98.79553033068966,55.518348623853214,1887.4435310885656,43.0,8.700000000000001,14.720000000000006,48.0,1575.2188364697367,62,0.592814933690526,1.0,3.6999999999999993,10.459999999999996,35.0,0.5882932435219335,49,66417.33983797202,54238.74615154862,120656.08598952064,4649.0
316,912,500,84.79195134134287,14.962719298245615,6.297478070175436,12.834978070175438,41.48300438596491,16.800328947368428,89.46468278368799,55.666666666666664,1910.4435310885656,43.0,8.700000000000001,14.720000000000006,48.0,901.8205608131196,62,0.592814933690526,1.0,3.6999999999999993,10.459999999999996,34.5,0.5334427604095389,49,77330.2596233047,44732.341391844,122062.60101514868,3592.4999999999995
317,923,472,82.5636446772117,14.837486457204767,6.340195016251357,12.849945828819086,41.49891657638136,16.4765980498375,94.02596121580639,55.891657638136515,1817.9563624058121,40.0,8.8,14.720000000000006,48.0,1014.4375552993148,63,0.592814933690526,1.0,3.6999999999999993,10.459999999999996,34.5,0.9034654168456493,50,76206.2440370664,44380.25369386061,120586.49773092702,4506.099999999999
318,950,463,78.61745843234405,15.007368421052632,6.349684210526314,12.843031578947361,41.52736842105263,16.618842105263177,96.82789061761078,56.07052631578947,1817.9563624058121,40.0,8.9,14.720000000000006,48.0,1013.4375552993148,63,0.8150744579510356,1.0,3.6999999999999993,10.459999999999996,34.5,0.8674452861918889,50,74686.58551072684,44831.31335595379,119517.89886668063,4977.9
319,935,515,74.58544152225075,14.914438502673796,6.327165775401077,12.816534759358303,41.53636363636364,16.651550802139052,100.60324301002957,56.21818181818182,1856.343060238498,40.0,8.9,14.720000000000006,48.0,1012.4375552993148,64,0.942614678670874,1.0,3.6999999999999993,10.459999999999996,34.5,0.010742681905601792,51,69737.38782330445,51810.67015016523,121548.05797346968,5460.8
320,934,479,76.71432147772958,14.971092077087794,6.345074946466818,12.824839400428287,41.50749464668094,17.837580299785873,105.35370672144859,56.35867237687366,1856.343060238498,40.0,8.9,14.720000000000006,48.0,1011.4375552993148,64,0.5686352309027904,1.0,3.7999999999999994,10.459999999999996,34.5,0.07173149354487429,51,71651.17626019943,50464.42551957387,122115.60177977331,5106.9
321,917,538,70.1914283001996,15.243184296619411,6.34252998909488,12.84822246455836,41.55343511450382,17.600872410032718,110.47656107882823,56.48745910577971,969.4610083818854,41.0,8.9,14.720000000000006,48.5,1856.343060238498,64,0.5686352309027904,1.0,3.7999999999999994,10.459999999999996,34.5,0.1530444086474545,51,64365.53975128304,59436.38986040959,123801.92961169263,5317.7
322,900,493,79.98442106972774,15.515555555555556,6.361333333333338,12.872533333333342,41.54277777777778,18.180111111111106,106.66958543607879,56.644444444444446,1310.3713302265278,41.0,8.9,14.720000000000006,48.5,1855.343060238498,64,0.7514334298773908,1.0,3.6999999999999993,10.459999999999996,34.5,0.7496527587893733,51,71985.97896275498,52588.10561998685,124574.08458274182,4677.2
323,914,535,73.80437015685615,15.469365426695843,6.374179431072214,12.886608315098467,41.57986870897155,17.7840262582057,108.80638779036212,56.794310722100654,1279.1757132668506,41.0,8.8,14.720000000000006,48.5,1854.343060238498,64,0.7514334298773908,1.0,3.6999999999999993,10.399999999999995,34.5,0.4599855114148488,51,67457.19432336652,58211.417467843734,125668.61179121025,4735.2
324,885,513,79.58257336272548,15.661016949152541,6.361355932203392,12.870915254237289,41.64180790960452,17.24723163841808,109.58689752324361,56.909604519774014,2034.8459077941002,42.0,8.8,14.720000000000006,48.5,1328.7548011680453,64,0.7514334298773908,1.0,3.6999999999999993,10.399999999999995,34.5,0.2137232540169145,51,70430.57742601205,56218.07842942397,126648.65585543602,4226.5
325,919,487,78.40921055799073,15.5310119695321,6.371490750816104,12.853275299238312,41.65451577801959,16.41468988030468,110.81732558228181,57.126224156692054,2348.6985891442264,42.0,8.8,14.720000000000006,48.5,2017.8307386800188,64,0.3659052471407719,1.0,3.6999999999999993,10.399999999999995,34.5,1.074856825297143,52,72058.06450279348,53968.03755857124,126026.10206136471,4074.2999999999997
326,937,454,74.45253155538202,15.385272145144077,6.403628601921027,12.87289220917823,41.721985058697975,16.059338313767334,122.52857705638475,57.267876200640345,2348.6985891442264,42.0,8.8,14.660000000000005,48.5,2016.8307386800188,64,0.3659052471407719,1.0,3.7999999999999994,10.399999999999995,35.5,0.823949965080554,52,69762.02206739296,55627.97398359868,125389.99605099164,4397.0
327,971,421,70.7603969163731,15.467559217301751,6.444078269824921,12.896477857878486,41.6956745623069,16.431410916580845,133.4500964639914,57.477857878475795,1224.9957740345626,42.0,8.9,14.660000000000005,48.5,2348.6985891442264,65,0.3659052471407719,1.0,3.7999999999999994,10.399999999999995,35.0,0.31172386514684547,52,68708.34540579827,56182.49061134038,124890.83601713864,4776.099999999999
328,953,437,69.35754625909276,15.478488982161595,6.4441762854144775,12.888520461699908,41.74763903462749,16.742182581322115,133.40206099871682,57.66211962224554,1224.9957740345626,42.0,8.9,14.660000000000005,48.5,2347.6985891442264,65,0.3659052471407719,1.0,3.7999999999999994,10.399999999999995,35.0,0.024162319989923242,52,66097.74158491539,58296.70065643925,124394.44224135464,5654.7
329,947,473,70.08244282364304,15.331573389651531,6.453854276663149,12.886504751847967,41.77455121436114,16.27888067581836,126.80200616303101,57.824709609292505,1287.0243029624528,42.0,8.9,14.660000000000005,49.0,2346.6985891442264,65,0.5374284126485716,1.0,3.9999999999999996,10.459999999999996,35.0,0.5099855147653574,52,66368.07335398995,59977.34891511367,126345.42226910361,5104.7
330,959,437,80.11729958184794,15.315954118873828,6.445985401459856,12.84442127215849,41.81074035453597,16.542544316996864,119.13039276023058,57.94786235662148,1664.6512667980203,42.0,8.9,14.660000000000005,49.0,2345.6985891442264,66,0.5374284126485716,1.0,3.8999999999999995,10.459999999999996,35.0,0.8947805527517785,53,76832.49029899218,52059.981636220764,128892.47193521295,4313.5
331,985,385,82.41916539884447,15.40507614213198,6.469847715736034,12.86574619289344,41.86040609137056,16.78913705583755,119.02847353017964,58.1238578680203,2383.5378517518907,42.0,8.9,14.660000000000005,49.0,2011.8307386800188,66,0.5374284126485716,1.0,3.8999999999999995,10.459999999999996,35.0,0.46792569354647995,53,81182.8779178618,45825.96230911916,127008.84022698096,4760.4
332,1027,380,76.75745412993734,15.43427458617332,6.416163583252188,12.861713729308683,41.877312560856865,16.457643622200596,119.24084678066971,58.28529698149951,2383.5378517518907,41.0,8.9,14.660000000000005,49.0,1663.6512667980203,66,0.5222231733150702,1.0,3.8999999999999995,10.459999999999996,34.5,1.530133392484636,53,78829.90539144565,45311.52177665449,124141.42716810014,5187.799999999999
333,1017,410,77.64274647918981,15.461160275319568,6.446312684365789,12.899823008849573,41.94395280235988,16.529695181907567,111.14158193885592,58.50049164208456,2383.5378517518907,42.0,8.8,14.660000000000005,49.0,1662.6512667980203,67,0.5222231733150702,1.0,3.8999999999999995,10.459999999999996,34.5,0.5301333924846361,53,78962.67316933603,45568.04859493093,124530.72176426696,5656.8
334,1001,415,81.52393532574972,15.627372627372628,6.428971028971031,12.914845154845167,41.95854145854146,17.671528471528458,105.24025151325826,58.62937062937063,2383.5378517518907,42.0,8.8,14.660000000000005,49.0,1252.883505855475,67,0.5374284126485716,1.0,3.8999999999999995,10.459999999999996,34.5,0.39384610242434714,53,81605.45926107546,43674.70437800218,125280.16363907764,5816.7
335,983,438,81.49715109818668,15.585961342828078,6.41871820956257,12.9016480162767,42.03713123092574,18.389114954221775,105.74552096632979,58.739572736520856,2383.5378517518907,42.0,8.8,14.660000000000005,49.0,1251.883505855475,67,0.3340697972986488,1.0,3.8999999999999995,10.459999999999996,35.0,0.3101659498590177,53,80111.6995295175,46316.53818325245,126428.23771276994,5870.7
336,949,480,79.73633974968944,15.604847207586934,6.421917808219171,12.88870389884091,41.97734457323499,17.97945205479451,107.32525529647636,58.9072708113804,1699.9317484942237,42.0,8.8,14.660000000000005,49.0,2383.5378517518907,67,0.3340697972986488,1.0,3.8999999999999995,10.459999999999996,35.0,0.4399803578477819,54,75669.78642245528,51516.12254230865,127185.90896476392,5246.2
337,950,480,86.32165992485672,15.57578947368421,6.436105263157888,12.885200000000022,41.97631578947368,18.021368421052642,96.81488022043492,59.04,2400.628544736478,42.0,8.9,14.660000000000005,49.0,1198.6098453041054,67,0.2995439358623956,1.0,3.8999999999999995,10.459999999999996,35.0,0.05643120547021585,54,82005.57692861388,46471.14250580876,128476.71943442264,4698.3
338,938,444,85.45941644474433,15.58315565031983,6.445842217484009,12.902579957356078,42.02825159914712,18.06993603411513,105.91540283970878,59.185501066098084,1699.9317484942237,42.0,8.9,14.720000000000006,49.0,1197.6098453041054,67,0.2995439358623956,1.0,3.8999999999999995,10.459999999999996,34.5,0.022223173315070177,54,80160.93262517019,47026.4388608307,127187.37148600089,4974.599999999999
339,963,488,82.587467643265,15.539979231568017,6.434787123572172,12.900726895119456,42.07840083073728,17.51474558670818,98.890857949764,59.33852544132918,1704.9317484942237,42.0,8.9,14.720000000000006,49.0,1594.0601521095075,65,0.2995439358623956,1.0,3.8999999999999995,10.459999999999996,34.5,0.036407963088910034,55,79531.73134046419,48258.73867948483,127790.47001994902,4737.7
340,950,436,81.1293018043183,15.346315789473683,6.419157894736846,12.87008421052633,42.09368421052631,18.04094736842105,114.46671380305877,59.48947368421052,1595.3926334170062,42.0,8.9,14.720000000000006,49.0,1704.9317484942237,65,0.2995439358623956,1.0,3.8999999999999995,10.459999999999996,34.5,0.4493447753418969,55,77072.83671410239,49907.487218133625,126980.32393223602,5060.0
341,949,473,75.49256900812765,15.356164383561644,6.40737618545837,12.868577449947313,42.11380400421496,18.53761854583773,118.1043830247227,59.644889357218126,1706.8482120879369,42.0,8.9,14.720000000000006,49.0,1525.9194331418316,66,0.5990878717247912,1.0,3.8999999999999995,10.459999999999996,34.5,1.0,55,71642.44798871313,55863.373170693834,127505.82115940697,5520.5
342,941,495,74.53805113108626,15.388947927736451,6.423910733262487,12.874410201912887,42.14027630180659,17.809776833156228,119.0693480784416,59.81402763018066,2218.8374096657985,42.0,8.9,14.720000000000006,49.0,1524.9194331418316,66,0.6087783384459513,1.0,3.8999999999999995,10.459999999999996,34.5,0.42600228985503086,55,70140.30611435218,58939.3272988286,129079.63341318077,4701.3
343,938,421,83.00767736326009,15.295309168443497,6.425159914712146,12.860938166311305,42.19402985074627,18.0960554371002,120.25543480474295,59.96055437100213,2218.8374096657985,42.0,8.8,14.720000000000006,49.0,1523.9194331418316,66,0.5659329268786415,1.0,3.8999999999999995,10.459999999999996,34.5,0.8764778483049,55,77861.20136673797,50627.53805279678,128488.73941953474,4511.3
344,965,421,79.29838830920471,15.216580310880829,6.40466321243523,12.864455958549213,42.178238341968914,17.065181347150276,118.92834600268151,60.16891191709845,2300.7406708621693,42.0,8.8,14.720000000000006,49.0,1217.8781325012208,66,0.5659329268786415,1.0,3.7999999999999994,10.459999999999996,34.5,0.754191168833289,55,76522.94471838254,50068.833667128914,126591.77838551145,4895.599999999999
345,980,458,72.08210802787112,15.392857142857142,6.449489795918371,12.909428571428574,42.196938775510205,17.027244897959203,123.30025861718316,60.3704081632653,2300.7406708621693,42.0,8.9,14.720000000000006,49.5,1216.8781325012208,67,0.5659329268786415,1.0,3.7999999999999994,10.459999999999996,35.5,0.4582317968565255,56,70640.46586731369,56471.518446669885,127111.98431398357,4959.299999999999
346,956,488,76.12194369885607,15.285564853556485,6.455020920502096,12.919497907949786,42.25784518828452,17.407531380753138,113.8015065867621,60.56694560669456,1628.7132715554544,42.0,8.9,14.660000000000005,49.5,2300.7406708621693,67,0.5221504159388786,1.0,3.7999999999999994,10.459999999999996,35.5,0.9226695051605627,56,72772.5781761064,55535.135214339905,128307.7133904463,5614.4
347,930,487,76.47243950754023,14.96236559139785,6.402795698924726,12.867462365591392,42.30967741935484,17.609354838709685,118.4868374816873,60.63763440860215,1534.9044751999045,42.0,8.9,14.660000000000005,49.5,2299.7406708621693,67,0.5174957121688204,1.0,3.7999999999999994,10.459999999999996,35.5,0.5659329268786415,56,71119.36874201242,57703.08985358172,128822.45859559413,5248.900000000001
348,935,496,76.26062391402819,14.902673796791444,6.407379679144386,12.864449197860964,42.358823529411765,17.472192513368974,118.8073368050013,60.80855614973262,1253.2391755736942,42.0,8.9,14.660000000000005,49.5,2298.7406708621693,67,0.34886223927304283,1.0,3.6999999999999993,10.399999999999995,35.5,0.14778374620495338,56,71303.68335961635,58928.43905528064,130232.12241489699,4661.3
349,941,445,81.84257872447418,15.038257173219979,6.428374070138149,12.881445270988324,42.42029755579171,17.59893730074389,117.0830315378671,60.94155154091392,2703.7735701275537,41.0,8.9,14.660000000000005,49.5,1533.9044751999045,67,0.34886223927304283,1.0,3.6999999999999993,10.399999999999995,35.5,0.131865853757283,56,77013.86657973021,52101.94903435086,129115.81561408108,4827.2
350,957,483,78.2587623194255,15.084639498432601,6.42852664576802,12.906478578892372,42.44514106583072,16.991118077324973,113.46026867997497,61.15151515151515,2703.7735701275537,41.0,8.9,14.660000000000005,49.5,1532.9044751999045,67,0.34886223927304283,1.0,3.6999999999999993,10.399999999999995,35.5,0.7546880885708074,56,74893.6355396902,54801.309772427914,129694.94531211813,4881.5
351,958,447,84.39726695100444,15.088726513569938,6.418058455114825,12.906805845511489,42.36743215031315,17.53872651356991,109.57538180511486,61.257828810020875,2703.7735701275537,40.0,8.9,14.660000000000005,49.5,1531.9044751999045,66,0.33067357570312733,1.0,3.6999999999999993,10.399999999999995,35.5,0.03331334219818394,56,80852.58173906225,48980.19566688634,129832.7774059486,4988.0
352,942,447,77.20680857435933,15.035031847133759,6.409129511677272,12.884118895966038,42.38588110403397,17.4264331210191,125.35778978599345,61.4447983014862,1592.658694237172,40.0,8.9,14.720000000000006,49.5,2703.7735701275537,66,0.33067357570312733,1.0,3.6999999999999993,10.399999999999995,35.5,0.7834485316575475,56,72728.81367704649,56034.93203433907,128763.74571138556,5803.9
353,964,470,80.43807379995769,15.069502074688797,6.395850622406647,12.884398340248953,42.44917012448133,16.862759336099582,111.50518510798545,61.65041493775934,2718.267504759809,41.0,8.9,14.720000000000006,49.5,1370.935375905602,66,0.33067357570312733,1.0,3.6999999999999993,10.399999999999995,35.5,0.03155290344034278,56,77542.30314315921,52407.43700075316,129949.74014391238,4748.6
354,963,404,77.29507327371516,15.221183800623052,6.404984423676019,12.880166147455874,42.518172377985465,17.32232606438212,136.02182060309607,61.811007268951194,2718.267504759809,41.0,8.9,14.720000000000006,49.5,1592.658694237172,66,0.33067357570312733,1.0,4.199999999999999,10.459999999999996,35.5,0.8160168439716005,56,74435.1555625877,54952.81552365082,129387.97108623851,4897.4
355,1003,437,69.15239431341276,15.20937188434696,6.409072781655034,12.869531405782656,42.54436689930209,17.23878364905281,135.93430896642275,61.986041874376866,2718.267504759809,41.0,8.9,14.720000000000006,49.5,1591.658694237172,66,0.5659329268786415,1.0,4.199999999999999,10.459999999999996,35.5,0.8571665723165056,57,69359.85149635299,59403.29301832674,128763.14451467973,5324.0
356,989,422,76.79420305204842,15.109201213346815,6.422649140546001,12.870414560161754,42.583417593528814,18.393933265925167,128.69022483168172,62.118301314459046,2718.267504759809,41.0,8.8,14.720000000000006,49.5,1590.658694237172,66,0.6977244785460857,1.0,4.199999999999999,10.459999999999996,35.5,0.5659329268786415,57,75949.46681847588,54307.274878969685,130256.74169744557,5562.099999999999
357,942,481,73.35403151837176,14.790870488322717,6.409554140127389,12.84783439490446,42.52547770700637,18.423566878980875,129.49018614238557,62.26645435244161,1380.5215415379355,41.0,8.8,14.720000000000006,49.5,2718.267504759809,67,0.545341800706977,1.0,4.199999999999999,10.459999999999996,35.5,1.0,57,69099.49769030619,62284.779534487454,131384.27722479365,6138.599999999999
358,931,481,84.88518758500261,14.717508055853921,6.3973147153598235,12.849731471535973,42.494092373791624,18.544038668098793,111.74177417752047,62.422126745435015,1380.5215415379355,42.0,8.8,14.720000000000006,49.5,2717.267504759809,67,0.2726709003534885,1.0,4.199999999999999,10.459999999999996,36.0,0.6977244785460857,57,79028.10964163743,53747.793379387345,132775.90302102477,4899.0
359,929,484,90.71363653907602,14.866523143164693,6.4599569429494075,12.89166846071042,42.54251883745963,18.155758880516665,102.86037781671439,62.706135629709365,2777.532063435005,42.0,8.8,14.720000000000006,49.5,1380.5215415379355,67,0.2726709003534885,1.0,4.199999999999999,10.399999999999995,36.5,0.6176356578681663,58,84272.96834480163,49784.422863289765,134057.3912080914,4744.9
360,913,514,86.94031027951452,14.697699890470975,6.451588170865276,12.90906900328587,42.536144578313255,17.868127053669223,109.70800991074016,62.89813800657174,2777.532063435005,42.0,8.8,14.720000000000006,49.0,1379.5215415379355,67,0.5467161827834319,1.0,4.199999999999999,10.399999999999995,36.5,1.0,58,79376.50328519676,56389.91709412044,135766.4203793172,5152.0
361,919,497,88.24184893492682,14.805223068552774,6.4701849836779095,12.910816104461382,42.56311207834603,17.967682263329703,112.52951252322991,63.108813928182805,1656.4018181968847,42.0,8.8,14.720000000000006,49.0,2777.532063435005,67,0.5467161827834319,1.0,4.199999999999999,10.399999999999995,36.0,0.9023696746265091,58,81094.25917119774,55927.16772404526,137021.426895243,4754.8
362,945,501,85.65703329428621,14.893121693121692,6.492910052910047,12.922603174603159,42.55767195767196,17.584444444444454,114.27832854194013,63.26243386243386,1486.3080792565804,42.0,8.8,14.780000000000006,49.0,2776.532063435005,67,0.3584498504348702,1.0,4.199999999999999,10.399999999999995,36.0,0.36644184863911944,58,80945.89646310046,57253.442599512004,138199.33906261247,4607.4
363,939,421,96.62048260134164,14.93290734824281,6.510117145899894,12.937571884984022,42.59584664536741,17.993397231096914,110.39708215843281,63.42385516506922,2795.8853082288697,42.0,8.8,14.780000000000006,49.0,1655.4018181968847,68,0.3584498504348702,1.0,4.199999999999999,10.399999999999995,36.0,0.28973964342374847,58,90726.6331626598,46477.171588700214,137203.80475136,4826.5
364,962,480,86.56696800944697,15.002079002079002,6.48565488565488,12.947380457380474,42.61486486486486,17.272661122661155,112.00200418373086,63.63825363825364,2795.8853082288697,42.0,8.8,14.780000000000006,49.0,1654.4018181968847,69,0.3584498504348702,1.0,4.199999999999999,10.399999999999995,36.5,0.2283971877597022,59,83277.42322508799,53760.962008190814,137038.3852332788,5376.3
365,959,435,94.9029376003349,15.138686131386862,6.487069864442124,12.956079249217934,42.62617309697602,18.452137643378528,109.03315127466455,63.80917622523462,2624.5698214847403,42.0,8.8,14.840000000000007,49.0,1320.0465705623672,69,0.3584498504348702,1.0,4.199999999999999,10.399999999999995,36.0,0.01583635600815292,59,91011.91715872116,47429.42080447908,138441.33796320023,5028.8
366,929,513,86.74327330900236,14.780409041980624,6.435629709364915,12.917222820236814,42.692680301399356,17.569106566200194,114.45151905748703,63.983853606027985,3208.538673782271,42.0,8.8,14.840000000000007,49.0,1486.3080792565804,69,0.40851703443585563,1.0,4.199999999999999,10.399999999999995,36.0,0.4196599494063533,59,80584.5009040632,58713.62927649085,139298.13018055406,5801.1
367,946,464,92.14903192248288,15.081395348837209,6.4432346723044525,12.918752642706126,42.76744186046512,17.471141649048615,112.71305264028285,64.14587737843551,2264.972274875233,43.0,8.8,14.840000000000007,49.0,3208.538673782271,69,0.40851703443585563,1.0,4.199999999999999,10.399999999999995,36.0,0.5689909411482077,59,87172.9841986688,52298.856425091246,139471.84062376004,4046.6
368,968,426,85.98067289525667,14.97004132231405,6.431611570247933,12.895702479338848,42.75361570247934,17.5479338842975,130.97229810850098,64.32954545454545,1508.2765312371648,43.0,8.8,14.840000000000007,49.0,3207.538673782271,69,0.5138928063760385,1.0,4.199999999999999,10.399999999999995,36.0,0.025289151856248804,59,83229.29136260846,55794.19899422141,139023.4903568299,4981.6
369,996,428,84.20683404184187,15.009036144578314,6.455120481927713,12.928212851405618,42.717871485943775,17.109638554216875,129.67718109603402,64.52409638554217,1426.1135814007248,43.0,8.8,14.840000000000007,49.0,3206.538673782271,69,0.4741645598094044,1.0,4.199999999999999,10.399999999999995,36.0,0.2576910795880809,59,83870.0067056745,55501.83350910256,139371.84021477707,4846.9
370,998,403,82.89423634458794,14.978957915831664,6.457414829659328,12.903707414829654,42.70440881763527,16.95911823647294,136.3542840420682,64.67234468937876,1426.1135814007248,43.0,8.8,14.840000000000007,49.0,3205.538673782271,69,0.4741645598094044,1.0,4.199999999999999,10.399999999999995,36.0,0.16751042256673632,60,82728.44787189877,54950.77646895349,137679.22434085226,5353.6
371,990,442,80.97453924952315,14.84040404040404,6.451515151515148,12.90319191919191,42.69191919191919,17.117272727272727,132.41136588923072,64.83030303030303,2291.906117205985,42.0,8.9,14.840000000000007,48.0,3204.538673782271,70,0.7578376135093621,1.0,4.199999999999999,10.399999999999995,36.0,0.5138928063760385,60,80164.79385702792,58525.823723039975,138690.6175800679,5372.6
372,1002,444,83.6650779585499,14.8812375249501,6.450299401197604,12.917085828343305,42.743512974051896,17.18942115768462,125.73847103883878,65.01996007984032,3252.9262615994844,42.0,8.9,14.840000000000007,48.0,2291.906117205985,70,0.5965019152881014,1.0,4.199999999999999,10.459999999999996,36.0,0.7013328942218846,60,83832.408114467,55827.88114124442,139660.28925571142,4820.3
373,977,409,83.48465196181336,14.841351074718526,6.4384851586489225,12.914616171954972,42.69293756397134,18.031422722620274,141.01431206667692,65.13613101330604,3252.9262615994844,42.0,8.9,14.840000000000007,48.0,2290.906117205985,70,0.43860342099019256,1.0,4.199999999999999,10.459999999999996,36.0,1.6352450936059575,60,81564.50496669165,57674.85363527086,139239.3586019625,5678.8
374,984,474,78.8042328665785,14.703252032520325,6.437804878048789,12.939552845528457,42.8150406504065,17.541056910569093,131.4597839671128,65.34146341463415,3252.9262615994844,42.0,8.9,14.900000000000007,48.0,2289.906117205985,70,0.7573295377411592,1.0,4.199999999999999,10.459999999999996,36.0,0.8176225468029787,60,77543.36514071324,62311.93760041146,139855.3027411247,5464.8
375,975,410,89.78197123122943,14.838974358974358,6.442153846153851,12.969230769230764,42.7574358974359,18.15630769230767,128.61121103419543,65.49538461538461,3252.9262615994844,42.0,8.9,14.900000000000007,48.5,1422.1135814007248,71,0.7573295377411592,1.0,4.199999999999999,10.459999999999996,36.0,0.6165007391207276,60,87537.4219504487,52730.596524020126,140268.01847446882,4803.0
376,996,428,78.69191984068648,14.859437751004016,6.435542168674703,12.95522088353414,42.799698795180724,17.193072289156618,140.4341277063014,65.69076305220884,2303.7060969718773,42.0,8.9,14.900000000000007,48.5,3252.9262615994844,72,0.7573295377411592,1.0,4.199999999999999,10.459999999999996,36.0,1.0,60,78377.15216132374,60105.806658297,138482.95881962075,5327.6
377,1006,419,82.33396174323236,15.035785288270377,6.402982107355866,12.924353876739552,42.82405566600398,17.482107355864827,134.01787823377026,65.8558648111332,2303.7060969718773,42.0,8.9,14.900000000000007,48.5,3251.9262615994844,72,0.7443458304820209,1.0,4.199999999999999,10.399999999999995,35.5,0.050384843250499856,61,82827.96551369176,56153.49097994974,138981.45649364148,4882.4
378,1000,397,79.0327700331443,15.141,6.3735,12.905579999999992,42.7945,17.878700000000027,148.86337491518145,65.958,2303.7060969718773,42.0,8.9,14.900000000000007,48.5,3250.9262615994844,72,0.7443458304820209,1.0,4.199999999999999,10.399999999999995,35.5,0.38954787235234023,61,79032.7700331443,59098.75984132703,138131.52987447134,5213.5
379,1005,430,84.96353128627517,14.712437810945273,6.370248756218901,12.91006965174129,42.82786069651741,17.705472636815912,123.00535666128067,66.13333333333334,3263.123854046421,42.0,9.0,14.960000000000008,48.5,2303.7060969718773,71,0.7443458304820209,1.0,4.199999999999999,10.399999999999995,35.5,0.6619578357247797,61,85388.34894270655,52892.303364350686,138280.65230705723,5185.3
380,978,440,92.35386548760029,14.745398773006135,6.409815950920248,12.926196319018395,42.82566462167689,18.120654396728018,112.01453008747436,66.31799591002044,3263.123854046421,42.0,9.0,14.960000000000008,48.5,1465.8019460464768,72,0.25711442577977306,1.0,4.199999999999999,10.399999999999995,35.5,0.6403786430590461,61,90322.08044687308,49286.393238488716,139608.4736853618,5241.8
381,984,468,89.89600293056266,14.791666666666666,6.418089430894312,12.926138211382113,42.8109756097561,18.278658536585375,109.28979347151633,66.48069105691057,2317.3727744861862,42.0,9.0,14.960000000000008,48.5,1141.698899603019,72,0.25711442577977306,1.0,4.199999999999999,10.399999999999995,35.5,0.3860076611524055,61,88457.66688367365,51147.62334466964,139605.29022834328,5305.8
382,959,453,90.23848276471861,14.638164754953076,6.412617309697605,12.924900938477585,42.88529718456726,18.572888425443193,119.66423918563422,66.62460896767466,2336.3727744861862,42.0,9.0,14.960000000000008,48.5,1511.013563672141,72,0.25711442577977306,1.0,4.199999999999999,10.399999999999995,35.5,0.5419463941948683,61,86538.70497136515,54207.9003510923,140746.60532245744,4999.900000000001
383,959,486,87.64842720495689,14.381647549530761,6.408550573514069,12.909509906152223,42.988529718456725,18.164337851929087,120.46667923972342,66.7643378519291,2402.3727744861862,42.0,9.0,14.960000000000008,48.5,1733.1426665987042,72,0.25711442577977306,1.0,4.199999999999999,10.399999999999995,35.0,0.16989052205115796,62,84054.84168955365,58546.80611050558,142601.64780005923,4947.0
384,944,475,88.78177803532192,13.990466101694915,6.387605932203392,12.877499999999982,42.97563559322034,17.93887711864408,124.09667569741934,66.90466101694915,2472.581375844947,42.0,9.0,14.960000000000008,48.5,1732.1426665987042,73,0.25711442577977306,1.0,4.199999999999999,10.399999999999995,35.0,0.13791240640155866,62,83809.99846534389,58945.92095627419,142755.91942161808,4738.400000000001
385,957,484,83.50586824779766,14.084639498432601,6.362277951933121,12.870198537095096,42.956635318704286,17.72716823406478,132.24341769771797,67.02194357366771,1716.903447072657,41.0,9.0,14.960000000000008,49.0,2477.6293637649096,73,0.25711442577977306,1.0,4.199999999999999,10.399999999999995,35.5,0.702727644002594,62,79915.11591314236,64005.8141656955,143920.93007883785,4734.8
386,952,418,85.68099677220481,14.267857142857142,6.373319327731095,12.903445378151263,42.890756302521005,17.932983193277305,148.10802524325626,67.17857142857143,1716.903447072657,42.0,9.0,14.960000000000008,49.0,2476.6293637649096,73,0.25711442577977306,1.0,4.199999999999999,10.399999999999995,35.5,0.5142288515595461,62,81568.30892713898,61909.15455168112,143477.4634788201,4934.7
387,1000,442,85.16150722234605,14.146,6.369700000000004,12.906140000000008,42.9535,17.97829999999998,134.4907284712695,67.384,1736.7175161266377,42.0,9.1,14.960000000000008,49.0,2475.6293637649096,74,0.25711442577977306,1.0,4.199999999999999,10.399999999999995,35.0,0.3077961211222786,62,85161.50722234604,59444.90198430112,144606.40920664716,5264.0
388,963,452,85.78707617173967,14.221183800623052,6.403426791277253,12.925711318795436,42.9865005192108,18.639771547248184,139.50439309159407,67.5576323987539,1736.7175161266377,42.0,9.1,14.960000000000008,49.0,2474.6293637649096,74,0.25711442577977306,1.0,4.199999999999999,10.399999999999995,35.0,0.674074387066312,62,82612.9543533853,63055.985677400524,145668.94003078583,5732.7
389,932,489,95.61601026116558,14.298283261802576,6.459763948497853,12.972489270386255,43.06491416309013,18.003218884120162,117.91489538816863,67.81008583690988,1899.1750267021698,42.0,9.1,14.960000000000008,49.0,2473.6293637649096,74,0.5520055639774878,1.0,4.199999999999999,10.399999999999995,35.0,0.09313696453720155,62,89114.12156340633,57660.38384481446,146774.50540822078,5335.3
390,951,477,94.12401758776637,14.242902208201892,6.4404837013669844,12.949968454258661,43.05099894847529,17.168769716088327,123.65081839378016,67.96529968454259,2650.1477861489507,43.0,9.1,14.960000000000008,49.0,1485.140550731111,74,0.31170132004255885,1.0,4.199999999999999,10.399999999999995,35.0,0.20490617361139685,63,89511.94072596582,58981.44037383313,148493.38109979895,4353.0
391,961,420,96.33338112855539,14.460978147762747,6.470031217481788,12.963309053069729,43.034859521331946,17.766701352757536,129.60963673712098,68.13527575442248,1930.1750267021698,43.0,9.1,15.020000000000008,49.5,2650.1477861489507,74,0.31170132004255885,1.0,4.199999999999999,10.399999999999995,35.0,0.32663451595372894,63,92576.37926454173,54436.047429590806,147012.42669413253,5047.700000000001
392,973,447,88.72759399858857,14.487153134635149,6.443576567317569,12.943597122302167,43.0,17.811408016443984,134.78016592084393,68.28057553956835,1802.3224078683038,43.0,9.1,15.020000000000008,49.5,2649.1477861489507,75,0.31170132004255885,1.0,4.199999999999999,10.399999999999995,35.0,0.3338642289443447,63,86331.94896062669,60246.734166617236,146578.68312724392,5655.200000000001
393,948,476,92.29997217153797,13.936708860759493,6.399789029535872,12.942215189873403,43.00210970464135,17.808438818565396,126.64897712553591,68.37447257383967,1802.3224078683038,43.0,9.1,15.020000000000008,49.5,2648.1477861489507,75,0.31170132004255885,1.0,4.199999999999999,10.399999999999995,35.0,0.6585230474682382,63,87500.373618618,60284.91311175509,147785.2867303731,5666.400000000001
394,935,504,96.31731198848556,13.950802139037433,6.37743315508021,12.936256684491987,43.009625668449196,17.380534759358287,117.1626481582073,68.53582887700534,2661.93258651879,42.0,9.1,15.020000000000008,49.5,2762.1184085347277,75,0.31170132004255885,1.0,4.199999999999999,10.399999999999995,35.0,0.5158034755855638,63,90056.686709234,59049.97467173648,149106.66138097047,5201.8
395,934,479,100.10389702023292,13.91220556745182,6.369807280513918,12.915653104925031,43.03265524625267,17.78319057815845,117.66197664350135,68.64346895074947,2767.2915009311214,42.0,9.1,15.020000000000008,49.5,1314.2126444631658,75,0.3292615237341191,1.0,4.199999999999999,10.399999999999995,35.0,0.614129092159287,63,93497.03981689755,56360.08681223715,149857.1266291347,4934.0
396,953,490,97.20849629818699,13.932843651626444,6.389506820566631,12.913704092339966,43.020461699895066,17.93850996852049,118.86992472756131,68.81532004197271,2767.2915009311214,42.0,9.1,15.020000000000008,49.5,1492.3087209854539,75,0.3292615237341191,1.0,4.199999999999999,10.399999999999995,35.0,0.4383861750908586,64,92639.6969721722,58246.26311650504,150885.96008867724,4900.7
397,935,487,92.94607846914295,13.91764705882353,6.388021390374327,12.908171122994657,43.057754010695184,18.001818181818187,134.10771404129608,68.91336898395721,1802.3224078683038,42.0,9.1,15.020000000000008,49.0,2767.2915009311214,76,0.3292615237341191,1.0,4.199999999999999,10.399999999999995,35.0,1.0500058694952772,64,86904.58336864866,65310.456738111185,152215.04010675984,5008.4
398,954,497,88.06956865853103,13.88993710691824,6.414989517819701,12.929601677148842,43.13784067085954,18.168763102725386,140.06177697983472,69.12368972746332,1718.3732411355575,42.0,9.1,15.020000000000008,49.5,2766.2915009311214,76,0.3292615237341191,1.0,4.199999999999999,10.399999999999995,34.5,1.0413865247299507,64,84018.3685002386,69610.70315897785,153629.07165921645,4850.1
399,940,474,103.87703723433567,13.629787234042553,6.415319148936168,12.927914893617029,43.07606382978724,17.989361702127663,118.06163624861883,69.30212765957447,1885.5115454440581,42.0,8.9,15.020000000000008,49.5,2765.2915009311214,77,0.2865395548877173,1.0,4.199999999999999,10.399999999999995,34.5,0.04138652472995075,64,97644.41500027553,55961.215581845325,153605.63058212085,4871.0
400,957,502,96.77156626559805,13.653082549634274,6.390386624869381,12.912957157784733,43.09456635318704,17.86112852664578,122.47657525079222,69.46917450365726,2843.1071019374062,42.0,8.9,15.020000000000008,49.5,1717.3732411355575,77,0.2865395548877173,1.0,4.199999999999999,10.339999999999995,34.5,1.0,64,92610.38891617734,61483.2407758977,154093.62969207505,5011.3
401,945,434,105.32208018373754,13.834920634920636,6.398835978835977,12.934687830687833,43.113227513227514,18.724126984126983,125.86370146040937,69.64656084656085,2843.1071019374062,42.0,8.9,15.020000000000008,49.5,1716.3732411355575,78,0.3292615237341191,1.0,4.199999999999999,10.339999999999995,34.5,0.4174141410519141,65,99529.36577363197,54624.84643381767,154154.21220744966,4913.0
402,951,489,98.9993658520129,13.993690851735016,6.389064143007359,12.916256572029427,43.14143007360673,17.924290220820193,119.7418046759553,69.82754994742376,1637.1708825502403,42.0,8.9,15.080000000000009,49.5,1715.3732411355575,78,0.28568146849703735,1.0,4.299999999999999,10.339999999999995,34.5,0.3792109436046127,65,94148.39692526427,58553.74248654214,152702.13941180642,5445.0
403,908,481,97.8037804150325,13.860132158590309,6.371145374449335,12.89643171806168,43.19603524229075,18.148678414096917,134.86049856171493,69.93281938325991,1744.2478486375664,42.0,8.9,15.080000000000009,49.5,1714.3732411355575,78,0.28568146849703735,1.0,4.299999999999999,10.339999999999995,35.0,0.6978159399073673,65,88805.83261684951,64867.899808184884,153673.7324250344,4944.5
404,948,506,93.00080140874586,13.740506329113924,6.3609704641350255,12.895696202531655,43.23681434599156,17.807911392405053,129.11638163598147,70.11603375527426,1331.407888557057,42.0,8.9,15.080000000000009,49.5,1744.2478486375664,78,0.28568146849703735,1.0,4.299999999999999,10.279999999999994,35.0,0.4758401033991153,65,88164.75973549107,65332.88910780662,153497.64884329768,4924.7
405,949,467,103.22671590154751,13.566912539515279,6.398314014752368,12.918040042149634,43.233930453108535,17.767123287671215,120.29187829282198,70.2518440463646,1737.0361675021338,42.0,8.9,15.080000000000009,49.5,1743.2478486375664,78,0.5176509690652709,1.0,4.299999999999999,10.279999999999994,35.0,0.08457797868310157,65,97962.15339056858,56176.307162747864,154138.46055331646,4526.1
406,970,429,97.77415108921981,13.307216494845362,6.404123711340212,12.919237113402067,43.23453608247423,17.669896907216497,135.97213848680803,70.44432989690722,2440.105499025352,42.0,8.9,15.080000000000009,49.5,1393.928967328237,79,0.5140062853937587,1.0,4.299999999999999,10.279999999999994,35.0,0.4377602179751534,65,94840.92655654321,58332.04741084064,153172.97396738385,4916.1
407,998,458,90.60179619296132,13.20440881763527,6.4296593186372775,12.911142284569133,43.31462925851704,17.436673346693368,136.02293289616907,70.60320641282566,1737.0361675021338,43.0,8.9,15.080000000000009,49.5,1392.928967328237,79,0.25700314269687935,1.0,4.299999999999999,10.279999999999994,35.0,0.5176509690652709,65,90420.5926005754,62298.50326644543,152719.09586702083,4751.5
408,989,408,95.93776969258894,13.203235591506573,6.438827098078868,12.922608695652176,43.323053589484324,18.360465116279055,143.30147379578034,70.79170879676441,1799.3620202352863,43.0,8.9,15.080000000000009,49.5,1391.928967328237,79,0.25700314269687935,1.0,4.299999999999999,10.279999999999994,35.0,0.9605700614248794,65,94882.45422597046,58467.00130867838,153349.45553464885,5149.5
409,1009,415,96.26671341910402,13.310208126858276,6.448067393458866,12.92848364717542,43.31665014866204,18.379385530227964,134.7503792598249,70.99108027750248,1799.3620202352863,43.0,8.9,15.020000000000008,49.5,1390.928967328237,78,0.25700314269687935,1.0,4.299999999999999,10.279999999999994,34.5,0.43279897966487657,66,97133.11383987596,55921.407392827336,153054.5212327033,5394.0
410,997,438,94.16713969221331,13.358074222668003,6.443329989969911,12.902928786359093,43.28686058174524,18.203410230692107,135.21611047573853,71.10431293881645,1508.6107668661984,43.0,8.9,15.080000000000009,49.5,1571.4903160982933,78,0.25700314269687935,1.0,4.299999999999999,10.279999999999994,34.5,0.38505781149044305,66,93884.63827313668,59224.65638837347,153109.29466151015,5403.700000000001
411,976,446,97.92256217590327,13.123975409836065,6.419364754098361,12.921024590163936,43.368852459016395,18.517725409836075,131.62815685932298,71.22438524590164,1616.4005068588096,43.0,8.9,15.080000000000009,49.5,1508.6107668661984,78,0.5993996277645287,1.0,4.299999999999999,10.279999999999994,34.5,0.7014308985954472,66,95572.42068368159,58706.15795925805,154278.57864293962,5176.5
412,953,481,97.38285660579761,13.15529905561385,6.431059811122761,12.898132214060873,43.46222455403987,18.682791185729293,128.9491515406017,71.44700944386149,1616.4005068588096,43.0,8.9,15.080000000000009,49.5,1507.6107668661984,79,0.6922105066639871,1.0,4.299999999999999,10.279999999999994,34.5,0.5993996277645287,66,92805.86234532512,62024.54189102941,154830.40423635452,5499.8
413,930,513,97.9000167315119,13.005376344086022,6.4663440860215,12.94359139784947,43.45752688172043,18.41892473118279,125.86981398149925,71.64301075268817,1616.4005068588096,43.0,8.9,15.14000000000001,49.5,1454.333299472983,79,0.6922105066639871,1.0,4.299999999999999,10.279999999999994,34.5,0.5877077126202654,66,91047.01556030607,64571.21457250912,155618.2301328152,5120.400000000001
414,920,505,97.70885576667226,13.331521739130435,6.4798913043478175,12.95776086956523,43.3625,18.00869565217391,131.1862201015125,71.83695652173913,1616.4005068588096,43.0,8.9,15.14000000000001,49.5,1508.9381307013953,79,0.5612369450537774,1.0,4.299999999999999,10.219999999999994,34.5,0.2928331746830768,66,89892.14730533848,66249.04115126381,156141.18845660228,4671.3
415,908,531,96.31673335487164,13.070484581497798,6.441409691629954,12.951718061674022,43.33259911894273,17.901431718061676,133.0119041796878,71.931718061674,1616.4005068588096,43.0,8.9,15.14000000000001,49.5,1421.0463244824718,79,0.35473544121206974,1.0,4.299999999999999,10.219999999999994,35.0,0.48475111954965167,66,87455.59388622345,70629.32111941422,158084.91500563768,4742.7
416,924,523,101.69962452507895,13.143939393939394,6.401731601731598,12.916406926406912,43.31547619047619,17.870887445887455,124.35956500584457,72.02380952380952,1616.4005068588096,43.0,8.9,15.14000000000001,49.5,1420.0463244824718,80,0.35473544121206974,1.0,4.299999999999999,10.219999999999994,35.0,1.0,66,93970.45306117294,65040.05249805671,159010.50555922964,4504.0
417,922,505,98.84908999421582,12.967462039045554,6.387418655097616,12.896203904555342,43.3497830802603,17.727548806941446,133.43238465874447,72.15075921908894,2441.596137001596,43.0,8.9,15.14000000000001,49.5,1419.0463244824718,80,0.35473544121206974,1.0,4.199999999999999,10.219999999999994,35.0,0.19879925552905742,66,91138.86097466698,67383.35425266596,158522.21522733296,4638.2
418,926,536,92.23910303539952,12.66414686825054,6.395356371490277,12.906069114470844,43.33261339092873,17.597192224622024,140.15499541916603,72.2742980561555,2441.596137001596,43.0,8.9,15.14000000000001,50.0,1819.2545255088978,80,0.35473544121206974,1.0,4.199999999999999,10.219999999999994,35.0,0.656400658374471,67,85413.40941077996,75123.077544673,160536.48695545294,4961.0
419,909,476,95.31331382329509,12.657865786578657,6.385258525852582,12.888954895489544,43.27612761276128,17.653795379537954,155.71016685975806,72.38943894389439,2042.2101590634652,43.0,8.9,15.14000000000001,50.0,2441.596137001596,80,0.35473544121206974,1.0,4.199999999999999,10.219999999999994,35.0,0.3025412229856643,67,86639.80226537524,74118.03942524483,160757.84169062006,4618.1
420,977,496,90.99286343699397,12.543500511770727,6.3978505629478075,12.900163766632543,43.28659160696008,17.412077789150462,144.91078737990867,72.59263050153531,2042.2101590634652,43.0,8.9,15.14000000000001,50.0,2440.596137001596,80,0.35473544121206974,1.0,4.199999999999999,10.159999999999993,35.0,0.01529356796415171,67,88900.02757794311,71875.7505404347,160775.7781183778,4567.0
421,964,405,105.9755913911933,12.535269709543568,6.401348547717833,12.913568464730293,43.28941908713693,18.20093360995848,139.5471704923881,72.80809128630706,1615.8420591895397,43.0,8.9,15.080000000000009,50.0,2439.596137001596,80,0.35473544121206974,1.0,4.199999999999999,10.159999999999993,35.0,1.0,67,102160.47010111035,56516.604049417176,158677.07415052754,5123.1
422,998,470,94.37209698563257,12.246492985971944,6.429458917835673,12.92354709418836,43.39679358717435,17.905210420841687,134.37785197643976,72.99699398797596,1933.9780269371379,43.0,8.9,15.080000000000009,50.0,2438.596137001596,81,0.4960074868924074,1.0,4.1,10.159999999999993,35.5,0.07736383519686019,68,94183.3527916613,63157.59042892669,157340.94322058797,5585.099999999999
423,969,441,94.29137310074957,12.504643962848297,6.427244582043349,12.913601651186784,43.47781217750258,18.479979360165125,149.34168293615875,73.15376676986584,1782.587708429213,43.0,8.9,15.080000000000009,50.0,2437.596137001596,81,0.40392368477093965,1.0,4.1,10.159999999999993,36.0,0.3576961282174125,68,91368.34053462633,65859.682174846,157228.02270947234,5145.8
424,969,490,89.7825726371941,12.431372549019608,6.402786377708979,12.886852425180583,43.4984520123839,18.704540763673894,144.60385550439443,73.26006191950465,1782.587708429213,42.0,8.9,15.080000000000009,50.0,2436.596137001596,81,0.40392368477093965,1.0,4.1,10.219999999999994,36.0,0.3042439911986796,68,86999.31288544108,70855.88919715327,157855.20208259433,6009.7
425,922,469,93.15574855660512,12.261388286334057,6.382863340563982,12.845032537960956,43.538503253796094,18.65477223427333,154.2923509441669,73.31995661605207,1971.7557752889877,42.0,8.9,15.080000000000009,50.0,2435.596137001596,81,0.40392368477093965,1.0,4.1,10.399999999999995,36.0,0.6788289934169471,68,85889.60016918991,72363.11259281429,158252.7127620042,5333.5
426,943,499,97.77176673422831,12.485683987274655,6.366808059384943,12.833700954400852,43.57953340402969,18.060127253446463,134.06737493026395,73.48674443266172,2442.972619512096,42.0,9.0,15.080000000000009,50.0,1781.587708429213,81,0.40392368477093965,1.0,4.1,10.339999999999995,36.0,0.10838070389245513,68,92198.7760303773,66899.62009020172,159098.396120579,4915.4
427,946,471,101.5235045183321,12.408033826638478,6.3569767441860465,12.829260042283291,43.58985200845666,17.803699788583526,134.46586675750217,73.64693446088795,2442.972619512096,42.0,9.0,15.080000000000009,50.0,1780.587708429213,82,0.40392368477093965,1.0,4.1,10.339999999999995,36.0,1.0,68,96041.23527434217,63333.423242783516,159374.65851712567,4477.099999999999
428,964,443,96.50658272860693,12.20643153526971,6.359854771784236,12.831182572614098,43.613070539419084,17.999999999999993,147.49797456528938,73.7759336099585,1782.5134454951606,42.0,9.0,15.080000000000009,50.0,2442.972619512096,82,0.5256529267714076,1.0,4.1,10.339999999999995,36.0,0.058278282634961265,68,93032.34575037708,65341.60273242319,158373.94848280028,5269.0
429,945,518,91.25877819384772,11.948148148148148,6.335767195767197,12.830264550264566,43.58783068783069,17.204232804232795,140.95266104252957,73.96719576719576,1325.8851938063788,42.0,9.0,15.020000000000008,49.5,2441.972619512096,83,0.5256529267714076,1.0,4.1,10.339999999999995,36.5,0.9068572430184787,68,86239.5453931861,73013.47842003031,159253.02381321642,5335.2
430,949,449,98.12483008864459,11.885142255005269,6.365015806111697,12.86826132771338,43.67386722866175,18.21633298208642,147.42763441736452,74.14330874604848,1846.6207552323121,42.0,9.0,15.020000000000008,49.5,2440.972619512096,83,0.5256529267714076,1.0,4.1,10.339999999999995,36.5,0.6269116959955188,68,93120.46375412372,66195.00785339667,159315.4716075204,4836.4
431,969,489,91.61947673144478,11.997936016511868,6.346026831785346,12.865159958720325,43.66047471620227,18.264499484004112,146.17146483775244,74.36842105263158,2463.0357309464107,42.0,8.9,15.020000000000008,49.5,1968.7557752889877,83,0.5256529267714076,1.0,4.1,10.339999999999995,36.5,0.27704813031288733,68,88779.27295276998,71477.84630566095,160257.11925843093,5370.5
432,929,460,104.83604635312042,12.121636167922498,6.329924650161466,12.870785791173306,43.688374596340154,18.45888051668462,139.17675449884905,74.53928955866523,2463.0357309464107,42.0,9.0,15.020000000000008,49.5,1967.7557752889877,83,0.5109789482320807,1.0,4.1,10.339999999999995,36.5,0.2817121800405147,69,97392.68706204888,64021.30706947057,161413.99413151946,5229.5
433,949,522,94.02823660647393,12.337197049525816,6.3596417281348785,12.884889357218123,43.682824025289776,17.799894625922015,139.88000089994082,74.8113804004215,2463.0357309464107,42.0,9.0,15.020000000000008,49.5,1966.7557752889877,84,0.3049109117552935,1.0,4.1,10.339999999999995,36.5,0.11386352282623591,69,89232.79653954375,73017.3604697691,162250.15700931285,5218.4
434,913,455,106.83536636153485,12.204819277108435,6.362212486308875,12.893625410733854,43.754654983570646,18.179408543263964,141.7282280042153,74.94414019715225,2010.5671759965926,42.0,9.0,15.020000000000008,49.5,2463.0357309464107,84,0.3049109117552935,1.0,4.1,10.339999999999995,36.5,0.2511296969445276,69,97540.68948808132,64486.34374191796,162027.03322999927,4744.5
435,975,481,95.68412447755378,12.361025641025641,6.351076923076918,12.87872820512819,43.71897435897436,17.54389743589743,141.4051638930144,75.12820512820512,2010.5671759965926,42.0,9.0,15.020000000000008,49.5,2462.0357309464107,84,0.5109789482320807,1.0,4.1,10.399999999999995,36.5,0.9212434725268888,69,93292.02136561494,68015.88383253993,161307.90519815485,5024.7
436,944,457,102.55397679410115,12.466101694915254,6.359533898305081,12.895254237288116,43.746822033898304,17.855084745762728,142.92507934249517,75.27754237288136,2482.6289732898026,42.0,9.0,15.080000000000009,50.0,1843.6207552323121,84,0.5109789482320807,1.0,4.1,10.399999999999995,36.5,0.609821823510587,69,96810.95409363149,65316.76125952029,162127.71535315178,5124.6
437,965,495,97.92698808906785,12.17098445595855,6.35730569948187,12.859502590673562,43.854922279792746,18.112849740932624,136.77463881958576,75.41968911917098,2482.6289732898026,41.0,9.0,15.080000000000009,50.0,1842.6207552323121,84,0.5109789482320807,1.0,3.9999999999999996,10.399999999999995,36.5,0.08738293936253272,69,94499.54350595047,67703.44621569494,162202.98972164543,5518.6
438,938,437,105.74717803447,12.116204690831557,6.343390191897648,12.862601279317696,43.884328358208954,19.47014925373134,144.64168437093934,75.5181236673774,2482.6289732898026,41.0,9.0,15.080000000000009,50.0,1979.6504351504068,84,0.5722899748503407,1.0,3.9999999999999996,10.459999999999996,36.5,0.17476587872506544,69,99190.85299633286,63208.416070100495,162399.26906643336,5560.200000000001
439,940,524,92.64523062203934,11.779787234042553,6.349255319148919,12.828574468085101,43.87872340425532,18.485106382978735,145.96244811437154,75.70638297872341,2482.6289732898026,41.0,9.0,15.080000000000009,50.5,1978.6504351504068,85,0.5775481984961688,1.0,3.9999999999999996,10.459999999999996,36.5,0.46799901161586366,69,87086.51678471698,76484.32281193069,163570.83959664765,5766.4
440,906,483,96.9941082303869,11.803532008830022,6.368763796909491,12.844701986754947,43.87362030905077,18.365673289183228,156.36521486198805,75.82339955849889,1870.3208858331689,41.0,9.1,15.080000000000009,50.5,2482.6289732898026,85,0.5775481984961688,1.0,3.9999999999999996,10.459999999999996,36.5,0.9877406106641438,69,87876.66205673054,75524.39877834023,163401.06083507076,4445.5
441,947,490,91.52774427724272,12.208025343189018,6.409186906019011,12.85923970432945,43.84741288278775,17.50158394931361,152.4788017160495,76.0559662090813,2313.7785579115534,41.0,9.1,15.080000000000009,50.5,2481.6289732898026,85,0.28614498742517036,1.0,3.9999999999999996,10.459999999999996,36.5,0.48922797532558704,69,86676.77383054886,74714.61284086425,161391.3866714131,4687.8
442,956,477,99.57942410224611,12.101464435146443,6.4144351464435205,12.866255230125505,43.89748953974895,17.36631799163179,139.9035800746514,76.22594142259415,2509.5156285827265,41.0,9.0,15.080000000000009,50.5,1948.101269846573,85,0.28614498742517036,1.0,3.9999999999999996,10.459999999999996,36.5,0.3978748871391611,70,95197.92944174728,66734.00769560871,161931.937137356,4443.0
443,940,445,103.34123852197177,12.097872340425532,6.376914893617017,12.83778723404254,43.88085106382979,18.01968085106383,143.1912051025099,76.33829787234042,2509.5156285827265,41.0,9.0,15.080000000000009,50.5,1947.101269846573,85,0.5163111842645051,1.0,3.9999999999999996,10.459999999999996,36.5,0.032622368529010126,70,97140.76421065346,63720.08627061691,160860.85048127038,5516.1
444,960,483,102.4157765136052,11.929166666666667,6.377500000000001,12.853437500000009,43.884375,18.613229166666667,130.34043113404346,76.55208333333333,2509.5156285827265,41.0,9.0,15.14000000000001,50.5,1946.101269846573,86,0.5568472260713764,1.0,3.9999999999999996,10.459999999999996,36.0,0.4749275961637828,70,98319.14545306099,62954.42823774299,161273.57369080398,5376.8
445,943,464,100.62468890734569,11.851537645811241,6.373276776246023,12.83930010604453,43.93425238600212,19.529056203605524,144.35424326424612,76.6829268292683,2509.5156285827265,41.0,9.0,15.14000000000001,50.5,2060.240005258542,86,0.5615262156778944,1.0,3.9999999999999996,10.459999999999996,36.0,0.9813890439577917,70,94889.08163962698,66980.3688746102,161869.45051423716,5407.0
446,914,513,101.82920091437477,11.565645514223196,6.381509846827136,12.83056892778993,43.96881838074398,18.95645514223196,136.59310110649503,76.86761487964989,2575.691573692531,41.0,9.0,15.14000000000001,50.5,1745.3385472893774,86,0.5615262156778944,1.0,3.9999999999999996,10.459999999999996,36.0,0.005713232968115767,70,93071.88963573854,70072.26086763195,163144.1505033705,5338.8
447,922,521,95.14467481935584,11.491323210412148,6.37852494577007,12.836702819956615,43.98590021691974,18.478633405639922,144.30900938245207,77.0227765726681,1766.50427452862,41.0,9.0,15.14000000000001,50.5,2668.3487019369495,86,0.5615262156778944,1.0,3.9999999999999996,10.519999999999996,36.0,1.0,70,87723.39018344608,75184.99388825754,162908.38407170362,4463.8
448,910,452,105.43214543826261,11.59010989010989,6.37263736263736,12.854791208791198,43.97582417582417,18.33747252747254,146.93880094015134,77.12307692307692,1766.50427452862,41.0,8.9,15.14000000000001,50.5,2667.3487019369495,86,0.6194000997288707,1.0,3.9999999999999996,10.519999999999996,36.0,0.16910591855824264,70,95943.25234881898,66416.3380249484,162359.59037376737,4438.5
449,930,461,100.35725162176605,11.36021505376344,6.373548387096773,12.817139784946235,44.00698924731183,17.814731182795686,145.8165073919823,77.35591397849463,1766.50427452862,41.0,8.9,15.14000000000001,50.5,2666.3487019369495,87,0.6194000997288707,1.0,3.9999999999999996,10.459999999999996,36.0,0.29881484630130073,70,93332.24400824243,67221.40990770384,160553.65391594626,5234.6
450,952,493,94.63859063896025,10.941176470588236,6.349054621848747,12.794705882352936,44.105567226890756,18.194747899159665,146.90731967269758,77.41701680672269,2673.2430892486595,41.0,8.9,15.14000000000001,50.5,1873.745918483383,87,0.42191492495316996,1.0,3.9999999999999996,10.459999999999996,36.0,0.0025898021030972274,70,90095.93828829016,72425.30859863991,162521.24688693008,5120.1
451,914,505,103.34797006050145,10.60722100656455,6.340590809628007,12.782735229759309,44.24781181619256,18.74299781181618,136.02797171689437,77.4835886214442,2673.2430892486595,41.0,8.9,15.20000000000001,50.5,1766.50427452862,87,0.6194000997288707,1.0,3.9999999999999996,10.459999999999996,36.0,0.17108874286925513,70,94460.04463529833,68694.12571703165,163154.17035232997,5711.8
452,920,538,101.13851261665091,10.622826086956522,6.346304347826073,12.80330434782609,44.2929347826087,19.291195652173915,131.40667195155444,77.68695652173913,1878.4005582706263,41.0,8.9,15.20000000000001,50.5,1538.8135507187774,87,0.5225431940482133,1.0,3.9999999999999996,10.459999999999996,36.0,0.6461769771463313,71,93047.43160731884,70696.7895099363,163744.22111725513,5573.3
453,886,529,103.40763600989749,10.389390519187359,6.341196388261853,12.799999999999995,44.34537246049661,18.98431151241536,134.4589742954976,77.8002257336343,1878.4005582706263,41.0,8.9,15.20000000000001,51.0,1484.0763291033772,87,0.3644294834105618,1.0,3.9999999999999996,10.459999999999996,36.0,0.15697466053122522,71,91619.16550476917,71128.79740231823,162747.9629070874,4905.3
454,896,552,105.7794725543632,10.503348214285714,6.364843749999999,12.838325892857144,44.412388392857146,18.263616071428572,125.6652270597401,77.98772321428571,1878.4005582706263,41.0,8.8,15.20000000000001,51.0,1483.0763291033772,87,0.3644294834105618,1.0,3.9999999999999996,10.459999999999996,35.5,0.3535723306718146,71,94778.40740870942,69367.20533697653,164145.61274568597,4354.099999999999
455,912,469,117.19371816626793,10.406798245614034,6.354166666666663,12.830000000000005,44.5109649122807,18.292105263157893,118.53383085392637,78.11184210526316,1897.0551980578696,41.0,8.8,15.26000000000001,51.0,1508.7029032151265,85,0.36370527551056153,1.0,3.9999999999999996,10.459999999999996,35.5,0.33353728547145334,71,106880.67096763635,55592.36667049147,162473.03763812783,4366.8
456,960,483,101.80222337372773,10.569791666666667,6.345624999999998,12.842562500000012,44.465625,18.22020833333332,126.6106366901916,78.33958333333334,1867.6359607532431,33.0,8.8,15.26000000000001,51.0,1507.7029032151265,85,0.36370527551056153,1.0,3.9999999999999996,10.519999999999996,35.5,0.34217748573851026,72,97730.13443877862,61152.93752136254,158883.07196014115,5310.599999999999
457,944,487,101.03783806359404,10.497881355932204,6.351271186440685,12.82423728813559,44.52383474576271,18.66874999999999,132.06134201185202,78.51165254237289,1946.871326518348,33.0,8.8,15.26000000000001,51.0,1574.1340228326553,85,0.36370527551056153,1.0,3.9999999999999996,10.519999999999996,35.5,0.3644294834105618,72,95379.71913203277,64313.873559771935,159693.5926918047,5206.9
458,950,503,101.73917813139468,10.615789473684211,6.359263157894735,12.82957894736842,44.52947368421053,18.81263157894739,126.24045220027216,78.71263157894737,1867.6359607532431,33.0,8.8,15.26000000000001,51.0,1540.1581385420075,85,0.36370527551056153,1.0,3.9999999999999996,10.519999999999996,35.5,0.06802456766674703,72,96652.21922482495,63498.947456736896,160151.16668156185,5183.2
459,926,486,105.11700671623173,10.474082073434126,6.333909287257021,12.795529157667383,44.52159827213823,19.29892008639309,131.5092625963501,78.85421166306695,1867.6359607532431,33.0,8.8,15.26000000000001,51.0,1574.2828162823414,84,0.36370527551056153,1.0,3.9999999999999996,10.459999999999996,35.5,0.1611771216811737,72,97338.34821923058,63913.50162182616,161251.84984105674,5507.3
460,945,509,92.98894784658881,10.626455026455027,6.361164021164028,12.789121693121695,44.53597883597884,18.924867724867724,144.46046182878942,79.05714285714286,1691.9161852403909,33.0,8.8,15.26000000000001,50.5,1867.6359607532431,84,0.4050299207023933,1.0,3.9999999999999996,10.459999999999996,35.5,0.36370527551056153,72,87874.55571502644,73530.37507085381,161404.93078588025,5195.9
461,927,466,106.1802026423372,10.518878101402374,6.36202804746494,12.785523193096004,44.555016181229774,19.062783171521048,135.48882794873225,79.23624595469256,1402.994937827691,33.0,8.8,15.26000000000001,50.5,2118.6700335720548,85,0.2674889238021426,1.0,3.9999999999999996,10.459999999999996,35.5,0.7561028256252077,72,98429.0478494466,63137.793824109234,161566.84167355584,4991.3
462,931,548,98.79010517402806,10.505907626208378,6.3655209452201875,12.790912996777662,44.63265306122449,18.049838882921616,125.57630804415395,79.484425349087,1976.5731237381597,32.0,8.8,15.26000000000001,51.0,2117.6700335720548,85,0.2674889238021426,1.0,3.9999999999999996,10.459999999999996,35.5,0.13350307095834335,72,91973.58791702012,68815.81680819637,160789.4047252165,5408.9
463,919,462,111.89994575826725,10.704026115342764,6.376713819368873,12.82039173014145,44.752992383025024,18.47986942328619,123.73834477148773,79.6550598476605,1976.5731237381597,32.0,8.8,15.26000000000001,51.0,2116.6700335720548,86,0.2674889238021426,1.0,3.9999999999999996,10.459999999999996,35.5,0.1343662984883216,72,102836.05015184761,57167.11528442733,160003.16543627495,4475.2
464,950,477,93.95433186797312,10.594736842105263,6.384842105263163,12.818884210526315,44.741578947368424,18.037473684210514,144.5369955937866,79.91263157894737,1976.5731237381597,32.0,8.8,15.26000000000001,51.0,2115.6700335720548,86,0.5035599380342362,1.0,3.9999999999999996,10.399999999999995,35.5,0.643200866643578,73,89256.61527457446,68944.14689823621,158200.76217281068,5303.0
465,962,467,99.53732712308738,10.72037422037422,6.38388773388773,12.835135135135127,44.78170478170478,18.24812889812888,135.38469412487393,80.04469854469855,1869.924878579347,32.0,8.8,15.26000000000001,51.0,2114.6700335720548,86,0.46099526164876636,1.0,3.9999999999999996,10.399999999999995,35.5,0.2670061419166867,73,95754.90869241006,63224.65215631613,158979.5608487262,5052.6
466,946,506,99.5726140509946,10.654334038054968,6.392283298097246,12.832431289640606,44.807610993657505,17.953911205073993,129.171485736859,80.24524312896406,2144.4649791808347,32.0,8.8,15.26000000000001,51.0,1975.5731237381597,86,0.3712027715949344,1.0,3.9999999999999996,10.399999999999995,35.5,0.10884260293837489,73,94195.6928922409,65360.77178285066,159556.46467509156,5551.5
467,941,474,108.65298365238114,10.30818278427205,6.3964930924548415,12.803804463336867,44.873007438894795,18.924442082890526,121.20539140880354,80.394261424017,2144.4649791808347,32.0,8.700000000000001,15.20000000000001,51.0,1453.4862609934082,86,0.3712027715949344,1.0,3.9999999999999996,10.399999999999995,35.5,0.30169590534191915,73,102242.45761689065,57451.355527772874,159693.81314466352,5444.099999999999
468,918,540,101.80681994199611,10.322440087145969,6.413725490196087,12.792636165577344,44.94553376906318,19.069716775599137,124.43863280955615,80.56971677559913,2144.4649791808347,32.0,8.700000000000001,15.20000000000001,51.0,1869.924878579347,86,0.3712027715949344,1.0,3.9999999999999996,10.399999999999995,36.0,0.5548034781463784,74,93458.66070675243,67196.86171716033,160655.52242391277,5948.4
469,886,520,103.22322390209881,10.545146726862303,6.398758465011289,12.783566591422142,44.95428893905192,19.126185101580113,131.70807654363566,80.78103837471784,2239.5796131268385,32.0,8.700000000000001,15.20000000000001,51.0,1868.924878579347,86,0.3712027715949344,1.0,3.9999999999999996,10.399999999999995,36.0,0.007119876068472308,74,91455.77637725955,68488.19980269053,159943.97617995008,5505.799999999999
470,919,552,101.03967489896593,10.781284004352557,6.416866158868328,12.81168661588684,45.02883569096844,18.80119695321002,123.57459311956293,80.97606093579978,2239.5796131268385,33.0,8.700000000000001,15.26000000000001,51.5,1713.082122099459,87,0.3712027715949344,1.0,3.9999999999999996,10.339999999999995,36.0,0.49613131877134675,74,92855.46123214968,68213.17540199874,161068.63663414842,4743.2
471,901,487,108.23541792371468,10.921198668146504,6.408990011098785,12.816847946725861,45.04716981132076,19.363374028856832,128.49387382008888,81.06881243063263,2239.5796131268385,33.0,8.700000000000001,15.26000000000001,51.5,1712.082122099459,87,0.868182415656731,1.0,3.9999999999999996,10.339999999999995,36.0,0.35024350612332533,74,97520.11154926692,62576.51655038328,160096.6280996502,5034.1
472,903,567,98.90241604217644,10.81063122923588,6.391472868217054,12.803986710963459,44.98671096345515,18.610852713178303,126.08748386707947,81.26467331118494,1869.3178408570257,33.0,8.700000000000001,15.320000000000011,51.5,2239.5796131268385,87,0.36517504330617084,1.0,3.9999999999999996,10.339999999999995,36.0,0.3458941289894675,74,89308.88168608533,71491.60335263406,160800.48503871937,5762.0
473,892,488,113.46558754422698,10.859865470852018,6.393497757847529,12.819641255605386,45.03251121076233,18.532286995515708,121.87254477451972,81.39798206278027,1886.4638365239873,33.0,8.8,15.320000000000011,51.5,2238.5796131268385,87,0.36517504330617084,1.0,3.8999999999999995,10.339999999999995,36.0,0.2912272906382767,74,101211.30408945047,59473.801849965625,160685.1059394161,4251.599999999999
474,906,493,100.69481929483464,10.915011037527593,6.397682119205299,12.836799116997783,45.00220750551876,18.370750551876384,138.56423641845288,81.65452538631347,1886.4638365239873,33.0,8.8,15.380000000000011,51.5,2237.5796131268385,87,0.36517504330617084,1.0,3.8999999999999995,10.339999999999995,36.0,0.619517056648923,75,91229.5062811202,68312.16855429727,159541.67483541748,5333.0
475,932,515,92.59554026974428,11.098712446351932,6.423927038626601,12.874291845493548,45.07027896995708,18.591201716738205,143.52636666543933,81.8969957081545,1895.985253611996,34.0,8.8,15.380000000000011,51.5,2236.5796131268385,87,0.36517504330617084,1.0,3.8999999999999995,10.339999999999995,36.0,0.4607001732246834,75,86299.04353140166,73916.07883270126,160215.12236410292,5200.4
476,906,525,99.18341689240266,11.142384105960264,6.406953642384096,12.839558498896253,45.124724061810156,18.51059602649006,135.91745283116634,82.06843267108168,1895.985253611996,34.0,8.8,15.380000000000011,51.5,2235.5796131268385,87,0.4896301736073766,1.0,3.8999999999999995,10.339999999999995,36.0,0.316797150313036,75,89860.1757045168,71356.66273636233,161216.83844087913,5234.5
477,885,549,94.45326889429217,10.901694915254238,6.422598870056489,12.821039548022593,45.18700564971751,18.324293785310733,144.6602430332018,82.24745762711865,1895.985253611996,34.0,8.8,15.380000000000011,51.5,2234.5796131268385,88,0.3048348980180474,1.0,3.8999999999999995,10.339999999999995,36.0,0.21933959207218967,75,83591.14297144857,79418.47342522778,163009.61639667634,5273.3
478,902,551,93.78823899730467,10.840354767184035,6.448669623059864,12.829800443458991,45.291574279379155,18.0628603104213,141.61431278780125,82.37583148558758,1895.985253611996,34.0,8.8,15.380000000000011,51.5,2233.5796131268385,88,0.3048348980180474,1.0,3.8999999999999995,10.339999999999995,36.0,0.09983806084666669,75,84596.99157556881,78029.48634607848,162626.4779216473,4638.6
479,908,485,102.30995743175504,10.851321585903083,6.443832599118931,12.82246696035243,45.334251101321584,18.67070484581497,144.1157297840122,82.50660792951543,1954.7237961823455,34.0,8.8,15.440000000000012,51.5,2232.5796131268385,88,0.3048348980180474,1.0,3.8999999999999995,10.339999999999995,36.0,0.6394904664727032,75,92897.44134803358,69896.12894524592,162793.57029327948,4506.3
480,955,477,95.46715906635121,10.798952879581153,6.442408376963339,12.83145549738221,45.46701570680628,18.383769633507868,145.45675836931377,82.72565445026179,2247.354229810983,34.0,8.8,15.440000000000012,52.0,1951.549035159207,88,0.5784002780533543,1.0,3.8999999999999995,10.339999999999995,36.0,0.3795559440221523,75,91171.13690836541,69382.87374216267,160554.01065052807,5235.5
481,967,489,96.79402930871798,10.776628748707342,6.441571871768348,12.833257497414692,45.5258531540848,18.860496380558416,139.30079162444162,82.88417786970011,1715.764962051873,31.0,8.8,15.440000000000012,52.0,2247.354229810983,89,0.632785820149205,1.0,3.8999999999999995,10.459999999999996,36.0,0.7735936695928478,76,93599.8263415303,68118.08710435194,161717.91344588224,5348.0
482,964,465,102.71992782622723,10.62344398340249,6.419190871369288,12.80319502074687,45.516597510373444,19.162448132780096,134.34876631335166,83.0155601659751,2299.1340361267467,32.0,8.8,15.440000000000012,52.0,1967.9403311728938,89,0.2918626572994141,1.0,3.8999999999999995,10.459999999999996,36.0,0.35820495228609484,76,99022.01042448306,62472.17633570852,161494.18676019157,5363.2
483,969,486,103.75034888049397,10.478844169246646,6.399071207430341,12.765985552115588,45.47987616099071,19.379979360165102,126.7531146191502,83.16305469556244,2299.1340361267467,32.0,8.8,15.320000000000011,52.0,1966.9403311728938,89,0.2918626572994141,1.0,3.7999999999999994,10.459999999999996,36.0,0.6861764281288458,76,100534.08806519867,61602.013704906996,162136.10177010566,5464.0
484,952,464,110.70926604624314,10.391806722689076,6.387079831932778,12.758508403361343,45.55357142857143,20.01428571428569,125.06357445728287,83.3172268907563,2609.6620363605452,32.0,8.8,15.320000000000011,52.0,1714.764962051873,89,0.33364680604434266,1.0,3.6999999999999993,10.459999999999996,36.5,0.45227945836570704,76,105395.22127602347,58029.498548179254,163424.7198242027,5727.5
485,936,529,103.92602905549793,10.407051282051283,6.413782051282051,12.80320512820513,45.626068376068375,19.277029914529912,124.85046724283434,83.56089743589743,1773.3096275199598,32.0,8.8,15.320000000000011,52.0,1548.408418533032,89,0.33364680604434266,1.0,3.6999999999999993,10.459999999999996,36.5,1.0,76,97274.76319594607,66045.89717145936,163320.66036740545,5570.599999999999
486,913,467,112.92673030245139,10.53997809419496,6.41708652792989,12.801467688937576,45.613362541073386,19.792004381160982,129.25998173202007,83.6987951807229,1837.7355205604865,32.0,8.8,15.320000000000011,52.0,1538.1423168461445,89,0.33364680604434266,1.0,3.6999999999999993,10.459999999999996,36.5,1.0,76,103102.10476613812,60364.411468853374,163466.5162349915,4937.9
487,956,522,99.31887545753257,10.572175732217573,6.437029288702921,12.802322175732215,45.71129707112971,18.793410041840986,131.1001414103039,83.84832635983264,1789.962937308126,33.0,8.8,15.380000000000011,52.5,1670.6217667464914,89,0.5445925135670119,1.0,3.6999999999999993,10.459999999999996,37.0,0.14369765665756873,76,94948.84493740114,68434.27381617864,163383.1187535798,5145.1
488,935,449,106.79976255158941,10.418181818181818,6.434652406417109,12.78477005347592,45.76256684491979,19.157326203208545,139.8851678561722,83.96042780748662,1725.137956474333,33.0,8.8,15.380000000000011,52.5,1789.962937308126,89,0.5445925135670119,1.0,3.6999999999999993,10.459999999999996,37.5,0.19780192158309662,77,99857.7779857361,62808.44036742132,162666.21835315743,4927.0
489,951,498,95.46151624044757,10.392218717139853,6.423449001051529,12.791777076761305,45.77970557308097,18.402733964248167,145.69166996889788,84.15878023133544,1725.137956474333,33.0,8.8,15.380000000000011,52.5,1788.962937308126,89,0.5445925135670119,1.0,3.6999999999999993,10.459999999999996,37.5,0.4386162172758774,77,90783.90194466563,72554.45164451115,163338.35358917678,5435.7
490,948,446,99.41293085647486,10.436708860759493,6.417827004219408,12.798987341772165,45.812236286919834,19.324472573839667,156.80801522259105,84.29113924050633,1638.5969045726738,33.0,8.8,15.380000000000011,52.5,1787.962937308126,89,0.5445925135670119,1.0,3.7999999999999994,10.399999999999995,37.5,0.21448362950403776,77,94243.45845193816,69936.37478927561,164179.83324121375,5166.8
491,960,484,96.93957354600943,10.473958333333334,6.401979166666663,12.791354166666691,45.829166666666666,18.441145833333348,149.27796500400436,84.440625,1757.3392590319302,33.0,8.9,15.380000000000011,52.5,1786.962937308126,89,0.6259973426831031,1.0,3.7999999999999994,10.399999999999995,37.5,0.1528995999436238,77,93061.99060416906,72250.5350619381,165312.52566610716,5475.900000000001
492,973,451,105.020064049234,10.551901336073998,6.423638232271323,12.815704008222,45.873072970195274,18.284583761562207,139.81846637164827,84.5775950668037,1829.260379147497,33.0,8.9,15.380000000000011,52.5,1757.3392590319302,89,0.6259973426831031,1.0,3.7999999999999994,10.399999999999995,37.5,0.6924126240737318,77,102184.52231990467,63058.128333613364,165242.65065351804,4587.0
493,983,422,101.68727355679707,10.402848423194303,6.430010172939982,12.807751780264496,45.84486266531027,18.41027466937944,151.69755789039525,84.76500508646998,1829.260379147497,33.0,8.9,15.380000000000011,52.5,1756.3392590319302,89,0.6121614547422292,1.0,3.6999999999999993,10.399999999999995,37.0,0.6940691505989869,77,99958.58990633152,64016.36942974679,163974.95933607832,5430.0
494,1009,454,100.26493800477407,10.387512388503469,6.430227948463827,12.81193260654113,45.89593657086224,18.5540138751239,138.7864611012585,84.94053518334985,1864.249937203189,33.0,8.9,15.380000000000011,53.0,1755.3392590319302,89,0.40920576411137627,1.0,3.6999999999999993,10.339999999999995,37.0,0.8184115282227525,77,101167.32244681704,63009.05333997137,164176.3757867884,5659.8
495,986,423,102.84230347428917,10.297160243407708,6.455983772819466,12.823184584178476,45.97819472616633,19.332657200811347,147.10464208190123,85.15314401622717,1864.249937203189,32.0,8.9,15.380000000000011,53.0,1770.2688093577005,89,0.40920576411137627,1.0,3.6999999999999993,10.339999999999995,37.0,0.09123141736605822,77,101402.51122564911,62225.263600644226,163627.77482629335,5560.7
496,961,446,96.68771866837105,10.303850156087409,6.48293444328824,12.826160249739859,46.00260145681582,19.649531737773138,157.37083029682316,85.33922996878252,1656.7637444912004,32.0,8.9,15.320000000000011,53.0,1864.249937203189,89,0.3391797370311438,1.0,3.6999999999999993,10.339999999999995,37.0,0.6442393379653986,78,92916.89764030458,70187.39031238313,163104.2879526877,6363.0
497,968,481,88.68867823343658,10.375,6.522830578512398,12.870392561983484,46.03460743801653,19.39917355371901,161.4372561681676,85.5702479338843,1905.0756692678995,32.0,8.9,15.320000000000011,53.0,1768.2688093577005,90,0.46322328476447455,1.0,3.6999999999999993,10.339999999999995,36.5,0.13836944997000122,78,85850.64052996661,77651.32021688862,163501.96074685524,5325.4
498,959,472,94.67484333847159,10.453597497393117,6.54160583941606,12.879708029197067,46.05422314911366,19.920750782064662,156.16159638222135,85.74556830031283,1905.0756692678995,32.0,9.0,15.320000000000011,53.0,1844.7009883411574,91,0.46322328476447455,1.0,3.6999999999999993,10.339999999999995,36.5,0.06686865554912047,78,90793.17476159426,73708.27349240848,164501.44825400272,5542.3
499,969,480,98.43237853441046,10.470588235294118,6.522291021671823,12.870629514963873,45.996388028895765,20.26563467492256,145.63211743956916,85.85655314757481,1905.0756692678995,32.0,9.0,15.320000000000011,53.0,1750.3392590319302,91,0.46322328476447455,1.0,3.7999999999999994,10.339999999999995,36.5,0.04839885650964959,78,95380.97479984374,69903.41637099319,165284.39117083693,5640.2
500,930,489,102.36368250106108,10.43763440860215,6.512043010752688,12.864688172043007,45.93064516129032,20.183655913978512,142.68100641151923,86.01075268817205,1850.1340216078786,32.0,9.0,15.320000000000011,53.0,1905.0756692678995,91,0.46322328476447455,1.0,3.7999999999999994,10.339999999999995,36.5,0.3005462256410447,78,95198.2247259868,69771.0121352329,164969.2368612197,5643.3
501,940,516,94.83394830113154,10.403191489361703,6.55074468085107,12.878851063829806,45.990425531914894,19.450851063829777,148.73279179322347,86.21595744680852,2200.9315893467037,33.0,9.0,15.320000000000011,53.0,1904.0756692678995,91,0.39015183607607007,1.0,3.7999999999999994,10.339999999999995,36.5,1.0,78,89143.91140306366,76746.12056530331,165890.03196836697,5045.099999999999
502,919,491,100.55216630158874,10.49075081610446,6.527312295973889,12.888705114254625,45.94069640914037,19.18726877040261,150.54323545042178,86.3721436343852,2200.9315893467037,33.0,9.0,15.320000000000011,53.0,1801.3176869450874,91,0.2805084017918811,1.0,3.7999999999999994,10.339999999999995,36.5,1.0,78,92407.44083116006,73916.72860615709,166324.16943731715,4888.4
503,969,494,102.10576329108466,10.564499484004127,6.546439628482979,12.88932920536636,45.86119711042311,18.621155830753345,135.77006930997985,86.63983488132095,1806.171891784747,33.0,9.0,15.26000000000001,53.0,2200.9315893467037,91,0.39015183607607007,1.0,3.7999999999999994,10.339999999999995,36.5,0.5610168035837622,79,98940.48462906103,67070.41423913004,166010.89886819106,4481.3
504,969,407,104.8004059385009,10.798761609907121,6.554901960784313,12.912714138286912,45.88854489164087,18.924045407636747,153.27034508262827,86.83075335397317,1806.171891784747,33.0,9.0,15.26000000000001,53.5,2199.9315893467037,91,0.39015183607607007,1.0,3.8999999999999995,10.399999999999995,36.0,0.12203360716752432,79,101551.59335440738,62381.03044862971,163932.6238030371,5199.099999999999
505,987,482,96.40524534885682,10.83080040526849,6.579128672745695,12.920952380952391,45.96656534954408,18.4046605876393,143.38794055567587,87.02634245187437,1774.6463633291569,33.0,9.0,15.26000000000001,53.5,2198.9315893467037,91,0.39015183607607007,1.0,3.8999999999999995,10.399999999999995,36.0,0.25848687982052265,79,95151.97715932169,69112.98734783576,164264.96450715745,5888.4
506,951,446,105.84968870314484,10.704521556256571,6.55499474237645,12.901345951629867,45.90694006309148,19.41009463722399,142.86826126505434,87.17665615141956,2240.9850873170985,33.0,9.0,15.26000000000001,53.5,1831.5343879856352,92,0.5250918544642771,1.0,3.8999999999999995,10.399999999999995,36.0,0.39015183607607007,79,100663.05395669074,63719.24452421424,164382.29848090498,5794.9
507,968,485,103.33177739739662,10.891528925619834,6.555165289256197,12.917417355371908,45.888429752066116,19.027066115702493,132.26549891394322,87.36157024793388,2240.9850873170985,33.0,9.0,15.26000000000001,53.5,1804.171891784747,92,0.5250918544642771,1.0,3.8999999999999995,10.399999999999995,36.0,0.06002099778377379,79,100025.16052067993,64148.76697326246,164173.92749394238,5801.7
508,976,443,106.71767081868337,10.947745901639344,6.573258196721316,12.911147540983624,45.86680327868852,19.2811475409836,135.4028274666925,87.48360655737704,2240.9850873170985,33.0,9.0,15.26000000000001,54.0,1803.171891784747,92,0.26254592723213854,1.0,3.8999999999999995,10.399999999999995,36.0,0.25848687982052265,79,104156.44671903497,59983.45256774477,164139.89928677975,4930.499999999999
509,967,451,97.36354635875595,10.938986556359875,6.590279214064122,12.909389865563607,45.90486039296794,19.42595656670111,152.48622632569484,87.63908996897622,1859.4411051674845,33.0,9.0,15.20000000000001,54.0,2240.9850873170985,92,0.26254592723213854,1.0,3.8999999999999995,10.399999999999995,36.0,1.0,80,94150.54932891701,68771.28807288838,162921.8374018054,6092.9
510,983,471,91.78598960855602,10.876907426246186,6.56968463886063,12.892838250254314,45.821973550356056,19.23875890132248,154.37691841598937,87.78128179043743,2260.479923473924,34.0,9.0,15.20000000000001,54.0,1859.4411051674845,92,0.26254592723213854,1.0,3.8999999999999995,10.459999999999996,36.0,0.1330318428057078,80,90225.62778521057,72711.52857393099,162937.15635914158,5556.5
511,962,460,98.74386772917744,10.95945945945946,6.547920997920993,12.886590436590451,45.79573804573805,19.24864864864865,150.17648936693945,87.91164241164242,2260.479923473924,34.0,9.0,15.20000000000001,54.0,1770.6463633291569,93,0.26254592723213854,1.0,3.9999999999999996,10.459999999999996,36.5,0.013197312524054539,80,94991.6007554687,69081.18510879215,164072.78586426086,5434.4
512,958,497,104.13862829948687,10.77661795407098,6.538726513569938,12.872964509394583,45.75156576200418,18.778914405010436,132.02016699521954,88.06889352818372,2260.479923473924,34.0,9.0,15.20000000000001,54.0,1769.6463633291569,93,0.26254592723213854,1.0,3.9999999999999996,10.459999999999996,36.5,0.22175477847247027,80,99764.80591090841,65614.02299662412,165378.82890753253,5713.4
513,972,431,112.94213902481133,10.76440329218107,6.546502057613177,12.873004115226347,45.75925925925926,19.078497942386804,128.7158043785239,88.25308641975309,2260.479923473924,34.0,9.0,15.20000000000001,54.0,1664.8342393523085,93,0.5250918544642771,1.0,3.9999999999999996,10.459999999999996,36.5,0.28092725980158195,80,109779.75913211661,55476.5116871438,165256.27081926042,4835.2
514,975,428,99.37189870152196,10.614358974358975,6.5469743589743645,12.841415384615372,45.8251282051282,18.678051282051264,154.87972865149246,88.3876923076923,2268.917260991754,35.0,9.0,15.20000000000001,52.5,2260.479923473924,93,0.5829320223022316,1.0,4.199999999999999,10.459999999999996,36.5,0.14162898035071336,81,96887.6012339839,66288.52386283877,163176.12509682268,5490.3
515,986,458,95.94254923715002,10.371196754563895,6.550101419878299,12.80929006085191,45.90111561866126,18.34350912778905,150.75011435436787,88.5182555780933,2260.1203871038247,35.0,9.0,15.20000000000001,52.5,1861.0544448152157,93,0.6154051127827491,1.0,4.199999999999999,10.459999999999996,36.5,0.3041825505980773,81,94599.35354782992,69043.55237430049,163642.9059221304,5391.3
516,976,436,99.52027727269856,10.264344262295081,6.5574795081967245,12.801987704918018,45.88934426229508,19.06086065573771,155.67678358371205,88.64446721311475,2260.1203871038247,35.0,9.1,15.20000000000001,52.5,1769.0442999535417,93,0.5999835837478841,1.0,4.199999999999999,10.459999999999996,36.5,0.29413237298024164,81,97131.7906181538,67875.07764249845,165006.86826065223,5589.4
517,994,442,103.09419455293713,10.185110663983904,6.5477867203219295,12.772796780684095,45.9079476861167,19.471026156941644,143.11847017320892,88.78571428571429,2260.1203871038247,34.0,9.1,15.20000000000001,52.5,1768.0442999535417,94,0.5318638912841495,1.0,4.199999999999999,10.459999999999996,36.0,0.640463629900791,81,102475.6293856195,63258.36381655835,165733.99320217784,5585.0
518,967,479,105.88223557370152,10.28335056876939,6.590899689762157,12.807238883143736,45.99793174767321,19.353464322647362,134.1986303745638,88.96690796277146,2260.1203871038247,34.0,9.1,15.20000000000001,52.5,1898.5645901934713,94,0.5318638912841495,1.0,4.199999999999999,10.519999999999996,36.0,0.7732813824406857,82,102388.12179976937,64281.14394941606,166669.26574918543,5562.099999999999
519,959,465,111.03890541268872,10.331595411887383,6.600208550573519,12.831553701772686,46.03753910323253,19.187174139728906,129.76545974869146,89.13347236704901,2260.1203871038247,34.0,9.1,14.780000000000006,52.5,1897.5645901934713,94,0.5999835837478841,1.0,4.199999999999999,10.559999999999988,36.0,0.27385475474428933,82,106486.31029076848,60340.93878314152,166827.24907391,5183.4
520,962,487,98.70593611204677,10.445945945945946,6.620166320166324,12.850748440748443,46.17983367983368,18.782120582120584,149.21643676001975,89.35550935550935,2319.1203871038247,32.0,9.1,14.780000000000006,53.0,2019.2427188291804,94,0.5999835837478841,1.0,4.199999999999999,10.559999999999988,36.0,0.7055538294881463,82,94955.11053978899,72668.40470212961,167623.51524191862,5183.0
521,932,494,99.6093208752165,10.331545064377682,6.599463519313303,12.820879828326195,46.15450643776824,19.360407725321895,150.64508209910363,89.46888412017168,2151.8157585283316,32.0,9.1,14.780000000000006,53.0,2319.1203871038247,95,0.41873768781091303,1.0,4.199999999999999,10.559999999999988,35.5,0.11314250528378023,82,92835.88705570178,74418.6705569572,167254.55761265897,5924.9
522,954,494,97.43696555898181,10.162473794549266,6.5618448637316495,12.802012578616365,46.178721174004195,19.488155136268347,152.47783122508633,89.53563941299791,2049.341747941028,32.0,9.1,14.780000000000006,53.0,2318.1203871038247,95,0.41873768781091303,1.0,4.1,10.559999999999988,35.5,0.589674201804524,82,92954.86514326865,75324.04862519265,168278.9137684613,5235.4
523,930,498,98.45703244587914,10.183870967741935,6.534193548387097,12.78507526881721,46.20913978494624,19.17279569892472,155.96422022851635,89.66774193548387,2049.341747941028,32.0,9.1,14.780000000000006,53.0,2317.1203871038247,95,0.44323080341101306,1.0,4.1,10.559999999999988,35.5,0.6520548204290608,83,91565.04017466759,77670.18167380114,169235.22184846873,5428.999999999999
524,944,514,108.42214635244724,10.184322033898304,6.536228813559321,12.784576271186433,46.16790254237288,18.676694915254238,133.03049231730677,89.8802966101695,2334.824494244849,33.0,9.1,14.840000000000007,53.0,1527.1903116439141,95,0.44323080341101306,1.0,4.1,10.559999999999988,35.5,0.5072109378986651,83,102350.5061567102,68377.67305109568,170728.1792078059,4974.0
525,938,477,114.7976414004283,9.976545842217485,6.511727078891255,12.746929637526662,46.177505330490405,19.1921108742004,131.6398524078643,89.97121535181236,3000.2964696986137,33.0,9.2,14.840000000000007,53.0,2049.341747941028,95,0.44323080341101306,1.0,4.1,10.559999999999988,35.5,1.0,83,107680.18763360174,62792.20959855128,170472.39723215302,5433.9
526,960,498,110.00277885159883,10.003125,6.528854166666662,12.784249999999997,46.24947916666667,18.898125,133.45921729057957,90.178125,3000.2964696986137,33.0,9.2,14.840000000000007,53.0,2221.0348204366087,95,0.353336320912674,1.0,4.1,10.499999999999988,36.0,0.5916727204174722,83,105602.66769753488,66462.69021070862,172065.3579082435,5000.9
527,956,435,116.83742739724326,9.980125523012552,6.5145397489539665,12.778451882845209,46.27196652719665,19.71799163179916,138.36508875502253,90.32635983263599,2251.148559492401,33.0,9.2,14.840000000000007,53.0,1916.8689919599533,96,0.353336320912674,1.0,4.1,10.499999999999988,36.0,0.10072273536964982,83,111696.58059176456,60188.81360843479,171885.39420019934,5060.099999999999
528,987,478,103.48417644422646,9.896656534954408,6.531712259371833,12.789240121580555,46.234042553191486,19.436372847011118,148.5974938862262,90.63829787234043,2060.735047271788,33.0,9.2,14.840000000000007,53.5,2251.148559492401,96,0.353336320912674,1.0,4.299999999999999,10.499999999999988,36.0,0.2837311287917801,83,102138.88215045152,71029.60207761613,173168.48422806765,5753.099999999999
529,950,441,114.03754009756456,10.01578947368421,6.546421052631576,12.815957894736822,46.36210526315789,19.80694736842107,147.04386987003937,90.83157894736843,2136.620774028352,33.0,9.2,14.840000000000007,53.5,2250.148559492401,96,0.353336320912674,1.0,4.299999999999999,10.499999999999988,36.5,0.09461861724808607,84,108335.66309268633,64846.34661268736,173182.0097053737,5669.299999999999
530,982,478,104.6297074638877,10.112016293279023,6.5680244399185375,12.85085539714868,46.336048879837065,19.227087576374743,148.01998567078874,91.11507128309572,2136.620774028352,33.0,9.2,14.840000000000007,53.5,2249.148559492401,96,0.353336320912674,1.0,4.299999999999999,10.559999999999988,36.5,0.11739704208694635,84,102746.37272953772,70753.55315063702,173499.92588017473,5301.299999999999
531,949,448,112.72548062292415,9.961011591148578,6.592834562697579,12.855953635405687,46.334562697576395,19.469020021074797,147.7112376833756,91.29926238145416,2349.750985328112,33.0,9.2,14.840000000000007,53.5,1912.8689919599533,96,0.3213436471205398,1.0,4.299999999999999,10.499999999999988,36.5,0.9054641603179805,84,106976.48111115502,66174.63448215227,173151.1155933073,5403.9
532,959,514,101.2523263745289,9.959332638164755,6.592283628779968,12.841147028154321,46.31074035453597,18.678519290928055,148.41755499909212,91.37851929092805,2349.750985328112,34.0,9.1,14.900000000000007,53.5,2136.620774028352,96,0.3213436471205398,1.0,4.199999999999999,10.499999999999988,36.5,0.27965031907682114,84,97100.98099317322,76286.62326953335,173387.60426270656,5606.599999999999
533,941,460,99.10645515997999,10.087141339001063,6.607120085015941,12.87213602550479,46.37353878852285,19.214240170031886,172.46485605650514,91.57492029755579,2644.7432663798995,34.0,9.1,14.900000000000007,53.5,2135.620774028352,97,0.3213436471205398,1.0,4.199999999999999,10.499999999999988,36.5,1.0,84,93259.17430554116,79333.83378599236,172593.00809153353,5228.599999999999
534,956,509,92.82320795972497,10.03765690376569,6.57604602510461,12.85018828451882,46.40428870292887,18.77813807531384,162.65933865308796,91.75523012552301,1799.688759000507,34.0,9.1,14.900000000000007,53.5,2644.7432663798995,97,0.2960336735577604,1.0,4.199999999999999,10.499999999999988,36.5,0.28449746911035856,84,88738.98680949707,82793.60337442177,171532.59018391883,5571.7
535,946,450,98.7027284994972,9.947145877378436,6.5787526427061325,12.84898520084567,46.44714587737843,19.360570824524288,173.89754956745352,91.95771670190275,2060.7897249481016,34.0,9.1,14.900000000000007,53.5,2643.7432663798995,97,0.5340851605875749,1.0,4.199999999999999,10.499999999999988,36.5,0.2511417289897473,84,93372.78116052435,78253.89730535408,171626.67846587842,5214.0
536,980,465,98.01015230349844,10.006122448979593,6.5872448979591836,12.8515306122449,46.50714285714286,19.129693877551013,163.3459318838669,92.15102040816326,2247.617057916671,34.0,9.1,14.900000000000007,53.5,2642.7432663798995,97,0.3371994088587934,1.0,4.199999999999999,10.499999999999988,36.0,0.43414536778531687,84,96049.94925742848,75955.85832599811,172005.8075834266,5321.599999999999
537,978,431,114.23117052999228,10.129856850715747,6.613701431492845,12.88241308793456,46.52249488752556,19.29969325153376,141.7154024097527,92.31697341513292,2555.6755753939915,34.0,9.1,14.900000000000007,53.5,2641.7432663798995,97,0.3371994088587934,1.0,4.199999999999999,10.499999999999988,36.0,0.03372000029025246,84,111718.08477833246,61079.33843860341,172797.42321693586,4807.099999999999
538,1007,399,113.06858700589149,10.087388282025818,6.635054617676268,12.891539225422045,46.507447864945384,19.179145978152942,139.21409842404753,92.49950347567031,2247.617057916671,34.0,9.1,14.900000000000007,53.5,2640.7432663798995,97,0.3371994088587934,1.0,4.199999999999999,10.499999999999988,36.0,0.3390271937704612,84,113860.06711493272,55546.42527119497,169406.4923861277,5371.4
539,1026,424,112.90808498103034,10.156920077972709,6.632456140350879,12.907914230019502,46.485380116959064,19.407992202729048,127.40696703064418,92.65204678362574,2671.6995441498984,34.0,9.2,14.900000000000007,53.0,1668.3473872772897,97,0.5340851605875749,1.0,4.199999999999999,10.499999999999988,36.0,1.0,84,115843.69519053712,54020.554020993135,169864.24921153026,5805.599999999999
540,1011,412,110.68902730502758,10.340257171117706,6.631552917903065,12.918180019782387,46.481701285855586,19.60573689416416,141.98831955656223,92.811078140455,2671.6995441498984,34.0,9.2,14.900000000000007,53.0,2247.617057916671,97,0.5340851605875749,1.0,4.199999999999999,10.499999999999988,36.0,0.9106718235602699,85,111906.60660538288,58499.187657303635,170405.7942626865,5886.3
541,1009,438,96.82276908917774,10.409316154608524,6.6474727452923705,12.924162537165534,46.47423191278494,19.477106045589693,165.83290345570265,92.9563924677899,2671.6995441498984,34.0,9.2,14.900000000000007,53.5,2246.617057916671,98,0.5367939373453664,1.0,4.199999999999999,10.499999999999988,35.5,0.28940364864360113,85,97694.17401098034,72634.81171359777,170328.9857245781,5830.9
542,1015,420,98.76671513515598,10.43152709359606,6.646896551724133,12.92914285714287,46.43497536945813,19.983448275862063,168.77787277870829,93.12216748768473,2378.369911598255,34.0,9.2,14.900000000000007,53.5,2671.6995441498984,98,0.6255708644948736,1.0,4.199999999999999,10.499999999999988,35.5,0.12359820682459977,85,100248.21586218332,70886.70656705748,171134.9224292408,5421.099999999999
543,996,464,102.99708561759999,10.402610441767068,6.6459839357429775,12.931204819277115,46.43172690763052,19.126706827309242,149.2999858512403,93.34538152610442,2378.369911598255,33.0,9.2,14.900000000000007,53.5,2670.6995441498984,98,0.6255708644948736,1.0,4.199999999999999,10.499999999999988,35.5,0.4670136006138994,85,102585.09727512959,69275.1934349755,171860.2907101051,5760.5
544,977,431,106.64442079758801,10.499488229273286,6.654042988741042,12.953142272262026,46.40992835209826,18.978198567041982,157.79869581285703,93.489252814739,2439.38892191284,33.0,9.2,14.900000000000007,53.5,2669.6995441498984,98,0.6948657257448282,1.0,4.199999999999999,10.499999999999988,35.5,0.3897314514896564,85,104191.59911924349,68011.23789534139,172202.83701458486,5277.599999999999
545,1010,435,112.18536841584391,10.485148514851485,6.643663366336633,12.951029702970294,46.417821782178216,19.146732673267326,138.5217729186864,93.62871287128714,2669.698177830211,33.0,9.1,14.900000000000007,53.5,2158.8492255469005,98,0.3873100211826919,1.0,4.199999999999999,10.439999999999987,35.5,0.16183191011263176,85,113307.22210000236,60256.97121962858,173564.19331963093,5554.499999999999
546,993,423,107.95160804027257,10.467270896273918,6.661127895266868,12.96660624370595,46.47532729103726,19.316616314199386,156.17651426418465,93.81369587109768,2669.698177830211,33.0,9.2,14.900000000000007,53.5,2378.369911598255,98,0.3873100211826919,1.0,4.199999999999999,10.439999999999987,35.5,0.3680127986737962,85,107195.94678399067,66062.6655337501,173258.61231774077,5574.7
547,989,468,104.04931510432269,10.641051567239636,6.695449949443885,12.99846309403438,46.4721941354904,19.11122345803842,148.7985911725343,94.0778564206269,2669.698177830211,33.0,9.2,14.960000000000008,53.5,2439.38892191284,99,0.2588441448350877,1.0,4.199999999999999,10.439999999999987,35.5,0.2358990259653564,86,102904.77263817514,69637.74066874605,172542.51330692117,6057.0
548,988,431,108.12267559167091,10.548582995951417,6.684210526315788,12.99572874493927,46.527834008097166,20.0651821862348,153.0735070530863,94.21963562753037,2669.698177830211,33.0,9.2,14.960000000000008,53.5,2376.369911598255,99,0.2588441448350877,1.0,4.199999999999999,10.439999999999987,35.5,0.2075835107171864,86,106825.20348457085,65974.6815398802,172799.88502445107,5734.5
549,977,482,100.05742195189168,10.350051177072672,6.666120777891508,12.975844421699101,46.46673490276356,19.63592630501533,157.2918091683291,94.37768679631525,2527.5605055656392,31.0,9.2,14.960000000000008,53.5,2669.698177830211,99,0.2588441448350877,1.0,4.199999999999999,10.439999999999987,36.0,0.05970849448625826,86,97756.10124699818,75814.65201913464,173570.75326613282,6162.3
550,958,448,108.99358068830942,10.485386221294362,6.679645093945715,12.994154488517761,46.46085594989562,19.13841336116911,152.74341816112397,94.50313152400835,2527.5605055656392,31.0,9.2,14.960000000000008,53.5,2668.698177830211,99,0.2588441448350877,1.0,4.199999999999999,10.439999999999987,36.0,0.590553771667143,87,104415.85029940042,68429.05133618353,172844.90163558396,4681.7
551,985,440,103.41332558723343,10.35228426395939,6.677360406091381,12.976467005076142,46.478680203045684,18.399390862944166,160.9725929830754,94.60304568527918,3119.346510079079,31.0,9.2,14.960000000000008,53.5,2667.698177830211,99,0.49212403190595055,1.0,4.199999999999999,10.439999999999987,36.0,0.3288995297420203,87,101862.12570342493,70827.94091255318,172690.0666159781,4450.8
552,993,404,95.67118863273944,10.27190332326284,6.663846928499503,12.960080563947637,46.472809667673715,18.066364551863025,189.1154155983928,94.7411883182276,2732.456253773002,32.0,9.299999999999999,14.960000000000008,54.0,3240.9181618361486,99,0.49212403190595055,1.0,4.199999999999999,10.439999999999987,36.0,0.620820645627727,87,95001.49031231027,76402.62790175069,171404.11821406096,5104.0
553,1034,430,102.05668343377094,10.19825918762089,6.67678916827853,12.968297872340436,46.513539651837526,18.37292069632495,155.90074265079915,94.96131528046422,2732.456253773002,32.0,9.299999999999999,14.960000000000008,54.0,3239.9181618361486,100,0.387938017807869,1.0,4.199999999999999,10.439999999999987,36.0,0.10906045108834084,87,105526.61067051915,67037.31933984363,172563.93001036276,5447.9
554,1000,406,110.86904755707688,10.272,6.6779,12.968880000000016,46.52,19.770599999999998,151.50996940642608,95.097,3305.0061203050554,32.0,9.299999999999999,14.960000000000008,54.0,2353.0155013243484,100,0.387938017807869,1.0,4.199999999999999,10.379999999999987,36.0,0.14418207514962544,87,110869.04755707688,61513.047579008984,172382.09513608587,6381.799999999999
555,980,482,99.77828500697467,10.254081632653062,6.677040816326533,12.966510204081636,46.55102040816327,19.73642857142858,156.9356782038177,95.24795918367347,3305.0061203050554,32.0,9.299999999999999,14.960000000000008,54.0,2732.456253773002,100,0.387938017807869,1.0,4.199999999999999,10.379999999999987,36.0,0.045249713871736263,87,97782.71930683518,75642.99689424013,173425.7162010753,6670.7
556,964,451,105.26116736160077,10.372406639004149,6.694190871369297,12.988734439834026,46.64678423236514,20.502178423236536,156.83366427267194,95.4149377593361,3395.9389263695693,32.0,9.299999999999999,14.960000000000008,54.5,2731.456253773002,100,0.387938017807869,1.0,4.199999999999999,10.379999999999987,36.0,0.09087043147332441,87,101471.76533658314,70731.98258697505,172203.74792355817,5595.4
557,963,485,108.87042398366897,10.066458982346832,6.667497403946,12.951235721703007,46.58982346832814,20.12253374870197,140.0186779964318,95.5503634475597,3395.9389263695693,32.0,9.299999999999999,14.960000000000008,54.5,2730.456253773002,101,0.387938017807869,1.0,4.199999999999999,10.379999999999987,36.0,0.35070094262161633,87,104842.21829627322,67909.05882826942,172751.27712454263,5608.499999999999
558,949,436,121.7086505184012,10.076923076923077,6.676606954689147,12.964868282402545,46.59114857744995,20.254373024236056,132.60721713748225,95.73024236037935,3395.9389263695693,31.0,9.299999999999999,14.960000000000008,54.5,2394.9471683376946,101,0.387938017807869,1.0,4.199999999999999,10.379999999999987,36.5,0.2329784350892936,88,115501.50934196274,57816.74667194227,173318.256013905,4953.999999999999
559,985,471,105.69222186872695,10.044670050761422,6.683756345177667,12.970883248730972,46.56649746192893,19.905177664974648,146.29534353322794,95.91675126903553,3395.9389263695693,32.0,9.299999999999999,15.020000000000008,54.5,2393.9471683376946,101,0.2517823279150287,1.0,4.199999999999999,10.379999999999987,37.0,0.002870660929184199,88,104106.83854069604,68905.10680415036,173011.9453448464,5396.9
560,960,446,105.6283514751408,10.232291666666667,6.702604166666662,12.992000000000012,46.63645833333333,20.32531249999999,161.83383077974034,96.13125,2894.6318207480176,32.0,9.2,15.020000000000008,54.5,3395.9389263695693,102,0.6164892175446468,1.0,4.199999999999999,10.379999999999987,37.0,0.387938017807869,88,101403.21741613517,72177.8885277642,173581.10594389937,5564.7
561,984,464,109.95343553027989,10.567073170731707,6.724898373983737,13.023272357723586,46.665650406504064,20.229065040650415,141.02809542589034,96.3130081300813,3404.8573044983864,32.0,9.2,15.020000000000008,54.5,2894.6318207480176,102,0.725866765060968,1.0,4.199999999999999,10.379999999999987,37.0,0.40375757874496454,88,108194.18056179541,65437.03627761312,173631.21683940853,5695.799999999999
562,947,479,107.074985859675,10.40443505807814,6.722703273495257,13.01993664202746,46.68215417106653,19.861034846884895,150.12109705219174,96.5142555438226,3404.8573044983864,32.0,9.2,15.080000000000009,55.0,2893.6318207480176,102,0.603300235655404,1.0,4.199999999999999,10.439999999999987,37.0,0.35012653919769976,88,101400.01160911222,71908.00548799985,173308.01709711208,5872.299999999999
563,962,491,100.87299846696268,10.632016632016631,6.731288981288978,13.047858627858636,46.729209979209976,19.16039501039503,157.49615270425588,96.64864864864865,2550.022261254712,32.0,9.2,15.080000000000009,55.0,3404.8573044983864,102,0.5415632890783855,1.0,4.199999999999999,10.439999999999987,37.0,0.21084857702299908,88,97039.82452521811,77330.61097778963,174370.43550300773,5182.099999999999
564,965,435,116.59747473193758,10.61139896373057,6.72704663212436,13.044932642487058,46.81347150259067,19.41751295336785,142.7354449239095,96.78963730569949,3415.958375504172,32.0,9.2,15.080000000000009,55.0,3090.3316589560195,102,0.27078164453919273,1.0,4.199999999999999,10.439999999999987,37.0,0.6315890180319688,88,112516.56311631977,62089.91854190064,174606.4816582204,4919.599999999999
565,1000,476,104.3184137474339,10.884,6.741800000000012,13.076880000000019,46.902,19.02489999999999,147.48776501919622,97.043,3415.958375504172,32.0,9.1,15.080000000000009,55.0,2430.7875500669197,102,0.27078164453919273,1.0,4.199999999999999,10.439999999999987,37.0,0.3895185379559294,88,104318.4137474339,70204.1761491374,174522.5898965713,5584.099999999999
566,982,424,115.29401267177103,10.880855397148677,6.7041751527494915,13.050631364562134,46.86812627291243,19.901731160896112,141.85757553430864,97.15580448065172,3415.958375504172,32.0,9.2,15.020000000000008,55.0,2429.7875500669197,102,0.27078164453919273,1.0,4.199999999999999,10.439999999999987,37.0,0.5045730522235217,88,113218.72044367915,60147.612026546856,173366.332470226,5889.5
567,989,474,101.80074196792582,10.627906976744185,6.702628918099094,13.028291203235607,46.82204246713852,20.06097067745198,154.2971383776189,97.30940343781597,3415.958375504172,32.0,9.2,15.020000000000008,55.0,2550.022261254712,102,0.27078164453919273,1.0,4.199999999999999,10.439999999999987,36.5,0.4478993250909067,89,100680.93380627863,73136.84359099135,173817.77739726997,6464.7
568,972,457,107.25918623234745,10.283950617283951,6.7088477366255175,13.005246913580256,46.84413580246913,20.695061728395054,150.46568246636647,97.45679012345678,3415.958375504172,32.0,9.2,15.020000000000008,55.0,2549.022261254712,103,0.27078164453919273,1.0,4.199999999999999,10.439999999999987,36.5,0.10836745593637742,89,104255.92901784171,68762.81688712948,173018.7459049712,5845.0
569,972,477,103.93093216793923,10.21707818930041,6.707510288065844,12.98510288065844,46.901234567901234,20.167386831275717,152.78298917133296,97.6141975308642,3415.958375504172,32.0,9.2,15.020000000000008,55.0,2548.022261254712,103,0.27078164453919273,1.0,4.199999999999999,10.439999999999987,36.5,0.5415632890783855,90,101020.86606723693,72877.48583472583,173898.35190196277,5606.5
570,976,460,107.69945195239156,10.132172131147541,6.692008196721312,12.976905737704929,46.87448770491803,19.678995901639354,149.49195999826864,97.74487704918033,3112.6926616823944,32.0,9.2,15.020000000000008,55.0,3415.958375504172,103,0.27078164453919273,1.0,4.199999999999999,10.439999999999987,36.5,0.5415632890783855,90,105114.66510553416,68766.30159920358,173880.96670473774,5081.7
571,972,462,108.82326090420652,10.041152263374485,6.710288065843625,12.989753086419746,46.93827160493827,19.423765432098765,148.388522169244,98.00617283950618,2556.168385862812,33.0,9.2,15.020000000000008,55.5,3414.958375504172,103,0.27078164453919273,1.0,4.199999999999999,10.439999999999987,36.5,0.39516203313998877,90,105776.20959888874,68555.49724219073,174331.70684107946,5318.799999999999
572,976,459,106.14108434804102,9.88422131147541,6.7306352459016425,12.998012295081999,46.95389344262295,19.138114754098375,154.9645056099472,98.25204918032787,2506.7993372704577,33.0,9.299999999999999,15.020000000000008,55.5,3413.958375504172,103,0.3467086832193582,1.0,4.199999999999999,10.439999999999987,36.0,0.24537788839321006,90,103593.69832368803,71128.70807496576,174722.4063986538,5216.999999999999
573,959,492,99.4223406353922,9.978102189781023,6.747966631908234,13.022877997914492,46.95255474452555,19.03284671532845,162.5092190767575,98.45151199165798,2506.7993372704577,33.0,9.399999999999999,15.020000000000008,55.5,3412.958375504172,104,0.3467086832193582,1.0,4.199999999999999,10.439999999999987,36.0,0.6084975043444527,90,95346.02466934112,79954.53578576469,175300.5604551058,5924.499999999999
574,955,463,113.79235239636428,10.163350785340315,6.773507853403149,13.057926701570697,47.02460732984293,19.196125654450253,144.42841682172963,98.66910994764397,3437.128725510677,34.0,9.399999999999999,15.020000000000008,55.5,3109.6926616823944,104,0.7412867841850957,1.0,4.299999999999999,10.439999999999987,36.0,0.33592499271851994,91,108671.69653852789,66870.35698846082,175542.05352698872,5274.099999999999
575,974,489,106.05707163122266,10.348049281314168,6.7986652977412785,13.08731006160165,47.0200205338809,18.887166324435324,147.8768647032048,98.88809034907598,2506.7993372704577,34.0,9.399999999999999,15.020000000000008,55.5,3437.128725510677,104,0.7565137548441057,1.0,4.299999999999999,10.439999999999987,36.0,0.7412867841850957,91,103299.58776881086,72311.78683986714,175611.374608678,5716.4
576,953,454,114.51534766899559,10.413431269674712,6.820566631689403,13.096201469045122,47.01364113326338,19.06474291710387,145.59851249055498,99.05771248688353,3446.84379937216,34.0,9.399999999999999,15.020000000000008,55.5,3107.6926616823944,104,0.5049741832032159,1.0,4.299999999999999,10.379999999999987,39.0,0.1178933614996831,91,109133.1263285528,66101.72467071196,175234.85099926475,5563.3
577,980,474,106.25082559639634,10.433673469387756,6.800306122448983,13.083081632653045,46.98979591836735,19.05877551020408,148.7852625436041,99.15102040816326,3446.84379937216,34.0,9.399999999999999,14.960000000000008,55.5,3106.6926616823944,104,0.5049741832032159,1.0,4.199999999999999,10.379999999999987,39.0,0.2810323637914085,91,104125.80908446842,70524.21444566835,174650.02353013676,5748.0
578,960,452,107.3562786430384,10.516666666666667,6.792499999999996,13.076979166666677,46.975520833333334,19.722708333333323,159.38034170155487,99.26979166666666,3446.84379937216,34.0,9.399999999999999,14.960000000000008,55.0,3105.6926616823944,104,0.5049741832032159,1.0,4.199999999999999,10.319999999999986,39.0,0.4635074676577151,91,103062.02749731686,72039.9144491028,175101.94194641965,5733.7
579,971,471,108.09820047390868,10.690010298661175,6.818125643666318,13.086158599382069,47.06333676622039,19.781977342945417,151.17219756153,99.41606591143152,3446.84379937216,34.0,9.499999999999998,14.960000000000008,55.0,3104.6926616823944,104,0.785740682368696,1.0,4.199999999999999,10.319999999999986,39.0,0.844745722560774,92,104963.35266016533,71202.10505148063,176165.45771164595,5553.9
580,966,474,96.7240651908917,10.48343685300207,6.78737060041408,13.040786749482415,47.04347826086956,19.732815734989636,174.68212839518833,99.60455486542443,1770.6269641235249,35.0,9.499999999999998,14.900000000000007,53.0,3446.84379937216,105,0.3764946488687603,1.0,4.199999999999999,10.319999999999986,39.0,0.009948366406431708,92,93435.44697440138,82799.32885931927,176234.77583372063,5349.599999999999
581,975,448,103.43721188132365,10.32,6.785948717948717,13.034810256410253,46.98205128205128,19.590871794871802,168.70249507316407,99.74564102564102,2592.385021459109,35.0,9.499999999999998,14.900000000000007,53.5,3445.84379937216,105,0.3764946488687603,1.0,4.199999999999999,10.319999999999986,39.0,0.7282050715680306,92,100851.28158429055,75578.7177927775,176429.99937706807,5173.599999999999
582,976,452,103.78872674375897,10.267418032786885,6.793545081967212,13.038790983606535,47.00717213114754,19.873770491803295,168.23447285739582,99.91905737704919,2592.385021459109,35.0,9.499999999999998,14.900000000000007,53.5,3444.84379937216,105,0.3764946488687603,1.0,4.199999999999999,10.319999999999986,39.0,0.011957190950082186,92,101297.79730190875,76041.98173154291,177339.77903345166,5527.2
583,996,447,107.26656996984073,10.376506024096386,6.7962851405622455,13.0583534136546,47.05070281124498,19.649698795180743,157.9269886212038,100.1355421686747,2659.317642780373,35.0,9.499999999999998,14.900000000000007,53.5,3443.84379937216,105,0.3764946488687603,1.0,4.199999999999999,10.319999999999986,39.0,0.2707732734610433,92,106837.50368996136,70593.3639136781,177430.86760363946,5075.199999999999
584,990,447,108.15646947640751,10.593939393939394,6.8282828282828385,13.09723232323233,47.135858585858585,19.989696969696983,156.393267234057,100.33232323232323,2084.9328882967075,35.0,9.399999999999999,14.900000000000007,53.5,3442.84379937216,105,0.3764946488687603,1.0,4.199999999999999,10.439999999999987,39.5,0.08744956797253134,93,107074.90478164343,69907.79045362347,176982.6952352669,5647.099999999999
585,986,471,111.61610735058825,10.725152129817443,6.851724137931037,13.11713995943205,47.224137931034484,19.4032454361055,142.54169018440714,100.51217038539554,2084.9328882967075,36.0,9.399999999999999,14.900000000000007,53.5,3441.84379937216,105,0.2867640283401371,1.0,4.199999999999999,10.439999999999987,39.5,0.1048457505160667,93,110053.48184768001,67137.13607685576,177190.61792453576,5480.5
586,960,460,109.072250163673,10.730208333333334,6.831145833333339,13.105208333333321,47.202083333333334,19.815104166666654,155.86028746117518,100.61666666666666,3529.7725678375305,36.0,9.299999999999999,14.840000000000007,53.5,3219.2945906299956,105,0.2867640283401371,1.0,4.199999999999999,10.439999999999987,39.5,0.07182056544204318,93,104709.36015712608,71695.73223214058,176405.09238926665,5876.7
587,968,462,103.9635383268406,10.478305785123966,6.831198347107435,13.079318181818188,47.2448347107438,19.8532024793388,165.0030753389133,100.79235537190083,3529.7725678375305,36.0,9.299999999999999,14.840000000000007,53.5,3218.2945906299956,106,0.40407440087635726,1.0,4.199999999999999,10.439999999999987,39.5,0.16819319071253735,93,100636.7051003817,76231.42080657795,176868.12590695964,5434.5
588,979,461,102.69455396448244,10.575076608784475,6.851991828396336,13.085658835546457,47.34167517875383,19.654749744637385,166.8303189234596,100.9438202247191,3529.7725678375305,36.0,9.299999999999999,14.780000000000006,53.5,3217.2945906299956,106,0.40407440087635726,1.0,4.399999999999999,10.439999999999987,39.0,0.39775640848650085,93,100537.9683312283,76908.77702371488,177446.74535494318,5212.599999999999
589,985,444,114.28090165056395,10.61218274111675,6.842944162436549,13.080142131979722,47.29796954314721,20.197766497461945,147.5241097154722,101.0984771573604,2148.607169740763,36.0,9.299999999999999,14.840000000000007,53.5,3529.7725678375305,106,0.6362106983298427,1.0,4.399999999999999,10.439999999999987,39.0,0.5735280566802742,93,112566.6881258055,65500.704713669664,178067.39283947516,5946.2
590,981,487,106.88184223417927,10.708460754332314,6.84413863404688,13.095983690112137,47.33129459734964,20.062181447502574,150.58786894605936,101.31498470948013,2148.607169740763,36.0,9.299999999999999,14.840000000000007,53.5,3528.7725678375305,106,0.7510485400851891,1.0,4.399999999999999,10.439999999999987,39.0,0.10991622118314437,93,104851.08723172986,73336.2921767309,178187.37940846075,6249.299999999999
591,935,465,109.3897806042173,10.719786096256685,6.836684491978605,13.08975401069519,47.331016042780746,20.461818181818177,163.3814130427696,101.4812834224599,1644.938159329316,36.0,9.299999999999999,14.840000000000007,53.5,3527.7725678375305,106,0.7039865295975938,1.0,4.399999999999999,10.439999999999987,39.0,0.035619077140949695,93,102279.44486494317,75972.35706488787,178251.80192983104,6237.2
592,941,520,100.83402573738405,10.757704569606801,6.8265674814027655,13.100807651434652,47.33793836344314,19.719872476089296,161.1220577808426,101.68225292242296,2195.7501018658954,36.0,9.299999999999999,14.900000000000007,54.0,3526.7725678375305,107,0.5962680920826502,1.0,4.399999999999999,10.379999999999987,39.0,0.27242139665968534,93,94884.8182188784,83783.47004603814,178668.28826491654,5769.7
593,929,456,112.12485695923647,10.731969860064586,6.829386437029058,13.10344456404739,47.43541442411195,20.250914962325048,163.6751768732018,101.84068891280947,3548.986952070216,36.0,9.299999999999999,14.900000000000007,54.0,3212.2945906299956,107,0.5095265354446659,1.0,4.299999999999999,10.379999999999987,39.0,0.4046964873467651,94,104163.99211513068,74635.88065418001,178799.8727693107,5031.8
594,944,486,111.19948884070907,10.536016949152541,6.830720338983054,13.108262711864407,47.39989406779661,19.853813559322035,152.99326267350853,102.01800847457628,3224.1705019713727,36.0,9.299999999999999,14.900000000000007,54.0,3548.986952070216,107,0.5095265354446659,1.0,4.299999999999999,10.379999999999987,39.0,0.34691465515758535,94,104972.31746562936,74354.72565932514,179327.0431249545,5628.4
595,952,467,107.99463650469814,10.423319327731093,6.833403361344529,13.10869747899159,47.39758403361345,19.733928571428603,166.4590261558993,102.22584033613445,3224.1705019713727,36.0,9.299999999999999,14.900000000000007,54.0,3547.986952070216,108,0.5095265354446659,1.0,4.199999999999999,10.379999999999987,38.5,0.8036035657388032,94,102810.89395247263,77736.36521480497,180547.2591672776,5067.9
596,982,463,104.54880879677886,10.533604887983707,6.842057026476576,13.130529531568227,47.40376782077393,19.733910386965363,167.43111250161394,102.43584521384929,2212.172881103205,36.0,9.299999999999999,14.900000000000007,54.0,3546.986952070216,108,0.5095265354446659,1.0,4.199999999999999,10.379999999999987,38.5,1.0,94,102666.93023843683,77520.60508824725,180187.53532668407,5297.7
597,968,463,108.84462939058001,10.474173553719009,6.841012396694221,13.12586776859505,47.43336776859504,19.50227272727273,163.51659538865107,102.58367768595042,2212.172881103205,36.0,9.299999999999999,14.900000000000007,54.0,3545.986952070216,108,0.851216960447453,1.0,4.199999999999999,10.379999999999987,38.5,0.019053070889331725,94,105361.60125008145,75708.18366494545,181069.78491502692,5693.5
598,977,477,104.45754844480476,10.419651995905834,6.844524053224163,13.109805527123834,47.417093142272265,19.800511770726708,167.77152313072884,102.74206755373592,2212.172881103205,36.0,9.1,14.900000000000007,54.0,3544.986952070216,108,0.6235367218241759,1.0,4.199999999999999,10.379999999999987,38.5,1.0,94,102055.02483057424,80027.01653335766,182082.0413639319,5484.099999999999
599,945,461,117.83454393248235,10.438095238095238,6.835873015873019,13.101947089947075,47.46666666666667,19.798624338624336,155.25456384898126,102.88677248677249,3676.4171149029894,36.0,9.1,14.900000000000007,54.0,3221.1705019713727,108,0.5569738263655899,1.0,4.199999999999999,10.379999999999987,38.5,0.8887395276478931,95,111353.64401619582,71572.35393438036,182925.9979505762,5540.0
600,979,474,104.97700667122834,10.270684371807967,6.856690500510729,13.096629213483146,47.492339121552604,19.29662921348314,169.53441769788063,103.0990806945863,2212.172881103205,35.0,9.1,14.840000000000007,54.0,3676.4171149029894,108,0.5569738263655899,1.0,4.199999999999999,10.319999999999986,38.5,0.008532484959663078,95,102772.48953113254,80359.31398879542,183131.80351992795,5229.0
601,995,436,115.4498731491432,10.177889447236181,6.873768844221113,13.10329648241206,47.47386934673367,19.811959798994966,155.26437918531488,103.2683417085427,3697.5957445029626,36.0,9.1,14.840000000000007,53.5,3219.1705019713727,108,0.5569738263655899,1.0,4.199999999999999,10.319999999999986,39.0,0.37606491169820844,95,114872.62378339749,67695.2693247973,182567.89310819478,5136.9
602,1007,466,104.5959878208115,9.988083416087388,6.856603773584908,13.070268123138046,47.50148957298908,20.251638530287966,168.3741057694165,103.34558093346574,2363.481998144268,36.0,9.1,14.840000000000007,53.5,3697.5957445029626,108,0.5220574667337976,1.0,4.199999999999999,10.319999999999986,39.0,0.6235367218241759,95,105328.15973555719,78462.33328854809,183790.49302410526,6190.2
603,964,429,107.39065809383129,10.156639004149378,6.871058091286307,13.07985477178423,47.5347510373444,21.034024896265556,185.87143304818167,103.48547717842324,3345.456205553644,36.0,9.1,14.840000000000007,53.5,3696.5957445029626,108,0.5569738263655899,1.0,4.199999999999999,10.319999999999986,39.0,0.02172722913170233,95,103524.59440245337,79738.84477766993,183263.4391801233,5934.299999999999
604,995,461,102.14864256458523,10.209045226130653,6.853266331658293,13.069065326633178,47.571859296482415,20.0008040201005,175.6267023876371,103.5959798994975,2824.8997945104234,36.0,9.1,14.900000000000007,53.5,3695.5957445029626,108,0.2856086414784937,1.0,4.199999999999999,10.319999999999986,38.5,0.23154217863342774,96,101637.8993517623,80963.9098007007,182601.80915246299,5379.7
605,981,446,112.19491571719819,10.341488277268093,6.872680937818556,13.105524974515804,47.65545361875637,19.90601427115189,159.5054706738791,103.79102956167176,3729.640401902956,36.0,9.1,14.960000000000008,53.5,2006.5830710022365,108,0.2856086414784937,1.0,4.199999999999999,10.319999999999986,38.5,0.07904344891514725,96,110063.21231857142,71139.43992055008,181202.6522391215,5467.299999999999
606,983,465,112.54582806267767,10.292980671414039,6.873448626653108,13.097822990844374,47.6998982706002,19.94333672431331,152.75651691196236,103.97863682604273,3729.640401902956,36.0,9.1,14.960000000000008,53.5,2005.5830710022365,109,0.2674054320739247,1.0,4.199999999999999,10.319999999999986,38.5,1.0,96,110632.54898561216,71031.7803640625,181664.32934967466,6103.0
607,978,446,111.94920387149145,10.111451942740286,6.876993865030675,13.086053169734157,47.68149284253579,20.026789366053176,158.5738355317078,104.14723926380368,2270.7918868629017,36.0,9.1,14.960000000000008,53.5,3729.640401902956,109,0.2674054320739247,1.0,4.199999999999999,10.319999999999986,38.5,0.6062940514084236,96,109486.32138631864,70723.93064714168,180210.2520334603,5758.599999999999
608,976,466,111.56941015981253,9.966188524590164,6.872233606557382,13.05721311475411,47.62858606557377,20.05153688524588,155.4892223251056,104.35655737704919,2270.7918868629017,37.0,9.1,14.960000000000008,53.5,3728.640401902956,109,0.2674054320739247,1.0,4.199999999999999,10.319999999999986,38.5,0.32801542386576665,96,108891.74431597703,72457.97760349921,181349.72191947623,5782.4
609,956,468,111.65098517882564,10.009414225941423,6.8592050209205,13.04474895397492,47.64905857740586,19.997280334728046,159.3689182485449,104.44246861924687,3733.338342275865,37.0,9.1,14.960000000000008,53.5,2021.358283697027,109,0.2674054320739247,1.0,4.199999999999999,10.319999999999986,38.5,0.9183030082658199,96,106738.3418309573,74584.65374031902,181322.99557127632,5535.4
610,955,490,109.39924602451076,9.902617801047121,6.845863874345558,13.039958115183257,47.55968586387434,19.247958115183245,159.6616302871674,104.66387434554974,3733.338342275865,37.0,9.1,14.960000000000008,53.5,2020.358283697027,110,0.2674054320739247,1.0,4.199999999999999,10.319999999999986,38.5,0.3284306037127993,96,104476.27995340778,78234.19884071204,182710.47879411982,5089.7
611,985,444,120.22192279240404,9.766497461928934,6.867208121827408,13.041644670050763,47.528934010152284,19.658375634517785,145.04583120146916,104.81421319796954,3801.338342275865,37.0,9.1,14.960000000000008,53.5,1610.606740355455,110,0.2674054320739247,1.0,4.199999999999999,10.319999999999986,39.5,0.49186462526584274,96,118418.59395051798,64400.34905345231,182818.9430039703,4912.9
612,968,455,106.7460714757105,9.942148760330578,6.911570247933884,13.086157024793403,47.54442148760331,19.361983471074396,170.8789860528481,105.0444214876033,3801.338342275865,37.0,9.1,14.960000000000008,53.5,3059.134432676905,110,0.5348108641478494,1.0,4.199999999999999,10.259999999999986,40.0,0.012700203386220243,96,103330.19718848776,77749.93865404588,181080.13584253364,6089.299999999999
613,983,473,108.09305287663139,9.830111902339777,6.889521871820956,13.071678535096654,47.51983723296033,19.3233977619532,159.92706396559691,105.20345879959308,3801.338342275865,33.0,9.0,14.960000000000008,53.5,2118.2197554155473,110,0.5043513580184812,1.0,4.199999999999999,10.259999999999986,39.5,0.051356781482056135,97,106255.47097772866,75645.50125572734,181900.972233456,5398.799999999999
614,961,453,107.8529481203408,9.788761706555672,6.90405827263268,13.081165452653504,47.579604578563995,19.792924037460992,170.95376118141948,105.31841831425598,3801.338342275865,33.0,9.0,14.960000000000008,54.0,3059.6219607852736,110,0.5043513580184812,1.0,4.199999999999999,10.259999999999986,39.5,0.3745826455767576,97,103646.6831436475,77442.05381518303,181088.73695883053,5825.599999999999
615,989,473,104.80568213077767,9.507583417593528,6.884024266936302,13.041253791708797,47.52275025278059,19.72891809909,163.31347651263593,105.45399393326592,2205.505487100303,33.0,9.0,14.960000000000008,54.0,3058.6219607852736,110,0.5043513580184812,1.0,4.199999999999999,10.259999999999986,39.5,0.32801542386576665,97,103652.81962733911,77247.2743904768,180900.0940178159,5617.4
616,968,440,112.63511261376014,9.332644628099173,6.866942148760334,13.013181818181833,47.55785123966942,20.731095041322313,163.3756766840567,105.51549586776859,2598.024885503959,33.0,9.0,14.840000000000007,54.0,3057.6219607852736,110,0.5348108641478494,1.0,4.299999999999999,10.259999999999986,39.5,0.6791965657493195,97,109030.78901011981,71885.29774098496,180916.08675110477,6066.3
617,974,481,106.47264003832386,9.348049281314168,6.873100616016419,13.024394250513332,47.53798767967146,20.10882956878849,160.51352878197986,105.69712525667352,1948.4120052609176,33.0,9.0,14.840000000000007,54.0,3056.6219607852736,110,0.4801147771906547,1.0,4.299999999999999,10.199999999999985,39.5,0.15941846635546408,97,103704.35139732744,77207.00734413232,180911.35874145976,5796.9
618,947,464,109.71056115670763,9.546990496304119,6.87951425554382,13.036092925026416,47.55755015839493,20.17486800422386,167.68679882562,105.78458289334742,3930.4066172454927,34.0,9.0,14.840000000000007,54.0,2017.6709399101396,110,0.41926285330567664,1.0,4.299999999999999,10.199999999999985,39.5,0.008702716036962377,97,103895.90141540213,77806.67465508769,181702.57607048983,5258.299999999999
619,953,523,97.64488511135576,9.472193074501574,6.8946484784889766,13.033494228751326,47.62486883525708,19.876705141657908,170.19557862631265,105.93809024134313,4103.281152595656,34.0,9.0,14.840000000000007,54.0,2016.6709399101396,111,0.3253293042900429,1.0,4.299999999999999,10.199999999999985,39.5,0.7769869808891086,98,93055.57551112204,89012.28762156151,182067.86313268356,5740.4
620,904,489,111.4026961614572,9.401548672566372,6.875884955752215,13.018517699115048,47.5929203539823,20.37079646017698,165.3996188406782,106.01548672566372,4103.281152595656,34.0,9.0,14.840000000000007,54.0,2015.6709399101396,111,0.3253293042900429,1.0,4.299999999999999,10.199999999999985,39.5,0.1462165737687724,98,100708.03732995731,80880.41361309163,181588.45094304893,5492.599999999999
621,925,544,106.05140149782686,9.24,6.841081081081081,12.974010810810794,47.55189189189189,19.320540540540524,152.5017372946757,106.20432432432432,4103.281152595656,35.0,9.1,14.840000000000007,54.0,2066.3102474942425,111,0.3253293042900429,1.0,4.299999999999999,10.199999999999985,39.5,0.3501753739707967,98,98097.54638548984,82960.94508830359,181058.49147379343,5257.0
622,923,461,112.57371873445929,9.19068255687974,6.828602383531966,12.954972914409531,47.596966413867825,19.64528710725894,163.99975318723344,106.30010834236187,4103.281152595656,35.0,9.1,14.840000000000007,54.0,2065.3102474942425,111,0.2513213193781867,1.0,4.199999999999999,10.199999999999985,39.5,0.2924587189163814,98,103905.54239190592,75603.88621931462,179509.42861122056,4701.5
623,958,513,99.2939072105079,9.09812108559499,6.829645093945726,12.962129436325688,47.44258872651357,18.475782881002075,165.71624798032556,106.55010438413362,1851.0008451004464,35.0,9.2,14.840000000000007,54.0,4103.281152595656,111,0.2513213193781867,1.0,4.199999999999999,10.199999999999985,39.0,0.14643060231205096,98,95123.56310766656,85012.43521390701,180135.99832157357,5319.7
624,961,432,113.10389424754193,9.18522372528616,6.832778355879286,12.96797086368367,47.46462018730489,19.9366285119667,165.30388283686247,106.64724245577523,2050.5616081737644,35.0,9.299999999999999,14.840000000000007,54.0,4102.281152595656,111,0.2513213193781867,1.0,4.199999999999999,10.199999999999985,39.0,0.05134344048280681,98,108692.84237188779,71411.27738552459,180104.11975741238,5436.7
625,968,466,102.88295951094965,9.240702479338843,6.8139462809917335,12.955371900826453,47.46022727272727,20.040289256198342,169.17788332142635,106.82231404958678,2050.5616081737644,35.0,9.299999999999999,14.840000000000007,54.0,4101.281152595656,111,0.2513213193781867,1.0,4.199999999999999,10.199999999999985,39.0,0.012657961870182088,98,99590.70480659926,78836.89362778468,178427.59843438392,6925.4
626,953,502,98.61708870999306,9.29485834207765,6.79517313746065,12.943483735571872,47.46379853095488,20.23809024134312,170.09276009505004,106.98740818467996,2811.9236015523675,35.0,9.299999999999999,14.840000000000007,54.0,4100.281152595656,112,0.2513213193781867,1.0,4.199999999999999,10.199999999999985,39.0,0.35662210764189384,98,93982.08554062337,85386.56556771512,179368.6511083385,5983.499999999999
627,923,481,107.67814143714382,8.90249187432286,6.81115926327194,12.916511375947993,47.45016251354279,20.384398699891666,167.736484085353,107.17118093174432,2811.9236015523675,35.0,9.299999999999999,14.840000000000007,54.0,4099.281152595656,112,0.3253293042900429,1.0,4.199999999999999,10.199999999999985,39.0,0.23733869758988968,99,99386.92454648374,80681.2488450548,180068.17339153856,5918.499999999999
628,942,507,112.72083659690205,8.762208067940552,6.804246284501061,12.910573248407646,47.511146496815286,19.82908704883227,145.97757854747704,107.37473460721868,4203.48340003077,35.0,9.299999999999999,14.840000000000007,54.0,2059.3102474942425,112,0.3253293042900429,1.0,4.199999999999999,10.199999999999985,39.0,0.4074331470421215,99,106183.02807428173,74010.63232357086,180193.6603978526,5256.2
629,921,509,100.65589393613772,8.68729641693811,6.795331161780675,12.894267100977194,47.467969598262755,19.982410423452738,172.06835515101085,107.47882736156352,2811.9236015523675,36.0,9.299999999999999,14.840000000000007,54.0,4203.48340003077,112,0.523605147034884,1.0,4.199999999999999,10.199999999999985,39.0,0.3253293042900429,99,92704.07831518284,87582.79277186452,180286.87108704736,5658.2
630,934,530,102.54843157754362,8.798715203426124,6.820663811563167,12.925096359743048,47.55460385438972,20.088008565310485,161.672948132958,107.71520342612419,2427.1653247708487,36.0,9.299999999999999,14.900000000000007,54.0,4202.48340003077,113,0.5506370332099705,1.0,4.199999999999999,10.199999999999985,39.0,0.09142220045683214,99,95780.23509342574,85686.66251046774,181466.89760389348,5723.499999999999
631,923,461,120.74175657731357,8.71830985915493,6.782448537378114,12.889707475622993,47.570422535211264,20.56771397616468,150.3909218390649,107.90032502708559,3073.072963340056,36.0,9.299999999999999,14.900000000000007,54.0,4201.48340003077,113,0.3602642810123277,1.0,4.199999999999999,10.259999999999986,39.0,0.19276700560878268,99,111444.64132086042,69330.21496780892,180774.85628866934,5239.599999999999
632,947,510,103.12520130076143,8.918690601900739,6.817423442449843,12.916578669482584,47.62777191129884,19.669693769799366,160.26459460088836,108.15733896515312,2812.9341611877253,36.0,9.299999999999999,14.900000000000007,54.0,4200.48340003077,113,0.3602642810123277,1.0,4.199999999999999,10.259999999999986,39.0,0.20254813283988193,99,97659.56563182108,81734.94324645307,179394.50887827415,5644.7
633,947,460,108.60205989672498,8.982048574445617,6.798310454065475,12.911932418162635,47.641499472016896,19.93410770855334,166.773380708816,108.29989440337908,2812.9341611877253,36.0,9.399999999999999,14.900000000000007,54.0,4199.48340003077,113,0.3602642810123277,1.0,4.199999999999999,10.259999999999986,39.0,0.3730582070319768,99,102846.15072219855,76715.75512605536,179561.90584825393,4965.7
634,973,489,101.47722540201889,9.143884892086332,6.791366906474829,12.944604316546755,47.60739979445015,19.601233299075034,167.09021447175508,108.45529290853032,2812.9341611877253,36.0,9.399999999999999,14.900000000000007,54.5,4198.48340003077,113,0.7592960290956308,1.0,4.199999999999999,10.259999999999986,39.0,0.5681009653865473,100,98737.34031616438,81707.11487668823,180444.4551928526,5599.7
635,975,445,111.07727953804815,9.099487179487179,6.791692307692313,12.946666666666683,47.61333333333334,19.509333333333352,159.6171304115174,108.59794871794871,3093.1859948932547,37.0,9.399999999999999,14.900000000000007,55.0,4197.48340003077,113,0.7592960290956308,1.0,4.199999999999999,10.259999999999986,39.0,1.0,100,108300.34754959695,71029.62303312524,179329.9705827222,5235.299999999999
636,995,469,105.15851364867532,9.073366834170855,6.791758793969864,12.95256281407037,47.630653266331656,19.320603015075363,161.4333903397244,108.87336683417085,3014.1388080777024,37.0,9.399999999999999,14.900000000000007,55.0,4196.48340003077,114,0.6837151459287762,1.0,4.299999999999999,10.259999999999986,39.0,0.6512878301969387,100,104632.72108043195,75712.26006933075,180344.9811497627,5742.299999999999
637,974,430,115.16766949000571,9.034907597535934,6.802566735112946,12.937926078028758,47.65451745379877,19.600718685831612,158.52829504507875,109.11601642710473,4288.812864073447,37.0,9.399999999999999,14.900000000000007,55.0,3092.1859948932547,114,0.6813497577201628,1.0,4.299999999999999,10.259999999999986,39.0,0.6382872142071467,101,112173.31008326556,68167.16686938386,180340.47695264942,5774.499999999999
638,998,471,112.44798706448186,9.11623246492986,6.8272545090180445,12.948757515030076,47.74048096192385,19.555310621242473,144.58536552426642,109.29158316633267,4288.812864073447,37.0,9.399999999999999,14.900000000000007,55.0,3091.1859948932547,114,0.6813497577201628,1.0,4.299999999999999,10.259999999999986,39.0,0.3156965461220522,101,112223.0910903529,68099.70716192949,180322.79825228237,5753.299999999999
639,977,434,115.57720373771764,9.1453428863869,6.82548618219038,12.983664278403285,47.70982599795292,19.706550665301943,154.42434391687775,109.43091095189355,3095.551182489739,37.0,9.399999999999999,14.900000000000007,55.0,4288.812864073447,114,0.6120604482507301,1.0,4.299999999999999,10.259999999999986,39.0,0.10751623658188891,101,112918.92805175013,67020.16525992494,179939.09331167507,5627.0
640,978,469,103.12861560500525,9.121676891615541,6.833128834355833,12.979979550102277,47.66411042944785,19.615030674846615,171.046588263086,109.60224948875256,2832.3098211649353,37.0,9.399999999999999,14.900000000000007,55.0,4287.812864073447,115,0.6120604482507301,1.0,4.299999999999999,10.259999999999986,39.0,0.6097767494161381,101,100859.78606169514,80220.84989538733,181080.63595708247,5853.4
641,970,461,102.33815661879707,9.135051546391752,6.811134020618549,12.970762886597937,47.661340206185564,19.756597938144314,178.1369380837695,109.74639175257732,3101.4505398701,37.0,9.399999999999999,14.900000000000007,54.5,4286.812864073447,115,0.5647297478168151,1.0,4.299999999999999,10.259999999999986,39.0,0.6837151459287762,101,99268.01192023316,82121.12845661775,181389.1403768509,5525.599999999999
642,986,476,97.65330760960317,9.028397565922921,6.803042596348884,12.966997971602447,47.71855983772819,19.634482758620695,180.2971221089781,109.8894523326572,3101.4505398701,37.0,9.299999999999999,14.960000000000008,54.5,4285.812864073447,115,0.5525575559991501,1.0,4.299999999999999,10.259999999999986,39.0,0.3145471150923762,101,96286.16130306873,85821.43012387358,182107.59142694232,5742.799999999999
643,984,433,114.0076801551593,9.129065040650406,6.827642276422754,12.983760162601659,47.66412601626016,20.027134146341456,161.181883081463,110.03353658536585,4290.356574089888,37.0,9.299999999999999,14.960000000000008,54.5,2831.3098211649353,115,0.5525575559991501,1.0,4.299999999999999,10.259999999999986,39.0,0.22612232130207488,101,112183.55727267676,69791.75537427349,181975.31264695025,5245.7
644,1002,467,113.93603432322602,9.065868263473053,6.8226546906187515,12.983892215568881,47.733033932135726,19.905289421157697,146.73622127741075,110.2185628742515,4290.356574089888,37.0,9.2,14.960000000000008,55.0,2627.21138733726,115,0.5510757240399106,1.0,4.299999999999999,10.259999999999986,39.5,0.2755378620199553,101,114163.90639187247,68525.81533655082,182689.7217284233,5917.299999999999
645,977,436,104.91259156523112,9.151484135107472,6.822006141248722,12.987144319344942,47.73541453428864,20.105424769703138,182.28516719391018,110.36540429887411,4290.356574089888,35.0,9.2,14.960000000000008,55.0,3385.430233292463,115,0.5510757240399106,1.0,4.199999999999999,10.259999999999986,39.5,0.11813010077985053,102,102499.60195923081,79476.33289654485,181975.93485577567,5763.499999999999
646,999,452,99.45677548627708,9.14014014014014,6.782882882882882,12.947127127127136,47.77677677677678,19.76356356356354,183.32040744930023,110.49449449449449,4637.146730968109,35.0,9.2,14.960000000000008,55.0,2832.8567786620865,115,0.5510757240399106,1.0,4.199999999999999,10.259999999999986,39.0,0.933859128750895,102,99357.3187107908,82860.8241670837,182218.1428778745,5606.0
647,987,431,119.06776836558095,9.196555217831813,6.789969604863224,12.94109422492401,47.803444782168185,20.333839918946314,151.1822260006516,110.65450861195542,4637.146730968109,35.0,9.2,14.960000000000008,55.0,2831.8567786620865,116,0.5510757240399106,1.0,4.1,10.199999999999985,39.0,0.32993497207262124,102,117519.8873768284,65159.53940628084,182679.42678310923,5797.4
648,990,469,107.63838305072012,9.08989898989899,6.800808080808081,12.937474747474779,47.82222222222222,20.165959595959585,162.32758082853022,110.85252525252525,4397.093387605472,34.0,9.299999999999999,14.960000000000008,55.0,4637.146730968109,116,0.5510757240399106,1.0,4.1,10.199999999999985,39.0,0.23692165472901117,102,106561.99922021292,76131.63540858067,182693.63462879357,6326.799999999999
649,974,435,108.88756198989805,8.94558521560575,6.778952772073927,12.92570841889119,47.818788501026695,20.56889117043123,176.8425513715824,110.99383983572895,4397.093387605472,35.0,9.299999999999999,15.020000000000008,55.0,4636.146730968109,116,0.7458661955469309,1.0,4.1,10.199999999999985,39.5,0.7374757615059226,102,106056.4853781607,76926.50984663835,182982.99522479903,5957.9
650,964,490,100.81825952011877,8.983402489626556,6.784024896265559,12.956659751037357,47.86670124481328,20.04346473029046,173.85949637156418,111.16908713692946,2849.2202641769545,35.0,9.299999999999999,15.020000000000008,55.0,4635.146730968109,116,0.2900010803284329,1.0,4.1,10.199999999999985,39.5,0.03175416795855579,103,97188.8021773945,85191.15322206645,182379.95539946095,6174.9
651,940,454,112.0377054940726,9.079787234042554,6.757978723404252,12.955127659574465,47.84893617021277,19.549255319148948,171.7633181138471,111.17340425531916,4905.665013237538,35.0,9.299999999999999,15.020000000000008,54.5,3386.0159771288545,116,0.2900010803284329,1.0,4.1,10.199999999999985,39.5,0.7520228046192755,103,105315.44316442824,77980.54642368658,183295.98958811484,5271.4
652,980,472,110.93714446791336,9.081632653061224,6.744489795918358,12.949714285714302,47.76326530612245,19.085306122448973,155.96360559185072,111.28673469387755,2849.2202641769545,35.0,9.299999999999999,15.020000000000008,54.5,3385.0159771288545,117,0.2900010803284329,1.0,4.1,10.199999999999985,39.5,0.10511511199830026,103,108718.40157855509,73614.82183935354,182333.22341790862,5465.5
653,979,420,120.67583697109818,9.170582226762003,6.767517875383043,12.982900919305417,47.83810010214505,19.831869254341182,151.7116175107682,111.4902962206333,3389.571142564024,35.0,9.299999999999999,15.020000000000008,54.5,2290.04813682475,117,0.37601140230963775,1.0,4.1,10.199999999999985,39.0,0.22337977834483524,103,118141.64439470512,63718.87935452264,181860.52374922775,5484.299999999999
654,996,472,114.51200722259298,9.13855421686747,6.775200803212848,12.995522088353427,47.856425702811244,19.695883534136563,142.91245118078857,111.69578313253012,3475.360502683286,35.0,9.399999999999999,15.020000000000008,54.5,2289.04813682475,117,0.3151247070469403,1.0,4.1,10.139999999999985,39.0,0.1507176491107014,103,114053.95919370261,67454.67695733221,181508.63615103482,6322.9
655,953,424,113.4012996913291,8.931794333683106,6.800944386149004,13.015173137460652,47.87303252885624,20.77177334732424,169.9122935473734,111.8887722980063,3475.360502683286,35.0,9.399999999999999,15.020000000000008,54.5,3389.571142564024,117,0.3151247070469403,1.0,3.9999999999999996,10.139999999999985,39.0,0.31821625644973217,103,108071.43860583664,72042.81246408632,180114.25106992296,6634.7
656,985,483,104.12107536259384,8.694416243654823,6.793197969543154,13.00211167512692,47.90203045685279,19.77634517766495,158.2175306117208,112.09543147208122,3533.360502683286,34.0,9.399999999999999,15.020000000000008,54.5,3098.162296596754,118,0.3151247070469403,1.0,3.9999999999999996,10.139999999999985,39.0,0.3446919324124247,104,102559.25923215493,76419.06728546115,178978.32651761608,5978.0
657,970,434,113.75231964841635,8.648453608247422,6.80721649484536,12.998907216494846,47.94381443298969,20.02711340206186,156.75671027384686,112.28969072164948,3533.360502683286,34.0,9.399999999999999,15.020000000000008,54.5,3097.162296596754,118,0.46162046900690623,1.0,3.9999999999999996,10.139999999999985,39.0,1.0,104,110339.75005896385,68032.41225884954,178372.16231781337,5096.4
658,985,486,92.10610882331177,8.479187817258882,6.776548223350242,12.971634517766516,47.88172588832487,19.223147208121816,181.85249075068907,112.41015228426396,3389.6924752816085,34.0,9.399999999999999,15.020000000000008,54.5,3533.360502683286,118,0.3437816063221762,1.0,3.9999999999999996,10.139999999999985,38.5,0.12896927099481958,104,90724.5171909621,88380.3105048349,179104.827695797,5670.5
659,978,402,106.85748317982299,8.602249488752555,6.768507157464209,12.986830265848672,47.91564417177914,19.089672801636016,185.30229914077094,112.56441717791411,3706.0699564184024,34.0,9.399999999999999,15.020000000000008,54.5,3095.162296596754,118,0.3437816063221762,1.0,3.9999999999999996,10.139999999999985,38.5,0.46162046900690623,104,104506.6185498669,74491.52425458992,178998.14280445682,4594.699999999999
660,1046,380,93.48474074456634,8.584130019120458,6.784321223709368,12.993938814531536,47.94550669216061,18.3242829827916,205.98418928540838,112.75143403441683,3706.0699564184024,34.0,9.399999999999999,15.080000000000009,54.5,3389.6924752816085,118,0.3437816063221762,1.0,3.9999999999999996,10.079999999999984,38.5,1.0,104,97785.03881881639,78273.99192845519,176059.03074727158,5141.599999999999
661,1083,391,93.51679072592844,8.746075715604801,6.8048938134810655,13.031246537396113,48.068328716528164,18.293351800554007,191.41868557067735,112.95290858725762,3706.0699564184024,34.0,9.399999999999999,15.080000000000009,54.5,3388.6924752816085,118,0.5316950764413705,1.0,3.9999999999999996,10.079999999999984,38.5,0.744786498643764,104,101278.6843561805,74844.70605813485,176123.39041431533,4838.999999999999
662,1058,342,95.05220983220303,8.65406427221172,6.800756143667297,13.034158790170123,48.08553875236295,19.078355387523622,216.85617512110622,113.07466918714556,3389.1410962541786,34.0,9.399999999999999,15.080000000000009,54.5,3706.0699564184024,118,0.4147502284759099,1.0,3.9999999999999996,10.079999999999984,38.5,0.8295004569518198,104,100565.23800247081,74164.81189141833,174730.04989388914,5835.2
663,1115,364,93.77756130448252,8.545291479820628,6.793632286995518,13.019659192825097,48.086995515695065,19.4610762331839,190.2830387287445,113.20627802690584,3389.1410962541786,34.0,9.399999999999999,15.080000000000009,54.5,3705.0699564184024,119,0.4147502284759099,1.0,3.9999999999999996,10.019999999999984,38.5,0.2358425255194918,105,104561.980854498,69263.02609726299,173825.006951761,5874.0
664,1084,335,106.41221769622695,8.474169741697416,6.8157749077490815,13.031734317343181,48.14760147601476,20.40405904059041,171.21546388157807,113.39114391143912,3709.8632948673235,33.0,9.399999999999999,15.080000000000009,54.5,3129.4330583554042,120,0.4147502284759099,1.0,3.8999999999999995,10.019999999999984,38.5,0.08650273802749187,105,115350.84398271001,57357.18040032865,172708.02438303866,6271.799999999999
665,1090,360,100.33162249896637,8.388990825688074,6.831376146788993,13.062201834862382,48.18256880733945,20.84944954128445,176.63658775216834,113.5348623853211,3709.8632948673235,33.0,9.399999999999999,15.14000000000001,54.5,3389.1410962541786,120,0.4147502284759099,1.0,3.8999999999999995,10.019999999999984,38.5,0.6804599940204364,105,109361.46852387334,63589.17159078061,172950.64011465394,6470.099999999999
666,1069,368,102.20971727049377,8.250701590271282,6.815715622076712,13.028044901777363,48.11739943872778,21.5530402245089,173.35153826323344,113.67259120673526,3709.8632948673235,33.0,9.399999999999999,15.14000000000001,54.5,3388.1410962541786,119,0.5400410166530324,1.0,3.8999999999999995,10.019999999999984,38.5,0.10643434823228448,105,109262.18776215785,63793.366080869906,173055.55384302774,6614.699999999999
667,1008,415,105.26931124756453,7.998015873015873,6.8109126984126975,12.998353174603183,48.13789682539682,21.553670634920653,159.2653774399264,113.79067460317461,3709.8632948673235,33.0,9.1,15.14000000000001,54.0,3387.1410962541786,119,0.5400410166530324,1.0,3.8999999999999995,9.959999999999983,38.5,0.8823862511930898,106,106111.46573754505,66095.13163756946,172206.5973751145,7341.599999999999
668,1006,439,97.91479387884878,8.054671968190855,6.814811133200793,13.005109343936374,48.16003976143141,21.621371769383718,170.67698573948334,113.90059642147118,3407.0374707229103,33.0,9.1,15.14000000000001,54.0,3709.8632948673235,119,0.5400410166530324,1.0,3.8999999999999995,9.959999999999983,38.5,0.1910700739040898,106,98502.28264212188,74927.19673963319,173429.47938175505,6085.499999999999
669,993,452,93.82493797660175,8.051359516616314,6.839073514602219,13.042960725075531,48.205438066465256,21.120946626384704,178.5804277301438,114.1570996978852,3407.0374707229103,33.0,9.1,15.14000000000001,54.5,3708.8632948673235,119,0.5577995252857695,1.0,3.8999999999999995,9.959999999999983,38.5,0.43858808530946547,106,93168.16341076553,80718.353334025,173886.51674479054,5554.3
670,989,436,96.05006988189666,7.825075834175935,6.84671385237614,13.016946410515661,48.16582406471183,20.760768452982802,184.61336570647322,114.26491405460061,3483.0374707229103,29.0,9.2,15.14000000000001,54.5,3707.8632948673235,120,0.5718927390650741,1.0,3.8999999999999995,9.959999999999983,38.5,0.22281523639784728,106,94993.5191131958,80491.42744802232,175484.94656121812,5344.099999999999
671,992,464,102.25732966473511,7.8125,6.835987903225807,13.012116935483864,48.201108870967744,20.317842741935483,160.86407071919203,114.45362903225806,3483.0374707229103,29.0,9.2,15.14000000000001,54.5,3706.8632948673235,120,0.29859880446595904,1.0,3.8999999999999995,9.959999999999983,38.5,0.7214765875429099,106,101439.27102741723,74640.9288137051,176080.19984112232,5938.599999999999
672,978,449,103.3831065325587,8.005112474437627,6.840286298568515,13.027443762781187,48.262269938650306,21.112167689161545,168.47615395001532,114.59100204498978,3483.0374707229103,28.0,9.2,15.14000000000001,54.5,3705.8632948673235,120,0.29859880446595904,1.0,3.8999999999999995,9.959999999999983,38.5,0.13934222845055144,107,101108.6781888424,75645.79312355688,176754.47131239928,5860.499999999999
673,977,445,103.22447900656995,7.854657113613102,6.82077789150461,13.009129989764597,48.21136131013306,21.13111566018424,167.16460351808115,114.73285568065506,3483.0374707229103,28.0,9.2,15.20000000000001,54.5,3704.8632948673235,120,0.5362459796578827,1.0,3.8999999999999995,9.959999999999983,38.5,0.4713554251859553,107,100850.31598941884,74388.2485655461,175238.56455496495,6264.5
674,983,484,98.17034078415232,7.72736520854527,6.816174974567654,12.997619532044766,48.21719226856562,20.443540183112898,164.65741336996905,114.86876907426246,3170.5921566103393,28.0,9.2,15.20000000000001,54.5,3703.8632948673235,120,0.542989161142432,1.0,3.8999999999999995,10.019999999999984,38.5,0.3459238406537559,107,96501.44499082172,79694.18807106501,176195.63306188674,5537.999999999999
675,971,437,106.71089112606077,7.7806385169927905,6.845211122554067,13.029845520082388,48.2821833161689,20.645623069001005,164.16250211236584,115.04119464469619,3767.3732913099893,28.0,9.2,15.20000000000001,54.5,3702.8632948673235,121,0.271494580571216,1.0,3.7999999999999994,10.019999999999984,38.5,0.5971976089319181,107,103616.275283405,71739.01342310387,175355.28870650887,5181.799999999999
676,992,468,104.99399361095723,7.811491935483871,6.864516129032258,13.062681451612905,48.314516129032256,20.040524193548386,148.58998410512731,115.23689516129032,3134.646823342743,29.0,9.2,15.20000000000001,54.5,3767.3732913099893,121,0.271494580571216,1.0,3.7999999999999994,10.019999999999984,38.5,1.0,107,104154.04166206958,69540.11256119958,173694.15422326914,5665.199999999999
677,965,440,107.40434789175391,7.773056994818653,6.851398963730572,13.060269430051836,48.355440414507775,19.63202072538862,158.35406770027194,115.31088082901555,3134.646823342743,29.0,9.2,15.20000000000001,54.5,3766.3732913099893,121,0.44899469233164163,1.0,3.7999999999999994,10.019999999999984,38.5,0.2875709562602964,107,103645.19571554253,69675.78978811965,173320.9855036622,5362.199999999999
678,999,460,109.22715266684474,7.7907907907907905,6.853853853853848,13.067107107107107,48.37687687687688,19.443843843843844,140.69623244548256,115.51851851851852,3766.4617441703554,29.0,9.2,15.20000000000001,54.5,3699.8632948673235,121,0.44899469233164163,1.0,3.7999999999999994,10.079999999999984,38.5,0.7446076784321056,107,109117.9255141779,64720.26692492198,173838.1924390999,5689.999999999999
679,988,420,95.88473381238965,7.861336032388664,6.882995951417004,13.100829959514172,48.468117408906885,19.365182186234804,188.35235753074397,115.67914979757084,3766.4617441703554,29.0,9.299999999999999,15.20000000000001,54.5,3698.8632948673235,122,0.2543789976659002,1.0,3.7999999999999994,10.019999999999984,38.5,0.4191370261113532,107,94734.11700664098,79107.99016291247,173842.10716955346,5265.499999999999
680,1014,452,88.75840723796325,7.9743589743589745,6.905128205128208,13.14262327416174,48.532051282051285,19.34566074950689,187.20510066422932,115.88067061143984,3766.4617441703554,29.0,9.299999999999999,15.20000000000001,54.5,3697.8632948673235,122,0.2543789976659002,1.0,3.7999999999999994,10.019999999999984,38.5,0.21729015548187158,107,90001.02493929474,84616.70550023165,174617.73043952638,5981.7
681,1010,399,98.43030756725987,7.8841584158415845,6.927128712871296,13.153544554455447,48.50445544554456,20.294356435643557,187.25258634862053,116.01782178217822,3766.4617441703554,29.0,9.299999999999999,15.20000000000001,54.5,3696.8632948673235,122,0.5087579953318004,1.0,3.7999999999999994,10.019999999999984,39.5,1.2606891864002052,107,99414.61064293247,74713.78195309959,174128.39259603206,5740.099999999999
682,1007,421,95.05454182897421,7.6415094339622645,6.892750744786497,13.096842105263168,48.493545183714005,20.294141012909623,182.5139814961878,116.16881827209534,1998.0499421347986,26.0,9.299999999999999,15.20000000000001,54.5,3766.4617441703554,122,0.2578328441563587,1.0,3.7999999999999994,10.019999999999984,39.5,0.2606891864002052,107,95719.92362177702,76838.38620989506,172558.3098316721,6822.5
683,1000,445,99.72476764722722,7.677,6.877100000000002,13.098459999999998,48.4785,20.461299999999984,164.48719974233208,116.257,2392.808668820893,26.0,9.299999999999999,15.20000000000001,54.5,3765.4617441703554,123,0.2578328441563587,1.0,3.8999999999999995,10.019999999999984,39.5,0.012186161379085902,107,99724.76764722723,73196.80388533778,172921.571532565,6018.499999999999
684,989,432,100.57607873721443,7.793731041456017,6.8706774519716936,13.101900910010116,48.46359959555106,20.715267947421648,171.862191987732,116.35894843276036,2427.808668820893,26.0,9.399999999999999,15.20000000000001,54.5,3764.4617441703554,123,0.36142827807724554,1.0,3.8999999999999995,10.019999999999984,39.5,0.16388519771307486,108,99469.74187110507,74244.46693870022,173714.20880980528,5931.099999999999
685,985,413,91.40285190696167,7.830456852791878,6.891370558375642,13.127005076142138,48.4492385786802,20.43076142131979,200.64511624559526,116.54416243654822,2427.808668820893,26.0,9.499999999999998,15.14000000000001,54.0,3763.4617441703554,123,0.36142827807724554,1.0,3.8999999999999995,10.019999999999984,39.5,0.6406157246086877,108,90031.80912835724,82866.43300943084,172898.2421377881,6218.099999999999
686,1029,415,96.20800320120772,7.884353741496598,6.881049562682221,13.130184645286679,48.457725947521865,19.971720116618087,179.53458815752387,116.74052478134111,4172.629532862739,26.0,9.499999999999998,15.20000000000001,54.5,3762.4617441703554,123,0.36142827807724554,1.0,3.8999999999999995,10.079999999999984,39.5,0.2338461443286659,108,98998.03529404274,74506.85408537241,173504.88937941514,5327.499999999999
687,1019,427,106.37389654927203,7.8282630029440625,6.883709519136412,13.131481844946013,48.4396467124632,20.553876349362138,155.94425146880437,116.93130520117762,4172.629532862739,27.0,9.499999999999998,15.20000000000001,54.5,2427.808668820893,124,0.43653738760530175,1.0,3.8999999999999995,10.079999999999984,39.5,0.10007732103851241,108,108395.0005837082,66588.19537717947,174983.19596088765,6311.099999999999
688,987,394,101.26244633739897,7.717325227963526,6.871225937183392,13.0941843971631,48.458459979736574,20.39969604863222,188.327532955288,117.09625126646404,3843.4045846101467,27.0,9.499999999999998,15.20000000000001,54.5,4172.629532862739,124,0.43653738760530175,1.0,3.8999999999999995,10.079999999999984,39.5,0.40450918702790095,108,99946.03453501279,74201.04798438348,174147.08251939627,6620.4
689,1006,436,93.71920254485376,7.805168986083499,6.901491053677937,13.138011928429423,48.50646123260437,19.731709741550702,184.3903677661627,117.33200795228628,3843.4045846101467,27.0,9.499999999999998,15.20000000000001,54.5,4171.629532862739,124,0.43653738760530175,1.0,3.8999999999999995,10.079999999999984,39.5,0.40030928415404965,108,94281.51776012288,80394.20034604694,174675.71810616984,5917.099999999999
690,990,434,97.24678307746039,7.875757575757576,6.886969696969692,13.13616161616162,48.593939393939394,20.69070707070709,183.27818391949594,117.5030303030303,3843.4045846101467,27.0,9.499999999999998,15.20000000000001,54.5,4170.629532862739,124,0.6083310676095275,1.0,3.9999999999999996,10.499999999999988,39.5,0.43653738760530175,109,96274.31524668579,79542.73182106124,175817.04706774704,6214.499999999999
691,983,426,97.90831304192258,7.766022380467955,6.888809766022385,13.120447609359104,48.623092573753816,20.683825025432334,183.56831922583402,117.6968463886063,3843.4045846101467,27.0,9.499999999999998,15.20000000000001,54.5,4169.629532862739,124,0.6083310676095275,1.0,3.9999999999999996,10.499999999999988,42.5,0.21666213521905497,109,96243.87172020989,78200.10399020529,174443.97571041516,6775.9
692,993,451,101.22459602421891,7.61631419939577,6.875327291037254,13.085659617321236,48.61178247734139,20.20332326283989,164.83638882356982,117.8318227593152,3120.030942801385,27.0,9.499999999999998,15.20000000000001,54.5,4168.629532862739,124,0.6083310676095275,1.0,3.9999999999999996,10.499999999999988,42.5,0.5259810347640199,109,100516.02385204937,74341.21135942999,174857.23521147936,5593.3
693,969,467,103.17735123838769,7.569659442724459,6.856346749226006,13.060846233230146,48.6140350877193,20.427038183694517,161.58096050831537,117.93395252837978,3846.553535219108,27.0,9.499999999999998,15.20000000000001,55.0,4482.466088376537,124,0.42177560333543984,1.0,4.1,10.499999999999988,42.5,0.6436991050139504,109,99978.85334999766,75458.30855738328,175437.16190738094,6009.5
694,973,474,102.76806581189759,7.430626927029805,6.855909558067841,13.057718396711197,48.6639260020555,20.637615621788274,162.5522914789617,118.13977389516958,3846.553535219108,27.0,9.499999999999998,15.20000000000001,55.0,4481.466088376537,125,0.2843408324091603,1.0,4.1,10.499999999999988,43.0,0.21666213521905497,109,99993.32803497635,77049.78616102785,177043.1141960042,6182.299999999999
695,963,483,107.92704808223446,7.52128764278297,6.86573208722741,13.080332294911713,48.65835929387331,20.79376947040497,152.3417064615751,118.31256490134994,3846.553535219108,27.0,9.499999999999998,15.20000000000001,55.0,4480.466088376537,126,0.2843408324091603,1.0,4.1,10.499999999999988,43.0,0.2399920163940008,109,103933.74730319179,73581.04422094076,177514.79152413254,6350.799999999999
696,945,487,104.6371255157741,7.703703703703703,6.872804232804234,13.122793650793657,48.63862433862434,20.368571428571443,162.01709960391577,118.42539682539683,3055.9654164939416,27.0,9.499999999999998,15.20000000000001,55.0,4479.466088376537,126,0.2843408324091603,1.0,4.1,10.439999999999987,42.5,0.146796186147224,110,98882.08361240652,78902.32750710698,177784.4111195135,5871.999999999999
697,955,494,111.67744660540303,7.854450261780105,6.8716230366492015,13.119267015706818,48.61727748691099,20.48335078534031,147.33565623668494,118.6,4488.304730736343,26.0,9.399999999999999,15.20000000000001,55.0,3687.374666163514,126,0.2843408324091603,1.0,4.1,10.439999999999987,42.5,0.25036470283253154,110,106651.9615081599,72783.81418092236,179435.77568908228,5624.999999999999
698,954,446,111.4478432507001,7.850104821802935,6.908490566037739,13.140691823899369,48.717505241090144,20.34308176100629,162.60124554184085,118.81341719077568,4488.304730736343,26.0,9.399999999999999,15.20000000000001,55.0,3686.374666163514,126,0.37442536564954343,1.0,4.1,10.379999999999987,42.5,0.44860720707389,110,106321.2424611679,72520.15551166103,178841.39797282894,5045.299999999999
699,995,477,108.66244414004532,7.997989949748744,6.930351758793969,13.178311557788954,48.78643216080402,19.214974874371855,149.95800752424958,119.06231155778895,4488.304730736343,26.0,9.399999999999999,15.20000000000001,55.0,2758.889748393133,126,0.2801499234014397,1.0,4.199999999999999,10.379999999999987,42.5,0.3659707237911911,110,108119.13191934509,71529.96958906706,179649.10150841216,5427.699999999999
700,989,394,114.37470933291482,8.137512639029323,6.945096056622849,13.1982406471183,48.75935288169869,19.621638018200194,168.1726950537289,119.22750252780587,4488.304730736343,26.0,9.399999999999999,15.20000000000001,54.5,2757.889748393133,126,0.37442536564954343,1.0,4.199999999999999,10.379999999999987,42.5,0.0787013826013303,110,113116.58753025276,66260.04185116918,179376.62938142195,5236.599999999999
701,1032,436,96.26150923361587,8.265503875968992,6.9372093023255985,13.188372093023236,48.8187984496124,19.072577519379827,181.2873907034474,119.39631782945736,3804.891194686471,26.0,9.399999999999999,15.20000000000001,54.5,4488.304730736343,127,0.37442536564954343,1.0,4.199999999999999,10.379999999999987,42.5,0.12059969360575873,110,99341.87752909158,79041.30234670306,178383.17987579462,5845.099999999999
702,1017,397,101.99496617010905,8.123893805309734,6.928318584070799,13.16930186823991,48.81219272369715,19.81160275319569,187.687889347145,119.50442477876106,3834.891194686471,26.0,9.499999999999998,15.26000000000001,55.0,4487.304730736343,127,0.37442536564954343,1.0,4.199999999999999,10.379999999999987,42.5,0.7884508402538901,110,103728.88059500091,74512.09207081656,178240.97266581748,6012.4
703,1019,413,97.12227518659721,8.1099116781158,6.9091265947006875,13.166987242394482,48.81305201177625,20.45191364082433,188.3360017843593,119.6261040235525,4511.724051916246,26.0,9.499999999999998,15.26000000000001,55.0,3124.1388005346266,127,0.37442536564954343,1.0,4.199999999999999,10.379999999999987,42.0,0.8891037869207823,111,98967.59841514255,77782.76873694039,176750.36715208294,7122.099999999999
704,1009,450,108.25126225105701,8.002973240832507,6.920614469772058,13.15520317145687,48.81070366699703,20.374925668979152,151.46420034117713,119.84935579781963,4511.724051916246,26.0,9.499999999999998,15.26000000000001,55.0,3123.1388005346266,127,0.37442536564954343,1.0,4.199999999999999,10.379999999999987,42.0,0.2766963371815725,111,109225.52361131653,68158.8901535297,177384.41376484622,6347.7
705,995,417,104.27668272042686,8.01105527638191,6.903618090452262,13.131417085427119,48.768844221105525,21.01427135678391,175.6964958940656,119.94371859296483,4511.724051916246,26.0,9.499999999999998,15.26000000000001,55.0,3834.891194686471,128,0.4398863683075911,1.0,4.199999999999999,10.379999999999987,42.0,0.3110184820991715,111,103755.29930682473,73265.43878782536,177020.7380946501,6203.7
706,1007,448,100.23098036951735,8.06454816285998,6.89860973187687,13.139960278053625,48.73882820258193,20.440615690168816,171.15410117098924,120.14597815292949,3841.7057607518404,26.0,9.499999999999998,15.26000000000001,55.0,4511.724051916246,128,0.3248384193083482,1.0,4.1,10.379999999999987,41.5,0.7402167119220858,111,100932.59723210397,76677.03732460318,177609.63455670717,6086.999999999999
707,986,441,114.67557028613344,7.890466531440162,6.868864097363087,13.116734279918852,48.75101419878296,20.139553752535484,147.8056214172982,120.2657200811359,4613.788542801173,26.0,9.499999999999998,15.26000000000001,55.0,2768.1124409677,128,0.5238576950482061,1.0,3.9999999999999996,10.379999999999987,41.5,0.2456290290171046,111,113070.11230212757,65182.27904502851,178252.39134715608,6134.999999999999
708,987,476,114.02113598258907,7.852077001013171,6.895643363728478,13.145146909827751,48.724924012158056,20.014589665653485,137.82591907463095,120.52684903748734,4613.788542801173,27.0,9.499999999999998,15.26000000000001,55.0,3213.7538524717897,127,0.27594079900835955,1.0,3.9999999999999996,10.439999999999987,41.5,0.2993536772333929,111,112538.86121481542,65605.13747952433,178143.99869433977,5991.7
709,975,443,113.85156603238369,7.814358974358974,6.927282051282047,13.170953846153823,48.764102564102565,20.50256410256409,151.9880671829794,120.74358974358974,4613.788542801173,27.0,9.499999999999998,15.26000000000001,55.0,3212.7538524717897,128,0.27594079900835955,1.0,3.9999999999999996,10.439999999999987,41.5,0.5922165718171852,112,111005.2768815741,67330.71376205987,178335.99064363397,5747.799999999999
710,980,455,103.91234361577601,7.8,6.9016326530612275,13.148571428571419,48.784183673469386,20.825408163265315,163.34942103904453,120.89693877551021,4672.420810292615,27.0,9.499999999999998,15.26000000000001,55.0,3211.7538524717897,128,0.27594079900835955,1.0,3.9999999999999996,10.439999999999987,42.0,0.8189917632544566,112,101834.09674346048,74323.98657276527,176158.08331622573,6688.2
711,980,487,102.25077530054449,7.634693877551021,6.882551020408161,13.114265306122427,48.80765306122449,20.995000000000033,159.30340562340402,121.10816326530612,4672.420810292615,27.0,9.499999999999998,15.26000000000001,55.0,4260.28816808737,128,0.27594079900835955,1.0,3.9999999999999996,10.439999999999987,42.0,0.062134335800742235,112,100205.7597945336,77580.75853859776,177786.51833313136,6235.9
712,934,454,105.56043203324887,7.559957173447537,6.835010706638114,13.065695931477507,48.809421841541756,21.470128479657387,172.1722501291235,121.15952890792292,4672.420810292615,27.0,9.499999999999998,15.320000000000011,55.0,4259.28816808737,128,0.5194489735742831,1.0,3.9999999999999996,10.379999999999987,42.0,0.5194489735742831,112,98593.44351905445,78166.20155862208,176759.6450776765,6344.5
713,953,507,100.17790705100505,7.506820566631689,6.844386149003149,13.07179433368311,48.80535152151102,19.890031479538273,162.63975027841173,121.34732423924449,4672.420810292615,28.0,9.399999999999999,15.320000000000011,55.0,4258.28816808737,128,0.25972448678714155,1.0,3.9999999999999996,10.379999999999987,42.0,0.18276298368191313,112,95469.5454196078,82458.35339115474,177927.89881076256,5329.599999999999
714,961,430,103.24636311552065,7.399583766909469,6.840166493236219,13.051342351716963,48.81113423517169,20.42008324661811,181.56603932605887,121.5171696149844,3251.483384268247,28.0,9.399999999999999,15.320000000000011,55.0,4672.420810292615,129,0.5177502408264429,1.0,3.9999999999999996,10.379999999999987,42.0,0.24765667898049504,113,99219.75495401534,78073.39691020531,177293.15186422065,4669.4
715,969,450,100.75904920161032,7.365325077399381,6.844685242518068,13.060247678018586,48.75438596491228,19.956965944272476,172.40877245366113,121.71517027863777,3268.25510360306,28.0,9.499999999999998,15.320000000000011,55.0,4671.420810292615,129,0.5177502408264429,1.0,3.9999999999999996,10.379999999999987,42.0,0.3067915087364139,113,97635.5186763604,77583.94760414751,175219.4662805079,6368.5
716,979,490,107.90930482268378,7.386108273748723,6.863227783452512,13.073483146067423,48.802349336057205,19.86149131767107,140.66955786676743,121.93462717058223,4701.758382819932,28.0,9.499999999999998,15.320000000000011,55.0,4255.28816808737,129,0.3087801382425641,1.0,3.9999999999999996,10.379999999999987,42.0,0.09462904351641699,113,105643.20942140742,68928.08335471604,174571.29277612345,5853.9
717,936,462,123.46224686865322,7.338675213675214,6.872542735042736,13.092115384615397,48.85309829059829,20.435790598290577,129.1629673099163,122.06623931623932,4701.758382819932,28.0,9.499999999999998,15.320000000000011,55.0,1733.950810376064,129,0.3087801382425641,1.0,3.9999999999999996,10.379999999999987,42.0,0.26902074236775597,113,115560.66306905942,59673.29089718133,175233.95396624075,6169.499999999999
718,968,442,107.12614501054082,7.262396694214876,6.874690082644636,13.088553719008273,48.9349173553719,20.899173553719006,159.35035952531476,122.23347107438016,4289.9357034880795,28.0,9.499999999999998,15.320000000000011,55.0,4701.758382819932,129,0.3087801382425641,1.0,4.1,10.379999999999987,42.0,0.005127565857790284,113,103698.10837020352,70432.85891018913,174130.96728039265,6146.2
719,964,468,106.51635877241868,7.304979253112033,6.881535269709544,13.100373443983418,48.988070539419084,20.354668049792537,148.86263009454785,122.4616182572614,4708.290596558214,28.0,9.499999999999998,15.320000000000011,54.5,3254.9655635860036,130,0.3087801382425641,1.0,4.1,10.379999999999987,42.0,0.0383706284842813,113,102681.76985661162,69667.7108842484,172349.48074086002,5667.2
720,958,492,108.41321596797083,7.362212943632568,6.87035490605429,13.107244258872662,48.9044885177453,20.198434237995855,141.26882878066215,122.65657620041753,4708.290596558214,28.0,9.499999999999998,15.320000000000011,54.5,3270.123153723707,130,0.3087801382425641,1.0,4.1,10.379999999999987,41.5,0.35137603895094127,113,103859.86089731606,69504.26376008577,173364.12465740182,6036.099999999999
721,937,487,109.60151442303534,7.321237993596585,6.897758804695838,13.140512273212378,48.95677694770544,20.945570971184637,146.51847117239552,122.85165421558165,4708.290596558214,28.0,9.499999999999998,15.380000000000011,54.5,3269.123153723707,131,0.3087801382425641,1.0,4.1,10.379999999999987,41.5,0.09462904351641699,114,102696.61901438411,71354.49546095662,174051.11447534073,6082.7
722,941,510,99.62878287059247,7.248671625929862,6.899256110520735,13.142465462274167,48.9643995749203,20.847077577045706,156.38243918683983,123.02444208289054,2354.145298279107,28.0,9.499999999999998,15.380000000000011,54.5,4289.9357034880795,131,0.3087801382425641,1.0,4.1,10.379999999999987,41.5,0.9747602670522969,114,93750.68468122752,79755.04398528831,173505.72866651585,5960.2
723,915,489,108.8278564557249,7.177049180327868,6.904480874316945,13.164393442622941,49.05355191256831,20.77092896174863,151.95949984536546,123.22732240437159,2820.737455151176,28.0,9.499999999999998,15.440000000000012,54.5,4288.9357034880795,131,0.3087801382425641,1.0,4.1,10.379999999999987,41.5,0.306514030696426,114,99577.48865698828,74308.19542438371,173885.684081372,5806.4
724,950,502,113.35658853669275,7.322105263157895,6.876947368421052,13.153915789473686,49.02789473684211,20.201368421052635,133.72324542557828,123.33263157894737,3391.492965640763,28.0,9.499999999999998,15.440000000000012,54.5,4287.9357034880795,131,0.33811261910427864,1.0,4.1,10.379999999999987,41.5,0.3087801382425641,114,107688.75910985812,67129.0692036403,174817.8283134984,5429.8
725,960,463,110.90897383730972,7.159375,6.841666666666668,13.13639583333333,49.01770833333333,20.47562500000001,148.77373657738235,123.45729166666666,3391.492965640763,28.0,9.399999999999999,15.440000000000012,54.5,4286.9357034880795,131,0.33811261910427864,1.0,4.1,10.379999999999987,41.5,0.15692198072033214,114,106472.61488381732,68882.24003532802,175354.85491914535,5396.0
726,973,491,108.4854915997517,7.163412127440904,6.833812949640285,13.124398766700917,49.02158273381295,20.163617677286734,141.99123817669602,123.58787255909559,3391.492965640763,28.0,9.399999999999999,15.440000000000012,55.0,4285.9357034880795,131,0.33811261910427864,1.0,4.1,10.379999999999987,41.5,0.019698767212950496,114,105556.3833265584,69717.69794475775,175274.08127131616,5731.3
727,963,443,100.49201654409069,7.256490134994808,6.8507788161993775,13.155576323987551,49.09241952232606,21.29511941848392,176.13352380831304,123.73104880581516,2584.6841891086165,28.0,9.399999999999999,15.440000000000012,55.0,4284.9357034880795,131,0.28373728190123676,1.0,4.1,10.379999999999987,43.5,0.16994056615955588,114,96773.81193195934,78027.15104708268,174800.96297904203,5823.599999999999
728,946,476,92.82124842912643,7.33615221987315,6.863742071881604,13.185243128964068,49.07663847780127,19.993974630021132,177.96480083125692,123.9830866807611,2124.3308080391694,28.0,9.399999999999999,15.440000000000012,55.0,4283.9357034880795,131,0.28373728190123676,1.0,4.1,10.319999999999986,43.0,0.399149709201649,115,87808.9010139536,84711.24519567829,172520.14620963187,6481.9
729,979,472,95.15124425114847,7.478038815117467,6.865679264555665,13.200102145045957,49.0658835546476,19.45720122574055,169.62933710245082,124.16751787538304,2940.7682102156923,28.0,9.399999999999999,15.500000000000012,55.0,4282.9357034880795,132,0.28373728190123676,1.0,4.1,10.319999999999986,43.0,0.2698982552098941,115,93153.06812187436,80065.04711235678,173218.11523423114,5046.599999999999
730,970,448,103.58020054685586,7.611340206185567,6.865979381443305,13.193999999999976,49.074742268041234,19.962164948453605,162.14010894771906,124.34432989690721,4386.245060438093,28.0,9.499999999999998,15.500000000000012,55.0,2940.7682102156923,132,0.28373728190123676,1.0,4.1,10.319999999999986,43.0,0.5771582773051476,115,100472.79453045019,72638.76880857814,173111.56333902833,5933.1
731,982,465,100.8150546528051,7.519348268839104,6.861914460285135,13.195560081466382,49.080957230142566,20.274236252545826,159.93999775413516,124.58350305498982,3390.9097385292016,28.0,9.499999999999998,15.500000000000012,55.0,2939.7682102156923,132,0.28373728190123676,1.0,4.1,10.379999999999987,43.0,0.39388695306664884,115,99000.38366905462,74372.09895567285,173372.48262472748,5683.099999999999
732,972,464,104.20737325890906,7.466049382716049,6.890843621399177,13.233683127572029,49.08179012345679,20.803703703703686,158.88206747415757,124.76851851851852,3390.9097385292016,28.0,9.499999999999998,15.500000000000012,55.0,2938.7682102156923,132,0.35509971861402767,1.0,4.1,10.379999999999987,43.0,0.07686070474503026,115,101289.5668076596,73721.2793080091,175010.8461156687,6217.5
733,970,470,104.71069431448053,7.534020618556701,6.864123711340206,13.214309278350512,49.123711340206185,21.365257731958764,159.5165544507939,124.91030927835051,3626.210759461771,28.0,9.499999999999998,15.500000000000012,55.0,3390.9097385292016,132,0.3228917556173826,1.0,4.1,10.379999999999987,43.0,1.184949691338507,115,101569.37348504612,74972.78059187313,176542.15407691925,6023.900000000001
734,944,480,98.80353851921376,7.570974576271187,6.877542372881355,13.234300847457622,49.11387711864407,20.612605932203394,172.9686219376363,125.11758474576271,2124.383290245276,28.0,9.499999999999998,15.500000000000012,55.0,3389.9097385292016,132,0.3126710701583221,1.0,4.1,10.379999999999987,43.0,0.18494969133850692,115,93270.54036213779,83024.93853006542,176295.47889220322,5640.700000000001
735,973,481,116.32964968203656,7.557040082219938,6.881500513874613,13.24544707091468,49.05087358684481,20.02887975334018,132.15337441256466,125.23432682425488,3396.007167953327,28.0,9.499999999999998,15.500000000000012,55.0,2432.1515930120386,133,0.3126710701583221,1.0,4.1,10.379999999999987,43.0,0.1918280474118772,115,113188.74914062157,63565.7730924436,176754.52223306516,4928.6
736,964,496,106.00366342124072,7.517634854771784,6.877385892116199,13.228112033195,49.065871369294605,19.670228215767626,150.570018271705,125.47199170124482,3396.007167953327,28.0,9.499999999999998,15.500000000000012,55.0,3089.2629060020527,133,0.3126710701583221,1.0,4.1,10.379999999999987,43.0,0.3228917556173826,115,102187.53153807604,74682.72906276569,176870.26060084172,5772.0
737,961,465,110.77514602918389,7.533818938605619,6.901352757544228,13.25639958376692,49.1207075962539,20.319771071800183,150.87609479876483,125.71904266389178,3396.007167953327,29.0,9.499999999999998,15.500000000000012,55.0,3088.2629060020527,134,0.3126710701583221,1.0,4.199999999999999,10.499999999999988,43.0,0.2619334361298664,116,106454.91533404571,70157.38408142564,176612.29941547135,5846.2
738,983,515,99.93423953108062,7.563580874872838,6.883723296032553,13.238697863682612,49.091556459816886,20.548118006103785,152.426333492087,125.8087487283825,3396.007167953327,29.0,9.499999999999998,15.500000000000012,55.5,3087.2629060020527,134,0.3126710701583221,1.0,4.199999999999999,10.499999999999988,43.0,0.28191374735629804,116,98235.35745905225,78499.5617484248,176734.91920747707,6282.2
739,921,453,99.39164706010165,7.698154180238871,6.852985884907704,13.215852334419102,49.10966340933768,20.771444082519004,184.96272033517536,125.89033659066233,2449.2741149617295,29.0,9.499999999999998,15.500000000000012,55.5,3749.67687534661,134,0.3126710701583221,1.0,4.199999999999999,10.499999999999988,43.0,0.08129593410150937,116,91539.70694235362,83788.11231183444,175327.81925418804,5731.7
740,993,499,94.50188711864176,7.6062437059415915,6.883383685800601,13.22602215508558,49.14551863041289,19.252567975830814,161.3632993708687,126.13393756294059,2449.2741149617295,29.0,9.499999999999998,15.560000000000013,55.5,3748.67687534661,134,0.3126710701583221,1.0,4.199999999999999,10.439999999999987,43.0,0.16259186820301874,116,93840.37390881126,80520.28638606348,174360.66029487475,4879.0
741,991,355,112.21147965337417,7.69021190716448,6.894550958627646,13.2393541876892,49.1518668012109,20.412815338042392,170.74580949502547,126.27850655903129,3753.609258394236,29.0,9.499999999999998,15.560000000000013,55.5,2485.661937638068,134,0.3126710701583221,1.0,4.199999999999999,10.439999999999987,43.0,0.025942512455530142,116,111201.5763364938,60614.76237073404,171816.33870722784,5036.5
742,1044,441,94.3353554829247,7.604406130268199,6.881704980842914,13.199636015325668,49.19348659003831,19.582662835249025,163.12262107031816,126.50766283524904,3753.609258394236,29.0,9.499999999999998,15.560000000000013,55.5,2484.661937638068,135,0.3126710701583221,1.0,4.199999999999999,10.439999999999987,43.0,0.11688615677052461,117,98486.11112417339,71937.07589201031,170423.18701618369,6468.0
743,1007,400,103.56085224894834,7.536246276067527,6.923138033763652,13.2267924528302,49.248262164846075,20.44309831181729,165.10918971849904,126.72095332671302,3585.743255711849,29.0,9.499999999999998,15.560000000000013,55.5,3753.609258394236,135,0.3126710701583221,1.0,4.299999999999999,10.439999999999987,43.0,0.3228917556173826,117,104285.77821469097,66043.67588739962,170329.4541020906,6115.4
744,1024,440,102.95575239072176,7.345703125,6.927832031249994,13.212832031249999,49.2041015625,20.811621093749977,146.88713053206445,126.900390625,3585.743255711849,29.0,9.499999999999998,15.620000000000013,55.5,3752.609258394236,136,0.3126710701583221,1.0,4.299999999999999,10.439999999999987,43.0,0.48309576190647263,117,105426.69044809908,64630.33743410836,170057.02788220745,6710.4
745,994,435,109.08637143328093,7.253521126760563,6.965291750503022,13.237142857142873,49.16549295774648,21.207947686116675,141.4847523828398,127.08350100603622,3914.2363234795534,29.0,9.499999999999998,15.620000000000013,55.5,2199.5694694340477,136,0.3155251910954365,1.0,4.299999999999999,10.439999999999987,43.0,0.3126710701583221,117,108431.85320468125,61545.86728653531,169977.72049121655,6349.5
746,974,477,105.31996830906854,7.113963039014374,6.990451745379883,13.24977412731007,49.18583162217659,20.913244353182783,142.70623663240744,127.40965092402465,3914.2363234795534,29.0,9.499999999999998,15.620000000000013,55.5,2198.5694694340477,136,0.3155251910954365,1.0,4.299999999999999,10.439999999999987,43.0,0.1129919871541698,118,102581.64913303276,68070.87487365835,170652.52400669112,6566.999999999999
747,965,429,112.97153897628611,7.102590673575129,6.983626943005192,13.244580310880847,49.16943005181347,21.359585492227968,143.5484927677703,127.59067357512953,3914.2363234795534,29.0,9.499999999999998,15.620000000000013,55.5,3396.722407494415,136,0.5023091503653034,1.0,4.299999999999999,10.499999999999988,42.5,0.13809122023692755,118,109017.5351121161,61582.303397373464,170599.83850948955,5527.9
748,963,490,100.03770903082173,6.998961578400831,6.9481827622014665,13.217840083073712,49.214434060228456,20.560747663551407,152.86033629534958,127.68535825545172,2560.6670328985024,29.0,9.399999999999999,15.620000000000013,55.5,3914.2363234795534,137,0.35374084190019384,1.0,4.299999999999999,10.499999999999988,42.5,0.07649721884908978,118,96336.31379668132,74901.5647847213,171237.87858140262,6277.9
749,944,450,100.76752039614861,7.086864406779661,6.93220338983051,13.212076271186444,49.24417372881356,21.072987288135586,171.49322713351762,127.83156779661017,3686.1268783362625,29.0,9.399999999999999,15.620000000000013,56.0,3913.2363234795534,137,0.35374084190019384,1.0,4.299999999999999,10.499999999999988,42.5,0.35996381382155995,118,95124.53925396429,77171.95221008293,172296.49146404723,5844.1
750,948,502,90.95436237591274,7.270042194092827,6.930696202531643,13.225232067510523,49.266877637130804,20.14926160337551,172.6729991211435,127.93987341772151,3686.1268783362625,29.0,9.499999999999998,15.560000000000013,56.0,3912.2363234795534,137,0.35374084190019384,1.0,4.299999999999999,10.499999999999988,42.5,0.1714256462524384,118,86224.73553236527,86681.84555881404,172906.5810911793,6211.1
751,957,465,98.84523759297839,7.2936259143155695,6.92967607105539,13.234858934169287,49.229885057471265,19.91995820271681,169.18238417107796,128.0773249738767,3686.1268783362625,29.0,9.499999999999998,15.560000000000013,56.0,3911.2363234795534,136,0.45804550854345244,1.0,4.299999999999999,10.499999999999988,42.5,0.35374084190019384,118,94594.89237648032,78669.80863955125,173264.70101603155,4937.0
752,976,462,113.88618123896849,7.242827868852459,6.952254098360655,13.234692622950822,49.30122950819672,20.324077868852466,137.18028909701204,128.26331967213116,4089.857103097395,29.0,9.499999999999998,15.560000000000013,56.0,3403.1082727328944,137,0.45804550854345244,1.0,4.299999999999999,10.499999999999988,42.0,0.24696757322070928,118,111152.91288923325,63377.29356281956,174530.2064520528,5860.2
753,966,458,107.59027525492374,7.116977225672878,6.956211180124223,13.23325051759833,49.287267080745345,20.936542443064155,157.98677348339493,128.42132505175982,4089.857103097395,29.0,9.499999999999998,15.440000000000012,56.0,3686.1268783362625,137,0.26210136727700395,1.0,4.299999999999999,10.439999999999987,42.0,0.6044961978574528,118,103932.20589625633,72357.94225539488,176290.1481516512,6383.5
754,965,486,106.19986190599904,7.134715025906735,6.9323316062176135,13.203233160621775,49.27564766839378,21.327668393782393,154.79586832286634,128.50777202072538,4089.857103097395,29.0,9.499999999999998,15.440000000000012,56.5,3685.1268783362625,138,0.26210136727700395,1.0,4.299999999999999,10.439999999999987,42.0,0.014786505710720599,118,102482.86673928908,75230.79200491305,177713.6587442021,6281.5
755,962,459,106.96072641114871,7.151767151767152,6.918918918918917,13.205072765072758,49.25883575883576,21.377546777546776,163.6456592174186,128.58835758835758,4089.857103097395,29.0,9.299999999999999,15.440000000000012,56.5,2873.278793972345,138,0.26210136727700395,1.0,4.299999999999999,10.439999999999987,42.0,0.39040533105071323,119,102896.21880752506,75113.35758079514,178009.5763883202,5609.3
756,962,507,103.10593131204313,7.287941787941788,6.9162162162162195,13.218856548856554,49.21985446985447,20.590332640332655,158.36074535296058,128.65488565488565,4101.857103097394,29.0,9.299999999999999,15.440000000000012,56.5,3448.4792663327576,138,0.2931014249723801,1.0,4.299999999999999,10.439999999999987,42.0,0.04103782786810495,119,99187.90592218548,80288.89789395101,179476.8038161365,5891.9
757,950,452,107.5885554914669,7.310526315789474,6.930210526315782,13.23126315789473,49.19,20.34810526315791,169.8253965682499,128.78842105263158,4101.857103097394,29.0,9.299999999999999,15.440000000000012,56.5,3694.83143287227,138,0.2931014249723801,1.0,4.299999999999999,10.439999999999987,42.0,0.04103782786810495,119,102209.12771689356,76761.07924884895,178970.20696574252,5118.5
758,975,478,105.13471221587848,7.351794871794872,6.936205128205132,13.23366153846154,49.22769230769231,20.130461538461525,160.6665107038764,128.97641025641025,3522.2567912739446,29.0,9.299999999999999,15.440000000000012,56.5,4993.7459739022615,138,0.2931014249723801,1.0,4.299999999999999,10.439999999999987,42.0,0.5801177234457551,119,102506.34441048151,76798.59211645293,179304.93652693444,5682.9
759,950,466,109.41166798801618,7.32,6.920210526315783,13.219178947368416,49.22421052631579,20.503473684210547,160.3749222477672,129.09052631578948,3716.169502189271,29.0,9.299999999999999,15.440000000000012,56.5,4992.7459739022615,138,0.2931014249723801,1.0,4.199999999999999,10.439999999999987,42.0,0.16854383220432423,119,103941.08458861537,74734.71376745951,178675.7983560749,6013.3
760,972,497,105.93708091163704,7.300411522633745,6.926337448559675,13.20814814814815,49.218106995884774,19.611008230452654,150.36927595953514,129.36008230452674,4995.274125227007,29.0,9.399999999999999,15.440000000000012,56.5,3522.2567912739446,138,0.47970166740246756,1.0,4.199999999999999,10.439999999999987,41.5,0.14001968713199275,120,102970.8426461112,74733.53015188896,177704.37279800017,5412.299999999999
761,977,423,115.38454015328291,7.40532241555783,6.95527123848516,13.237911975435,49.20470829068577,19.6765609007165,146.90664756841005,129.58341862845444,2882.9360611347433,29.0,9.399999999999999,15.440000000000012,56.5,3521.2567912739446,138,0.47970166740246756,1.0,4.199999999999999,10.439999999999987,41.5,0.3349666591371818,120,112730.69572975741,62141.51192143746,174872.20765119488,4880.099999999999
762,1017,408,110.75254951628845,7.4523107177974435,6.980039331366776,13.267079646017695,49.20747295968535,19.649164208456263,147.48135082831269,129.8053097345133,2882.9360611347433,30.0,9.399999999999999,15.440000000000012,56.5,3520.2567912739446,138,0.5922554322262543,1.0,4.199999999999999,10.439999999999987,41.5,0.01591458765401832,120,112635.34285806536,60172.39113795157,172807.73399601693,5674.4
763,1028,434,105.72722752707607,7.570038910505836,6.944552529182882,13.244649805447455,49.2465953307393,20.414202334630335,149.25428007968037,129.8443579766537,3018.7621346161786,30.0,9.399999999999999,15.440000000000012,56.5,3519.2567912739446,139,0.5860869601066147,1.0,4.199999999999999,10.439999999999987,41.5,0.2800393742639855,120,108687.5898978342,64776.357554581286,173463.94745241548,6528.2
764,1012,406,97.22775811992406,7.5563241106719365,6.978754940711459,13.273162055335968,49.21788537549407,21.41403162055335,183.2681521542517,130.0108695652174,3018.7621346161786,30.0,9.399999999999999,15.440000000000012,56.0,3518.2567912739446,139,0.29612771611312716,1.0,4.199999999999999,10.439999999999987,41.5,0.16909531340553308,121,98394.49121736315,74406.86977462619,172801.36099198932,6509.099999999999
765,1007,459,96.54032107927947,7.733862959285005,6.9665342601787525,13.257437934458794,49.249751737835155,20.814597815292952,161.5527611404312,130.11717974180735,3634.937617275589,30.0,9.399999999999999,15.440000000000012,56.0,2881.9360611347433,139,0.29612771611312716,1.0,4.199999999999999,10.439999999999987,41.5,0.5053752434833441,121,97216.10332683442,74152.71736345791,171368.82069029234,6275.7
766,988,415,92.7934242532669,7.682186234817814,6.979149797570848,13.274493927125512,49.29301619433198,20.8911943319838,192.45799213842437,130.23886639676113,2292.1300339545132,30.0,9.399999999999999,15.440000000000012,56.0,3634.937617275589,140,0.29612771611312716,1.0,4.199999999999999,10.499999999999988,41.5,0.5271423552479431,121,91679.9031622277,79870.06673744612,171549.96989967383,5232.499999999999
767,1007,464,93.47797472215129,7.649453823237339,6.986097318768618,13.298867924528302,49.26961271102284,20.289175769612697,166.20471176581668,130.42601787487587,3021.5082199609374,30.0,9.299999999999999,15.440000000000012,56.0,3633.937617275589,140,0.29612771611312716,1.0,4.199999999999999,10.499999999999988,41.5,0.49924768358671834,121,94132.32054520634,77118.98625933894,171251.30680454528,5743.2
768,987,426,105.75786714499715,7.5592705167173255,6.987234042553197,13.308976697061814,49.25633232016211,21.13596757852081,157.33841344199962,130.55724417426546,3021.5082199609374,31.0,9.299999999999999,15.440000000000012,55.5,3632.937617275589,140,0.5860869601066147,1.0,4.299999999999999,10.499999999999988,41.5,0.1709727962409069,121,104383.01487211218,67026.16412629184,171409.178998404,5797.7
769,975,471,101.21040412257095,7.593846153846154,6.967999999999996,13.308369230769223,49.36153846153846,21.365128205128194,157.40663405723848,130.60820512820513,3679.985154246621,31.0,9.299999999999999,15.440000000000012,55.5,2992.6487659933478,140,0.5860869601066147,1.0,4.299999999999999,10.499999999999988,41.5,0.05270941839950005,121,98680.14401950668,74138.52464095932,172818.668660466,6430.5
770,942,482,100.64332582948751,7.780254777070064,6.954033970276002,13.29165605095541,49.410828025477706,21.722717622080705,164.7280934120645,130.7632696390658,3679.985154246621,31.0,9.299999999999999,15.440000000000012,55.5,3021.5082199609374,140,0.5031623286923421,1.0,4.199999999999999,10.499999999999988,41.5,0.6748473045469028,121,94806.01293137723,79398.9410246151,174204.95395599233,6271.7
771,908,495,115.60903469128948,7.9129955947136565,6.914647577092507,13.301960352422899,49.40693832599119,21.855286343612345,139.51168619278312,130.78303964757708,3679.985154246621,31.0,9.299999999999999,15.440000000000012,55.5,2990.6487659933478,141,0.517064547852496,1.0,4.199999999999999,10.499999999999988,43.0,0.05820948157431349,121,104973.00349969085,69058.28466542764,174031.2881651185,6430.0
772,916,530,112.71088976410705,8.191048034934498,6.875218340611349,13.286310043668106,49.35480349344978,21.409825327510948,135.63367532656835,130.87663755458516,3088.418902274781,31.0,9.299999999999999,15.440000000000012,55.5,3679.985154246621,141,0.5234897363568622,1.0,4.199999999999999,10.499999999999988,43.0,0.1450408313856988,121,103243.17502392206,71885.84792308122,175129.02294700328,5604.4
773,907,514,107.77171680735319,8.041896361631753,6.898676957001103,13.305578831312017,49.39084895259096,21.118743109151076,150.06278940022358,131.08710033076076,3088.418902274781,29.0,9.299999999999999,15.440000000000012,55.5,3678.985154246621,141,0.6337182953002543,1.0,4.199999999999999,10.499999999999988,43.0,0.01426147762686325,122,97748.94714426935,77132.27375171492,174881.22089598427,5239.099999999999
774,936,529,109.42489584556132,8.232905982905983,6.882799145299141,13.307927350427326,49.42948717948718,20.031517094017094,136.3293230062558,131.23504273504273,3088.418902274781,29.0,9.299999999999999,15.380000000000011,55.5,3677.985154246621,141,0.5234897363568622,1.0,4.199999999999999,10.499999999999988,44.5,0.007130738813431625,122,102421.7025114454,72118.21187030931,174539.9143817547,5083.7
775,916,469,108.28051217643403,8.232532751091703,6.883406113537111,13.309082969432309,49.39792576419214,20.65786026200872,161.58821947521835,131.33842794759826,4379.2946289656065,29.0,9.299999999999999,15.380000000000011,55.5,3088.418902274781,141,0.6337182953002543,1.0,4.199999999999999,10.499999999999988,44.5,0.13949272480406893,122,99184.94915361358,75784.8749338774,174969.82408749097,5404.2
776,954,533,102.37385523171622,8.232704402515724,6.8937106918239,13.326016771488465,49.36058700209644,19.42054507337523,141.8689401663532,131.57861635220127,3077.7001409351556,29.0,9.299999999999999,15.380000000000011,56.0,3087.418902274781,142,0.32523393582876725,1.0,4.199999999999999,10.499999999999988,44.5,0.2532487179027374,122,97664.65789105727,75616.14510866626,173280.80299972353,5560.299999999999
777,951,422,121.23994598591473,8.128286014721345,6.890746582544695,13.342418506834905,49.34069400630915,21.2056782334385,135.82418127555206,131.70452155625657,4161.27263037862,29.0,9.299999999999999,15.380000000000011,56.0,3086.418902274781,142,0.32523393582876725,1.0,4.199999999999999,10.499999999999988,44.5,0.22837005351138373,122,115299.18863260491,57317.804498282974,172616.9931308879,5385.9
778,955,484,101.49948514657122,8.042931937172774,6.8871204188481805,13.33453403141363,49.401047120418845,20.193507853403126,149.8150378564536,131.9413612565445,3077.7001409351556,29.0,9.299999999999999,15.380000000000011,56.0,4161.27263037862,143,0.32523393582876725,1.0,4.199999999999999,10.499999999999988,44.5,0.2444102721419812,122,96932.00831497551,72510.47832252354,169442.48663749907,6970.9
779,950,468,99.27874982483256,7.976842105263158,6.86968421052631,13.307894736842092,49.410526315789475,20.755578947368445,161.9880468841489,132.09894736842105,1747.5390761636925,29.0,9.299999999999999,15.380000000000011,56.0,4160.27263037862,143,0.32523393582876725,1.0,4.199999999999999,10.499999999999988,44.5,0.2776537417473781,123,94314.81233359093,75810.40594178169,170125.21827537264,5589.8
780,946,495,99.72120618835186,7.952431289640592,6.83752642706131,13.284397463002108,49.379492600422836,21.272410147991536,157.18038053441566,132.20718816067654,3100.1131968729946,30.0,9.299999999999999,15.380000000000011,56.0,4159.27263037862,143,0.35952272976865707,1.0,4.199999999999999,10.559999999999988,44.5,0.561036550904674,123,94336.26105418085,77804.28836453575,172140.5494187166,6216.2
781,956,475,104.31231560855328,7.947698744769874,6.829916317991633,13.301652719665286,49.42207112970711,21.775627615062767,151.96836197210027,132.23953974895397,3100.1131968729946,30.0,9.299999999999999,15.380000000000011,56.0,4158.27263037862,143,0.4379211177397975,1.0,4.199999999999999,10.559999999999988,44.5,0.12207310180934794,123,99722.57372177693,72184.97193674762,171907.54565852456,5719.4
782,931,484,108.51266679799171,8.19548872180451,6.815896885069817,13.298088077336196,49.38345864661654,22.00322234156821,144.6538886910888,132.45220193340495,4180.116709842174,30.0,9.399999999999999,15.380000000000011,56.0,2038.5571635906576,143,0.4379211177397975,1.0,4.199999999999999,10.559999999999988,44.5,0.21355650837167928,123,101025.29278893028,70012.48212648698,171037.77491541725,6681.7
783,894,516,96.73576520644484,8.211409395973154,6.826062639821027,13.28695749440716,49.36129753914989,22.15290827740494,162.15527819622136,132.662192393736,4180.116709842174,29.0,9.399999999999999,15.380000000000011,56.0,3225.761963512437,143,0.4379211177397975,1.0,4.199999999999999,10.559999999999988,44.5,0.3699943846974576,123,86481.77409456168,83672.12354925022,170153.89764381188,6545.999999999999
784,864,580,101.50461604318483,8.385416666666666,6.812847222222224,13.295763888888871,49.33043981481482,21.374537037037058,145.96777205807388,132.7349537037037,2159.0004696975343,29.0,9.399999999999999,15.380000000000011,56.0,4180.116709842174,143,0.4379211177397975,1.0,4.199999999999999,10.559999999999988,44.5,0.16521423348020847,124,87699.9882613117,84661.30779368285,172361.29605499454,5842.499999999999
785,864,542,111.544517607116,8.42824074074074,6.800810185185192,13.297129629629644,49.291666666666664,21.545833333333345,140.74212998958035,132.86342592592592,2159.0004696975343,29.0,9.399999999999999,15.380000000000011,56.0,4179.116709842174,143,0.4379211177397975,1.0,4.199999999999999,10.559999999999988,44.0,0.4316335416867281,124,96374.46321254823,76282.23445435255,172656.69766690079,5016.099999999999
786,892,562,106.34280953814596,8.426008968609866,6.772645739910313,13.291031390134524,49.28082959641256,20.30964125560537,140.80222215962795,132.90134529147983,2159.0004696975343,29.0,9.399999999999999,15.380000000000011,56.0,4178.116709842174,143,0.4379211177397975,1.0,4.1,10.559999999999988,44.0,0.3744553375550782,124,94857.7861080262,79130.84885371091,173988.6349617371,4766.7
787,879,517,112.29496017089784,8.38566552901024,6.781228668941976,13.301706484641636,49.31740614334471,19.26086461888511,146.90458135168515,133.05915813424346,3259.681936115065,29.0,9.399999999999999,15.380000000000011,56.0,4177.116709842174,144,0.3340510333900488,1.0,4.1,10.559999999999988,43.5,0.09291679252985796,124,98707.2699902192,75949.66855882123,174656.9385490404,4543.9
788,930,530,114.01697084223504,8.468817204301075,6.810322580645159,13.322645161290312,49.41774193548387,18.63419354838709,129.79143065442258,133.36989247311828,4195.722219775118,29.0,9.399999999999999,15.380000000000011,56.0,2158.0004696975343,144,0.4379211177397975,1.0,4.1,10.619999999999989,43.5,0.21678134002658966,124,106035.78288327859,68789.45824684396,174825.24113012257,4736.7
789,919,479,111.96884033199889,8.650707290533187,6.816866158868334,13.35965179542982,49.467355821545155,19.234385201305766,147.2015931209592,133.4918389553863,3185.2323059396067,29.0,9.399999999999999,15.380000000000011,56.0,2157.0004696975343,145,0.5153433074415718,1.0,4.1,10.619999999999989,43.5,0.8578387359946102,124,102899.36426510698,70509.56310493946,173408.92737004644,5410.499999999999
790,977,500,100.78719042990434,8.37871033776868,6.815557830092121,13.378526100307042,49.445240532241556,19.765404298874124,151.2521983850279,133.7052200614125,2187.861109887559,29.0,9.399999999999999,15.380000000000011,56.0,3185.2323059396067,145,0.5153433074415718,1.0,4.1,10.619999999999989,43.5,0.5810535076978178,124,98469.08505001654,75626.09919251395,174095.1842425305,5877.099999999999
791,954,438,113.60782430590024,8.445492662473795,6.802306079664562,13.35396226415095,49.475890985324945,20.63259958071279,146.37677169253965,133.80503144654088,2187.861109887559,29.0,9.399999999999999,15.380000000000011,56.0,3184.2323059396067,145,0.5153433074415718,1.0,4.1,10.619999999999989,44.0,0.4839762756011927,124,108381.86438782883,64113.026001332364,172494.89038916118,5925.099999999999
792,971,463,107.41459654397553,8.27806385169928,6.80731204943357,13.335674562306892,49.5,20.10041194644697,144.64008389616393,134.03089598352213,2616.146397470998,29.0,9.399999999999999,15.380000000000011,56.0,3183.2323059396067,145,0.3709940689002982,1.0,4.1,10.619999999999989,44.0,0.12924397050098113,125,104299.57324420025,66968.3588439239,171267.93208812416,6456.2
793,976,462,100.83307450299675,8.42827868852459,6.824077868852449,13.345737704918033,49.55071721311475,19.8952868852459,157.60840348757108,134.25,2616.146397470998,29.0,9.399999999999999,15.380000000000011,56.0,3182.2323059396067,145,0.3709940689002982,1.0,4.1,10.619999999999989,44.0,1.0,125,98413.08071492483,72815.08241125784,171228.16312618268,5290.7
794,967,460,110.27183069349408,8.336091003102378,6.778490175801448,13.311851085832446,49.59152016546019,20.371768355739402,142.9735309182002,134.26163391933815,2909.391361254953,29.0,9.399999999999999,15.380000000000011,56.5,3181.2323059396067,146,0.2625687375618051,1.0,4.1,10.619999999999989,44.0,0.5711245248535654,125,106632.86028060877,65767.82422237209,172400.68450298085,5929.099999999999
795,980,484,101.58498144098161,8.133673469387755,6.756530612244894,13.300244897959196,49.61173469387755,21.031734693877574,153.01133929806525,134.3734693877551,2909.391361254953,28.0,9.399999999999999,15.440000000000012,56.5,3180.2323059396067,146,0.30658240205772186,1.0,4.1,10.619999999999989,44.0,0.18401342759171913,125,99553.28181216198,74057.48822026358,173610.77003242556,6178.299999999999
796,934,472,105.89249443100512,8.129550321199144,6.75578158458244,13.30813704496787,49.65203426124197,21.31423982869377,157.13742476230388,134.5064239828694,3342.3417160589693,29.0,9.299999999999999,15.440000000000012,56.5,2616.146397470998,146,0.26150519651514187,1.0,4.1,10.619999999999989,44.0,0.4347580939893749,125,98903.58979855878,74168.86448780743,173072.4542863662,5879.899999999999
797,959,481,108.28794000064232,7.845672575599583,6.779666319082375,13.32210636079247,49.683524504692386,21.38383733055266,143.7301841791228,134.7007299270073,1906.2242112400718,29.0,9.299999999999999,15.440000000000012,56.5,2615.146397470998,146,0.26150519651514187,1.0,4.1,10.619999999999989,43.5,0.9426664834029892,125,103848.13446061598,69134.21859015807,172982.35305077405,5507.7
798,944,480,117.57987853266624,7.6875,6.751800847457621,13.319703389830488,49.688559322033896,21.353919491525456,128.5759688255453,134.77542372881356,3197.098709447846,29.0,9.299999999999999,15.440000000000012,56.5,1906.2242112400718,146,0.26150519651514187,1.0,3.9999999999999996,10.679999999999989,43.5,0.7661554963126227,126,110995.40533483693,61716.46503626173,172711.87037109866,5919.2
799,950,514,115.8519147105591,7.816842105263158,6.749473684210516,13.302715789473678,49.70736842105263,21.018,123.48515618116237,134.97684210526316,3892.1060275709133,29.0,9.299999999999999,15.440000000000012,56.5,1905.2242112400718,147,0.30658240205772186,1.0,3.9999999999999996,10.679999999999989,43.0,0.26150519651514187,126,110059.31897503114,63471.37027711746,173530.68925214862,5626.3
800,937,489,110.68480977192279,7.832443970117396,6.729882604055496,13.279743863393813,49.70224119530416,20.762113127001072,139.5077243063618,135.07897545357525,2210.1851724812195,29.0,9.299999999999999,15.440000000000012,56.5,1904.2242112400718,147,0.3213891839075922,1.0,3.9999999999999996,10.679999999999989,43.0,0.10466586067019179,126,103711.66675629166,68219.27718581092,171930.94394210257,5305.8
801,957,489,115.83004524604279,7.8098223615465,6.750992685475443,13.307732497387647,49.65203761755486,20.619749216300967,126.91235346632891,135.2748171368861,2746.2063180558516,29.0,9.299999999999999,15.440000000000012,56.5,1903.2242112400718,147,0.41235329758575706,1.0,3.9999999999999996,10.679999999999989,43.0,0.27939157202168396,126,110849.35330046294,62060.14084503484,172909.4941454978,5362.299999999999
802,949,479,113.04179720067394,7.893572181243414,6.74394099051633,13.304088514225478,49.69072708113804,20.961749209694418,140.017730853224,135.4436248682824,2746.2063180558516,29.0,9.299999999999999,15.440000000000012,56.5,2224.997410629254,147,0.5008862080485509,1.0,3.9999999999999996,10.619999999999989,43.0,0.2544316006341235,126,107276.66554343957,67068.4930786943,174345.15862213387,5683.499999999999
803,965,474,110.39713679791582,7.904663212435233,6.727875647668395,13.286031088082893,49.733160621761655,20.917823834196888,142.9863889542303,135.6259067357513,2337.6967467977875,29.0,9.299999999999999,15.440000000000012,56.5,2223.997410629254,147,0.2938528500321519,1.0,3.9999999999999996,10.619999999999989,43.0,0.968280669971129,126,106533.23700998876,67775.54836430517,174308.78537429392,5705.499999999999
804,972,471,109.05289640378143,8.080246913580247,6.747736625514403,13.303991769547316,49.73456790123457,20.264814814814812,146.08622276062587,135.82716049382717,2337.6967467977875,29.0,9.299999999999999,15.440000000000012,56.0,2210.1851724812195,148,0.2938528500321519,1.0,3.9999999999999996,10.619999999999989,43.0,0.34961047663557787,126,105999.41530447555,68806.61092025478,174806.02622473033,5229.699999999999
805,987,456,100.63029170767769,8.061803444782168,6.758358662613977,13.307679837892596,49.709219858156025,20.527760891590674,167.14609433097985,136.0547112462006,1492.7968044174281,29.0,9.299999999999999,15.440000000000012,56.0,2337.6967467977875,148,0.2938528500321519,1.0,3.9999999999999996,10.619999999999989,43.0,0.18046296137332485,126,99322.09791547788,76218.61901492681,175540.71693040468,5397.599999999999
806,977,464,103.60490086888286,8.01842374616172,6.786591606960081,13.324810644831107,49.768167860798364,20.656499488229255,160.73229848948654,136.31627430910953,2474.5256007300654,29.0,9.299999999999999,15.440000000000012,56.0,2208.1851724812195,148,0.2938528500321519,1.0,3.9999999999999996,10.619999999999989,43.0,0.4150621977936009,126,101221.98814889856,74579.78649912175,175801.7746480203,6228.7
807,961,434,97.63567142122827,8.077003121748179,6.766597294484911,13.331550468262224,49.75598335067638,21.150780437044734,184.62676400139992,136.35587929240376,2341.749930555358,29.0,9.299999999999999,15.440000000000012,56.0,2474.5256007300654,148,0.4996899920095703,1.0,3.9999999999999996,10.619999999999989,44.0,0.5763439429644794,127,93827.88023580036,80128.01557660756,173955.89581240792,6407.599999999999
808,989,467,95.85233567849023,8.05763397371082,6.753589484327607,13.299191102123357,49.80839231547017,21.014357937310407,171.02828212068943,136.47927199191102,2341.749930555358,29.0,9.299999999999999,15.440000000000012,56.0,2473.5256007300654,148,0.4996899920095703,1.0,3.9999999999999996,10.619999999999989,44.0,0.43402377990373453,127,94797.95998602684,79870.20775036197,174668.1677363888,5631.2
809,986,416,110.34194884362007,7.967545638945233,6.736713995943208,13.296490872210944,49.82150101419878,21.062981744421908,158.03040923448754,136.59026369168356,2782.1590041466957,29.0,9.299999999999999,15.440000000000012,56.0,2205.1851724812195,148,0.5018821035470494,1.0,3.8999999999999995,10.619999999999989,44.0,0.23337336822008403,127,108797.16155980939,65740.65024154681,174537.8118013562,5316.699999999999
810,1020,427,111.48656974541815,7.800980392156863,6.725196078431371,13.289960784313724,49.88725490196079,20.281372549019597,141.49836002503915,136.76078431372548,2782.1590041466957,29.0,9.299999999999999,15.380000000000011,56.0,2204.1851724812195,149,0.5018821035470494,1.0,3.8999999999999995,10.619999999999989,44.0,0.13030293738315257,127,113716.30114032651,60419.79973069172,174136.10087101822,5052.799999999999
811,1002,388,110.76079036441959,7.7604790419161676,6.777345309381237,13.31181636726544,49.88522954091816,20.223053892215557,159.24237394575178,137.08982035928145,2782.1590041466957,29.0,9.299999999999999,15.440000000000012,56.0,2521.164384030904,149,0.5018821035470494,1.0,3.8999999999999995,10.619999999999989,44.0,0.009461825607886887,127,110982.31194514842,61786.04109095169,172768.3530361001,5878.499999999999
812,1028,377,105.0008124481661,7.726653696498055,6.776945525291831,13.313501945525278,49.85214007782101,20.525875486381327,166.37033357340124,137.32198443579767,2282.073755011499,29.0,9.299999999999999,15.440000000000012,56.0,2782.1590041466957,149,0.29862457406360726,1.0,3.8999999999999995,10.619999999999989,44.0,0.942896356675873,127,107940.83519671475,62721.615757172265,170662.45095388702,6614.0
813,1025,390,105.54396262452545,7.7160975609756095,6.780682926829276,13.316078048780485,49.86195121951219,20.4380487804878,156.27977359272333,137.4370731707317,2791.5909926849513,28.0,9.299999999999999,15.440000000000012,56.0,2282.073755011499,149,0.29862457406360726,1.0,3.8999999999999995,10.679999999999989,43.5,0.49517698332758187,127,108182.56169013858,60949.111701162095,169131.67339130066,6764.099999999999
814,1018,392,93.4434290447218,7.6660117878192535,6.785658153241656,13.316660117878188,49.97151277013752,20.415324165029475,182.81803497457057,137.59233791748525,2791.5909926849513,28.0,9.299999999999999,15.440000000000012,56.0,2281.073755011499,149,0.29862457406360726,1.0,3.8999999999999995,10.619999999999989,43.5,0.15776905091416316,128,95125.41076752679,71664.66971003167,166790.08047755845,6644.0
815,1016,414,94.51760629199289,7.673228346456693,6.79143700787402,13.309921259842508,50.01870078740158,19.825885826771678,170.51025229530651,137.7746062992126,2229.7999653531892,29.0,9.299999999999999,15.380000000000011,56.0,2791.5909926849513,149,0.29862457406360726,1.0,3.8999999999999995,10.619999999999989,43.0,0.9710556688716654,128,96029.88799266478,70591.2444502569,166621.1324429217,6175.4
816,1048,404,104.819051961647,7.938931297709924,6.7850190839694635,13.292729007633577,50.01431297709924,20.677671755725193,142.5886429534624,137.84732824427482,2285.382952026917,29.0,9.299999999999999,15.380000000000011,56.0,2790.5909926849513,149,0.29862457406360726,1.0,3.8999999999999995,10.619999999999989,43.0,0.059232929537329726,128,109850.36645580606,57605.81175319881,167456.17820900487,5980.799999999999
817,1012,376,108.80380786489694,8.062252964426877,6.77816205533597,13.263260869565228,49.99950592885376,21.4602766798419,146.80089352601786,137.9990118577075,2823.652238930678,29.0,9.399999999999999,15.380000000000011,56.0,1639.1507940365088,149,0.5018821035470494,1.0,3.7999999999999994,10.619999999999989,43.0,0.03163920948960075,128,110109.4535592757,55197.13596578271,165306.5895250584,6899.099999999999
818,1048,391,96.11741905584539,8.11259541984733,6.7735687022900875,13.256946564885494,50.098759541984734,21.018129770992378,158.6943015301708,138.1469465648855,2823.652238930678,29.0,9.399999999999999,15.320000000000011,56.0,1638.1507940365088,150,0.5018821035470494,1.0,3.7999999999999994,10.619999999999989,43.0,0.9065079960805609,128,100731.05517052597,62049.47189829678,162780.52706882276,6536.799999999999
819,1007,410,97.21349340593703,8.055610724925522,6.802184707050657,13.264726911618673,50.10526315789474,21.476564051638555,157.1358375306655,138.34359483614696,2823.652238930678,29.0,9.399999999999999,15.380000000000011,56.0,2649.2608400113327,150,0.5018821035470494,1.0,3.7999999999999994,10.619999999999989,43.0,0.05044063574198576,128,97893.98785977859,64425.69338757286,162319.68124735146,6866.199999999999
820,1008,415,94.19950806397752,7.962301587301587,6.77063492063493,13.26553571428571,50.101190476190474,21.525793650793673,156.75914000103882,138.40674603174602,2823.652238930678,29.0,9.399999999999999,15.380000000000011,56.0,2229.7999653531892,150,0.5018821035470494,1.0,3.7999999999999994,10.619999999999989,43.0,0.4041627450935166,128,94953.10412848934,65055.0431004311,160008.14722892045,6663.499999999999
821,1010,447,78.23380651843017,7.869306930693069,6.761485148514847,13.261267326732682,49.97623762376238,21.029504950495074,184.45567547814005,138.55940594059405,2281.4761478099963,30.0,9.399999999999999,15.380000000000011,56.0,2823.652238930678,150,0.5018821035470494,1.0,3.7999999999999994,10.619999999999989,43.5,0.2649831509423639,129,79016.14458361447,82451.6869387286,161467.83152234307,5958.699999999999
822,1005,410,97.34340281759818,7.973134328358209,6.797611940298514,13.30151243781094,49.89850746268657,21.19562189054728,155.98542359325089,138.86567164179104,2828.925902900764,30.0,9.399999999999999,15.380000000000011,56.0,2281.4761478099963,151,0.3762646524177027,1.0,3.7999999999999994,10.679999999999989,43.5,0.5640584367510151,129,97830.11983168617,63954.02367323286,161784.14350491902,5626.499999999999
823,1037,433,93.09218278432674,7.924783027965285,6.7951783992285435,13.290241080038562,49.892478302796526,21.07174541947927,147.9320861627341,139.04918032786884,2687.8128131749604,30.0,9.399999999999999,15.380000000000011,56.0,2280.4761478099963,151,0.3762646524177027,1.0,3.7999999999999994,10.679999999999989,43.5,0.2358126177879134,129,96536.59354734683,64054.59330846387,160591.1868558107,5925.999999999999
824,1022,399,100.34254942779789,7.890410958904109,6.810078277886499,13.295733855185908,49.86399217221135,21.233268101761283,143.57144405046358,139.24853228962817,3079.8442093676776,30.0,9.399999999999999,15.380000000000011,56.0,2211.369865272277,151,0.3762646524177027,1.0,3.7999999999999994,10.679999999999989,44.0,0.04888067841117083,129,102550.08551520944,57285.00617613497,159835.09169134442,5943.599999999999
825,1042,419,99.98450062827976,7.903071017274472,6.823224568138201,13.310095969289822,49.90259117082534,21.22111324376201,132.93514060722796,139.45297504798464,3079.8442093676776,30.0,9.399999999999999,15.380000000000011,56.5,1811.8193180222834,151,0.3762646524177027,1.0,3.7999999999999994,10.679999999999989,44.0,0.6607399623241972,130,104183.84965466752,55699.82391442852,159883.67356909602,5891.599999999999
826,1026,408,102.64650899641286,8.033138401559453,6.840643274853806,13.331130604288504,49.88352826510721,21.448245614035077,135.37480317119002,139.6130604288499,3079.8442093676776,30.0,9.399999999999999,15.380000000000011,56.5,1904.1328462623499,151,0.3762646524177027,1.0,3.7999999999999994,10.679999999999989,44.0,0.1364261865272951,130,105315.3182303196,55232.919693845535,160548.23792416512,5876.7
827,1006,430,102.39110934147122,8.133200795228628,6.868190854870771,13.338230616302189,49.88220675944334,21.085487077534776,136.00911078062836,139.82107355864812,3079.8442093676776,30.0,9.399999999999999,15.320000000000011,56.5,2718.8128131749604,151,0.4333866602754728,1.0,3.7999999999999994,10.679999999999989,44.0,0.5957461171250202,130,103005.45599752005,58483.9176356702,161489.37363319026,6051.0
828,1002,442,99.35508390101653,8.308383233532934,6.841816367265483,13.297884231536923,49.92065868263473,21.088023952095803,143.48482901272766,139.98003992015967,3079.8442093676776,30.0,9.399999999999999,15.320000000000011,56.5,2717.8128131749604,151,0.4333866602754728,1.0,3.7999999999999994,10.679999999999989,44.0,0.12600216624072624,130,99553.79406881856,63420.29442362562,162974.0884924442,5907.0
829,1006,428,98.5311303640578,8.41351888667992,6.818389662027842,13.300019880715707,49.97713717693837,21.2111332007952,149.46149985537627,140.006958250497,1906.1043704901597,31.0,9.399999999999999,15.320000000000011,56.5,2716.8128131749604,151,0.25258549111041523,1.0,3.7999999999999994,10.619999999999989,44.0,0.4333866602754728,131,99122.31714624215,63969.52193810105,163091.8390843432,5681.499999999999
830,992,451,97.85150662759162,8.321572580645162,6.811088709677423,13.313850806451615,50.00252016129032,20.644254032258065,150.50245357782026,140.14415322580646,2221.3764595643465,31.0,9.399999999999999,15.320000000000011,56.5,2715.8128131749604,151,0.25258549111041523,1.0,3.7999999999999994,10.619999999999989,44.0,0.07618299666988548,131,97068.69457457088,67876.60656359694,164945.30113816782,5992.199999999999
831,1001,443,95.3720666649734,8.346653346653346,6.802997002997,13.329290709290719,50.003996003996,21.032367632367656,157.6155249362054,140.24375624375625,3170.975158971053,31.0,9.399999999999999,15.320000000000011,56.5,2714.8128131749604,152,0.25258549111041523,1.0,3.7999999999999994,10.619999999999989,44.0,1.0,131,95467.43873163838,69823.67754673898,165291.11627837736,5723.599999999999
832,982,423,96.0317112650189,8.480651731160895,6.805702647657839,13.329796334012226,50.0071283095723,21.439816700610983,164.51371085045037,140.35743380855396,3170.975158971053,31.0,9.399999999999999,15.320000000000011,56.5,1904.1043704901597,152,0.25258549111041523,1.0,3.7999999999999994,10.619999999999989,44.0,0.07475241683690292,131,94303.14046224856,69589.29968974051,163892.44015198905,6458.999999999999
833,1007,452,101.76961370039778,8.330685203574975,6.852432969215496,13.339702085402182,50.01638530287984,20.66713008937437,135.38012247473054,140.77954319761668,3170.975158971053,31.0,9.499999999999998,15.380000000000011,56.0,1903.1043704901597,152,0.25258549111041523,1.0,3.7999999999999994,10.619999999999989,43.5,0.20654874368698506,131,102482.00099630057,61191.8153585782,163673.81635487877,5568.2
834,965,424,105.03430311656608,7.944041450777202,6.867668393782379,13.351046632124357,50.016580310880826,20.491191709844582,150.65701242584066,140.94507772020725,2221.3764595643465,31.0,9.499999999999998,15.380000000000011,56.0,3170.975158971053,152,0.31932556696879977,1.0,4.199999999999999,10.619999999999989,43.5,0.7811638327197743,131,101358.10250748627,63878.573268556436,165236.6757760427,5815.099999999999
835,1004,447,96.09224687987916,7.836653386454183,6.865338645418329,13.341733067729065,50.04033864541832,20.357171314741056,155.538137212078,141.09362549800798,2270.3289368679607,31.0,9.499999999999998,15.440000000000012,56.5,3169.975158971053,153,0.37921818415001285,1.0,4.199999999999999,10.619999999999989,43.0,0.18364184748168633,131,96476.61586739868,69525.54733379887,166002.16320119755,6060.7
836,979,440,100.50355253118293,7.804902962206333,6.8442288049029605,13.333442288049032,50.08273748723187,20.749642492339113,154.06876276825426,141.12257405515834,2671.4571941986014,31.0,9.499999999999998,15.440000000000012,56.5,3168.975158971053,153,0.37921818415001285,1.0,4.199999999999999,10.619999999999989,43.0,0.10773554022777176,131,98392.97792802809,67790.25561803188,166183.23354606,6016.299999999999
837,1004,457,95.9257524407875,7.813745019920319,6.807569721115541,13.30539840637449,50.1140438247012,21.065936254980077,154.57842625891624,141.15737051792829,3550.1817304225706,31.0,9.499999999999998,15.440000000000012,56.5,2270.3289368679607,153,0.37921818415001285,1.0,4.199999999999999,10.619999999999989,43.0,0.13659950941111454,131,96309.45545055065,70642.34080032472,166951.79625087537,6051.8
838,982,452,96.95877718834225,7.815682281059063,6.818737270875771,13.305824847250497,50.07281059063136,21.721792260692492,158.38353539968122,141.30346232179227,3550.1817304225706,31.0,9.499999999999998,15.440000000000012,56.5,2269.3289368679607,153,0.37921818415001285,1.0,4.199999999999999,10.619999999999989,43.0,0.3180619398269857,131,95213.5191989521,71589.3580006559,166802.87719960802,6389.2
839,949,502,110.61584695027727,7.8261327713382505,6.824973656480509,13.317407797681762,50.0595363540569,21.497260273972607,126.4293700829457,141.45521601685985,3640.1817304225706,31.0,9.499999999999998,15.440000000000012,56.5,2268.3289368679607,153,0.5205177658761875,1.0,4.199999999999999,10.619999999999989,43.0,0.2656188443852307,132,104974.43875581313,63467.54378163874,168441.98253745187,6459.699999999999
840,949,473,116.1133701387029,7.811380400421497,6.8415173867228685,13.31380400421495,50.048472075869334,21.72244467860903,123.21187091498568,141.63751317175974,3667.392520178947,31.0,9.499999999999998,15.440000000000012,56.5,1656.002595123269,154,0.5119135517069555,1.0,4.199999999999999,10.619999999999989,43.0,0.31128028942006125,132,110191.58826162906,58279.214942788225,168470.8032044173,5465.4
841,962,506,107.15409850636709,7.753638253638254,6.813721413721409,13.292079002078987,50.022869022869024,21.238149688149683,130.59569235147725,141.7006237006237,3274.1081404991082,30.0,9.499999999999998,15.500000000000012,55.5,1655.002595123269,154,0.5119135517069555,1.0,4.199999999999999,10.679999999999989,43.0,0.05554344152266699,132,103082.24276312515,66081.42032984749,169163.66309297265,5725.099999999999
842,921,492,113.68057580105062,7.700325732899023,6.817046688382187,13.316221498371323,50.085776330076,21.168838219326815,131.5532306584351,141.83387622149837,3274.1081404991082,29.0,9.599999999999998,15.500000000000012,56.0,1654.002595123269,154,0.26025888293809374,1.0,4.199999999999999,10.679999999999989,43.0,0.4728629231293786,132,104699.81031276763,64724.189483950075,169423.99979671772,5978.599999999999
843,939,522,96.13208376838955,7.633652822151225,6.793929712460064,13.308498402555902,50.070820021299255,20.572630457933972,151.5457170290977,142.03833865814696,1833.6962600894735,29.0,9.699999999999998,15.500000000000012,56.0,3274.1081404991082,155,0.26025888293809374,1.0,4.199999999999999,10.679999999999989,43.5,0.4635037958804533,132,90268.02665851779,79106.86428918899,169374.89094770676,5500.099999999999
844,919,482,103.72258172345092,7.551686615886833,6.778454842219796,13.288879216539693,50.050598476605,20.573122959738832,154.11319167756344,142.23830250272036,3292.1435178295515,29.0,9.699999999999998,15.500000000000012,56.0,2288.754052460379,155,0.26025888293809374,1.0,4.199999999999999,10.679999999999989,43.5,0.5119135517069555,132,95321.05260385139,74282.55838858557,169603.61099243697,5433.499999999999
845,939,527,99.68959549167793,7.6240681576144835,6.770713525026625,13.302470713524997,50.00266240681576,20.394568690095838,144.40438460129954,142.3748668796592,3292.1435178295515,29.0,9.699999999999998,15.500000000000012,56.0,2287.754052460379,155,0.5205177658761875,1.0,4.199999999999999,10.679999999999989,43.5,0.16769241015828484,132,93608.53016668558,76101.11068488486,169709.64085157044,5805.2
846,922,474,108.25791095398428,7.690889370932755,6.7642082429501125,13.27657266811279,50.039045553145336,21.211062906724486,147.65334779442975,142.53904555314534,2403.0810789584125,29.0,9.699999999999998,15.500000000000012,56.0,3292.1435178295515,155,0.5205177658761875,1.0,4.199999999999999,10.679999999999989,43.5,0.8457628143801774,132,99813.7938995735,69987.6868545597,169801.4807541332,5832.7
847,959,523,107.22620795541887,7.803962460896767,6.7587069864442055,13.301084462982264,49.99739311783107,20.369968717413972,128.78280915071096,142.70177267987486,3326.9916474203055,29.0,9.699999999999998,15.500000000000012,56.0,1986.422951823748,155,0.5205177658761875,1.0,4.199999999999999,10.679999999999989,43.0,0.3353848203165697,133,102829.9334292467,67353.40918582183,170183.34261506854,5671.9
848,948,445,110.96821627001312,7.821729957805907,6.767405063291133,13.313417721518988,50.01107594936709,20.81666666666667,143.91022577411317,142.84599156118142,3326.9916474203055,29.0,9.699999999999998,15.26000000000001,56.5,1985.422951823748,155,0.5205177658761875,1.0,4.199999999999999,10.679999999999989,43.0,0.6298637545221886,133,105197.86902397244,64040.05046948037,169237.91949345282,5137.999999999999
849,957,482,95.39797178881156,7.871473354231975,6.790804597701143,13.313793103448262,49.980668756530825,19.686833855799364,157.30241523595117,142.99895506792058,2432.455629747282,29.0,9.699999999999998,15.320000000000011,56.5,3326.9916474203055,155,0.5205177658761875,1.0,4.299999999999999,10.679999999999989,43.0,0.12290831586281215,133,91295.85900189266,75819.76414372846,167115.62314562112,6395.999999999999
850,982,443,100.08364811278759,7.823828920570265,6.782179226069239,13.310101832993901,50.037678207739305,20.30407331975557,158.99070984297362,143.08350305498982,2432.455629747282,29.0,9.699999999999998,15.320000000000011,56.5,3325.9916474203055,155,0.6657190623562774,1.0,4.199999999999999,10.679999999999989,43.0,0.5444738178903314,133,98282.14244675741,70432.88446043732,168715.02690719473,5033.999999999999
851,995,451,101.45798849461278,7.91356783919598,6.803919597989958,13.31947738693467,50.052763819095475,20.76582914572865,153.51538014631987,143.3035175879397,2426.209746918849,29.0,9.699999999999998,15.320000000000011,57.0,3324.9916474203055,156,0.5334490315851023,1.0,4.199999999999999,10.679999999999989,43.0,1.0,133,100950.69855213971,69235.43644599026,170186.13499812997,6108.999999999999
852,985,446,97.46594072507611,7.80507614213198,6.82243654822335,13.334639593908639,50.07106598984772,21.282538071065996,170.2894902307572,143.48324873096448,3373.7783014620873,29.0,9.699999999999998,15.320000000000011,57.0,2431.455629747282,156,0.4207631096627871,1.0,4.199999999999999,10.679999999999989,43.0,0.6316329365805213,134,96003.95161419996,75949.11264291771,171953.0642571177,6276.099999999999
853,981,489,99.58152895615109,7.588175331294598,6.807033639143726,13.305484199796128,50.09480122324159,20.99041794087666,153.38985796150294,143.60244648318042,3373.7783014620873,29.0,9.699999999999998,15.320000000000011,57.0,2430.455629747282,157,0.4207631096627871,1.0,4.199999999999999,10.679999999999989,43.0,0.2484519490523267,134,97689.47990598422,75007.64054317494,172697.12044915918,6353.999999999999
854,938,461,100.32157041425577,7.341151385927505,6.792643923240942,13.315095948827295,50.12899786780384,21.351066098081006,169.5995417952805,143.74733475479744,2479.279851789129,29.0,9.399999999999999,15.320000000000011,57.0,3373.7783014620873,157,0.28115004020807294,1.0,4.199999999999999,10.679999999999989,43.0,0.09508546841918042,134,94101.63304857192,78185.3887676243,172287.0218161962,6195.099999999999
855,960,511,93.32655813447718,7.45625,6.815000000000002,13.330854166666677,50.06041666666667,20.42458333333336,163.5710908306358,143.98229166666667,2478.909371917063,30.0,9.399999999999999,15.320000000000011,57.0,3465.6540715845963,157,0.4207631096627871,1.0,4.199999999999999,10.679999999999989,43.0,0.09896043696112367,134,89593.4958090981,83584.82741445489,173178.323223553,5674.299999999999
856,957,442,102.76877553174333,7.751306165099269,6.829049111807728,13.332685475444102,50.023510971786834,20.943364681295744,168.70665252819774,144.141065830721,3414.432726979367,30.0,9.399999999999999,15.320000000000011,57.0,3464.6540715845963,157,0.4207631096627871,1.0,4.199999999999999,10.679999999999989,43.0,0.012503921939253537,134,98349.71818387837,74568.3404174634,172918.0586013418,5220.799999999999
857,982,462,100.08490384109278,7.955193482688391,6.798676171079438,13.31389002036659,50.04327902240326,20.979938900203667,156.8779822136821,144.14867617107942,3414.432726979367,30.0,9.399999999999999,15.320000000000011,57.0,3463.6540715845963,157,0.4207631096627871,1.0,4.199999999999999,10.679999999999989,43.0,0.49019208052431784,134,98283.37557195312,72477.62778272113,170761.00335467426,6729.2
858,969,481,94.66341431866509,8.128998968008256,6.790402476780184,13.32664602683177,50.053663570691434,20.71382868937049,164.67811848908838,144.2280701754386,3465.1692573651517,30.0,9.399999999999999,15.320000000000011,57.0,2478.909371917063,157,0.41666283616402083,1.0,4.1,10.679999999999989,43.0,0.13379612634040905,134,91728.84847478647,79210.17499325151,170939.02346803798,5906.9
859,965,457,110.14830569503646,8.117098445595856,6.759585492227983,13.303129533678751,50.0440414507772,21.53098445595857,143.5174916930349,144.27668393782383,3465.1692573651517,30.0,9.399999999999999,15.320000000000011,56.5,2475.279851789129,157,0.29672506031210943,1.0,3.9999999999999996,10.679999999999989,43.0,0.27799037981192454,134,106293.11499571017,65587.49370371696,171880.60869942713,5694.7
860,980,491,102.55565601039649,8.146938775510204,6.805204081632651,13.329510204081632,50.022448979591836,21.52204081632653,145.93359361040086,144.51326530612246,3465.1692573651517,30.0,9.399999999999999,15.320000000000011,56.5,2474.279851789129,157,0.29672506031210943,1.0,3.9999999999999996,10.679999999999989,43.0,0.1797122102843014,134,100504.54289018856,71653.39446270683,172157.9373528954,6012.199999999999
861,963,430,113.62883403681656,8.21183800623053,6.821391484942886,13.334600207684314,50.0472481827622,21.412980269989635,145.1018836571858,144.72377985462097,3465.1692573651517,30.0,9.399999999999999,15.320000000000011,56.5,2033.770438259092,157,0.29672506031210943,1.0,3.9999999999999996,10.679999999999989,43.0,0.04423203859139968,135,109424.56717745434,62393.809972589894,171818.37715004425,5270.399999999999
862,1022,459,97.9479644056517,8.13600782778865,6.834833659491192,13.354070450097847,50.074853228962816,20.52240704500977,153.36400538304935,145.0078277886497,3504.8591841551297,30.0,9.399999999999999,15.380000000000011,56.5,3532.7084282019555,158,0.2536161028311601,1.0,3.9999999999999996,10.619999999999989,43.0,0.2878265591069038,135,100102.81962257605,70394.07847081964,170496.8980933957,5375.099999999999
863,999,396,105.06037622145249,8.224224224224224,6.818118118118116,13.363303303303296,50.11911911911912,21.112712712712703,163.91847100819606,145.0980980980981,3504.8591841551297,30.0,9.399999999999999,15.380000000000011,56.5,3531.7084282019555,159,0.29672506031210943,1.0,3.9999999999999996,10.619999999999989,43.5,0.315519262361299,135,104955.31584523103,64911.714519245645,169867.03036447667,5679.5999999999985
864,1012,417,101.02409851292673,7.930830039525691,6.789130434782609,13.340711462450592,50.08152173913044,20.798320158102797,158.1422651813239,145.2183794466403,5184.235132908597,30.0,9.399999999999999,15.380000000000011,56.5,2493.0109809916758,159,0.29672506031210943,1.0,3.9999999999999996,10.619999999999989,43.5,0.016093819711020974,135,102236.38769508185,65945.32458061207,168181.71227569392,6527.299999999999
865,996,439,105.74731570535033,8.024096385542169,6.788052208835339,13.351485943775101,50.04819277108434,21.70502008032132,142.90997455833977,145.30020080321285,3504.8591841551297,30.0,9.499999999999998,15.380000000000011,56.5,1421.2234328457628,159,0.5072322056623202,1.0,3.9999999999999996,10.619999999999989,43.0,0.029708235460629506,135,105324.32644252892,62737.478831111155,168061.8052736401,6458.7
866,987,444,98.02938145161137,7.728470111448835,6.759574468085118,13.331833839918941,50.11752786220871,21.943262411347533,155.82194942290005,145.3981762917933,3066.903623375828,30.0,9.499999999999998,15.380000000000011,56.5,3504.8591841551297,159,0.32454225269403875,1.0,3.9999999999999996,10.619999999999989,43.0,0.3062616921979573,135,96754.99949274042,69184.94554376762,165939.94503650803,6431.699999999999
867,960,504,98.08000047885334,7.476041666666666,6.7542708333333366,13.303104166666655,50.15260416666667,21.79260416666665,142.54981825138648,145.48333333333332,2620.567435300015,30.0,9.499999999999998,15.380000000000011,56.5,3503.8591841551297,159,0.32135318509909194,1.0,3.8999999999999995,10.619999999999989,43.0,0.06736812484373034,135,94156.8004596992,71845.1083986988,166001.90885839798,6135.299999999999
868,932,479,95.28157879421202,7.419527896995708,6.724570815450639,13.297274678111583,50.22156652360515,21.648605150214564,160.3622388735264,145.55364806866953,2334.5453232276286,30.0,9.499999999999998,15.380000000000011,56.5,3502.8591841551297,159,0.296051936744973,1.0,3.8999999999999995,10.619999999999989,43.0,0.8318262794428248,135,88802.4314362056,76813.51242041914,165615.94385662474,5382.099999999999
869,950,514,90.97879778082678,7.476842105263158,6.7404210526315795,13.32178947368422,50.224736842105266,20.55663157894737,157.06527399214028,145.7263157894737,2637.2024441299045,30.0,9.399999999999999,15.440000000000012,56.5,3501.8591841551297,159,0.296051936744973,1.0,3.8999999999999995,10.619999999999989,42.5,0.18205836168495582,136,86429.85789178545,80731.5508319601,167161.40872374555,4924.299999999999
870,927,472,100.20434022845446,7.700107874865156,6.712189859762682,13.312578209277225,50.26537216828479,21.14584681769148,157.94271012657526,145.80151024811218,2637.2024441299045,30.0,9.399999999999999,15.440000000000012,56.5,3500.8591841551297,159,0.296051936744973,1.0,3.8999999999999995,10.619999999999989,42.5,0.4996750868561608,136,92889.42339177728,74548.95917974353,167438.3825715208,5534.299999999999
871,935,482,92.31855797386794,7.478074866310161,6.7275935828877005,13.319336898395727,50.20641711229946,20.67839572192513,164.60413178061316,146.00641711229946,2400.097551647823,29.0,9.399999999999999,15.440000000000012,56.5,3499.8591841551297,159,0.296051936744973,1.0,3.8999999999999995,10.679999999999989,42.5,0.04347265489497332,136,86317.85170556653,79339.19151825554,165657.04322382208,5966.9
872,949,490,99.4151344601396,7.67017913593256,6.751844046364593,13.362381454162286,50.16174920969441,20.64773445732352,149.14480655287295,146.31506849315068,3573.616777045407,29.0,9.399999999999999,15.440000000000012,56.5,2636.2024441299045,160,0.296051936744973,1.0,3.9999999999999996,10.679999999999989,42.5,0.22219557662527478,136,94344.96260267247,73080.95521090775,167425.91781358022,5291.2
873,941,501,107.23893834278762,7.562167906482466,6.737832093517527,13.337343251859721,50.089266737513285,21.28299681190224,134.4613547783726,146.432518597237,3573.616777045407,29.0,9.399999999999999,15.440000000000012,56.5,1803.5928396556797,160,0.296051936744973,1.0,3.9999999999999996,10.73999999999999,42.5,0.3515650755392645,136,100911.84098056315,67365.13874396466,168276.9797245278,6036.2
874,928,504,108.95057442089222,7.587284482758621,6.730926724137934,13.316465517241397,50.15301724137931,21.280172413793107,137.02070394215255,146.57004310344828,3573.616777045407,30.0,9.399999999999999,15.440000000000012,56.5,1915.8147646098923,160,0.296051936744973,1.0,3.9999999999999996,10.79999999999999,42.5,0.3240559629183475,136,101106.13306258798,69058.43478684488,170164.56784943287,5708.199999999999
875,924,523,107.5370047894626,7.498917748917749,6.768614718614721,13.366774891774892,50.12337662337662,20.75692640692639,138.13506959572237,146.8852813852814,2637.154832009598,30.0,9.399999999999999,15.440000000000012,56.5,3573.616777045407,160,0.296051936744973,1.0,4.1,10.79999999999999,42.5,0.08638618877739468,136,99364.19242546344,72244.6413985628,171608.83382402622,5684.599999999999
876,938,477,106.1062983369076,7.597014925373134,6.747228144989348,13.347675906183378,50.18763326226013,21.210021321961616,152.9267964274725,146.92004264392324,2505.0012216906025,30.0,9.499999999999998,15.440000000000012,56.5,3572.616777045407,160,0.296051936744973,1.0,4.1,10.73999999999999,42.5,0.08821875379694522,136,99527.70784001933,72946.08189590438,172473.7897359237,5344.999999999999
877,961,498,97.99149323996056,7.544224765868886,6.751612903225819,13.357440166493248,50.214880332986475,21.054422476586886,159.01125565353752,147.09469302809575,1852.919372367466,30.0,9.499999999999998,15.440000000000012,56.5,3571.616777045407,160,0.296051936744973,1.0,4.1,10.73999999999999,43.5,0.13833586661720365,137,94169.8250036021,79187.60531546168,173357.43031906377,5761.2
878,969,433,104.22762130464338,7.564499484004128,6.759339525283796,13.358596491228086,50.27863777089783,21.649226006191935,164.59928567713624,147.2549019607843,2827.302587086774,30.0,9.499999999999998,15.440000000000012,56.5,3570.616777045407,160,0.296051936744973,1.0,4.1,10.73999999999999,43.5,0.7244820720193705,137,100996.56504419944,71271.4906982,172268.05574239942,5492.7
879,973,484,99.22426490524825,7.868448098663926,6.72261048304213,13.334162384378207,50.26207605344296,20.918293936279547,160.2638235471344,147.28160328879753,2827.302587086774,30.0,9.499999999999998,15.380000000000011,56.5,3600.3124417137674,161,0.296051936744973,1.0,4.1,10.73999999999999,43.5,0.08257332876076817,137,96545.20975280655,77567.69059681304,174112.9003496196,6125.2
880,947,464,109.04867110390359,7.949313621964097,6.725448785638862,13.320802534318895,50.27455121436114,21.104012671594496,152.52142758707342,147.44878563885956,2583.8972712241793,30.0,9.499999999999998,15.380000000000011,56.5,3599.3124417137674,162,0.729031113024218,1.0,4.1,10.73999999999999,43.5,0.7366069349086886,137,103269.0915353967,70769.94240040207,174039.03393579877,5908.699999999999
881,982,475,110.11539191369417,7.962321792260693,6.706008146639515,13.306130346232182,50.25458248472505,21.254887983706745,140.72063788907897,147.58044806517313,3615.092616708168,30.0,9.599999999999998,15.380000000000011,56.5,2826.302587086774,162,0.4057239191865201,1.0,4.1,10.73999999999999,43.5,0.1296344924196282,137,108133.31485924768,66842.30299731251,174975.6178565602,5740.999999999999
882,977,440,113.1220306890438,7.9662231320368475,6.725997952917088,13.306980552712398,50.24616171954964,21.86867963152508,144.92735876257908,147.7482088024565,3615.092616708168,30.0,9.599999999999998,15.380000000000011,56.5,2825.302587086774,162,0.5401549504714598,1.0,4.1,10.73999999999999,43.5,0.031100465895722795,137,110520.22398319578,63768.03785553479,174288.26183873057,5927.099999999999
883,974,500,101.47502776868427,7.906570841889117,6.72700205338809,13.308459958932254,50.2864476386037,21.08891170431213,154.80628263517045,147.89630390143736,3615.092616708168,30.0,9.599999999999998,15.380000000000011,56.5,2824.302587086774,162,0.5317921455318204,1.0,4.1,10.73999999999999,43.5,0.34658948842411963,137,98836.67704669847,77403.14131758522,176239.8183642837,6256.999999999999
884,945,428,100.82833710980672,7.776719576719577,6.741481481481473,13.310031746031745,50.285185185185185,21.228571428571453,187.8199178813992,148.05396825396826,3615.092616708168,30.0,9.599999999999998,15.380000000000011,56.5,2823.302587086774,163,0.25630110853659105,1.0,4.1,10.73999999999999,43.5,0.06533300563811562,137,95282.77856876736,80386.92485323886,175669.70342200622,5265.999999999999
885,1008,480,82.73217928395195,7.75,6.770138888888903,13.346607142857144,50.263392857142854,20.266765873015878,192.919838789393,148.3422619047619,2067.574636721746,30.0,9.599999999999998,15.440000000000012,56.5,3615.092616708168,163,0.25630110853659105,1.0,4.1,10.73999999999999,44.0,0.015353221549985197,138,83394.03671822356,92601.52261890864,175995.5593371322,5557.099999999999
886,985,404,100.78400779038347,7.775634517766497,6.761421319796963,13.341522842639591,50.236040609137056,20.773908629441635,187.50899916844983,148.34416243654823,2836.558379720765,30.0,9.599999999999998,15.440000000000012,56.5,3614.092616708168,163,0.25630110853659105,1.0,4.1,10.73999999999999,44.0,0.2730278983075012,138,99272.24767352772,75753.63566405373,175025.88333758144,5476.499999999999
887,1018,425,91.25502612505309,7.841846758349705,6.807072691552069,13.384616895874254,50.222003929273086,20.455108055009806,188.54845787162347,148.63948919449902,2836.558379720765,31.0,9.599999999999998,15.440000000000012,57.0,3613.092616708168,163,0.25630110853659105,1.0,4.1,10.73999999999999,43.5,0.09131061819239239,138,92897.61659530405,80133.09459543998,173030.711190744,6546.699999999999
888,986,449,90.45142042931549,7.818458417849898,6.751115618661257,13.35718052738335,50.27180527383367,20.6660243407708,189.0728636074062,148.71805273833672,2836.558379720765,31.0,9.599999999999998,15.440000000000012,57.0,3612.092616708168,164,0.25630110853659105,1.0,4.199999999999999,10.73999999999999,43.5,0.3486185697084836,139,89185.10054330507,84893.71575972538,174078.81630303047,6387.099999999999
889,1000,435,106.11741068742343,7.855,6.771900000000008,13.36939999999998,50.2855,20.809900000000024,160.55688564480587,148.842,3635.7524103877886,31.0,9.599999999999998,15.440000000000012,57.0,2836.558379720765,164,0.25630110853659105,1.0,4.199999999999999,10.73999999999999,43.5,0.3990021558921337,139,106117.41068742343,69842.24525549056,175959.655942914,5630.7
890,996,470,108.77679100494254,7.929718875502008,6.738955823293178,13.35064257028111,50.2605421686747,21.083333333333346,145.9171749936846,148.87751004016064,3635.7524103877886,31.0,9.499999999999998,15.440000000000012,57.0,2835.558379720765,164,0.2658960727659102,1.0,4.199999999999999,10.679999999999989,43.5,0.18613066928950417,139,108341.68384092276,68581.07224703176,176922.7560879545,6364.299999999999
891,968,454,108.91360610124875,7.919421487603306,6.754235537190089,13.356962809917338,50.25464876033058,21.719421487603274,157.4999527575345,149.03512396694214,3635.7524103877886,31.0,9.599999999999998,15.440000000000012,57.0,2834.558379720765,164,0.2658960727659102,1.0,4.199999999999999,10.679999999999989,43.5,0.21956906964445722,139,105428.37070600879,71504.97855192066,176933.34925792945,6294.099999999999
892,957,511,100.27596936677799,8.087774294670846,6.7449320794148395,13.368359456635297,50.2183908045977,21.81065830721002,158.82870737014628,149.22257053291537,3635.7524103877886,31.0,9.599999999999998,15.440000000000012,57.0,2295.922663545162,164,0.2658960727659102,1.0,4.199999999999999,10.679999999999989,43.5,0.04178514981186954,139,95964.10268400653,81161.46946614474,177125.57215015127,6230.699999999999
893,928,469,99.99654563390324,8.126077586206897,6.7668103448275945,13.395366379310328,50.186961206896555,21.613254310344825,181.12326366165095,149.46875,2865.9289552033065,30.0,9.599999999999998,15.380000000000011,57.0,3635.7524103877886,164,0.36500037848947653,1.0,4.199999999999999,10.679999999999989,43.5,0.1430836907610118,139,92796.7943482622,84946.8106573143,177743.6050055765,5277.099999999999
894,955,509,101.77509417237233,8.156020942408377,6.79780104712042,13.420858638743443,50.18952879581152,20.947748691099466,160.4668709282138,149.64188481675393,2865.9289552033065,30.0,9.599999999999998,15.380000000000011,57.0,3634.7524103877886,164,0.26628738420795967,1.0,4.1,10.679999999999989,43.5,0.9822525160442905,139,97195.21493461558,81677.63730246083,178872.8522370764,5532.099999999999
895,938,442,112.18434178745389,8.121535181236673,6.795415778251598,13.424072494669485,50.233475479744136,21.07132196162047,166.76121712857497,149.77185501066097,2865.9289552033065,30.0,9.599999999999998,15.320000000000011,57.0,3633.7524103877886,164,0.26628738420795967,1.0,4.1,10.679999999999989,43.5,0.13029907366367732,140,105228.91259663175,73708.45797083013,178937.37056746188,5424.999999999999
896,993,465,112.70506765014878,8.144008056394764,6.81359516616314,13.459113796576032,50.273917421953676,20.445820745216526,145.75746675497365,150.01208459214502,2265.150947483369,30.0,9.599999999999998,15.380000000000011,57.0,3632.7524103877886,164,0.26628738420795967,1.0,4.1,10.679999999999989,43.0,0.41634535443383847,140,111916.13217659773,67777.22204106275,179693.3542176605,5648.799999999999
897,970,458,107.07040459180615,8.176288659793814,6.782164948453613,13.448824742268021,50.32061855670103,20.593711340206177,166.2941422831297,150.05154639175257,2809.724889916767,30.0,9.599999999999998,15.380000000000011,57.0,3631.7524103877886,164,0.26628738420795967,1.0,4.1,10.73999999999999,43.0,0.8230083144676474,140,103858.29245405197,76162.7171656734,180021.00961972537,6059.599999999999
898,986,488,101.43291739760157,7.954361054766735,6.751926977687621,13.40588235294115,50.32707910750507,20.071906693711952,166.36344787218303,150.1977687626775,3676.8786885741524,30.0,9.599999999999998,15.380000000000011,57.0,2863.9289552033065,164,0.26628738420795967,1.0,4.1,10.73999999999999,43.0,0.07193129094050255,140,100012.85655403516,81185.36256162531,181198.21911566047,5781.299999999999
899,988,411,106.42185026389136,8.035425101214575,6.7343117408907,13.394716599190271,50.354757085020246,20.600101214574877,184.22432369264348,150.29048582995952,3676.8786885741524,30.0,9.599999999999998,15.380000000000011,57.0,2264.150947483369,164,0.26628738420795967,1.0,4.1,10.73999999999999,43.0,0.1184601652824322,140,105144.78806072466,75716.19703767647,180860.98509840114,5407.099999999999
900,1034,444,96.9562975397496,7.852998065764023,6.763249516441022,13.414352030947768,50.340425531914896,20.287137330754337,181.2373517119909,150.5889748549323,3149.1220952669823,30.0,9.599999999999998,15.380000000000011,57.0,3676.8786885741524,164,0.26628738420795967,1.0,4.1,10.73999999999999,43.0,0.6279953778518728,140,100252.81165610108,80469.38416012395,180722.19581622502,5779.0999999999985
901,1015,376,109.838647261734,7.9507389162561575,6.775566502463054,13.442502463054174,50.39014778325123,21.007389162561584,182.64455989275294,150.79901477832513,3149.1220952669823,30.0,9.599999999999998,15.380000000000011,57.0,3675.8786885741524,160,0.36500037848947653,1.0,4.1,10.73999999999999,43.0,0.054410195563192154,140,111486.22697066,68674.35451967511,180160.5814903351,5664.699999999999
902,1030,434,101.0440269587658,8.042718446601942,6.771941747572817,13.441864077669893,50.44077669902913,20.475631067961142,175.4525306638573,150.9252427184466,3149.1220952669823,30.0,9.699999999999998,15.440000000000012,57.0,3674.8786885741524,160,0.36500037848947653,1.0,4.1,10.73999999999999,43.0,0.5771200609150124,140,104075.34776752877,76146.39830811406,180221.74607564282,6516.699999999999
903,1031,380,102.10008820743084,8.1270611057226,6.785160038797285,13.467604267701251,50.42046556741028,21.25926285160037,194.19753235514582,151.06692531522793,3149.1220952669823,30.0,9.699999999999998,15.440000000000012,57.5,3673.8786885741524,160,0.3190364507078235,1.0,4.1,10.73999999999999,42.5,0.08976000507625104,140,105265.1909418612,73795.06229495541,179060.2532368166,5640.999999999999
904,1036,436,102.51804212543023,8.025096525096526,6.795173745173747,13.465154440154429,50.43967181467181,21.03542471042471,166.61796009686626,151.28378378378378,3175.743035365617,30.0,9.699999999999998,15.440000000000012,57.5,3672.8786885741524,160,0.3190364507078235,1.0,4.1,10.73999999999999,42.5,0.36500037848947653,140,106208.69164194571,72645.43060223368,178854.1222441794,6715.299999999999
905,1000,415,105.94986850000797,8.112,6.792200000000001,13.480319999999992,50.411,21.597500000000032,171.72023829978673,151.441,3259.863130552143,31.0,9.699999999999998,15.440000000000012,57.5,3671.8786885741524,161,0.3190364507078235,1.0,4.1,11.099999999999993,42.5,0.1442889255322264,140,105949.86850000797,71263.8988944115,177213.76739441947,6288.199999999999
906,1015,456,105.02886005633734,8.054187192118226,6.822364532019698,13.475133004926116,50.41773399014778,20.9333990147783,155.46604171528506,151.73103448275862,3783.0586362691174,31.0,9.799999999999997,15.440000000000012,57.5,3147.1220952669823,161,0.3190364507078235,1.0,4.1,11.099999999999993,42.0,0.45497269834888776,141,106604.29295718239,70892.51502216999,177496.80797935236,6166.999999999999
907,1011,385,110.83245394438858,8.027695351137488,6.842235410484672,13.494243323442152,50.38724035608308,21.979030662710173,170.0230526531388,151.91493570722056,3783.0586362691174,31.0,9.799999999999997,15.440000000000012,58.0,3146.1220952669823,161,0.31640597319649744,1.0,4.1,11.159999999999993,42.0,0.0844501722762585,141,112051.61093777684,65458.87527145843,177510.48620923527,5669.0
908,1030,435,100.12051793173076,7.911650485436893,6.896310679611657,13.51914563106795,50.29417475728155,21.142524271844675,167.71388930864282,152.21067961165048,3783.0586362691174,31.0,9.799999999999997,15.440000000000012,58.0,3259.863130552143,161,0.31640597319649744,1.0,4.1,11.159999999999993,42.0,0.20518033208212172,141,103124.13346968268,72955.54184925962,176079.6753189423,6293.4
909,1014,389,115.76665316989421,8.071005917159763,6.867850098619325,13.498145956607493,50.31755424063116,21.691321499013814,149.93001493013622,152.28994082840237,3943.0942988496445,31.0,9.799999999999997,15.440000000000012,58.0,3258.863130552143,162,0.31640597319649744,1.0,4.1,11.159999999999993,42.0,0.6328119463929949,141,117387.38631427274,58322.775807822996,175710.16212209573,5671.499999999999
910,1018,432,104.55686630596288,8.141453831041257,6.899017681728875,13.514911591355608,50.27504911591355,20.877996070726894,158.44755768592478,152.5432220039293,3943.0942988496445,31.0,9.899999999999997,15.440000000000012,58.0,3257.863130552143,162,0.31640597319649744,1.0,3.9999999999999996,11.219999999999994,42.0,0.16115897682193991,142,106438.88989947022,68449.3449203195,174888.2348197897,6002.599999999999
911,1011,380,109.19042634022257,8.149357072205737,6.885954500494553,13.509475766567745,50.351137487636,20.97794263105838,171.14494160943627,152.6429277942631,3311.4769302439418,31.0,9.899999999999997,15.380000000000011,58.0,3943.0942988496445,162,0.31640597319649744,1.0,3.9999999999999996,11.219999999999994,42.0,0.6274345817582693,142,110391.52102996502,65035.07781158578,175426.59884155082,5719.099999999999
912,1051,412,100.907134476695,8.179828734538535,6.841674595623215,13.470504281636535,50.32350142721218,20.367364414842996,170.42626441738827,152.70980019029497,3311.4769302439418,31.0,9.899999999999997,15.380000000000011,58.0,3942.0942988496445,162,0.31640597319649744,1.0,3.9999999999999996,11.219999999999994,42.0,0.060935208187927525,142,106053.39833500645,70215.62093996396,176269.0192749704,5749.299999999999
913,1049,397,95.14049257965192,8.090562440419447,6.873689227836031,13.477998093422327,50.273117254528124,21.018589132507167,192.29236924042803,152.93612964728314,2760.865431924713,31.0,9.899999999999997,15.380000000000011,58.0,3941.0942988496445,163,0.5062538555865059,1.0,3.8999999999999995,11.219999999999994,42.0,0.7693039805726158,142,99802.37671605486,76340.07058844993,176142.4473045048,5874.699999999999
914,1038,389,98.4969130570058,8.117533718689788,6.843256262042381,13.456300578034687,50.25963391136801,21.29499036608864,187.929063186887,152.94219653179192,4138.949540243716,31.0,9.999999999999996,15.440000000000012,58.0,3940.0942988496445,163,0.25521014587030955,1.0,3.8999999999999995,11.219999999999994,42.0,0.21061492874050813,142,102239.79575317202,73104.40557969904,175344.20133287105,6628.999999999999
915,1022,408,97.47798448531496,8.13894324853229,6.846868884540114,13.46248532289629,50.301859099804304,21.356947162426618,183.2363468024007,153.11350293542074,4182.7825074404645,31.0,9.999999999999996,15.440000000000012,58.0,3309.4769302439418,163,0.25521014587030955,1.0,3.8999999999999995,11.219999999999994,42.0,0.1104591544305018,142,99622.50014399189,74760.42949537949,174382.92963937137,6610.999999999999
916,1003,446,107.72133035149722,8.25024925224327,6.813559322033903,13.452841475573274,50.42073778664008,21.129012961116665,150.99553010682837,153.12761714855435,4182.7825074404645,31.0,9.999999999999996,15.440000000000012,58.0,3308.4769302439418,163,0.25521014587030955,1.0,3.8999999999999995,11.219999999999994,42.0,0.22624947797715445,142,108044.49434255171,67344.00642764545,175388.50077019716,6049.9
917,1003,419,114.07650859179232,8.102691924227319,6.830009970089726,13.440159521435698,50.48953140578265,21.417248255234288,146.09460954321793,153.3310069790628,4182.7825074404645,31.0,9.999999999999996,15.440000000000012,58.0,3307.4769302439418,164,0.25521014587030955,1.0,3.8999999999999995,11.219999999999994,42.0,0.01250771117301186,142,114418.7381175677,61213.641398608306,175632.379516176,5453.599999999999
918,999,446,110.70178147135263,8.01001001001001,6.889189189189187,13.472892892892915,50.454454454454456,21.4076076076076,147.72088214742385,153.67967967967968,4182.7825074404645,31.0,9.899999999999997,15.440000000000012,58.0,3306.4769302439418,164,0.2604843101393664,1.0,3.8999999999999995,11.219999999999994,42.0,0.2839975354846045,143,110591.07968988128,65883.51343775104,176474.59312763234,6168.899999999999
919,973,421,110.13736504253309,8.029804727646454,6.899383350462485,13.494758478931129,50.481500513874614,21.87307297019525,162.43760522230457,153.81397738951696,4182.7825074404645,31.0,9.899999999999997,15.440000000000012,57.0,3231.1769078009506,164,0.2604843101393664,1.0,3.8999999999999995,11.219999999999994,42.0,0.17279769888832042,143,107163.6561863847,68386.23179859022,175549.88798497492,6346.099999999999
920,993,466,95.51246523172503,8.034239677744209,6.89768378650554,13.504572004028185,50.53575025176234,20.71339375629404,171.9241113427102,154.0332326283988,3394.8503517903587,31.0,9.899999999999997,15.440000000000012,57.0,4182.7825074404645,164,0.2604843101393664,1.0,3.9999999999999996,11.219999999999994,42.0,0.24193227610836376,143,94843.87797510295,80116.63588570296,174960.5138608059,5482.7
921,988,427,105.43435862176811,7.9423076923076925,6.867510121457491,13.485931174089073,50.56578947368421,21.22095141700405,167.67689019804598,154.12753036437246,4184.437326926269,31.0,9.899999999999997,15.440000000000012,57.0,4137.949540243716,164,0.2604843101393664,1.0,3.9999999999999996,11.219999999999994,42.0,0.03341759733460403,143,104169.1463183069,71598.03211456563,175767.17843287252,5370.499999999999
922,998,417,107.73434863365567,7.85871743486974,6.91152304609219,13.489298597194388,50.585170340681366,21.483667334669352,160.3525429562175,154.39579158316633,4184.437326926269,32.0,9.899999999999997,15.380000000000011,57.0,3394.8503517903587,165,0.2604843101393664,1.0,3.9999999999999996,11.219999999999994,42.0,0.0118156319199052,143,107518.87993638836,66867.01041274269,174385.89034913105,6382.599999999999
923,996,457,106.20591167133739,7.829317269076305,6.935140562248993,13.508995983935735,50.618473895582326,21.04809236947793,150.86005755503226,154.65662650602408,4184.437326926269,32.0,9.899999999999997,15.380000000000011,57.0,3393.8503517903587,165,0.2604843101393664,1.0,3.9999999999999996,11.219999999999994,42.0,0.5346046197998886,143,105781.08802465204,68943.04630264975,174724.13432730178,6174.4
924,979,430,111.53231791065765,7.867211440245148,6.927068437180801,13.516792645556666,50.630745658835544,21.35270684371808,153.8069965141912,154.8835546475996,4184.437326926269,32.0,9.899999999999997,15.380000000000011,57.0,3392.8503517903587,165,0.5340187803206649,1.0,3.9999999999999996,11.219999999999994,42.5,0.9319720553469903,143,109190.13923453384,66137.00850110222,175327.14773563604,5995.499999999999
925,957,449,106.11819234297911,7.819226750261233,6.911076280041797,13.501379310344808,50.567920585161964,21.655485893416934,163.04059086245852,155.00522466039706,4139.426110353854,32.0,9.999999999999996,15.380000000000011,57.0,4184.437326926269,165,0.29203477970001457,1.0,4.199999999999999,11.219999999999994,42.0,0.37683095403925826,144,101555.11007223101,73205.22529724387,174760.3353694749,7108.099999999999
926,968,488,104.30375317789995,7.809917355371901,6.908677685950407,13.515041322314051,50.568698347107436,21.080371900826464,152.14158751899924,155.1797520661157,4186.281095303395,32.0,9.999999999999996,15.380000000000011,57.0,4139.426110353854,166,0.2880054878990245,1.0,4.199999999999999,11.219999999999994,42.0,0.57035808875019,144,100966.03307620715,74245.09470927164,175211.12778547878,5895.599999999999
927,951,491,110.73085760938898,7.721345951629863,6.906098843322819,13.525236593059931,50.48159831756046,21.53228180862251,140.97709754883257,155.23764458464774,4147.051961035254,32.0,9.999999999999996,15.380000000000011,57.0,4186.281095303395,166,0.3552347507767003,1.0,4.199999999999999,11.159999999999993,42.0,0.0041480864718559385,144,105305.04558652891,69219.75489647679,174524.8004830057,6128.4
928,916,526,112.814042090773,7.9126637554585155,6.8951965065502145,13.536921397379936,50.50600436681223,21.590283842794744,134.29254047856696,155.3711790393013,3603.682696715229,33.0,9.999999999999996,15.380000000000011,57.0,4185.281095303395,166,0.3552347507767003,1.0,4.199999999999999,11.159999999999993,42.0,0.2508745774073513,144,103337.66255514807,70637.87629172622,173975.5388468743,6182.499999999999
929,884,525,120.64508755761449,7.926470588235294,6.924547511312208,13.548393665158383,50.511877828054295,21.736085972850674,130.39615936680715,155.56787330316743,3679.682696715229,33.0,9.999999999999996,15.380000000000011,56.5,4184.281095303395,166,0.3552347507767003,1.0,4.199999999999999,11.159999999999993,42.0,0.008296172943711877,144,106650.25740093121,68457.98366757376,175108.24106850498,5785.799999999999
930,900,547,120.90523864878658,7.841111111111111,6.963111111111119,13.560688888888876,50.48166666666667,21.595222222222212,121.23382841872942,155.80666666666667,4204.721007043661,33.0,9.999999999999996,15.380000000000011,56.5,2735.5423819991033,166,0.502074043235928,1.0,4.199999999999999,11.159999999999993,42.0,0.3552347507767003,145,108814.71478390793,66314.90414504499,175129.6189289529,5470.299999999999
931,893,544,116.18074169201682,7.880179171332586,6.99283314669654,13.571646136618128,50.48488241881299,21.34109742441208,132.8811289051611,156.02687569988802,4281.721007043661,33.0,9.999999999999996,15.380000000000011,56.5,3241.9479645771435,166,0.3895088901900225,1.0,4.199999999999999,11.159999999999993,42.0,0.0016944617291594355,145,103749.40233097102,72287.33412440763,176036.73645537865,5306.699999999999
932,916,522,117.2622920323492,7.898471615720524,7.0141921397380065,13.597882096069865,50.51364628820961,21.81844978165938,132.17299229833873,156.21288209606988,4368.969153896875,33.0,9.999999999999996,15.380000000000011,56.5,3289.2004261307607,166,0.35524410691186636,1.0,4.1,11.159999999999993,42.0,0.008796259110154914,145,107412.25950163187,68994.30197973282,176406.56148136468,5139.9
933,912,510,120.02128123582705,7.845394736842105,7.06162280701754,13.596271929824573,50.50712719298246,22.06019736842105,130.31549355023205,156.5076754385965,3089.6320725955634,33.0,9.999999999999996,15.380000000000011,57.0,3288.2004261307607,167,0.35524410691186636,1.0,4.1,11.159999999999993,42.0,0.09384472687929968,145,109459.40848707427,66460.90171061835,175920.3101976926,5647.299999999999
934,889,523,109.87064688752376,8.01912260967379,7.069066366704159,13.599550056242961,50.49943757030371,20.977165354330722,146.00461862237398,156.7379077615298,3099.6320725955634,33.0,9.999999999999996,15.380000000000011,57.0,3287.2004261307607,167,0.35524410691186636,1.0,4.1,11.159999999999993,42.0,0.1610573000250628,145,97675.00508300863,76360.4155395016,174035.42062251022,5996.299999999999
935,916,574,102.48727074037195,8.068777292576419,7.068886462882096,13.579213973799112,50.51910480349345,20.09737991266377,142.44956337719069,156.92576419213975,3099.6320725955634,33.0,9.999999999999996,15.380000000000011,57.0,3286.2004261307607,167,0.5193641618350064,1.0,4.1,11.219999999999994,42.0,0.13260438842032385,145,93878.33999818072,81766.04937850745,175644.38937668817,5366.299999999999
936,891,465,112.28668600221859,7.8552188552188555,7.045342312008986,13.545768799102145,50.62850729517396,21.59304152637488,160.76804737804986,156.97530864197532,2196.9521063888837,33.0,9.999999999999996,15.380000000000011,57.0,3285.2004261307607,167,0.36010505728518266,1.0,4.1,11.219999999999994,42.0,0.11197954611922878,145,100047.43722797676,74757.14203079318,174804.57925876993,5871.499999999999
937,921,518,96.57912463260651,7.6699239956568945,7.057111834962001,13.536916395222583,50.57057546145494,20.2382193268187,161.60222737303033,157.2627578718784,2196.9521063888837,33.0,9.699999999999998,15.440000000000012,57.0,3284.2004261307607,167,0.36010505728518266,1.0,4.1,11.219999999999994,42.0,0.013510158025712204,145,88949.37378663059,83709.9537792297,172659.3275658603,6324.799999999999
938,923,509,108.33402443207292,7.604550379198266,7.043120260021672,13.533022751895997,50.526002166847235,20.101733477789793,145.78983722934535,157.453954496208,3436.168338359495,34.0,9.699999999999998,15.440000000000012,57.0,3283.2004261307607,167,0.36010505728518266,1.0,4.1,11.219999999999994,42.0,0.6657865955229614,145,99992.30455080331,74207.02714973678,174199.3317005401,5072.499999999999
939,933,503,110.09804208753323,7.751339764201501,7.007502679528397,13.503901393354784,50.51071811361201,20.482207931404048,143.58305901639565,157.508038585209,3545.3353041965984,34.0,9.699999999999998,15.440000000000012,57.0,3282.2004261307607,167,0.3586162382260739,1.0,4.1,11.219999999999994,42.0,0.16554954761210183,146,102721.47326766851,72222.27868524702,174943.7519529155,5939.499999999999
940,967,477,106.80382626491176,7.70630816959669,6.998241985522244,13.501923474663917,50.48810754912099,20.784074457083776,150.12535353448652,157.65253360910032,3606.795167364264,34.0,9.799999999999997,15.440000000000012,57.5,3222.958999487483,167,0.2953009895537844,1.0,4.1,11.219999999999994,41.5,0.17762205345593318,146,103279.29999816968,71609.79363595007,174889.09363411975,5438.399999999999
941,954,456,112.04590936172184,7.587002096436058,7.0054507337526175,13.507756813417204,50.526729559748425,21.333228511530397,149.50166343956698,157.76939203354297,3516.2355742827885,34.0,9.799999999999997,15.440000000000012,57.5,3606.795167364264,167,0.2953009895537844,1.0,4.1,11.219999999999994,41.5,0.5041921104091442,146,106891.79753108263,68172.75852844254,175064.55605952517,6025.0999999999985
942,973,442,105.05699528019925,7.44912641315519,7.0221993833504674,13.524172661870502,50.51284686536485,21.31109969167523,162.47362415441046,157.94244604316546,3611.705259460946,34.0,9.799999999999997,15.440000000000012,57.5,2998.8659377409995,168,0.2953009895537844,1.0,4.1,11.219999999999994,41.5,0.033148124098925535,146,102220.45640763387,71813.34187624943,174033.7982838833,6307.799999999999
943,984,475,104.70420984367789,7.313008130081301,7.002947154471543,13.522926829268291,50.50762195121951,21.43008130081299,151.59725042839435,158.0548780487805,3611.705259460946,34.0,9.699999999999998,15.440000000000012,57.5,3516.2355742827885,168,0.3440896018991159,1.0,3.9999999999999996,11.219999999999994,41.5,0.06958290115841947,146,103028.94248617905,72008.69395348731,175037.63643966636,6016.199999999999
944,952,459,110.12868162380927,7.180672268907563,6.998214285714291,13.508823529411764,50.54149159663866,21.318172268907556,153.562412040839,158.2363445378151,3611.705259460946,34.0,9.699999999999998,15.440000000000012,57.5,3515.2355742827885,168,0.3440896018991159,1.0,3.9999999999999996,11.219999999999994,41.5,0.9931513948190085,146,104842.50490586643,70485.1471267451,175327.65203261154,6070.399999999999
945,965,500,103.05053689034712,6.932642487046632,7.021347150259068,13.501906735751286,50.52487046632125,20.910673575129536,155.0962955712281,158.47357512953369,3775.174968263467,34.0,9.699999999999998,15.440000000000012,57.5,3514.2355742827885,168,0.33207781498308675,1.0,3.9999999999999996,11.219999999999994,41.5,0.22917095901580842,146,99443.76809918496,77548.14778561406,176991.91588479903,5992.199999999999
946,954,441,113.82959501172682,7.023060796645702,7.030922431865836,13.517295597484289,50.579140461215935,21.5996855345912,156.3260914992014,158.67924528301887,3776.7223783241893,34.0,9.699999999999998,15.440000000000012,57.5,2199.1858711091068,168,0.33207781498308675,1.0,3.9999999999999996,11.219999999999994,42.5,0.4847622355138794,146,108593.4336411874,68939.80635114781,177533.2399923352,5479.199999999999
947,971,479,100.6098818714926,6.9289392378990735,7.020803295571587,13.521256436663242,50.59423274974253,21.023069001029878,162.62997901147438,158.77857878475797,2999.1949049725044,32.0,9.699999999999998,15.440000000000012,57.5,2111.1585605491086,169,0.33060503234465094,1.0,3.9999999999999996,11.219999999999994,42.5,0.6231320449852282,146,97692.19529721932,77899.75994649623,175591.95524371555,5929.499999999999
948,955,461,104.05000454740059,7.223036649214659,7.02387434554974,13.556879581151836,50.661780104712044,21.136963350785347,165.43315358229964,159.04188481675394,2999.1949049725044,32.0,9.699999999999998,15.440000000000012,57.5,2110.1585605491086,169,0.33207781498308675,1.0,3.9999999999999996,11.219999999999994,42.5,0.9662845362555719,147,99367.75434276757,76264.68380144013,175632.4381442077,5688.099999999999
949,970,486,113.24948383145458,7.198969072164949,6.971340206185572,13.513010309278341,50.67886597938144,21.148865979381448,136.92672253124738,159.059793814433,2999.1949049725044,32.0,9.699999999999998,15.440000000000012,57.5,2109.1585605491086,170,0.33207781498308675,1.0,3.9999999999999996,11.219999999999994,42.5,0.01683312097577061,147,109851.99931651095,66546.38715018623,176398.38646669718,5846.499999999999
950,956,470,108.36060050356423,7.2866108786610875,7.000313807531379,13.540857740585786,50.62238493723849,21.176778242677816,154.3412995900153,159.1746861924686,2936.45742734381,32.0,9.699999999999998,15.440000000000012,57.5,2999.1949049725044,170,0.33207781498308675,1.0,3.9999999999999996,11.159999999999993,42.5,0.13435896134971959,147,103592.7340814074,72540.41080730718,176133.1448887146,6128.999999999999
951,972,487,109.43309995524125,7.302469135802469,6.979938271604941,13.526769547325113,50.599794238683124,21.35401234567904,146.2221647834476,159.4320987654321,2936.45742734381,32.0,9.699999999999998,15.440000000000012,57.5,2998.1949049725044,170,0.33207781498308675,1.0,3.9999999999999996,11.159999999999993,42.5,0.09002626432129568,147,106368.9731564945,71210.19424953898,177579.1674060335,6011.499999999999
952,924,451,110.0413515525646,7.338744588744588,7.032142857142862,13.545865800865801,50.58008658008658,21.81785714285716,165.27486280601357,159.82467532467533,2225.042591145666,32.0,9.699999999999998,15.440000000000012,57.5,2997.1949049725044,170,0.27025666987733776,1.0,3.9999999999999996,11.159999999999993,42.5,0.04866931786278972,147,101678.2088345697,74538.96312551212,176217.17196008182,6747.299999999999
953,948,502,106.47158272166818,7.3164556962025316,7.043565400843888,13.541476793248965,50.53533755274262,20.680590717299555,149.14125408258184,160.0253164556962,2120.0694364611895,32.0,9.699999999999998,15.440000000000012,57.5,2996.1949049725044,170,0.27025666987733776,1.0,3.9999999999999996,11.159999999999993,42.5,0.17203810189915525,147,100935.06042014144,74868.90954945609,175803.96996959753,5899.299999999999
954,953,464,107.11906059624891,7.2371458551941235,7.075026232948581,13.546988457502632,50.5398740818468,20.979433368310584,158.7299197147219,160.32528856243442,3134.849247193481,32.0,9.699999999999998,15.440000000000012,57.5,2934.45742734381,171,0.27025666987733776,1.0,3.9999999999999996,11.159999999999993,42.0,0.14365675842076908,147,102084.46474822522,73650.68274763096,175735.14749585616,5365.099999999999
955,968,429,109.0661377174947,7.12396694214876,7.07107438016529,13.533140495867782,50.521694214876035,21.35878099173553,161.0802044614428,160.400826446281,3134.849247193481,32.0,9.699999999999998,15.440000000000012,57.5,2229.3284324069737,171,0.5121867309634542,1.0,3.9999999999999996,11.159999999999993,42.0,0.05513251808848385,148,105576.02131053487,69103.40771395896,174679.42902449385,6195.499999999999
956,994,470,102.319318535052,7.022132796780684,7.06498993963783,13.552092555331981,50.55181086519115,20.771931589537218,155.0136792224689,160.51710261569417,2327.471537439318,32.0,9.699999999999998,15.440000000000012,57.5,3134.849247193481,172,0.5675641674693345,1.0,3.9999999999999996,11.159999999999993,42.0,0.11499208657499471,148,101705.4026238417,72856.42923456039,174561.8318584021,5942.999999999998
957,975,427,109.5133970865396,6.856410256410256,7.056923076923082,13.555343589743593,50.64358974358974,20.742974358974344,158.53812279111295,160.6625641025641,2035.7402729370904,32.0,9.699999999999998,15.440000000000012,57.5,3133.849247193481,172,0.5001034931046499,1.0,3.9999999999999996,11.099999999999993,42.0,0.13512833493866894,148,106775.5621593761,67695.77843180523,174471.34059118133,5577.699999999999
958,1021,427,115.18015474946479,6.987267384916748,7.058472086190006,13.550284035259564,50.67727717923604,21.21380999020569,135.31540710323245,160.81390793339864,3145.228060441989,33.0,9.699999999999998,15.440000000000012,57.5,2118.0694364611895,172,0.36469676451064326,1.0,3.9999999999999996,11.099999999999993,42.0,1.0002069862092997,148,117598.93799920355,57779.67883308025,175378.6168322838,6207.9
959,988,410,109.08792418779082,7.068825910931174,7.052530364372458,13.551032388663977,50.68218623481781,21.86670040485829,160.9407495134838,160.8674089068826,2939.157347379074,33.0,9.699999999999998,15.440000000000012,57.5,3145.228060441989,172,0.36469676451064326,1.0,3.9999999999999996,11.099999999999993,42.0,0.48859881942593053,148,107778.86909753733,65985.70730052836,173764.5763980657,6922.099999999999
960,998,418,101.35148789092676,7.175350701402806,7.057715430861723,13.551302605210415,50.748997995991985,21.539178356713425,169.37067829982018,161.07014028056113,2038.391941637787,33.0,9.699999999999998,15.440000000000012,57.5,3144.228060441989,172,0.36469676451064326,1.0,3.9999999999999996,11.099999999999993,42.0,0.6161907965473814,148,101148.7849151449,70796.94352932484,171945.72844446974,6408.899999999999
961,977,429,92.80366993036756,7.119754350051177,7.076970317297854,13.542640736949863,50.78966223132037,21.50941658137155,185.0442631654797,161.35619242579324,1777.9118474887632,33.0,9.699999999999998,15.440000000000012,57.5,3143.228060441989,172,0.36469676451064326,1.0,4.1,11.099999999999993,42.0,0.48859881942593053,148,90669.1855219691,79383.98889799078,170053.1744199599,6449.099999999999
962,983,479,92.83602932621626,6.93794506612411,7.0972533062055065,13.546551373346892,50.72889114954222,21.319633774160728,164.72671533940544,161.71210579857578,2052.1727254524017,33.0,9.699999999999998,15.440000000000012,57.5,3142.228060441989,173,0.36469676451064326,1.0,4.1,11.099999999999993,42.0,0.23330677756205298,148,91257.81682767058,78904.0966475752,170161.9134752458,6074.399999999999
963,958,449,106.99081741335452,6.963465553235908,7.105845511482264,13.535949895615875,50.742171189979125,22.14655532359079,151.39935990378407,161.81315240083507,3570.3300019011585,33.0,9.699999999999998,15.500000000000012,57.5,2113.0694364611895,173,0.36469676451064326,1.0,4.1,11.099999999999993,42.0,0.8951930807906479,148,102497.20308199363,67978.31259679905,170475.51567879267,5997.299999999999
964,944,509,102.28654008547339,7.049788135593221,7.122245762711871,13.571080508474573,50.722457627118644,21.867372881355966,145.67299511453567,162.02330508474577,3570.3300019011585,30.0,9.799999999999997,15.500000000000012,57.5,2051.1727254524017,173,0.43612953571101387,1.0,4.1,11.039999999999992,42.0,0.06769407392555005,149,96558.49384068688,74147.55451329866,170706.04835398553,6178.199999999999
965,929,468,111.84763456048081,7.2378902045209905,7.084822389666319,13.535199138858998,50.69052744886975,22.321528525296042,142.05266862751844,162.04736275565125,3570.3300019011585,31.0,9.799999999999997,15.500000000000012,57.5,2050.1727254524017,173,0.43612953571101387,1.0,4.1,11.039999999999992,42.0,0.2621651001349774,149,103906.45250668668,66480.64891767863,170387.1014243653,5529.799999999999
966,944,523,108.46280913092284,7.366525423728813,7.102648305084756,13.580275423728796,50.69014830508475,21.03781779661014,131.84998852132728,162.21186440677965,3570.3300019011585,31.0,9.799999999999997,15.500000000000012,57.5,1779.779922744039,172,0.43612953571101387,1.0,4.1,11.039999999999992,42.0,0.038939841604505254,149,102388.89181959115,68957.54399665416,171346.43581624533,5717.499999999999
967,946,456,114.84297347746154,7.3900634249471455,7.108033826638474,13.560613107822384,50.73678646934461,21.267653276955592,138.24265699382335,162.43340380549682,3570.3300019011585,31.0,9.799999999999997,15.500000000000012,57.5,1778.779922744039,173,0.43612953571101387,1.0,4.1,11.039999999999992,42.0,0.03996247161047939,149,108641.45290967861,63038.65158918345,171680.10449886206,5140.799999999999
968,948,476,93.30352405611619,7.533755274261603,7.142088607594939,13.622805907173001,50.74050632911393,20.878691983122366,171.44501273391228,162.61603375527426,2055.474356550757,31.0,9.899999999999997,15.500000000000012,57.5,3570.3300019011585,173,0.4117439553275358,1.0,4.1,11.039999999999992,42.0,0.6141074598793823,149,88451.74080519815,81607.82606134225,170059.5668665404,6638.799999999999
969,956,513,101.29249626596427,7.518828451882845,7.0872384937238575,13.583953974895396,50.79602510460251,20.473744769874482,145.1428511058903,162.6276150627615,2055.474356550757,31.0,9.899999999999997,15.560000000000013,57.5,3569.3300019011585,174,0.4117439553275358,1.0,4.1,11.039999999999992,42.0,0.6274613104324835,149,96835.62643026185,74458.28261732172,171293.90904758358,5804.999999999999
970,949,471,106.7735675773938,7.550052687038988,7.119704952581677,13.607017913593225,50.75763962065332,20.80748155953638,148.26707836864804,162.8314014752371,3383.9072604747325,31.0,9.899999999999997,15.560000000000013,57.5,3568.3300019011585,174,0.47955044856812457,1.0,4.1,11.159999999999993,42.0,0.05962894824568887,149,101328.11563094672,69833.79391163323,171161.90954257996,5766.2
971,970,498,101.49124079276498,7.59381443298969,7.113814432989687,13.593670103092778,50.75618556701031,21.02886597938145,148.2205579817649,163.09278350515464,3383.9072604747325,31.0,9.899999999999997,15.560000000000013,57.5,3567.3300019011585,174,0.5974568891900688,1.0,4.1,11.159999999999993,42.0,0.04361894989507498,149,98446.50356898204,73813.83787491891,172260.34144390095,6018.799999999999
972,951,450,107.02099352582866,7.605678233438486,7.112723449001049,13.59261829652995,50.78180862250263,21.513144058885366,154.39081353786727,163.24921135646687,3652.0109477557858,31.0,9.899999999999997,15.560000000000013,57.5,2058.349499882655,174,0.5974568891900688,1.0,4.1,11.159999999999993,42.0,0.1876606137253196,149,101776.96484306305,69475.86609204028,171252.83093510332,5794.799999999999
973,975,497,97.546416682041,7.471794871794872,7.13671794871794,13.599569230769216,50.72051282051282,20.323692307692326,152.79295008198835,163.4974358974359,3652.0109477557858,31.0,9.899999999999997,15.560000000000013,57.5,3383.9072604747325,174,0.5893306158584081,1.0,4.1,11.159999999999993,42.0,0.24889837033545503,150,95107.75626498998,75938.09619074821,171045.85245573818,5707.599999999999
974,970,430,106.00766727986829,7.503092783505155,7.149690721649478,13.603670103092774,50.69432989690721,20.395051546391752,157.13998369794592,163.73917525773197,3652.0109477557858,31.0,9.899999999999997,15.560000000000013,57.5,2628.767234806614,174,0.5893306158584081,1.0,4.1,11.159999999999993,42.0,0.8518116993565585,150,102827.43726147224,67570.19299011675,170397.630251589,5043.699999999999
975,1023,441,98.25428498851086,7.518084066471164,7.188172043010737,13.652883675464313,50.596774193548384,20.155522971651987,156.44440162000566,164.08797653958945,3652.0109477557858,31.0,9.899999999999997,15.560000000000013,57.5,2627.767234806614,175,0.5090530562305595,1.0,3.9999999999999996,11.159999999999993,42.0,0.7619052405561835,150,100514.13354324661,68991.9811144225,169506.1146576691,5737.699999999999
976,1023,400,114.1228208565874,7.534701857282503,7.163636363636352,13.653040078201363,50.56402737047898,21.234604105571808,132.0803365724324,164.2160312805474,3652.0109477557858,31.0,9.899999999999997,15.560000000000013,58.0,2626.767234806614,175,0.46901467237092137,1.0,3.9999999999999996,11.159999999999993,42.0,0.5974568891900688,150,116747.6457362889,52832.134628972955,169579.78036526186,6188.699999999999
977,1028,393,114.01977359736313,7.472762645914397,7.206420233463025,13.689007782101177,50.56614785992218,21.225972762645927,125.12109527883516,164.46984435797665,3043.363646383384,31.0,9.899999999999997,15.560000000000013,58.0,3652.0109477557858,175,0.46901467237092137,1.0,3.9999999999999996,11.099999999999993,41.5,0.5938811251038556,150,117212.3272580893,49172.590444582216,166384.91770267152,6552.799999999999
978,1034,418,105.09678686314393,7.474854932301741,7.2113152804642215,13.701121856866536,50.54642166344294,20.98007736943908,140.21321399023398,164.60444874274663,3681.34820437179,31.0,9.899999999999997,15.560000000000013,58.0,2062.7424717085864,175,0.2969405625519278,1.0,3.9999999999999996,11.099999999999993,41.5,0.720438625993254,150,108670.07761649083,58609.12344791781,167279.20106440864,6305.599999999999
979,1018,399,102.26938182640254,7.510805500982318,7.2025540275049105,13.681650294695501,50.63457760314342,21.61021611001965,159.46176792341006,164.7269155206287,3681.34820437179,31.0,9.899999999999997,15.560000000000013,58.0,2061.7424717085864,175,0.2969405625519278,1.0,3.9999999999999996,11.099999999999993,41.5,0.46901467237092137,150,104110.23069927779,63625.24540144061,167735.4761007184,6116.799999999999
980,1034,419,99.4418551821409,7.607350096711799,7.203481624758221,13.666847195357853,50.70309477756286,21.991586073500994,156.24577451981494,164.8597678916828,3681.34820437179,31.0,9.899999999999997,15.560000000000013,58.0,2060.7424717085864,176,0.2969405625519278,1.0,3.9999999999999996,11.099999999999993,41.5,0.2883462492286828,151,102822.87825833369,65466.97952380246,168289.85778213615,6317.499999999999
981,1004,433,99.55329156046659,7.361553784860558,7.228087649402387,13.66621513944223,50.72260956175299,21.956274900398405,159.45704368933912,165.08964143426294,3681.34820437179,31.0,9.899999999999997,15.560000000000013,58.0,3043.363646383384,176,0.4099621375172277,1.0,3.9999999999999996,11.099999999999993,41.5,0.40012077689356707,151,99951.50472670846,69044.89991748384,168996.4046441923,6236.099999999999
982,971,468,97.60850280495634,7.292481977342946,7.260041194644696,13.67997940267766,50.701338825952625,21.497322348094745,161.41386868241,165.27394438722965,2179.1973342973647,31.0,9.899999999999997,15.560000000000013,58.0,3681.34820437179,176,0.31067348849348336,1.0,3.9999999999999996,11.099999999999993,41.5,0.08385515468565607,151,94777.85622361262,75541.69054336788,170319.5467669805,6199.099999999999
983,970,473,96.45628817605954,7.403092783505155,7.254020618556707,13.6779175257732,50.78865979381443,21.66680412371134,165.40937874745384,165.28659793814433,2011.1634586078546,31.0,9.899999999999997,15.560000000000013,58.0,3680.34820437179,176,0.31067348849348336,1.0,3.9999999999999996,11.099999999999993,42.0,0.04083694352119904,151,93562.59953077776,78238.63614754567,171801.23567832343,5772.499999999999
984,953,462,99.0186782378844,7.285414480587618,7.254669464847844,13.672570828961184,50.700419727177334,21.78205666316893,163.73276297366314,165.47114375655823,3717.694594670618,31.0,9.899999999999997,15.560000000000013,58.0,2178.1973342973647,176,0.31067348849348336,1.0,4.1,11.099999999999993,42.0,1.0,151,94364.80036070384,75644.53649383238,170009.3368545362,6381.999999999999
985,978,495,98.73100834537226,7.414110429447852,7.22546012269938,13.656094069529638,50.68353783231084,21.198057259713686,148.74125036975613,165.59509202453987,3717.694594670618,31.0,9.899999999999997,15.560000000000013,58.0,2177.1973342973647,177,0.31067348849348336,1.0,4.1,11.039999999999992,41.5,0.39184974309555587,152,96558.92616177407,73626.91893302929,170185.84509480337,5621.999999999999
986,975,417,111.17177268029928,7.437948717948718,7.22902564102564,13.653599999999988,50.68051282051282,21.99015384615382,144.55828424884612,165.6574358974359,3717.694594670618,31.0,9.899999999999997,15.560000000000013,58.0,2175.118936003071,177,0.255867570318991,1.0,4.1,11.039999999999992,41.5,0.311963293453525,152,108392.4783632918,60280.80453176883,168673.28289506063,5625.199999999999
987,983,445,97.11554380291652,7.418107833163784,7.2257375381485245,13.66004069175991,50.72329603255341,21.088504577822984,159.66021234661926,165.79654120040692,2120.3282089970967,31.0,9.799999999999997,15.560000000000013,58.5,3717.694594670618,177,0.255867570318991,1.0,4.1,11.039999999999992,41.5,0.13231386844677884,152,95464.57955826694,71048.79449424557,166513.37405251252,6611.899999999999
988,997,441,104.86584448239508,7.46740220661986,7.23039117352056,13.66465396188566,50.72316950852558,21.066198595787345,144.25976022224097,165.92778335005016,3870.770931244992,31.0,9.799999999999997,15.560000000000013,58.5,2194.8764373035265,177,0.2670463105441514,1.0,4.1,11.039999999999992,41.5,0.3071372770433709,152,104551.2469489479,63618.55425800826,168169.80120695615,5695.399999999999
989,982,439,98.58169664482257,7.497963340122199,7.253767820773931,13.686863543788194,50.71028513238289,21.639816700611,160.0753674583211,166.21690427698573,2350.5189840771463,31.0,9.799999999999997,15.620000000000013,58.5,3870.770931244992,177,0.2670463105441514,1.0,4.1,11.039999999999992,41.5,0.04445496527665638,152,96807.22610521577,70273.08631420296,167080.3124194187,6789.299999999999
990,982,405,93.87313323177253,7.389002036659877,7.297454175152754,13.707352342158844,50.63696537678208,21.9937881873727,182.64999174419177,166.46130346232178,2054.4815762407425,32.0,9.899999999999997,15.620000000000013,58.5,3869.770931244992,177,0.2670463105441514,1.0,4.1,11.039999999999992,41.5,0.10257234714713004,152,92183.41683360063,73973.24665639766,166156.6634899983,6533.799999999999
991,1000,443,94.28142645954091,7.331,7.287799999999997,13.691399999999987,50.6405,21.137400000000017,157.26676773006514,166.579,2227.0519553634335,32.0,9.899999999999997,15.620000000000013,58.5,3868.770931244992,177,0.2670463105441514,1.0,4.1,11.039999999999992,41.5,0.5408009001533145,153,94281.4264595409,69669.17810441885,163950.60456395976,6587.5999999999985
992,969,459,95.71334146005421,7.3467492260061915,7.271001031991745,13.675872033023737,50.62229102167183,21.092053663570685,157.51871400327104,166.71826625386996,2203.642844237766,32.0,9.899999999999997,15.620000000000013,58.5,3867.770931244992,177,0.44630265760561777,1.0,4.1,11.039999999999992,41.0,0.029940515463053874,153,92746.22787479253,72301.08972750141,165047.31760229394,6239.5999999999985
993,995,447,100.71550076214113,7.426130653266331,7.2766834170854295,13.70339698492463,50.708040201005026,21.079999999999977,146.46535191056503,166.8251256281407,3877.7491093569183,32.0,9.899999999999997,15.620000000000013,58.5,2226.0519553634335,178,0.44630265760561777,1.0,4.1,11.039999999999992,41.0,0.4434693568596286,154,100211.92325833043,65470.01230402257,165681.935562353,5936.399999999999
994,988,464,97.79286536227067,7.357287449392713,7.259311740890688,13.68099190283402,50.797570850202426,21.154554655870427,150.80620017736913,166.92914979757086,3877.7491093569183,32.0,9.899999999999997,15.620000000000013,58.5,2384.771372202448,178,0.39867451281633104,1.0,4.1,11.039999999999992,41.0,0.0014103469016606418,154,96619.35097792343,69974.07688229928,166593.4278602227,6218.599999999999
995,973,452,102.18467566198514,7.3895169578622815,7.2388489208633064,13.693381294964018,50.78417266187051,21.33401849948614,149.45519048641066,166.9907502569373,3877.7491093569183,32.0,9.899999999999997,15.560000000000013,58.5,2747.5439420156263,179,0.39867451281633104,1.0,4.1,11.039999999999992,41.0,0.37927048133885677,154,99425.68941911154,67553.74609985761,166979.43551896914,6036.999999999999
996,945,469,92.25566051683077,7.131216931216931,7.2572486772486755,13.704402116402093,50.7005291005291,21.268783068783087,167.5201554318266,167.27407407407406,2305.009739200697,32.0,9.799999999999997,15.560000000000013,58.5,3877.7491093569183,179,0.2594991396076158,1.0,4.1,11.099999999999993,40.5,0.191126551015933,154,87181.59918840507,78566.95289752667,165748.55208593176,6826.499999999999
997,960,494,89.42496981158878,7.142708333333333,7.229479166666654,13.677520833333308,50.6125,21.30520833333334,165.43056990989112,167.371875,2414.156945560667,32.0,9.799999999999997,15.560000000000013,58.5,3876.7491093569183,179,0.39867451281633104,1.0,4.199999999999999,11.099999999999993,40.5,1.0,155,85847.97101912522,81722.70153548621,167570.67255461143,5998.299999999999
998,956,495,91.9153318523366,7.118200836820083,7.219979079497906,13.650606694560647,50.65794979079498,21.723640167364007,163.32857811538278,167.43933054393307,3562.417070989301,32.0,9.799999999999997,15.560000000000013,58.5,3875.7491093569183,179,0.3991310732894279,1.0,4.199999999999999,11.099999999999993,40.5,0.02803579287715774,155,87871.0572508338,80847.64616711448,168718.70341794827,6213.9
999,911,492,89.32470496119323,7.139407244785949,7.190340285400657,13.621536772777173,50.695389681668495,21.698572996706908,176.27036133490935,167.50054884742042,2542.7446615863473,32.0,9.799999999999997,15.560000000000013,58.5,3874.7491093569183,179,0.4172146534408263,1.0,4.199999999999999,11.099999999999993,40.5,0.05607158575431548,155,81374.80621964704,86725.0177767754,168099.82399642246,6629.5999999999985
1000,934,543,86.25908715955708,7.3286937901498925,7.144753747323343,13.602955032119912,50.738758029978584,20.98929336188436,162.34265596220015,167.4882226980728,2348.441430201133,32.0,9.799999999999997,15.560000000000013,58.5,3873.7491093569183,179,0.44198826696141447,1.0,4.199999999999999,11.099999999999993,40.5,0.08149598531621072,155,80565.98740702632,88152.06218747469,168718.049594501,5647.999999999999
1001,897,476,99.85261398684385,7.237458193979933,7.15027870680045,13.610791527313257,50.62709030100334,21.542920847268643,165.9400346703421,167.66778149386846,3910.1997840409076,32.0,9.799999999999997,15.560000000000013,58.5,3560.417070989301,179,0.44198826696141447,1.0,4.199999999999999,11.099999999999993,40.5,0.43614711820554586,155,89567.79474619894,78987.45650308284,168555.25124928178,5666.299999999999
