Turn,#animals,#food,avgAE,avgET,avgH,avgV,avgML,avgL,avgFE,avgGen,maxAE,maxET,maxH,maxV,maxML,maxFE,maxGen,minAE,minET,minH,minV,minML,minFE,minGen,totalAE,totalFE,totalE,totalCombat
0,100,600,12.5125,50.05,5.21,11.92,23.5,0.0,48.99333333333333,0.0,24.5,98.0,9.0,14.0,48.0,99.0,0,0.25,1.0,1.0,10.0,1.0,1.0,0,1251.25,29396.0,30647.25,0.0
1,97,1132,49.93814432989691,49.81443298969072,5.247422680412371,11.927835051546392,23.969072164948454,1.6185567010309279,48.28202296819788,0.0,115.25,98.0,9.0,14.0,48.0,99.0,0,0.5,1.0,1.0,10.0,2.0,0.25,0,4844.0,54655.25,59499.25,84.0
2,118,1129,47.521186440677965,46.71186440677966,5.303389830508475,11.966610169491524,25.847457627118644,2.983050847457627,48.33193091231178,0.23728813559322035,157.0,98.0,9.0,14.06,48.0,179.0,1,0.5,1.0,0.9,9.94,3.0,1.0,0,5607.5,54566.75,60174.25,181.0
3,140,1139,50.97377232142857,45.17142857142857,5.257142857142857,11.992857142857142,26.392857142857142,3.5214285714285714,48.06752085162423,0.45,167.5,98.0,9.0,14.120000000000001,48.0,178.0,2,0.5,1.0,0.9,9.94,3.0,0.5,0,7136.328125,54748.90625,61885.234375,165.0
4,163,1172,52.52358128834356,43.11042944785276,5.46319018404908,11.962085889570552,27.3159509202454,3.6484662576687112,47.59370333831058,0.6319018404907976,164.0,99.0,9.1,14.120000000000001,48.5,177.0,2,1.703125,1.0,0.9,9.94,3.0,1.0,0,8561.34375,55779.8203125,64341.1640625,225.4
5,193,1202,57.78438714378238,42.6839378238342,5.460621761658029,11.982901554404144,26.94559585492228,3.8647668393782384,46.658544353161396,0.844559585492228,189.75,99.0,9.1,14.120000000000001,48.5,228.625,3,0.58203125,1.0,0.9,9.879999999999999,3.5,0.1640625,0,11152.38671875,56083.5703125,67235.95703125,222.2
6,227,1241,60.96042125550661,42.12334801762115,5.5453744493392065,11.914449339207048,27.803964757709252,4.326872246696036,46.22005628021757,1.026431718061674,233.875,99.0,9.1,14.120000000000001,48.5,227.625,3,0.58203125,1.0,0.9,9.879999999999999,3.5,0.75,0,13838.015625,57359.08984375,71197.10546875,306.0
7,248,1193,65.41860666582662,41.854838709677416,5.447580645161288,11.97435483870968,27.566532258064516,5.181048387096776,46.18320083298407,1.1774193548387097,249.0,99.0,9.1,14.120000000000001,48.5,226.625,4,0.58203125,1.0,0.9,9.879999999999999,3.5,1.0,0,16223.814453125,55096.55859375,71320.373046875,478.2
8,281,1192,64.21113211743773,42.08540925266904,5.419572953736655,11.930249110320286,28.585409252669038,5.933096085409253,46.16985961094799,1.3238434163701067,249.0,99.0,9.2,14.120000000000001,48.5,225.625,4,0.58203125,1.0,0.9,9.879999999999999,3.5,0.09375,0,18043.328125,55034.47265625,73077.80078125,616.4
9,312,1099,66.24918776292067,41.28846153846154,5.464423076923077,11.934743589743588,28.330128205128204,6.466346153846154,46.562020160373066,1.4967948717948718,374.625,99.0,9.2,14.120000000000001,48.5,172.0,4,0.58203125,1.0,0.8,9.879999999999999,3.0,1.0,0,20669.74658203125,51171.66015625,71841.40673828125,565.1
10,358,1135,57.60996557480796,39.40502793296089,5.460335195530722,11.927486033519555,28.818435754189945,6.70391061452514,47.7981484030837,1.7094972067039107,374.625,99.0,9.299999999999999,14.120000000000001,48.5,249.0,4,0.58203125,1.0,0.8,9.879999999999999,3.0,0.5,0,20624.36767578125,54250.8984375,74875.26611328125,850.4
11,371,1009,65.53472719423854,40.55795148247979,5.5010781671159,11.862911051212942,29.41644204851752,7.915363881401617,48.349864887884046,1.8274932614555257,247.0625,99.0,9.299999999999999,14.120000000000001,48.5,374.625,4,0.58203125,1.0,0.8,9.879999999999999,3.0,0.39453125,0,24313.3837890625,48785.013671875,73098.3974609375,999.0
12,411,947,56.192082834359795,40.48905109489051,5.552798053527974,11.876642335766427,29.85036496350365,8.035279805352799,49.693336688225976,2.034063260340633,247.0625,99.0,9.299999999999999,14.180000000000001,48.5,373.625,5,0.513916015625,1.0,0.8,9.879999999999999,4.5,0.09375,0,23094.946044921875,47059.58984375,70154.53588867188,1440.6
13,447,872,55.9562562264052,40.13646532438479,5.54407158836689,11.84183445190156,30.229306487695748,8.411409395973152,50.55068157790998,2.21923937360179,247.0625,99.0,9.299999999999999,14.180000000000001,48.5,372.625,5,0.513916015625,1.0,0.8,9.819999999999999,4.5,0.328125,0,25012.446533203125,44080.1943359375,69092.64086914062,1197.2
14,479,787,55.39693914425398,38.82045929018789,5.614405010438419,11.89365344467641,30.572025052192068,9.485177453027141,51.228844765029386,2.4279749478079333,297.359375,99.0,9.299999999999999,14.180000000000001,48.5,371.625,6,1.47265625,1.0,0.8,9.819999999999999,5.5,0.513916015625,0,26535.133850097656,40317.100830078125,66852.23468017578,1746.2
15,529,708,52.44997257456212,38.459357277882795,5.666729678638943,11.978449905482044,30.974480151228732,9.98487712665407,51.45003237966764,2.6294896030245747,297.359375,99.0,9.299999999999999,14.180000000000001,48.5,370.625,7,0.96630859375,1.0,0.8,9.759999999999998,6.5,0.265625,0,27746.03549194336,36426.62292480469,64172.65841674805,1722.9
16,555,645,50.30941854940878,38.27207207207207,5.71045045045045,11.987351351351354,31.16936936936937,10.257657657657667,52.6261945147847,2.8,297.359375,99.0,9.299999999999999,14.240000000000002,48.5,369.625,7,1.2296142578125,1.0,0.8,9.759999999999998,6.5,0.47265625,0,27921.727294921875,33943.89546203613,61865.62275695801,1958.3
17,594,607,45.54008116545501,37.68518518518518,5.742087542087542,12.023602693602694,31.753367003367003,10.23148148148148,54.20891793516558,2.994949494949495,232.327880859375,100.0,9.299999999999999,14.240000000000002,48.5,368.625,7,0.533203125,1.0,0.8,9.759999999999998,7.0,1.0,0,27050.808212280273,32904.81318664551,59955.62139892578,2133.3
18,611,553,46.68924122512243,36.9607201309329,5.763175122749593,12.007397708674317,32.19885433715221,10.850736497545014,54.68320764469195,3.104746317512275,226.81201171875,100.0,9.299999999999999,14.240000000000002,48.5,367.625,7,0.533203125,1.0,0.8,9.759999999999998,6.5,1.0,0,28527.126388549805,30239.81382751465,58766.94021606445,2464.8
19,636,508,46.453094074561164,37.73270440251572,5.812735849056606,12.0069496855346,32.98899371069182,11.372641509433956,55.25140754819855,3.268867924528302,390.312255859375,100.0,9.299999999999999,14.240000000000002,48.5,245.0625,7,0.61480712890625,1.0,0.8,9.879999999999999,7.0,0.459228515625,0,29544.1678314209,28067.715034484863,57611.88286590576,2385.1
20,637,479,45.9258448063298,37.56043956043956,5.8640502354788095,12.041852433281013,33.358712715855575,11.300784929356361,57.183062814222744,3.4411302982731553,390.312255859375,100.0,9.299999999999999,14.180000000000001,49.0,244.0625,7,1.185394287109375,1.0,0.7000000000000001,9.879999999999999,7.0,0.74658203125,0,29254.76314163208,27390.687088012695,56645.450229644775,2582.6
21,645,452,45.78677566587463,37.035658914728685,5.86744186046512,12.041891472868222,33.94186046511628,11.825891472868218,58.41384682613136,3.6,390.312255859375,100.0,9.299999999999999,14.180000000000001,49.0,282.124267578125,7,1.3477783203125,1.0,0.7000000000000001,9.879999999999999,7.0,0.5625,0,29532.470304489136,26403.058765411377,55935.52906990051,2495.8
22,673,403,45.58079693186336,36.95839524517088,5.890638930163447,12.03943536404161,33.843982169390785,12.424368499257051,59.745239806826,3.8068350668647843,247.220703125,101.0,9.299999999999999,14.180000000000001,49.0,412.312255859375,7,0.5711822509765625,1.0,0.7000000000000001,9.879999999999999,7.0,0.098876953125,0,30675.876335144043,24077.33164215088,54753.20797729492,2662.1
23,698,379,45.129225183694615,37.4756446991404,5.960601719197712,11.989169054441271,34.17191977077364,13.077220630372487,59.06787201974512,3.997134670487106,291.89447021484375,101.0,9.299999999999999,14.180000000000001,49.0,411.312255859375,7,0.5711822509765625,1.0,0.7000000000000001,9.879999999999999,7.0,0.5003662109375,1,31500.19917821884,22386.7234954834,53886.92267370224,3040.9
24,698,367,45.66114771605221,38.3810888252149,6.0517191977077385,12.009541547277937,34.67621776504298,14.055873925501427,58.76577235957257,4.114613180515759,268.0888671875,101.0,9.299999999999999,14.180000000000001,49.0,410.312255859375,8,0.5711822509765625,1.0,0.7000000000000001,9.879999999999999,7.5,1.0,1,31871.481105804443,21567.038455963135,53438.51956176758,3346.4
25,679,400,44.198082884035685,37.62150220913107,6.081885125184095,11.986715758468337,34.72827687776142,13.924447717231205,56.733314744234086,4.3343151693667155,416.86285400390625,101.0,9.299999999999999,14.180000000000001,49.0,278.124267578125,8,0.327997088432312,1.0,0.7000000000000001,9.879999999999999,7.5,0.51611328125,1,30010.49827826023,22693.325897693634,52703.824175953865,3702.5
26,675,388,45.62246540228526,37.65481481481481,6.093333333333336,11.991614814814808,35.5,13.74103703703704,55.82865379213058,4.474074074074074,290.2931022644043,101.0,9.299999999999999,14.120000000000001,49.0,416.86285400390625,8,0.327997088432312,1.0,0.7000000000000001,9.879999999999999,7.5,0.27801513671875,1,30795.16414654255,21661.517671346664,52456.68181788921,2687.5
27,688,373,45.34151443466544,37.95494186046512,6.072093023255812,11.965058139534877,36.09229651162791,13.550581395348836,54.779989100972706,4.627906976744186,290.2931022644043,101.0,9.299999999999999,14.120000000000001,49.0,415.86285400390625,9,0.3807373046875,1.0,0.6000000000000001,9.879999999999999,12.5,0.327997088432312,1,31194.961931049824,20432.93593466282,51627.89786571264,2784.2
28,711,344,45.89032404940004,37.50070323488045,6.131645569620259,11.946526019690548,36.19620253164557,13.920253164556959,53.128643410150396,4.828410689170183,304.8304138183594,101.0,9.299999999999999,14.120000000000001,49.5,414.86285400390625,9,0.28103968501091003,1.0,0.6000000000000001,9.879999999999999,13.0,0.483489990234375,1,32628.02039912343,18276.253333091736,50904.273732215166,2886.1
29,702,351,43.31336503707276,36.44729344729345,6.220655270655274,11.934871794871793,36.35470085470085,14.315527065527077,56.890549394140216,5.024216524216524,314.64952087402344,97.0,9.299999999999999,14.120000000000001,49.5,413.86285400390625,10,0.28103968501091003,1.0,0.6000000000000001,9.94,13.5,0.31198835372924805,1,30405.982256025076,19968.582837343216,50374.56509336829,3637.7
30,678,376,42.39541554543297,36.299410029498524,6.371386430678466,11.953923303834804,36.78687315634218,14.594542772861343,57.409375060587486,5.231563421828908,275.5659484863281,97.0,9.299999999999999,14.120000000000001,49.5,412.86285400390625,10,0.28103968501091003,1.0,0.7000000000000001,9.94,14.0,0.170654296875,1,28744.091739803553,21585.925022780895,50330.01676258445,3783.8
31,673,381,41.1114529594779,35.40416047548291,6.391084695393758,11.943417533432385,36.812035661218424,14.496879643387805,58.666869811342146,5.421991084695394,340.7935600280762,97.0,9.2,14.120000000000001,49.5,411.86285400390625,10,0.4632294178009033,1.0,0.7000000000000001,9.94,14.0,0.6499300003051758,2,27668.007841728628,22352.077398121357,50020.085239849985,3310.4
32,695,359,41.785325603648054,35.46187050359712,6.409208633093526,11.942014388489204,36.86546762589928,14.343741007194245,56.87127591073928,5.601438848920863,269.010929107666,97.0,9.2,14.120000000000001,49.5,410.86285400390625,10,0.9264588356018066,1.0,0.7000000000000001,10.0,15.5,1.0,2,29040.8012945354,20416.788051955402,49457.5893464908,2968.7
33,687,374,40.793746674213736,35.23580786026201,6.462882096069866,11.981834061135375,36.80058224163027,14.6197962154294,57.056294455636234,5.771470160116448,384.42754220962524,87.0,9.299999999999999,14.120000000000001,49.5,409.86285400390625,10,0.9264588356018066,1.0,0.7000000000000001,10.0,15.5,0.8473281860351562,2,28025.303965184838,21339.05412640795,49364.35809159279,3364.0
34,673,374,44.12323282318353,35.59286775631501,6.470579494799403,11.996671619613657,37.034175334323926,14.596879643387807,52.131813315246355,5.904903417533433,384.42754220962524,87.0,9.299999999999999,14.120000000000001,49.5,408.86285400390625,11,0.9264588356018066,1.0,0.7000000000000001,9.94,15.5,0.30746135115623474,2,29694.935690002516,19497.298179902136,49192.23386990465,3288.2
35,666,378,42.593654131516814,35.728228228228225,6.4990990990991016,11.98357357357357,37.448948948948946,14.312162162162158,54.10849887091253,6.075075075075075,419.2864284515381,87.0,9.299999999999999,14.180000000000001,49.5,384.42754220962524,11,0.9264588356018066,1.0,0.7000000000000001,9.94,16.0,0.4227283000946045,2,28367.3736515902,20453.012573204935,48820.38622479513,3202.4
36,664,339,42.82782544597776,35.82680722891566,6.556626506024099,11.931867469879524,38.16867469879518,14.128463855421675,54.400200065697895,6.227409638554217,419.2864284515381,87.0,9.299999999999999,14.180000000000001,50.0,383.42754220962524,11,0.3005321994423866,1.0,0.7000000000000001,9.94,16.0,0.2994714751839638,2,28437.67609612923,18441.667822271585,46879.34391840082,2882.9
37,704,896,42.16153819911878,35.30255681818182,6.6113636363636425,11.92440340909091,38.11860795454545,13.912073863636364,50.33828089837334,6.421875,419.2864284515381,86.0,9.299999999999999,14.180000000000001,50.0,270.1223258972168,11,0.6010643988847733,1.0,0.7000000000000001,9.94,16.0,0.6463409662246704,2,29681.72289217962,45103.099684942514,74784.82257712213,2750.8
38,627,656,63.925767896192646,35.91547049441786,6.609250398724087,11.889409888357248,38.31020733652313,16.643859649122806,51.536667296522374,6.4529505582137165,419.2864284515381,86.0,9.299999999999999,14.180000000000001,50.0,249.60270309448242,11,0.6010643988847733,1.0,0.7000000000000001,9.94,16.0,0.7058353424072266,3,40081.45647091279,33808.05374651868,73889.51021743147,3318.7
39,694,906,48.93355353666846,36.2492795389049,6.664409221902017,11.894034582132564,38.4963976945245,14.960518731988474,53.5468952174208,6.707492795389049,377.7577838897705,83.0,9.299999999999999,14.180000000000001,50.0,419.2864284515381,11,0.6010643988847733,1.0,0.7000000000000001,10.06,16.0,0.6270183324813843,3,33959.886154447915,48513.487066983245,82473.37322143116,3734.4
40,612,654,73.94417186032904,36.48039215686274,6.6517973856209185,11.890751633986932,38.5,16.292483660130724,55.5258608938491,6.769607843137255,377.7577838897705,83.0,9.299999999999999,14.180000000000001,50.0,418.2864284515381,11,0.6010643988847733,1.0,0.7000000000000001,10.06,16.0,1.0,3,45253.83317852137,36313.91302457731,81567.74620309868,2622.0
41,728,872,51.38182608312035,37.03846153846154,6.713186813186813,11.909587912087902,38.76717032967033,13.769505494505498,56.08637218987046,7.008241758241758,293.1965775489807,83.0,9.299999999999999,14.180000000000001,50.0,417.2864284515381,11,1.9926024675369263,1.0,0.7000000000000001,10.06,15.5,0.6010643988847733,3,37405.969388511614,48907.31654956704,86313.28593807865,3317.2
42,662,588,75.7192235068716,37.487915407854985,6.712839879154074,11.905528700906341,39.01359516616314,15.097885196374616,60.060478981189526,7.030211480362538,403.32409041561186,83.0,9.299999999999999,14.180000000000001,50.0,416.2864284515381,11,2.7271856954321265,1.0,3.4999999999999996,10.06,15.5,0.9238358261063695,4,50126.125961549,35315.56164093944,85441.68760248844,2190.3
43,791,809,51.70835203331286,37.127686472819214,6.723008849557523,11.913198482933003,38.85524652338812,13.149557522123892,61.11874662436216,7.342604298356511,322.60806262120605,83.0,9.299999999999999,14.120000000000001,50.0,415.2864284515381,12,1.3635928477160633,1.0,3.4999999999999996,10.06,15.5,1.0,4,40901.306458350475,49445.066019108985,90346.37247745946,3762.1
44,737,504,75.09510725214751,37.130257801899596,6.710854816824965,11.91031207598372,38.865671641791046,15.17910447761194,67.84182228695782,7.377204884667571,352.461963146925,82.0,9.299999999999999,14.120000000000001,50.0,414.2864284515381,12,4.728108483599499,1.0,3.4999999999999996,10.06,15.5,0.2337094247341156,4,55345.09404483272,34192.27843262674,89537.37247745946,2616.9
45,868,732,53.52411136960851,35.99884792626728,6.7221198156682,11.947073732718895,38.71658986175115,13.41785714285715,66.69410020360199,7.717741935483871,413.1113626360893,82.0,9.299999999999999,14.120000000000001,50.0,413.2864284515381,13,1.1820271208998747,1.0,3.4999999999999996,10.06,15.5,0.17160844802856445,4,46458.92866882019,48820.081349036656,95279.01001785684,4024.8
46,794,444,77.87600552961797,35.84382871536524,6.704030226700247,11.956272040302279,38.80541561712846,15.287279596977319,73.68113248729459,7.76448362720403,457.12938010692596,82.0,9.299999999999999,14.120000000000001,50.0,412.2864284515381,13,1.1820271208998747,1.0,3.4999999999999996,10.06,15.5,0.07638800633139908,5,61833.54839051667,32714.4228243588,94547.97121487546,2985.3
47,907,693,57.394196628000365,35.73649393605292,6.747739801543555,11.99206174200663,38.57221609702315,13.7316427783903,68.17188044269123,8.081587651598676,627.485628772527,83.0,9.399999999999999,14.180000000000001,49.5,411.2864284515381,13,1.1820271208998747,1.0,3.4999999999999996,10.06,15.5,1.0,5,52056.53634159633,47243.11314678502,99299.64948838134,4691.3
48,832,411,78.67448540669467,35.60576923076923,6.747836538461538,11.989302884615395,38.68149038461539,16.0122596153846,80.65566333336102,8.115384615384615,707.485628772527,83.0,9.399999999999999,14.180000000000001,49.5,413.1113626360893,13,1.1820271208998747,1.0,3.4999999999999996,10.06,15.5,2.0,5,65457.17185836997,33149.47763001138,98606.64948838134,3369.9
49,907,693,58.103860237111704,36.266813671444325,6.761631753031971,11.948621830209493,38.84785005512679,14.263947078280042,73.17159949552439,8.392502756339582,707.485628772527,83.0,9.399999999999999,14.180000000000001,49.5,412.1113626360893,14,2.0711839425384824,1.0,3.4999999999999996,10.120000000000001,15.5,1.0,5,52700.20123506032,50707.9184503984,103408.11968545872,5328.1
50,829,408,83.8708861128936,36.20265379975874,6.749939686369119,11.963691194209884,38.79915560916767,16.34077201447527,81.33861543595569,8.437876960193003,771.1459910161793,83.0,9.399999999999999,14.180000000000001,49.5,457.12938010692596,14,2.0711839425384824,1.0,3.4999999999999996,10.120000000000001,15.5,1.0,5,69528.9645875888,33186.15509786992,102715.11968545872,3380.9
51,908,692,60.84703930372617,36.08370044052864,6.726651982378849,11.970792951541855,38.72907488986784,15.37544052863436,76.079177654806,8.71806167400881,482.432657122612,83.0,9.399999999999999,14.180000000000001,49.5,468.1062300056219,14,2.0711839425384824,2.0,3.3999999999999995,10.120000000000001,15.0,1.0,5,55249.11168778336,52646.790937125756,107895.90262490913,5704.6
52,808,452,84.3551871349874,36.48019801980198,6.736509900990106,11.959034653465347,38.99628712871287,17.355321782178237,86.382547389025,8.761138613861386,607.1934512853622,83.0,9.399999999999999,14.180000000000001,49.5,482.432657122612,14,2.0711839425384824,2.0,3.3999999999999995,10.120000000000001,15.0,1.0,5,68158.99120506982,39044.9114198393,107203.90262490913,3583.9
53,862,738,59.383184269857246,36.50580046403712,6.840371229698372,11.923085846867767,39.001160092807424,15.211252900232017,82.26009784116586,9.117169373549883,462.81985799223185,83.0,9.399999999999999,14.240000000000002,49.5,607.1934512853622,14,2.7551189728546888,2.0,3.3999999999999995,10.120000000000001,15.0,1.0,5,51188.30484061695,60707.9522067804,111896.25704739735,5290.9
54,775,456,88.98931203857892,36.744516129032256,6.824645161290321,11.891200000000005,39.28967741935484,16.953290322580628,92.52530749451465,9.140645161290323,524.0461927652359,79.0,9.399999999999999,14.240000000000002,49.5,606.1934512853622,14,2.7551189728546888,2.0,3.3999999999999995,10.639999999999997,15.0,0.3303879536688328,5,68966.71682989867,42191.54021749868,111158.25704739735,3090.6
55,864,736,66.13872272965753,36.820601851851855,6.839930555555555,11.932638888888878,39.11516203703704,14.955439814814795,83.02438160760227,9.421296296296296,526.6723840981722,79.0,9.399999999999999,14.180000000000001,49.5,605.1934512853622,15,2.954711377487911,1.0,3.3999999999999995,10.639999999999997,15.0,1.0,5,57143.85643842411,61105.94486319527,118249.80130161939,4493.3
56,763,494,93.9749799459485,36.76277850589777,6.853604193971164,11.929960681520306,39.253604193971164,16.369855832241146,92.73459838635765,9.492791612057667,581.4419676177204,79.0,9.399999999999999,14.180000000000001,49.5,604.1934512853622,15,2.954711377487911,1.0,3.3999999999999995,10.639999999999997,15.0,1.0,6,71702.90969875871,45810.891602860676,117513.80130161939,3198.5
57,872,726,68.41825204768377,36.82224770642202,6.877637614678901,11.94685779816515,39.03268348623853,14.322821100917439,85.79198403151841,9.795871559633028,647.6852626836626,79.0,9.499999999999998,14.180000000000001,50.0,599.9802884310484,16,2.5359723305300577,1.0,3.3999999999999995,10.639999999999997,15.0,1.0,6,59660.71578558024,62284.980406882365,121945.69619246261,4485.6
58,794,433,101.79030690801919,37.14609571788413,6.875944584382878,11.940176322418129,39.15302267002519,16.208060453400496,93.23403856199077,9.816120906801007,839.1331960467505,79.0,9.499999999999998,14.180000000000001,50.0,777.67674148269,16,2.8055416160559616,1.0,3.3999999999999995,10.639999999999997,15.0,1.0,6,80821.50368496723,40370.338697342006,121191.84238230923,3117.4
59,884,716,73.85705663047757,37.289592760180994,6.884389140271486,11.954185520361984,39.27319004524887,14.701696832579195,85.84465418304508,10.06447963800905,839.1331960467505,79.0,9.499999999999998,14.180000000000001,50.0,776.67674148269,17,2.8055416160559616,1.0,3.3999999999999995,10.639999999999997,14.5,1.0,6,65289.63806134218,61464.77239506028,126754.41045640246,4994.1
60,784,480,99.54706991759244,37.70918367346939,6.880357142857148,11.921964285714282,39.39413265306123,15.668750000000015,99.98647425210416,10.127551020408163,705.475790524586,79.0,9.499999999999998,14.180000000000001,50.0,839.1331960467505,17,2.8055416160559616,1.0,3.3999999999999995,10.639999999999997,14.5,0.5359723305300577,6,78044.90281539247,47993.507641009994,126038.41045640246,2985.8
61,886,714,71.23617576717388,37.75733634311512,6.9371331828442475,11.920022573363408,39.395033860045146,13.581715575620764,93.0180302637422,10.437923250564333,874.3117516981438,79.0,9.499999999999998,14.180000000000001,50.0,838.1331960467505,17,1.5596694610929944,3.0,3.3999999999999995,10.639999999999997,14.5,0.8693060390651226,6,63115.25172971606,66414.87360831193,129530.12533802798,4502.0
62,825,409,106.00830528327144,38.04727272727273,6.931030303030304,11.91522424242425,39.554545454545455,15.422909090909094,101.12323758750594,10.421818181818182,874.3117516981438,79.0,9.499999999999998,14.180000000000001,50.0,837.1331960467505,16,2.8055416160559616,3.0,3.3999999999999995,10.639999999999997,15.0,0.1108194337994064,6,87456.85185869894,41359.40417328993,128816.25603198886,2599.5
63,944,656,73.23554776596423,38.09957627118644,6.905720338983058,11.912330508474575,39.735169491525426,14.439830508474579,94.29745373066491,10.68114406779661,749.6467602174671,69.0,9.499999999999998,14.180000000000001,50.0,874.3117516981438,17,2.8055416160559616,3.0,3.3999999999999995,10.639999999999997,15.0,1.0,6,69134.35709107023,61859.129647316186,130993.48673838642,5112.4
64,862,380,105.22623770409666,38.11368909512761,6.885614849187935,11.913573085846881,39.98491879350348,16.709048723897908,104.29597325646081,10.678654292343387,950.8644750462845,69.0,9.499999999999998,14.180000000000001,50.0,642.6852626836626,17,2.8055416160559616,3.0,3.3999999999999995,10.639999999999997,15.0,2.3133124058258545,6,90705.01690093132,39632.46983745511,130337.48673838643,3499.0
65,931,669,76.37887192506213,38.38345864661654,6.913963480128892,11.901890440386673,40.204081632653065,15.249731471535966,93.66186510464671,10.950590762620838,950.8644750462845,69.0,9.499999999999998,14.240000000000002,50.0,702.5750552709214,17,2.0607211560262613,3.0,3.3999999999999995,10.639999999999997,15.5,1.3133124058258545,7,71108.72976223285,62659.78775500865,133768.5175172415,5698.5
66,830,433,108.17323953044267,38.49518072289157,6.897108433734939,11.8784578313253,40.44698795180723,17.068313253012022,100.03632495836965,10.967469879518072,1013.0928891215499,58.0,9.499999999999998,14.240000000000002,50.0,748.7441772841848,17,4.50969365912961,3.0,3.3999999999999995,10.639999999999997,15.5,0.3133124058258545,7,89783.78881026742,43315.728706974056,133099.51751724147,3750.2999999999997
67,902,698,77.8860956944451,38.59090909090909,6.945898004434592,11.865631929046566,40.31707317073171,15.625609756097537,94.93259684319108,11.260532150776053,900.5642238790169,58.0,9.499999999999998,14.240000000000002,50.5,950.8644750462845,18,2.401802890065653,4.0,3.3999999999999995,10.639999999999997,18.0,1.0,7,70253.25831638949,66262.95259654737,136516.21091293686,5614.8
68,820,433,110.22127560193843,38.667073170731705,6.928170731707318,11.850195121951225,40.41463414634146,17.677804878048757,104.93479196154115,11.264634146341463,1036.7064313617302,58.0,9.499999999999998,14.240000000000002,50.5,942.6330384450266,18,4.964302890065653,4.0,3.3999999999999995,10.639999999999997,18.0,1.0,7,90381.44599358951,45436.76491934732,135818.21091293683,3392.9
69,932,668,82.01386955260129,38.33047210300429,6.935085836909866,11.860450643776831,40.47961373390558,15.637660944205994,92.3995875394688,11.533261802575108,900.5642238790169,59.0,9.499999999999998,14.240000000000002,50.5,941.6330384450266,19,2.6331287449931153,3.0,3.3999999999999995,10.579999999999997,18.0,1.0,7,76436.9264230244,61722.92447636516,138159.85089938957,4942.1
70,835,426,108.47584286151154,38.01676646706587,6.898562874251497,11.862035928143714,40.56347305389222,17.33305389221556,110.12798617377325,11.568862275449101,838.1555628109054,59.0,9.499999999999998,14.240000000000002,50.5,940.6330384450266,19,2.683536849046817,3.0,3.3999999999999995,10.579999999999997,18.0,1.0,8,90577.32878936213,46914.52211002741,137491.85089938954,3539.4
71,917,683,81.55038840960701,37.6423118865867,6.886041439476555,11.89592148309708,40.604143947655395,15.473827699018532,98.77967197065274,11.877862595419847,1221.4289713281032,59.0,9.499999999999998,14.180000000000001,50.5,939.6330384450266,19,1.969191839305811,3.0,3.3999999999999995,10.579999999999997,27.5,1.0,8,74781.70617160962,67466.51595595582,142248.22212756544,4988.0
72,822,426,113.16242146407534,37.728710462287104,6.874695863746954,11.902579075425786,40.60523114355231,16.876155717761566,113.95706968097518,11.924574209245742,1221.4289713281032,59.0,9.499999999999998,14.180000000000001,50.5,938.6330384450266,19,1.969191839305811,3.0,3.3999999999999995,10.579999999999997,27.5,1.0,8,93019.51044346993,48545.711684095426,141565.22212756536,3337.2999999999997
73,939,661,83.93106746567246,38.08945686900959,6.953354632587859,11.915825346112873,40.46592119275825,14.838019169329089,102.09857305543397,12.228966986155484,954.0874666450418,59.0,9.499999999999998,14.180000000000001,51.0,1221.4289713281032,19,1.969191839305811,2.0,3.3999999999999995,10.579999999999997,27.5,1.0,8,78811.27235026643,67487.15678964186,146298.4291399083,4500.6
74,862,379,115.01953037470373,38.206496519721576,6.9541763341067275,11.912227378190247,40.511600928074245,16.819605568445496,122.66647482035242,12.278422273781903,1091.0439315493568,58.0,9.499999999999998,14.180000000000001,51.0,1220.4289713281032,19,1.969191839305811,2.0,3.3999999999999995,10.579999999999997,27.5,1.0,8,99146.83518299462,46490.593956913566,145637.42913990817,3288.8
75,954,646,80.24818335941407,38.363731656184484,6.971488469601668,11.915681341719088,40.38312368972746,15.38763102725366,113.40143763728639,12.538784067085954,1252.393248568328,58.0,9.499999999999998,14.180000000000001,51.0,1052.157133574944,20,1.9794587029691233,2.0,3.3999999999999995,10.519999999999996,27.5,1.0,9,76556.76692488103,73257.328713687,149814.09563856805,5350.0
76,861,396,113.16075822072597,38.60743321718932,6.980023228803718,11.900348432055765,40.38385598141696,17.469337979094092,130.6481889154619,12.591173054587689,1252.393248568328,57.0,9.499999999999998,14.180000000000001,51.0,1194.1440312153627,20,1.9794587029691233,2.0,3.3999999999999995,10.519999999999996,30.5,1.0,9,97431.41282804505,51736.682810522914,149168.09563856796,3768.4
77,950,650,87.2516250369369,38.44,6.947157894736837,11.897242105263146,40.29,15.442315789473671,106.29552122904197,12.802105263157895,1252.393248568328,57.0,9.499999999999998,14.180000000000001,51.0,1193.1440312153627,20,1.9794587029691233,3.0,3.3999999999999995,10.519999999999996,30.5,1.0,9,82889.04378509005,69092.08879887727,151981.13258396732,5435.0
78,863,372,123.19809855112732,38.59907300115875,6.96002317497103,11.88558516801854,40.28736964078795,17.01691772885283,120.99777831813014,12.853997682502897,2239.48071521337,57.0,9.499999999999998,14.180000000000001,51.0,1192.1440312153627,20,5.571304840816026,3.0,3.3999999999999995,10.519999999999996,30.5,1.0,9,106319.95904962288,45011.173534344416,151331.1325839673,3253.9
79,970,630,86.00116825738276,38.45154639175258,6.948969072164952,11.890742268041244,40.47371134020619,15.071958762886586,113.82987290895511,13.103092783505154,2239.48071521337,58.0,9.499999999999998,14.180000000000001,51.0,1191.1440312153627,21,1.4068246105203983,3.0,3.3999999999999995,10.519999999999996,30.5,1.0,9,83421.13320966128,71712.81993264172,155133.95314230298,4895.4
80,874,372,119.81342791990365,38.45537757437071,6.916247139588099,11.865469107551487,40.61899313501144,16.90594965675058,133.83606758147045,13.115560640732266,2239.48071521337,58.0,9.499999999999998,14.06,51.0,1190.1440312153627,21,1.4068246105203983,3.0,3.3999999999999995,10.519999999999996,31.0,1.0,9,104716.93600199578,49787.017140307005,154503.95314230278,3712.4
81,965,635,86.45144259761203,38.534715025906735,6.88673575129534,11.855813471502591,40.76580310880829,15.206424870466313,114.87334683305734,13.376165803108808,1108.7784749278405,58.0,9.499999999999998,14.06,51.0,2239.48071521337,21,2.926253070718538,3.0,3.3999999999999995,10.519999999999996,30.5,1.0,10,83425.64210669561,72944.57523899141,156370.21734568704,5706.8
82,863,397,121.46621484079644,38.44380069524913,6.876013904982616,11.856801853997684,40.87601390498262,16.904982618771726,128.23645828231673,13.41135573580533,1246.6077049939151,58.0,9.499999999999998,14.06,51.0,2238.48071521337,21,2.926253070718538,5.0,3.3999999999999995,10.519999999999996,30.5,0.4068246105203983,10,104825.34340760733,50909.87393807974,155735.21734568707,3832.6
83,929,671,87.96764014670087,38.52314316469322,6.868891280947251,11.848783638320768,40.9967707212056,16.435091496232506,116.1534391105302,13.671689989235738,2276.3119308632863,59.0,9.599999999999998,14.06,51.0,1159.8057132401248,22,2.926253070718538,5.0,3.3999999999999995,10.519999999999996,30.5,1.0,10,81721.93769628511,77938.95764316576,159660.89533945086,6422.2
84,825,434,120.88851328566358,38.43030303030303,6.850545454545453,11.857163636363618,41.00181818181818,17.935030303030302,136.53657114925886,13.735757575757576,2276.3119308632863,59.0,9.599999999999998,14.06,51.0,1246.4490584137877,22,7.390915550221237,5.0,3.3999999999999995,10.519999999999996,30.5,1.0,10,99733.02346067246,59256.871878778344,158989.8953394508,3630.4
85,950,650,84.94044036209002,38.310526315789474,6.886842105263167,11.889747368421057,40.72263157894737,15.794421052631554,125.90826731781875,14.036842105263158,1266.6077049939151,59.0,9.599999999999998,14.06,51.0,2276.3119308632863,23,2.610213719184424,5.0,3.3999999999999995,10.519999999999996,30.5,2.0,10,80693.41834398551,81840.3737565822,162533.79210056772,4495.2
86,856,402,123.0535714031909,38.16004672897196,6.87266355140187,11.894369158878515,40.73539719626168,17.94287383177569,140.67148004834866,14.085280373831775,1272.3580555108144,58.0,9.599999999999998,14.06,51.0,2275.3119308632863,23,2.610213719184424,5.0,3.3999999999999995,10.519999999999996,30.5,1.0,10,105333.85712113141,56549.93497943616,161883.79210056757,3900.2999999999997
87,927,673,86.80467627262284,38.38079827400216,6.858252427184462,11.874174757281551,40.792340884573896,15.976375404530742,122.52932367048719,14.36569579288026,1272.3580555108144,58.0,9.599999999999998,14.0,51.0,2274.3119308632863,23,1.5605992949490264,5.0,3.3999999999999995,10.519999999999996,30.0,1.0,11,80467.93490472138,82462.23483023788,162930.16973495926,5724.7
88,837,406,126.20223920999571,38.42054958183991,6.846833930704896,11.887335722819596,40.80227001194743,18.189844683393055,139.4726490546624,14.397849462365592,1490.3302130084662,58.0,9.599999999999998,14.0,51.0,2273.3119308632863,23,1.5605992949490264,5.0,3.3999999999999995,10.519999999999996,30.0,0.5134195069507799,11,105631.27421876641,56625.89551619294,162257.16973495935,3886.0
89,900,700,97.04754527181723,38.52111111111111,6.844111111111109,11.891977777777779,40.935,16.16455555555556,114.14299905416377,14.637777777777778,1285.3125540593278,58.0,9.699999999999998,14.06,51.5,2272.3119308632863,23,1.5605992949490264,4.0,3.2999999999999994,10.579999999999997,30.0,1.0,11,87342.79074463551,79900.09933791464,167242.89008255015,5520.0
90,801,451,125.16346111978842,38.59425717852684,6.824843945068666,11.894007490636708,40.95193508114856,17.671285892634224,146.97773331618578,14.654182272159801,1516.4851703677627,58.0,9.699999999999998,14.06,51.5,2271.3119308632863,23,7.199558899498697,4.0,3.2999999999999994,10.579999999999997,30.0,1.0,11,100255.93235695052,66286.95772559979,166542.8900825503,3502.2999999999997
91,904,696,90.94524272019115,38.57411504424779,6.874668141592919,11.904778761061953,40.80254424778761,15.447676991150447,126.56454724485955,14.962389380530974,1516.4851703677627,58.0,9.699999999999998,14.06,51.5,2270.3119308632863,24,3.132574911868628,3.0,3.2999999999999994,10.579999999999997,29.5,1.0,11,82214.4994190528,88088.92488242224,170303.42430147505,4540.0
92,810,444,130.11098816412166,38.5679012345679,6.880246913580251,11.914839506172836,40.8320987654321,16.823827160493835,144.63406281201918,15.008641975308642,2324.8590708238776,58.0,9.699999999999998,14.06,51.5,1660.9866484348881,24,4.9811856248189805,3.0,3.2999999999999994,10.579999999999997,29.5,1.0,11,105389.90041293854,64217.52388853651,169607.42430147505,3260.2
93,903,504,90.71721229307585,38.44407530454042,6.8992248062015555,11.891650055370986,40.80343300110742,14.57751937984496,155.62146170808774,15.375415282392026,1324.8703114169668,58.0,9.699999999999998,14.06,51.5,1659.9866484348881,24,1.569599735605885,3.0,3.2999999999999994,10.519999999999996,29.5,1.0,11,81917.64270064748,78433.21670087622,160350.85940152372,5348.5
94,943,346,103.60697462043966,38.635206786850475,6.925238600212086,11.879172852598106,40.73647932131495,14.681230116649006,167.96413006606556,15.528101802757158,1677.3017361478346,58.0,9.699999999999998,14.06,51.5,1514.4851703677627,24,1.569599735605885,3.0,3.2999999999999994,10.519999999999996,29.5,1.0,11,97701.3770670746,58115.58900285869,155816.9660699333,3285.9
95,999,318,95.12057764761323,38.607607607607605,6.984384384384386,11.853053053053078,40.77977977977978,15.080880880880866,171.2444093705903,15.746746746746746,1677.3017361478346,58.0,9.699999999999998,14.06,51.5,1354.381087107769,24,1.569599735605885,3.0,3.2999999999999994,10.519999999999996,29.0,1.0,12,95025.45706996562,54455.72217984771,149481.1792498133,5261.3
96,997,297,94.1142934444723,38.662988966900706,6.978134403209631,11.864674022066202,40.860581745235706,15.49077231695085,171.1325895663696,15.880641925777333,1547.7161201706974,57.0,9.699999999999998,14.06,51.5,1399.273179185928,24,1.569599735605885,3.0,3.2999999999999994,10.519999999999996,29.0,1.0,12,93831.95056413888,50826.37910121177,144658.32966535067,5465.1
97,988,272,98.5072019244962,38.705465587044536,6.9835020242914965,11.867226720647789,40.830465587044536,16.749696356275297,158.22007785940946,16.048582995951417,1547.7161201706974,57.0,9.699999999999998,14.06,51.5,1398.273179185928,25,1.3578468767248442,3.0,3.2999999999999994,10.519999999999996,29.0,1.0,12,97325.11550140225,43035.86117775937,140360.97667916163,5887.8
98,984,274,88.54077733070493,38.36788617886179,6.954369918699187,11.866097560975623,40.90955284552845,17.45802845528456,176.51759293935643,16.183943089430894,1547.7161201706974,57.0,9.699999999999998,14.06,51.5,1068.9139057892871,26,1.7700292908021482,3.0,3.2999999999999994,10.519999999999996,29.0,0.5695997356058851,12,87124.12489341365,48365.820465383666,135489.94535879733,5965.8
99,961,284,87.092657660627,38.210197710718,6.9392299687825165,11.869115504682632,40.965140478668054,17.47127991675339,166.76572020493245,16.331945889698233,1411.466571681002,57.0,9.699999999999998,14.06,51.5,939.1128208662958,26,1.7700292908021482,4.0,3.2999999999999994,10.519999999999996,29.0,3.3743068930867697,12,83696.04401186254,47361.46453820082,131057.50855006336,5482.099999999999
100,930,278,80.11836624898285,38.244086021505375,6.964516129032255,11.87290322580645,40.901612903225804,17.58,189.05333127472497,16.518279569892474,1411.466571681002,57.0,9.699999999999998,13.94,51.5,1199.6172127749287,26,1.978444611073996,3.0,3.2999999999999994,10.459999999999996,29.0,2.687153446543385,12,74510.08061155405,52556.826094373544,127066.9067059276,5225.599999999999
101,887,285,81.8995808858242,38.08455467869222,6.8989853438557,11.895625704622331,40.92277339346111,17.254114994363032,180.41962100686132,16.675310033821873,1411.466571681002,57.0,9.699999999999998,13.94,51.5,1212.7347283081992,26,1.781211077147144,3.0,3.2999999999999994,10.459999999999996,29.0,1.6871534465433848,12,72644.92824572606,51419.59198695548,124064.52023268153,4907.5
102,858,285,80.34054153662942,38.00699300699301,6.900582750582752,11.895501165501187,40.981351981351985,17.242773892773904,180.96393633150774,16.834498834498834,1419.3354284719476,57.0,9.699999999999998,13.94,51.5,1411.466571681002,26,0.890605538573572,3.0,3.2999999999999994,10.459999999999996,29.0,0.6871534465433848,13,68932.18463842804,51574.72185447971,120506.90649290774,4859.4
103,848,267,83.06948453540777,38.241745283018865,6.856603773584907,11.87275943396229,41.2688679245283,17.400471698113215,173.1323459316538,16.909198113207548,1419.3354284719476,58.0,9.599999999999998,13.94,51.5,1410.466571681002,26,1.781211077147144,3.0,3.2999999999999994,10.459999999999996,29.0,2.137547854205167,13,70442.92288602579,46226.33636375156,116669.25924977734,4376.2
104,839,277,81.90186471342729,38.626936829559,6.8563766388557825,11.840953516090572,41.56376638855781,17.198569725864125,154.24492577568608,17.03218116805721,1419.3354284719476,58.0,9.599999999999998,13.94,52.0,1409.466571681002,26,1.781211077147144,4.0,3.2999999999999994,10.399999999999995,30.0,1.1375478542051671,13,68715.6644945655,42725.844439865046,111441.50893443055,4604.5
105,798,280,75.72794223822962,38.634085213032584,6.8345864661654065,11.836390977443601,41.75250626566416,17.307518796992472,170.1179068291109,17.160401002506266,1461.6166438061737,58.0,9.699999999999998,13.94,52.0,1164.1086505379194,26,1.7037885725036577,3.0,3.2999999999999994,10.399999999999995,30.5,0.13754785420516713,13,60430.89790610724,47633.01391215105,108063.91181825829,4590.8
106,784,272,78.99139053849221,38.38265306122449,6.801275510204073,11.82288265306122,41.860969387755105,17.207270408163243,156.84694209682814,17.32908163265306,1441.4396221602085,58.0,9.699999999999998,14.0,52.0,1461.6166438061737,26,4.660677794651649,3.0,3.2999999999999994,10.399999999999995,30.5,0.4481597528254988,13,61929.25018217789,42662.368250337255,104591.61843251516,4547.4
107,779,246,86.54341049919839,38.1193838254172,6.8419768934531415,11.809679075738128,41.869062901155324,17.00783055198973,139.15088557721086,17.525032092426187,1477.0005644609466,58.0,9.699999999999998,14.0,52.5,1298.7892087786918,27,1.1651694486629123,3.0,3.2999999999999994,10.399999999999995,30.5,5.439771576236595,13,67417.31677887554,34231.11785199387,101648.43463086941,3806.2
108,773,232,81.88175720573396,37.98318240620957,6.87244501940492,11.805692108667529,41.972186287192756,16.949547218628723,147.2031205767692,17.729624838292366,1441.4396221602085,57.0,9.699999999999998,14.0,52.5,1297.7892087786918,27,1.1651694486629123,3.0,3.2999999999999994,10.399999999999995,30.0,4.439771576236595,13,63294.59832003235,34151.123973810456,97445.72229384282,3921.2
109,786,221,82.81789692179183,37.86386768447837,6.852926208651394,11.804936386768457,42.05725190839695,16.93816793893129,125.67382349431888,17.927480916030536,1320.6926473593887,57.0,9.699999999999998,14.0,52.5,1441.4396221602085,28,1.1651694486629123,3.0,3.2999999999999994,10.399999999999995,30.0,3.9237607422305203,13,65094.86698052838,27773.914992244474,92868.78197277285,4044.5
110,768,224,77.96169776416711,37.881510416666664,6.832552083333346,11.81341145833334,42.143229166666664,17.159505208333332,130.75630477953675,18.087239583333332,1320.6926473593887,57.0,9.699999999999998,14.0,52.5,1440.4396221602085,28,1.1651694486629123,3.0,3.2999999999999994,10.459999999999996,30.0,5.981832712848789,13,59874.583882880346,29289.41227061623,89163.99615349658,4391.2
111,741,229,73.62327646819347,37.46018893387314,6.795816464237518,11.832469635627538,42.09379217273954,17.655735492577605,137.49460647739488,18.261808367071524,1330.2428650958022,57.0,9.699999999999998,14.0,52.5,1439.4396221602085,28,5.183387725935167,4.0,3.1999999999999993,10.459999999999996,30.0,4.981832712848789,14,54554.847862931354,31486.264883323427,86041.11274625477,4645.5
112,708,226,74.78672391046089,37.2090395480226,6.77782485875707,11.83754237288136,42.188559322033896,17.294067796610182,134.35642864587908,18.468926553672315,1330.2428650958022,57.0,9.699999999999998,14.0,52.5,1438.4396221602085,29,1.2958469314837917,3.0,3.1999999999999993,10.459999999999996,30.0,3.9818327128487887,14,52949.00052860632,30364.552873968674,83313.553402575,4084.3999999999996
113,698,227,72.55649481360742,37.00429799426934,6.803151862464185,11.81942693409743,42.35458452722063,16.992836676217763,130.01055007974364,18.626074498567334,1459.8489395489094,57.0,9.699999999999998,14.0,52.5,1330.2428650958022,29,1.2958469314837917,2.0,3.1999999999999993,10.459999999999996,30.0,2.9818327128487887,15,50644.43337989797,29512.394868101805,80156.82824799977,3744.7
114,699,201,68.13183450638093,36.818311874105866,6.791559370529325,11.81095851216024,42.3826895565093,17.098998569384836,148.74077052740606,18.776824034334766,1459.8489395489094,57.0,9.699999999999998,14.0,52.5,1318.6926473593887,30,0.6505042383772539,2.0,3.1999999999999993,10.459999999999996,30.0,1.9818327128487887,15,47624.15231996027,29896.894876008617,77521.04719596889,3574.7999999999997
115,689,202,65.16359581280828,37.223512336719885,6.806676342525394,11.789462989840365,42.58272859216255,16.726415094339647,146.5666483390417,18.90856313497823,1459.8489395489094,57.0,9.699999999999998,14.0,52.5,1352.1436085721227,30,0.6505042383772539,2.0,3.2999999999999994,10.639999999999997,30.0,1.5916938629675834,15,44897.71751502491,29606.46296448642,74504.18047951133,3614.2999999999997
116,696,165,73.61958367229812,37.32471264367816,6.784195402298844,11.767557471264379,42.70330459770115,17.68764367816092,126.44135520629429,19.014367816091955,1423.2221993984056,57.0,9.599999999999998,14.0,52.5,1459.8489395489094,30,0.6505042383772539,2.0,3.2999999999999994,10.699999999999998,30.0,4.689068850037701,15,51239.23023591949,20862.823609038558,72102.05384495805,3128.2
117,672,928,66.42868250336085,37.504464285714285,6.786458333333332,11.749375000000018,42.9375,18.52127976190474,66.85816930559454,19.145833333333332,1470.0535982432598,57.0,9.599999999999998,14.0,52.0,1362.4933915001614,29,1.3010084767545078,4.0,3.2999999999999994,10.699999999999998,31.0,0.6505042383772539,15,44640.07464225849,62044.381115591736,106684.45575785023,4389.4
118,564,760,100.97707403462164,37.505319148936174,6.785992907801417,11.754255319148943,42.97074468085106,20.735638297872335,64.21807302379636,19.24113475177305,1470.0535982432598,57.0,9.599999999999998,14.0,52.0,1335.400907338016,29,1.3010084767545078,4.0,3.2999999999999994,10.699999999999998,31.0,1.0,15,56951.0697555266,48805.73549808523,105756.80525361183,3808.2
119,591,1009,72.51485685320405,37.646362098138745,6.78155668358715,11.756412859560069,43.035532994923855,17.65160744500845,69.26839998675833,19.505922165820643,1414.486465766661,57.0,9.699999999999998,14.0,52.0,1470.0535982432598,24,6.530958624729253,19.0,3.2999999999999994,10.699999999999998,31.0,1.0,15,42856.280400243595,69891.81558663915,112748.09598688275,3716.6
120,526,759,101.08162438220052,37.53041825095057,6.781178707224341,11.774106463878322,42.9287072243346,18.46083650190115,77.16753828965128,19.568441064638783,1540.4712577034975,57.0,9.699999999999998,14.0,52.0,1469.0535982432598,24,6.805640998150023,19.0,3.2999999999999994,10.699999999999998,31.0,0.3010084767545078,15,53168.93442503747,58570.16156184532,111739.09598688279,2040.8999999999999
121,671,929,69.3374281544725,37.953800298062596,6.818628912071548,11.76789865871833,42.875558867362145,14.016840536512648,73.40145565802446,19.88673621460507,1540.4712577034975,58.0,9.699999999999998,13.94,52.0,1468.0535982432598,25,6.555640998150023,20.0,3.1999999999999993,10.639999999999997,31.0,1.0,15,46525.414291651054,68189.95230630472,114715.36659795578,2074.2
122,626,630,98.88931295882917,37.98242811501598,6.84744408945688,11.772108626198088,42.87779552715655,15.158146964856215,82.35183600909326,19.95367412140575,1806.854390046109,58.0,9.699999999999998,13.94,52.0,1540.4712577034975,25,6.555640998150023,20.0,3.1999999999999993,10.639999999999997,31.0,1.0,15,61904.70991222706,51881.656685728754,113786.36659795581,1709.0
123,761,628,64.93280384788426,37.957950065703024,6.78620236530881,11.774743758212887,42.98751642575559,13.496714848883045,90.89543970116287,20.155059132720105,903.4271950230545,58.0,9.699999999999998,13.94,52.0,1539.4712577034975,25,6.555640998150023,20.0,3.1999999999999993,10.639999999999997,31.0,1.0,15,49413.86372823992,57082.33613233028,106496.1998605702,3610.7999999999997
124,796,803,72.94583521169267,37.79396984924623,6.731783919597985,11.784246231155782,43.04145728643216,13.31959798994975,76.67438667007033,20.28643216080402,1047.0816372541367,58.0,9.799999999999997,13.879999999999999,52.0,1538.4712577034975,25,6.555640998150023,21.0,3.099999999999999,10.639999999999997,30.5,1.0,15,58064.88482850736,61569.53249606648,119634.41732457385,2825.8999999999996
125,735,532,102.23958251145756,37.67482993197279,6.686530612244899,11.78062585034013,43.09591836734694,17.347891156462584,82.11527101250466,20.308843537414965,1849.1040316426634,58.0,9.799999999999997,13.879999999999999,52.0,1409.486465766661,25,6.575691779262044,21.0,3.099999999999999,10.639999999999997,30.5,1.0,15,75146.0931459213,43685.32417865248,118831.41732457379,4373.2
126,794,566,76.78282589558836,37.6448362720403,6.674181360201521,11.75846347607053,43.3331234256927,16.431863979848877,89.54333223038971,20.535264483627206,1029.0385392169296,59.0,9.799999999999997,13.879999999999999,52.0,1408.486465766661,25,6.908518945766349,21.0,3.099999999999999,10.639999999999997,30.5,1.0,15,60965.56376109716,50681.526042400576,111647.08980349774,5467.799999999999
127,835,765,80.94834495040936,37.859880239520955,6.713892215568862,11.756095808383227,43.287425149700596,16.637485029940116,75.76926325764454,20.69820359281437,1422.7917601742251,59.0,9.799999999999997,13.879999999999999,52.0,1140.0816372541367,26,5.543434384659435,21.0,3.099999999999999,10.639999999999997,30.5,1.0,16,67591.86803359182,57963.48639209807,125555.35442568989,3317.2
128,723,552,109.65102915333424,37.96818810511756,6.698616874135552,11.72398340248963,43.56915629322268,19.391839557399713,82.45047164461808,20.73167358229599,1422.7917601742251,59.0,9.799999999999997,13.879999999999999,52.0,1139.0816372541367,26,5.543434384659435,21.0,3.099999999999999,10.639999999999997,31.0,1.0,16,79277.69407786065,45512.66034782918,124790.35442568983,4742.5
129,821,573,80.00193139284215,37.93909866017052,6.770767356881865,11.688818514007307,43.7557856272838,17.008647990255767,90.69989337617815,21.060901339829478,1422.7917601742251,60.0,9.799999999999997,13.94,52.5,1138.0816372541367,27,5.543434384659435,20.0,3.099999999999999,10.639999999999997,31.5,1.0,16,65681.58567352341,51971.03890455008,117652.62457807349,4584.0
130,840,449,84.23110470481221,37.820238095238096,6.762023809523813,11.701500000000008,43.71666666666667,16.31464285714285,98.02738421777835,21.23095238095238,1422.7917601742251,60.0,9.799999999999997,13.94,52.5,1137.0816372541367,27,5.543434384659435,20.0,3.099999999999999,10.579999999999997,31.0,1.0,17,70754.12795204225,44014.295513782476,114768.42346582473,3506.1
131,886,714,71.39937149002414,37.580135440180584,6.765462753950341,11.715530474040635,43.78668171557562,15.498419864559807,87.72824252410965,21.401805869074494,1422.7917601742251,60.0,9.699999999999998,13.94,52.5,1136.0816372541367,27,5.543434384659435,20.0,3.099999999999999,10.579999999999997,31.0,1.0,17,63259.843140161385,62637.965162214285,125897.80830237566,4335.0
132,806,444,100.6070291206995,37.31885856079405,6.738213399503717,11.726129032258058,43.76923076923077,18.10756823821338,99.3120334033603,21.456575682382134,1186.648420403781,60.0,9.699999999999998,13.94,52.5,1422.7917601742251,27,5.543434384659435,20.0,3.099999999999999,10.579999999999997,31.0,1.0,17,81089.2654712838,44094.542831091974,125183.80830237578,4225.7
133,920,680,77.0267511467793,37.17065217391304,6.7051086956521795,11.708586956521762,43.7945652173913,16.822391304347832,87.0637863949011,21.696739130434782,1606.926737042283,60.0,9.599999999999998,13.94,52.5,940.6710821402755,27,5.869004502608862,20.0,2.999999999999999,10.579999999999997,31.0,1.0,18,70864.61105503696,59203.37474853275,130067.98580356971,5286.5
134,833,424,104.50179541981423,37.0984393757503,6.691716686674675,11.701320528211282,43.82292917166867,19.284753901560627,99.8537505161897,21.717887154861945,1643.3780400988335,60.0,9.599999999999998,13.94,52.5,1044.5757181311794,27,5.869004502608862,20.0,2.999999999999999,10.579999999999997,31.0,1.0,18,87049.99558470525,42337.990218864434,129387.98580356968,4093.0
135,903,697,75.43802259284188,37.20819490586933,6.67729789590255,11.722436323366564,43.72314507198228,17.417275747508324,96.18539260593809,21.96124031007752,999.7132607336792,60.0,9.599999999999998,13.94,52.5,1643.3780400988335,28,5.869004502608862,20.0,2.999999999999999,10.579999999999997,30.5,1.0,18,68120.53440133622,67041.21864633885,135161.75304767507,5674.3
136,808,448,105.7133544669616,37.09282178217822,6.660767326732677,11.718143564356438,43.75247524752475,19.309034653465336,109.48295231779029,21.997524752475247,999.7132607336792,60.0,9.599999999999998,13.94,52.5,1642.3780400988335,28,6.277340885147011,20.0,2.999999999999999,10.579999999999997,30.5,1.0,18,85416.39040930498,49048.362638370054,134464.75304767504,3829.8999999999996
137,903,697,77.89693555637841,36.72757475083056,6.615836101882613,11.743898117386497,43.83887043189369,17.016832779623464,96.03594051042344,22.301218161683277,1250.2811139191906,60.0,9.399999999999999,14.0,52.5,1641.3780400988335,29,6.277340885147011,19.0,2.999999999999999,10.579999999999997,30.0,1.0,18,70340.9328074097,66937.05053576514,137277.98334317486,5243.2
138,814,445,107.08738740847116,36.67936117936118,6.606388206388202,11.75547911547911,43.89312039312039,18.635135135135137,111.03786515208853,22.364864864864863,1713.635472420308,60.0,9.399999999999999,14.0,52.5,1445.7639609714718,29,6.610732324520607,19.0,2.999999999999999,10.579999999999997,30.0,1.0,18,87169.13335049553,49411.849992679396,136580.9833431749,3403.9
139,945,655,77.60839804845017,36.77460317460317,6.613544973544974,11.739386243386257,43.92804232804233,16.589206349206343,100.22920116994592,22.63915343915344,1713.635472420308,60.0,9.499999999999998,14.0,52.5,1444.7639609714718,28,6.2782738770657485,19.0,2.999999999999999,10.579999999999997,30.0,1.0,19,73339.93615578541,65650.12676631458,138990.0629221,4761.299999999999
140,848,413,108.14024803004725,36.81014150943396,6.626886792452822,11.725825471698125,43.936910377358494,18.331249999999997,112.91073266978185,22.722877358490567,1713.635472420308,60.0,9.499999999999998,14.0,52.5,808.853913264826,28,6.610732324520607,19.0,2.999999999999999,10.579999999999997,30.0,1.0,19,91702.93032948006,46632.132592619906,138335.06292209995,3918.7999999999997
141,964,636,77.5832704141545,36.75207468879668,6.626659751037341,11.714315352697085,43.94398340248963,16.379668049792535,105.40527233451208,23.012448132780083,1380.5172776004147,59.0,9.499999999999998,14.0,53.0,1713.635472420308,29,6.229421743411362,19.0,2.999999999999999,10.579999999999997,30.5,1.0,19,74790.27267924494,67037.75320474968,141828.02588399462,4922.8
142,881,369,108.29377181258981,36.73212258796822,6.627355278093076,11.712962542565272,43.98637911464245,18.092395005675368,124.07916779702737,23.061293984108968,1380.5172776004147,59.0,9.499999999999998,14.0,53.0,1712.635472420308,29,6.229421743411362,19.0,2.999999999999999,10.639999999999997,30.5,1.0,19,95406.81296689162,45785.2129171031,141192.0258839947,3442.7
143,1001,599,79.61870999434262,36.69530469530469,6.653446553446558,11.711268731268708,44.053446553446555,16.57062937062935,107.8528785725397,23.324675324675326,1322.2728871140278,59.0,9.599999999999998,14.0,53.0,1711.635472420308,30,6.229421743411362,19.0,2.999999999999999,10.639999999999997,30.5,1.0,19,79698.32870433696,64603.87426495128,144302.20296928825,5444.4
144,905,361,107.27813310217086,36.74585635359116,6.681436464088391,11.710408839779008,44.065193370165744,18.508176795580116,129.1315582044976,23.4,1845.1649150367662,59.0,9.599999999999998,14.0,53.0,1561.3115395122868,30,6.229421743411362,19.0,2.999999999999999,10.639999999999997,30.5,1.0,19,97086.71045746462,46616.49251182363,143703.20296928825,4178.2
145,970,630,87.12379027121223,36.82886597938144,6.671030927835044,11.69721649484536,44.26958762886598,17.251546391752562,102.4279372877666,23.590721649484536,1845.1649150367662,60.0,9.599999999999998,14.0,53.0,1378.5172776004147,30,5.734871699290567,19.0,3.099999999999999,10.579999999999997,30.5,1.0,20,84510.07656307587,64529.60049129296,149039.67705436883,5994.0
146,887,382,114.56616008307617,36.7880496054115,6.660541149943632,11.6949718151071,44.34160090191657,19.84802705749717,122.48558392848204,23.613303269447577,1845.1649150367662,60.0,9.599999999999998,14.0,53.0,1439.0257363084718,30,5.734871699290567,19.0,3.099999999999999,10.579999999999997,32.5,1.0,20,101620.18399368857,46789.49306068014,148409.67705436872,4211.8
147,941,659,84.34042270292588,36.47396386822529,6.632306057385762,11.67381509032944,44.39373007438895,18.31466524973431,110.21688118781839,23.845908607863976,1845.1649150367662,60.0,9.599999999999998,14.0,53.0,1438.0257363084718,30,5.734871699290567,18.0,3.1999999999999993,10.579999999999997,32.5,1.0,20,79364.33776345325,72632.92470277232,151997.26246622557,6034.599999999999
148,839,427,114.6699664217529,36.45172824791418,6.625983313468424,11.667628128724678,44.42133492252682,20.285458879618588,129.11044645989458,23.90226460071514,1845.1649150367662,60.0,9.599999999999998,14.0,53.0,1437.0257363084718,30,6.037754872567702,18.0,3.1999999999999993,10.579999999999997,32.5,1.0,20,96208.10182785068,55130.16063837498,151338.26246622566,4163.9
149,917,682,83.55921186293362,36.80261723009814,6.687786259541978,11.65402399127591,44.48255179934569,17.395092693565985,116.88895132229936,24.205016357688113,1845.1649150367662,61.0,9.599999999999998,14.0,53.0,1428.9857316111356,31,5.457624503424702,18.0,3.1999999999999993,10.579999999999997,32.5,1.0,20,76623.79727831013,79718.26480180817,156342.06208011828,4906.9
150,831,425,120.69529672477846,36.83874849578821,6.682912154031287,11.654632972322505,44.474729241877256,18.951504211793004,130.19279692306296,24.257521058965104,1586.817266036877,61.0,9.599999999999998,14.0,53.0,1845.1649150367662,31,5.457624503424702,18.0,3.1999999999999993,10.579999999999997,32.5,2.0,20,100297.7915782909,55331.93869230176,155629.73027059267,3394.8999999999996
151,951,649,84.51949302718991,37.19558359621451,6.7260778128285965,11.618969505783406,44.64879074658254,16.493480546792863,116.2926596181103,24.51840168243954,1443.0386245507486,61.0,9.599999999999998,13.94,53.5,1844.1649150367662,32,5.457624503424702,18.0,3.4999999999999996,10.579999999999997,32.5,1.0,20,80378.0378688576,75473.93609215358,155851.9739610112,4809.5
152,877,371,122.46078738032783,37.331812998859746,6.743557582668182,11.617696693272542,44.70410490307868,18.50649942987457,128.85407932200428,24.538198403648803,1443.0386245507486,61.0,9.599999999999998,13.94,53.5,1843.1649150367662,32,6.037754872567702,18.0,3.4999999999999996,10.579999999999997,32.5,1.0,20,107398.11053254751,47804.863428463585,155202.9739610111,3452.1
153,982,618,85.65454673516344,36.96334012219959,6.721690427698579,11.636680244399198,44.57841140529531,16.259775967413432,117.00875934159264,24.83910386965377,1443.0386245507486,61.0,9.599999999999998,14.0,53.5,1842.1649150367662,32,6.037754872567702,18.0,3.4999999999999996,10.579999999999997,32.5,1.0,20,84112.76489393049,72311.41327310425,156424.17816703476,5768.099999999999
154,907,349,120.15133488374285,37.00661521499449,6.726350606394701,11.632524807056228,44.63175303197354,18.534729878721055,134.1802791618336,24.87210584343991,1558.6493506622141,61.0,9.599999999999998,14.0,53.5,1841.1649150367662,32,6.384899421406018,18.0,3.4999999999999996,10.579999999999997,32.5,1.0,20,108977.26073955477,46828.91742747992,155806.1781670347,3747.7
155,1000,600,87.24225210436083,36.991,6.735899999999993,11.632880000000009,44.5495,17.48470000000002,118.46357618778464,25.155,1558.6493506622141,61.0,9.599999999999998,14.0,53.5,1840.1649150367662,32,6.384899421406018,18.0,3.4999999999999996,10.579999999999997,32.0,1.0,21,87242.25210436083,71078.14571267078,158320.3978170316,6150.4
156,899,347,115.58507683723137,37.14460511679644,6.749721913236935,11.626985539488315,44.564516129032256,19.645606229143485,155.07035660046247,25.190211345939932,2180.0054345111403,61.0,9.599999999999998,14.0,53.5,1558.6493506622141,31,6.384899421406018,18.0,3.4999999999999996,10.579999999999997,32.0,3.0,21,103910.984076671,53809.413740360484,157720.39781703148,4425.0
157,966,634,84.66222232987788,37.16977225672878,6.739440993788814,11.620517598343675,44.566770186335404,18.03985507246375,126.27836454115175,25.461697722567287,1519.7858621031526,61.0,9.599999999999998,14.0,54.0,2180.0054345111403,32,6.314308146008762,18.0,3.3999999999999995,10.579999999999997,32.0,1.0,21,81783.70677066203,80060.4831190902,161844.18988975225,6268.299999999999
158,862,409,119.49070604188822,37.04756380510441,6.7302784222737735,11.615846867749415,44.561484918793504,19.485150812064944,142.32078552969364,25.505800464037122,1583.7351930996263,59.0,9.599999999999998,14.0,54.0,2179.0054345111403,32,6.314308146008762,18.0,3.3999999999999995,10.579999999999997,32.0,1.0,21,103000.98860810764,58209.2012816447,161210.18988975234,3809.7999999999997
159,953,432,87.54324083687752,37.15844700944386,6.7737670514165735,11.598174186778607,44.56610703043022,17.67460650577126,160.12738695232426,25.79853095487933,1434.1361636575602,59.0,9.599999999999998,14.0,54.0,2178.0054345111403,32,5.258703338069918,18.0,3.3999999999999995,10.579999999999997,32.0,1.0,21,83428.70851754428,69175.03116340408,152603.73968094838,5432.5
160,969,349,87.82436029788188,37.46749226006192,6.798658410732704,11.614097007223954,44.52837977296181,16.925696594427244,182.92339169528435,25.970072239422084,1425.151391292598,59.0,9.599999999999998,14.0,54.0,2275.3538022256444,32,5.258703338069918,18.0,3.3999999999999995,10.579999999999997,32.0,1.0,21,85101.80512864754,63840.26370165424,148942.06883030178,3959.8999999999996
161,1008,305,90.34542807747926,37.64484126984127,6.7838293650793595,11.608432539682537,44.61656746031746,17.233928571428564,173.06427520216556,26.09027777777778,2311.391403203268,59.0,9.599999999999998,14.0,54.0,1433.1361636575602,32,5.258703338069918,18.0,3.3999999999999995,10.579999999999997,32.0,3.0,21,91068.19150209909,52784.6039366605,143852.79543875958,5344.999999999999
162,1022,299,90.00766056297999,37.414872798434445,6.7587084148728,11.59297455968689,44.69618395303327,17.366634050880652,155.13066757855674,26.300391389432484,2348.391403203268,59.0,9.599999999999998,14.0,54.0,1432.1361636575602,32,6.304792064396105,18.0,3.2999999999999994,10.579999999999997,32.0,2.0689284479581964,21,91987.82909536555,46384.069605988465,138371.89870135402,5855.9
163,1021,274,89.56837015446455,37.17238001958864,6.73790401567091,11.603623898139082,44.57786483839373,17.962977473065642,156.89195678643264,26.471106758080314,1558.9563387294131,59.0,9.599999999999998,14.0,54.0,2348.391403203268,32,6.305478246909476,19.0,3.2999999999999994,10.579999999999997,31.5,4.0,21,91449.30592770831,42988.396159482545,134437.70208719085,6099.099999999999
164,997,277,90.45592369579028,36.89568706118355,6.721765295887667,11.605677031093304,44.67051153460381,18.637713139418267,144.14376564775816,26.613841524573722,2364.230169436842,59.0,9.599999999999998,14.0,54.0,1430.1361636575602,33,6.305478246909476,19.0,3.2999999999999994,10.519999999999996,31.5,4.871504837971335,22,90184.5559247029,39927.82308442901,130112.37900913191,6375.099999999999
165,974,266,81.13125341954228,36.80800821355236,6.72422997946612,11.594168377823392,44.76078028747433,19.312422997946612,177.78108855101556,26.78028747433265,1479.1313867542924,60.0,9.599999999999998,14.0,54.0,2364.230169436842,33,6.305478246909476,19.0,3.2999999999999994,10.519999999999996,31.5,3.871504837971335,22,79021.84083063417,47289.769554570135,126311.61038520432,6057.7
166,975,242,87.16814849818655,37.14153846153846,6.762051282051284,11.581907692307686,44.91794871794872,19.832820512820515,152.32881600164455,26.978461538461538,2397.378020127217,60.0,9.599999999999998,14.06,54.0,1557.9563387294131,34,5.596736192062774,19.0,3.2999999999999994,10.459999999999996,31.5,2.871504837971335,22,84988.94478573189,36863.573472397984,121852.51825812987,5789.4
167,957,267,79.05716229830082,37.42110762800418,6.788505747126441,11.579122257053298,45.05120167189133,19.89728317659353,155.95403168084061,27.20062695924765,2397.378020127217,60.0,9.599999999999998,14.06,54.0,1556.9563387294131,35,5.542632483850537,19.0,3.1999999999999993,10.459999999999996,32.0,6.712685336332569,22,75657.7043194739,41639.72645878445,117297.43077825833,6096.2
168,899,293,72.85075704013354,37.22135706340378,6.771078976640697,11.552680756395997,45.162402669632925,20.06173526140157,166.57692976634138,27.39265850945495,1001.0351544165225,60.0,9.499999999999998,14.06,53.5,2397.378020127217,35,5.139804813743963,19.0,3.1999999999999993,10.459999999999996,32.0,5.712685336332569,22,65492.83057908006,48807.040421538026,114299.87100061809,5944.9
169,877,294,72.1744098092247,36.7981755986317,6.73797035347777,11.547502850627149,45.17673888255416,19.695210946408224,162.55817940183346,27.58266818700114,1562.3826984192383,60.0,9.499999999999998,14.06,53.5,2396.378020127217,36,5.139804813743963,19.0,3.1999999999999993,10.459999999999996,32.5,4.712685336332569,23,63296.95740269007,47792.10474413904,111089.0621468291,5560.099999999999
170,873,260,73.98748125841294,36.53379152348224,6.732073310423824,11.5706071019473,45.11282932416953,19.52588774341354,164.80303444446096,27.77319587628866,1562.3826984192383,60.0,9.499999999999998,14.120000000000001,54.0,2395.378020127217,36,5.139804813743963,19.0,3.1999999999999993,10.459999999999996,32.5,7.141017648366692,23,64591.071138594496,42848.78895555985,107439.86009415434,4487.099999999999
171,850,267,73.02567364321433,36.66470588235294,6.7597647058823425,11.569764705882353,45.09411764705882,19.34658823529413,155.44652820997504,27.974117647058822,1562.3826984192383,60.0,9.499999999999998,14.120000000000001,54.0,2394.378020127217,36,5.139804813743963,19.0,3.1999999999999993,10.399999999999995,32.5,7.03116302777316,23,62071.82259673218,41504.22303206334,103576.04562879552,5091.9
172,836,239,76.17901475715,36.66387559808612,6.787200956937796,11.540622009569379,45.11303827751196,19.462559808612426,152.21141425276048,28.204545454545453,2411.4492180278617,59.0,9.499999999999998,14.120000000000001,54.0,1562.3826984192383,36,5.589917954329059,19.0,3.3999999999999995,10.399999999999995,32.5,6.03116302777316,23,63685.6563369774,36378.52800640975,100064.18434338715,4705.5
173,829,261,69.31580789290672,36.69601930036188,6.826176115802167,11.519758745476476,45.08624849215923,18.955126658624845,146.62801754851702,28.410132689987936,1205.7246090139308,59.0,9.499999999999998,14.120000000000001,54.0,1561.3826984192383,36,5.059336678303331,19.0,3.3999999999999995,10.399999999999995,32.5,5.204185979188754,23,57462.80474321967,38269.91258016294,95732.71732338262,4839.4
174,839,224,71.17325025916111,36.846245530393325,6.833849821215723,11.515542312276512,45.225268176400476,19.0227651966627,144.80083973673862,28.576877234803337,1402.8676304062947,59.0,9.499999999999998,14.180000000000001,54.0,1560.3826984192383,37,5.059336678303331,19.0,3.3999999999999995,10.399999999999995,32.5,5.349982005978985,23,59714.356967436164,32435.388101029454,92149.74506846562,4278.0
175,813,219,76.39630756994588,36.82656826568266,6.836408364083641,11.50757687576875,45.2859778597786,19.33849938499386,122.69174771592523,28.706027060270603,1627.9789913393424,59.0,9.499999999999998,14.180000000000001,54.0,1242.9314774878433,38,5.059336678303331,18.0,3.3999999999999995,10.399999999999995,32.0,4.349982005978985,25,62110.198054365996,26869.492749787627,88979.69080415362,5066.5
176,801,241,71.78737593267779,36.84019975031211,6.829088639200995,11.518451935081135,45.235955056179776,19.093508114856427,116.81038898999195,28.916354556803995,1627.9789913393424,59.0,9.499999999999998,14.180000000000001,53.5,1036.6525534437978,38,5.059336678303331,18.0,3.3999999999999995,10.519999999999996,32.0,3.349982005978985,25,57501.68812207491,28151.30374658806,85652.99186866297,4752.2
177,771,241,68.39638667979278,36.775616083009076,6.813099870298317,11.507055771725016,45.189364461738,19.888326848249033,126.31893144474205,29.155642023346303,1402.8676304062947,59.0,9.499999999999998,14.180000000000001,53.5,1627.9789913393424,38,4.997180122831055,18.0,3.3999999999999995,10.519999999999996,32.0,2.349982005978985,25,52733.61413012024,30442.862478182833,83176.47660830307,4907.7
178,749,250,67.19737534652906,36.352469959946596,6.761815754339118,11.485447263017349,45.11415220293725,19.539919893190916,118.30403852127304,29.30841121495327,1661.2771377993945,59.0,9.499999999999998,14.180000000000001,53.5,1402.8676304062947,37,4.997180122831055,18.0,3.3999999999999995,10.519999999999996,32.0,3.8647768757471823,25,50330.83413455026,29576.00963031826,79906.84376486852,4679.7
179,704,896,69.9569524926767,36.47017045454545,6.773153409090913,11.469062499999994,45.14204545454545,19.328267045454535,66.6406578312689,29.478693181818183,1661.2771377993945,60.0,9.499999999999998,14.180000000000001,53.5,1401.8676304062947,37,4.778258400567193,18.0,3.3999999999999995,10.519999999999996,32.0,1.0,25,49249.694554844406,59710.029416816935,108959.72397166134,4193.2
180,596,720,95.26760979095575,36.29530201342282,6.752852348993284,11.452617449664427,45.21895973154363,21.901845637583893,71.22809518923859,29.508389261744966,1669.4081186973306,60.0,9.499999999999998,14.180000000000001,53.5,1102.525875211505,37,4.997180122831055,18.0,5.3000000000000025,10.519999999999996,32.0,1.0,25,56779.495435409626,51284.22853625179,108063.72397166141,4324.2
181,677,923,71.65803099406756,36.784342688330874,6.785672082717868,11.439379615952744,45.386262924667655,18.384785819793205,69.72905526847084,29.73264401772526,1142.4608417284862,60.0,9.499999999999995,12.600000000000005,54.0,1669.4081186973306,35,4.997180122831055,18.0,5.3000000000000025,10.519999999999996,32.0,1.0,25,48512.48698298374,64359.91801279859,112872.40499578233,3495.1
182,604,687,100.16715665722437,36.90397350993378,6.774337748344371,11.442615894039726,45.39900662251656,19.618543046357598,74.88856240876096,29.77317880794702,1535.4135792290976,60.0,9.499999999999995,12.600000000000005,54.0,1668.4081186973306,35,5.755726934415643,18.0,5.3000000000000025,10.579999999999997,32.0,1.0,25,60500.96262096352,51448.442374818784,111949.4049957823,2585.7
183,729,871,67.07197092150084,36.795610425240056,6.762277091906722,11.431659807956102,45.471879286694104,15.777091906721536,75.07699718960036,30.07270233196159,1535.4135792290976,60.0,9.399999999999999,12.600000000000005,54.0,1667.4081186973306,35,5.755726934415643,17.0,5.3000000000000025,10.579999999999997,32.0,0.43776796693537534,26,48895.466801774106,65392.06455214192,114287.53135391603,3223.9999999999995
184,677,570,91.37986080482844,36.70162481536189,6.757311669128508,11.420384047267348,45.54726735598228,17.891875923190565,90.44373301943911,30.076809453471196,1535.4135792290976,60.0,9.399999999999999,12.600000000000005,54.0,1666.4081186973306,35,5.755726934415643,17.0,5.3000000000000025,10.579999999999997,32.0,0.4587228965181902,26,61864.16576486885,51552.927821080295,113417.09358594914,2686.7999999999997
185,841,759,62.398033307051584,36.95600475624257,6.7921521997621905,11.417717003567175,45.676575505350776,14.593697978596927,82.24782055885957,30.423305588585016,2046.2572119375754,60.0,9.499999999999998,12.600000000000005,54.0,1665.4081186973306,35,6.802115303954241,17.0,5.3000000000000025,10.519999999999996,32.0,1.0,26,52476.74601123038,62426.095804174416,114902.8418154048,3837.3999999999996
186,785,445,92.74927417916979,37.01273885350319,6.793757961783443,11.419719745222922,45.69044585987261,16.455668789808914,92.88912715675605,30.47515923566879,2046.2572119375754,60.0,9.499999999999998,12.600000000000005,54.0,1596.7689307069907,35,6.802115303954241,17.0,5.3000000000000025,10.519999999999996,32.0,1.0,27,72808.18023064829,41335.66158475644,114143.84181540472,2852.6
187,911,689,66.76740223229365,37.27991218441273,6.822832052689351,11.455916575192093,45.65148188803513,14.84368825466521,84.43978145368884,30.769484083424807,2046.2572119375754,60.0,9.599999999999998,12.600000000000005,54.0,1595.7689307069907,36,6.802115303954241,17.0,5.3000000000000025,10.519999999999996,32.0,0.016767167467635957,27,60825.103433619515,58179.00942159161,119004.11285521113,4915.4
188,846,383,98.22689448784496,37.24586288416076,6.81678486997636,11.476713947990547,45.643026004728135,17.18451536643027,91.94819946722838,30.828605200945628,2046.2572119375754,59.0,9.599999999999998,12.600000000000005,54.0,1041.1103659734404,36,6.802115303954241,17.0,5.3000000000000025,10.519999999999996,32.0,1.0,27,83099.95273671683,35216.16039594847,118316.11313266531,3653.7999999999997
189,971,629,76.76362676162356,37.30072090628218,6.822657054582909,11.468218331616887,45.70648815653965,16.02461380020597,77.23191564827812,31.122554067971162,2125.1634238558736,60.0,9.599999999999998,12.600000000000005,54.0,1040.1103659734404,36,5.581793047218186,17.0,5.3000000000000025,10.519999999999996,32.0,1.0,27,74537.48158553647,48578.87494276694,123116.35652830341,5842.299999999999
190,889,363,100.11419295739617,37.313835770528684,6.827896512935886,11.457772778402703,45.78740157480315,18.79313835770529,92.24749032831485,31.14060742407199,1748.341538661238,60.0,9.599999999999998,12.600000000000005,54.0,2125.1634238558736,36,6.41876826490117,17.0,5.3000000000000025,10.519999999999996,32.0,1.0,27,89001.5175391252,33485.83898917829,122487.3565283035,4546.099999999999
191,979,621,73.29680706347106,37.34014300306435,6.841164453523999,11.441859039836555,45.940245148110314,17.588355464759957,86.37638170055347,31.412665985699693,1618.853332650748,60.0,9.599999999999998,12.600000000000005,54.0,2124.1634238558736,37,6.054291902162565,17.0,5.3000000000000025,10.459999999999996,32.0,1.0,28,71757.57411513817,53639.733036043704,125397.30715118187,6504.4
192,888,372,98.65602720383224,37.32657657657658,6.834346846846844,11.434031531531538,45.898648648648646,20.05833333333334,99.91869622091113,31.480855855855857,2160.4287970405276,60.0,9.599999999999998,12.600000000000005,53.5,1747.341538661238,37,6.054291902162565,17.0,5.3000000000000025,10.459999999999996,32.0,2.0,28,87606.55215700303,37169.75499417894,124776.30715118197,4552.4
193,945,655,71.35594195966776,37.41693121693122,6.839894179894182,11.426137566137559,46.047089947089944,18.184021164021154,92.74237574053646,31.667724867724868,1080.2143985202638,60.0,9.599999999999998,12.540000000000004,54.0,1761.0841037358236,37,5.121269505908302,17.0,5.3000000000000025,10.459999999999996,32.0,1.0,28,67431.36515188603,60746.25611005138,128177.6212619374,6495.099999999999
194,848,405,96.95101389519039,37.40094339622642,6.817334905660367,11.434952830188697,46.135613207547166,19.646816037735853,111.87200365139728,31.692216981132077,1645.4033423695023,60.0,9.599999999999998,12.540000000000004,54.0,1760.0841037358236,37,5.121269505908302,17.0,5.3000000000000025,10.459999999999996,32.5,1.0,28,82214.45978312145,45308.1614788159,127522.62126193734,3688.3999999999996
195,972,628,68.5522254444172,37.239711934156375,6.805658436213998,11.426008230452677,46.21090534979424,17.07273662551442,101.53831375229954,31.976337448559672,1080.2143985202638,60.0,9.499999999999998,12.540000000000004,54.5,1759.0841037358236,37,5.121269505908302,17.0,5.3000000000000025,10.459999999999996,32.5,1.0,28,66632.76313197352,63766.061036444116,130398.82416841763,4756.7
196,887,375,98.15707694536592,37.34385569334837,6.812063134160094,11.418962795941393,46.29594137542277,19.01848928974071,113.88132511434144,32.029312288613305,942.9394745725403,60.0,9.499999999999998,12.540000000000004,54.5,1758.0841037358236,37,5.121269505908302,17.0,5.3000000000000025,10.459999999999996,32.5,1.0,29,87065.32725053957,42705.49691787804,129770.8241684176,3838.6
197,1006,594,78.15690032583409,37.387673956262425,6.82117296222664,11.417514910536777,46.312624254473164,17.600596421471167,92.14311457131737,32.25248508946322,1263.5020385341327,61.0,9.599999999999998,12.540000000000004,54.5,1757.0841037358236,37,4.947832943922988,17.0,5.200000000000003,10.399999999999995,32.5,1.0,29,78625.8417277891,54733.010055362516,133358.85178315162,5564.799999999999
198,909,349,107.05600611196162,37.52695269526953,6.826292629262921,11.428536853685358,46.31078107810781,19.496149614961503,101.57863102400708,32.312431243124315,1789.7509941840112,61.0,9.599999999999998,12.540000000000004,54.5,934.5814660106748,37,4.947832943922988,17.0,5.200000000000003,10.399999999999995,32.5,1.0,29,97313.90955577312,35450.94222737847,132764.8517831516,4337.5
199,1029,571,76.87545315014799,37.56851311953353,6.814480077745376,11.444256559766783,46.24635568513119,17.342565597667637,97.08320213566398,32.607385811467445,1789.7509941840112,61.0,9.599999999999998,12.600000000000005,54.5,1263.5020385341327,37,4.947832943922988,17.0,5.200000000000003,10.399999999999995,32.5,1.0,29,79104.84129150228,55434.50841946413,134539.3497109664,5519.0
200,942,312,104.23915981758729,37.581740976645435,6.807324840764331,11.457622080679398,46.20806794055202,19.167728237791938,114.66365757307416,32.68789808917197,1365.857354179873,61.0,9.599999999999998,12.600000000000005,54.5,1789.7509941840112,37,5.583399008278161,17.0,5.200000000000003,10.399999999999995,32.5,4.333729395979077,29,98193.28854816723,35775.06116279914,133968.34971096637,3918.0
201,1050,550,75.78154362275967,37.3847619047619,6.801809523809534,11.45571428571431,46.29952380952381,17.383904761904738,104.50027644086468,32.965714285714284,1365.857354179873,61.0,9.499999999999998,12.600000000000005,54.5,1788.7509941840112,37,5.583399008278161,17.0,5.200000000000003,10.399999999999995,32.5,1.0,29,79570.62080389765,57475.15204247557,137045.7728463732,5605.799999999999
202,948,293,101.99426006629221,37.360759493670884,6.800738396624472,11.450379746835456,46.29852320675106,19.05443037974683,135.853973732178,33.02637130801688,1365.857354179873,61.0,9.499999999999998,12.600000000000005,53.5,1787.7509941840112,37,5.583399008278161,17.0,5.200000000000003,10.399999999999995,32.5,3.0,29,96690.55854284501,39805.21430352815,136495.77284637315,4273.4
203,1070,530,78.16507237769393,37.36261682242991,6.80065420560747,11.444822429906559,46.410280373831775,17.614299065420585,103.74110065241642,33.237383177570095,1280.8207142942124,61.0,9.499999999999998,12.600000000000005,53.5,1786.7509941840112,37,5.584150072549235,16.0,5.200000000000003,10.339999999999995,33.5,1.0,29,83636.62744413251,54982.78334578071,138619.4107899132,5851.999999999999
204,953,318,103.4808454129249,37.39454354669465,6.799160545645345,11.438572927597072,46.445435466946485,19.42119622245539,124.12630538174847,33.309548793284364,1955.5664251841524,61.0,9.499999999999998,12.600000000000005,53.5,1280.8207142942124,37,5.584150072549235,16.0,5.200000000000003,10.339999999999995,33.5,1.0,29,98617.24567851743,39472.16511139601,138089.41078991344,4867.7
205,1043,557,79.36656240599818,37.560882070949184,6.814285714285713,11.425023969319273,46.557046979865774,18.069319271332677,108.99395636512953,33.52732502396932,1973.5664251841524,62.0,8.999999999999996,12.600000000000005,54.0,1279.8207142942124,38,4.547436995574802,16.0,5.200000000000003,10.339999999999995,38.5,1.0,29,82779.3245894561,60709.63369537715,143488.95828483324,5883.0
206,946,337,106.59340551288425,37.479915433403804,6.810887949260045,11.419281183932366,46.624207188160675,20.535306553911173,124.90978240250672,33.54334038054968,1973.5664251841524,62.0,8.999999999999996,12.600000000000005,54.0,1278.8207142942124,38,4.547436995574802,16.0,5.200000000000003,10.339999999999995,38.5,1.0,30,100837.36161518849,42094.596669644765,142931.95828483326,4779.7
207,1031,381,80.33677198701659,37.04849660523763,6.796605237633371,11.418583899127094,46.55431619786615,18.904267701260906,137.3839015504991,33.77885548011639,1271.0796942363797,62.0,8.999999999999996,12.600000000000005,54.0,1973.5664251841524,39,4.547436995574802,16.0,5.200000000000003,10.339999999999995,38.5,1.0,30,82827.2119186141,52343.266490740156,135170.47840935425,6162.799999999999
208,1055,272,84.46250596694493,37.01232227488152,6.796113744075831,11.41370616113746,46.57962085308057,19.151658767772496,154.2333213661056,33.89099526066351,1356.9213729314122,62.0,8.999999999999996,12.600000000000005,54.0,1972.5664251841524,39,4.547436995574802,16.0,5.200000000000003,10.339999999999995,38.5,2.0,30,89107.9437951269,41951.46341158072,131059.40720670763,4450.099999999999
209,1068,284,78.04073835573689,36.98501872659176,6.798689138576776,11.408295880149842,46.633426966292134,19.304681647940082,152.53515258385212,34.046816479400746,2230.348364969119,62.0,8.999999999999996,12.540000000000004,54.5,1270.0796942363797,39,4.547436995574802,16.0,5.200000000000003,10.339999999999995,38.5,2.0,30,83347.508563927,43319.983333814,126667.491897741,6192.799999999999
210,1045,279,78.0541403903961,36.840191387559805,6.7842105263157935,11.426526315789474,46.628708133971294,19.503636363636357,148.6147103136247,34.202870813397126,2230.348364969119,62.0,8.999999999999996,12.540000000000004,54.5,1269.0796942363797,39,4.547436995574802,15.0,5.200000000000003,10.459999999999996,38.5,4.0,30,81566.57670796392,41463.50417750129,123030.0808854652,6063.2
211,1025,272,75.54875799582436,36.50536585365854,6.754731707317067,11.421248780487826,46.50439024390244,19.91707317073174,154.0590977671792,34.41463414634146,1353.376531693446,62.0,8.999999999999996,12.540000000000004,54.5,2230.348364969119,39,4.940882076511965,15.0,5.200000000000003,10.459999999999996,38.5,7.8586016353045665,30,77437.47694571997,41904.07459267274,119341.55153839271,5940.9
212,992,274,74.87130478969168,36.60786290322581,6.744858870967751,11.432157258064532,46.43346774193548,20.01834677419352,152.65418587098952,34.591733870967744,2268.5886092175147,62.0,8.999999999999996,12.540000000000004,54.5,1353.376531693446,39,4.940882076511965,15.0,5.200000000000003,10.459999999999996,38.5,6.890332540521992,31,74272.33435137414,41827.246928651126,116099.58128002528,5938.4
213,1014,238,73.05402500282702,36.633136094674555,6.75098619329389,11.448224852071023,46.47781065088758,19.674852071005905,159.0268361341178,34.78303747534517,2268.5886092175147,62.0,8.999999999999996,12.540000000000004,54.5,1266.0796942363797,39,5.135638425818793,14.0,5.200000000000003,10.459999999999996,38.5,5.890332540521992,31,74076.7813528666,37848.38699992003,111925.16835278663,4842.4
214,1006,240,71.7451421593759,36.94632206759443,6.780019880715713,11.434254473161051,46.65059642147117,20.007952286282293,148.5428967423556,34.88270377733598,2268.5886092175147,62.0,8.999999999999996,12.540000000000004,54.5,1265.0796942363797,39,5.135638425818793,14.0,5.100000000000003,10.459999999999996,39.0,4.890332540521992,31,72175.61301233216,35650.295218165345,107825.9082304975,5565.0
215,974,267,69.03477465400965,37.0,6.7876796714579175,11.44574948665299,46.76334702258727,20.37217659137578,140.44343055452953,35.01950718685831,1089.5115536874948,62.0,8.999999999999996,12.540000000000004,54.5,2268.5886092175147,39,5.269142099962377,14.0,5.100000000000003,10.459999999999996,39.0,3.8903325405219924,31,67239.8705130054,37498.39595805939,104738.2664710648,6133.2
216,945,266,72.70341578445253,37.13333333333333,6.814814814814814,11.429481481481501,46.86931216931217,20.33005291005289,122.22228893101861,35.142857142857146,2316.6866592131178,60.0,8.999999999999996,12.540000000000004,54.5,1263.0796942363797,39,5.269142099962377,14.0,5.100000000000003,10.459999999999996,39.0,2.8903325405219924,31,68704.72791630765,32511.12885565095,101215.8567719586,5487.799999999999
217,910,257,73.15026976609036,36.987912087912086,6.808681318681327,11.426549450549466,46.86153846153846,20.48824175824175,121.87322762226648,35.28241758241758,2316.6866592131178,60.0,8.999999999999996,12.540000000000004,54.5,1453.100466536237,39,5.269142099962377,15.0,5.100000000000003,10.459999999999996,39.5,1.8903325405219924,31,66566.74548714222,31321.419498922485,97888.16498606472,5387.099999999999
218,903,253,67.94196739730363,36.66112956810631,6.794905869324475,11.425204872646738,46.7890365448505,20.294241417497236,129.47732847755051,35.50387596899225,2316.6866592131178,60.0,8.999999999999996,12.540000000000004,54.5,1261.0796942363797,40,4.516806445577378,15.0,5.200000000000003,10.459999999999996,39.5,4.8821924613221865,31,61351.596559765174,32757.764104820282,94109.36066458546,5111.5
219,903,236,66.99298312599767,36.53488372093023,6.789479512735333,11.409125138427479,46.76578073089701,19.94606866002213,128.72192803028932,35.67109634551495,2604.229527462535,60.0,8.999999999999996,12.540000000000004,54.5,1294.2516886448482,40,4.516806445577378,15.0,5.200000000000003,10.459999999999996,39.5,3.8821924613221865,31,60494.6637627759,30378.375015148278,90873.03877792417,4596.099999999999
220,897,235,65.45876053462834,36.56967670011148,6.778595317725756,11.411928651059101,46.76867335562988,19.787290969899683,123.77415759002626,35.84615384615385,2604.229527462535,61.0,8.999999999999996,12.540000000000004,54.5,1293.2516886448482,40,4.516806445577378,15.0,5.200000000000003,10.459999999999996,39.5,2.8821924613221865,32,58716.50819956162,29086.92703365617,87803.4352332178,4862.099999999999
221,892,245,61.078714169839344,36.24551569506726,6.758744394618832,11.410739910313902,46.74607623318386,19.973766816143506,120.64902206322957,36.011210762331835,2604.229527462535,61.0,8.999999999999996,12.540000000000004,54.5,1292.2516886448482,40,5.679349490766485,14.0,5.200000000000003,10.459999999999996,39.5,2.0198325014819867,32,54482.213039496695,29559.010405491244,84041.22344498793,4953.9
222,860,234,61.108707411933224,36.32209302325582,6.7565116279069795,11.391465116279095,46.836627906976744,19.864651162790693,119.71890752244184,36.146511627906975,1302.1147637312674,61.0,8.999999999999996,12.600000000000005,55.0,1291.2516886448482,41,5.075231043590099,14.0,5.200000000000003,10.459999999999996,39.5,5.174039251487365,32,52553.488374262575,28014.22436025139,80567.71273451397,4775.9
223,846,232,59.63808190600076,36.28605200945626,6.76879432624114,11.371796690307328,46.864657210401894,20.010992907801416,118.17814703619945,36.274231678487,1352.882398606737,61.0,8.999999999999996,12.600000000000005,55.0,939.16455801079,41,3.8311292282764313,14.0,5.200000000000003,10.459999999999996,39.5,6.068266300722,32,50453.81729247664,27417.33011239827,77871.14740487491,5006.0
224,837,226,59.237576230594,36.27479091995221,6.778972520908005,11.355890083632016,46.939068100358426,19.43249701314216,109.66566471986093,36.48984468339307,1324.469196198825,61.0,8.999999999999996,12.600000000000005,55.0,938.16455801079,41,5.450774504508865,14.0,5.100000000000003,10.399999999999995,39.5,6.7544895527833795,32,49581.85130500718,24784.44022668857,74366.29153169575,4428.7
225,827,231,59.09667911222245,36.16565900846433,6.76565900846434,11.367762998790823,46.95284159613059,19.340145102781122,98.24536410018554,36.646916565900845,1324.469196198825,61.0,8.899999999999997,12.600000000000005,55.0,937.16455801079,42,5.450774504508865,14.0,5.100000000000003,10.399999999999995,39.5,5.791620520545983,32,48872.95362580797,22694.67910714286,71567.63273295082,4651.4
226,808,228,54.812396358435855,36.23143564356435,6.766460396039604,11.374455445544575,46.962252475247524,19.838242574257407,109.32011529997777,36.806930693069305,1324.469196198825,61.0,8.899999999999997,12.600000000000005,55.0,1130.5714209563903,42,5.432807381410129,14.0,5.100000000000003,10.399999999999995,39.5,5.148565188762159,32,44288.41625761617,24924.98628839493,69213.4025460111,4785.5
227,767,833,56.429311965394824,36.104302477183836,6.758018252933504,11.390534550195557,47.027379400260756,20.109517601043024,63.44505768767371,36.95176010430248,1324.469196198825,61.0,8.899999999999997,12.600000000000005,55.0,1129.5714209563903,42,5.05109830620458,14.0,5.100000000000003,10.399999999999995,39.5,1.0,33,43281.28227745783,52849.7330538322,96131.01533129002,5114.099999999999
228,676,614,86.99281076248505,36.02218934911242,6.741863905325445,11.372041420118359,47.11168639053255,23.409615384615385,59.43139292483745,37.01183431952663,1332.5551934030593,61.0,8.899999999999997,12.600000000000005,55.0,1128.5714209563903,42,5.05109830620458,15.0,5.100000000000003,10.399999999999995,39.5,1.0,33,58807.14007543989,36490.875255850195,95298.01533129008,4465.0
229,735,865,65.4907056213492,36.13469387755102,6.747755102040806,11.384925170068035,47.22312925170068,19.82517006802721,64.35727791194769,37.2312925170068,1162.7889285103672,62.0,8.999999999999996,12.600000000000005,55.0,1332.5551934030593,42,4.550455636740583,16.0,5.200000000000003,10.399999999999995,39.5,1.0,33,48135.66863169167,55669.04539383475,103804.71402552642,4257.5
230,655,609,91.66203621599085,36.16030534351145,6.74931297709923,11.384977099236645,47.286259541984734,20.81267175572519,70.4451236519744,37.26412213740458,1237.7889285103672,62.0,8.999999999999996,12.600000000000005,55.0,1331.5551934030593,42,4.550455636740583,16.0,5.200000000000003,10.399999999999995,41.0,1.0,33,60038.633721474005,42901.08030405241,102939.71402552642,2674.6
231,762,838,59.60947186726864,36.05249343832021,6.749081364829399,11.3927034120735,47.351706036745405,16.046850393700797,71.14866492705188,37.56430446194226,946.3295539078333,62.0,8.999999999999996,12.600000000000005,55.5,1592.120003590911,42,4.550455636740583,16.0,5.200000000000003,10.399999999999995,41.0,1.0,33,45422.4175628587,59622.58120886947,105044.99877172818,3873.2
232,718,542,87.424094321371,36.013927576601674,6.748467966573822,11.399832869080784,47.35724233983287,18.23551532033425,76.45110525642771,37.59192200557103,979.7494990986838,62.0,8.999999999999996,12.600000000000005,55.5,1591.120003590911,42,4.550455636740583,16.0,5.200000000000003,10.399999999999995,41.0,1.0,33,62770.49972274438,41436.49904898382,104206.99877172819,2626.9
233,835,765,62.31735083947003,36.26107784431138,6.770538922155677,11.398970059880234,47.374251497005986,16.785508982035925,74.34600990032328,37.874251497005986,820.7385424478866,62.0,8.999999999999996,12.600000000000005,55.5,1590.120003590911,43,5.4788924850092044,16.0,5.100000000000003,10.339999999999995,40.5,1.0,33,52034.987950957475,56874.69757374731,108909.68552470478,4831.3
234,768,488,92.06717432859223,36.34765625,6.7850260416666615,11.389739583333332,47.447916666666664,19.33971354166668,76.71535991874187,37.920572916666664,1608.4519125056909,62.0,8.999999999999996,12.600000000000005,55.5,867.6705026341181,43,5.4788924850092044,16.0,5.100000000000003,10.339999999999995,40.5,0.712393257119567,33,70707.58988435884,37437.09564034603,108144.68552470487,3693.2999999999997
235,873,727,71.19790718902536,36.52462772050401,6.804925544100806,11.367010309278344,47.49885452462772,17.85933562428407,71.11302027932513,38.169530355097365,1608.4519125056909,62.0,8.999999999999996,12.600000000000005,56.0,866.6705026341181,43,5.4788924850092044,16.0,5.100000000000003,10.339999999999995,40.5,1.0,34,62155.77297601914,51699.16574306937,113854.9387190885,5223.9
236,800,460,96.95254366130561,36.63625,6.817624999999997,11.36597500000001,47.50375,20.306125000000005,77.3171821522696,38.23125,1654.4519125056909,62.0,8.999999999999996,12.600000000000005,56.0,855.34903063374,43,5.672601842469491,16.0,5.100000000000003,10.339999999999995,40.5,1.0,34,77562.03492904449,35565.903790044016,113127.9387190885,3823.2000000000003
237,926,674,66.51455953753143,36.68142548596112,6.816522678185756,11.368833693304534,47.556155507559396,16.88941684665227,79.33402208232076,38.45896328293737,827.2259562528454,62.0,8.999999999999996,12.600000000000005,56.0,871.4556385810915,43,5.825794219477119,16.0,5.100000000000003,10.339999999999995,40.5,1.0,34,61592.48213175411,53471.13088348419,115063.6130152383,4861.2
238,859,376,92.6328229665622,36.554132712456344,6.817112922002336,11.367520372526167,47.52270081490105,18.7940628637951,92.60111193340794,38.514551804423746,882.1876721373513,62.0,8.999999999999996,12.600000000000005,56.0,870.4556385810915,43,5.825794219477119,16.0,5.100000000000003,10.339999999999995,40.5,1.0,34,79571.59492827693,34818.01808696138,114389.61301523831,3359.3
239,979,621,66.00762876916556,36.643513789581206,6.84433094994893,11.381246169560812,47.56281920326864,16.19969356486212,85.71737320829098,38.83248212461696,882.1876721373513,62.0,8.999999999999996,12.600000000000005,56.5,869.4556385810915,44,4.375413276180756,16.0,5.100000000000003,10.339999999999995,40.0,1.0,34,64621.46856501309,53230.4887623487,117851.9573273618,5461.1
240,921,341,91.85194253321417,36.51900108577633,6.83007600434311,11.39261672095549,47.54614549402823,19.096959826275775,95.70474561369981,38.8870792616721,992.2955610806077,62.0,8.999999999999996,12.600000000000005,56.5,879.8992105284749,44,4.375413276180756,16.0,5.100000000000003,10.339999999999995,40.0,1.0,34,84595.63907309025,32635.318254271635,117230.95732736189,4156.5
241,1004,596,71.6044484506383,36.636454183266935,6.815039840637447,11.392669322709189,47.58466135458168,18.12639442231077,82.84824080443579,39.124501992031874,907.5430871020371,62.0,8.899999999999997,12.600000000000005,56.5,878.8992105284749,45,4.375413276180756,16.0,5.100000000000003,10.339999999999995,39.5,1.0,35,71890.86624444085,49377.55151944373,121268.41776388459,6714.0
242,898,366,93.62280691499454,36.78953229398664,6.81013363028953,11.38935412026728,47.661469933184854,20.570267260579058,99.99764249786736,39.16258351893096,1120.3428977562007,62.0,8.899999999999997,12.600000000000005,56.5,907.5430871020371,45,4.375413276180756,16.0,5.100000000000003,10.339999999999995,39.5,1.0,35,84073.2806096651,36599.137154219454,120672.41776388456,5022.5
243,984,616,70.54702985088579,36.72154471544715,6.7854674796747965,11.393577235772337,47.65447154471545,19.234857723577242,90.43165286538473,39.40142276422764,587.3018053987219,62.0,8.999999999999996,12.600000000000005,56.5,906.5430871020371,46,4.183199472036163,16.0,5.100000000000003,10.339999999999995,40.0,1.0,35,69418.27737327162,55705.898165077,125124.17553834862,6448.8
244,885,391,94.38248248169825,36.777401129943506,6.785536723163845,11.388384180790958,47.67401129943503,21.842485875706224,104.80736200011665,39.44406779661017,920.934979118238,62.0,8.999999999999996,12.600000000000005,56.5,905.5430871020371,46,4.183199472036163,16.0,5.100000000000003,10.339999999999995,40.0,0.7984221442303863,35,83528.49699630294,40979.678542045614,124508.17553834856,4872.7
245,941,659,74.57266275697836,36.962805526036135,6.775451647183846,11.398703506907541,47.71200850159405,19.404782146652483,90.07618714444183,39.66843783209352,1064.5107498429256,62.0,8.999999999999996,12.540000000000004,56.5,676.6907693460844,46,4.183199472036163,16.0,5.100000000000003,10.339999999999995,40.0,1.0,35,70172.87565431664,59360.20732818716,129533.08298250381,5791.4
246,855,379,107.08148111847565,37.06432748538012,6.778011695906426,11.40673684210526,47.71345029239766,21.10900584795323,98.4681177472484,39.707602339181285,1090.5107498429256,62.0,8.999999999999996,12.540000000000004,56.5,742.2620678838888,46,4.183199472036163,16.0,5.100000000000003,10.339999999999995,40.0,1.0,36,91554.66635629669,37319.416626207145,128874.08298250384,3583.1
247,986,614,74.47559417321665,37.224137931034484,6.795436105476666,11.41062880324545,47.79817444219067,17.755578093306287,93.42425159669877,39.99797160243408,981.7048745750475,62.0,8.999999999999996,12.540000000000004,56.5,741.2620678838888,47,4.602197579189685,16.0,5.100000000000003,10.339999999999995,40.0,1.0,36,73432.93585479162,57362.490480373046,130795.42633516467,5008.2
248,901,349,103.76208589437141,37.294117647058826,6.799667036625973,11.40894561598224,47.8046614872364,19.422086570477244,105.13406001242389,40.04550499445061,1308.90037446664,62.0,8.999999999999996,12.540000000000004,56.5,740.2620678838888,47,4.602197579189685,16.0,5.100000000000003,10.339999999999995,40.0,1.0,36,93489.63939082864,36691.78694433594,130181.42633516458,3736.4
249,1018,582,76.1838510865554,37.36247544204322,6.82927308447937,11.39308447937133,47.87819253438114,17.49204322200394,95.38674559680548,40.33104125736739,995.7048745750475,62.0,8.999999999999996,12.540000000000004,56.5,739.2620678838888,47,4.602197579189685,16.0,5.100000000000003,10.339999999999995,40.0,1.0,36,77555.1604061134,55515.085937340795,133070.2463434542,5660.4
250,935,332,101.52337234053714,37.35294117647059,6.830481283422453,11.391379679144379,47.855614973262036,19.631122994652408,113.14425664172259,40.40748663101604,896.4314657707763,62.0,8.999999999999996,12.540000000000004,56.0,995.7048745750475,47,5.295799868009041,16.0,5.100000000000003,10.339999999999995,40.0,2.0,36,94924.35313840222,37563.8932050519,132488.2463434541,4165.400000000001
251,1034,566,73.24707967546907,37.304642166344294,6.822533849129595,11.396073500967132,47.89506769825919,17.92340425531912,104.06236472376122,40.677949709864606,896.4314657707763,62.0,8.999999999999996,12.540000000000004,56.0,994.7048745750475,47,4.328602993189346,15.0,5.0000000000000036,10.279999999999994,40.0,1.0,36,75737.48038443501,58899.29843364885,134636.77881808387,6359.5
252,937,343,99.12562339656455,37.204909284951974,6.8147278548559225,11.397652081109916,47.845250800426896,20.33233724653147,120.08766675073716,40.747065101387406,1201.265753260518,61.0,8.999999999999996,12.540000000000004,56.0,1008.8329016865642,47,4.328602993189346,15.0,5.0000000000000036,10.279999999999994,40.0,2.0,36,92880.70912258099,41190.06969550285,134070.77881808384,5038.6
253,1025,575,76.67426867540793,36.97268292682927,6.808000000000004,11.404995121951217,47.877560975609754,19.01863414634149,102.7714637582129,40.966829268292685,1201.265753260518,62.0,9.099999999999996,12.600000000000005,56.0,1007.8329016865642,47,4.328602993189346,15.0,5.0000000000000036,10.279999999999994,39.5,1.0,36,78591.12539229314,59093.59166097242,137684.71705326554,6465.2
254,929,335,104.71075670237911,37.061356297093646,6.810226049515605,11.39931108719054,47.91980624327233,21.12034445640474,118.90574351270268,41.01829924650161,901.1252842283241,62.0,9.099999999999996,12.600000000000005,55.5,1333.4284551733228,47,4.328602993189346,15.0,5.0000000000000036,10.279999999999994,39.5,1.0,36,97276.2929765102,39833.4240767554,137109.7170532656,4402.0
255,1033,361,77.61941475371155,37.057115198451115,6.800774443368832,11.414908034849956,47.91868344627299,19.18441432720233,135.9121709000979,41.26331074540174,901.1252842283241,62.0,9.099999999999996,12.600000000000005,55.5,1332.4284551733228,47,4.328602993189346,15.0,5.0000000000000036,10.279999999999994,39.5,2.0,36,80180.85544058404,49064.29369493534,129245.14913551937,6045.6
256,1029,286,81.78653518345229,37.03984450923227,6.792031098153555,11.409776482021396,47.88775510204081,19.114285714285714,147.81132329774803,41.40427599611273,1359.112791445979,62.0,9.099999999999996,12.600000000000005,55.5,1004.8329016865642,47,4.328602993189346,15.0,5.0000000000000036,10.279999999999994,39.5,1.0,36,84158.3447037724,42274.038463155935,126432.38316692834,4495.0
257,1049,295,74.61675626048728,37.04861773117255,6.806005719733081,11.396472831267882,47.91277407054338,18.447664442326012,146.98051359319294,41.561487130600575,1199.3552325987075,62.0,9.099999999999996,12.600000000000005,55.5,1003.8329016865642,48,4.328602993189346,14.0,5.0000000000000036,10.279999999999994,39.5,1.0,37,78272.97731725115,43359.25150999192,121632.22882724306,5689.7
258,1036,275,75.0375274399409,36.80984555984556,6.772104247104249,11.402760617760633,47.83252895752896,18.475193050193067,146.85640248905446,41.72586872586873,1199.3552325987075,62.0,9.099999999999996,12.600000000000005,55.5,872.4428882531245,48,4.328602993189346,14.0,5.0000000000000036,10.279999999999994,39.5,4.0,37,77738.87842777878,40385.51068448998,118124.38911226875,5447.3
259,1053,243,72.80195025402307,36.90883190883191,6.772554605887939,11.405830959164282,47.86087369420703,19.21073124406459,154.91865334883656,41.87559354226021,998.3269764537179,62.0,9.099999999999996,12.600000000000005,55.5,1199.3552325987075,48,4.575706654317278,14.0,5.0000000000000036,10.279999999999994,40.0,3.0,37,76660.45361748629,37645.232763767286,114305.68638125357,5654.1
260,1048,221,75.91694413247673,36.908396946564885,6.796755725190845,11.401679389312989,47.908874045801525,20.136164122137384,141.51073462409244,42.04770992366412,1218.1671085457267,62.0,8.899999999999997,12.600000000000005,55.5,998.3269764537179,48,4.575706654317278,15.0,5.0000000000000036,10.279999999999994,40.0,4.0,37,79560.95745083562,31273.872351924427,110834.82980276004,6063.900000000001
261,1039,220,75.72523979905331,36.8344562078922,6.796631376323395,11.398671799807511,47.95235803657363,21.007603464870055,130.72288070289457,42.186717998075075,1293.1437686091117,62.0,8.899999999999997,12.600000000000005,55.5,996.4185073058585,48,4.575706654317278,15.0,5.0000000000000036,10.279999999999994,40.0,4.100628372182396,37,78678.52415121639,28759.033754636806,107437.5579058532,5924.0
262,985,241,71.21655222191673,36.58984771573604,6.757969543147199,11.400426395939105,47.923857868020306,21.790558375634514,145.78506059208942,42.33299492385787,1293.1437686091117,62.0,8.899999999999997,12.600000000000005,55.5,1218.1671085457267,48,4.575706654317278,15.0,5.0000000000000036,10.279999999999994,40.0,3.1006283721823964,37,70148.30393858798,35134.19960269355,105282.50354128153,6411.2
263,937,261,66.96145735529888,36.28815368196371,6.731696905016014,11.413617929562431,47.843116328708646,22.504802561366056,151.70105203220461,42.49946638207044,1238.759575151459,62.0,8.899999999999997,12.600000000000005,55.5,1293.1437686091117,49,4.575706654317278,15.0,5.0000000000000036,10.279999999999994,40.5,2.1006283721823964,37,62742.88554191505,39593.974580405404,102336.86012232045,6260.900000000001
264,893,269,70.5124799040676,36.02463605823068,6.724860022396412,11.405531914893627,47.923292273236285,22.017245240761454,134.9029545318141,42.704367301231805,1238.759575151459,62.0,8.999999999999996,12.600000000000005,55.5,1307.7536324800537,49,4.546406499708884,14.0,5.0000000000000036,10.219999999999994,40.5,1.1006283721823964,38,62967.644554332364,36288.89476905799,99256.53932339035,5225.1
265,885,241,68.87618758468633,36.14237288135593,6.7323163841807965,11.397694915254252,48.00282485875706,21.080451977401133,141.8593015343774,42.84858757062147,939.9097368394644,62.0,8.999999999999996,12.600000000000005,55.5,1306.7536324800537,49,4.575706654317278,14.0,5.0000000000000036,10.219999999999994,40.5,5.468246185238858,38,60955.42601244741,34188.09166978495,95143.51768223237,4449.3
266,909,223,70.22540193052937,36.30473047304731,6.752255225522552,11.371947194719475,48.108360836083605,20.380858085808594,122.64426907514016,43.0,1327.6854794319988,62.0,8.999999999999996,12.540000000000004,55.0,1237.759575151459,48,4.575706654317278,14.0,5.0000000000000036,10.219999999999994,40.5,4.468246185238858,38,63834.8903548512,27349.672003756255,91184.56235860745,4224.2
267,893,228,65.86766826738553,36.275475923852184,6.765173572228442,11.359484882418842,48.15509518477044,20.190257558790613,127.72485492763661,43.172452407614784,1470.4917826214476,62.0,8.999999999999996,12.540000000000004,55.0,1236.759575151459,48,5.291303464162633,14.0,5.0000000000000036,10.219999999999994,40.5,5.813181906246644,38,58819.82776277527,29121.26692350115,87941.09468627642,4949.6
268,863,225,66.58900125099895,36.28968713789108,6.757126303592123,11.366234067207428,48.19003476245655,20.480301274623418,124.46385916813922,43.30243337195829,1470.4917826214476,62.0,8.999999999999996,12.540000000000004,55.0,1249.3021951889386,49,5.354502516448289,14.0,5.0000000000000036,10.219999999999994,40.5,4.813181906246644,38,57466.30807961209,28004.368312831324,85470.67639244342,5199.8
269,861,228,61.40906756484895,36.271777003484324,6.755516840882698,11.367781649245066,48.221254355400696,20.217653890824632,126.03360192014043,43.46341463414634,1470.4917826214476,62.0,8.999999999999996,12.600000000000005,55.0,1248.3021951889386,49,4.300109621319816,14.0,5.0000000000000036,10.219999999999994,40.5,3.813181906246644,38,52873.207173334944,28735.661237792017,81608.86841112695,4964.8
270,840,219,63.05730001086867,36.03214285714286,6.746428571428577,11.361952380952388,48.242261904761904,20.757619047619023,117.30155012544493,43.61666666666667,1470.4917826214476,62.0,8.999999999999996,12.600000000000005,55.0,1327.6854794319988,49,4.300109621319816,14.0,5.0000000000000036,10.219999999999994,40.5,4.066474081947252,38,52968.13200912969,25689.03947747244,78657.17148660214,5177.8
271,813,225,64.82589750764109,36.05289052890529,6.770356703567038,11.36757687576877,48.32779827798278,21.04563345633459,102.31002722150905,43.77121771217712,1341.3327445323332,62.0,8.999999999999996,12.600000000000005,55.0,1273.9861051956875,48,5.354502516448289,14.0,5.0000000000000036,10.219999999999994,40.5,4.457247808420926,39,52703.45467371221,23019.756124839536,75723.21079855174,5188.400000000001
272,798,213,62.065458700357006,35.70175438596491,6.727067669172935,11.377343358396002,48.342731829573935,20.637969924812033,107.38263486683509,43.909774436090224,1341.3327445323332,62.0,8.999999999999996,12.600000000000005,55.0,1272.9861051956875,48,4.067485941390361,14.0,4.900000000000004,10.219999999999994,40.5,3.9468225822477283,39,49528.23604288489,22872.501226635875,72400.73726952076,4525.1
273,796,220,53.63922316559061,35.69597989949749,6.735552763819091,11.370603015075398,48.40640703517588,20.487939698492468,121.71947975991839,44.05527638190955,1017.409534066197,61.0,8.999999999999996,12.600000000000005,55.0,1341.3327445323332,48,5.354502516448289,14.0,4.900000000000004,10.219999999999994,41.0,2.9468225822477283,39,42696.82163981012,26778.285547182044,69475.10718699216,4393.6
274,800,217,55.77132471333204,35.70875,6.7255,11.369675000000024,48.51,19.599375000000002,101.23861588511248,44.1875,1358.290276417163,61.0,8.999999999999996,12.600000000000005,55.0,1270.9861051956875,48,5.354502516448289,14.0,4.900000000000004,10.159999999999993,41.0,6.09808375580567,39,44617.05977066563,21968.77964706941,66585.83941773504,4095.3
275,801,799,53.59036348021324,35.52933832709114,6.7566791510611806,11.363345817727852,48.57365792759051,19.48352059925093,61.9701639508438,44.37328339575531,1329.9669204982026,61.0,8.999999999999996,12.600000000000005,55.0,1017.409534066197,49,4.631452453297518,13.0,4.900000000000004,10.159999999999993,41.0,1.0,39,42925.881147650805,49514.1609967242,92440.04214437501,4203.900000000001
276,713,560,78.83542550178548,35.53716690042076,6.768863955119213,11.366928471248249,48.576437587657786,22.46746143057505,63.270328145717926,44.467040673211784,1329.9669204982026,61.0,8.999999999999996,12.600000000000005,55.0,1016.409534066197,49,4.631452453297518,13.0,4.900000000000004,10.159999999999993,41.0,1.0,40,56209.65838277304,35431.38376160204,91641.04214437508,4555.6
277,807,793,58.311177007055264,36.34324659231722,6.832465923172237,11.381412639405212,48.71127633209418,19.411771995043374,64.40580926916195,44.6815365551425,1375.134889010445,61.0,8.999999999999996,12.660000000000005,55.5,1015.409534066197,49,4.459079161979117,13.0,4.900000000000004,10.159999999999993,41.0,1.0,40,47057.119844693596,51073.80675044543,98130.92659513903,4365.5
278,740,507,84.20216612064023,36.58918918918919,6.8497297297297255,11.387405405405413,48.7722972972973,21.194729729729726,69.0893957906612,44.704054054054055,1044.0387610614619,61.0,8.999999999999996,12.660000000000005,55.5,1375.134889010445,49,4.459079161979117,13.0,4.900000000000004,10.159999999999993,41.5,1.0,40,62309.602929273766,35028.32366586523,97337.926595139,3009.4
279,857,743,60.61244570303751,36.60910151691949,6.846557759626606,11.405180863477272,48.68436406067678,18.285064177362898,69.16873338890798,45.01516919486581,648.9458262452968,60.0,8.999999999999996,12.660000000000005,55.5,1374.134889010445,49,3.779308844482772,12.0,4.900000000000004,10.159999999999993,41.5,1.0,40,51944.865967503145,51392.36890795863,103337.23487546179,4814.2
280,790,464,88.61031445519227,36.46962025316456,6.836455696202526,11.412531645569617,48.663291139240506,20.58886075949369,70.24156563762914,45.04683544303798,1476.1252966617026,60.0,8.999999999999996,12.660000000000005,55.5,694.1391658500349,49,3.779308844482772,12.0,4.900000000000004,10.159999999999993,41.5,1.0,40,70002.14841960189,32592.08645585992,102594.23487546181,3600.5
281,877,722,61.134435123032425,36.64310148232611,6.871493728620294,11.40417331813,48.75199543899658,17.90045610034208,73.79754650365447,45.32497149372862,936.8074107142878,60.0,8.899999999999997,12.660000000000005,55.5,1476.1252966617026,50,3.779308844482772,12.0,4.900000000000004,10.159999999999993,41.5,1.0,40,53614.89960289944,53281.82857563853,106896.72817853797,5753.0
282,814,449,87.25049722390013,36.89312039312039,6.89570024570024,11.398525798525798,48.82125307125307,20.288574938574932,78.25998148834285,45.33538083538083,1014.2823089428152,60.0,8.899999999999997,12.660000000000005,55.5,1475.1252966617026,50,3.779308844482772,12.0,4.900000000000004,10.159999999999993,41.5,1.0,40,71021.9047402547,35138.731688265936,106160.63642852064,3547.1000000000004
283,918,682,61.372975019324805,36.56427015250544,6.900217864923751,11.400653594771233,48.828976034858385,17.850326797385627,76.24427315237534,45.69389978213508,782.7886527118608,60.0,8.899999999999997,12.660000000000005,55.5,1474.1252966617026,50,3.779308844482772,12.0,4.900000000000004,10.159999999999993,41.5,1.0,41,56340.39106774017,51998.59428991999,108338.98535766016,5769.5
284,821,441,85.88833410076606,36.58587088915956,6.911814859926921,11.401315468940323,48.83800243605359,19.579293544457997,84.22372576174892,45.79415347137637,887.4621177480743,60.0,8.899999999999997,12.660000000000005,55.5,1473.1252966617026,50,3.779308844482772,12.0,4.900000000000004,10.159999999999993,41.5,1.0,41,70514.32229672893,37142.66306093128,107656.98535766022,4293.4
285,922,678,67.48691868076486,36.5824295010846,6.925704989154019,11.386073752711495,48.91052060737527,18.55737527114966,75.72418262104947,46.03796095444685,887.4621177480743,60.0,8.899999999999997,12.660000000000005,55.0,1472.1252966617026,51,4.508489136146258,12.0,4.900000000000004,10.099999999999993,41.5,1.0,41,62222.939023665196,51340.99581707153,113563.93484073674,5494.6
286,842,422,92.79219805185156,36.6353919239905,6.930403800475053,11.378646080760099,48.950118764845605,21.21460807600949,82.35759260918881,46.0855106888361,1553.4102506117815,60.0,8.899999999999997,12.660000000000005,55.0,780.7886527118608,51,4.508489136146258,12.0,4.900000000000004,10.099999999999993,41.5,1.0,41,78131.03075965901,34754.90408107768,112885.93484073669,4354.8
287,939,661,69.35505214975846,36.91799787007455,6.9589989350372745,11.386858359957385,49.039936102236425,18.766347177848754,76.58384126491575,46.34398296059638,1272.8056085337166,61.0,8.899999999999997,12.660000000000005,55.0,693.4682746919285,51,4.508489136146258,11.0,4.900000000000004,10.099999999999993,41.5,1.0,41,65124.3939686232,50621.919076109305,115746.3130447325,5716.0
288,862,408,94.98456491227059,37.09976798143852,6.986774941995363,11.375823665893257,49.08062645011601,20.938631090487203,81.39367179008642,46.380510440835266,1272.8056085337166,61.0,8.899999999999997,12.600000000000005,55.0,835.6781638189859,51,6.062132856781986,11.0,4.900000000000004,10.099999999999993,41.5,1.0,41,81876.69495437725,33208.61809035526,115085.31304473251,3769.5
289,955,644,68.75154789465734,37.1151832460733,6.99120418848168,11.393382198952889,49.085340314136126,18.84356020942407,81.53703226674888,46.627225130890054,797.4023163632047,61.0,8.899999999999997,12.600000000000005,55.5,1272.8056085337166,51,3.540006281292219,11.0,4.900000000000004,10.099999999999993,41.5,1.0,41,65657.72823939775,52509.84877978628,118167.57701918404,6418.1
290,868,406,91.23802771318928,37.12442396313364,7.000345622119821,11.39675115207374,49.130760368663594,21.25794930875574,94.36464406212225,46.66013824884793,850.5908582368116,61.0,8.899999999999997,12.600000000000005,55.5,1271.8056085337166,51,3.540006281292219,11.0,4.900000000000004,10.099999999999993,41.5,2.0,42,79194.6080550483,38312.04548922164,117506.65354426994,4578.7
291,988,612,69.7878239091789,37.01113360323887,6.999595141700411,11.396437246963574,49.102732793522264,19.27196356275304,86.0353773053837,46.909919028340084,850.5908582368116,61.0,8.899999999999997,12.600000000000005,55.5,1270.8056085337166,52,3.540006281292219,11.0,4.800000000000004,10.099999999999993,41.5,1.0,42,68950.37002226875,52653.65091089482,121604.02093316357,5548.5
292,886,382,94.41480653896946,36.69525959367946,6.993002257336353,11.397110609480817,49.07110609480813,21.341309255079018,97.7500061247032,46.9920993227991,1373.047811250385,61.0,8.899999999999997,12.600000000000005,55.5,833.1963765734318,52,4.703301808610955,11.0,4.800000000000004,10.099999999999993,41.5,1.0,42,83651.51859352694,37340.50233963662,120992.02093316356,4699.900000000001
293,989,611,70.83723997202168,36.7108190091001,7.003842264914061,11.396076845298284,49.04196157735086,18.751466127401404,90.14595501374143,47.25884732052578,1373.047811250385,61.0,8.999999999999996,12.600000000000005,55.5,885.5908582368116,52,4.703301808610955,12.0,4.800000000000004,10.099999999999993,41.0,1.0,42,70058.03033232944,55079.178513396015,125137.20884572546,5755.2
294,901,346,98.7934744337285,36.85127635960044,7.024306326304102,11.39078801331854,49.01775804661487,20.665926748057718,102.63956179461329,47.32297447280799,1373.047811250385,61.0,8.999999999999996,12.600000000000005,55.5,884.5908582368116,52,4.703301808610955,12.0,4.800000000000004,10.099999999999993,41.0,2.8332113294460584,42,89012.92046478938,35513.288380936196,124526.20884572557,4092.6
295,1009,394,71.16348363758063,36.98116947472745,7.028741328047565,11.379008919722505,49.00545094152626,18.41318136769076,115.50510993603396,47.54905847373637,912.775968317912,61.0,8.999999999999996,12.600000000000005,55.5,1468.047811250385,52,4.186876778785215,13.0,4.700000000000005,10.039999999999992,41.0,1.8332113294460584,42,71803.95499031885,45509.01331479738,117312.96830511623,6210.2
296,1028,277,77.76474866667884,36.98929961089494,7.025389105058372,11.374805447470807,49.04182879377432,18.715466926070057,123.9307332280562,47.650778210116734,912.775968317912,61.0,8.999999999999996,12.600000000000005,55.5,1467.047811250385,53,5.252697091234923,14.0,4.700000000000005,10.039999999999992,41.0,1.0,42,79942.16162934585,34328.81310417157,114270.97473351742,4300.9
297,1066,287,66.16772803400683,36.92307692307692,7.0116322701688585,11.374652908067533,49.10506566604128,18.741932457786117,136.4622430482189,47.75234521575985,950.416278467906,61.0,8.999999999999996,12.600000000000005,55.5,1466.047811250385,53,5.252697091234923,14.0,4.700000000000005,10.039999999999992,41.0,2.0,42,70534.79808425128,39164.663754838824,109699.4618390901,6225.0
298,1056,246,70.95393267926441,36.81060606060606,7.012026515151509,11.377140151515166,49.10842803030303,18.89412878787878,127.7057059578596,47.90814393939394,1471.069886729321,61.0,9.099999999999996,12.600000000000005,55.0,911.775968317912,53,5.279418177196467,14.0,4.700000000000005,10.039999999999992,41.0,5.0,42,74927.35290930321,31415.60366563346,106342.95657493667,5726.3
299,1051,235,66.83423591417778,36.40627973358706,6.997240723120826,11.365956232159867,49.10323501427212,19.325499524262597,140.46660913446817,48.09134157944815,1471.069886729321,61.0,9.099999999999996,12.600000000000005,55.0,882.4444757531573,54,5.279418177196467,14.0,4.600000000000005,10.039999999999992,41.0,4.0,43,70242.78194580085,33009.65314660002,103252.43509240088,6142.1
300,1073,209,65.11647231099808,36.58807082945014,6.990121155638396,11.380279589934782,49.106244175209696,20.190959925442648,143.73632464442937,48.22273998136067,1415.9780451837203,61.0,9.099999999999996,12.600000000000005,55.0,1471.069886729321,54,4.922146983538857,14.0,4.600000000000005,10.039999999999992,41.5,7.84304069045223,43,69869.97478970094,30040.891850685737,99910.86664038667,5778.0
301,1061,221,61.25044081786375,36.50989632422243,6.9853911404335545,11.379528746465619,49.152214891611685,20.127898209236573,138.82061837465497,48.363807728557966,899.2677378677863,61.0,9.099999999999996,12.540000000000004,55.5,1470.069886729321,54,4.057263408417958,14.0,4.600000000000005,10.039999999999992,41.5,8.114526816835916,43,64986.717707753436,30679.35666079875,95666.07436855219,5896.6
302,1037,218,63.527531182152224,36.36644165863066,6.984474445515909,11.369508196721341,49.170684667309544,20.63895853423336,123.71080752111006,48.54676952748312,899.2677378677863,61.0,9.099999999999996,12.540000000000004,55.5,1469.069886729321,54,4.684415655515166,14.0,4.600000000000005,10.039999999999992,41.5,6.5268168835896265,45,65878.04983589186,26968.95603960199,92847.00587549385,5822.9
303,1017,205,62.680793938291366,36.41396263520157,7.008947885939028,11.361887905604727,49.186823992133725,21.18928220255651,125.88941885302611,48.66961651917404,1486.9529160306513,61.0,9.099999999999996,12.540000000000004,55.5,1432.3573954042824,55,4.755575277815271,14.0,4.600000000000005,10.039999999999992,41.5,4.922146983538857,45,63746.36743524232,25807.330864870353,89553.69830011268,6055.0
304,994,207,62.73908802392421,36.68209255533199,7.033802816901413,11.35871227364186,49.267102615694164,21.202917505030182,113.82828324868734,48.79376257545272,1486.856298384153,61.0,9.099999999999996,12.540000000000004,55.5,865.058444279309,55,5.029993172945968,14.0,4.600000000000005,9.979999999999992,41.5,3.922146983538857,45,62362.653495780665,23562.45463247828,85925.10812825894,5774.3
305,945,228,62.10846034216741,36.76084656084656,7.049312169312164,11.354412698412695,49.23756613756614,21.599047619047646,105.50048714148409,48.958730158730155,899.2677378677863,61.0,9.099999999999996,12.540000000000004,55.5,864.058444279309,55,5.029993172945968,14.0,4.600000000000005,9.979999999999992,41.5,2.922146983538857,45,58692.4950233482,24054.11106825837,82746.60609160658,6033.0
306,924,217,60.81072586934125,36.50865800865801,7.039718614718609,11.360000000000001,49.193722943722946,21.86893939393941,109.49044487012927,49.163419913419915,881.4724762583351,60.0,9.099999999999996,12.540000000000004,55.5,797.3493407041171,55,4.768874847390421,13.0,4.600000000000005,9.979999999999992,41.5,1.9221469835388572,45,56189.11070327131,23759.42653681805,79948.53724008935,5457.5
307,880,242,58.76968746570788,36.29204545454545,6.996704545454543,11.372931818181822,49.18181818181818,21.372499999999963,103.87905059413973,49.31363636363636,912.4237412099845,60.0,9.099999999999996,12.480000000000004,55.5,796.3493407041171,55,4.340669134669773,13.0,4.500000000000005,9.979999999999992,41.5,0.9221469835388572,45,51717.324969822934,25138.730243781814,76856.05521360475,5461.7
308,875,222,57.87101400087125,36.376,6.988685714285721,11.36813714285716,49.26228571428572,21.237600000000008,104.67698277351691,49.488,824.2096330458432,60.0,9.099999999999996,12.480000000000004,55.5,813.6275925923026,55,4.340669134669773,13.0,4.500000000000005,10.039999999999992,41.5,5.448767596323281,45,50637.137250762346,23238.290175720755,73875.4274264831,4838.1
309,874,214,55.64358886257046,36.32837528604119,6.9878718535469115,11.36201372997712,49.26201372997712,21.090503432494273,103.91026165414529,49.66704805491991,824.2096330458432,60.0,9.099999999999996,12.540000000000004,55.5,830.2881222672506,55,4.340669134669773,13.0,4.500000000000005,9.979999999999992,41.5,4.837204880093761,45,48632.49666588658,22236.795993987093,70869.29265987367,4847.1
310,830,243,52.9694693244986,36.30843373493976,6.994096385542168,11.355831325301198,49.28915662650602,20.600481927710835,101.27383167385076,49.850602409638554,807.3456187393559,61.0,9.099999999999996,12.540000000000004,55.5,829.2881222672506,55,4.340669134669773,13.0,4.500000000000005,9.979999999999992,41.5,5.713744570075672,45,43964.659539333836,24609.541096745736,68574.20063607956,5257.3
311,831,203,54.1936785201365,36.2791817087846,6.994945848375449,11.346040914560767,49.40974729241877,21.83718411552345,103.66025006107292,49.98315282791817,829.7298076833131,61.0,9.099999999999996,12.540000000000004,56.0,828.2881222672506,55,4.340669134669773,13.0,4.500000000000005,9.979999999999992,41.5,4.713744570075672,46,45034.946850233435,21043.0307623978,66077.97761263124,4824.2
312,802,222,51.57993177473392,36.35660847880299,7.000748129675815,11.328728179551122,49.48129675810474,21.382044887780555,101.25833807133284,50.119700748129674,832.3744306837928,61.0,9.099999999999996,12.540000000000004,56.0,808.6108527601136,55,4.340669134669773,13.0,4.500000000000005,9.979999999999992,41.5,3.713744570075672,46,41367.105283336605,22479.351051835893,63846.456335172494,5222.0
313,798,204,51.76758717187838,36.49749373433584,7.000877192982464,11.31288220551378,49.47305764411028,21.25939849624061,97.64014762630475,50.31954887218045,875.5078044968217,61.0,9.099999999999996,12.540000000000004,56.0,807.6108527601136,55,4.42560002195939,13.0,4.500000000000005,9.979999999999992,41.5,3.286641701978205,46,41310.53456315895,19918.59011576617,61229.124678925116,4431.7
314,774,197,51.2436428650571,36.31653746770026,7.007881136950898,11.3117054263566,49.53488372093023,21.187467700258377,98.33892279149104,50.46511627906977,735.529669466379,61.0,9.199999999999996,12.540000000000004,56.0,875.5078044968217,55,4.42560002195939,13.0,4.400000000000006,9.979999999999992,41.5,3.314310229956912,46,39662.57957755419,19372.767789923735,59035.34736747792,4416.5
315,732,868,52.01699703526871,36.28415300546448,7.019398907103827,11.304207650273217,49.51092896174863,20.919125683060106,59.65481949413083,50.64207650273224,1141.307764110091,61.0,9.199999999999996,12.540000000000004,56.0,837.4939265497802,55,4.42560002195939,13.0,4.400000000000006,9.979999999999992,41.5,1.0,46,38076.44182981669,51780.38332090556,89856.82515072226,4545.3
316,641,669,72.66438222182396,36.38689547581903,7.042277691107639,11.297691107644308,49.59984399375975,23.612012480499217,63.394553283308014,50.673946957878314,1141.307764110091,61.0,9.199999999999996,12.540000000000004,56.0,836.4939265497802,55,4.42560002195939,13.0,4.400000000000006,9.979999999999992,41.5,1.0,46,46577.86900418915,42410.95614653306,88988.82515072222,4214.0
317,735,865,58.80457832836133,36.4421768707483,7.023537414965985,11.317251700680272,49.52925170068027,20.774965986394562,60.91781379786034,50.964625850340134,1141.307764110091,61.0,9.199999999999996,12.540000000000004,56.0,835.4939265497802,56,4.820752776503495,13.0,4.400000000000006,9.979999999999992,41.0,0.31431022995691205,46,43221.36507134558,52693.90893514919,95915.27400649477,4043.3
318,672,588,84.86487157497774,36.72767857142857,7.0467261904761855,11.315744047619049,49.526785714285715,22.58511904761904,64.6628673433329,51.058035714285715,725.7958407543574,61.0,9.199999999999996,12.480000000000004,56.0,1141.307764110091,56,4.820752776503495,13.0,4.400000000000006,9.979999999999992,41.0,1.0,47,57029.19369838504,38021.765997879746,95050.95969626479,2872.7000000000003
319,796,804,59.63552634856422,36.994974874371856,7.083040201005021,11.32118090452261,49.642587939698494,17.628266331658306,63.657051251397185,51.3391959798995,1173.6577590617496,61.0,9.199999999999996,12.480000000000004,56.0,833.4939265497802,56,5.074825996739683,12.0,4.400000000000006,9.919999999999991,40.5,1.0,47,47469.87897345712,51180.26920612334,98650.14817958046,3996.7
320,728,481,84.65230514319096,36.90521978021978,7.073076923076926,11.341813186813194,49.63461538461539,18.62417582417584,75.2999377034044,51.40384615384615,1076.0739705374474,61.0,9.199999999999996,12.480000000000004,56.0,1173.6577590617496,56,5.074825996739683,12.0,4.400000000000006,9.919999999999991,40.5,1.0,47,61626.87814424302,36219.27003533751,97846.14817958053,2667.7
321,881,719,59.944775888770195,36.88422247446084,7.0582292849035175,11.34245175936437,49.64301929625426,15.488989784335992,70.62537671533623,51.667423382519864,1076.0739705374474,61.0,9.199999999999996,12.480000000000004,56.0,1172.6577590617496,56,4.609528563989588,12.0,4.400000000000006,9.919999999999991,40.5,0.041757821863951605,47,52811.34755800654,50779.64585832675,103590.9934163333,4218.5
322,811,419,85.21029726902042,36.971639950678174,7.05745992601726,11.353144266337848,49.67200986436498,17.070160295930954,80.59088262663316,51.72996300863132,1134.0739705374474,61.0,9.199999999999996,12.480000000000004,56.0,1171.6577590617496,56,4.609528563989588,12.0,4.500000000000005,9.919999999999991,40.5,1.0,47,69105.55108517555,33767.579820559295,102873.13090573484,3383.8999999999996
323,960,640,64.37406247021298,37.0,7.068958333333333,11.333145833333342,49.700520833333336,16.080000000000002,73.48309089686133,51.96458333333333,862.650744848333,61.0,9.199999999999996,12.540000000000004,56.0,1170.6577590617496,56,3.809717603028802,12.0,4.500000000000005,9.919999999999991,42.5,0.11894289260383495,47,61799.09997140446,47029.17817399125,108828.27814539571,5333.2
324,893,361,89.20408955831779,36.87569988801792,7.050391937290031,11.333796192609189,49.704367301231805,19.4629339305711,79.03021392500102,52.00895856662934,1203.558090926104,61.0,9.199999999999996,12.540000000000004,56.0,797.5826311983492,56,4.609528563989588,12.0,4.500000000000005,9.919999999999991,42.5,0.05040700883861504,47,79659.25197557779,28529.907226925367,108189.15920250316,5055.9
325,1015,585,65.81886958995064,36.652216748768474,7.0425615763546805,11.336630541871918,49.70098522167488,18.805812807881743,77.33252054544273,52.224630541871925,1203.558090926104,61.0,9.199999999999996,12.540000000000004,56.0,862.650744848333,57,4.609528563989588,11.0,4.500000000000005,9.919999999999991,42.5,1.0,47,66806.1526337999,45239.524519084,112045.6771528839,6933.2
326,910,354,88.29118985863279,36.74285714285714,7.0394505494505495,11.327318681318697,49.744505494505496,21.21230769230769,87.89744175572882,52.247252747252745,1220.558090926104,60.0,9.199999999999996,12.540000000000004,56.0,861.650744848333,57,4.912333659411355,11.0,4.500000000000005,9.919999999999991,42.5,1.0,47,80344.98277135583,31115.694381528003,111460.67715288384,5329.1
327,992,608,65.41511247569274,36.823588709677416,7.038306451612913,11.3317741935484,49.73840725806452,18.656350806451588,84.20218354075072,52.50100806451613,1220.558090926104,60.0,9.199999999999996,12.540000000000004,56.5,1061.0113820661177,57,4.912333659411355,11.0,4.500000000000005,9.85999999999999,42.5,1.0,47,64891.79157588719,51194.92759277644,116086.71916866364,5989.6
328,918,359,85.72036356682607,36.833333333333336,7.0347494553376935,11.333790849673203,49.751633986928105,21.074836601307176,102.47193708723485,52.53812636165577,1220.558090926104,60.0,9.099999999999996,12.540000000000004,56.5,1060.0113820661177,57,4.912333659411355,11.0,4.600000000000005,9.85999999999999,42.5,1.0,47,78691.29375434633,36787.42541431731,115478.71916866364,4107.2
329,1035,565,64.53045845284252,36.85700483091787,7.033429951690825,11.347710144927545,49.756038647343,19.42096618357485,92.96434251913563,52.796135265700485,952.6416295719131,61.0,9.199999999999996,12.540000000000004,56.5,1220.558090926104,57,4.912333659411355,11.0,4.600000000000005,9.85999999999999,42.5,1.0,47,66789.02449869202,52524.85352331163,119313.87802200364,5776.5
330,927,344,87.74780916712858,36.94822006472492,7.041855447680691,11.341898597626741,49.80366774541532,21.192556634304207,108.74028756998646,52.83818770226537,1154.871120557263,61.0,9.199999999999996,12.540000000000004,56.5,1219.558090926104,57,4.912333659411355,12.0,4.600000000000005,9.85999999999999,42.5,1.0,48,81342.21909792819,37406.658924075346,118748.87802200354,4653.3
331,1035,565,69.84265911782326,37.24444444444445,7.088599033816422,11.330299516908221,49.86086956521739,19.885217391304337,90.85802400614314,53.114975845410626,1154.871120557263,61.0,9.199999999999996,12.600000000000005,57.0,1218.558090926104,57,4.50618859462433,11.0,4.600000000000005,9.85999999999999,42.5,1.0,48,72287.15218694707,51334.783563470875,123621.93575041795,6419.7
332,935,326,91.18991825989605,37.48235294117647,7.121283422459897,11.31890909090908,49.94491978609626,22.11197860962565,115.9336263110889,53.17860962566845,1154.871120557263,61.0,9.199999999999996,12.600000000000005,57.0,1217.558090926104,57,4.50618859462433,11.0,4.600000000000005,9.85999999999999,42.5,1.0,48,85262.57357300281,37794.36217741498,123056.93575041779,4750.2
333,1011,589,69.16575187925726,37.56478733926805,7.175469831849644,11.318160237388728,49.99307616221563,19.574480712166164,95.44417314238696,53.481701285855586,1430.0503132601075,61.0,9.299999999999995,12.600000000000005,57.0,949.6416295719131,58,3.9399196687736624,11.0,4.700000000000005,9.85999999999999,42.5,1.0,48,69926.5751499291,56216.617980865914,126143.193130795,6479.7
334,919,339,97.51077403861859,37.674646354733405,7.2038084874864055,11.31486398258977,50.03427638737758,21.922850924918407,106.02298462921661,53.51360174102285,1456.0503132601075,61.0,9.299999999999995,12.600000000000005,57.0,608.2451351840485,58,3.9399196687736624,11.0,4.700000000000005,9.919999999999991,42.5,1.0,48,89612.40134149049,35941.79178930443,125554.19313079491,4604.0
335,992,608,69.60795185699621,37.70866935483871,7.213709677419364,11.321915322580647,50.06905241935484,19.62479838709679,98.29473736515611,53.78629032258065,1456.0503132601075,61.0,9.299999999999995,12.600000000000005,57.0,1409.0064083625361,58,3.9399196687736624,11.0,4.700000000000005,9.919999999999991,42.0,1.0,48,69051.08824214023,59763.20031801492,128814.28856015515,6577.4
336,902,354,99.34720179274868,37.86585365853659,7.224833702882489,11.317228381374719,50.09756097560975,21.55532150776051,109.02574164716337,53.8059866962306,1528.0503132601075,61.0,9.299999999999995,12.600000000000005,57.0,1408.0064083625361,58,3.9399196687736624,11.0,4.700000000000005,9.919999999999991,42.0,1.0,48,89611.1760170593,38595.112543095835,128206.28856015514,4202.5
337,1002,598,74.98605954414857,37.99101796407186,7.246706586826357,11.303133732534922,50.125249500998,19.141716566866275,96.41725188677283,54.078842315369265,1528.0503132601075,61.0,9.299999999999995,12.600000000000005,56.5,1407.0064083625361,59,3.9399196687736624,11.0,4.700000000000005,9.919999999999991,42.0,1.0,48,75136.03166323688,57657.516628290155,132793.54829152703,6004.0
338,915,347,101.43552613427839,37.995628415300544,7.235519125683063,11.306120218579231,50.131147540983605,21.077923497267758,113.6139535408136,54.14644808743169,1613.0424642623816,60.0,9.299999999999995,12.600000000000005,56.5,1406.0064083625361,59,4.911861249315171,11.0,4.700000000000005,9.919999999999991,42.0,1.0,48,92813.50641286472,39424.04187866232,132237.54829152703,4136.5
339,1035,338,76.23893264565959,37.89468599033816,7.227149758454114,11.296753623188398,50.05507246376811,19.49748792270533,138.91153617235742,54.40386473429952,943.4844732921141,60.0,9.199999999999996,12.600000000000005,56.5,1613.0424642623816,59,4.911861249315171,10.0,4.700000000000005,9.919999999999991,42.0,1.0,49,78907.29528825768,46952.0992262568,125859.39451451448,5810.6
340,1057,302,70.10022496950374,37.77483443708609,7.216083254493857,11.290387890255435,50.061021759697255,18.266035950804145,157.18866800753318,54.56385998107852,1521.4667505157847,60.0,9.199999999999996,12.600000000000005,56.5,1612.0424642623816,59,4.612215688322308,10.0,4.700000000000005,9.979999999999992,42.0,2.0,49,74095.93779276546,47470.97773827502,121566.91553104047,5032.7
341,1085,236,79.96640918010962,37.550230414746544,7.204516129032261,11.303023041474649,50.02811059907834,19.47898617511519,133.02181979171326,54.755760368663594,1542.4667505157847,60.0,9.199999999999996,12.600000000000005,56.5,1611.0424642623816,60,4.612215688322308,9.0,4.700000000000005,9.979999999999992,42.0,1.0,49,86763.55396041894,31393.14947084433,118156.70343126327,5804.6
342,1064,250,76.67908820739437,37.86466165413534,7.239943609022567,11.29748120300752,50.089285714285715,20.689661654135325,132.2518235450531,54.920112781954884,1542.4667505157847,60.0,9.199999999999996,12.600000000000005,56.5,1610.0424642623816,60,4.612215688322308,9.0,4.900000000000004,9.979999999999992,42.0,5.7661336027588135,49,81586.54985266761,33062.95588626328,114649.5057389309,7527.2
343,1033,254,76.30105797659529,37.910939012584706,7.245401742497596,11.29047434656339,50.1190706679574,21.255275895450144,129.1515676149745,55.04646660212972,1635.4826371731856,61.0,9.199999999999996,12.600000000000005,56.5,818.7680679019365,60,4.612215688322308,9.0,4.900000000000004,9.919999999999991,42.0,4.826024401344712,49,78818.99288982293,32804.49817420352,111623.49106402646,6610.5
344,993,254,75.1673834262695,38.11178247734139,7.250956696878156,11.279979859013068,50.22759315206445,21.62457200402821,134.46500088835953,55.12588116817724,1542.4667505157847,61.0,9.199999999999996,12.660000000000005,56.5,1635.4826371731856,60,4.612215688322308,9.0,4.900000000000004,9.919999999999991,42.0,4.813273574328042,49,74641.21174228561,34154.11022564332,108795.32196792893,6368.8
345,978,247,72.82735474850503,38.15337423312884,7.256748466257668,11.280593047034753,50.27811860940695,21.50613496932515,136.0579875721258,55.30061349693251,1542.4667505157847,61.0,9.199999999999996,12.660000000000005,56.5,1634.4826371731856,60,3.1625453647345334,9.0,4.900000000000004,9.919999999999991,42.0,3.9864108138045857,50,71225.15294403792,33606.32293031507,104831.475874353,6077.5
346,985,227,72.13349853430118,38.082233502538074,7.237868020304575,11.294741116751277,50.179695431472084,21.12913705583756,132.54617389383066,55.46497461928934,1611.845741178274,61.0,9.199999999999996,12.660000000000005,57.0,1633.4826371731856,60,3.1625453647345334,10.0,4.900000000000004,9.919999999999991,42.0,2.9864108138045857,50,71051.49605628666,30087.981473899556,101139.47753018621,5397.8
347,945,243,69.60242332348692,38.21058201058201,7.235873015873019,11.302116402116411,50.15820105820106,20.616507936507922,129.99355487661367,55.60846560846561,1644.5424812523459,61.0,9.199999999999996,12.660000000000005,57.0,1611.845741178274,60,3.1625453647345334,10.0,4.900000000000004,9.85999999999999,42.0,4.612215688322308,50,65774.29004069514,31588.43383501712,97362.72387571225,5938.2
348,957,205,70.22556696675963,38.27272727272727,7.250992685475448,11.29584117032391,50.16509926854754,21.150783699059534,130.62419503805702,55.77951933124347,1644.5424812523459,61.0,9.199999999999996,12.660000000000005,57.0,1610.845741178274,61,3.1625453647345334,10.0,4.900000000000004,9.85999999999999,42.0,3.6122156883223084,50,67205.86758718897,26777.959982801687,93983.82756999065,5348.8
349,925,247,61.67230929168518,38.262702702702704,7.273621621621634,11.284151351351355,50.13675675675675,20.66648648648647,135.0372490177712,56.045405405405404,932.5556124110361,61.0,9.199999999999996,12.660000000000005,57.5,1644.5424812523459,61,3.1625453647345334,10.0,5.0000000000000036,9.85999999999999,42.0,3.911861249315171,50,57046.88609480879,33354.20050738948,90401.08660219828,6183.0
350,903,235,65.95670018171143,38.13067552602436,7.264894795127358,11.29911406423034,50.094130675526024,20.867552602436348,116.28860789754272,56.25581395348837,1847.87516023351,61.0,9.199999999999996,12.660000000000005,57.5,1456.0298260135824,61,3.1625453647345334,10.0,5.0000000000000036,9.85999999999999,42.0,4.778227310138094,51,59558.900264085416,27327.82285592254,86886.72312000796,5843.8
351,940,200,64.6093071446903,37.973404255319146,7.244148936170216,11.305787234042544,50.07340425531915,21.103723404255337,113.79355601421469,56.41382978723404,1847.87516023351,58.0,9.199999999999996,12.660000000000005,57.5,1455.0298260135824,61,3.4627172308499965,9.0,5.0000000000000036,9.85999999999999,42.0,3.778227310138094,51,60732.748716008886,22758.711202842936,83491.45991885182,5350.7
352,934,200,61.73611629815482,37.84689507494647,7.250642398286933,11.304154175588877,50.1161670235546,21.507387580299746,109.47469548525956,56.605995717344754,1125.359422121856,58.0,9.299999999999995,12.660000000000005,57.5,1454.0298260135824,62,3.8478844419799727,9.0,5.0000000000000036,9.79999999999999,42.0,4.333828731562248,52,57661.5326224766,21894.939097051913,79556.47171952852,5632.599999999999
353,903,240,56.43850133798683,37.47176079734219,7.22170542635658,11.321262458471768,50.10520487264673,21.558803986710963,107.60075482143264,56.78405315614618,1078.5580698927376,58.0,9.299999999999995,12.660000000000005,57.5,1453.0298260135824,62,2.6200679131392097,8.0,4.900000000000004,9.79999999999999,42.0,3.3338287315622477,52,50963.966708202104,25824.181157143834,76788.14786534593,6296.2
354,860,226,60.66263573658851,37.48837209302326,7.218488372093018,11.328046511627914,50.24011627906977,22.255348837209283,97.04404072130335,56.87441860465116,1151.5211093947767,58.0,9.299999999999995,12.660000000000005,57.5,1452.0298260135824,62,2.6200679131392097,8.0,4.900000000000004,9.79999999999999,42.0,2.3338287315622477,52,52169.86673346612,21931.953203014556,74101.81993648068,5582.8
355,839,224,60.10214889085309,37.49821215733016,7.208939213349225,11.33837902264601,50.18474374255066,22.54803337306313,93.88477936076997,57.029797377830754,1017.6600759783993,58.0,9.199999999999996,12.660000000000005,57.5,1451.0298260135824,62,2.6200679131392097,8.0,4.900000000000004,9.919999999999991,42.0,4.2401358262784195,52,50425.70291942574,21030.190576812474,71455.89349623822,5433.0
356,807,220,56.6647553834164,37.51672862453532,7.214374225526633,11.342874845105323,50.114002478314745,21.420817843866132,102.80436637519162,57.201982651796776,1462.859434301193,58.0,9.299999999999995,12.660000000000005,57.5,1077.5580698927376,62,3.8478844419799727,10.0,4.900000000000004,9.919999999999991,42.0,4.309442977012603,52,45728.457594417036,22616.960602542156,68345.41819695919,4443.9
357,804,199,51.59082875023481,37.75124378109453,7.243905472636817,11.342537313432818,50.12064676616915,21.930472636815917,120.45253551709686,57.36691542288557,1181.0710828964934,58.0,9.299999999999995,12.660000000000005,57.5,1462.859434301193,62,3.8478844419799727,10.0,4.900000000000004,9.919999999999991,42.0,5.675434461699993,52,41479.02631518879,23970.054567902276,65449.08088309107,4436.599999999999
358,797,213,53.427245343100616,38.235884567126725,7.2870765370137995,11.341957340025095,50.18255959849435,21.777666248431593,94.93194234105715,57.5069008782936,1181.0710828964934,58.0,9.299999999999995,12.720000000000006,58.0,1461.859434301193,62,4.349389063163032,10.0,4.800000000000004,9.919999999999991,42.0,4.047422583643579,52,42581.51453845119,20220.503718645174,62802.018257096366,4518.3
359,762,838,54.35346848251054,38.681102362204726,7.340419947506565,11.337821522309714,50.2998687664042,21.263648293963264,60.37924797577552,57.65223097112861,1089.7011608360378,59.0,9.299999999999995,12.720000000000006,58.0,1460.859434301193,63,4.398361908120115,10.0,4.800000000000004,9.919999999999991,42.0,1.0,52,41417.342983673036,50597.809803699885,92015.15278737292,4423.3
360,671,611,78.574417451498,38.79433681073025,7.362295081967202,11.346944858420265,50.32190760059613,23.728763040238462,62.93570978300778,57.71535022354694,1089.7011608360378,59.0,9.299999999999995,12.720000000000006,58.0,1459.859434301193,63,6.0636509062300465,10.0,4.800000000000004,9.919999999999991,42.0,1.0,52,52723.43410995515,38453.71867741775,91177.1527873729,4147.3
361,768,832,62.895206434127154,39.0234375,7.4023437499999964,11.340000000000003,50.288411458333336,20.671093750000008,61.59695707267147,57.979166666666664,1660.7865103982454,59.0,9.399999999999995,12.720000000000006,58.0,1033.0383744801463,63,4.790948515639743,10.0,4.800000000000004,9.919999999999991,42.0,1.0,52,48303.518541409656,51248.66828446266,99552.18682587231,4119.7
362,684,569,90.01782074766795,39.03508771929825,7.417397660818714,11.333479532163746,50.259502923976605,22.122953216374274,65.2864629779745,58.078947368421055,1660.7865103982454,59.0,9.399999999999995,12.720000000000006,58.0,1032.0383744801463,63,4.790948515639743,10.0,4.800000000000004,9.919999999999991,42.0,0.675434461699993,52,61572.18939140488,37147.997434467485,98720.18682587237,3343.2
363,823,777,62.85673073106141,39.04860267314702,7.411543134872416,11.337545565006074,50.286755771567435,18.177035236938032,66.11563866662799,58.3681652490887,1660.7865103982454,59.0,9.399999999999995,12.720000000000006,58.5,1315.3089532330066,63,3.9329155456583367,10.0,4.800000000000004,9.919999999999991,41.5,0.652675977601775,52,51731.08939166354,51371.85124396994,103102.94063563348,3947.7999999999997
364,755,497,86.44351872301598,39.086092715231786,7.4058278145695295,11.335178807947024,50.336423841059606,20.39814569536424,74.57028435367971,58.37748344370861,1667.616118685856,59.0,9.399999999999995,12.720000000000006,58.5,651.3222002194436,63,6.164071029377047,10.0,4.800000000000004,9.919999999999991,41.5,1.0,52,65264.85663587707,37061.431323778816,102326.28795965589,3581.2
365,879,721,63.8722325319518,38.68714448236633,7.391808873720138,11.347736063708764,50.30204778156997,17.03833902161546,69.37563602239793,58.695108077360636,1046.2557223811687,59.0,9.399999999999995,12.720000000000006,58.5,1667.616118685856,64,4.716457772829168,9.0,4.800000000000004,9.85999999999999,41.5,0.29783951856227553,53,56143.69239558563,50019.833572148906,106163.52596773455,5093.9
366,826,422,86.71831792511558,38.56416464891041,7.379539951573841,11.360992736077495,50.28389830508475,19.446489104116218,80.12771924661294,58.74455205811138,1046.2557223811687,59.0,9.399999999999995,12.720000000000006,58.5,1666.616118685856,64,4.716457772829168,9.0,4.800000000000004,9.85999999999999,41.5,1.0,53,71629.33060614548,33813.89752207066,105443.22812821614,3509.9
367,922,678,63.16140985362131,38.286334056399134,7.378958785249448,11.393904555314544,50.31182212581345,17.25292841648591,75.29432436637548,59.04338394793926,1678.6852201702827,59.0,9.399999999999995,12.780000000000006,59.0,816.7991746395384,64,4.581755028701966,9.0,4.800000000000004,9.85999999999999,41.5,1.0,53,58234.81988503884,51049.55192040257,109284.37180544142,6057.9
368,854,384,90.37229240593817,38.377049180327866,7.378922716627632,11.397072599531619,50.337822014051525,19.863466042154574,81.84488044471385,59.08196721311475,1715.6852201702827,59.0,9.399999999999995,12.780000000000006,59.0,1046.2557223811687,64,4.581755028701966,9.0,4.800000000000004,9.85999999999999,41.5,0.3053981526041589,54,77177.93771467119,31428.43409077012,108606.3718054413,4085.3999999999996
369,963,637,65.66386954814513,38.203530633437175,7.37694704049844,11.41098650051921,50.40446521287643,17.963655244029084,78.01361445122531,59.400830737279335,857.8426100851414,59.0,9.399999999999995,12.780000000000006,59.0,1045.2557223811687,64,4.481173632895379,9.0,4.800000000000004,9.85999999999999,41.5,1.0,54,63234.30637486376,49694.67240543052,112928.97878029427,6488.599999999999
370,886,359,92.25524664267729,38.2313769751693,7.373137697516935,11.418058690744923,50.387697516930025,20.5151241534989,85.10816226986692,59.457110609480814,1404.0152145146371,59.0,9.399999999999995,12.780000000000006,59.0,1044.2557223811687,64,4.481173632895379,10.0,4.800000000000004,9.85999999999999,41.5,1.0,54,81738.14852541208,30553.830254882225,112291.9787802943,4481.599999999999
371,1031,569,70.22483341762761,38.41416100872939,7.3806983511154245,11.421319107662471,50.47963142580019,18.627255092143578,75.04641933824512,59.7458777885548,859.0200761299103,59.0,9.399999999999995,12.780000000000006,59.0,1043.2557223811687,65,4.481173632895379,10.0,4.800000000000004,9.79999999999999,41.5,1.0,54,72401.80325357406,42701.41260346147,115103.21585703554,5979.9
372,933,336,91.10166441773019,38.41693461950697,7.3787781350482415,11.427374062165082,50.48981779206859,21.055198285101827,87.90584212884917,59.848874598070736,1077.1309831974504,59.0,9.399999999999995,12.780000000000006,59.0,949.926725012728,65,4.481173632895379,10.0,4.800000000000004,9.79999999999999,41.5,1.0,54,84997.85290174227,29536.362955293323,114534.2158570356,5135.599999999999
373,1045,555,70.96009314112467,38.56842105263158,7.399521531100477,11.429626794258422,50.508612440191385,19.489760765550248,79.87235762992735,60.09569377990431,1077.1309831974504,59.0,9.399999999999995,12.780000000000006,59.0,948.926725012728,65,4.481173632895379,11.0,4.800000000000004,9.79999999999999,41.5,1.0,54,74153.29733247528,44329.15848460968,118482.45581708496,6311.7
374,941,339,93.23732738417648,38.497343251859725,7.392454835281616,11.439659936238048,50.51328374070138,21.316578108395333,89.05938273915936,60.17640807651435,1077.1309831974504,59.0,9.399999999999995,12.780000000000006,59.0,855.8426100851414,65,6.057337611433514,11.0,4.800000000000004,9.79999999999999,41.5,2.0,54,87736.32506851006,30191.130748575022,117927.45581708508,4800.5
375,1014,586,69.8408996512827,38.86883629191321,7.417652859960554,11.422287968441815,50.585798816568044,18.875345167652856,87.62112061249964,60.34023668639053,1077.1309831974504,60.0,9.399999999999995,12.780000000000006,59.0,1003.6562353689001,65,3.7404594408338356,11.0,4.800000000000004,9.79999999999999,42.0,1.0,54,70818.67224640066,51345.97667892479,122164.64892532545,6225.4
376,941,314,96.57834988949124,38.77895855472901,7.410626992561106,11.426248671625919,50.60467587672689,21.143358129649293,97.76567413794272,60.38894792773645,1077.1309831974504,60.0,9.399999999999995,12.780000000000006,59.0,1068.7754295182708,65,3.7404594408338356,11.0,4.800000000000004,9.79999999999999,42.0,1.0,54,90880.22724601126,30698.421679314015,121578.64892532528,4100.4
377,1061,539,72.6453285437449,38.95004712535344,7.422525918944393,11.42740810556081,50.6258246936852,19.192365692742705,88.58593494242524,60.61074458058435,1077.1309831974504,60.0,9.399999999999995,12.840000000000007,59.0,1067.7754295182708,65,3.7404594408338356,11.0,4.800000000000004,9.79999999999999,42.0,1.0,54,77076.69358491333,47747.8189339672,124824.51251888054,6067.2
378,970,307,95.9721426526887,38.978350515463916,7.429587628865989,11.425051546391764,50.588144329896906,21.39814432989689,101.60434575170211,60.689690721649484,1299.8401076571374,60.0,9.399999999999995,12.840000000000007,59.0,992.5538103265543,65,3.7404594408338356,11.0,4.800000000000004,9.79999999999999,42.0,3.0,56,93092.97837310804,31192.534145772548,124285.51251888058,4727.599999999999
379,1073,321,75.2798055017903,39.071761416589005,7.436812674743713,11.447474370922654,50.649580615097854,19.72339235787512,111.15843959875048,60.89468779123951,916.7077732154627,60.0,9.399999999999995,12.840000000000007,59.0,991.5538103265543,66,3.7404594408338356,11.0,4.800000000000004,9.79999999999999,41.5,2.0,56,80775.231303421,35681.8591111989,116457.09041461989,5938.0
380,1104,249,75.05520241180139,39.14945652173913,7.4493659420289875,11.44356884057973,50.67844202898551,20.220833333333335,120.70077367254301,61.03804347826087,1052.5414689899353,60.0,9.399999999999995,12.840000000000007,59.5,775.2771706124962,66,3.7404594408338356,11.0,4.800000000000004,9.79999999999999,41.5,2.0,56,82860.94346262873,30054.492644463207,112915.43610709193,5122.0
381,1091,271,70.2871205639602,38.99725022914757,7.4390467461044905,11.42362969752521,50.65398716773602,20.56131989000916,119.25712077311697,61.22639780018332,1052.5414689899353,60.0,9.399999999999995,12.840000000000007,59.5,949.861920361918,67,3.692221040169867,11.0,4.800000000000004,9.79999999999999,41.5,1.0,56,76683.24853528058,32318.679729514697,109001.92826479528,7254.599999999999
382,1063,249,69.17812113839933,38.77046095954845,7.423236124176852,11.422050799623714,50.7140169332079,20.76688617121357,130.6493566364581,61.363123236124174,1052.5414689899353,60.0,9.399999999999995,12.840000000000007,59.5,948.861920361918,67,3.692221040169867,11.0,4.800000000000004,9.79999999999999,41.5,3.422084843896993,56,73536.34277011848,32531.689802478064,106068.03257259655,6570.9
383,1081,229,67.31769862234135,38.90471785383904,7.401572617946346,11.420943570767818,50.79324699352451,20.779000925069393,126.0016997414006,61.50231267345051,1181.1137872236254,61.0,9.399999999999995,12.840000000000007,59.5,947.861920361918,67,3.692221040169867,12.0,4.800000000000004,9.79999999999999,41.5,2.422084843896993,56,72770.43221075101,28854.389240780736,101624.82145153175,5844.799999999999
384,1072,224,64.92995629907907,38.9375,7.3831156716418045,11.407350746268659,50.791044776119406,20.803264925373153,127.42737132787353,61.625,887.636292099626,61.0,9.499999999999995,12.840000000000007,59.5,1181.1137872236254,67,3.8252613087451026,13.0,4.800000000000004,9.73999999999999,41.5,1.422084843896993,57,69604.91315261276,28543.73117744367,98148.64433005643,6196.4
385,1076,212,61.51351486735343,38.88104089219331,7.3795539033457365,11.397156133829,50.78810408921933,21.31542750929364,131.32434557740183,61.74721189591078,887.636292099626,61.0,9.499999999999995,12.840000000000007,59.5,1180.1137872236254,67,3.8252613087451026,13.0,4.800000000000004,9.73999999999999,41.0,0.4220848438969931,57,66188.54199727229,27840.76126240919,94029.30325968147,6297.0
386,1030,220,61.343053334601244,38.716504854368935,7.369999999999995,11.407456310679635,50.766019417475725,22.213300970873775,129.17862958698493,61.91359223300971,887.636292099626,61.0,9.499999999999995,12.720000000000006,59.5,1179.1137872236254,67,4.268390841612595,12.0,4.800000000000004,9.73999999999999,41.0,3.8252613087451026,57,63183.34493463928,28419.298509136683,91602.64344377596,7022.099999999999
387,972,250,61.3214469264937,38.665637860082306,7.374999999999998,11.393539094650214,50.794238683127574,22.713580246913573,116.76158677701555,62.07304526748971,1205.8630782872951,61.0,9.599999999999994,12.720000000000006,59.5,715.1262348121485,68,4.268390841612595,12.0,4.800000000000004,9.73999999999999,41.0,2.8252613087451026,57,59604.44641255188,29190.396694253886,88794.84310680577,6956.599999999999
388,952,221,61.65722258326185,38.77415966386555,7.384978991596638,11.403235294117627,50.71848739495798,22.18834033613448,122.33342322464566,62.27100840336134,1205.8630782872951,61.0,9.599999999999994,12.720000000000006,59.5,714.1262348121485,68,5.909611978545772,12.0,4.800000000000004,9.73999999999999,41.0,7.438879027971467,57,58697.67589926528,27035.68653264669,85733.36243191197,5536.4
389,960,200,60.586322703457405,38.75729166666667,7.411250000000001,11.39966666666667,50.7234375,22.21500000000001,123.02223375719431,62.390625,1205.8630782872951,61.0,9.599999999999994,12.720000000000006,59.5,732.1695070037114,68,3.6392118668555398,12.0,4.900000000000004,9.73999999999999,41.0,7.384442080339734,58,58162.86979531911,24604.446751438863,82767.31654675797,5205.0
390,949,202,61.04576718372272,38.94204425711275,7.4302423603793475,11.396417281348782,50.73919915700738,22.208746048472086,109.18588765094783,62.48050579557429,1071.1607253956886,61.0,9.599999999999994,12.780000000000006,59.5,1205.8630782872951,68,3.6392118668555398,12.0,4.900000000000004,9.73999999999999,41.0,5.909611978545772,58,57932.43305735286,22055.549305491462,79987.98236284431,5766.5
391,913,207,61.448439110203665,38.69112814895947,7.421029572836806,11.38768893756845,50.76341730558598,22.29233296823658,102.2745297651882,62.56516976998905,1221.0221143144354,61.0,9.599999999999994,12.780000000000006,59.5,1037.8723761334081,68,3.6392118668555398,12.0,4.900000000000004,9.73999999999999,41.0,6.528520837852048,58,56102.42490761595,21170.82766139396,77273.2525690099,5722.7
392,892,209,58.03344710057565,38.63228699551569,7.434304932735425,11.387152466367702,50.68890134529148,22.43486547085201,108.3411037515275,62.73654708520179,768.5690480396127,61.0,9.599999999999994,12.780000000000006,59.5,1036.8723761334081,68,4.2834924263291105,12.0,4.900000000000004,9.73999999999999,41.0,7.257604708966685,58,51765.83481371348,22643.29068406925,74409.12549778273,5391.2
393,875,214,57.19310281787631,38.44228571428572,7.439314285714286,11.40832000000002,50.714285714285715,21.96445714285713,101.1324777225162,62.89257142857143,1053.869674286262,61.0,9.499999999999995,12.780000000000006,60.0,768.5690480396127,68,5.20881780028331,12.0,4.900000000000004,9.73999999999999,41.0,6.257604708966685,58,50043.96496564177,21642.350232618468,71686.31519826024,5353.9
394,867,195,54.39708266078275,38.3679354094579,7.447635524798158,11.416655132641282,50.72549019607843,22.151441753171845,110.5741090451889,63.074971164936564,832.8984113486039,61.0,9.499999999999995,12.780000000000006,60.0,801.5183322387629,68,3.935485775727316,12.0,4.900000000000004,9.73999999999999,41.0,6.643909315626168,58,47162.27066689864,21561.951263811836,68724.22193071048,4948.0
395,838,192,58.755144020178264,38.23866348448687,7.444630071599049,11.418353221957059,50.70584725536993,22.644033412887815,88.18742087861996,63.19570405727924,832.8984113486039,61.0,9.499999999999995,12.780000000000006,60.0,714.4429471596035,68,3.935485775727316,12.0,4.900000000000004,9.73999999999999,41.0,6.328367532190077,59,49236.81068890938,16931.984808695033,66168.79549760441,5518.099999999999
396,818,215,51.2712910348769,38.30073349633252,7.473105134474337,11.409511002444981,50.742665036674815,21.93007334963325,99.30128495011067,63.359413202933986,832.8984113486039,61.0,9.499999999999995,12.780000000000006,60.0,808.597850252333,68,3.7222118855782105,12.0,5.0000000000000036,9.79999999999999,41.0,5.328367532190077,59,41939.91606652931,21349.776264273794,63289.692330803104,5356.0
397,793,216,51.111033286547276,38.34300126103405,7.4665825977301346,11.421488020176556,50.781841109709966,21.466204287515783,93.37476301939688,63.49306431273644,730.3201068034992,61.0,9.499999999999995,12.780000000000006,60.0,832.8984113486039,69,3.7222118855782105,11.0,5.0000000000000036,9.79999999999999,41.0,6.47388784077639,59,40531.04939623199,20168.948812189727,60699.99820842172,4636.0
398,777,204,51.37012084687907,37.96010296010296,7.41891891891892,11.445920205920201,50.7001287001287,22.18326898326898,92.03890193631014,63.74646074646075,908.2122934932561,61.0,9.499999999999995,12.780000000000006,60.0,597.279684536911,69,3.7222118855782105,11.0,5.100000000000003,9.79999999999999,41.0,8.016386912751319,59,39914.583898025034,18775.93599500727,58690.5198930323,5114.499999999999
399,762,838,49.921207954553324,37.884514435695536,7.429133858267714,11.423044619422559,50.694225721784775,22.135039370078747,60.656301365248424,63.887139107611546,726.677060898391,61.0,9.499999999999995,12.780000000000006,60.0,625.2155701686794,69,3.7222118855782105,11.0,5.100000000000003,9.79999999999999,41.0,1.0,60,38039.960461369636,50829.98054407818,88869.94100544782,4547.9
400,649,655,76.32888292232238,38.115562403698,7.426348228043132,11.415716486902916,50.75423728813559,24.2195685670262,58.77022288375657,63.91217257318952,726.677060898391,61.0,9.499999999999995,12.780000000000006,60.0,651.3031277950055,69,3.7222118855782105,11.0,5.100000000000003,9.79999999999999,41.5,1.0,60,49537.445016587226,38494.49598886055,88031.94100544778,4589.7
401,718,882,61.75574951772561,38.317548746518106,7.454317548746524,11.389665738161556,50.81545961002786,20.833704735376042,58.590881564853085,64.13231197771587,918.4723729375735,61.0,9.599999999999994,12.780000000000006,60.0,679.9343338463734,69,3.7222118855782105,11.0,5.100000000000003,9.73999999999999,41.0,1.0,60,44340.62815372699,51677.157540200424,96017.7856939274,4349.3
402,630,642,84.95165325933455,38.55873015873016,7.47952380952381,11.369396825396823,50.87619047619047,21.96999999999999,64.82281018776733,64.12380952380953,918.4723729375735,61.0,9.599999999999994,12.780000000000006,60.0,678.9343338463734,69,4.330491545911052,11.0,5.100000000000003,9.73999999999999,41.0,1.0,60,53519.54155338077,41616.24414054662,95135.78569392739,3247.7
403,757,843,59.262557140194765,38.63540290620872,7.489696169088501,11.38129458388375,50.795244385733156,17.493130779392335,65.35592733293294,64.52179656538969,754.4920840890838,61.0,9.599999999999994,12.840000000000007,60.0,975.4723729375735,70,4.330491545911052,11.0,5.100000000000003,9.73999999999999,41.0,1.0,60,44861.75575512744,55095.04674166247,99956.8024967899,3606.0
404,700,525,88.69508094874415,38.68571428571428,7.482857142857132,11.378657142857149,50.84214285714286,18.712999999999994,70.52808730032173,64.57285714285715,999.3842761988269,61.0,9.599999999999994,12.840000000000007,60.0,676.9343338463734,70,4.608193007074157,11.0,5.100000000000003,9.73999999999999,41.0,1.0,60,62086.5566641209,37027.24583266891,99113.80249678981,2486.4
405,865,735,65.14197457262712,38.72138728323699,7.47040462427745,11.389757225433522,50.8878612716763,16.336763005780345,64.77970669786431,64.8635838150289,999.3842761988269,61.0,9.599999999999994,12.840000000000007,60.0,646.3031277950055,71,4.608193007074157,11.0,5.100000000000003,9.73999999999999,41.0,0.7222118855782105,60,56347.80800532246,47613.08442293027,103960.89242825273,4100.5
406,801,437,86.41091902940464,38.8039950062422,7.488389513108607,11.381298377028703,50.91510611735331,18.819600499375788,77.82843037486035,64.90886392009988,1057.384276198827,61.0,9.599999999999994,12.840000000000007,60.0,736.6892733345653,71,5.199624117946448,11.0,5.100000000000003,9.73999999999999,41.0,1.0,61,69215.14614255312,34011.02407381397,103226.17021636709,3883.2
407,950,650,63.100828232581954,38.77789473684211,7.486421052631576,11.367452631578923,50.89947368421053,17.431473684210527,72.01325744548227,65.23473684210526,1057.384276198827,61.0,9.599999999999994,12.840000000000007,60.0,735.6892733345653,71,3.5831557216194407,11.0,5.0000000000000036,9.73999999999999,41.0,1.0,61,59945.78682095285,46808.617339563476,106754.40416051634,5816.3
408,861,403,85.93840990892505,38.77351916376307,7.483391405342624,11.371753774680604,50.926248548199766,20.085365853658537,79.68097575417319,65.27642276422765,1057.384276198827,61.0,9.599999999999994,12.840000000000007,60.0,734.6892733345653,71,3.5831557216194407,11.0,5.0000000000000036,9.73999999999999,41.0,1.0,61,73992.97093158447,32111.433228931797,106104.40416051626,5130.099999999999
409,962,638,66.39893426285565,38.96777546777547,7.510395010395021,11.370145530145537,51.03274428274428,18.63586278586277,74.18096216632291,65.52286902286902,843.0199476917866,61.0,9.699999999999994,12.840000000000007,60.0,733.6892733345653,71,5.199624117946448,11.0,5.0000000000000036,9.679999999999989,41.0,1.0,61,63875.774760867134,47327.45386211402,111203.22862298114,6351.4
410,882,364,88.3467538368097,38.81519274376417,7.498526077097503,11.379841269841279,51.03344671201814,21.462131519274383,89.67964763438151,65.6156462585034,651.7401996823114,61.0,9.699999999999994,12.840000000000007,60.0,843.0199476917866,71,5.199624117946448,11.0,5.0000000000000036,9.679999999999989,41.0,1.0,61,77921.83688406616,32643.39173891487,110565.22862298103,4858.0
411,1018,582,66.46141067188483,38.70432220039293,7.50943025540276,11.387504911591364,51.02111984282908,19.476719056974446,80.01161992923366,65.89489194499018,588.8139730863139,62.0,9.699999999999994,12.840000000000007,60.0,842.0199476917866,71,6.096249918381277,11.0,5.0000000000000036,9.679999999999989,41.0,1.0,61,67657.71606397876,46566.76279881399,114224.47886279275,6397.9
412,925,344,92.21639893765722,38.64648648648649,7.489621621621642,11.40823783783785,51.04810810810811,22.359567567567595,82.39043559726724,66.00216216216216,867.0136789552499,62.0,9.699999999999994,12.840000000000007,60.0,626.0563103725625,71,6.096249918381277,11.0,5.0000000000000036,9.679999999999989,41.5,1.0,61,85300.16901733293,28342.30984545993,113642.47886279286,5482.7
413,977,623,68.28015382465614,38.7093142272262,7.517502558853638,11.398198567041971,51.159672466734904,20.06622313203685,82.74209846004933,66.26919140225179,979.3833198993293,62.0,9.799999999999994,12.840000000000007,60.5,822.5706517137156,72,6.096249918381277,11.0,5.0000000000000036,9.73999999999999,42.0,1.0,62,66709.71028668905,51548.32734061073,118258.03762729978,7462.9
414,877,387,90.7986654872439,38.57126567844926,7.511972633979489,11.401299885974923,51.12542759407069,22.465336374002295,98.20312143407453,66.35005701254276,1077.0207665043727,62.0,9.799999999999994,12.840000000000007,60.5,867.0136789552499,72,6.096249918381277,11.0,5.0000000000000036,9.73999999999999,42.0,1.0,62,79630.4296323129,38004.60799498684,117635.03762729974,5066.599999999999
415,984,616,69.4547168931002,38.676829268292686,7.516361788617902,11.39806910569106,51.135162601626014,20.3191056910569,86.48897451109849,66.52235772357723,1077.0207665043727,62.0,9.799999999999994,12.900000000000007,60.5,917.4718016038282,72,5.133939491851287,11.0,5.0000000000000036,9.73999999999999,42.0,1.0,62,68343.44142281059,53277.20829883667,121620.64972164726,5923.799999999999
416,881,386,95.61086074267047,38.71396140749149,7.527128263337132,11.399591373439288,51.18955732122588,22.37661748013619,95.26290520040058,66.60272417707151,1077.0207665043727,62.0,9.799999999999994,12.900000000000007,60.5,916.4718016038282,72,5.133939491851287,11.0,5.0000000000000036,9.73999999999999,42.0,1.0,62,84233.16831429268,36771.48140735462,121004.64972164729,4905.5
417,992,608,74.21847192717361,38.792338709677416,7.550604838709678,11.407379032258055,51.17288306451613,19.99808467741936,83.51266658391884,66.84072580645162,1019.6460264441762,62.0,9.799999999999994,12.900000000000007,60.5,1077.0207665043727,72,5.133939491851287,11.0,5.100000000000003,9.73999999999999,42.0,1.0,62,73624.72415175622,50775.70128302266,124400.42543477888,6168.599999999999
418,891,368,94.53419561178863,38.841750841750844,7.556116722783387,11.407744107744103,51.14702581369248,21.8395061728395,107.50667702357377,66.87878787878788,804.7893742350424,62.0,9.799999999999994,12.900000000000007,60.5,1076.0207665043727,72,5.133939491851287,11.0,5.100000000000003,9.73999999999999,42.0,1.0,63,84229.96829010367,39562.45714467515,123792.42543477882,4664.4
419,986,393,73.94313572885125,38.85598377281947,7.586308316430021,11.401379310344826,51.23123732251521,19.173935091277883,112.31704171077936,67.09634888438134,804.7893742350424,62.0,9.899999999999993,12.900000000000007,60.5,1075.0207665043727,73,5.133939491851287,11.0,5.0000000000000036,9.73999999999999,42.0,1.0,63,72907.93182864733,44140.59739233629,117048.52922098362,5910.0
420,1030,293,76.84018909648998,38.894174757281554,7.590582524271847,11.395689320388366,51.20825242718447,18.497669902912623,116.42017281147164,67.2126213592233,1044.3726680346347,62.0,9.899999999999993,12.900000000000007,60.5,1074.0207665043727,73,5.133939491851287,11.0,5.0000000000000036,9.73999999999999,42.0,1.0,63,79145.39476938469,34111.11063376119,113256.50540314589,4229.0
421,1066,262,72.9428553871941,38.84521575984991,7.58330206378987,11.392889305816144,51.19230769230769,19.166885553470905,119.00479540695325,67.3921200750469,1109.3480094165202,62.0,9.899999999999993,12.900000000000007,60.5,825.4313486248576,73,5.133939491851287,11.0,4.900000000000004,9.73999999999999,42.0,4.0,63,77757.0838427489,31179.256396621753,108936.34023937066,6359.599999999999
422,1059,249,70.52100938811701,38.82625118035883,7.589423984891399,11.398545797922576,51.254013220018884,19.87252124645891,122.70185678997653,67.56940509915015,1109.3480094165202,62.0,9.899999999999993,12.900000000000007,61.0,824.4313486248576,73,5.475536583451953,12.0,4.900000000000004,9.73999999999999,42.0,4.0,63,74681.74894201591,30552.762340704157,105234.51128272006,6767.2
423,1071,221,68.48671457855507,38.80952380952381,7.609990662931842,11.384537815126038,51.30672268907563,20.86704014939308,124.47155602387417,67.69000933706816,1153.7608657150088,62.0,9.899999999999993,12.900000000000007,61.0,1032.0430837835784,73,5.475536583451953,12.0,4.900000000000004,9.73999999999999,42.0,3.0,63,73349.27131363247,27508.21388127619,100857.48519490866,6699.599999999999
424,1061,210,69.7137918213997,38.94156456173421,7.6247879359095245,11.377191328934963,51.32375117813383,22.239679547596626,113.10067206884545,67.79641847313854,1153.7608657150088,62.0,9.999999999999993,12.900000000000007,61.0,1109.3480094165202,73,5.475536583451953,12.0,4.900000000000004,9.73999999999999,42.0,2.0,63,73966.33312250508,23751.141134457546,97717.47425696263,7147.799999999999
425,1027,240,64.92082979508139,38.852969814995134,7.619084712755588,11.387653359298923,51.3666017526777,21.962025316455716,115.71074313513064,68.02044790652386,1153.7608657150088,62.0,9.999999999999993,12.900000000000007,61.0,1108.3480094165202,74,5.475536583451953,12.0,5.0000000000000036,9.679999999999989,42.0,8.481118404075152,64,66673.69219954859,27770.578352431356,94444.27055197995,6890.5
426,1024,229,64.34707768894067,38.75390625,7.6013671874999895,11.40406250000001,51.3837890625,22.32353515625001,110.92749615919088,68.1962890625,1311.506972096055,62.0,9.999999999999993,12.900000000000007,61.0,1107.3480094165202,74,6.0696395544287824,12.0,5.0000000000000036,9.679999999999989,42.0,7.481118404075152,64,65891.40755347525,25402.39662045471,91293.80417392997,5912.799999999999
427,986,244,60.82838458766291,38.885395537525355,7.620283975659226,11.395740365111529,51.44219066937119,22.542393509127795,118.45988552372255,68.3184584178499,1311.506972096055,62.0,9.999999999999993,12.900000000000007,61.0,1153.7608657150088,74,6.0696395544287824,12.0,5.0000000000000036,9.679999999999989,41.5,6.481118404075152,64,59976.787203435626,28904.212067788303,88880.99927122393,6253.2
428,957,237,60.53119021424716,38.91954022988506,7.630929989550686,11.37650992685476,51.5067920585162,22.363636363636356,116.89124798637327,68.41065830721003,1311.506972096055,62.0,10.099999999999993,12.900000000000007,61.5,1119.6125460817495,75,5.17976360077969,13.0,5.0000000000000036,9.619999999999989,41.5,5.481118404075152,64,57928.34903503453,27703.225772770467,85631.574807805,6074.7
429,949,241,59.7658964541706,38.76185458377239,7.609378292939936,11.367165437302415,51.432033719704954,21.03340358271864,106.71200663927699,68.58482613277134,1311.506972096055,62.0,10.099999999999993,12.900000000000007,61.5,1118.6125460817495,75,5.17976360077969,13.0,5.100000000000003,9.619999999999989,41.5,5.361262424917184,64,56717.8357350079,25717.593600065757,82435.42933507366,5563.5
430,953,197,56.416324835217466,38.79223504721931,7.614480587618053,11.369653725078686,51.46117523609654,20.58037775445962,128.81843326847252,68.75445960125919,1173.8486029039086,62.0,9.999999999999993,12.900000000000007,61.5,1311.506972096055,75,5.17976360077969,13.0,5.200000000000003,9.619999999999989,41.5,4.361262424917184,64,53764.757567962246,25377.23135388909,79141.98892185133,4902.2
431,974,188,53.51664803475733,38.85831622176591,7.627515400410679,11.359568788501042,51.54209445585216,20.717453798767977,126.63715669727485,68.91170431211499,1371.7434588038668,63.0,10.099999999999993,12.840000000000007,61.5,1386.91994848919,75,5.72337634149057,13.0,5.200000000000003,9.619999999999989,41.5,4.590643637813447,64,52125.21518585364,23807.78545908767,75933.0006449413,5455.599999999999
432,935,206,50.77543458682884,39.00534759358289,7.646737967914447,11.34690909090909,51.65935828877005,22.224812834224608,127.64469252686817,69.01925133689839,835.1200464266805,63.0,10.099999999999993,12.840000000000007,62.0,1385.91994848919,75,5.72337634149057,13.0,5.200000000000003,9.619999999999989,42.5,3.5906436378134474,64,47475.03133868496,26294.806660534843,73769.8379992198,6770.9
433,884,221,52.98458931273218,38.85859728506787,7.638574660633483,11.365384615384626,51.70757918552036,22.87533936651583,109.06073744916543,69.1923076923077,1425.0694184062525,63.0,10.099999999999993,12.840000000000007,62.0,1370.7434588038668,75,5.72337634149057,18.0,5.200000000000003,9.619999999999989,42.5,2.5906436378134474,65,46838.37695245525,24102.42297626556,70940.79992872081,6431.799999999999
434,859,196,57.00795179335859,38.85913853317811,7.6309662398137315,11.373364377182778,51.755529685681026,23.591385331781144,98.70233492748883,69.32246798603026,1401.814161139655,63.0,10.099999999999993,12.840000000000007,62.0,1369.7434588038668,75,5.47337634149057,18.0,5.200000000000003,9.619999999999989,42.5,1.5906436378134474,65,48969.83059049503,19345.65764578781,68315.48823628284,5241.599999999999
435,828,229,51.38753727376117,38.95410628019324,7.631763285024149,11.366473429951688,51.8762077294686,22.467149758454095,100.01928898446099,69.42270531400966,1401.814161139655,63.0,10.099999999999993,12.840000000000007,62.0,1368.7434588038668,75,6.020100795046473,18.0,5.100000000000003,9.559999999999988,43.0,0.5906436378134474,65,42548.88086267425,22904.417177441566,65453.29804011581,5092.4
436,820,222,50.37923633129144,38.93658536585366,7.6270731707317,11.369634146341475,51.93475609756098,22.00073170731708,96.37833623490161,69.5719512195122,1401.814161139655,63.0,10.099999999999993,12.840000000000007,62.0,1367.7434588038668,76,5.262691232399189,18.0,5.100000000000003,9.559999999999988,43.0,5.014174975252271,65,41310.97379165898,21395.990644148158,62706.96443580714,4556.299999999999
437,807,209,54.254569826872086,38.674101610904586,7.6179677819082965,11.383147459727395,51.88537794299876,21.99380421313505,74.8961881807881,69.75588599752169,1396.2960346500172,63.0,10.199999999999992,12.840000000000007,62.0,814.7460967723364,76,5.262691232399189,18.0,5.100000000000003,9.559999999999988,43.0,4.014174975252271,65,43783.43785028577,15653.303329784714,59436.74118007049,4504.0
438,805,187,50.47884226208116,38.48695652173913,7.596024844720492,11.400397515527953,51.9,21.367329192546574,87.06412683675411,69.96894409937889,904.3382048685721,63.0,10.199999999999992,12.840000000000007,62.0,1396.2960346500172,76,5.262691232399189,18.0,5.100000000000003,9.559999999999988,43.0,5.603158469865175,66,40635.468020975335,16280.99171847302,56916.45973944836,4318.0
439,796,804,48.99021633447653,38.585427135678394,7.601381909547738,11.394899497487444,51.92022613065327,21.342336683417095,59.35062892302013,70.10929648241206,904.3382048685721,64.0,10.199999999999992,12.840000000000007,62.0,1395.2960346500172,76,5.262691232399189,18.0,5.200000000000003,9.679999999999989,43.0,1.0,66,38996.21220224332,47717.90565410819,86714.11785635151,4424.099999999999
440,692,585,69.32220403647327,38.71965317919075,7.606791907514446,11.398526011560694,51.98771676300578,23.38381502890173,64.85325241557615,70.14161849710983,1117.0868889732565,64.0,10.199999999999992,12.840000000000007,62.0,1394.2960346500172,76,5.262691232399189,18.0,5.200000000000003,9.679999999999989,43.0,1.0,66,47970.9651932395,37939.15266311205,85910.11785635154,4494.2
441,792,808,54.809069456383035,38.755050505050505,7.604797979797986,11.390808080808092,52.04419191919192,20.322095959595952,63.90537554649301,70.29419191919192,658.788139730376,64.0,10.199999999999992,12.840000000000007,62.0,1393.2960346500172,76,6.102681912337031,19.0,5.200000000000003,9.679999999999989,42.5,1.0,66,43408.783009455365,51635.543441566355,95044.32645102171,4414.0
442,725,545,81.54232954024182,38.93655172413793,7.62110344827586,11.381406896551729,52.14896551724138,22.645241379310328,64.43694960430535,70.25793103448275,1420.6284294371744,64.0,10.199999999999992,12.840000000000007,62.0,1116.0868889732565,76,6.102681912337031,19.0,5.200000000000003,9.679999999999989,42.5,1.0,66,59118.18891667532,35118.13753434642,94236.32645102174,3521.5
443,835,765,60.04310215157152,38.792814371257485,7.644071856287416,11.380910179640717,52.18443113772455,19.021077844311392,63.56541281179097,70.58682634730539,1129.1161896817339,65.0,10.199999999999992,12.840000000000007,62.0,658.788139730376,77,5.263502301217164,19.0,5.200000000000003,9.679999999999989,42.5,1.0,66,50135.99029656222,48627.54080102009,98763.53109758231,4940.9
444,765,462,83.71476212854974,38.898039215686275,7.663921568627447,11.375816993464047,52.2202614379085,20.54901960784313,73.49943305030669,70.63921568627451,1129.1161896817339,65.0,10.199999999999992,12.840000000000007,62.0,657.788139730376,77,6.102681912337031,19.0,5.200000000000003,9.679999999999989,42.5,1.0,66,64041.793028340544,33956.73806924169,97998.53109758224,3220.1
445,931,669,59.00845305976713,38.9140708915145,7.669387755102045,11.392373791621914,52.339419978517725,17.691084854994628,69.42349613737312,70.91621911922664,710.3142147185872,65.0,10.199999999999992,12.900000000000007,62.0,799.5197292005183,77,5.381751150608582,19.0,5.200000000000003,9.73999999999999,42.5,1.0,66,54936.869798643194,46444.31891590262,101381.18871454582,4763.5
446,860,399,82.16198325172213,39.00697674418605,7.667209302325584,11.38169767441861,52.34186046511628,19.629302325581378,75.32050906783178,70.95697674418605,710.3142147185872,65.0,10.199999999999992,12.900000000000007,62.0,798.5197292005183,77,5.381751150608582,19.0,5.200000000000003,9.73999999999999,42.5,1.0,67,70659.30559648103,30052.883118064878,100712.18871454592,3849.9999999999995
447,976,624,60.44255960653365,38.77663934426229,7.631864754098363,11.401885245901656,52.35911885245902,18.125614754098354,73.59386278019025,71.26844262295081,676.2281026670335,65.0,10.199999999999992,12.900000000000007,62.5,797.5197292005183,78,5.381751150608582,19.0,5.200000000000003,9.73999999999999,42.0,1.0,67,58991.938175976844,45922.57037483872,104914.50855081556,5994.9
448,899,362,83.08951094864439,38.682981090100114,7.615350389321465,11.417753058954428,52.438820912124584,20.683982202447158,81.74872433144795,71.3270300333704,827.8611138064362,65.0,10.199999999999992,12.900000000000007,62.5,605.3845313339032,78,5.381751150608582,19.0,5.200000000000003,9.73999999999999,42.0,1.0,67,74697.47034283131,29593.03820798416,104290.50855081546,4585.2
449,1005,595,63.103854136434585,38.6865671641791,7.621492537313432,11.42141293532339,52.48706467661692,19.848358208955236,76.52218691734251,71.61492537313433,827.8611138064362,66.0,10.099999999999993,12.900000000000007,62.5,676.2281026670335,78,5.9480397741854585,19.0,5.200000000000003,9.73999999999999,41.5,1.0,67,63419.37340711676,45530.70121581879,108950.07462293556,6678.599999999999
450,905,351,86.9942027284474,38.74364640883978,7.613591160220996,11.423403314917143,52.54917127071823,22.207182320442012,84.40262436948916,71.70165745856353,827.8611138064362,66.0,10.099999999999993,12.900000000000007,62.5,675.2281026670335,78,5.9480397741854585,19.0,5.3000000000000025,9.73999999999999,41.5,1.0,67,78729.7534692449,29625.321153690693,108355.07462293559,5171.599999999999
451,1011,589,68.14572233460503,38.70623145400594,7.627992087042532,11.412561819980237,52.5375865479723,19.71285855588525,77.02954686367167,71.94856577645895,827.8611138064362,66.0,10.099999999999993,12.900000000000007,62.5,674.2281026670335,78,5.538505717126387,18.0,5.3000000000000025,9.79999999999999,41.5,1.0,67,68895.32528028569,45370.403102702614,114265.72838298831,5794.2
452,919,347,89.66550936155974,38.64091403699673,7.610990206746461,11.42422198041351,52.49455930359086,22.2032644178455,90.12716218938033,72.0,762.532955296219,66.0,9.999999999999993,12.900000000000007,62.5,827.8611138064362,78,5.538505717126387,18.0,5.3000000000000025,9.79999999999999,41.5,1.0,67,82402.6031032734,31274.125279714972,113676.72838298837,5076.7
453,1001,599,68.49397220552177,38.6003996003996,7.628371628371625,11.382457542457557,52.553446553446555,19.979620379620382,83.29750141961853,72.23576423576424,762.532955296219,66.0,9.999999999999993,12.900000000000007,62.5,826.8611138064362,79,5.538505717126387,18.0,5.3000000000000025,9.73999999999999,41.5,1.0,68,68562.4661777273,49895.2033503515,118457.6695280788,6958.699999999999
454,917,343,91.5803131554382,38.73391494002181,7.644383860414393,11.374176663031637,52.664667393675025,22.61766630316246,98.77411768088034,72.21374045801527,739.338578571604,66.0,9.999999999999993,12.900000000000007,62.5,825.8611138064362,79,5.538505717126387,18.0,5.3000000000000025,9.73999999999999,41.5,2.0,68,83979.14716353684,33879.522364541954,117858.66952807878,4771.099999999999
455,1020,580,69.23439372907966,38.758823529411764,7.649607843137255,11.374705882352968,52.6985294117647,20.106764705882348,88.65326213520653,72.45980392156862,772.6960618748673,66.0,9.999999999999993,12.960000000000008,62.5,824.8611138064362,80,5.538505717126387,18.0,5.400000000000002,9.73999999999999,42.0,2.0,68,70619.08160366125,51418.89203841979,122037.97364208105,6240.799999999999
456,910,362,94.36952350503479,38.72857142857143,7.6483516483516505,11.378791208791224,52.675824175824175,22.017032967032996,98.29200898480475,72.52197802197803,870.9819047801016,66.0,9.899999999999993,12.960000000000008,62.0,672.5295096024857,80,6.162074001111581,18.0,5.400000000000002,9.73999999999999,42.0,1.0,68,85876.26638958167,35581.70725249932,121457.973642081,5195.299999999999
457,1005,595,71.84505997167159,38.48656716417911,7.627462686567159,11.384139303482605,52.62686567164179,20.20766169154227,88.0730467918558,72.76915422885573,829.9654874257003,64.0,9.899999999999993,12.960000000000008,62.0,662.4683686499567,81,5.31398400335884,18.0,5.400000000000002,9.73999999999999,42.5,1.0,69,72204.28527152995,52403.4628411542,124607.74811268414,6740.4
458,903,377,95.66300686094283,38.50387596899225,7.6258028792912524,11.383632336655607,52.641749723145075,22.452270210409754,99.82507405106828,72.8250276854928,831.9450105166209,64.0,9.899999999999993,12.960000000000008,62.0,772.6960618748673,81,5.31398400335884,18.0,5.400000000000002,9.73999999999999,42.5,1.0,69,86383.69519543137,37634.052917252746,124017.74811268412,5203.3
459,1007,378,76.73450092920194,38.41112214498511,7.634856007944387,11.38625620655413,52.733862959285005,21.007348560079464,106.09077551572707,73.06156901688183,831.9450105166209,64.0,9.799999999999994,12.960000000000008,62.0,796.2676325806287,81,6.162074001111581,18.0,5.3000000000000025,9.679999999999989,42.5,1.0,69,77271.64243570635,40102.313144944834,117373.95558065118,6233.599999999999
460,1016,316,76.60269411503464,38.511811023622045,7.6403543307086546,11.368956692913395,52.75885826771653,20.193799212598446,113.84730637249537,73.21062992125984,1056.3370424572827,64.0,9.899999999999993,12.960000000000008,62.0,606.743864550043,81,5.721232524427558,18.0,5.3000000000000025,9.679999999999989,42.5,1.0,69,77828.3372208752,35975.74881370854,113804.08603458374,4888.9
461,1049,275,73.5856330884488,38.566253574833176,7.624690181124875,11.371973307912302,52.727359389895135,19.806959008579604,115.29982460130923,73.38417540514776,986.3810668197684,64.0,9.899999999999993,12.960000000000008,62.0,536.6293654117744,81,5.721232524427558,18.0,5.3000000000000025,9.679999999999989,42.5,1.0,69,77191.32910978279,31707.451765360038,108898.78087514282,5782.7
462,1078,238,72.3061931554268,38.509276437847866,7.6160482374768055,11.376530612244906,52.657699443413726,20.739146567718027,111.41023732055423,73.57884972170686,986.3810668197684,64.0,9.899999999999993,12.960000000000008,62.0,857.6121575488276,82,5.278624550182105,18.0,5.3000000000000025,9.679999999999989,42.5,1.215821908127067,69,77946.07622155009,26515.636482291906,104461.712703842,6260.099999999999
463,1070,241,65.10913657954836,38.55046728971963,7.610841121495332,11.37811214953272,52.607009345794395,21.124579439252322,129.03677418706488,73.77009345794393,812.4430020152635,64.0,9.899999999999993,12.960000000000008,62.0,986.3810668197684,82,5.278624550182105,18.0,5.3000000000000025,9.679999999999989,42.0,1.0,69,69666.77614011675,31097.862579082634,100764.63871919939,7006.599999999999
464,1077,202,69.95727004814441,38.50974930362117,7.6075208913649055,11.380464252553399,52.602599814298976,22.171123491179213,110.56357378024973,73.93129062209842,817.9032093471143,64.0,9.899999999999993,12.960000000000008,62.0,985.3810668197684,82,5.278624550182105,18.0,5.3000000000000025,9.679999999999989,42.0,7.230921828941026,69,75343.97984185153,22333.841903610446,97677.82174546197,6343.5
465,1048,225,62.68104514481752,38.30152671755725,7.60085877862595,11.386870229007652,52.58540076335878,22.334351145038163,125.38880401485308,74.11259541984732,679.4942872929726,64.0,9.999999999999993,13.020000000000008,62.0,984.3810668197684,83,5.278624550182105,18.0,5.200000000000003,9.679999999999989,42.0,6.230921828941026,69,65689.73531176876,28212.480903341944,93902.2162151107,6987.799999999999
466,1035,210,63.701251136618914,38.13719806763285,7.594975845410627,11.384772946859904,52.573913043478264,22.665120772946842,120.01193774594896,74.26183574879227,885.3428510738428,64.0,9.999999999999993,13.020000000000008,62.0,983.3810668197684,83,5.278624550182105,18.0,5.200000000000003,9.79999999999999,42.5,7.916887240227675,69,65930.79492640057,25202.50692664928,91133.30185304985,6231.2
467,1017,230,61.599842312435186,37.945919370698135,7.588495575221243,11.382281219272373,52.42428711897738,22.818780727630323,107.67527636028395,74.44444444444444,1006.7932055913797,64.0,9.999999999999993,13.020000000000008,62.0,679.4942872929726,83,5.278624550182105,18.0,5.200000000000003,9.79999999999999,42.5,6.916887240227675,69,62647.039631746586,24765.313562865307,87412.35319461189,6876.799999999999
468,989,238,60.034932331126015,37.67947421638018,7.594135490394333,11.382527805864523,52.343276036400404,22.826592517694646,104.38547906469883,74.64206268958544,962.7816060390055,64.0,9.599999999999994,13.020000000000008,62.0,1006.7932055913797,83,5.278624550182105,18.0,5.200000000000003,9.919999999999991,42.5,5.916887240227675,69,59374.54807548363,24843.74401739832,84218.29209288195,6550.9
469,984,228,59.04064378335305,37.78353658536585,7.608130081300808,11.36876016260164,52.33790650406504,23.21077235772356,101.36358994573582,74.77337398373983,793.8539365905347,64.0,9.599999999999994,13.020000000000008,62.0,1005.7932055913797,83,5.583267479749599,18.0,5.100000000000003,9.919999999999991,42.0,5.278624550182105,69,58095.9934828194,23110.898507627768,81206.89199044717,5896.999999999999
470,945,233,56.74208856641385,38.07936507936508,7.626560846560845,11.339576719576721,52.3973544973545,23.274179894179905,105.08370009940967,74.88253968253969,681.2820041074681,64.0,9.599999999999994,13.020000000000008,61.5,1004.7932055913797,83,5.583267479749599,18.0,5.100000000000003,9.919999999999991,42.0,4.278624550182105,69,53621.27369526109,24484.502123162452,78105.77581842354,6138.5
471,933,218,54.074980839709696,38.39335476956056,7.641264737406224,11.344908896034305,52.41211146838157,23.11993569131833,113.60104386253235,75.0,1043.3631364322098,64.0,9.599999999999994,13.020000000000008,62.0,960.7816060390055,83,5.583267479749599,19.0,5.100000000000003,9.919999999999991,42.0,4.385051081382686,69,50451.957123449145,24765.027562032054,75216.9846854812,5809.0
472,906,219,53.79199689510401,38.33222958057395,7.638079470198678,11.356821192052987,52.34271523178808,23.064348785871985,107.98335366488469,75.22847682119205,1043.3631364322098,64.0,9.599999999999994,12.960000000000008,62.0,680.2820041074681,84,6.0530809510227135,19.0,5.200000000000003,9.919999999999991,42.0,7.007009846141731,69,48735.549186964236,23648.354452609747,72383.90363957398,5722.099999999999
473,880,210,54.980583395412935,38.064772727272725,7.598409090909094,11.371636363636346,52.152272727272724,22.85204545454546,102.6609977295558,75.47727272727273,1043.3631364322098,64.0,9.599999999999994,12.960000000000008,62.0,679.2820041074681,85,6.075220116592778,19.0,5.200000000000003,9.919999999999991,42.0,6.007009846141731,69,48382.91338796338,21558.809523206717,69941.7229111701,5516.0
474,840,226,54.49803715444529,37.90357142857143,7.595952380952389,11.379880952380946,52.198214285714286,22.203809523809525,96.38180422527071,75.65595238095239,969.7481702892313,64.0,9.599999999999994,12.960000000000008,62.0,1043.3631364322098,85,6.075220116592778,18.0,5.200000000000003,9.919999999999991,42.0,6.737535030708379,70,45778.35120973404,21782.28775491118,67560.63896464522,5683.5
475,818,211,56.332529219902476,38.191931540342296,7.593520782396088,11.38999999999999,52.2921760391198,22.03948655256722,89.16191499221895,75.71882640586797,893.0948296357495,64.0,9.599999999999994,12.960000000000008,62.0,1042.3631364322098,85,6.075220116592778,18.0,5.200000000000003,9.919999999999991,42.0,7.61310652954216,70,46080.008901880225,18813.1640633582,64893.172965238424,4988.0
476,810,191,56.83339152303538,38.43703703703704,7.635061728395068,11.371456790123442,52.39938271604938,21.9030864197531,85.0874925322515,75.79629629629629,1057.675135456775,64.0,9.599999999999994,12.960000000000008,62.0,968.7481702892313,85,5.790319604993688,18.0,5.200000000000003,9.919999999999991,42.0,6.61310652954216,70,46035.047133658656,16251.711073660037,62286.75820731869,4606.4
477,817,188,52.29916539679538,38.618115055079556,7.650183598531224,11.355862913096695,52.41554467564259,22.09963280293758,90.42743768309431,75.9094247246022,1057.675135456775,64.0,9.599999999999994,12.960000000000008,62.0,670.7925845435934,85,6.205486348746488,18.0,5.200000000000003,9.919999999999991,42.0,5.61310652954216,70,42728.418129181824,17000.35828442173,59728.776413603555,4597.0
478,809,182,47.985066786346664,38.281829419035844,7.647713226205202,11.366452410383177,52.36217552533993,22.022002472187893,100.14467012916101,76.10630407911002,597.8720764176378,64.0,9.599999999999994,12.960000000000008,62.0,1057.675135456775,85,5.720489191807129,18.0,5.100000000000003,9.919999999999991,42.0,5.075220116592778,70,38819.91903015445,18226.329963507305,57046.24899366176,4554.0
479,810,790,48.86925636656808,38.023456790123454,7.633086419753087,11.374864197530854,52.29197530864197,22.33209876543212,58.828941211549406,76.2567901234568,607.9431191600362,64.0,9.599999999999994,12.960000000000008,62.0,1056.675135456775,85,5.720489191807129,18.0,5.100000000000003,9.919999999999991,42.0,1.0,70,39584.097656920145,46474.86355712403,86058.96121404417,4547.5
480,709,571,69.67392785945036,38.18476727785614,7.641889985895629,11.351593794076162,52.32369534555712,24.755007052186176,62.819871036241416,76.26939351198871,681.9393517431067,64.0,9.599999999999994,12.960000000000008,62.0,1055.675135456775,85,5.734540846220693,18.0,5.100000000000003,9.919999999999991,42.0,1.0,71,49398.814852350304,35870.14636169385,85268.96121404416,4651.599999999999
481,789,811,55.079122670353065,38.10519645120406,7.667046894803541,11.345804816223069,52.39480354879594,20.45817490494297,60.712459091763954,76.50190114068441,1120.4990173739316,64.0,9.599999999999994,12.960000000000008,61.0,676.9389739346186,85,5.838912498570294,17.0,5.100000000000003,9.919999999999991,42.0,1.0,71,43457.42778690857,49237.80432342057,92695.23211032915,4441.9
482,736,496,81.86700555336503,38.14809782608695,7.672282608695652,11.343451086956513,52.39334239130435,22.541847826086954,63.770395207767116,76.52717391304348,1122.4990173739316,64.0,9.599999999999994,12.960000000000008,61.0,675.9389739346186,85,5.838912498570294,17.0,5.100000000000003,9.919999999999991,42.0,1.0,71,60254.11608727666,31630.11602305249,91884.23211032915,2952.0
483,871,729,57.738631919634415,38.46383467278989,7.667164179104474,11.336601607347895,52.50516647531573,18.539265212399545,61.943768857308854,76.69804822043628,1122.4990173739316,65.0,9.599999999999994,12.960000000000008,61.0,674.9389739346186,85,5.838912498570294,16.0,5.200000000000003,9.85999999999999,42.0,0.8712356661147727,71,50290.348402001575,45157.007496978156,95447.35589897973,5194.2
484,798,435,79.4441833996605,38.45614035087719,7.658771929824548,11.340501253132844,52.484962406015036,20.125313283208044,72.00465818479191,76.703007518797,724.3971295056399,65.0,9.599999999999994,12.960000000000008,61.0,1122.4990173739316,85,5.838912498570294,16.0,5.3000000000000025,9.85999999999999,42.0,1.0,71,63396.45835292908,31322.026310384477,94718.48466331356,3563.2999999999997
485,925,675,56.517941593002405,38.292972972972976,7.628540540540538,11.368951351351352,52.46,17.355459459459464,70.62147119745981,77.03135135135135,661.878911462025,65.0,9.599999999999994,13.020000000000008,61.0,1121.4990173739316,85,5.144750840967854,16.0,5.3000000000000025,9.85999999999999,42.0,1.0,72,52279.095973527226,47669.49305828537,99948.58903181259,5323.299999999999
486,873,377,80.29520393524199,38.31156930126002,7.6250859106529125,11.380618556701032,52.491408934707906,20.32428407789232,77.38959150224512,77.06758304696449,802.7190819847671,65.0,9.599999999999994,13.020000000000008,61.0,1120.4990173739316,85,5.144750840967854,16.0,5.3000000000000025,9.85999999999999,42.0,1.0,72,70097.71303546625,29175.875996346414,99273.58903181266,4017.1
487,1019,581,59.656464768841815,38.387634936211974,7.642787046123642,11.37417075564279,52.556427870461235,18.500098135426917,71.25381177322957,77.25515210991168,688.382392162562,65.0,9.599999999999994,13.020000000000008,61.0,1119.4990173739316,85,5.144750840967854,17.0,5.3000000000000025,9.85999999999999,42.0,1.0,72,60789.93759944981,41398.464640246384,102188.4022396962,6066.7
488,943,330,80.50964646797615,38.46659597030753,7.641569459172851,11.370286320254511,52.58960763520679,21.35450689289503,77.83880491028692,77.25662778366915,1163.439461456862,65.0,9.499999999999995,13.020000000000008,61.0,624.4115923335956,85,5.144750840967854,17.0,5.3000000000000025,9.85999999999999,42.0,1.0,72,75920.59661930152,25686.805620394684,101607.40223969621,4981.599999999999
489,1009,591,60.0621601696153,38.42814667988107,7.669276511397411,11.35744301288407,52.67938553022795,19.888701684836494,80.75408119226397,77.48662041625371,1163.439461456862,65.0,9.499999999999995,13.020000000000008,61.0,793.4389386301375,84,5.9487748091306045,17.0,5.3000000000000025,9.85999999999999,42.0,1.0,72,60602.71961114183,47725.661984628,108328.38159576984,7071.8
490,928,334,82.00026435019657,38.50323275862069,7.689978448275858,11.352413793103453,52.72036637931034,22.495797413793124,94.73394095445352,77.5021551724138,1163.439461456862,63.0,9.499999999999995,13.020000000000008,61.0,792.4389386301375,84,5.9487748091306045,17.0,5.3000000000000025,9.85999999999999,42.0,1.0,72,76096.24531698241,31641.136278787475,107737.3815957699,4698.9
491,1056,544,65.33287614297731,38.48674242424242,7.710321969696964,11.341306818181808,52.728219696969695,20.21988636363639,77.66337203229705,77.74905303030303,1163.439461456862,63.0,9.499999999999995,13.020000000000008,61.0,766.9769595617505,84,5.748460330527763,17.0,5.3000000000000025,9.85999999999999,42.0,1.0,72,68991.51720698405,42248.874385569594,111240.39159255364,5851.599999999999
492,965,306,86.27262388647034,38.46424870466321,7.709844559585488,11.344766839378229,52.70518134715026,22.321036269430063,89.68401811146974,77.82072538860103,1163.439461456862,63.0,9.499999999999995,13.020000000000008,61.0,660.2334903399419,84,5.748460330527763,17.0,5.3000000000000025,9.85999999999999,42.0,1.0,73,83253.08205044387,27443.30954210974,110696.39159255361,4735.5
493,1046,554,65.4398352143074,38.23900573613767,7.690822179732304,11.343193116634806,52.62380497131931,20.375239005736123,83.72961960864275,78.0812619502868,1163.439461456862,63.0,9.499999999999995,13.020000000000008,61.0,906.2372511347937,84,5.748460330527763,17.0,5.3000000000000025,9.85999999999999,42.0,1.0,73,68450.06763416553,46386.20926318808,114836.27689735361,6647.099999999999
494,962,303,87.312382526086,38.104989604989605,7.691164241164234,11.354573804573798,52.63461538461539,22.978170478170444,99.95962015596999,78.14241164241164,944.1397853001483,61.0,9.499999999999995,13.020000000000008,61.0,1163.439461456862,84,6.0072783468615905,17.0,5.3000000000000025,9.85999999999999,42.0,2.0,73,83994.51199009473,30287.764907258905,114282.27689735364,4828.2
495,1058,542,65.89549525257472,38.22873345935728,7.706049149338369,11.346975425330802,52.66304347826087,20.630340264650282,89.12311221023275,78.33364839319471,748.2865647354421,61.0,9.499999999999995,13.020000000000008,61.0,1162.439461456862,85,5.82101148804096,17.0,5.3000000000000025,9.85999999999999,41.5,1.0,73,69717.43397722405,48304.726817946146,118022.1607951702,6942.999999999999
496,967,299,88.68144065556535,38.256463288521196,7.733298862461217,11.34444674250259,52.776628748707346,23.217993795242997,106.10437351584777,78.36194415718718,959.2229473856029,61.0,9.499999999999995,13.020000000000008,61.0,1161.439461456862,85,5.82101148804096,17.0,5.3000000000000025,9.85999999999999,41.5,1.0,73,85754.9531139317,31725.207681238484,117480.16079517017,4965.799999999999
497,1045,555,68.18347184935443,38.05645933014354,7.719234449760761,11.354028708133974,52.69377990430622,20.94287081339714,89.73285767758685,78.65167464114832,748.777090471491,61.0,9.499999999999995,13.020000000000008,61.0,1160.439461456862,85,5.82101148804096,17.0,5.3000000000000025,9.85999999999999,41.5,1.0,73,71251.72808257538,49801.736011060704,121053.46409363608,7127.499999999999
498,943,323,91.28209851966562,38.0084835630965,7.703181336161187,11.364008483563095,52.62619300106044,23.027995758218406,106.58651761483388,78.70307529162248,723.7522318825376,60.0,9.499999999999995,13.020000000000008,61.0,1159.439461456862,85,6.649391823785118,17.0,5.3000000000000025,9.85999999999999,41.5,1.0,73,86079.01890404469,34427.445189591344,120506.46409363602,5082.4
499,1020,339,71.40752535323367,37.96176470588235,7.710490196078423,11.367039215686274,52.66470588235294,20.413627450980425,120.00345243448562,78.92941176470588,834.1717027830775,60.0,9.499999999999995,13.020000000000008,61.0,1158.439461456862,86,5.860898730202176,17.0,5.3000000000000025,9.85999999999999,41.5,2.0,74,72835.67586029835,40681.170375290625,113516.84623558898,6189.0
500,1076,247,69.5129990060323,38.07992565055762,7.724256505576201,11.368977695167276,52.72490706319702,19.965334572490715,142.26283264426527,79.04275092936803,1735.6505683460039,60.0,9.499999999999995,13.020000000000008,61.0,1157.439461456862,86,5.860898730202176,17.0,5.3000000000000025,9.85999999999999,41.5,1.0,74,74795.98693049076,35138.91966313352,109934.90659362428,4637.9
501,1101,253,65.94370307128692,38.32970027247956,7.751498637602176,11.361217075385996,52.78882833787466,20.412261580381507,133.86168639531851,79.16167120799274,1735.6505683460039,60.0,9.499999999999995,13.080000000000009,61.0,1156.439461456862,86,5.62974777081873,19.0,5.3000000000000025,9.85999999999999,41.5,3.0,74,72604.0170814869,33867.00665801558,106471.02373950249,6894.099999999999
502,1075,256,66.02061867515634,38.43162790697674,7.749581395348836,11.361804651162783,52.86511627906977,21.203627906976752,125.32147656367069,79.32744186046511,1195.2793099693552,61.0,9.499999999999995,13.080000000000009,61.0,1735.6505683460039,86,5.62974777081873,19.0,5.3000000000000025,9.85999999999999,41.5,2.0,74,70972.16507579306,32082.298000299696,103054.46307609275,7393.499999999999
503,1062,249,60.43655646929231,38.22316384180791,7.744726930320145,11.365781544256118,52.8210922787194,21.775800376647847,142.11064752263502,79.53201506591337,1195.2793099693552,61.0,9.499999999999995,13.080000000000009,61.0,1734.6505683460039,86,5.62974777081873,18.0,5.3000000000000025,9.85999999999999,41.5,6.0,74,64183.62297038844,35385.55123313612,99569.17420352456,6828.4
504,1058,213,67.40995225691816,38.02551984877127,7.718241965973531,11.389206049149326,52.78544423440454,22.226559546313815,117.58901650356705,79.74574669187146,1765.7829836824694,61.0,9.499999999999995,13.080000000000009,61.0,741.2865647354421,87,5.62974777081873,18.0,5.3000000000000025,9.79999999999999,41.5,5.52108885304019,74,71319.72948781941,25046.460515259783,96366.19000307919,6252.999999999999
505,1064,209,65.85941878659781,38.14661654135338,7.728007518796989,11.38924812030074,52.892857142857146,22.883270676691744,108.7431001683262,79.80451127819549,1765.7829836824694,61.0,9.499999999999995,13.080000000000009,61.0,1195.2793099693552,87,5.279521730272582,18.0,5.3000000000000025,9.79999999999999,41.5,4.52108885304019,74,70074.42158894008,22727.307935180175,92801.72952412025,6684.599999999999
506,1010,249,58.31742066483424,38.1970297029703,7.738514851485139,11.384198019801982,52.941089108910894,23.53594059405941,125.58133393369492,79.92079207920793,756.8196608724152,61.0,9.499999999999995,13.080000000000009,60.5,1765.7829836824694,87,5.032278186691019,18.0,5.3000000000000025,9.79999999999999,41.0,3.5210888530401903,74,58900.59487148258,31269.752149490036,90170.34702097261,7143.2
507,957,253,59.027817516995114,37.81609195402299,7.72277951933124,11.409487983281078,52.858934169278996,24.349947753395988,123.58147195901215,80.1065830721003,1776.5324199260863,61.0,9.499999999999995,13.14000000000001,60.5,1312.2591203096915,87,5.032278186691019,17.0,5.3000000000000025,9.79999999999999,41.0,3.0151957406136862,74,56489.62136376432,31266.112405630072,87755.7337693944,6587.799999999999
508,924,250,62.549984377061286,37.942640692640694,7.730411255411261,11.403722943722943,52.97132034632035,24.57402597402598,108.76905861116403,80.24458874458874,1776.5324199260863,59.0,9.599999999999994,13.14000000000001,60.5,818.742694770747,87,5.279521730272582,17.0,5.3000000000000025,9.79999999999999,41.0,2.0151957406136862,74,57796.18556440463,27192.264652791007,84988.45021719564,5681.099999999999
509,907,256,59.75141109719146,37.8787210584344,7.745424476295476,11.388776185226028,53.01323042998897,23.769018743109175,104.89671629840889,80.39691289966925,1331.179044565938,59.0,9.599999999999994,13.14000000000001,60.5,755.8196608724152,87,5.3855883252356325,17.0,5.200000000000003,9.79999999999999,41.0,1.0151957406136862,74,54194.529865152654,26853.559372392676,81048.08923754533,5447.299999999999
510,882,262,56.196520243361576,38.11451247165533,7.763492063492057,11.382040816326505,53.14002267573696,23.269274376417236,107.50556973715274,80.55895691609977,841.9406810582486,59.0,9.599999999999994,13.14000000000001,60.5,1331.179044565938,87,5.3855883252356325,17.0,5.200000000000003,9.79999999999999,41.5,0.015195740613686226,74,49565.33085464491,28166.45927113402,77731.79012577893,5441.2
511,873,268,55.630196907261876,37.89232531500573,7.758991981672393,11.39841924398625,53.10137457044674,21.68762886597938,97.27421082297589,80.80412371134021,933.4038962986425,58.0,9.599999999999994,13.14000000000001,60.5,1330.179044565938,87,5.3855883252356325,17.0,5.200000000000003,9.79999999999999,41.0,5.858606594511629,74,48565.16190003962,26069.488500557538,74634.65040059715,5210.099999999999
512,889,230,54.925570999773406,37.78402699662542,7.764566929133857,11.39856017997749,53.08042744656918,21.8534308211474,97.18930643597459,81.00337457817773,1349.761950031128,58.0,9.599999999999994,13.14000000000001,60.5,841.9406810582486,88,5.3855883252356325,17.0,5.200000000000003,9.79999999999999,41.0,5.0799739591097985,75,48828.83261879856,22353.540480274154,71182.37309907272,5068.599999999999
513,864,218,54.700222537056504,37.854166666666664,7.740972222222224,11.396342592592593,53.066550925925924,23.338888888888896,98.80467361226891,81.17708333333333,1349.761950031128,58.0,9.599999999999994,13.14000000000001,60.5,840.9406810582486,88,5.027351357641745,17.0,5.200000000000003,9.79999999999999,41.0,4.0799739591097985,75,47260.99227201682,21539.418847474622,68800.41111949144,6302.4
514,818,255,52.59106730115591,37.93643031784841,7.733374083129591,11.394400977995105,53.08251833740831,22.863691931540334,89.8797042275445,81.40586797066015,1349.761950031128,58.0,9.599999999999994,13.20000000000001,61.0,839.9406810582486,88,5.027351357641745,17.0,5.200000000000003,9.79999999999999,41.0,4.341796053241932,75,43019.49305234553,22919.324578023847,65938.81763036938,6342.499999999999
515,799,221,58.35588541539451,37.96996245306633,7.754443053817268,11.40075093867334,53.05444305381727,22.733541927409245,77.41610987788478,81.64956195244055,1349.761950031128,58.0,9.599999999999994,13.20000000000001,61.0,838.9406810582486,88,5.027351357641745,17.0,5.200000000000003,9.79999999999999,41.0,3.341796053241932,75,46626.352446900215,17108.960283012537,63735.31272991275,4808.099999999999
516,791,207,55.94565978729492,37.84450063211125,7.733881163084706,11.41094816687737,52.99304677623262,22.782553729456417,82.66013260530998,81.96586599241466,1349.761950031128,58.0,9.599999999999994,13.20000000000001,61.0,837.9406810582486,88,5.027351357641745,18.0,5.200000000000003,9.79999999999999,41.0,2.341796053241932,75,44253.01689175028,17110.647449299166,61363.66434104944,5190.099999999999
517,763,210,50.68267361104489,37.693315858453474,7.73958060288335,11.434652686762776,53.07798165137615,22.84010484927916,99.20158928461593,82.19003931847969,648.8523058155512,57.0,9.599999999999994,13.20000000000001,61.5,1349.761950031128,88,4.761743001405658,17.0,5.200000000000003,9.79999999999999,41.0,1.3417960532419322,75,38670.87996522725,20832.333749769346,59503.2137149966,5166.599999999999
518,752,203,51.905947458000334,37.79255319148936,7.736968085106386,11.433909574468077,53.05452127659574,22.713696808510644,89.05507610033905,82.30718085106383,1421.5734597639753,57.0,9.599999999999994,13.20000000000001,61.5,835.9406810582486,89,4.761743001405658,17.0,5.200000000000003,9.79999999999999,41.0,5.027351357641745,75,39033.27248841625,18078.18044836883,57111.45293678508,4687.599999999999
519,724,876,49.1375216126416,37.89364640883978,7.758425414364645,11.4174585635359,53.16781767955801,22.8110497237569,60.218390278532326,82.43370165745857,1421.5734597639753,57.0,9.599999999999994,13.080000000000009,61.5,783.3384747469577,89,4.761743001405658,17.0,5.400000000000002,9.79999999999999,41.0,1.0,76,35575.56564755252,52751.30988399432,88326.87553154683,4882.4
520,633,665,75.54922343404476,38.06003159557662,7.791627172195895,11.41895734597156,53.274881516587676,26.110110584518168,59.59130390646088,82.42022116903634,1037.1632421362674,57.0,9.599999999999994,13.080000000000009,61.5,1421.5734597639753,89,4.761743001405658,17.0,5.400000000000002,9.79999999999999,41.0,1.0,76,47822.65843375034,39628.217097796485,87450.87553154683,4761.599999999999
521,704,896,57.4349686374644,38.36363636363637,7.815909090909088,11.406789772727263,53.45454545454545,20.874147727272735,59.34328775126752,82.6534090909091,898.5206815342215,57.0,9.599999999999994,13.080000000000009,61.5,1420.5734597639753,89,5.587667948552355,17.0,5.400000000000002,9.79999999999999,41.0,1.0,76,40434.217920774936,53171.5858251357,93605.80374591064,4221.799999999999
522,654,615,86.2919675205326,38.58103975535168,7.83058103975535,11.39825688073393,53.591743119266056,22.881804281345573,58.98350729671921,82.61467889908256,898.5206815342215,57.0,9.599999999999994,13.020000000000008,61.5,1419.5734597639753,89,6.072436352547015,17.0,5.400000000000002,9.79999999999999,41.0,1.0,76,56434.94675842832,36274.856987482315,92709.80374591064,2599.6
523,781,819,59.63770358845419,38.91037131882202,7.878745198463508,11.391113956466059,53.76440460947503,19.283098591549305,62.519899436989775,82.83226632522407,827.634692022785,57.0,9.599999999999994,13.080000000000009,61.5,1418.5734597639753,89,6.156096810531468,17.0,5.400000000000002,9.79999999999999,42.0,1.0,76,46577.04650258272,51203.797638894626,97780.84414147734,4273.099999999999
524,716,532,86.73208827590128,39.04608938547486,7.888687150837995,11.38480446927374,53.819134078212294,20.90069832402236,65.52945288709051,82.89804469273743,1446.0855565713284,57.0,9.599999999999994,13.080000000000009,61.5,897.5206815342215,89,6.81850236610202,17.0,5.600000000000001,9.79999999999999,42.0,1.0,76,62100.17520554531,34861.66893593215,96961.84414147746,3164.4999999999995
525,866,734,62.36900661888219,38.710161662817555,7.875173210161657,11.40175519630486,53.725173210161664,17.725288683602788,63.274067525260136,83.2540415704388,745.4500787910195,57.0,9.599999999999994,13.080000000000009,61.5,896.5206815342215,90,5.789024202632867,17.0,5.700000000000001,9.79999999999999,42.0,1.0,77,54011.55973195197,46443.16556354094,100454.72529549291,4565.099999999999
526,808,443,86.8410532819508,38.84653465346535,7.883415841584162,11.395272277227733,53.79579207920792,19.98849009900991,66.71140912793838,83.25990099009901,1011.8710753337738,57.0,9.599999999999994,13.080000000000009,61.5,564.6744749085558,90,6.81850236610202,18.0,5.700000000000001,9.79999999999999,42.0,0.12406508766535662,77,70167.57105181625,29553.154243676705,99720.72529549296,3624.5999999999995
527,936,664,63.848398751167224,38.74145299145299,7.888675213675204,11.397692307692312,53.730235042735046,18.028418803418806,66.65846023886616,83.50854700854701,828.4915317524876,57.0,9.599999999999994,13.080000000000009,62.0,1011.8710753337738,90,5.9890436204662105,20.0,5.700000000000001,9.79999999999999,41.5,1.0,77,59762.10123109252,44261.21759860713,104023.31882969965,5797.9
528,872,392,85.44391001464761,38.56880733944954,7.87133027522936,11.404151376146803,53.63188073394495,21.063646788990802,73.60262575746663,83.5802752293578,1034.4614162692744,57.0,9.599999999999994,13.080000000000009,62.0,423.9315337853606,90,6.572252913913301,20.0,5.700000000000001,9.79999999999999,41.5,1.0,77,74507.08953277272,28852.22929692692,103359.31882969964,4796.2
529,982,618,64.0938735283618,38.56008146639511,7.87505091649694,11.401649694501026,53.59725050916497,19.77535641547861,72.77388236729614,83.91038696537679,1034.4614162692744,57.0,9.599999999999994,13.080000000000009,62.0,828.4915317524876,90,6.572252913913301,19.0,5.600000000000001,9.79999999999999,41.5,1.0,77,62940.18380485129,44974.25930298901,107914.4431078403,6499.499999999999
530,900,382,83.63374843294294,38.53666666666667,7.869555555555545,11.388577777777769,53.56388888888889,22.710333333333327,83.83787831987333,83.93222222222222,1123.4614162692744,57.0,9.599999999999994,13.080000000000009,62.0,827.4915317524876,90,6.598161238686439,19.0,5.600000000000001,9.79999999999999,41.5,3.0,78,75270.37358964865,32026.069518191613,107296.44310784026,5183.999999999999
531,985,615,64.72786404027863,38.53299492385787,7.855736040609136,11.388852791878177,53.56700507614213,20.566598984771588,76.59961803956095,84.1766497461929,1123.4614162692744,58.0,9.699999999999994,13.020000000000008,62.0,826.4915317524876,91,6.05266310631855,19.0,5.600000000000001,9.79999999999999,41.5,1.0,78,63756.946079674446,47108.76509432998,110865.71117400442,6688.699999999999
532,902,353,85.16371922409355,38.493348115299334,7.846119733924617,11.40399113082038,53.55986696230599,23.106651884700685,94.71115137074229,84.26940133037694,1425.2860005445964,58.0,9.699999999999994,13.020000000000008,62.0,1010.9762890764739,91,6.05266310631855,19.0,5.600000000000001,9.79999999999999,41.5,1.0,78,76817.67474013238,33433.036433872025,110250.7111740044,4850.799999999999
533,1013,586,67.26875389759854,38.59427443237907,7.867324777887462,11.391747285291201,53.550839091806516,20.30730503455081,78.16976095965913,84.48963474827247,1425.2860005445964,58.0,9.699999999999994,13.020000000000008,62.0,824.4915317524876,91,6.05266310631855,19.0,5.600000000000001,9.79999999999999,41.0,1.0,78,68143.24769826733,45807.479922360246,113950.72762062757,6047.199999999999
534,931,334,90.97718608104066,38.682062298603654,7.875402792696019,11.385005370569266,53.568206229860365,22.529001074113864,85.66519596284901,84.53168635875403,1425.2860005445964,58.0,9.699999999999994,13.020000000000008,62.0,436.6105953220292,91,6.05266310631855,19.0,5.600000000000001,9.79999999999999,41.0,1.0,78,84699.76024144885,28612.17545159157,113311.93569304042,4590.799999999999
535,1040,560,66.91304603681796,38.26442307692308,7.847211538461531,11.406480769230773,53.50913461538462,19.90711538461539,82.35410721343455,84.925,1171.8934364961904,59.0,9.699999999999994,13.020000000000008,62.0,1425.2860005445964,91,5.967944774470321,18.0,5.600000000000001,9.79999999999999,41.0,1.0,78,69589.56787829068,46118.30003952335,115707.86791781403,6656.299999999999
536,961,304,89.27407205910417,38.2060353798127,7.8391259105098845,11.401997918834557,53.51300728407909,22.468262226847038,96.56409430596959,85.01456815816857,1437.2166650437316,59.0,9.699999999999994,13.020000000000008,62.0,581.2444348062751,91,5.967944774470321,18.0,5.600000000000001,9.79999999999999,41.0,1.0,78,85792.3832487991,29355.484669014753,115147.86791781386,4818.799999999999
537,1059,541,70.66003622575461,38.24645892351275,7.838999055712928,11.388177525967876,53.57507082152974,21.08829084041546,82.53410364418546,85.27856468366383,1437.2166650437316,59.0,9.699999999999994,13.020000000000008,62.0,580.2444348062751,91,5.522693064634093,18.0,5.500000000000002,9.79999999999999,41.0,1.0,78,74828.97836307413,44650.95007150433,119479.92843457847,7044.099999999999
538,965,322,90.8597411614005,38.038341968911915,7.8372020725388545,11.388849740932653,53.50880829015544,23.991088082901555,97.07850376964889,85.34300518134715,1437.2166650437316,59.0,9.699999999999994,13.020000000000008,62.0,575.335404405421,91,5.522693064634093,18.0,5.500000000000002,9.79999999999999,41.0,1.0,78,87679.65022075149,31259.278213826943,118938.92843457843,5674.899999999999
539,1060,540,68.8306415140554,38.24716981132075,7.838018867924528,11.378452830188676,53.554245283018865,21.781981132075476,91.72430833640877,85.51037735849057,1437.2166650437316,59.0,9.699999999999994,13.020000000000008,62.0,1171.8934364961904,92,5.522693064634093,18.0,5.500000000000002,9.79999999999999,41.0,1.0,79,72960.48000489872,49531.126501660736,122491.60650655946,6759.5999999999985
540,962,307,90.25755968990906,38.502079002079,7.854989604989603,11.36,53.6554054054054,24.397505197505186,114.40988301259561,85.5010395010395,1197.327059833166,59.0,9.699999999999994,12.960000000000008,62.0,1437.2166650437316,92,5.522693064634093,18.0,5.500000000000002,9.79999999999999,41.5,2.0,79,86827.77242169251,35123.83408486685,121951.60650655936,5301.499999999999
541,1063,537,70.02951932097278,38.76387582314205,7.879492003762931,11.342201317027282,53.84995296331138,21.58598306679208,90.2997863401254,85.6698024459078,662.5321563518543,59.0,9.699999999999994,12.960000000000008,62.5,1436.2166650437316,92,5.6588452777689735,18.0,5.500000000000002,9.79999999999999,41.5,1.0,79,74441.37903819406,48490.98526464734,122932.3643028414,6885.899999999999
542,963,312,95.4809406356803,38.75181723779855,7.8848390446521295,11.3395015576324,53.92263759086189,24.043717549325038,97.88852073936289,85.7196261682243,1506.0603270962292,59.0,9.699999999999994,12.960000000000008,62.5,1157.0872530137553,92,5.6588452777689735,18.0,5.800000000000001,9.79999999999999,41.5,1.0,79,91948.14583216012,30541.218470681222,122489.36430284135,5291.799999999999
543,1042,356,73.31485612221252,38.99712092130518,7.902879078694822,11.326909788867571,54.04222648752399,21.484165067178502,108.824584916828,85.9088291746641,662.5321563518543,59.0,9.699999999999994,12.960000000000008,62.5,1506.0603270962292,92,5.466746548404395,17.0,5.800000000000001,9.79999999999999,41.5,1.0,79,76394.08007934544,38741.55223039077,115135.63230973622,7107.599999999999
544,1050,270,75.75456659452128,38.84571428571429,7.909238095238098,11.336761904761905,54.07047619047619,20.6044761904762,117.19872503184332,86.05904761904762,1523.064048789272,59.0,9.699999999999994,12.960000000000008,62.5,1155.0872530137553,93,5.466746548404395,17.0,5.800000000000001,9.79999999999999,41.5,4.567275788783551,80,79542.29492424734,31643.6557585977,111185.95068284504,5035.4
545,1095,256,68.16554378281818,38.78082191780822,7.895799086757984,11.345296803652966,54.05707762557078,21.213972602739737,123.79106643547003,86.2904109589041,1176.9441640886018,60.0,9.699999999999994,12.960000000000008,62.5,966.4534022258291,93,5.466746548404395,17.0,5.800000000000001,9.79999999999999,41.5,3.567275788783551,80,74641.27044218591,31690.513007480327,106331.78344966624,6922.699999999999
546,1073,251,66.99416162562542,38.95340167753961,7.902795899347619,11.343802423112786,54.12068965517241,21.952469711090398,122.98597931008574,86.42218080149115,987.2358523319364,60.0,9.699999999999994,12.960000000000008,62.5,745.5321563518543,93,5.466746548404395,17.0,5.800000000000001,9.79999999999999,41.5,2.567275788783551,80,71884.73542429609,30869.48080683152,102754.2162311276,7415.399999999999
547,1050,241,68.45428754822557,38.84952380952381,7.893523809523804,11.353009523809504,54.15904761904762,22.71085714285713,114.6553951318778,86.62380952380953,1033.910515357023,60.0,9.699999999999994,12.960000000000008,62.5,744.5321563518543,93,5.760963451933422,17.0,5.800000000000001,9.79999999999999,41.5,5.466746548404395,80,71877.00192563684,27631.95022678255,99508.95215241938,7295.5999999999985
548,1060,219,66.18734209747238,38.81037735849057,7.873584905660364,11.362301886792451,54.11745283018868,23.26575471698112,114.42993280449708,86.78018867924528,987.2358523319364,60.0,9.699999999999994,13.020000000000008,62.5,743.5321563518543,93,5.760963451933422,17.0,5.800000000000001,9.79999999999999,41.5,4.466746548404395,80,70158.58262332072,25060.15528418486,95218.73790750558,7090.199999999999
549,1039,223,64.31679130879543,38.78248315688162,7.894513955726648,11.356323387872953,54.193936477382096,23.488642925890268,113.53109034850245,86.93936477382098,768.3772871570612,60.0,9.799999999999994,13.020000000000008,62.5,987.2358523319364,94,5.116560131397813,18.0,5.800000000000001,9.79999999999999,41.5,3.4667465484043953,81,66825.14616983845,25317.433147716045,92142.5793175545,6823.699999999999
550,1018,242,60.076003484721895,38.99803536345776,7.903634577603139,11.350864440078587,54.18713163064833,23.030550098231814,112.22087077312375,87.05304518664047,1013.3809830800467,60.0,9.799999999999994,13.020000000000008,61.5,727.9224904708194,94,5.116560131397813,18.0,5.800000000000001,9.79999999999999,41.5,8.809923235990308,81,61157.37154744689,27157.450727095948,88314.82227454284,6675.099999999999
551,1012,221,58.536518165416794,39.05632411067194,7.90632411067193,11.345158102766797,54.18280632411067,23.127371541501958,118.38743686183106,87.25494071146245,768.3772871570612,60.0,9.799999999999994,13.020000000000008,61.5,1013.3809830800467,94,5.116560131397813,18.0,5.800000000000001,9.79999999999999,41.5,10.020683651792186,81,59238.9563834018,26163.623546464663,85402.57992986646,6044.999999999999
552,1003,200,63.41539527159343,39.095712861415755,7.929212362911261,11.346979062811561,54.243270189431705,23.730309072781672,93.82023859899188,87.41076769690928,768.3772871570612,60.0,9.799999999999994,13.020000000000008,61.5,1012.3809830800467,94,4.879978514864479,18.0,5.800000000000001,9.73999999999999,41.0,6.503204729900821,81,63605.641457408216,18764.047719798375,82369.68917720659,6558.999999999999
553,967,211,60.4192903972158,39.11168562564633,7.946122026887284,11.337063081695955,54.24560496380558,24.19658738366082,98.93326966272954,87.52223371251293,705.5578489950494,60.0,9.799999999999994,13.020000000000008,61.5,1011.3809830800467,94,4.879978514864479,18.0,5.9,9.73999999999999,41.0,5.503204729900821,81,58425.453814107685,20874.919898835935,79300.37371294362,6820.999999999999
554,947,234,55.4961647193154,39.1805702217529,7.952270327349528,11.345786694825758,54.27085533262935,23.622280887011634,100.64846163675888,87.67370644139388,705.5578489950494,60.0,9.799999999999994,13.020000000000008,61.5,1010.3809830800467,94,4.879978514864479,18.0,5.9,9.73999999999999,41.0,5.65561794224244,81,52554.86798919168,23551.740023001577,76106.60801219326,6136.9
555,920,214,58.15325665877984,39.11739130434783,7.932500000000005,11.350086956521734,54.19347826086957,23.645000000000007,92.77743810013288,87.8695652173913,1070.3181494316016,60.0,9.799999999999994,13.020000000000008,61.5,766.3772871570612,95,5.665026130065799,18.0,5.9,9.73999999999999,41.0,8.62006391938991,81,53500.99612607745,19854.371753428437,73355.36787950588,5677.9
556,883,226,52.839350834609675,39.30577576443941,7.947678369195929,11.34996602491505,54.25651189127973,23.785050962627395,105.44011310282093,87.99886749716875,1070.3181494316016,60.0,9.799999999999994,13.020000000000008,61.5,765.3772871570612,95,5.665026130065799,18.0,5.9,9.73999999999999,41.0,6.206075041280089,81,46657.146786960344,23829.46556123753,70486.61234819787,6321.299999999999
557,881,224,51.619581428559876,39.44381384790012,7.971396140749145,11.3427922814983,54.33711691259932,23.37253121452896,99.3763459895007,88.08626560726447,1070.3181494316016,60.0,9.799999999999994,12.960000000000008,61.5,703.5578489950494,95,5.737240932457107,18.0,5.9,9.73999999999999,41.0,5.206075041280089,81,45476.85123856125,22260.30150164816,67737.1527402094,5453.499999999999
558,874,202,52.73197407014177,39.2837528604119,7.978375286041187,11.34727688787185,54.35411899313501,22.394965675057197,92.51755525319615,88.25400457665904,631.994624539832,60.0,9.799999999999994,12.960000000000008,61.5,1070.3181494316016,95,4.981679185405734,18.0,5.9,9.73999999999999,41.0,4.206075041280089,81,46087.7453373039,18688.546161145623,64776.29149844953,4596.4
559,857,192,51.37526145163644,39.289381563593935,7.989614935822643,11.351925320886808,54.46266044340724,22.332322053675604,94.66241244503948,88.41306884480747,590.5385011744764,60.0,9.799999999999994,12.960000000000008,62.0,1069.3181494316016,96,4.981679185405734,18.0,5.9,9.73999999999999,41.0,4.660259500610431,81,44028.59906405243,18175.18318944758,62203.782253500016,5266.999999999999
560,856,184,50.8763322417779,39.30373831775701,7.996144859813096,11.339602803738327,54.51460280373832,23.078738317757004,86.86188990848481,88.53738317757009,1103.7392174015376,60.0,9.799999999999994,13.020000000000008,62.5,590.5385011744764,96,4.981679185405734,18.0,5.9,9.73999999999999,41.0,4.811554856379715,82,43550.140398961885,15982.587743161204,59532.72814212309,5607.599999999999
561,839,185,49.106542011253225,39.282479141835516,7.994636471990468,11.338784266984517,54.43980929678188,23.43802145411203,85.88707005525154,88.73539928486294,1103.7392174015376,60.0,9.799999999999994,13.020000000000008,62.5,797.7041701930198,96,4.981679185405734,18.0,5.9,9.73999999999999,41.0,3.811554856379715,83,41200.38874744146,15889.107960221536,57089.496707663,5597.699999999999
562,821,203,46.17774738163417,39.66991473812424,8.013154689403171,11.3268209500609,54.51766138855055,23.682460414129128,84.52908579214946,88.93179049939098,603.5321136235865,60.0,9.799999999999994,13.020000000000008,62.5,1103.7392174015376,96,4.981679185405734,18.0,5.9,9.73999999999999,41.0,2.811554856379715,83,37911.930600321655,17159.40441580634,55071.335016127996,5436.599999999999
563,797,802,48.7830182289838,39.641154328732746,8.014303638644924,11.332823086574644,54.59033877038896,24.516436637390186,55.47860623047549,89.13048933500627,1111.9569015794075,60.0,9.799999999999994,13.020000000000008,63.0,529.1360122688229,96,5.2749727259767525,18.0,5.9,9.73999999999999,41.0,1.0,83,38880.06552850009,44493.842196841346,83373.90772534144,5051.599999999999
564,687,585,71.85779514865851,39.85443959243086,8.026055312954876,11.332285298398821,54.70742358078603,26.60713245997089,56.742400684606416,89.09752547307133,1111.9569015794075,60.0,9.699999999999994,13.020000000000008,63.0,540.8277325434595,96,5.2749727259767525,18.0,5.9,9.79999999999999,41.0,1.0,83,49366.305267128395,33194.30440049475,82560.60966762315,4849.499999999999
565,764,836,54.99684963012918,39.795811518324605,8.046465968586388,11.34149214659685,54.8717277486911,21.867801047120448,57.68233998288298,89.37303664921465,1111.9569015794075,60.0,9.699999999999994,13.020000000000008,63.5,557.131064239937,97,5.423681934968219,18.0,5.9,9.85999999999999,45.0,1.0,83,42017.59311741869,48222.43622569017,90240.02934310886,4625.599999999999
566,698,548,77.11994707294306,39.99426934097421,8.064469914040115,11.341404011461304,55.00358166189112,23.59097421203439,64.91661731057415,89.37535816618912,1146.2388919405855,60.0,9.499999999999995,13.020000000000008,63.5,895.1779613273053,97,5.633937433022608,18.0,5.9,9.85999999999999,45.0,1.0,83,53829.723056914256,35574.30628619464,89404.0293431089,3126.7999999999993
567,836,764,55.999747732245176,39.99162679425837,8.083373205741628,11.351602870813387,55.061602870813395,19.811244019138762,62.669385975871066,89.6877990430622,936.1395265904936,60.0,9.499999999999995,13.020000000000008,63.5,1146.2388919405855,98,6.255098783984813,20.0,5.9,9.85999999999999,45.0,1.0,83,46815.78910415697,47879.41088556549,94695.19998972246,4385.699999999999
568,768,463,81.24635933396621,40.014322916666664,8.094661458333329,11.347604166666663,55.124348958333336,21.390234375000002,68.10798276724918,89.7109375,1165.1491407357328,60.0,9.499999999999995,13.020000000000008,63.5,936.1395265904936,98,6.722217334863239,20.0,6.0,9.85999999999999,45.0,1.0,84,62397.20396848605,31533.996021236373,93931.19998972243,3304.5999999999995
569,916,684,57.381062910969334,40.26419213973799,8.102183406113538,11.341855895196518,55.2221615720524,18.421506550218343,65.67469980171089,89.99235807860262,587.1173448198059,59.0,9.499999999999995,13.020000000000008,63.5,935.1395265904936,98,5.284591877991114,20.0,6.0,9.79999999999999,45.5,1.0,84,52561.05362644791,44921.49466437024,97482.54829081814,5310.299999999999
570,859,391,80.28829810611283,40.28637951105937,8.105355064027947,11.338277066356222,55.261932479627475,21.389639115250294,71.17877293521029,90.04190919674039,763.5307143830447,59.0,9.499999999999995,13.020000000000008,63.5,934.1395265904936,98,5.284591877991114,20.0,6.1,9.79999999999999,45.5,1.0,84,68967.64807315092,27830.900217667226,96798.54829081814,4263.099999999999
571,972,628,61.791919434679244,40.27674897119341,8.12098765432099,11.345843621399156,55.3940329218107,19.79691358024691,66.61866755549129,90.3179012345679,763.5307143830447,60.0,9.499999999999995,13.020000000000008,63.5,933.1395265904936,98,5.284591877991114,20.0,6.1,9.79999999999999,45.5,1.0,84,60061.74569050822,41836.523224848526,101898.26891535675,6940.299999999999
572,892,357,83.06543773091175,40.39237668161435,8.124775784753368,11.340941704035862,55.45627802690583,22.2390134529148,76.12296487222252,90.36659192825113,955.9404346230252,60.0,9.499999999999995,13.020000000000008,63.5,763.5307143830447,98,5.284591877991114,20.0,6.1,9.79999999999999,45.5,4.0,84,74094.37045597329,27175.898459383443,101270.26891535673,4786.099999999999
573,1026,574,63.11156043731553,40.49512670565302,8.124366471734895,11.334756335282652,55.55506822612086,19.871539961013617,70.36446520729174,90.58576998050683,955.9404346230252,60.0,9.499999999999995,13.020000000000008,63.5,762.5307143830447,99,6.065620715344715,19.0,6.1,9.79999999999999,45.5,1.0,84,64752.461008685736,40389.20302898546,105141.6640376712,6450.799999999999
574,942,325,83.06274332785651,40.48619957537155,8.132908704883231,11.330806794055185,55.618895966029726,22.5148619957537,80.99249176255485,90.60934182590233,955.9404346230252,60.0,9.499999999999995,13.020000000000008,63.5,761.5307143830447,99,6.095274898524301,19.0,6.1,9.79999999999999,45.5,2.0,84,78245.10421484083,26322.559822830328,104567.66403767116,5158.699999999999
575,1052,548,64.46376654848687,40.288022813688215,8.119771863117872,11.344315589353586,55.6430608365019,21.527851711026617,72.86163995505346,90.93060836501901,955.9404346230252,60.0,9.499999999999995,13.020000000000008,63.5,762.678140753696,99,6.095274898524301,19.0,6.1,9.79999999999999,45.5,1.0,85,67815.88240900819,39928.17869536929,107744.06110437748,7811.299999999998
576,944,341,83.52166127188495,40.36652542372882,8.110805084745762,11.34514830508473,55.6853813559322,24.456461864406766,83.14255971764841,90.95974576271186,955.9404346230252,60.0,9.499999999999995,13.020000000000008,63.5,638.0682301768757,99,6.095274898524301,19.0,6.1,9.79999999999999,45.5,1.0,85,78844.44824065939,28351.612863718106,107196.0611043775,6277.499999999999
577,1021,579,67.36775055724144,40.45053868756121,8.101077375122426,11.346464250734572,55.67140058765916,22.530264446620958,74.30920026603435,91.22722820763957,1094.4628565833225,60.0,9.499999999999995,13.020000000000008,63.5,637.0682301768757,99,6.095274898524301,19.0,6.0,9.79999999999999,45.5,1.0,85,68782.4733189435,43025.02695403389,111807.5002729774,7157.5999999999985
578,908,365,86.92340077002578,40.59471365638767,8.10528634361234,11.344140969162977,55.74614537444934,24.562775330396452,88.4987736268333,91.27643171806167,869.700631135439,60.0,9.499999999999995,13.020000000000008,63.0,1094.4628565833225,99,6.095274898524301,20.0,6.0,9.85999999999999,45.5,1.0,86,78926.4478991834,32302.052373794155,111228.50027297756,5561.099999999999
579,1023,576,67.07868505003925,40.51417399804497,8.112218963831864,11.343225806451612,55.7683284457478,21.91036168132943,79.29909216319734,91.55034213098729,765.3266694270874,60.0,9.399999999999995,13.020000000000008,63.5,1093.4628565833225,100,6.91666563430015,19.0,5.9,9.85999999999999,45.5,1.0,86,68621.49480619015,45676.27708600167,114297.77189219181,6218.099999999999
580,924,348,88.31155193979083,40.51948051948052,8.118722943722945,11.335844155844146,55.77056277056277,23.731601731601724,92.25663164279335,91.61688311688312,790.1483446178736,60.0,9.399999999999995,13.020000000000008,63.5,1092.4628565833225,100,7.208332817150075,19.0,5.9,9.85999999999999,45.5,1.0,86,81599.87399236673,32105.307811692088,113705.18180405881,4904.599999999999
581,1014,586,70.1953433211411,40.54536489151874,8.159270216962526,11.347455621301751,55.884122287968445,21.691025641025647,82.59143155216213,91.8224852071006,790.1483446178736,60.0,9.399999999999995,13.020000000000008,63.5,1091.4628565833225,100,7.24033278309834,19.0,5.9,9.85999999999999,45.5,1.0,86,71178.07812763707,48398.57888956701,119576.65701720408,6452.599999999999
582,933,324,95.81185398285194,40.644158628081456,8.156698821007497,11.353011789924972,55.91050375133977,24.19603429796356,91.49443596050354,91.87781350482315,1282.008418460394,60.0,9.399999999999995,13.020000000000008,63.5,591.8440001225908,100,8.645670946663092,19.0,5.9,9.85999999999999,45.5,2.0,87,89392.45976600086,29644.197251203146,119036.65701720401,4774.099999999999
583,1053,344,73.0487137573456,40.77397910731244,8.16030389363723,11.340721747388407,55.977682811016145,21.513295346628716,100.51148296144544,92.09591642924977,1282.008418460394,61.0,9.399999999999995,13.080000000000009,63.5,590.8440001225908,100,6.227002546649807,18.0,6.0,9.79999999999999,45.5,1.0,87,76920.2955864849,34575.95013873723,111496.24572522214,6765.399999999999
584,1069,280,71.49811391329912,40.834424695977546,8.152478952291874,11.345762394761435,55.99625818521983,21.099438727782957,113.8721383480188,92.24789522918616,1282.008418460394,61.0,9.499999999999995,13.080000000000009,63.5,794.7917470244072,100,6.227002546649807,18.0,6.0,9.79999999999999,45.5,3.0,87,76431.48377331677,31884.198737445262,108315.68251076202,5358.299999999999
585,1100,248,68.27285367929977,40.68818181818182,8.142727272727273,11.357345454545438,55.89772727272727,21.242545454545404,115.00869493746328,92.47090909090909,933.8048825639709,61.0,9.499999999999995,13.080000000000009,63.5,724.7361985772714,101,6.227002546649807,18.0,6.0,9.79999999999999,45.5,2.0,87,75100.13904722975,28522.156344490893,103622.29539172065,6570.099999999999
586,1109,207,68.03635227348452,40.39134355275023,8.141118124436408,11.370694319206486,55.92290351668169,22.519927862939582,119.76202167040314,92.5770964833183,933.8048825639709,61.0,9.499999999999995,13.080000000000009,63.0,751.949003812685,101,4.923299547048419,18.0,6.0,9.79999999999999,45.5,4.0,87,75452.31467129434,24790.73848577345,100243.0531570678,7284.999999999999
587,1080,240,62.26730357027436,40.471296296296295,8.1323148148148,11.354518518518507,56.0,23.152129629629652,120.31871748342134,92.70185185185186,933.8048825639709,61.0,9.499999999999995,13.080000000000009,63.0,752.1225259369278,102,4.923299547048419,19.0,5.9,9.79999999999999,45.5,5.368122114811641,88,67248.6878558963,28876.49219602112,96125.18005191743,7962.5999999999985
588,1069,205,66.57987703215379,40.60991580916745,8.127782974742743,11.350701590271271,56.028999064546305,23.269036482694116,105.20036894590734,92.81852198316183,779.0823129348747,61.0,9.499999999999995,13.080000000000009,63.0,749.949003812685,102,4.923299547048419,19.0,5.9,9.79999999999999,45.5,4.368122114811641,88,71173.88854737241,21566.075633911005,92739.96418128342,6490.699999999999
589,1087,196,62.35714679995698,40.67157313707452,8.129806807727702,11.3609383624655,56.15225390984361,23.039742410303578,106.07067038595719,92.98160073597056,655.251534560123,61.0,9.499999999999995,13.080000000000009,63.0,748.949003812685,102,4.923299547048419,19.0,5.9,9.79999999999999,45.5,5.227002546649807,88,67782.21857155324,20789.85139564761,88572.06996720085,6551.899999999999
590,1070,201,61.664801605618635,40.527102803738316,8.13738317757008,11.372878504672904,56.15560747663552,23.711775700934574,96.63048434937075,93.17943925233645,767.6250961424621,61.0,9.499999999999995,13.080000000000009,63.0,685.4642484068386,102,5.847313794112656,21.0,5.9,9.79999999999999,45.5,4.227002546649807,89,65981.33771801194,19422.72735422352,85404.06507223546,7387.9
591,1048,199,61.266680768361574,40.725190839694655,8.173568702290082,11.376183206106873,56.24093511450382,24.443511450381692,90.06099377161317,93.31393129770993,767.6250961424621,61.0,9.499999999999995,13.080000000000009,63.0,520.3127165957233,102,5.847313794112656,21.0,5.9,9.79999999999999,45.5,3.227002546649807,89,64207.48144524293,17922.13776055102,82129.61920579395,7613.999999999999
592,1011,218,57.67908052451428,40.989119683481704,8.202670623145398,11.36597428288823,56.35855588526211,24.763501483679516,95.501514309187,93.42828882294758,767.6250961424621,61.0,9.499999999999995,13.080000000000009,63.0,519.3127165957233,102,5.847313794112656,21.0,5.9,9.79999999999999,45.5,2.227002546649807,89,58313.55041028394,20819.330119402766,79132.8805296867,7189.899999999999
593,987,207,57.691201990828816,41.130699088145896,8.193313069908804,11.357973657548122,56.408308004052685,24.80597771023303,93.6362022505379,93.51165146909828,767.6250961424621,61.0,9.499999999999995,13.020000000000008,63.0,717.0729664218254,102,5.847313794112656,21.0,5.9,9.79999999999999,45.5,1.227002546649807,89,56941.21636494804,19382.693865861347,76323.91023080939,6500.699999999999
594,978,192,56.96333139513476,41.285276073619634,8.186707566462161,11.349488752556235,56.420756646216766,25.041513292433535,89.3771428294449,93.62269938650307,746.7109815491128,61.0,9.499999999999995,13.020000000000008,63.0,474.6653181939722,102,5.847313794112656,21.0,5.9,9.79999999999999,45.0,0.2270025466498069,89,55710.138104441794,17160.411423253423,72870.54952769521,6026.999999999999
595,951,199,53.20769634009815,41.43743427970557,8.202103049421655,11.3322818086225,56.590956887486854,24.708201892744494,97.21694690403494,93.67928496319664,746.7109815491128,61.0,9.499999999999995,13.020000000000008,63.5,577.0155497840017,102,5.999645074922222,21.0,5.9,9.79999999999999,45.0,5.847313794112656,89,50600.51921943334,19346.172433902953,69946.6916533363,5677.799999999999
596,947,199,52.151132279487015,41.765575501583946,8.185216473072861,11.326040126715945,56.73020063357973,24.165892291446692,87.832006288643,93.82576557550158,746.7109815491128,61.0,9.499999999999995,13.020000000000008,63.5,576.0155497840017,102,6.522704431430325,21.0,6.1,9.79999999999999,45.0,4.847313794112656,89,49387.122268674204,17478.569251439956,66865.69152011417,5497.699999999999
597,945,207,48.91860974518207,41.787301587301585,8.168359788359787,11.312000000000012,56.76137566137566,23.94179894179892,85.32820464227636,93.93968253968254,594.8471245998345,61.0,9.499999999999995,13.020000000000008,63.5,746.7109815491128,103,5.576301619372179,21.0,6.1,9.85999999999999,45.0,6.316476296629389,89,46228.086209197056,17662.938360951208,63891.02457014826,5537.399999999999
598,921,190,49.58391371526191,41.789359391965256,8.166015200868626,11.307426710097722,56.75624321389794,24.52377850162867,85.66967775708872,94.05646036916396,594.8471245998345,61.0,9.499999999999995,13.020000000000008,63.5,745.7109815491128,103,5.576301619372179,21.0,6.1,9.79999999999999,45.0,6.993415976435706,90,45666.78453175622,16277.238773846857,61944.02330560307,5791.699999999999
599,891,190,50.13145740915447,41.7979797979798,8.174410774410777,11.307654320987638,56.73625140291807,24.39842873176206,78.49490254530392,94.19079685746352,760.0299891127565,61.0,9.499999999999995,13.020000000000008,63.5,594.9397950929058,103,5.576301619372179,21.0,6.1,9.79999999999999,45.0,5.993415976435706,90,44667.128551556634,14914.031483607743,59581.16003516438,5765.999999999999
600,906,159,50.025176602891044,41.74503311258278,8.188300220750548,11.317284768211923,56.719646799117,24.417991169977935,70.35386612558845,94.35540838852097,628.8206654242856,61.0,9.499999999999995,13.020000000000008,63.5,594.8471245998345,103,5.576301619372179,21.0,6.1,9.79999999999999,45.0,4.993415976435706,90,45322.81000221929,11186.264713968563,56509.07471618785,4742.299999999999
601,894,167,44.708331017552986,41.73154362416108,8.20156599552572,11.34033557046979,56.814876957494405,23.941498881431755,83.71297441775667,94.50223713646533,628.8206654242856,61.0,9.499999999999995,13.020000000000008,63.5,593.8471245998345,103,7.098769668473288,21.0,6.1,9.79999999999999,45.0,4.664488547700175,91,39969.24792969237,13980.066727765365,53949.31465745773,5191.499999999999
602,888,150,44.622269692624926,41.84234234234234,8.211936936936933,11.332927927927914,56.898085585585584,24.00439189189189,81.55088415279772,94.61261261261261,796.5029151906158,61.0,9.599999999999994,13.020000000000008,63.0,592.8471245998345,103,6.839061017035656,21.0,6.1,9.79999999999999,45.0,4.074722243041531,91,39624.57548705093,12232.632622919658,51857.20810997059,4771.2
603,862,738,43.23800807600986,41.78190255220418,8.230510440835268,11.332273781902543,56.99187935034803,24.87969837587008,56.63977413127251,94.70069605568446,614.0022122449385,61.0,9.599999999999994,13.020000000000008,63.0,560.9946395181875,102,6.839061017035656,22.0,6.1,9.79999999999999,45.0,1.0,91,37271.1629615205,41800.15330887911,79071.3162703996,5333.299999999999
604,752,512,66.56782235670121,41.941489361702125,8.247606382978715,11.322340425531902,57.079787234042556,27.609308510638332,55.22326925421938,94.69680851063829,648.2864781294904,61.0,9.599999999999994,12.960000000000008,63.0,432.8403470309288,102,6.839061017035656,22.0,6.199999999999999,9.919999999999991,45.0,1.0,91,50059.00241223931,28274.313858160323,78333.31627039963,5487.099999999999
605,857,743,54.184180515401984,41.93815635939323,8.261376896149354,11.311061843640582,57.09276546091015,23.22882147024506,54.52155184018436,94.8879813302217,648.2864781294904,61.0,9.599999999999994,12.900000000000007,63.0,564.9326343641593,102,8.457084517922127,22.0,6.399999999999999,9.85999999999999,46.0,1.0,91,46435.8427016995,40509.51301725698,86945.35571895647,4682.099999999999
606,776,459,78.43564824499636,41.94458762886598,8.254510309278349,11.309974226804103,57.01610824742268,24.66082474226806,55.19889472949731,94.9639175257732,680.3413893890779,61.0,9.599999999999994,12.900000000000007,63.0,563.9326343641593,102,9.026402581247009,22.0,6.399999999999999,9.85999999999999,46.0,1.0,91,60866.06303811717,25336.292680839266,86202.35571895645,3851.3999999999996
607,929,671,55.043349125622576,41.8805166846071,8.259203444564042,11.311022604951562,57.04790096878364,20.543702906350934,58.53197088839801,95.27879440258343,680.3413893890779,61.0,9.599999999999994,12.900000000000007,63.5,562.9326343641593,103,6.719191327708531,22.0,6.299999999999999,9.85999999999999,46.0,1.0,91,51135.27133770337,39274.952466115064,90410.22380381843,5178.299999999999
608,869,353,76.57114494755808,41.924050632911396,8.251093210586886,11.31463751438434,57.05178365937859,22.85799769850404,65.71926018240907,95.33831990794016,673.0022122449385,61.0,9.599999999999994,12.900000000000007,63.5,680.3413893890779,103,9.570162105188452,22.0,6.299999999999999,9.85999999999999,46.0,1.0,91,66540.32495942798,23198.8988443904,89739.22380381837,3885.9999999999995
609,1001,599,55.412489793151394,42.026973026973025,8.259840159840161,11.327352647352642,57.20779220779221,19.251748251748225,64.92521662134283,95.63036963036963,664.5561466783079,61.0,9.599999999999994,12.900000000000007,63.5,679.3413893890779,103,7.043686347564183,21.0,6.299999999999999,9.85999999999999,46.0,1.0,92,55467.902282944546,38890.20475618435,94358.1070391289,6331.099999999999
610,938,294,76.88273787952362,42.12579957356077,8.256076759061834,11.319594882729218,57.16098081023454,21.942537313432826,73.61598268073396,95.68123667377398,664.5561466783079,61.0,9.599999999999994,12.900000000000007,63.5,678.3413893890779,103,7.043686347564183,21.0,6.299999999999999,9.85999999999999,46.0,1.0,92,72116.00813099316,21643.098908135787,93759.10703912894,4582.4
611,1083,517,57.68368119864852,42.02400738688827,8.279778393351807,11.337488457987076,57.16251154201293,20.162696214219746,69.85892078406967,95.91597414589104,574.0876023102304,61.0,9.599999999999994,12.960000000000008,63.5,677.3413893890779,104,6.464898915963566,21.0,6.199999999999999,9.85999999999999,46.0,1.0,92,62471.426738136346,36117.062045364015,98588.48878350036,6906.4
612,993,276,74.98788363942796,42.022155085599195,8.276132930513604,11.33440080563947,57.146525679758305,22.612890231621325,85.53811713604509,95.9385699899295,555.745315682021,61.0,9.599999999999994,12.960000000000008,63.5,745.1258711677863,104,7.043686347564183,21.0,6.199999999999999,9.85999999999999,46.5,1.0,93,74462.96845395197,23608.520329548443,98071.4887835004,5516.2
613,1115,485,59.693440937760194,41.98206278026906,8.29076233183857,11.340125560538135,57.12825112107623,20.507533632286997,72.05492505621783,96.17847533632288,762.6806462175344,59.0,9.599999999999994,12.960000000000008,63.5,729.1395763268283,104,8.710164215155851,21.0,6.199999999999999,9.85999999999999,46.0,1.0,93,66558.18664560262,34946.63865226565,101504.82529786826,6809.999999999999
614,1039,246,77.96573203845153,42.07507218479307,8.297016361886435,11.333955726660268,57.17228103946102,23.748700673724745,81.35540532486652,96.16746871992301,774.2081018473282,59.0,9.599999999999994,12.960000000000008,63.5,572.0876023102304,103,8.710164215155851,21.0,6.199999999999999,9.85999999999999,46.0,1.0,93,81006.39558795115,20013.429709917164,101019.82529786832,5707.399999999999
615,1146,454,61.87951434690792,42.07155322862129,8.301134380453767,11.316143106457266,57.16972076788831,22.286474694589867,72.12823774063509,96.36387434554973,742.6449299584025,59.0,9.599999999999994,12.960000000000008,63.5,571.0876023102304,104,7.618692424066268,21.0,6.199999999999999,9.85999999999999,46.0,1.0,93,70913.92344155647,32746.21993424833,103660.1433758048,7619.999999999998
616,1050,270,76.21343073028783,42.06857142857143,8.291142857142868,11.310399999999987,57.21857142857143,25.1137142857143,85.85941151482423,96.40380952380953,861.0347276603834,59.0,9.599999999999994,12.960000000000008,63.5,570.0876023102304,104,8.710164215155851,21.0,6.199999999999999,9.85999999999999,46.0,1.0,93,80024.10226680222,23182.04110900254,103206.14337580476,5983.599999999999
617,1123,477,62.491111602916924,41.995547640249335,8.305877114870889,11.31697239536955,57.27426536064114,23.124933214603743,78.75659266383794,96.66162065894925,861.0347276603834,59.0,9.599999999999994,12.960000000000008,63.5,569.0876023102304,104,6.6772144596351115,21.0,6.199999999999999,9.85999999999999,46.5,1.0,93,70177.5183300757,37566.89470065069,107744.4130307264,6617.599999999999
618,1035,224,84.7624848660559,41.99710144927536,8.304541062801949,11.31617391304349,57.328502415458935,25.60512077294686,87.2242910462434,96.69565217391305,1001.2801104122589,59.0,9.599999999999994,12.900000000000007,63.5,554.745315682021,104,7.71324533876071,21.0,6.199999999999999,9.85999999999999,46.5,1.0,93,87729.17183636785,19538.24119435852,107267.41303072637,5069.299999999999
619,1143,456,64.8154859693666,41.98687664041995,8.309186351706051,11.323447069116376,57.29571303587051,22.910236220472434,78.91158155374968,96.99912510936133,1001.2801104122589,59.0,9.699999999999994,12.900000000000007,63.5,553.745315682021,104,8.044530521748602,20.0,6.199999999999999,9.85999999999999,46.5,1.0,93,74084.10046298603,35983.68118850986,110067.78165149588,7630.999999999999
620,1051,237,82.95126026537554,42.142721217887726,8.317507136060897,11.320171265461472,57.3453853472883,25.737963843958116,94.53123823146358,97.02759276879162,1001.2801104122589,59.0,9.699999999999994,12.900000000000007,63.5,666.6068376577041,104,8.044530521748602,20.0,6.199999999999999,9.85999999999999,46.5,3.0,94,87181.7745389097,22403.90346085687,109585.67799976657,5766.699999999999
621,1124,476,66.24733471670254,42.17348754448398,8.320907473309614,11.30626334519572,57.3411921708185,23.40649466192169,81.5640920465016,97.20640569395017,883.1950345326762,59.0,9.699999999999994,12.900000000000007,63.5,1001.2801104122589,104,7.595693965127328,20.0,6.199999999999999,9.85999999999999,46.5,1.0,94,74462.00422157366,38824.50781413476,113286.51203570842,7560.699999999999
622,1020,261,86.53030688287123,42.17843137254902,8.33019607843138,11.293901960784318,57.40098039215686,25.659607843137266,94.05976634168523,97.23137254901961,1205.0398960670186,59.0,9.699999999999994,12.900000000000007,63.5,614.2149968603042,104,7.595693965127328,20.0,6.199999999999999,9.85999999999999,46.5,1.0,94,88260.91302052865,24549.599015179847,112810.5120357085,5497.799999999999
623,1115,269,70.50927093778974,42.19910313901345,8.348520179372205,11.307390134529154,57.43004484304933,23.325201793721984,100.83541883666972,97.50941704035874,1205.0398960670186,59.0,9.699999999999994,12.900000000000007,64.0,613.2149968603042,105,7.751418462052822,20.0,6.1,9.85999999999999,46.5,1.0,94,78617.83709563555,27124.727667064155,105742.56476269971,6889.499999999999
624,1149,185,71.9684714794651,42.1201044386423,8.353437771975633,11.31105308964316,57.429503916449086,23.244908616187995,105.89146374103505,97.67536988685814,1205.0398960670186,59.0,9.699999999999994,12.900000000000007,64.0,766.0392767650926,105,7.751418462052822,20.0,6.1,9.85999999999999,46.5,2.0,94,82691.7737299054,19589.920792091485,102281.69452199689,5288.299999999999
625,1164,207,63.6613484089324,42.016323024054984,8.35111683848797,11.326786941580762,57.37972508591065,22.84166666666668,112.84035708519711,97.8840206185567,783.4150318207267,59.0,9.799999999999994,12.900000000000007,64.0,1205.0398960670186,106,7.751418462052822,20.0,6.1,9.85999999999999,46.5,1.0,94,74101.80954799731,23357.9539166358,97459.76346463311,7069.0999999999985
626,1158,174,65.52527282016646,41.98791018998273,8.330138169257337,11.323834196891179,57.351036269430054,24.13696027633849,105.94371819567915,97.99136442141624,1237.9410622310802,59.0,9.799999999999994,12.900000000000007,64.0,903.8591691066151,107,7.751418462052822,20.0,6.1,9.85999999999999,47.0,9.1657588451408,94,75878.26592575277,18434.206966048172,94312.47289180095,7211.899999999999
627,1126,206,60.56815437498024,42.09502664298402,8.327886323268203,11.3198401420959,57.41341030195382,25.062611012433347,107.36311415788974,98.14476021314387,822.4217762023152,59.0,9.799999999999994,12.900000000000007,64.0,902.8591691066151,107,7.751418462052822,20.0,6.0,9.85999999999999,47.0,8.1657588451408,95,68199.74182622775,22116.801516525287,90316.54334275304,8444.099999999999
628,1094,193,63.16028680713434,41.99908592321755,8.318190127970741,11.31623400365631,57.49040219378428,25.230073126142607,94.01396432721992,98.23217550274224,915.9419760244983,59.0,9.799999999999994,12.900000000000007,64.0,822.4217762023152,107,9.09995796560949,21.0,6.0,9.85999999999999,47.0,7.751418462052822,95,69097.35376700497,18144.695115153445,87242.04888215841,7040.399999999999
629,1081,188,61.12047634288571,42.027752081406106,8.327104532839959,11.315134135060143,57.53931544865865,25.127289546716018,93.75008942368089,98.37002775208141,915.9419760244983,59.0,9.799999999999994,12.900000000000007,64.0,821.4217762023152,107,6.401584181673691,21.0,6.0,9.85999999999999,47.0,8.851775818263096,95,66071.23492665945,17625.016811652007,83696.25173831146,7021.699999999999
630,1038,221,55.092048924060066,42.14450867052023,8.330828516377647,11.3118689788054,57.58188824662813,24.791329479768788,105.10966065848896,98.52986512524085,617.9705311155401,59.0,9.799999999999994,12.900000000000007,64.0,989.0138229812919,107,5.491532289611323,21.0,6.0,9.85999999999999,47.0,7.851775818263096,95,57185.54678317435,23229.23500552606,80414.7817887004,7266.0999999999985
631,1052,172,58.23307614553206,42.19201520912547,8.321577946768059,11.304163498098863,57.534695817490494,25.030513307984798,91.51258752214977,98.65019011406844,958.0677578236018,59.0,9.799999999999994,12.900000000000007,64.0,988.0138229812919,107,5.491532289611323,21.0,6.0,9.85999999999999,47.0,6.851775818263096,95,61261.19610509973,15740.16505380976,77001.36115890948,6079.9
632,1025,206,55.61452235976772,42.075121951219515,8.350243902439027,11.298575609756098,57.557073170731705,24.67804878048782,81.70227932612802,98.77658536585366,958.0677578236018,59.0,9.599999999999994,12.900000000000007,64.0,987.0138229812919,106,5.491532289611323,21.0,6.1,9.79999999999999,47.0,5.851775818263096,95,57004.885418761914,16830.66954118237,73835.55495994429,6707.999999999999
633,1013,179,54.180675055499904,41.9822309970385,8.353010858835141,11.29445212240868,57.55182625863771,24.93247778874632,89.15896264014195,98.90523198420533,853.7174080679011,59.0,9.599999999999994,12.900000000000007,64.0,986.0138229812919,106,7.689585542033974,22.0,6.1,9.79999999999999,47.0,4.851775818263096,95,54885.023831221406,15959.454312585409,70844.47814380682,6023.299999999999
634,990,192,54.287364397327956,42.01717171717172,8.345050505050503,11.296282828282834,57.51717171717172,25.647171717171737,72.44753383875035,99.04040404040404,979.0389933640141,60.0,9.599999999999994,12.900000000000007,64.0,985.0138229812919,106,8.390328685926475,22.0,6.199999999999999,9.79999999999999,47.0,7.689585542033974,95,53744.49075335468,13909.926497040065,67654.41725039475,6908.699999999999
635,960,199,49.453657992079506,42.14895833333333,8.344062500000005,11.296708333333344,57.55260416666667,25.681666666666693,83.48174768558741,99.19375,979.0389933640141,60.0,9.599999999999994,12.900000000000007,64.0,984.0138229812919,106,8.390328685926475,22.0,6.199999999999999,9.79999999999999,47.0,7.843099683768701,95,47475.51167239633,16612.867789431893,64088.379461828226,6662.5999999999985
636,939,206,49.59543784536405,42.264110756123536,8.334824281150158,11.289861554845581,57.398828541001066,25.091693290734824,71.03586486639482,99.38445154419595,639.7466828945151,60.0,9.599999999999994,12.180000000000001,64.0,983.0138229812919,106,8.213893272248207,26.0,6.199999999999999,9.79999999999999,47.0,7.020438247901966,96,46570.116136796845,14633.388162477333,61203.50429927418,6154.199999999999
637,935,185,48.627315346091244,42.23101604278075,8.340213903743315,11.296556149732616,57.4048128342246,24.818395721925118,69.16778103762118,99.51122994652407,999.214411692256,60.0,9.599999999999994,12.180000000000001,64.5,670.9563169427877,106,7.6198805660094955,26.0,6.199999999999999,9.79999999999999,47.0,6.020438247901966,96,45466.53984859531,12796.039491959918,58262.57934055523,5567.199999999999
638,909,194,46.31716822666462,42.13311331133113,8.347194719471947,11.280726072607273,57.293179317931795,24.44840484048406,70.11382922403584,99.6974697469747,999.214411692256,60.0,9.599999999999994,12.180000000000001,64.5,507.0003485238294,107,7.485510838836857,26.0,6.200000000000006,9.79999999999999,47.0,5.020438247901966,96,42102.30591803814,13602.082869462953,55704.38878750109,6197.699999999999
639,905,156,47.74795921886449,41.88508287292818,8.3432044198895,11.280331491712701,57.286187845303864,24.3171270718232,64.0830979743465,99.83314917127072,999.214411692256,59.0,9.599999999999994,12.180000000000001,64.5,639.7466828945151,108,7.485510838836857,26.0,6.199999999999999,9.79999999999999,46.5,7.390328685926475,96,43211.90309307236,9996.963283998053,53208.866377070415,5308.499999999999
640,923,153,43.79093298576165,41.8385698808234,8.33824485373781,11.27464788732393,57.29956663055255,23.469772481040064,63.015787503593266,99.95232936078007,738.675588275019,59.0,9.599999999999994,12.180000000000001,64.5,332.81818540681,108,7.485510838836857,26.0,6.199999999999999,9.79999999999999,46.5,6.390328685926475,96,40419.031145858,9641.41548804977,50060.44663390778,5182.599999999999
641,918,148,42.83933499597878,41.848583877995644,8.332897603485836,11.27228758169934,57.29030501089325,23.82668845315905,56.912518297295364,100.07516339869281,663.3011846394197,59.0,9.599999999999994,12.180000000000001,64.5,286.9907198459453,108,7.485510838836857,26.0,6.199999999999999,9.79999999999999,46.5,9.029551397955396,96,39326.509526308524,8423.052707999714,47749.562234308236,5541.199999999999
642,896,155,40.95756280956277,41.824776785714285,8.33973214285714,11.261138392857138,57.259486607142854,24.421093750000004,58.96616882648585,100.20535714285714,714.6585226436636,59.0,9.599999999999994,12.120000000000001,64.5,565.4095606899846,108,7.485510838836857,25.0,6.199999999999999,9.79999999999999,46.5,9.773990953854453,96,36697.976277368245,9139.756168105307,45837.73244547355,6001.299999999999
643,838,762,41.324308376716715,41.763723150358,8.349880668257756,11.255131264916455,57.33890214797136,25.0335322195704,53.715559274475666,100.31742243436754,539.0859759802236,59.0,9.599999999999994,12.120000000000001,64.0,564.4095606899846,107,7.6198805660094955,25.0,6.199999999999999,9.85999999999999,46.5,1.0,97,34629.770419688604,40931.25616715046,75561.02658683906,5800.9
644,736,514,63.358270930098946,41.91440217391305,8.343614130434785,11.265788043478237,57.447690217391305,27.720244565217428,54.80027078265804,100.36413043478261,554.1588952499208,59.0,9.599999999999994,12.120000000000001,64.0,563.4095606899846,107,7.6198805660094955,25.0,6.199999999999999,9.85999999999999,46.5,1.0,97,46631.687404552824,28167.339182286232,74799.02658683906,5073.099999999999
645,870,730,49.80587259721795,42.15057471264368,8.350689655172415,11.273632183908042,57.58045977011494,23.62816091954022,53.929814832173754,100.55977011494252,437.21603765375215,59.0,9.599999999999994,12.120000000000001,64.5,562.4095606899846,107,7.596158807327105,25.0,6.199999999999999,9.85999999999999,48.0,1.0,97,43331.10915957962,39368.76482748684,82699.87398706646,4320.199999999999
646,791,448,70.11361733082359,42.34892541087231,8.343109987357776,11.268419721871032,57.60050568900127,25.104677623261708,59.17411312139495,100.61188369152971,677.2083366689437,59.0,9.599999999999994,12.120000000000001,64.5,437.21603765375215,107,7.596158807327105,27.0,6.199999999999999,9.85999999999999,48.0,1.0,97,55459.87130868146,26510.00267838494,81969.8739870664,3628.9999999999995
647,947,653,51.74778889749918,42.27243928194298,8.34910242872228,11.265786694825758,57.628827877507916,20.793664202745518,55.47431613378013,100.8817317845829,362.2467929228047,58.0,9.599999999999994,12.020000000000008,64.5,436.21603765375215,105,7.50747632215163,27.0,6.200000000000006,9.85999999999999,49.5,1.0,97,49005.15608593172,36224.728435358425,85229.88452129014,5017.499999999999
648,873,355,70.31575430218597,42.18213058419244,8.361053837342503,11.27525773195877,57.63516609392898,22.50561282932415,65.32741131121637,100.92668957617411,638.5379925116773,58.0,9.599999999999994,12.020000000000008,64.5,435.21603765375215,105,7.50747632215163,27.0,6.200000000000006,9.85999999999999,49.5,1.0,97,61385.65350580835,23191.231015481808,84576.88452129015,3971.2999999999997
649,1031,569,53.48030694570109,42.26576139670223,8.369544131910763,11.279806013579055,57.54219204655674,19.175072744907855,60.567297910217555,101.25509214354994,638.5379925116773,59.0,9.599999999999994,12.080000000000009,64.5,434.21603765375215,106,7.50747632215163,26.0,6.200000000000006,9.85999999999999,49.5,1.0,98,55138.19646101782,34462.79251091379,89600.9889719316,5541.199999999999
650,968,269,73.23830136457715,42.38429752066116,8.377789256198342,11.27855371900828,57.54597107438016,21.83047520661157,67.42495632349817,101.3150826446281,707.5379925116773,59.0,9.599999999999994,12.080000000000009,64.5,388.7907280332523,106,8.617024103846777,26.0,6.200000000000006,9.85999999999999,49.5,2.0,98,70894.67572091069,18137.313251021005,89031.98897193169,4637.999999999999
651,1109,491,56.165709072651445,42.66816952209197,8.364743011722265,11.276735798016242,57.552299368800725,20.493327321911643,63.06141032515269,101.60865644724977,707.5379925116773,59.0,9.699999999999994,12.080000000000009,64.5,495.0583163275013,106,9.19196895492141,26.0,6.200000000000006,9.79999999999999,49.5,1.0,98,62287.771361570456,30963.152469649973,93250.92383122043,7217.699999999999
652,1007,273,73.69151080268897,42.76067527308838,8.365143992055609,11.27831181727907,57.544687189672295,23.612313803376367,67.95814085315938,101.66931479642503,707.5379925116773,59.0,9.699999999999994,12.080000000000009,64.5,494.0583163275013,106,9.19196895492141,26.0,6.200000000000006,9.79999999999999,50.0,1.0,98,74207.3513783078,18552.57245291251,92759.92383122031,6742.199999999999
653,1107,493,58.75327598896247,42.908762420957544,8.366757000903332,11.271382113821144,57.61156278229449,21.71327913279133,63.345675753573644,101.92050587172538,515.8794563972767,59.0,9.699999999999994,12.080000000000009,64.5,707.5379925116773,106,8.019516475676227,26.0,6.200000000000006,9.79999999999999,50.0,1.0,98,65039.87651978146,31229.418146511805,96269.29466629327,7747.299999999999
654,1027,248,76.10025040656156,43.047711781889,8.352482960077886,11.26827653359301,57.62317429406037,24.73145082765335,71.05378023691395,101.97370983446933,529.3479779636194,59.0,9.699999999999994,12.080000000000009,64.5,706.5379925116773,106,8.019516475676227,29.0,6.200000000000006,9.79999999999999,50.0,1.0,98,78154.95716753871,17621.33749875466,95776.29466629337,5592.499999999999
655,1130,470,60.22250752819383,43.10265486725664,8.368761061946895,11.270796460176992,57.61946902654867,22.516460176991163,66.97191463801029,102.18938053097345,769.4420882503939,59.0,9.699999999999994,12.080000000000009,64.5,529.3479779636194,107,9.37532158137995,29.0,6.200000000000006,9.79999999999999,50.0,1.0,98,68051.43350685903,31476.799879864833,99528.23338672386,7131.499999999999
656,1030,264,75.4585822491596,43.20776699029126,8.380194174757282,11.26691262135924,57.675728155339804,25.431650485436887,80.81777905336887,102.23300970873787,864.4420882503939,59.0,9.699999999999994,12.080000000000009,64.5,528.3479779636194,107,9.37532158137995,29.0,6.200000000000006,9.79999999999999,50.0,1.0,98,77722.3397166344,21335.89367008938,99058.23338672378,6302.4
657,1115,485,61.508054904650486,43.11210762331839,8.385112107623323,11.26416143497758,57.6762331838565,22.916860986547096,69.42816915153833,102.41883408071749,547.1744738754819,59.0,9.699999999999994,12.080000000000009,64.5,527.3479779636194,107,8.809876236521655,29.0,6.200000000000006,9.79999999999999,50.0,1.0,99,68581.4812186853,33672.66203849609,102254.1432571814,7279.499999999999
658,1023,232,83.10029991846143,43.13880742913001,8.388563049853376,11.26680351906159,57.716520039100686,25.76950146627567,72.23076051980695,102.44574780058652,616.2414912826512,59.0,9.699999999999994,12.080000000000009,64.5,536.7072123002971,107,8.809876236521655,29.0,6.200000000000006,9.79999999999999,50.0,2.0,99,85011.60681658605,16757.536440595213,101769.14325718126,5758.599999999999
659,1148,452,62.95612934684633,43.288327526132406,8.386846689895458,11.266602787456451,57.75696864111498,22.394773519163753,68.79616425748586,102.70121951219512,693.9505523502003,59.0,9.699999999999994,12.080000000000009,64.5,458.78500447577574,107,8.064939559459528,28.0,6.200000000000006,9.79999999999999,50.0,1.0,99,72273.63649017959,31095.866244383604,103369.5027345632,6881.899999999999
660,1059,197,81.85845174279335,43.28989612842304,8.398016997167147,11.279263456090664,57.799811142587345,24.4084985835694,82.38275298956887,102.74220963172804,686.8846900906086,59.0,9.699999999999994,12.080000000000009,64.5,693.9505523502003,107,8.064939559459528,28.0,6.200000000000006,9.79999999999999,50.0,4.0,99,86688.10039561815,16229.402338945067,102917.50273456323,4844.799999999999
661,1185,415,63.92716835999847,43.28523206751055,8.388016877637126,11.279291139240522,57.835443037974684,22.11502109704641,71.64146933082851,102.96118143459915,726.1779433192168,60.0,9.799999999999994,12.080000000000009,64.0,417.30783356277766,108,8.064939559459528,28.0,6.200000000000006,9.79999999999999,50.0,1.0,99,75753.69450659819,29731.209772293834,105484.90427889202,7117.399999999999
662,1085,211,79.80464910474781,43.37511520737327,8.387188940092155,11.283244239631326,57.86405529953917,24.330046082949305,87.59175355564304,103.0184331797235,726.1779433192168,60.0,9.799999999999994,12.080000000000009,64.0,494.3899976622662,108,8.064939559459528,28.0,6.200000000000006,9.79999999999999,50.0,1.0,99,86588.04427865137,18481.860000240682,105069.90427889206,5683.399999999999
663,1180,215,66.32893178034091,43.43983050847458,8.366101694915248,11.287898305084752,57.83686440677966,22.75101694915255,94.88026892718128,103.26864406779661,726.1779433192168,60.0,9.799999999999994,12.14000000000001,64.0,666.0742624575328,108,8.034814144251975,28.0,6.200000000000006,9.85999999999999,49.5,4.0,99,78268.13950080227,20399.257819343973,98667.39732014624,7340.399999999999
664,1203,181,63.89307660123005,43.50789692435578,8.354447215295083,11.29147132169576,57.833333333333336,22.57240232751456,99.28324506079622,103.3881961762261,726.1779433192168,61.0,9.699999999999994,12.14000000000001,64.0,665.0742624575328,108,7.329127385594904,28.0,6.200000000000006,9.85999999999999,49.5,9.0,100,76863.37115127975,17970.267356004115,94833.63850728386,5918.599999999999
665,1204,181,58.91329103941134,43.55398671096346,8.354983388704301,11.286694352159456,57.800664451827245,23.261710963455165,114.25838370170896,103.52574750830564,686.1274706136761,61.0,9.699999999999994,12.14000000000001,64.0,726.1779433192168,108,7.329127385594904,28.0,6.200000000000006,9.85999999999999,49.5,8.0,100,70931.60241145125,20680.767450009324,91612.36986146058,7535.099999999999
666,1196,166,61.1596734187841,43.4556856187291,8.367809364548485,11.28479933110367,57.73996655518395,24.86780936454853,95.9600719166825,103.64046822742475,882.520189959091,61.0,9.799999999999994,12.14000000000001,64.0,685.8846900906086,108,8.034814144251975,28.0,6.200000000000006,9.85999999999999,49.5,8.0,100,73146.96940886579,15929.371938169294,89076.34134703508,7366.399999999999
667,1140,196,55.96545943698754,43.310526315789474,8.379561403508776,11.29626315789473,57.77938596491228,26.100614035087748,110.64887328128981,103.7298245614035,728.4144868125042,61.0,9.799999999999994,12.14000000000001,64.0,925.7985062725646,108,8.034814144251975,28.0,6.200000000000006,9.85999999999999,49.5,10.080743458163058,100,63800.62375816579,21687.1791631328,85487.8029212986,8570.099999999999
668,1099,216,56.09569389795382,43.2056414922657,8.382893539581447,11.30294813466788,57.792083712465875,25.801637852593277,93.87258776709528,103.88444040036397,725.3452121380939,60.0,9.799999999999994,12.14000000000001,64.0,924.7985062725646,108,8.034814144251975,27.0,6.200000000000006,9.85999999999999,49.5,8.744058632391301,100,61649.16759385125,20276.47895769258,81925.64655154383,7189.499999999999
669,1101,184,57.52324951938023,43.0535876475931,8.386376021798359,11.297656675749327,57.7661217075386,25.68492279745687,83.31694008023918,103.99455040871935,1035.3924672104042,61.0,9.799999999999994,12.14000000000001,63.5,501.9347669517589,109,8.034814144251975,27.0,6.200000000000006,9.85999999999999,50.0,9.918580964089648,100,63333.097720837635,15330.316974764008,78663.41469560165,5857.999999999999
670,1085,203,53.59390167778916,42.86543778801843,8.407281105990775,11.29441474654379,57.86175115207373,25.67769585253457,84.84205839174413,104.09861751152074,1035.3924672104042,61.0,9.799999999999994,12.14000000000001,64.0,597.5915917954,109,8.034814144251975,27.0,6.200000000000006,9.85999999999999,50.5,9.026604078071664,100,58149.38332040124,17222.937853524058,75372.3211739253,7435.5999999999985
671,1048,207,53.14534628113721,42.795801526717554,8.410305343511444,11.294274809160315,57.9456106870229,25.749045801526716,79.87488216492108,104.20515267175573,629.5416817798333,61.0,9.799999999999994,12.14000000000001,64.0,695.07881878888,109,8.034814144251975,27.0,6.200000000000006,9.919999999999991,50.5,8.026604078071664,100,55696.32290263179,16534.100608138662,72230.42351077046,7215.199999999999
672,1013,219,50.38018600721317,42.63376110562685,8.405528134254688,11.290582428430431,57.94471865745311,25.108292201382024,83.18489973458105,104.31490621915104,649.8445393139908,61.0,9.799999999999994,12.14000000000001,64.0,694.07881878888,109,8.034814144251975,27.0,6.200000000000006,9.919999999999991,50.5,9.832094081963906,100,51035.12842530694,18217.49304187325,69252.62146718019,6819.499999999999
673,1006,192,49.63276740143153,42.59940357852883,8.43001988071571,11.285328031809138,57.8513916500994,25.087276341948275,84.41103959688564,104.5079522862823,722.9583845161729,61.0,9.799999999999994,12.14000000000001,64.0,652.5112110859428,110,7.294569535962063,27.0,6.200000000000006,9.919999999999991,50.5,8.192942885383601,100,49930.56400584012,16206.919602602044,66137.48360844215,6287.299999999999
674,978,195,49.45708088336309,42.57566462167689,8.437832310838449,11.283742331288352,57.84969325153374,25.373006134969323,77.54022000621136,104.6840490797546,645.8408137027137,62.0,9.799999999999994,12.14000000000001,64.0,831.1399030651728,110,7.294569535962063,27.0,6.100000000000007,9.919999999999991,50.5,7.1929428853836015,100,48369.0251039291,15120.342901211216,63489.36800514032,7263.799999999998
675,948,196,48.2301928555616,42.61603375527426,8.449367088607598,11.293164556962015,57.89767932489451,25.048206751054803,77.05635650699831,104.83649789029536,540.7848093733459,62.0,9.799999999999994,12.14000000000001,64.5,830.1399030651728,110,7.294569535962063,27.0,6.100000000000007,9.919999999999991,50.5,9.11129262295698,101,45722.22282707239,15103.045875371668,60825.26870244406,6483.999999999999
676,930,190,46.42441554251568,42.512903225806454,8.450000000000008,11.302774193548391,57.92956989247312,24.968494623655932,78.50384024335042,104.98602150537634,703.2442659442139,62.0,9.899999999999993,12.080000000000009,64.5,829.1399030651728,110,7.294569535962063,27.0,6.100000000000007,9.919999999999991,50.5,8.620772284839,101,43174.706454539584,14915.729646236581,58090.43610077616,6181.999999999999
677,918,173,46.43648051060805,42.61546840958606,8.441394335511982,11.311241830065365,58.01525054466231,24.40185185185184,73.60027509988339,105.10893246187364,744.4303952534442,62.0,9.899999999999993,12.080000000000009,64.5,828.1399030651728,110,8.034814144251975,27.0,6.100000000000007,9.919999999999991,51.0,8.178402067192042,101,42628.68910873819,12732.847592279826,55361.53670101801,5067.099999999999
678,924,152,44.498749990292175,42.68614718614719,8.450865800865797,11.311363636363629,57.99404761904762,24.870454545454507,77.08709729681617,105.27489177489177,708.9367503617513,62.0,9.899999999999993,12.080000000000009,64.5,827.1399030651728,110,8.034814144251975,27.0,6.100000000000007,9.919999999999991,50.5,7.649565961440214,101,41116.84499102997,11717.238789116058,52834.08378014603,5596.399999999999
679,895,174,42.54318093311196,42.391061452513966,8.455977653631278,11.297519553072638,57.93016759776536,24.70703910614526,72.20292152863071,105.4145251396648,535.4502260184565,62.0,9.899999999999993,12.080000000000009,64.5,826.1399030651728,110,7.829746413445192,27.0,6.100000000000007,9.919999999999991,50.5,8.785777575267067,101,38076.146935135206,12563.308345981744,50639.45528111695,5841.299999999999
680,871,171,43.1644682273101,42.35132032146957,8.442365097588976,11.29676234213547,58.048794489093,25.23673938002297,64.82365978411426,105.55912743972445,856.332028310986,62.0,9.899999999999993,12.14000000000001,64.5,535.4502260184565,110,7.829746413445192,27.0,6.100000000000007,9.919999999999991,50.5,8.263275993349495,101,37596.2518259871,11084.845823083537,48681.09764907064,5693.199999999999
681,852,164,42.092512650724665,42.213615023474176,8.441666666666661,11.291126760563374,58.06279342723005,25.04765258215962,65.00720222825402,105.69953051643192,740.98471869127,62.0,9.899999999999993,12.14000000000001,64.5,450.3378967423234,110,7.829746413445192,27.0,6.100000000000007,9.919999999999991,50.5,7.263275993349495,101,35862.820778417416,10661.18116543366,46524.00194385108,5163.599999999999
682,858,136,42.55832350560237,42.184149184149184,8.456526806526808,11.297832167832164,58.053613053613056,25.25990675990677,56.05241367882345,105.82167832167832,733.2922342737327,61.0,9.899999999999993,12.14000000000001,64.5,449.3378967423234,110,7.829746413445192,27.0,6.100000000000007,9.919999999999991,50.5,7.007820016300485,101,36515.04156780683,7623.128260319989,44138.16982812682,4720.699999999999
683,813,787,39.69555434468301,42.35178351783518,8.461377613776135,11.298302583025825,58.076260762607625,25.182779827798235,52.18803698671072,106.01230012300122,733.2922342737327,61.0,9.899999999999993,12.14000000000001,64.5,473.6077294614217,110,7.829746413445192,27.0,6.400000000000006,9.919999999999991,50.5,1.0,101,32272.485682227285,41071.98510854134,73344.47079076862,6007.5999999999985
684,721,543,61.705685544976454,42.2246879334258,8.46532593619973,11.305242718446591,58.13522884882108,27.73203883495143,51.690002786078416,106.04854368932038,853.6411140427947,57.0,9.899999999999993,12.14000000000001,64.5,733.2922342737327,110,7.885968609626344,27.0,6.400000000000006,9.919999999999991,50.5,1.0,101,44489.799277928025,28067.67151284058,72557.47079076861,4701.499999999999
685,850,750,49.87018903814881,42.00823529411765,8.453882352941177,11.281435294117662,58.09470588235294,23.63717647058823,50.65729294773643,106.26352941176471,853.6411140427947,57.0,9.899999999999993,12.14000000000001,65.0,732.2922342737327,111,7.885968609626344,27.0,6.400000000000006,9.919999999999991,50.5,1.0,102,42389.66068242649,37992.969710802325,80382.63039322881,4232.299999999999
686,770,476,67.08152495320593,41.97012987012987,8.442597402597405,11.276155844155856,58.10324675324675,25.483116883116892,58.7812104606309,106.3077922077922,532.3493865022749,57.0,9.899999999999993,12.14000000000001,65.0,853.6411140427947,111,7.8938754780185985,27.0,6.500000000000005,9.919999999999991,50.5,1.0,102,51652.774213968565,27979.85617926031,79632.63039322887,4074.999999999999
687,919,681,50.481065272674904,42.00652883569097,8.431991294885743,11.26461371055495,58.03808487486398,21.016213275299236,59.50411993225667,106.61697497279651,510.58346021210565,57.0,9.999999999999993,12.20000000000001,65.0,852.6411140427947,111,7.8938754780185985,27.0,6.500000000000005,9.85999999999999,50.5,1.0,102,46392.098985588236,40522.305673866795,86914.40465945503,4901.599999999999
688,859,372,73.09596820097777,42.066356228172296,8.432363213038405,11.261722933643766,58.01920838183935,23.407450523864952,63.02141928713736,106.68335273573923,867.1003475939459,57.0,9.999999999999993,12.20000000000001,65.0,851.6411140427947,111,7.8938754780185985,27.0,6.500000000000005,9.85999999999999,50.5,1.0,102,62789.436684639906,23443.9679748151,86233.404659455,4048.3999999999996
689,1009,591,53.21227448042488,41.87512388503469,8.443607532210109,11.253260654112994,57.9603567888999,20.1444003964321,61.65978284656449,106.9246778989098,867.1003475939459,57.0,9.999999999999993,12.20000000000001,65.0,850.6411140427947,111,7.224669984323251,27.0,6.500000000000005,9.85999999999999,50.5,1.0,102,53691.184950748706,36440.931662319614,90132.11661306833,6105.5999999999985
690,931,317,71.7302840268992,41.90440386680988,8.445327604726103,11.247282491944157,57.941460794844254,22.47658431793771,71.79880815149896,106.97851772287862,484.50372583305915,57.0,9.999999999999993,12.20000000000001,65.0,867.1003475939459,111,7.224669984323251,27.0,6.500000000000005,9.85999999999999,50.5,1.0,102,66780.89442904315,22760.22218402517,89541.11661306833,4835.399999999999
691,1081,519,56.23766433871568,41.87419056429232,8.44597594819611,11.257816836262736,57.97918593894542,20.40083256244222,62.64146477828404,107.2118408880666,890.9725022445978,57.0,10.099999999999993,12.20000000000001,65.0,558.8068100621797,111,7.052207944334619,27.0,6.500000000000005,9.79999999999999,50.0,1.0,102,60792.91515015165,32510.920219929416,93303.83537008107,6797.699999999999
692,1003,257,74.56131610108456,41.83150548354935,8.449651046859424,11.260338983050854,58.00149551345962,23.126620139581245,70.03826973032366,107.2482552342971,890.9725022445978,57.0,10.099999999999993,12.20000000000001,65.0,493.43002098195905,111,7.052207944334619,27.0,6.500000000000005,9.79999999999999,50.0,2.0,102,74785.00004938782,17999.835320693182,92784.835370081,5342.499999999999
693,1133,467,56.70353868648403,41.75198587819947,8.432215357458068,11.260864960282442,57.99161518093557,21.11977052074138,66.99645772384032,107.53751103265667,890.9725022445978,56.0,10.099999999999993,12.20000000000001,65.5,492.43002098195905,112,7.052207944334619,27.0,6.500000000000005,9.79999999999999,50.0,1.0,102,64245.10933178641,31287.34575703343,95532.45508881984,7518.699999999999
694,1049,263,72.31399172945956,41.7769304099142,8.425262154432785,11.263393708293625,58.05290753098189,24.67635843660627,73.03451621527259,107.58341277407054,964.497203321029,56.0,10.099999999999993,12.20000000000001,65.5,279.70788771385537,112,7.052207944334619,27.0,6.500000000000005,9.79999999999999,50.0,1.0,102,75857.37732420307,19208.07776461669,95065.45508881976,6454.899999999999
695,1115,485,58.16806999140456,41.6609865470852,8.408340807174877,11.260017937219727,58.11928251121076,23.29309417040359,70.28896395320018,107.75874439461883,964.497203321029,56.0,10.099999999999993,12.20000000000001,65.5,890.9725022445978,112,7.052207944334619,26.0,6.500000000000005,9.85999999999999,50.0,1.0,103,64857.39804041608,34090.14751730209,98947.54555771817,8189.799999999998
696,1011,265,78.20819169940556,41.611275964391695,8.39366963402571,11.251691394658758,58.1162215628091,25.879525222551916,73.18514622497794,107.80712166172107,992.8087674245089,56.0,10.099999999999993,12.20000000000001,65.5,346.17938978170866,112,7.7688964705362995,26.0,6.500000000000005,9.85999999999999,50.0,1.0,103,79068.48180809902,19394.063749619156,98462.54555771817,6077.899999999999
697,1105,495,60.31722212752415,41.57828054298643,8.411402714932134,11.251239819004535,58.03665158371041,22.590769230769215,72.13861113547702,108.04253393665158,964.497203321029,56.0,10.099999999999993,12.20000000000001,65.5,676.3127208715272,112,6.84411108859798,26.0,6.500000000000005,9.85999999999999,50.0,1.0,103,66650.53045091419,35708.612512061125,102359.14296297531,6987.499999999999
698,1028,231,79.46166670365751,41.62937743190661,8.406225680933842,11.250680933852149,58.00486381322957,24.863910505836557,87.34869953080239,108.0612840466926,705.939198573864,56.0,10.099999999999993,12.20000000000001,65.5,964.497203321029,112,6.84411108859798,26.0,6.500000000000005,9.85999999999999,50.0,3.0,103,81686.59337135992,20177.549591615352,101864.14296297528,4668.299999999999
699,1163,437,63.581688028730774,41.94411006018917,8.412467755803938,11.25661220980225,57.998280309544285,22.23018056749783,71.30509455808465,108.32330180567497,1015.1416748784168,56.0,10.099999999999993,12.20000000000001,65.0,678.4680746802953,112,6.84411108859798,26.0,6.500000000000005,9.85999999999999,50.0,1.0,103,73945.50317741389,31160.32632188299,105105.82949929687,6480.899999999999
700,1059,218,81.17437738160906,41.963172804532576,8.412181303116135,11.261076487252137,57.991973559962226,24.34900849858354,85.8035039090496,108.38526912181302,1015.1416748784168,56.0,10.099999999999993,12.20000000000001,65.0,677.4680746802953,112,7.7688964705362995,26.0,6.600000000000005,9.85999999999999,50.0,2.0,103,85963.665647124,18705.163852172813,104668.82949929681,5810.999999999999
701,1183,417,62.99535811078712,41.896027049873204,8.402451394759082,11.258512256973827,58.04564666103128,22.767878275570585,78.29966287570373,108.59509721048182,1035.0715915473622,56.0,10.199999999999992,12.20000000000001,65.5,705.939198573864,113,7.7688964705362995,26.0,6.600000000000005,9.85999999999999,50.0,1.0,104,74523.50864506117,32650.959419168455,107174.46806422963,6983.499999999999
702,1081,206,82.78569415802535,41.90009250693802,8.399167437557827,11.261924144310834,58.07493061979648,25.10138760407034,83.898702327205,108.64569842738206,1035.0715915473622,56.0,10.199999999999992,12.20000000000001,65.5,647.311055094214,113,7.7688964705362995,26.0,6.600000000000005,9.85999999999999,50.0,1.0,104,89491.3353848254,17283.13267940423,106774.46806422963,5789.699999999999
703,1150,225,67.08337141201649,41.791304347826085,8.405565217391299,11.263426086956539,58.11347826086956,23.801478260869576,105.91740963723899,108.84521739130435,854.5020008302085,56.0,10.199999999999992,12.20000000000001,65.5,1035.0715915473622,113,7.7688964705362995,26.0,6.600000000000005,9.85999999999999,50.0,1.466914938391179,106,77145.87712381897,23831.41716837877,100977.29429219774,7871.499999999999
704,1173,190,65.67825633174002,41.909633418584825,8.401278772378507,11.260869565217396,58.130434782608695,23.255157715260033,108.06748926265166,108.98721227621483,1197.0300368168157,56.0,10.199999999999992,12.20000000000001,65.5,740.2960801208858,113,7.7688964705362995,26.0,6.500000000000005,9.85999999999999,50.0,7.0,106,77040.59467713104,20532.822959903817,97573.41763703486,6051.899999999999
705,1178,184,62.27883043375425,41.878607809847196,8.395500848896441,11.261035653650262,58.11332767402377,23.79473684210525,111.97696803467616,109.14346349745331,1197.0300368168157,57.0,10.199999999999992,12.20000000000001,65.5,739.2960801208858,113,7.7688964705362995,26.0,6.500000000000005,9.85999999999999,50.0,6.0,106,73364.4622509625,20603.762118380415,93968.22436934292,7394.999999999999
706,1139,199,63.32531865690839,41.78314310798947,8.399912203687451,11.261808604038638,58.12862159789289,24.211413520632163,94.49897695679823,109.28533801580333,1197.0300368168157,57.0,10.199999999999992,12.20000000000001,66.0,470.10375374114005,113,7.7688964705362995,26.0,6.500000000000005,9.79999999999999,50.0,5.0,106,72127.53795021866,18805.29641440285,90932.8343646215,7947.499999999999
707,1146,170,62.68350579005728,41.69808027923211,8.397993019197209,11.261780104712036,58.182373472949386,24.57923211169286,90.73978793974541,109.41623036649214,1197.0300368168157,57.0,10.199999999999992,12.20000000000001,66.0,854.5020008302085,113,7.7688964705362995,26.0,6.500000000000005,9.79999999999999,50.0,4.0,106,71835.29763540564,15425.76394975672,87261.06158516236,6888.499999999999
708,1122,184,59.69629089786905,41.72103386809269,8.403475935828869,11.266524064171142,58.24331550802139,24.409090909090917,91.83186298170168,109.56060606060606,866.8035279156302,57.0,10.199999999999992,12.20000000000001,66.0,1197.0300368168157,113,7.7688964705362995,27.0,6.500000000000005,9.79999999999999,50.0,3.0,106,66979.23838740907,16897.06278863311,83876.30117604218,7140.0999999999985
709,1116,167,59.23900782277685,41.721326164874554,8.399103942652335,11.261129032258061,58.2244623655914,24.808064516129022,86.48373107574957,109.66756272401433,1214.5156639925547,57.0,10.199999999999992,12.20000000000001,66.0,851.7126502355085,114,7.7688964705362995,27.0,6.500000000000005,9.85999999999999,50.0,9.31788125303467,107,66110.73273021897,14442.783089650178,80553.51581986915,6598.299999999999
710,1105,172,56.50999418966527,41.54660633484163,8.397556561085977,11.262425339366501,58.21900452488688,25.349683257918556,86.2447635508002,109.78552036199095,875.4185290866487,57.0,10.199999999999992,12.20000000000001,66.0,556.5295108232467,114,7.7688964705362995,26.0,6.600000000000005,9.85999999999999,50.0,9.063101817712276,107,62443.543579580124,14834.099330737634,77277.64291031775,7345.699999999999
711,1046,198,54.38893238739663,41.540152963671126,8.372275334608036,11.258699808795408,58.112332695984705,25.635659655831763,88.30207291485549,109.91395793499044,825.5298503481698,57.0,10.199999999999992,12.20000000000001,66.0,866.8035279156302,114,7.7688964705362995,26.0,6.600000000000005,9.85999999999999,50.0,8.582051911894816,107,56890.82327721687,17483.810437141387,74374.63371435826,7584.499999999999
712,1025,198,52.64696156001905,41.67121951219512,8.371317073170733,11.252526829268293,58.09219512195122,25.742341463414654,87.45992725673298,110.07414634146342,825.5298503481698,57.0,10.199999999999992,12.26000000000001,66.0,865.8035279156302,114,8.650042688810556,26.0,6.500000000000005,9.79999999999999,50.0,7.7688964705362995,107,53963.13559901953,17317.06559683313,71280.20119585266,6602.899999999999
713,1001,198,50.69973591344941,41.61138861138861,8.368331668331665,11.242517482517467,58.064935064935064,25.716683316683312,89.45600330319323,110.22377622377623,646.7770982492871,57.0,10.199999999999992,12.26000000000001,66.0,864.8035279156302,115,8.238873440212565,26.0,6.500000000000005,9.79999999999999,50.0,8.176294311248387,107,50750.43564936286,17712.288654032258,68462.72430339511,6365.399999999999
714,998,176,51.7051052058981,41.64929859719439,8.35310621242484,11.227014028056093,57.97044088176353,26.382264529058105,81.0784255333585,110.37675350701403,898.4709308755598,57.0,10.199999999999992,12.26000000000001,66.0,824.5298503481698,115,7.1122618946382605,26.0,6.500000000000005,9.79999999999999,50.0,8.42400098913362,107,51601.6949954863,14269.802893871096,65871.4978893574,6457.299999999999
715,963,191,50.56889529480599,41.40602284527518,8.3607476635514,11.23514018691588,57.94184839044652,26.171339563862894,75.77955989630729,110.47455867082036,784.6224522645159,57.0,10.199999999999992,12.26000000000001,66.0,823.5298503481698,115,7.1122618946382605,26.0,6.500000000000005,9.79999999999999,49.5,7.468440218847924,107,48697.84616889817,14473.895940194692,63171.74210909286,6400.399999999999
716,927,203,48.42152328846684,41.39590075512405,8.358468176914776,11.22815533980582,57.89590075512405,25.65080906148867,74.50158205836827,110.6688241639698,878.9642697870592,57.0,10.199999999999992,12.26000000000001,66.0,596.321799439194,115,7.1122618946382605,25.0,6.500000000000005,9.79999999999999,49.5,8.238873440212565,107,44886.75208840876,15123.821157848759,60010.57324625752,6368.899999999999
717,923,186,46.97776962004891,41.234019501625134,8.362730227518956,11.224918743228589,57.899241603466955,25.29588299024919,74.10734909323688,110.79523293607801,690.9401421303967,57.0,10.199999999999992,12.26000000000001,66.0,595.321799439194,115,6.98666120917196,25.0,6.500000000000005,9.73999999999999,49.5,8.361326990973282,107,43360.481359305144,13783.96693134206,57144.448290647204,5242.799999999999
718,915,186,46.34743451576664,41.118032786885244,8.360109289617473,11.209311475409821,57.92185792349727,24.437923497267754,65.54045762103688,110.95081967213115,1033.8039343327237,57.0,10.199999999999992,12.26000000000001,66.0,561.9192718106606,116,6.98666120917196,25.0,6.500000000000005,9.73999999999999,49.5,10.854600734610582,107,42407.90258192648,12190.52511751286,54598.42769943934,5503.999999999999
719,888,188,43.766206762900694,41.211711711711715,8.35731981981982,11.21945945945944,57.972409909909906,24.523873873873853,72.18593108833024,111.10698198198199,578.9995020618956,57.0,10.199999999999992,12.26000000000001,66.0,1033.8039343327237,116,6.98666120917196,25.0,6.500000000000005,9.73999999999999,50.5,8.358699395673572,108,38864.391605455814,13570.955044606084,52435.346650061896,5776.099999999999
720,860,179,43.359596745664554,41.08372093023256,8.36639534883721,11.228348837209293,58.06976744186046,24.538023255813947,73.28877829875653,111.23372093023256,1112.0732721457282,57.0,10.199999999999992,12.26000000000001,66.0,501.70071162025056,115,6.98666120917196,25.0,6.600000000000005,9.73999999999999,50.5,7.582886245736027,108,37289.25320127152,13118.69131547742,50407.94451674893,5756.499999999999
721,865,171,41.47719706550999,41.06820809248555,8.360809248554908,11.22439306358379,58.12138728323699,24.6593063583815,71.27519202752738,111.40693641618498,625.9598037403614,57.0,10.199999999999992,12.26000000000001,66.5,1112.0732721457282,115,6.98666120917196,25.0,6.600000000000005,9.73999999999999,50.5,6.582886245736027,108,35877.77546166614,12188.057836707181,48065.83329837332,5237.399999999999
722,840,176,40.85704754466523,40.963095238095235,8.365833333333327,11.223928571428546,58.147619047619045,24.779642857142846,66.78602960430182,111.47380952380952,1138.5409055765738,57.0,10.199999999999992,12.26000000000001,66.5,578.9995020618956,115,7.1122618946382605,25.0,6.600000000000005,9.73999999999999,50.5,8.194029120762895,108,34319.91993751879,11754.341210357119,46074.261147875906,5466.799999999999
723,814,786,41.545383153764114,40.93120393120393,8.3667076167076,11.222825552825537,58.0982800982801,24.11928746928749,52.89685008624357,111.65233415233415,1138.5409055765738,57.0,10.199999999999992,12.26000000000001,66.5,742.8239423878963,115,7.8706801739575605,25.0,6.600000000000005,9.73999999999999,50.5,1.0,108,33817.94188716399,41576.924167787445,75394.86605495143,5211.199999999999
724,733,513,61.154465679477966,40.85402455661664,8.37394270122783,11.219618008185524,58.13642564802183,26.842428376534773,58.05583374638208,111.7094133697135,1138.5409055765738,56.0,10.199999999999992,12.26000000000001,66.5,741.8239423878963,115,8.225704839307909,25.0,6.600000000000005,9.73999999999999,50.5,1.0,108,44826.22334305735,29782.642711894005,74608.86605495136,4566.9
725,856,744,47.22591192264966,40.98014018691589,8.362499999999999,11.204182242990635,58.17640186915888,22.244509345794363,57.867593594707465,111.9766355140187,589.8203888677491,56.0,10.299999999999992,12.26000000000001,66.5,1138.5409055765738,116,7.6206801739575605,25.0,6.500000000000005,9.679999999999989,50.5,1.0,108,40425.38060578811,43053.489634462356,83478.87024025046,4295.4
726,788,436,69.55561613556488,40.97208121827411,8.361294416243652,11.20588832487309,58.21700507614213,24.03883248730963,64.04826771886543,112.03045685279187,674.8203888677491,56.0,10.299999999999992,12.26000000000001,66.5,1137.5409055765738,116,7.6206801739575605,25.0,6.500000000000005,9.679999999999989,50.5,1.0,108,54809.82551482513,27925.04472542533,82734.87024025046,3632.2999999999993
727,963,637,52.09378844985657,40.9865005192108,8.360436137071654,11.213146417445476,58.32035306334372,20.33727933541017,59.90372706052326,112.29179646936656,674.8203888677491,56.0,10.299999999999992,12.26000000000001,66.0,1136.5409055765738,116,7.6206801739575605,25.0,6.500000000000005,9.679999999999989,50.5,1.0,109,50166.318277211874,38158.67413755332,88324.99241476519,5032.9
728,899,325,73.17085053446515,40.916573971078975,8.371078976640717,11.212369299221349,58.38598442714127,22.724582869855357,67.40737779778773,112.34705228031146,756.0082639066658,56.0,10.299999999999992,12.26000000000001,66.0,1135.5409055765738,116,7.6206801739575605,25.0,6.500000000000005,9.679999999999989,50.5,2.0,109,65780.59463048416,21907.397784281013,87687.99241476518,4178.999999999999
729,1078,522,53.53405745996354,41.01205936920223,8.349721706864553,11.203877551020396,58.317717996289424,19.438682745825602,64.32601789009222,112.64749536178108,756.0082639066658,56.0,10.299999999999992,12.26000000000001,66.0,1134.5409055765738,117,7.6206801739575605,25.0,6.500000000000005,9.679999999999989,50.5,1.0,109,57709.713941840695,33578.181338628136,91287.89528046883,5966.099999999999
730,1004,250,71.63236862533878,41.02290836653386,8.353087649402392,11.207609561752985,58.30677290836653,21.824103585657383,75.3879887225151,112.70219123505976,1158.1637996135448,56.0,10.299999999999992,12.26000000000001,66.0,653.3830506723704,117,7.933151786137982,26.0,6.500000000000005,9.679999999999989,50.5,2.0,109,71918.89809984014,18846.997180628776,90765.89528046892,4990.599999999999
731,1141,459,54.90143964339642,41.17791411042945,8.363277826468014,11.213602103418056,58.409728308501315,20.213584574934277,68.46923386797855,112.96844872918493,600.2913045905875,56.0,10.299999999999992,12.26000000000001,66.5,756.0082639066658,117,7.933151786137982,26.0,6.500000000000005,9.679999999999989,50.5,1.0,109,62642.54263311532,31427.378345402154,94069.92097851748,7449.199999999999
732,1060,210,73.33126297673174,41.10377358490566,8.369528301886799,11.215264150943412,58.402830188679246,23.373113207547156,75.61801058658023,113.01037735849057,721.7491906776822,56.0,10.299999999999992,12.26000000000001,66.5,755.0082639066658,117,8.532643714351945,26.0,6.600000000000005,9.79999999999999,50.5,1.0,109,77731.13875533565,15879.782223181846,93610.92097851749,6102.899999999999
733,1188,412,55.666067000812355,41.034511784511785,8.353619528619536,11.208030303030327,58.34806397306397,22.077272727272714,69.94423546240795,113.21969696969697,721.7491906776822,56.0,10.299999999999992,12.26000000000001,66.5,754.0082639066658,117,8.91257346454053,25.0,6.600000000000005,9.79999999999999,50.5,1.0,110,66131.28759696508,28817.025010512076,94948.31260747716,7938.899999999999
734,1084,216,70.99949110643223,40.97232472324723,8.351014760147601,11.202416974169743,58.370387453874535,25.20442804428044,81.35585300048439,113.2619926199262,836.2969743401432,56.0,10.299999999999992,12.26000000000001,66.5,411.8777048535946,117,8.91257346454053,25.0,6.600000000000005,9.79999999999999,50.5,1.0,110,76963.44835937253,17572.864248104626,94536.31260747716,6920.5999999999985
735,1152,448,59.34057553542501,41.010416666666664,8.34236111111112,11.203072916666676,58.33159722222222,24.257552083333294,70.33091414859203,113.5,836.2969743401432,57.0,10.399999999999991,12.26000000000001,66.5,721.7491906776822,118,7.222444475869937,25.0,6.600000000000005,9.79999999999999,50.5,1.0,110,68360.34301680961,31508.24953856923,99868.59255537884,8571.199999999999
736,1038,232,77.87242682493469,40.95279383429673,8.3514450867052,11.198381502890179,58.3116570327553,26.875626204238937,80.12505823748508,113.51637764932562,836.2969743401432,57.0,10.399999999999991,12.26000000000001,66.5,720.7491906776822,118,7.222444475869937,26.0,6.600000000000005,9.79999999999999,50.5,3.0,110,80831.5790442822,18589.01351109654,99420.59255537874,6378.499999999999
737,1151,449,60.43545969015152,40.9383145091225,8.347784535186788,11.191259774109465,58.27367506516073,23.954821894005192,74.02941795791322,113.74022589052997,836.2969743401432,57.0,10.399999999999991,12.26000000000001,66.5,719.7491906776822,118,7.222444475869937,26.0,6.600000000000005,9.79999999999999,50.5,1.0,110,69561.2141033644,33239.20866310304,102800.42276646744,6871.799999999999
738,1023,267,78.9274080882229,40.83382209188661,8.346823069403719,11.196598240469209,58.28054740957967,25.903910068426185,80.93140184350258,113.7565982404692,948.9370352505267,57.0,10.399999999999991,12.26000000000001,66.5,407.8777048535946,118,7.222444475869937,26.0,6.600000000000005,9.79999999999999,50.5,3.0,110,80742.73847425204,21608.68429221519,102351.42276646724,6362.199999999999
739,1140,460,62.943918458753245,40.86929824561403,8.335614035087717,11.192947368421052,58.253070175438594,23.088947368421003,71.44912995062012,113.98859649122807,948.9370352505267,57.0,10.399999999999991,12.320000000000011,67.0,527.1297768929632,118,7.222444475869937,26.0,6.600000000000005,9.79999999999999,50.5,1.0,111,71756.0670429787,32866.59977728526,104622.66682026396,6786.699999999999
740,1053,221,80.82332536193438,40.921177587844255,8.330864197530865,11.203532763532758,58.25878442545109,26.011396011396013,86.22491047125396,114.03988603988604,948.9370352505267,56.0,10.399999999999991,12.320000000000011,67.0,846.5075145299893,118,8.476057528711518,26.0,6.600000000000005,9.79999999999999,51.0,2.0,111,85106.9616061169,19055.705214147125,104162.66682026403,5854.599999999999
741,1149,451,63.1468867874919,41.05308964316797,8.318276762402085,11.20360313315928,58.15361183637946,22.872584856396877,77.15805212316963,114.30548302872063,948.9370352505267,56.0,10.399999999999991,12.320000000000011,67.0,845.5075145299893,118,6.6112651242540075,26.0,6.600000000000005,9.79999999999999,50.5,1.0,111,72555.7729188282,34798.2815075495,107354.0544263777,7229.799999999999
742,1069,206,83.22390019656926,41.10851262862489,8.310009354536946,11.208344246959753,58.16791393826006,25.48400374181479,87.07138405944207,114.33863423760523,1013.7940370099043,56.0,10.399999999999991,12.320000000000011,67.0,850.4017442459043,118,6.6112651242540075,26.0,6.600000000000005,9.79999999999999,50.5,1.0,111,88966.34931013254,17936.705116245066,106903.05442637761,5259.799999999999
743,1174,241,65.29082167374183,41.200170357751276,8.312350936967633,11.2081601362862,58.18185689948893,23.057155025553666,97.01921186597414,114.59028960817717,1013.7940370099043,56.0,10.499999999999991,12.320000000000011,67.0,797.9767956230968,118,6.6112651242540075,25.0,6.600000000000005,9.79999999999999,50.5,2.0,111,76651.42464497291,23381.630059699768,100033.05470467269,7020.699999999999
744,1175,184,65.77229590364422,41.26127659574468,8.321957446808499,11.217225531914899,58.24978723404255,22.79038297872341,106.73708586492745,114.74127659574468,1013.7940370099043,56.0,10.499999999999991,12.320000000000011,67.0,796.9767956230968,119,6.6112651242540075,25.0,6.600000000000005,9.79999999999999,50.5,10.07160551629495,111,77282.44768678196,19639.62379914665,96922.07148592861,5764.799999999999
745,1190,182,60.60392594646851,41.372268907563026,8.310168067226893,11.225226890756298,58.33109243697479,23.35924369747899,113.40128008091337,114.92689075630253,1149.98016407167,56.0,10.499999999999991,12.320000000000011,67.0,795.9767956230968,119,7.735542394294839,25.0,6.500000000000005,9.73999999999999,51.0,8.652084753348419,111,72118.67187629752,20639.032974726233,92757.70485102375,7719.0999999999985
746,1168,182,60.84109914437782,41.37328767123287,8.331849315068485,11.226078767123287,58.398544520547944,24.019349315068506,101.99562870477544,115.0556506849315,859.711793338886,56.0,10.499999999999991,12.380000000000011,67.0,574.990082035835,119,6.944564297772235,25.0,6.500000000000005,9.73999999999999,51.0,8.07160551629495,111,71062.4038006333,18563.20442426913,89625.60822490243,7665.199999999999
747,1157,179,59.51825359855889,41.38980121002593,8.341227312013837,11.231547104580818,58.41961970613656,24.64641313742438,98.50914798344262,115.17631806395852,873.6438663275019,56.0,10.499999999999991,12.380000000000011,67.0,920.327453998266,119,6.7413263898709355,25.0,6.500000000000005,9.73999999999999,51.0,7.07160551629495,111,68862.61941353264,17633.137489036228,86495.75690256886,7404.299999999999
748,1157,166,58.88984670125162,41.36646499567848,8.350993949870366,11.241815038893694,58.52722558340536,24.98167675021605,93.27134588844383,115.30509939498704,958.0579930548531,56.0,10.499999999999991,12.380000000000011,67.0,873.6438663275019,119,6.7413263898709355,25.0,6.500000000000005,9.73999999999999,51.0,6.07160551629495,111,68135.55263334812,15483.043417481676,83618.5960508298,6438.899999999999
749,1167,152,57.059527381568344,41.369323050556986,8.354841473864608,11.250848329048837,58.630676949443014,25.285432733504713,88.52884092285213,115.40274207369323,900.6247568612479,57.0,10.499999999999991,12.380000000000011,67.0,958.0579930548531,119,6.7413263898709355,25.0,6.500000000000005,9.73999999999999,51.0,5.07160551629495,111,66588.46845429025,13456.383820273522,80044.85227456377,6650.699999999999
750,1140,172,53.11050231621518,41.36929824561403,8.372543859649124,11.249894736842109,58.65964912280702,25.774649122807023,98.63713730476654,115.5078947368421,647.2074017479123,57.0,10.499999999999991,12.380000000000011,67.0,957.0579930548531,119,7.851387250829303,25.0,6.500000000000005,9.73999999999999,51.0,4.07160551629495,111,60545.972640485306,16965.587616419845,77511.56025690516,7004.999999999999
751,1084,186,54.64674696145045,41.49907749077491,8.356549815498163,11.25494464944649,58.67758302583026,26.161900369003696,83.55754652049069,115.63468634686348,998.047368167513,57.0,10.499999999999991,12.380000000000011,67.5,899.6247568612479,120,7.257283537225211,25.0,6.500000000000005,9.73999999999999,51.0,3.07160551629495,112,59237.073706212286,15541.703652811268,74778.77735902356,6893.799999999999
752,1072,175,52.51997188287847,41.59514925373134,8.348694029850758,11.258805970149249,58.663712686567166,26.41567164179105,85.30041886704964,115.77518656716418,786.6661326514462,57.0,10.59999999999999,12.380000000000011,67.5,898.6247568612479,120,7.257283537225211,25.0,6.500000000000005,9.73999999999999,51.0,6.940789752051394,112,56301.409858445724,14927.573301733688,71228.98316017941,6544.5999999999985
753,1035,202,52.14249691087008,41.49371980676329,8.36251207729469,11.254782608695653,58.69420289855073,25.818164251207737,69.81122980035826,115.94782608695652,1014.851197587567,57.0,10.59999999999999,12.380000000000011,67.5,563.3309274344534,120,7.257283537225211,24.0,6.500000000000005,9.73999999999999,50.5,7.69698626828796,112,53967.484302750534,14101.86841967237,68069.3527224229,6715.699999999999
754,1019,170,53.422786657980964,41.34739941118744,8.365260058881244,11.256663395485763,58.709028459273796,25.868400392541695,65.57949764948276,116.06182531894014,1014.851197587567,57.0,10.59999999999999,12.380000000000011,67.5,518.7461916424705,120,7.257283537225211,24.0,6.500000000000005,9.73999999999999,50.5,8.771289324173704,112,54437.8196044826,11148.514600412069,65586.33420489467,5815.799999999999
755,1004,183,49.28782947070028,41.48804780876494,8.367729083665328,11.252131474103578,58.68276892430279,25.45866533864543,72.65393591712927,116.25,786.6661326514462,57.0,10.59999999999999,12.380000000000011,67.5,1014.851197587567,121,7.257283537225211,24.0,6.500000000000005,9.73999999999999,50.5,7.771289324173704,112,49484.98078858308,13295.670272834657,62780.65106141774,6380.199999999999
756,1006,156,49.077103165529735,41.439363817097416,8.371968190854865,11.257475149105352,58.78131212723658,25.653976143141154,69.99305835411371,116.39165009940358,1033.1124410454097,57.0,10.59999999999999,12.380000000000011,67.5,786.6661326514462,121,7.257283537225211,23.0,6.500000000000005,9.73999999999999,50.5,6.771289324173704,112,49371.565784522914,10918.91710324174,60290.48288776465,5584.499999999999
757,989,179,44.48326833756538,41.19413549039434,8.389585439838216,11.25298281092012,58.76188068756319,25.35348837209303,77.37264933565778,116.55005055611728,1033.1124410454097,57.0,10.59999999999999,12.380000000000011,67.5,785.6661326514462,121,7.441481484301608,23.0,6.500000000000005,9.73999999999999,50.5,5.771289324173704,112,43993.95238585216,13849.704231082744,57843.6566169349,6426.999999999999
758,953,197,43.08993824373495,41.140608604407134,8.396642182581324,11.259454354669469,58.83158447009444,24.942602308499474,71.97268170367113,116.65792235047219,1033.1124410454097,57.0,10.59999999999999,12.380000000000011,67.5,524.5230435048728,121,7.441481484301608,23.0,6.500000000000005,9.79999999999999,50.5,7.979990035586635,113,41064.711146279406,14178.618295623213,55243.32944190262,6364.9
759,931,170,44.71642384779387,41.184747583243826,8.405048335123524,11.252373791621899,58.83404940923738,25.385929108485488,68.42037318918246,116.75295381310418,1054.3219724976184,57.0,10.59999999999999,12.380000000000011,67.5,536.3088593249511,121,8.016843244385344,24.0,6.500000000000005,9.79999999999999,50.5,6.979990035586635,113,41630.99060229609,11631.463442161017,53262.45404445711,5935.199999999999
760,924,156,44.19995450403787,41.28354978354978,8.403787878787883,11.256688311688311,58.82738095238095,25.817640692640694,64.93546674285633,116.94372294372295,1054.3219724976184,57.0,10.59999999999999,12.320000000000011,67.5,854.3366500059462,121,8.016843244385344,24.0,6.500000000000005,9.79999999999999,50.5,5.979990035586635,113,40840.75796173099,10129.932811885588,50970.690773616574,5785.799999999999
761,900,168,42.72711056260211,41.333333333333336,8.396666666666661,11.253666666666666,58.76611111111111,25.59577777777776,60.37479727242806,117.12333333333333,1071.6332169231769,57.0,10.59999999999999,12.320000000000011,67.5,853.3366500059462,121,8.016843244385344,24.0,6.500000000000005,9.79999999999999,50.5,5.069175379150877,113,38454.3995063419,10142.965941767914,48597.36544810981,5436.399999999999
762,866,182,40.36649909507653,41.33602771362587,8.375404157043878,11.249907621247118,58.78464203233256,25.57228637413395,64.68161800752657,117.24364896073904,1071.6332169231769,57.0,10.59999999999999,12.320000000000011,67.5,599.2275802628378,121,8.291225354523451,24.0,6.500000000000005,9.79999999999999,50.5,9.16641053093104,113,34957.38821633627,11772.054477369835,46729.44269370611,5308.999999999999
763,850,750,39.28299877088026,41.205882352941174,8.371176470588226,11.237670588235277,58.771764705882354,25.552588235294152,55.82948540412451,117.3564705882353,485.17132462178245,57.0,10.59999999999999,12.320000000000011,67.5,1071.6332169231769,121,7.893171098386667,24.0,6.500000000000005,9.79999999999999,50.5,1.0,114,33390.548955248225,41872.114053093384,75262.66300834161,4759.799999999999
764,756,487,63.728035329476,41.19047619047619,8.359391534391532,11.23920634920634,58.7989417989418,27.635978835978843,54.07447289375297,117.39682539682539,1082.7578101576976,57.0,10.59999999999999,12.320000000000011,67.5,349.7432788002899,121,7.893171098386667,24.0,6.500000000000005,9.79999999999999,50.5,1.0,114,48178.394709083856,26334.268299257696,74512.66300834155,4524.099999999999
765,906,694,49.96782642158982,41.056291390728475,8.369315673289186,11.254105960264893,58.82395143487859,22.881567328918315,53.172607338886245,117.6467991169978,688.7805093275981,57.0,10.59999999999999,12.320000000000011,67.5,485.17132462178245,121,7.893171098386667,24.0,6.500000000000005,9.79999999999999,50.5,1.0,114,45270.850737960376,36901.789493187054,82172.64023114744,4162.099999999999
766,831,402,71.5931809951343,40.97954271961492,8.369073405535499,11.25241877256318,58.848977135980746,24.26474127557161,54.68832543331051,117.65944645006017,688.7805093275981,57.0,10.59999999999999,12.320000000000011,67.5,321.9016402311017,121,7.893171098386667,25.0,6.500000000000005,9.79999999999999,51.0,1.0,114,59493.9334069566,21984.706824190824,81478.64023114742,3715.0999999999995
767,1002,598,51.12839017029323,40.93313373253493,8.360279441117758,11.248143712574848,58.81037924151697,20.117964071856264,57.49926346419967,117.9121756487026,556.9810392077841,57.0,10.59999999999999,12.320000000000011,67.5,688.7805093275981,121,8.364141716937413,26.0,6.500000000000005,9.73999999999999,50.5,1.0,114,51230.64695063382,34384.5595515914,85615.20650222522,4899.299999999999
768,934,307,71.12257191882969,40.94325481798715,8.356852248394002,11.249892933618845,58.80353319057816,22.417665952890783,60.54959065159039,117.96466809421841,841.1201306839346,57.0,10.59999999999999,12.320000000000011,67.5,319.9016402311017,121,8.364141716937413,26.0,6.500000000000005,9.73999999999999,50.5,1.0,114,66428.48217218694,18588.72433003825,85017.20650222519,4500.099999999999
769,1080,520,53.52238532111259,41.013888888888886,8.362870370370372,11.254666666666667,58.83009259259259,20.57712962962964,60.418956646838346,118.21111111111111,600.115370730949,57.0,10.499999999999991,12.320000000000011,67.5,841.1201306839346,122,7.861181806856719,26.0,6.500000000000005,9.73999999999999,50.5,1.0,114,57804.1761468016,31417.85745635594,89222.03360315754,6623.099999999999
770,992,277,70.02799079822343,41.056451612903224,8.344254032258059,11.257842741935496,58.862399193548384,23.27822580645162,69.43778603364585,118.24798387096774,946.5183193597526,57.0,10.499999999999991,12.320000000000011,67.5,600.115370730949,122,7.861181806856719,26.0,6.500000000000005,9.73999999999999,50.5,1.0,114,69467.76687183764,19234.2667313199,88702.03360315754,5822.799999999999
771,1093,507,54.12395805912337,40.81244281793229,8.36129917657821,11.255260750228725,58.879231473010066,20.765324794144533,67.83818148713522,118.45837145471181,473.2591596798763,58.0,10.59999999999999,12.320000000000011,67.5,599.115370730949,122,7.861181806856719,26.0,6.600000000000005,9.679999999999989,50.5,1.0,114,59157.48615862184,34393.95801397756,93551.4441725994,7246.399999999999
772,1026,236,73.78631837295401,40.74561403508772,8.36130604288498,11.250409356725147,58.83040935672515,23.304873294347,73.47322678791765,118.51169590643275,682.9865895542113,58.0,10.59999999999999,12.320000000000011,67.5,317.6158159183707,122,7.861181806856719,26.0,6.600000000000005,9.679999999999989,50.5,1.0,115,75704.76265065082,17339.681521948565,93044.44417259938,4748.599999999999
773,1177,423,57.14766525243136,40.61767204757859,8.388275276125732,11.241274426508069,58.77357689039932,21.21299915038234,69.97879488660473,118.71197960917587,682.9865895542113,58.0,10.59999999999999,12.320000000000011,67.5,666.8757871904766,122,7.7372507190743605,25.0,6.600000000000005,9.679999999999989,50.5,1.0,115,67262.80200211171,29601.030237033803,96863.83223914551,6109.699999999999
774,1105,197,72.1988616951282,40.607239819004526,8.395022624434386,11.235656108597285,58.75203619909502,24.25782805429861,84.57406124887798,118.73846153846154,525.34823305934,58.0,10.59999999999999,12.320000000000011,67.5,682.9865895542113,122,7.7372507190743605,25.0,6.600000000000005,9.679999999999989,50.5,3.0,115,79779.74217311667,16661.090066028963,96440.83223914563,5644.099999999999
775,1204,395,56.96517498795906,40.47176079734219,8.398588039867104,11.238953488372097,58.8156146179402,23.1797342192691,75.7187915042732,118.92857142857143,713.9048828670894,58.0,10.59999999999999,12.320000000000011,67.5,681.9865895542113,122,8.187829648778477,25.0,6.600000000000005,9.679999999999989,50.5,1.0,115,68586.07068550271,29908.922644187915,98494.99332969062,7921.299999999998
776,1103,219,71.67624634073043,40.58204895738894,8.398730734360838,11.249356300997274,58.829102447869445,25.936355394378957,86.79167862574285,119.00453309156845,936.1160687017122,58.0,10.59999999999999,12.320000000000011,67.5,713.9048828670894,122,8.187829648778477,25.0,6.600000000000005,9.679999999999989,50.5,3.0,115,79058.89971382567,19007.377619037685,98066.27733286335,6343.799999999999
777,1141,459,58.98246170589973,40.66432953549518,8.381858019281333,11.25766871165645,58.84706397896582,23.149255039439083,74.97439287825267,119.24890446976336,936.1160687017122,58.0,10.69999999999999,12.320000000000011,68.0,712.9048828670894,122,7.091722275564239,24.0,6.500000000000005,9.679999999999989,51.0,1.0,115,67298.98880643159,34413.246331117974,101712.23513754956,7525.5999999999985
778,1065,195,78.06545338432475,40.651643192488265,8.377840375586857,11.25639436619719,58.85399061032864,25.387417840375573,92.88988350381405,119.29389671361503,936.1160687017122,58.0,10.69999999999999,12.320000000000011,68.0,711.9048828670894,122,7.091722275564239,24.0,6.500000000000005,9.679999999999989,51.0,1.0,116,83139.70785430586,18113.52728324374,101253.23513754961,4578.599999999999
779,1224,376,61.118835714050064,40.658496732026144,8.379738562091505,11.256470588235311,58.82883986928105,22.36666666666667,76.41233737391585,119.49918300653594,936.1160687017122,58.0,10.69999999999999,12.320000000000011,68.0,753.6443173101072,122,7.091722275564239,24.0,6.500000000000005,9.679999999999989,51.0,1.0,116,74809.45491399728,28731.03885259236,103540.49376658964,5544.699999999999
780,1140,168,74.49418833077634,40.64912280701754,8.373947368421053,11.25457894736842,58.85570175438596,25.009999999999998,108.57808969943227,119.5219298245614,737.7030025474966,58.0,10.69999999999999,12.320000000000011,68.0,936.1160687017122,122,8.338456287149592,24.0,6.500000000000005,9.679999999999989,51.0,3.0,116,84923.37469708503,18241.11906950462,103164.49376658966,5571.099999999999
781,1242,358,59.865908467593535,40.55958132045089,8.366264090177129,11.24608695652174,58.858695652173914,23.215780998389707,82.78256849160603,119.7487922705314,767.8027049313558,58.0,10.69999999999999,12.320000000000011,68.0,948.2521576989293,123,8.035103387912166,24.0,6.500000000000005,9.679999999999989,51.0,2.0,116,74353.45831675117,29636.15951999496,103989.61783674613,7536.899999999999
782,1147,174,76.44813742599763,40.47340889276373,8.368003487358322,11.247689625108983,58.90714908456844,26.215867480383604,91.64140350072931,119.77768090671316,1112.6414460803826,58.0,10.69999999999999,12.320000000000011,68.0,827.8036434144022,123,8.035103387912166,24.0,6.500000000000005,9.679999999999989,51.0,2.0,116,87686.01362761928,15945.604209126901,103631.61783674618,6324.099999999999
783,1207,205,61.77828850440808,40.48135874067937,8.37042253521127,11.241839270919629,58.911764705882355,24.30190555095279,112.59173396990393,119.97100248550124,1112.6414460803826,59.0,10.69999999999999,12.320000000000011,68.0,826.8036434144022,124,7.07834108353125,24.0,6.500000000000005,9.679999999999989,51.0,7.275017579668015,116,74566.39422482056,23081.305463830304,97647.69968865086,7845.499999999999
784,1219,154,63.463445561155574,40.52255947497949,8.39163248564396,11.242362592288751,58.86136177194422,24.129286300246086,111.41390078809887,120.11812961443806,1112.6414460803826,59.0,10.69999999999999,12.320000000000011,68.0,825.8036434144022,124,6.723438822573503,25.0,6.500000000000005,9.679999999999989,51.0,9.0,116,77361.94013904865,17157.740721367227,94519.68086041587,5885.4
785,1221,157,61.98249899428952,40.67813267813268,8.385585585585583,11.25371007371008,58.895167895167894,24.61269451269451,96.8376965784444,120.24815724815724,860.7275400775733,59.0,10.69999999999999,12.380000000000011,68.0,1112.6414460803826,124,6.723438822573503,25.0,6.500000000000005,9.679999999999989,51.0,11.488058072773903,116,75680.6312720275,15203.51836281577,90884.14963484327,7666.0999999999985
786,1221,149,58.904691248262495,40.57903357903358,8.385503685503679,11.252137592137581,58.918509418509416,25.260360360360345,101.89984896469112,120.37919737919738,1125.3469615214217,59.0,10.69999999999999,12.380000000000011,68.0,472.27847281614805,123,6.723438822573503,25.0,6.500000000000005,9.619999999999989,51.5,11.227182314379853,117,71922.62801412851,15183.077495738977,87105.70550986749,7260.799999999998
787,1201,163,55.18848169238873,40.40882597835137,8.398084929225636,11.250541215653643,58.8759367194005,24.97385512073271,108.08156126515138,120.48376353039134,1125.3469615214217,57.0,10.69999999999999,12.380000000000011,68.0,784.2023882729309,124,6.723438822573503,25.0,6.500000000000005,9.619999999999989,51.5,12.203044764672825,117,66281.36651255886,17617.294486219675,83898.66099877853,7089.499999999999
788,1196,145,53.77727078713433,40.202341137123746,8.39322742474917,11.239448160535117,58.80685618729097,25.1753344481605,110.23324807785251,120.57608695652173,801.4123771637899,57.0,10.69999999999999,12.380000000000011,68.0,763.9942958073548,124,6.723438822573503,25.0,6.500000000000005,9.619999999999989,51.5,8.27293056889106,117,64317.615861412654,15983.820971288613,80301.43683270126,6012.299999999999
789,1202,136,54.18169860173774,40.197171381031616,8.397920133111468,11.252229617304495,58.82945091514143,25.46089850249582,91.79780207870337,120.70965058236273,639.4687130994985,57.0,10.69999999999999,12.380000000000011,68.0,801.4123771637899,125,6.723438822573503,25.0,6.500000000000005,9.619999999999989,51.5,8.003872735934618,117,65126.40171928877,12484.501082703659,77610.90280199243,6316.399999999999
790,1180,161,52.7641691701185,40.04491525423729,8.399915254237285,11.240101694915268,58.744491525423726,25.691779661016927,77.44933202517588,120.83813559322034,836.1611729980843,57.0,10.69999999999999,12.380000000000011,68.0,805.9764809640061,125,6.520130246599253,25.0,6.500000000000005,9.619999999999989,51.5,7.035103387912166,117,62261.71962073983,12469.342456053317,74731.06207679314,6977.399999999999
791,1140,163,52.558823756547504,40.12017543859649,8.410877192982452,11.246263157894742,58.72631578947368,26.92877192982455,73.78766642208294,120.96140350877192,836.1611729980843,57.0,10.69999999999999,12.440000000000012,68.0,841.9504481067519,125,6.520130246599253,25.0,6.500000000000005,9.619999999999989,51.5,6.035103387912166,117,59917.059082464155,12027.389626799519,71944.44870926367,7157.999999999999
792,1089,196,48.342258733805615,40.29384756657484,8.4042240587695,11.249201101928383,58.72727272727273,27.17483930211199,85.17395768997874,121.08080808080808,588.2347115158326,57.0,10.69999999999999,12.440000000000012,68.0,840.9504481067519,125,6.520130246599253,25.0,6.500000000000005,9.619999999999989,51.5,7.2768124504275775,117,52644.71976111431,16694.095707235832,69338.81546835015,7256.799999999998
793,1064,186,50.65454456496474,40.3796992481203,8.391447368421055,11.251954887218025,58.72086466165413,27.188157894736825,69.57243185233324,121.19924812030075,641.0629296368841,57.0,10.69999999999999,12.440000000000012,68.0,839.9504481067519,125,6.520130246599253,25.0,6.500000000000005,9.619999999999989,51.5,6.2768124504275775,117,53896.435417122484,12940.472324533983,66836.90774165647,6347.0999999999985
794,1022,198,49.36296028720993,40.39041095890411,8.372309197651667,11.251506849315065,58.70058708414873,26.85225048923677,70.79451850848817,121.3160469667319,906.623780004583,57.0,10.69999999999999,12.440000000000012,68.0,559.6270650875638,125,6.956270853336589,25.0,6.500000000000005,9.619999999999989,51.5,5.2768124504275775,118,50448.94541352855,14017.314664680658,64466.260078209205,6682.899999999999
795,985,198,48.6613330430972,40.457868020304566,8.381218274111673,11.254131979695433,58.75837563451777,26.456852791878152,68.39608320324054,121.49543147208122,561.3125854386221,57.0,10.69999999999999,12.440000000000012,68.0,558.6270650875638,125,6.956270853336589,25.0,6.500000000000005,9.619999999999989,51.5,4.2768124504275775,118,47931.41304745074,13542.424474241625,61473.83752169237,6380.699999999999
796,968,185,45.87643650295669,40.5650826446281,8.370661157024797,11.260950413223137,58.84090909090909,25.683367768595033,78.74497343450646,121.63739669421487,522.2722687758846,58.0,10.59999999999999,12.440000000000012,68.0,557.6270650875638,125,6.956270853336589,25.0,6.500000000000005,9.619999999999989,51.5,4.520130246599253,118,44408.390534862076,14567.820085383695,58976.21062024577,5633.699999999999
797,967,184,43.48442926533643,40.49534643226474,8.380041365046536,11.264384694932787,58.82471561530507,24.55791106514992,77.20488337624917,121.77869700103413,556.5357005792157,58.0,10.59999999999999,12.440000000000012,68.0,556.6270650875638,125,6.956270853336589,25.0,6.500000000000005,9.979999999999992,51.5,6.66993025490954,118,42049.44309958033,14205.698541229847,56255.14164081017,5396.399999999999
798,974,152,44.73863772114213,40.6129363449692,8.368069815195062,11.269876796714566,58.894250513347025,25.55985626283367,68.87124180393516,121.90143737166325,663.0045546657727,58.0,10.59999999999999,12.440000000000012,68.0,555.6270650875638,125,6.956270853336589,25.0,6.400000000000006,9.979999999999992,51.5,8.56415172581708,118,43575.43314039244,10468.428754198145,54043.861894590584,5959.799999999999
799,931,184,43.562202129906694,40.54135338345865,8.358861439312566,11.255016111707842,58.87218045112782,25.951557465091284,60.892157873598656,122.03007518796993,579.4987130320984,58.0,10.59999999999999,12.440000000000012,68.0,523.4334564689382,126,6.947035944181476,25.0,6.400000000000006,9.979999999999992,51.5,6.956270853336589,118,40556.41018294313,11204.157048742152,51760.56723168529,6767.899999999999
800,901,170,42.35892919995842,40.64261931187569,8.369034406215313,11.266237513873488,58.91009988901221,25.600332963374026,66.43371038945516,122.19977802441731,579.4987130320984,58.0,10.59999999999999,12.440000000000012,68.0,556.5357005792157,126,7.545561663401789,25.0,6.400000000000006,9.979999999999992,51.5,7.713824094366867,118,38165.39520916253,11293.730766207376,49459.12597536991,5408.999999999999
801,879,144,43.98215674921782,40.66439135381115,8.375881683731508,11.267508532423209,58.87599544937429,25.517064846416364,62.137725390200075,122.36063708759954,756.2372787236477,58.0,10.59999999999999,12.440000000000012,68.0,579.4987130320984,126,7.443765640002441,25.0,6.400000000000006,10.039999999999992,51.5,6.713824094366867,118,38660.315782562466,8947.832456188811,47608.14823875128,4944.799999999999
802,904,128,40.59000610802763,40.68030973451327,8.380641592920345,11.262898230088506,58.90929203539823,25.155862831858414,65.59361134822255,122.52101769911505,756.2372787236477,58.0,10.59999999999999,12.440000000000012,68.0,579.4793425370058,126,7.443765640002441,25.0,6.400000000000006,10.039999999999992,51.5,5.713824094366867,119,36693.365521656975,8395.982252572487,45089.34777422946,4537.599999999999
803,907,693,38.78494747872292,40.701212789415656,8.378280044101432,11.263947078280058,58.90463065049614,25.824586549062847,51.8048182098484,122.67585446527012,599.6550564747628,58.0,10.499999999999991,12.440000000000012,68.0,577.4987130320984,126,7.443765640002441,25.0,6.400000000000006,10.039999999999992,51.5,1.0,119,35177.94736320169,35900.73901942494,71078.68638262662,5391.699999999999
804,789,471,56.832514341068524,40.76425855513308,8.363117870722434,11.262889733840298,58.951837769328264,28.578707224334615,54.23531330684404,122.71863117870723,674.6550564747628,57.0,10.499999999999991,12.440000000000012,67.5,576.4987130320984,126,8.099285797663384,25.0,6.400000000000006,10.039999999999992,51.5,1.0,119,44840.853815103066,25544.832567523543,70385.6863826266,6107.499999999999
805,896,704,44.75345050604169,40.68638392857143,8.361718749999994,11.258482142857144,58.876674107142854,23.57332589285716,53.240958618837475,122.95200892857143,530.2647130274918,57.0,10.499999999999991,12.440000000000012,67.5,575.4987130320984,126,8.099285797663384,25.0,6.400000000000006,10.039999999999992,52.0,1.0,119,40099.09165341335,37481.63486766158,77580.72652107493,5144.799999999999
806,831,403,65.94449831864131,40.749699157641395,8.361010830324908,11.257039711191352,58.86341756919374,25.839951865222616,54.78126158383123,122.97954271961493,613.1614772328852,57.0,10.499999999999991,12.440000000000012,67.5,574.4987130320984,126,8.875669375538973,25.0,6.400000000000006,10.039999999999992,52.0,1.0,119,54799.87810279093,22076.848418283986,76876.72652107492,3872.2999999999993
807,965,635,49.47627388084802,40.6860103626943,8.363419689119162,11.257284974093269,58.818652849740936,21.507150259067362,54.21481471261102,123.26632124352332,617.7460300904926,57.0,10.399999999999991,12.440000000000012,67.5,494.34005976072024,127,6.815197559595273,26.0,6.400000000000006,10.039999999999992,52.0,1.0,120,47744.60429501834,34426.407342508,82171.01163752633,5995.599999999999
808,891,345,69.16694157874274,40.7665544332211,8.366442199775522,11.260404040404028,58.80639730639731,23.92424242424242,57.7051208430915,123.31425364758698,617.7460300904926,57.0,10.399999999999991,12.440000000000012,67.5,337.3275282373814,127,8.057765298668173,26.0,6.400000000000006,10.039999999999992,52.0,2.0,120,61627.744946659775,19908.266690866567,81536.01163752635,4694.9
809,1051,549,51.0759096105911,40.82112274024738,8.394862036156043,11.267916270218851,58.82350142721218,20.887155090390113,57.89187502719925,123.59752616555662,703.7460300904926,57.0,10.399999999999991,12.440000000000012,67.5,510.51769012158326,127,8.057765298668173,26.0,6.400000000000006,9.979999999999992,52.0,1.0,120,53680.781000731244,31782.63938993239,85463.42039066364,6263.699999999999
810,960,290,68.69317797874966,40.878125,8.39135416666666,11.266312499999998,58.822916666666664,23.58677083333333,65.41023976228962,123.646875,703.7460300904926,57.0,10.299999999999992,12.440000000000012,67.5,509.51769012158326,127,8.057765298668173,26.0,6.400000000000006,9.979999999999992,52.0,2.0,120,65945.45085959967,18968.96953106399,84914.42039066367,5846.099999999999
811,1070,530,53.36419255821214,40.58598130841121,8.403644859813085,11.255869158878507,58.75514018691589,21.362897196261677,61.71254864165015,123.88317757009345,703.7460300904926,57.0,10.199999999999992,12.440000000000012,67.5,508.51769012158326,127,8.170600673293652,26.0,6.400000000000006,9.979999999999992,52.0,1.0,120,57099.686037286985,32707.65078007458,89807.33681736156,7840.0999999999985
812,998,239,73.6150368420512,40.55911823647295,8.413827655310614,11.257014028056108,58.78907815631263,24.416232464929863,66.1486612928636,123.92985971943888,703.7460300904926,57.0,10.199999999999992,12.440000000000012,67.5,655.1920842153538,127,8.170600673293652,26.0,6.400000000000006,9.979999999999992,52.0,2.0,120,73467.8067683671,15809.530048994398,89277.3368173615,5352.599999999999
813,1150,450,57.35685910331652,40.54260869565218,8.402956521739135,11.249443478260865,58.76347826086957,21.99956521739129,59.68164440196649,124.22,757.7450586652528,57.0,10.199999999999992,12.440000000000012,67.5,703.7460300904926,128,8.044040285981772,26.0,6.300000000000006,9.979999999999992,52.0,1.0,120,65960.387968814,26856.73998088492,92817.12794969892,7232.0999999999985
814,1055,237,71.59417333963064,40.633175355450234,8.41459715639811,11.248587677725126,58.783412322274884,24.64284360189572,71.03491593412896,124.260663507109,826.5439857446529,57.0,10.199999999999992,12.440000000000012,67.5,509.6362295082805,128,8.044040285981772,26.0,6.300000000000006,9.979999999999992,52.0,1.0,120,75531.85287331033,16835.275076388563,92367.12794969889,5976.199999999999
815,1167,433,57.14561640674256,40.419023136246786,8.415766923736092,11.246580976863749,58.832904884318765,22.843444730077106,68.50700141494526,124.50642673521851,826.5439857446529,58.0,10.199999999999992,12.440000000000012,67.5,757.7450586652528,128,7.454446017529838,26.0,6.300000000000006,9.919999999999991,52.0,1.0,120,66688.93434666857,29663.531612671297,96352.46595933987,7732.999999999999
816,1069,215,73.42865641247651,40.315247895229184,8.416651075771753,11.246566884939181,58.85687558465856,25.73479887745559,81.04294071815065,124.56782039289055,826.5439857446529,58.0,10.199999999999992,12.440000000000012,67.5,507.6362295082805,128,7.454446017529838,26.0,6.300000000000006,9.919999999999991,52.0,1.0,120,78495.23370493739,17424.23225440239,95919.46595933978,6304.599999999999
817,1171,429,58.313052867379355,40.20922288642186,8.40853970964987,11.248146883005989,58.859094790777114,23.8854824935952,73.83128789277606,124.7805294619983,582.6345558306448,58.0,10.199999999999992,12.440000000000012,67.5,826.5439857446529,128,7.454446017529838,26.0,6.300000000000006,9.919999999999991,52.0,1.0,120,68284.58490770122,31673.622506000927,99958.20741370216,7816.899999999999
818,1060,221,77.13901073194972,40.25377358490566,8.410094339622647,11.253245283018884,58.906603773584905,26.72424528301886,80.37038931147264,124.83490566037736,843.0054101256951,58.0,10.199999999999992,12.440000000000012,67.5,528.2295718314111,128,7.454446017529838,26.0,6.300000000000006,9.919999999999991,52.0,2.0,121,81767.35137586671,17761.856037835452,99529.20741370216,6710.5999999999985
819,1176,424,61.47146446464786,40.210034013605444,8.42746598639457,11.250765306122444,58.900510204081634,24.50170068027212,69.75231286516335,125.08333333333333,558.0579324609768,58.0,10.199999999999992,12.440000000000012,68.0,675.1359140471423,129,7.477160284505636,25.0,6.400000000000006,9.919999999999991,52.0,1.0,122,72290.44221042588,29574.980654829258,101865.42286525514,7624.199999999999
820,1068,194,78.85123410971359,40.193820224719104,8.442322097378277,11.24926966292137,58.86938202247191,26.359831460674123,88.80569503134538,125.14887640449439,709.942438383579,58.0,10.199999999999992,12.440000000000012,68.0,674.1359140471423,129,7.477160284505636,25.0,6.400000000000006,9.919999999999991,52.0,2.0,122,84213.1180291741,17228.304836081003,101441.42286525511,5426.799999999999
821,1177,423,60.87438734934656,40.22429906542056,8.44876805437552,11.247901444350042,58.83517417162277,23.111384876805424,77.55675157824679,125.37892948173322,729.9659819333135,58.0,10.199999999999992,12.440000000000012,68.0,673.1359140471423,129,7.69993952762721,25.0,6.300000000000006,9.919999999999991,52.0,1.0,122,71649.1539101809,32806.50591759839,104455.6598277793,7167.999999999999
822,1088,193,80.57830163051234,40.26470588235294,8.44485294117647,11.252022058823535,58.85845588235294,26.183455882352927,84.78480649627903,125.4310661764706,855.0841369762275,58.0,10.199999999999992,12.440000000000012,68.0,672.1359140471423,129,8.702708064915019,25.0,6.300000000000006,9.919999999999991,52.0,1.0,122,87669.19217399744,16363.467653781852,104032.65982777928,6123.699999999999
823,1196,218,62.76414094217217,40.30016722408027,8.451421404682263,11.25795986622073,58.88001672240803,23.940551839464856,100.01024757717745,125.65301003344482,778.1423589191627,58.0,10.199999999999992,12.440000000000012,68.0,729.9659819333135,130,7.831630067800234,25.0,6.300000000000006,9.919999999999991,51.5,8.998820166024107,122,75065.91256683791,21802.233971824684,96868.1465386626,7762.799999999998
824,1178,204,62.83489508423738,40.25551782682513,8.449066213921895,11.257164685908313,58.90916808149406,23.112818336162963,97.55663855437125,125.78607809847199,778.1423589191627,58.0,10.299999999999992,12.440000000000012,68.5,728.9659819333135,130,7.831630067800234,25.0,6.300000000000006,9.919999999999991,51.5,11.548236722746953,123,74019.50640923163,19901.554265091734,93921.06067432337,6163.699999999999
825,1174,171,61.702478191898116,40.297274275979554,8.442163543441222,11.253287904599661,58.84327086882453,23.28253833049405,107.33195868989104,125.94207836456559,778.1423589191627,58.0,10.299999999999992,12.500000000000012,68.5,727.9659819333135,130,7.831630067800234,25.0,6.300000000000006,9.979999999999992,51.5,11.185654327464864,123,72438.70939728839,18353.76493597137,90792.47433325976,6998.299999999998
826,1217,135,59.10316388588082,40.280197206244864,8.444453574363177,11.250550534100245,58.818816762530815,24.040427280197235,112.24329180386242,126.07066557107642,753.6601037395509,58.0,10.299999999999992,12.500000000000012,68.5,778.1423589191627,130,7.556463740713491,25.0,6.300000000000006,9.979999999999992,51.5,8.801564086277011,123,71928.55044911696,15152.844393521427,87081.39484263839,6457.299999999999
827,1182,169,56.741985805172995,40.19712351945854,8.445008460236883,11.251269035533003,58.86844331641286,24.430118443316406,99.26931249302258,126.21404399323181,801.7886662074179,58.0,10.299999999999992,12.500000000000012,68.5,667.1359140471423,130,7.556463740713491,25.0,6.300000000000006,9.979999999999992,51.5,11.101802166594547,123,67069.02722171448,16776.513811320816,83845.54103303529,8124.199999999999
828,1178,128,60.15997241875672,40.078947368421055,8.45305602716468,11.244838709677422,58.870543293718164,25.856876061120545,80.8531720220234,126.28522920203736,801.7886662074179,58.0,10.299999999999992,12.500000000000012,68.5,590.4570830148218,130,7.291251849816585,25.0,6.300000000000006,9.979999999999992,51.5,10.101802166594547,123,70868.44750929542,10349.206018818995,81217.65352811442,6776.0999999999985
829,1151,153,57.39567242619512,40.18158123370982,8.455256298870546,11.248705473501303,58.88618592528236,26.313640312771472,79.87328698105235,126.42137271937446,842.6898372755378,58.0,10.299999999999992,12.500000000000012,68.5,565.7756778041178,130,7.291251849816585,25.0,6.300000000000006,9.979999999999992,52.0,8.718305098877485,123,66062.41896255058,12220.61290810101,78283.0318706516,7699.299999999998
830,1122,168,53.38650250737871,40.280748663101605,8.448752228163997,11.25069518716576,58.92379679144385,26.19393939393937,93.90482850725637,126.53475935828877,842.6898372755378,58.0,10.199999999999992,12.500000000000012,68.5,610.6361286402839,130,7.291251849816585,25.0,6.300000000000006,9.979999999999992,51.5,10.758208241006171,123,59899.655813278914,15776.01118921907,75675.66700249798,6502.899999999999
831,1113,159,50.96131134302485,40.299191374663074,8.443575920934407,11.252560646900278,58.893081761006286,26.198831985624462,98.53188699676102,126.63522012578616,1095.8048389524145,58.0,10.299999999999992,12.500000000000012,67.5,643.7721320425717,130,7.291251849816585,25.0,6.300000000000006,9.979999999999992,51.5,7.95052737233232,123,56719.93952478666,15666.570032485002,72386.50955727167,6202.499999999999
832,1090,166,51.82995438115039,40.31100917431193,8.430550458715594,11.24820183486237,58.888073394495414,26.16376146788988,79.79286229554698,126.71926605504588,1151.9309500039512,58.0,10.299999999999992,12.500000000000012,67.5,650.942410977087,130,7.291251849816585,24.0,6.300000000000006,9.979999999999992,51.5,8.758208241006171,123,56494.65027545392,13245.6151410608,69740.26541651471,6447.199999999999
833,1080,169,49.11253717374126,40.300925925925924,8.421481481481475,11.258388888888883,58.955555555555556,26.355092592592573,79.67470553658931,126.8638888888889,841.9698254436931,58.0,10.299999999999992,12.560000000000013,67.5,1151.9309500039512,131,7.291251849816585,24.0,6.300000000000006,9.979999999999992,51.5,8.44983074111238,123,53041.54014764056,13465.025235683594,66506.56538332415,6571.999999999999
834,1031,190,50.35960703075203,40.15615906886518,8.4180407371484,11.253152279340448,58.96799224054316,26.309214354995138,61.82467856953908,126.98739088263821,1163.2541036480789,58.0,10.299999999999992,12.560000000000013,68.0,841.9698254436931,131,7.291251849816585,24.0,6.300000000000006,9.979999999999992,51.5,7.449830741112381,123,51920.75484870534,11746.688928212425,63667.44377691777,6978.0999999999985
835,1015,190,46.98802838794524,40.179310344827584,8.399408866995078,11.270147783251225,59.080788177339905,25.325812807881743,64.759832074246,127.15270935960591,630.1647706130335,58.0,10.299999999999992,12.560000000000013,68.0,840.9698254436931,131,7.291251849816585,24.0,6.200000000000006,9.919999999999991,51.5,7.8003366360352455,123,47692.84881376442,12304.368094106741,59997.21690787117,6173.399999999999
836,1024,164,45.39673325015638,40.203125,8.39892578124999,11.268828125000008,59.1201171875,24.714746093749977,65.40600716304756,127.2734375,581.6270518240394,58.0,10.299999999999992,12.560000000000013,68.0,839.9698254436931,131,7.638577965031164,24.0,6.200000000000006,9.919999999999991,51.5,7.203967450222812,123,46486.25484816013,10726.585174739801,57212.84002289994,5354.799999999999
837,1028,164,44.28741248056368,40.233463035019454,8.404474708171199,11.260194552529182,59.04961089494164,23.942996108949398,53.795458376232844,127.39494163424125,885.9204522972883,58.0,10.299999999999992,12.560000000000013,68.0,446.7810818844389,131,7.638577965031164,24.0,6.200000000000006,9.919999999999991,51.5,6.203967450222812,123,45527.460030019465,8822.455173702187,54349.915203721655,5796.399999999999
838,1001,156,41.417965203024174,40.38161838161838,8.423276723276718,11.266493506493486,59.10889110889111,24.43046953046952,68.37558411496754,127.52047952047953,641.775929168465,58.0,10.299999999999992,12.560000000000013,68.0,581.6270518240394,131,7.638577965031164,24.0,6.200000000000006,9.919999999999991,51.5,5.203967450222812,123,41459.3831682272,10666.591121934936,52125.974290162136,6320.799999999999
839,976,163,41.71870694913052,40.35553278688525,8.409938524590167,11.26514344262295,59.12909836065574,25.015368852459034,57.26169605957421,127.66086065573771,503.16854338244616,58.0,10.299999999999992,12.560000000000013,68.0,580.6270518240394,132,7.638577965031164,24.0,6.200000000000006,9.919999999999991,51.5,4.203967450222812,123,40717.457982351385,9333.656457710596,50051.11444006198,6531.399999999999
840,944,159,41.35058358430773,40.389830508474574,8.382944915254239,11.26491525423728,59.088453389830505,25.639724576271146,54.976897473064966,127.80932203389831,599.178382419133,58.0,10.299999999999992,12.320000000000011,68.0,474.64349284133425,132,7.638577965031164,24.0,6.200000000000006,9.919999999999991,51.5,9.38368443042467,124,39034.9509035865,8741.32669821733,47776.27760180383,6328.999999999999
841,929,152,39.638633432590936,40.301399354144245,8.390527448869754,11.259698600645839,59.10172228202368,25.984822389666242,57.89490681141695,127.93326157158235,692.6932343807074,58.0,10.299999999999992,12.320000000000011,68.0,503.16854338244616,132,7.638577965031164,24.0,6.200000000000006,9.979999999999992,51.5,9.111502869723914,124,36824.29045887698,8800.025835335377,45624.31629421236,5928.199999999999
842,894,168,38.66491024197705,40.34563758389262,8.412863534675619,11.261543624161073,59.05536912751678,26.345302013422792,55.35459430274827,128.0503355704698,692.6932343807074,58.0,10.299999999999992,12.320000000000011,68.0,445.68824953883666,132,7.638577965031164,24.0,6.200000000000006,9.979999999999992,51.0,7.88022988882496,124,34566.42975632748,9299.57184286171,43866.00159918919,6189.999999999999
843,861,739,38.84595131951664,40.20441347270616,8.435888501742161,11.257770034843197,58.98548199767712,26.26132404181182,51.682943278174584,128.20092915214866,513.93461578689,58.0,10.299999999999992,12.320000000000011,68.0,692.6932343807074,133,7.638577965031164,24.0,6.200000000000006,9.979999999999992,51.0,1.0,124,33446.36408610382,38193.695082571016,71640.05916867484,5434.999999999999
844,756,493,59.80518683243841,40.44973544973545,8.439550264550256,11.256587301587299,58.96825396825397,28.79999999999999,52.10616211633142,128.2579365079365,726.6515059046066,58.0,10.299999999999992,12.320000000000011,68.0,304.33635483901116,133,7.638577965031164,24.0,6.200000000000006,9.979999999999992,51.0,1.0,124,45212.72124532344,25688.337923351388,70901.05916867482,5359.799999999999
845,877,723,46.89450373363321,40.55530216647662,8.437970353477775,11.254298745724055,58.949258836944125,23.8486887115165,51.61239033423455,128.50285062713797,726.6515059046066,59.0,10.299999999999992,12.380000000000011,68.5,431.4890382014279,133,7.638577965031164,24.0,6.200000000000006,9.919999999999991,50.5,1.0,124,41126.47977439632,37315.75821165158,78442.2379860479,4610.199999999999
846,784,442,68.24351216216921,40.56505102040816,8.446683673469387,11.253163265306105,58.94706632653061,24.740306122448967,54.7880643685686,128.56760204081633,788.6515059046066,59.0,10.299999999999992,12.380000000000011,68.5,316.9590198656973,133,7.8391422605930545,24.0,6.200000000000006,9.919999999999991,50.5,1.0,124,53502.91353514066,24216.32445090732,77719.23798604799,3910.6999999999994
847,949,651,51.81205152919615,40.53213909378293,8.449736564805063,11.25182297154899,58.90200210748156,20.256059009483685,54.23280011225024,128.8345626975764,788.6515059046066,59.0,10.299999999999992,12.380000000000011,68.5,315.9590198656973,133,7.8391422605930545,27.0,6.200000000000006,9.919999999999991,50.5,1.0,125,49169.636901207145,35305.55287307491,84475.18977428204,4708.9
848,889,339,72.86303166929947,40.52755905511811,8.45084364454444,11.248706411698544,58.87514060742407,22.503487064116975,56.19160654948312,128.88526434195725,788.6515059046066,59.0,10.299999999999992,12.380000000000011,68.5,370.45676424650577,133,8.622134521161074,27.0,6.200000000000006,9.919999999999991,50.5,1.0,125,64775.235154007234,19048.954620274777,83824.18977428201,3996.0999999999995
849,1006,594,53.9375400370963,40.3727634194831,8.462922465208742,11.234393638170964,58.76988071570577,20.43886679920476,59.83906442677955,129.15705765407554,832.7073156414649,59.0,10.399999999999991,12.380000000000011,68.5,504.33505990854866,133,8.622134521161074,27.0,6.200000000000006,9.919999999999991,50.5,1.0,125,54261.165277318876,35544.40426950705,89805.56954682592,7050.299999999999
850,932,332,71.42442956613276,40.362660944206006,8.47167381974249,11.237618025751065,58.77950643776824,23.66942060085837,68.20482286503062,129.20064377682402,832.7073156414649,59.0,10.399999999999991,12.380000000000011,68.5,503.33505990854866,133,8.679443680433918,27.0,6.200000000000006,9.919999999999991,50.5,1.0,125,66567.56835563573,22644.001191190167,89211.5695468259,5542.899999999999
851,1024,576,55.506194445837984,40.09375,8.480859374999993,11.243574218750002,58.84423828125,21.966406250000027,65.06671763143454,129.4189453125,832.7073156414649,59.0,10.399999999999991,12.380000000000011,69.0,502.33505990854866,134,7.604892782574132,27.0,6.200000000000006,9.919999999999991,51.0,1.0,126,56838.343112538096,37478.4293557063,94316.7724682444,7690.799999999998
852,932,340,73.09242731494987,39.89914163090129,8.491309012875542,11.242768240343349,58.87017167381974,24.807725321888388,75.34891238444442,129.4656652360515,562.0085022951092,59.0,10.399999999999991,12.380000000000011,69.0,832.7073156414649,134,8.337145795558422,27.0,6.200000000000006,9.919999999999991,51.0,1.0,126,68122.14225753328,25618.630210711104,93740.7724682444,5801.799999999999
853,1050,550,58.66950845464885,40.04952380952381,8.469809523809525,11.237371428571414,58.79238095238095,22.844476190476218,67.03896662365354,129.68666666666667,562.0085022951092,59.0,10.399999999999991,12.440000000000012,69.0,831.7073156414649,134,8.003800310153517,27.0,6.200000000000006,9.85999999999999,51.0,1.0,126,61602.98387738129,36871.43164300945,98474.41552039073,6787.5999999999985
854,947,302,80.36885925445546,40.102428722280884,8.468004223864837,11.237529039070749,58.762407602956706,25.23822597676874,72.23544969013693,129.7455121436114,891.8255617513056,59.0,10.399999999999991,12.440000000000012,69.0,562.0085022951092,134,8.003800310153517,27.0,6.300000000000006,9.85999999999999,51.0,1.0,126,76109.30971396931,21815.105806421354,97924.41552039067,5873.199999999999
855,1074,526,62.02776025664544,40.311918063314714,8.458472998137795,11.232011173184373,58.74860335195531,22.216387337057697,67.32771507761015,130.00093109869647,445.9127808756528,59.0,10.399999999999991,12.440000000000012,69.0,561.0085022951092,135,8.003800310153517,27.0,6.300000000000006,9.85999999999999,51.0,1.0,127,66617.8145156372,35414.37813082294,102032.19264646014,6591.999999999999
856,998,253,83.16780190957171,40.34869739478958,8.464028056112218,11.22743486973948,58.797094188376754,25.002004008016034,73.14121083283713,130.02304609218436,510.4769135741304,59.0,10.399999999999991,12.440000000000012,69.0,560.0085022951092,135,8.337145795558422,27.0,6.300000000000006,9.85999999999999,51.0,1.0,127,83001.46630575256,18504.726340707795,101506.19264646036,5091.899999999999
857,1119,481,61.75829671478711,40.20196604110813,8.465415549597862,11.21640750670243,58.820375335120644,21.82386058981231,72.2357467408214,130.28596961572833,460.91039578007684,59.0,10.399999999999991,12.440000000000012,69.0,559.0085022951092,136,7.904635467215046,26.0,6.300000000000006,9.79999999999999,50.5,1.0,127,69107.53402384678,34745.39418233509,103852.92820618187,7274.699999999999
858,1029,227,81.39223364472095,40.113702623906704,8.448590864917394,11.215102040816333,58.787657920310984,24.15782312925164,86.42872152318927,130.35374149659864,590.2087318747662,58.0,10.399999999999991,12.440000000000012,69.0,439.970573931284,136,7.904635467215046,26.0,6.300000000000006,9.79999999999999,50.5,2.0,127,83752.60842041785,19619.319785763964,103371.92820618181,5524.5999999999985
859,1148,452,64.1894462903204,39.930313588850176,8.449738675958187,11.211463414634157,58.83362369337979,22.21054006968639,72.59080597954518,130.60278745644598,590.2087318747662,58.0,10.399999999999991,12.440000000000012,69.0,525.0996730246204,136,7.826664648489399,26.0,6.400000000000006,9.79999999999999,50.5,1.0,127,73689.48434128783,32811.044302754424,106500.52864404225,7704.799999999998
860,1048,230,80.45913475183461,39.833969465648856,8.455534351145037,11.207137404580154,58.81011450381679,24.849236641221356,94.46676271356277,130.6459923664122,575.6344463910441,58.0,10.399999999999991,12.440000000000012,69.0,590.2087318747662,136,7.826664648489399,26.0,6.400000000000006,9.79999999999999,50.5,6.0,128,84321.17321992267,21727.355424119436,106048.5286440421,6266.0999999999985
861,1147,453,63.82489553150871,39.752397558849175,8.46268526591107,11.196216216216238,58.71447253705318,22.848299912816028,81.57183748989605,130.8404533565824,604.5087892696804,58.0,10.399999999999991,12.440000000000012,69.0,575.6344463910441,135,7.282318837230677,26.0,6.400000000000006,9.79999999999999,50.5,1.0,128,73207.15517464049,36952.04238292291,110159.1975575634,7829.799999999998
862,1047,249,81.35531909455274,39.69723018147087,8.46466093600763,11.194899713467043,58.70821394460363,25.80448901623687,98.5027247613125,130.8691499522445,604.5087892696804,58.0,10.399999999999991,12.440000000000012,69.0,691.4050424263278,135,7.282318837230677,26.0,6.400000000000006,9.79999999999999,50.5,1.0,128,85179.01909199671,24527.178465566813,109706.19755756353,6469.499999999999
863,1147,276,66.19505503341915,39.721883173496074,8.456931124673062,11.204533565823889,58.74193548387097,23.847863993025307,99.08483791739667,131.09590235396686,604.5087892696804,58.0,10.399999999999991,12.440000000000012,69.0,690.4050424263278,135,7.282318837230677,26.0,6.300000000000006,9.79999999999999,51.0,2.0,128,75925.72812333176,27347.41526520148,103273.14338853324,7536.499999999998
864,1144,208,67.37512736268559,39.87937062937063,8.442307692307699,11.203339160839171,58.75480769230769,23.33444055944055,111.2039836765253,131.20367132867133,604.5087892696804,57.0,10.399999999999991,12.440000000000012,69.0,689.4050424263278,135,7.282318837230677,26.0,6.300000000000006,9.79999999999999,50.5,4.0,128,77077.14570291231,23130.42860471726,100207.57430762958,5831.499999999999
865,1189,195,62.31787963151172,39.850294365012616,8.427838519764494,11.201951219512212,58.74179983179142,23.41951219512195,109.7183606802948,131.39276703111858,757.1642215808185,57.0,10.399999999999991,12.440000000000012,69.0,592.938349212412,135,7.282318837230677,26.0,6.300000000000006,9.79999999999999,50.5,7.0,128,74095.95888186744,21395.080332657486,95491.03921452492,7037.699999999999
866,1186,176,62.59538447607461,39.88954468802698,8.42799325463744,11.192141652613843,58.693086003372684,23.46880269814501,102.54604000833343,131.51096121416526,757.1642215808185,58.0,10.399999999999991,12.440000000000012,69.0,591.938349212412,136,7.4808290812073945,25.0,6.300000000000006,9.79999999999999,50.5,7.282318837230677,128,74238.12598862448,18048.103041466686,92286.22903009117,6577.799999999999
867,1200,169,61.28580832932401,39.8425,8.443249999999999,11.192250000000001,58.70916666666667,24.301249999999975,89.81804178188243,131.65083333333334,757.1642215808185,58.0,10.399999999999991,12.440000000000012,69.0,568.4934101576774,136,7.4808290812073945,25.0,6.300000000000006,9.79999999999999,50.5,7.904635467215046,128,73542.96999518882,15179.24906113813,88722.21905632695,7401.5999999999985
868,1166,186,61.01841303680025,39.79416809605489,8.433876500857634,11.189313893653516,58.64965694682676,24.888164665523153,76.79189682190396,131.75471698113208,673.672706109364,58.0,10.399999999999991,12.440000000000012,69.0,508.7880526114604,136,7.4808290812073945,25.0,6.300000000000006,9.79999999999999,50.5,9.465051304038795,128,71147.46960090908,14283.292808874136,85430.76240978322,7664.399999999999
869,1147,189,55.567865277826066,39.72101133391456,8.44027898866608,11.19459459459461,58.656495204882305,25.64568439407147,97.5101801314961,131.87445510026154,663.7130188788711,58.0,10.399999999999991,12.440000000000012,69.0,439.7647670417331,136,7.4808290812073945,25.0,6.300000000000006,9.79999999999999,51.0,9.362482580680252,128,63736.3414736665,18429.424044852763,82165.76551851927,7375.499999999999
870,1104,191,57.11101450068023,39.75090579710145,8.428804347826087,11.200054347826102,58.69565217391305,26.287047101449275,85.48079723514331,132.02264492753622,715.8861486200358,58.0,10.399999999999991,12.440000000000012,69.0,622.7809092070415,136,7.4808290812073945,25.0,6.300000000000006,9.79999999999999,51.0,8.014750975935815,128,63050.560008750974,16326.832271912373,79377.39228066335,7426.299999999998
871,1096,191,52.53017856044273,39.721715328467155,8.455474452554729,11.218649635036504,58.83257299270073,26.500091240875943,95.85028580824941,132.19799270072994,494.4280687584885,57.0,10.399999999999991,12.440000000000012,68.5,715.8861486200358,136,7.4808290812073945,25.0,6.300000000000006,9.79999999999999,51.5,8.226302461789508,129,57573.07570224523,18307.404589375637,75880.48029162087,6908.499999999999
872,1070,185,53.27850014332776,39.71214953271028,8.449345794392528,11.216224299065415,58.85186915887851,26.053271028037383,87.15364914682425,132.3626168224299,724.6915685009615,57.0,10.399999999999991,12.440000000000012,68.5,553.8209457510112,136,7.838373430924014,26.0,6.300000000000006,9.79999999999999,51.5,7.226302461789508,129,57007.9951533607,16123.425092162486,73131.42024552319,6589.699999999999
873,1059,171,53.11085571591084,39.64305949008499,8.455807365439098,11.21388101983001,58.85080264400378,26.745042492917825,80.89145314115987,132.5184135977337,724.6915685009615,57.0,10.399999999999991,12.440000000000012,68.5,484.93821109580574,137,7.570342263039382,26.0,6.300000000000006,9.79999999999999,51.5,6.226302461789508,129,56244.396203149576,13832.438487138339,70076.83469028791,7207.499999999999
874,1049,183,50.39944133363881,39.57006673021926,8.456339370829367,11.217521448999053,58.8465204957102,26.013536701620545,76.83138143000397,132.65395614871306,724.6915685009615,58.0,10.399999999999991,12.440000000000012,68.5,495.27004749857014,137,7.570342263039382,26.0,6.300000000000006,9.79999999999999,51.5,5.226302461789508,129,52869.01395898711,14060.142801690727,66929.15676067784,6469.0999999999985
875,1020,184,50.241277664940014,39.588235294117645,8.451274509803927,11.21641176470587,58.866176470588236,25.5011764705882,71.99692137616351,132.75098039215686,724.6915685009615,58.0,10.399999999999991,12.440000000000012,68.5,566.6568758585142,137,7.570342263039382,26.0,6.300000000000006,9.79999999999999,51.5,10.645910988919752,129,51246.103218238815,13247.433533214087,64493.536751452906,5967.999999999999
876,1023,166,48.06721530114493,39.43401759530792,8.462267839687208,11.218826979472142,58.86656891495601,25.019745845552276,75.09395105387091,132.89149560117303,591.2515373553083,58.0,10.499999999999991,12.440000000000012,68.5,724.6915685009615,137,7.570342263039382,25.0,6.500000000000005,9.79999999999999,51.5,8.687570482853452,129,49172.76125307126,12465.59587494257,61638.35712801383,5796.299999999999
877,1001,168,45.05738078281197,39.2967032967033,8.441658341658357,11.208951048951056,58.80769230769231,25.01548451548451,82.2905434168848,133.05794205794206,747.352950425362,58.0,10.499999999999991,12.440000000000012,68.5,591.2515373553083,138,7.570342263039382,25.0,6.500000000000005,9.79999999999999,51.5,7.687570482853452,130,45102.43816359478,13824.811294036646,58927.24945763143,6113.699999999999
878,970,171,46.11446261519282,39.32371134020619,8.449896907216505,11.193360824742271,58.794329896907215,25.113711340206205,70.08184459625144,133.25360824742268,618.5217859088743,58.0,10.499999999999991,12.440000000000012,68.5,509.8435872107367,138,7.570342263039382,25.0,6.500000000000005,9.79999999999999,51.5,9.434101873125151,130,44731.02873673703,11983.995425958998,56715.024162696034,6396.299999999999
879,970,148,45.52694482655809,39.17113402061856,8.44525773195877,11.196206185567013,58.812371134020616,25.574536082474207,67.40332522459589,133.41340206185566,618.5217859088743,58.0,10.499999999999991,12.440000000000012,68.5,510.6049671026064,138,7.570342263039382,25.0,6.500000000000005,9.79999999999999,51.0,9.135327283498917,130,44161.13648176135,9975.692133240193,54136.82861500154,5919.999999999999
880,939,170,42.44759783943435,39.02981895633653,8.449520766773164,11.197635782747602,58.8604898828541,25.92396166134186,71.04307606691359,133.5335463258786,570.1470958055478,58.0,10.499999999999991,12.440000000000012,68.5,458.38562266844394,138,7.570342263039382,25.0,6.400000000000006,9.79999999999999,51.0,8.302919981757201,130,39858.294371228854,12077.322931375309,51935.617302604165,6493.399999999999
881,922,156,43.24567789810145,38.90563991323211,8.431670281995668,11.210780911062892,58.83351409978308,26.46822125813449,63.794669497823165,133.68112798264642,570.1470958055478,55.0,10.499999999999991,12.440000000000012,68.5,457.38562266844394,139,7.570342263039382,25.0,6.400000000000006,9.79999999999999,51.5,7.302919981757201,131,39872.515022049534,9951.968441660414,49824.48346370995,5851.0999999999985
882,883,160,42.658246179187564,39.01132502831257,8.429105322763316,11.217644394110986,58.863533408833526,27.203963759909403,63.647635334620915,133.81766704416762,570.1470958055478,55.0,10.59999999999999,12.380000000000011,69.0,418.17515777393515,139,7.632338828271664,25.0,6.400000000000006,9.79999999999999,51.5,7.076053679024792,131,37667.23137622262,10183.621653539347,47850.853029761965,6146.899999999999
883,861,739,37.80165180252331,39.07549361207898,8.41846689895471,11.215679442508696,58.86585365853659,26.155168408826956,57.34952895090442,133.9814169570267,473.4720537023489,55.0,10.59999999999999,12.380000000000011,69.0,570.1470958055478,139,7.632338828271664,25.0,6.400000000000006,9.79999999999999,51.0,1.0,131,32547.22220197257,42381.30189471837,74928.52409669093,5142.699999999999
884,778,464,63.43615223754822,39.03856041131105,8.405398457583551,11.21385604113109,58.85796915167095,28.70462724935735,53.52628805146217,134.03341902313625,590.0241065817755,55.0,10.59999999999999,12.380000000000011,69.0,261.04275141001915,139,7.732048674302403,25.0,6.400000000000006,9.79999999999999,51.0,1.0,131,49353.32644081252,24836.197655878444,74189.52409669096,4532.099999999999
885,882,718,47.72475067073866,38.919501133786845,8.436848072562364,11.190884353741486,58.799886621315196,23.17766439909294,55.19826859982155,134.29591836734693,590.0241065817755,55.0,10.59999999999999,12.380000000000011,69.0,406.6650185050751,139,6.756765369698756,25.0,6.400000000000006,9.79999999999999,51.0,1.0,131,42093.2300915915,39632.356854671874,81725.58694626337,5080.199999999999
886,798,439,68.1758609284128,39.023809523809526,8.441854636591483,11.20586466165412,58.91290726817043,24.518546365914773,60.59965814439629,134.34837092731829,568.3570253778436,55.0,10.59999999999999,12.380000000000011,69.0,658.6612389233721,139,7.33758935829754,27.0,6.400000000000006,9.79999999999999,51.0,1.0,131,54404.33702087341,26603.24992538997,81007.58694626339,3834.3999999999996
887,963,637,51.3827344407832,38.88681204569055,8.438110072689515,11.197196261682233,58.89044652128764,20.648701973001053,56.96092661626545,134.57840083073728,603.3945979135242,56.0,10.59999999999999,12.380000000000011,69.0,657.6612389233721,139,7.33758935829754,26.0,6.400000000000006,9.79999999999999,51.0,1.0,131,49481.573266474225,36284.11025456109,85765.68352103532,5052.699999999999
888,886,353,70.24501809259834,38.88374717832957,8.43702031602709,11.198081264108344,58.90293453724605,22.45959367945824,64.84871810479638,134.59932279909705,603.3945979135242,56.0,10.499999999999991,12.380000000000011,69.0,656.6612389233721,139,7.33758935829754,26.0,6.400000000000006,9.79999999999999,51.0,1.0,132,62237.086030042134,22891.59749099312,85128.68352103526,4374.599999999999
889,1029,571,53.032752906974814,39.00388726919339,8.433722060252688,11.196676384839627,58.9067055393586,20.13595724003885,62.20839843317906,134.84936831875606,519.6635485309941,56.0,10.499999999999991,12.380000000000011,69.0,655.6612389233721,140,7.33758935829754,26.0,6.300000000000006,9.73999999999999,51.0,1.0,132,54570.702741277084,35520.99550534524,90091.69824662233,6118.499999999999
890,959,308,70.0304539320097,38.97601668404588,8.43211678832118,11.200771637121981,58.91970802919708,22.608863399374368,72.60224975917225,134.88529718456726,688.961133735866,56.0,10.499999999999991,12.380000000000011,69.0,602.3945979135242,140,7.33758935829754,26.0,6.300000000000006,9.73999999999999,51.0,2.0,132,67159.20532079731,22361.492925825052,89520.69824662236,4773.899999999999
891,1101,499,53.802510731374234,38.89645776566758,8.421525885558605,11.208501362397817,58.92370572207084,20.59137148047227,65.64653177686712,135.1480472297911,688.961133735866,56.0,10.499999999999991,12.440000000000012,69.5,601.3945979135242,140,7.33758935829754,26.0,6.300000000000006,9.73999999999999,51.0,1.0,132,59236.564315243035,32757.61935665669,91994.18367189972,6761.399999999999
892,1028,236,71.22799259710591,38.809338521400775,8.412451361867712,11.199552529182872,58.84387159533074,23.436381322957185,77.4271495003169,135.20817120622567,751.961133735866,56.0,10.499999999999991,12.440000000000012,69.5,600.3945979135242,140,8.2683438819749,26.0,6.300000000000006,9.73999999999999,51.0,5.0,132,73222.37638982487,18272.807282074788,91495.18367189966,5419.5999999999985
893,1170,430,55.91061541242514,38.65384615384615,8.397521367521382,11.206153846153855,58.84444444444444,21.65273504273504,67.90922736370554,135.47094017094017,751.961133735866,56.0,10.499999999999991,12.440000000000012,69.5,600.5718189783771,141,7.8495832539694925,26.0,6.300000000000006,9.73999999999999,51.0,1.0,133,65415.42003253741,29200.96776639338,94616.3877989308,6917.199999999999
894,1088,190,74.18265717236247,38.583639705882355,8.39090073529412,11.211378676470593,58.86075367647059,24.393933823529427,70.92450944947568,135.50091911764707,751.961133735866,56.0,10.499999999999991,12.440000000000012,69.5,317.7336279972623,141,7.8495832539694925,26.0,6.300000000000006,9.73999999999999,51.0,1.0,133,80710.73100353037,13475.656795400379,94186.38779893075,5622.999999999999
895,1183,417,59.51165045923905,38.68385460693153,8.379374471682166,11.219560439560434,58.93279797125951,22.724429416737127,67.25910474224348,135.71682163989857,751.961133735866,57.0,10.499999999999991,12.380000000000011,69.5,342.35609589011875,141,7.562313496254703,25.0,6.300000000000006,9.73999999999999,51.0,1.0,133,70402.2824932798,28047.046677515533,98449.32917079533,7896.999999999999
896,1101,187,77.4002902677611,38.71934604904632,8.364486830154407,11.224686648501361,58.944595821980016,25.71970935513171,68.52732398925387,135.7493188010899,776.961133735866,57.0,10.499999999999991,12.380000000000011,69.5,315.7336279972623,141,7.562313496254703,25.0,6.300000000000006,9.73999999999999,51.0,3.0,133,85217.71958480496,12814.609585990474,98032.32917079543,5897.899999999999
897,1211,389,60.623611549666364,38.80346820809248,8.380677126341872,11.233509496284057,59.00701899256813,24.58876961189103,70.28477102275902,136.00330305532617,631.7978227076167,57.0,10.499999999999991,12.380000000000011,69.5,457.27844745687867,141,7.1231349625470255,24.0,6.300000000000006,9.73999999999999,51.0,1.0,133,73415.19358664597,27340.775927853258,100755.96951449923,8202.8
898,1085,225,72.87841427662228,38.77050691244239,8.377511520737333,11.2482396313364,59.06958525345622,27.585069124423967,94.63951121939635,136.06820276497695,631.7978227076167,55.0,10.499999999999991,12.380000000000011,69.5,473.9463308191245,141,7.1231349625470255,24.0,6.300000000000006,9.79999999999999,52.0,1.0,133,79073.07949013518,21293.89002436418,100366.96951449936,7403.399999999999
899,1130,470,61.502816051182535,38.646902654867255,8.388938053097355,11.245256637168131,59.0929203539823,24.681681415929198,75.84853418112883,136.27345132743363,671.5944402309282,55.0,10.499999999999991,12.440000000000012,69.5,531.6088909533744,141,7.1231349625470255,24.0,6.300000000000006,9.79999999999999,52.0,1.0,133,69498.18213783627,35648.81106513055,105146.99320296681,8077.299999999999
900,1034,241,80.08370280001792,38.624758220502905,8.395744680851063,11.244642166344295,59.11605415860735,27.147001934235984,90.74873239729563,136.30077369439073,718.2705137769491,55.0,10.499999999999991,12.440000000000012,69.5,530.6088909533744,141,7.1231349625470255,24.0,6.300000000000006,9.79999999999999,52.0,2.0,133,82806.54869521853,21870.444507748245,104676.99320296678,5552.299999999999
901,1129,471,62.00771004169417,38.53764393268379,8.386536758193103,11.236598759964586,59.09565987599645,23.765633303808674,78.01379478928874,136.4800708591674,486.38226694254894,55.0,10.399999999999991,12.440000000000012,69.5,775.8868383344145,141,7.1231349625470255,24.0,6.200000000000006,9.73999999999999,52.0,1.0,133,70006.70463707272,36744.49734575499,106751.20198282771,7044.999999999999
902,1048,233,82.9506147035168,38.45038167938932,8.38043893129773,11.238568702290074,59.093511450381676,26.225667938931267,83.0384453800092,136.50858778625954,785.9223644985091,55.0,10.399999999999991,12.440000000000012,69.5,481.8556070826073,141,7.1231349625470255,24.0,6.200000000000006,9.73999999999999,52.0,1.0,133,86932.2442092856,19347.95777354214,106280.20198282774,5047.599999999999
903,1136,286,63.40639070880176,38.52728873239437,8.382482394366198,11.237676056338033,59.18573943661972,22.314700704225352,92.90280048234044,136.74559859154928,544.7808579827629,55.0,10.399999999999991,12.440000000000012,69.5,689.1436647990733,142,7.1231349625470255,25.0,6.200000000000006,9.73999999999999,51.5,2.0,134,72029.6598451988,26570.200937949365,98599.86078314816,7158.499999999999
904,1171,192,65.4620485513135,38.567036720751496,8.38138343296329,11.240102476515785,59.2463706233988,22.380871050384293,98.94731312375787,136.8855678906917,580.110768318783,55.0,10.399999999999991,12.440000000000012,69.5,688.1436647990733,142,7.874558863262118,25.0,6.200000000000006,9.73999999999999,51.5,3.3258979835728013,134,76656.05885358811,18997.88411976151,95653.94297334962,5148.4
905,1206,191,59.86717418983053,38.54145936981758,8.394029850746271,11.236169154228858,59.196932006633496,23.070812603648427,99.65351969182795,137.0597014925373,516.7125726710409,55.0,10.399999999999991,12.440000000000012,69.5,687.1436647990733,142,7.78702203884988,25.0,6.200000000000006,9.73999999999999,51.5,8.123134962547025,134,72199.81207293562,19033.82226113914,91233.63433407476,8125.5999999999985
906,1186,194,57.218308004048616,38.46795952782462,8.404215851602029,11.232107925801028,59.12900505902192,23.623608768971337,103.19897857985116,137.17537942664418,543.0707742756096,54.0,10.399999999999991,12.440000000000012,69.5,686.1436647990733,142,7.78702203884988,25.0,6.200000000000006,9.73999999999999,51.5,8.0,134,67860.91329280166,20020.601844491124,87881.5151372928,7744.399999999999
907,1189,170,56.206941309745645,38.39276703111859,8.421446593776281,11.242977291841882,59.16021867115223,24.873843566021854,107.16012837253633,137.30025231286797,801.9100465457609,54.0,10.399999999999991,12.440000000000012,69.5,685.1436647990733,142,7.78702203884988,25.0,6.200000000000006,9.73999999999999,51.5,7.0,134,66830.05321728757,18217.221823331176,85047.27504061874,7545.699999999999
908,1182,185,55.805151070668124,38.454314720812185,8.440355329949249,11.251421319796918,59.196277495769884,25.30634517766499,87.14073584575131,137.4636209813875,801.9100465457609,54.0,10.399999999999991,12.440000000000012,69.5,492.4611176422568,142,7.648536325686466,25.0,6.200000000000006,9.679999999999989,51.5,6.0,134,65961.68856552972,16121.036131463992,82082.72469699371,7661.399999999999
909,1141,188,55.66981131940512,38.225241016652056,8.440666082383862,11.248045574057834,59.13891323400526,26.232690622261185,84.31367832270675,137.57756354075372,698.1217641939005,54.0,10.399999999999991,12.440000000000012,69.5,703.2663453196574,142,7.538243665612386,25.0,6.200000000000006,9.679999999999989,51.5,8.139502647823646,134,63519.25471544124,15850.971524668868,79370.2262401101,7963.199999999999
910,1111,180,53.64389630034783,38.1971197119712,8.436813681368145,11.240324032403231,59.05355535553555,27.797389738973894,95.50716684994784,137.7047704770477,730.2225441093117,54.0,10.399999999999991,12.440000000000012,69.5,543.0707742756096,142,7.281937423074298,25.0,6.200000000000006,9.679999999999989,51.5,8.8291608553272,134,59598.36878968644,17191.29003299061,76789.65882267705,8340.8
911,1051,224,51.164539223725356,38.01617507136061,8.444148430066607,11.231550903901034,58.998572787821125,26.677450047573714,88.9538573509263,137.87155090390104,556.0521315229614,54.0,10.399999999999991,12.380000000000011,69.0,687.7586427417257,143,7.011559985029689,25.0,6.300000000000006,9.679999999999989,51.5,7.829160855327199,134,53773.93072413535,19925.66404660749,73699.59477074284,7487.499999999999
912,1053,182,49.751532497839555,38.16429249762583,8.453751187084524,11.242051282051287,59.08641975308642,25.564292497625807,97.70751343406616,138.05128205128204,717.1858687635084,54.0,10.399999999999991,12.380000000000011,69.5,569.8609405792297,143,7.281937423074298,26.0,6.300000000000006,9.679999999999989,51.5,7.98376052789413,135,52388.363720225054,17782.76744500004,70171.13116522509,5245.899999999999
913,1057,174,49.80586389619944,38.18070009460738,8.445789971617792,11.24175969725638,59.07048249763481,24.71182592242193,83.051517623551,138.1693472090823,717.1858687635084,54.0,10.399999999999991,12.380000000000011,69.5,480.4980589595184,143,7.463128290216489,26.0,6.200000000000006,9.679999999999989,51.5,7.648536325686466,135,52644.79813828281,14450.964066497876,67095.76220478068,5722.299999999999
914,1042,176,47.515773216773795,38.102687140115165,8.447216890595016,11.239654510556633,59.04318618042227,24.159692898272578,85.50647949575784,138.33301343570056,553.1514005877451,54.0,10.399999999999991,12.380000000000011,69.5,717.1858687635084,143,7.463128290216489,25.0,6.200000000000006,9.679999999999989,51.5,7.601019395602917,135,49511.435691878294,15049.14039125338,64560.57608313167,6174.999999999999
915,1041,158,47.32390683366029,38.18539865513929,8.453986551392891,11.230778097982716,59.08837656099904,24.455907780979793,78.65848249916202,138.43996157540826,553.1514005877451,54.0,10.399999999999991,12.440000000000012,69.5,716.1858687635084,143,7.463128290216489,25.0,6.200000000000006,9.679999999999989,51.0,8.554195294950052,135,49264.18701384036,12428.0402348676,61692.22724870796,6182.999999999999
916,1045,157,43.59130530378488,38.058373205741624,8.440956937799044,11.235578947368436,59.082775119617224,25.008612440191367,86.20312877906808,138.56746411483255,845.0922854790455,54.0,10.399999999999991,12.440000000000012,69.5,590.4653124522858,143,6.944284589773341,25.0,6.200000000000006,9.619999999999989,51.0,8.47214530375068,135,45552.914042455195,13533.891218313689,59086.80526076889,6503.199999999999
917,1007,189,41.35373838246521,37.89672293942403,8.449652432969215,11.232790466732878,59.03624627606753,25.382522343594832,80.95335285774573,138.70804369414103,525.0705824342183,54.0,10.399999999999991,12.440000000000012,69.5,845.0922854790455,143,6.944284589773341,25.0,6.200000000000006,9.619999999999989,51.0,8.064234607234958,135,41643.21455114247,15300.183690113941,56943.39824125641,7073.799999999998
918,974,169,45.42510221719889,37.81622176591376,8.45872689938399,11.228665297741282,58.97689938398357,25.778644763860363,62.48526420463768,138.85318275154003,968.8178695348163,54.0,10.399999999999991,12.440000000000012,69.5,588.4653124522858,143,6.944284589773341,25.0,6.200000000000006,9.619999999999989,50.5,7.064234607234958,135,44244.04955955172,10560.009650583768,54804.059210135485,6067.199999999999
919,957,163,44.16942518165021,37.69905956112853,8.466039707419037,11.226206896551732,58.9226750261233,26.008150470219448,61.55486277905445,138.97387669801464,968.8178695348163,54.0,10.499999999999991,12.440000000000012,69.5,587.4653124522858,143,6.944284589773341,25.0,6.200000000000006,9.619999999999989,50.5,8.237664532054254,135,42270.139898839254,10033.442632985876,52303.58253182513,5977.5999999999985
920,943,188,41.94481486229318,37.36903499469777,8.450477200424181,11.230901378579011,58.89448568398728,25.01993637327678,53.34745960883252,139.14952279957583,968.8178695348163,54.0,10.499999999999991,12.440000000000012,69.5,398.5303586455858,143,6.944284589773341,25.0,6.200000000000006,9.619999999999989,50.5,7.237664532054254,135,39553.960415142465,10029.322406460515,49583.28282160298,5992.199999999999
921,933,156,38.99977984210175,37.19292604501608,8.457020364415865,11.251061093247595,58.9935691318328,25.124544480171476,70.08132743658497,139.2883172561629,535.2457807252766,54.0,10.499999999999991,12.500000000000012,69.5,968.8178695348163,143,6.944284589773341,25.0,6.200000000000006,9.619999999999989,50.5,6.237664532054254,135,36386.79459268093,10932.687080107256,47319.48167278819,5498.299999999999
922,929,163,38.79247725753503,37.18729817007535,8.446501614639399,11.260150699677073,59.10333692142088,25.42960172228202,55.78308557048662,139.44564047362755,1016.4366944823396,54.0,10.499999999999991,12.500000000000012,69.5,535.2457807252766,143,6.700933191175784,25.0,6.100000000000007,9.619999999999989,50.5,5.237664532054254,135,36038.21137225004,9092.64294798932,45130.85432023936,6032.399999999999
923,882,717,37.57595785862725,37.265306122448976,8.433673469387758,11.274489795918369,59.18424036281179,26.077324263038523,52.70949907208992,139.58049886621316,1016.4366944823396,54.0,10.499999999999991,12.500000000000012,69.5,367.8160492427017,144,6.700933191175784,25.0,6.100000000000007,9.619999999999989,50.5,1.0,135,33141.99483130923,37792.71083468847,70934.7056659977,6084.399999999999
924,782,463,59.29746410479666,37.29795396419437,8.435549872122756,11.279820971867009,59.27237851662404,28.89974424552426,51.505591222563275,139.6304347826087,1016.4366944823396,54.0,10.399999999999991,12.500000000000012,69.5,419.450287144243,144,6.700933191175784,25.0,6.100000000000007,9.619999999999989,51.0,1.0,135,46370.616929950986,23847.088736046797,70217.70566599778,5398.699999999999
925,894,706,44.926419453909894,37.348993288590606,8.441387024608504,11.294161073825489,59.38255033557047,23.686241610738236,53.18362791898444,139.89373601789708,650.1275018514684,54.0,10.399999999999991,12.500000000000012,69.5,1016.4366944823396,144,6.700933191175784,24.0,6.100000000000007,9.679999999999989,51.0,1.0,135,40164.218991795446,37547.64131080302,77711.86030259846,4961.199999999999
926,821,415,66.87269237020405,37.42630937880634,8.436419001218027,11.300803897685748,59.44823386114494,25.45736906211936,53.261156305207074,139.94762484774665,1027.1755228534894,54.0,10.399999999999991,12.500000000000012,69.5,650.1275018514684,144,7.663841662323961,24.0,6.100000000000007,9.679999999999989,51.0,1.0,136,54902.48043593752,22103.379866660936,77005.86030259845,3813.5999999999995
927,987,613,48.79875898313692,37.490374873353595,8.43961499493414,11.304255319148938,59.41388044579534,21.469098277608893,55.1090972269522,140.2127659574468,1027.1755228534894,54.0,9.999999999999993,12.500000000000012,69.5,649.1275018514684,145,7.5968760393328605,24.0,6.000000000000007,9.679999999999989,50.5,1.0,136,48164.37511635614,33781.8766001217,81946.25171647784,5155.899999999999
928,907,350,65.0166814143865,37.41786108048512,8.434068357221612,11.304630650496135,59.371003307607495,23.714443219404632,63.89463335322659,140.2657111356119,1056.6521270323735,53.0,9.999999999999993,12.500000000000012,69.5,648.1275018514684,145,7.5968760393328605,24.0,6.000000000000007,9.679999999999989,50.5,2.0,136,58970.13004284855,22363.121673629306,81333.25171647785,4869.799999999999
929,1037,563,51.67962161589179,37.42237222757956,8.460366441658623,11.309836065573752,59.40646094503375,21.599903567984583,59.49121068795967,140.51205400192865,1056.6521270323735,54.0,9.999999999999993,12.500000000000012,69.5,597.9754711486764,145,7.5968760393328605,24.0,6.000000000000007,9.679999999999989,50.5,1.0,136,53591.76761567979,33493.5516173213,87085.3192330011,6552.299999999999
930,950,313,68.72156611338777,37.55263157894737,8.46431578947368,11.305684210526318,59.46578947368421,24.48473684210528,67.84930167821977,140.54842105263157,1056.6521270323735,54.0,9.899999999999993,12.500000000000012,69.5,596.9754711486764,145,7.5968760393328605,24.0,6.000000000000007,9.679999999999989,50.5,1.0,136,65285.487807718375,21236.83142528279,86522.31923300117,5875.799999999999
931,1099,501,53.117030340322074,37.62784349408553,8.464331210191082,11.304367606915362,59.46860782529572,21.657324840764332,63.52361495908202,140.79526842584167,711.1494350292098,54.0,9.899999999999993,12.560000000000013,69.5,595.9754711486764,145,7.755915908035043,24.0,6.000000000000007,9.619999999999989,50.5,1.0,136,58375.61634401396,31825.331094500092,90200.94743851405,6399.399999999999
932,1023,221,72.83255095644179,37.63147605083089,8.465493646138805,11.300175953079169,59.441348973607035,24.272140762463323,68.74320276051657,140.8015640273705,711.1494350292098,54.0,9.899999999999993,12.560000000000013,69.5,789.4824800691703,145,8.28170893634606,24.0,6.000000000000007,9.619999999999989,50.5,1.0,136,74507.69962843995,15192.247810074161,89699.94743851411,5293.199999999999
933,1182,418,56.63456512371217,37.53976311336717,8.448561759729277,11.29309644670049,59.421319796954315,21.9155668358714,63.832674829332966,141.03807106598984,807.4357025086606,54.0,9.899999999999993,12.560000000000013,70.0,528.3260635161868,145,6.921373477785154,24.0,6.000000000000007,9.619999999999989,50.5,1.0,137,66942.05597622778,26682.05807866118,93624.11405488897,6699.499999999999
934,1074,212,71.08988606392093,37.51024208566108,8.449255121042826,11.2954748603352,59.46927374301676,24.43221601489758,79.50743595395204,141.08100558659217,807.4357025086606,54.0,9.899999999999993,12.560000000000013,70.0,470.9277024569773,145,6.921373477785154,24.0,6.000000000000007,9.619999999999989,50.5,2.0,137,76350.53763265107,16855.57642223783,93206.11405488891,6509.699999999999
935,1196,404,56.15856797983834,37.448160535117054,8.445735785953175,11.28474916387959,59.37583612040134,22.611789297658852,70.43577081438387,141.33110367892976,741.9936331655163,54.0,9.999999999999993,12.560000000000013,70.0,469.9277024569773,145,7.505427740998955,24.0,6.000000000000007,9.559999999999988,50.5,1.0,137,67165.64730388665,28456.051409011085,95621.69871289773,7835.899999999999
936,1081,205,72.38748866351119,37.409805735430155,8.455874190564286,11.286679000925064,59.35383903792784,24.814986123959315,82.76499252508361,141.3922294172063,741.9936331655163,54.0,9.999999999999993,12.560000000000013,70.0,319.5354150610698,145,7.505427740998955,24.0,6.000000000000007,9.559999999999988,50.5,6.0,137,78250.8752452556,16966.82346764214,95217.69871289773,6502.0999999999985
937,1201,399,58.93561276193029,37.319733555370526,8.459783513738547,11.29595337218983,59.368442964196504,23.270274771024162,70.2968594266627,141.6294754371357,560.3835845772394,54.0,9.999999999999993,12.560000000000013,70.0,741.9936331655163,145,7.25621871287267,24.0,6.200000000000006,9.559999999999988,50.5,3.0,137,70781.67092707827,28048.44691123842,98830.1178383167,7696.5999999999985
938,1085,220,71.99699633811916,37.31705069124424,8.466635944700466,11.295686635944698,59.421198156682024,25.925990783410132,92.33807641571534,141.6811059907834,790.1345601179586,54.0,9.999999999999993,12.560000000000013,70.0,593.2112094458794,145,7.505427740998955,24.0,6.700000000000005,9.559999999999988,50.5,2.0,137,78116.7410268593,20314.376811457372,98431.11783831667,6958.299999999999
939,1137,463,60.25518684852148,37.261213720316626,8.49692172383464,11.30496042216358,59.49076517150396,23.52867194371155,78.3053188812268,141.95074758135445,790.1345601179586,54.0,9.999999999999993,12.620000000000013,70.0,592.2112094458794,146,7.505427740998955,23.0,6.700000000000005,9.679999999999989,50.5,1.0,137,68510.14744676893,36255.362642008,104765.51008877694,7654.5999999999985
940,1052,221,81.38007378982006,37.32699619771863,8.502281368821281,11.308840304182509,59.54657794676806,26.155133079847893,84.57317856057189,142.00950570342206,790.1345601179586,54.0,9.999999999999993,12.620000000000013,70.0,555.6535267672297,146,7.505427740998955,23.0,6.700000000000005,9.679999999999989,50.5,2.0,137,85611.8376268907,18690.67246188639,104302.51008877708,5409.699999999999
941,1167,433,62.34441086221657,37.31790916880891,8.486718080548407,11.320514138817469,59.54155955441303,23.74121679520141,79.17050632605996,142.23564695801198,719.4962346640781,55.0,9.999999999999993,12.620000000000013,70.0,790.1345601179586,146,6.872065728839548,23.0,6.700000000000005,9.679999999999989,50.5,1.0,138,72755.92747620674,34280.829239183964,107036.7567153907,6783.799999999998
942,1068,237,77.68672834725739,37.24438202247191,8.484269662921342,11.321179775280887,59.49578651685393,26.279119850187254,99.72291493890224,142.2874531835206,820.3021389881405,55.0,9.999999999999993,12.620000000000013,70.0,675.1379550194762,146,6.872065728839548,23.0,6.700000000000005,9.679999999999989,50.5,2.0,138,82969.42587487088,23634.33084051983,106603.75671539071,6014.5999999999985
943,1155,258,63.832583169040845,37.23982683982684,8.494199134199134,11.32155844155844,59.374458874458874,23.671948051948057,102.08634627659012,142.48831168831168,820.3021389881405,55.0,9.999999999999993,12.620000000000013,70.0,628.6249090291553,146,7.820400320586773,23.0,6.700000000000005,9.619999999999989,50.5,1.0,138,73726.63356024218,26338.27733936025,100064.91089960243,7268.799999999998
944,1166,198,63.97727715165363,37.180960548885075,8.49193825042882,11.325986277873078,59.306603773584904,23.454288164665513,112.61443099456753,142.58319039451115,820.3021389881405,55.0,10.099999999999993,12.620000000000013,70.0,719.4962346640781,146,7.352435899122678,23.0,6.700000000000005,9.619999999999989,50.0,7.209178288769106,138,74597.50515882813,22297.65733692437,96895.1624957525,5706.899999999999
945,1166,211,58.48429876442547,37.35677530017153,8.483018867924509,11.330308747855923,59.34219554030875,23.663636363636368,118.5855064771399,142.71097770154373,648.9160450375144,55.0,10.099999999999993,12.620000000000013,70.5,820.3021389881405,147,6.67490464592713,23.0,6.700000000000005,9.619999999999989,50.0,6.209178288769106,138,68192.69235932009,25021.541866676518,93214.23422599661,7545.999999999998
946,1163,179,61.044624170653215,37.22871883061049,8.47102321582114,11.324196044711945,59.316423043852105,24.668443680137585,106.61987172743848,142.83920894239037,747.3943287483019,55.0,10.099999999999993,12.620000000000013,70.5,819.3021389881405,147,6.157087503834834,23.0,6.700000000000005,9.619999999999989,50.0,5.209178288769106,139,70994.89791046969,19084.957039211487,90079.85494968118,7681.399999999999
947,1178,167,59.575990130417814,37.02376910016978,8.478353140916797,11.31869269949066,59.291595925297116,24.678183361629866,96.40751526640481,142.98641765704585,841.4102897237912,55.0,10.099999999999993,12.620000000000013,70.5,533.674053268643,147,6.157087503834834,23.0,6.700000000000005,9.619999999999989,50.0,7.820400320586773,139,70180.51637363218,16100.055049489603,86280.57142312179,7030.199999999999
948,1167,161,58.492265640210626,37.023136246786635,8.483119108826049,11.320822622107974,59.263067694944304,24.802656383890294,93.57125322435648,143.1388174807198,891.8823121010668,55.0,10.099999999999993,12.620000000000013,70.5,431.2196136607055,147,6.157087503834834,24.0,6.700000000000005,9.619999999999989,50.0,6.820400320586773,139,68260.4740021258,15064.971769121394,83325.44577124719,7124.5999999999985
949,1148,189,53.20578360326384,37.096689895470384,8.499738675958204,11.321428571428573,59.26393728222997,24.766463414634163,99.48365406772331,143.30836236933797,891.8823121010668,55.0,10.099999999999993,12.620000000000013,70.5,666.7149648809595,147,6.157087503834834,23.0,6.700000000000005,9.619999999999989,50.0,9.225560838663027,139,61080.23957654689,18802.410618799706,79882.65019534659,7496.499999999998
950,1118,188,55.10294695892703,37.19051878354204,8.493112701252238,11.31411449016099,59.250447227191415,26.296511627906963,82.898305438061,143.412343470483,905.8313591431787,55.0,10.099999999999993,12.620000000000013,70.5,665.7149648809595,148,6.157087503834834,23.0,6.700000000000005,9.619999999999989,50.0,6.373714246338405,139,61605.094700080415,15584.88142235547,77189.97612243588,7966.299999999998
951,1083,210,52.156620290801726,37.228070175438596,8.50277008310251,11.317119113573396,59.229916897506925,26.62391505078483,84.8484794728745,143.56325023084025,905.8313591431787,55.0,10.099999999999993,12.620000000000013,70.5,535.9038721151411,148,6.157087503834834,23.0,6.600000000000005,9.619999999999989,50.0,7.064588452725461,139,56485.61977493827,17818.180689303645,74303.80046424191,8031.0999999999985
952,1047,203,53.33001707240582,37.40210124164279,8.495606494746902,11.31507163323781,59.238777459407835,26.787392550143267,76.45666133045414,143.6800382043935,905.8313591431787,55.0,10.099999999999993,12.620000000000013,70.5,466.6456170211355,147,7.281199639853461,23.0,6.600000000000005,9.619999999999989,50.0,6.064588452725461,139,55836.5278748089,15520.70225008219,71357.23012489108,7447.899999999999
953,1020,202,52.582969546002516,37.258823529411764,8.514019607843137,11.314,59.207843137254905,26.17754901960783,72.41677371479102,143.86274509803923,638.1049101431298,54.0,9.999999999999993,12.560000000000013,70.5,468.7853436984751,148,7.295335035425054,23.0,6.600000000000005,9.619999999999989,50.0,5.064588452725461,140,53634.62893692256,14628.188290387787,68262.81722731036,6736.0999999999985
954,1012,183,50.52242950677302,37.25592885375494,8.502766798418975,11.305988142292488,59.24407114624506,25.947628458498006,78.01887013784892,144.00197628458497,569.2795155052748,55.0,9.999999999999993,12.560000000000013,70.5,638.1049101431298,148,6.840926194378201,22.0,6.600000000000005,9.619999999999989,50.5,7.075906086884855,140,51128.6986608543,14277.453235226352,65406.15189608066,6363.299999999998
955,1025,173,48.69353915506975,37.11219512195122,8.513073170731708,11.31726829268293,59.27219512195122,24.950926829268294,70.29784715514057,144.1590243902439,686.2753943194892,55.0,9.999999999999993,12.560000000000013,70.5,637.1049101431298,148,6.840926194378201,22.0,6.600000000000005,9.619999999999989,50.5,6.754111871853377,140,49910.8776339465,12161.52755783932,62072.405191785816,6082.299999999998
956,1014,164,47.14961720293477,37.04635108481262,8.504832347140043,11.318520710059172,59.25443786982248,25.436193293885612,70.60116212386944,144.27712031558187,686.2753943194892,55.0,9.999999999999993,12.500000000000012,70.5,568.2795155052748,148,6.840926194378201,22.0,6.600000000000005,9.619999999999989,50.5,5.754111871853377,140,47809.711843775855,11578.59058831459,59388.302432090444,6512.0999999999985
957,991,167,46.05800456464027,36.84964682139253,8.51220988900101,11.31005045408676,59.1619576185671,25.999798183652864,68.92319874651882,144.46215943491424,777.3799370634877,55.0,9.999999999999993,12.500000000000012,70.5,541.0818136561061,148,5.927558121048006,22.0,6.600000000000005,9.619999999999989,50.5,8.080256741238063,140,45643.48252355851,11510.174190668644,57153.65671422715,7001.399999999999
958,958,184,44.23861233198823,36.766179540709814,8.513883089770358,11.300375782880991,59.163361169102295,25.616388308977022,65.46087373996858,144.65240083507308,777.3799370634877,55.0,9.999999999999993,12.500000000000012,71.0,485.95634757496725,149,5.927558121048006,22.0,6.600000000000005,9.619999999999989,50.0,8.484473753115164,141,42380.590614044726,12044.800768154219,54425.39138219894,6766.199999999999
959,941,177,43.41919817728915,36.76195536663124,8.515090329436768,11.305483528161531,59.240701381509034,24.790860786397452,63.28705479232248,144.81615302869287,777.3799370634877,55.0,9.999999999999993,12.500000000000012,71.5,501.2813058670625,149,5.927558121048006,22.0,6.600000000000005,9.619999999999989,50.0,8.504681497355252,141,40857.46548482909,11201.808698241079,52059.27418307017,5450.299999999999
960,939,158,40.77279178289393,36.71352502662407,8.533652822151234,11.301533546325858,59.19701810436635,25.050479233226827,72.6156892351889,144.97337593184238,709.7412131578193,55.0,10.099999999999993,12.500000000000012,71.5,777.3799370634877,149,6.030838096080739,22.0,6.600000000000005,9.619999999999989,50.0,8.340045426648725,141,38285.6514841374,11473.278899159846,49758.93038329725,5509.0999999999985
961,934,149,41.924191625981024,36.73982869379015,8.527408993576021,11.310599571734464,59.25428265524625,25.282655246252677,57.31063700981199,145.11134903640257,797.0168628477479,55.0,10.099999999999993,12.500000000000012,71.5,709.7412131578193,149,6.030838096080739,22.0,6.600000000000005,9.619999999999989,50.0,7.208825129507801,141,39157.19497866627,8539.284914461987,47696.47989312826,5899.299999999998
962,894,171,39.78771312187789,36.80201342281879,8.526510067114097,11.325167785234893,59.236577181208055,25.6704697986577,58.77832997536522,145.29194630872485,797.0168628477479,55.0,10.099999999999993,12.500000000000012,71.5,708.7412131578193,149,6.240511634465788,22.0,6.600000000000005,9.619999999999989,51.0,7.194191777693817,141,35570.215530958834,10051.094425787453,45621.309956746285,6389.799999999998
963,860,740,38.52869579974797,36.60581395348837,8.551279069767444,11.342418604651145,59.25058139534884,25.097325581395353,53.39778175793295,145.50348837209302,797.0168628477479,55.0,10.099999999999993,12.500000000000012,71.5,423.7712049443163,149,6.5353400393643035,22.0,6.600000000000005,9.619999999999989,50.5,1.0,141,33134.67838778326,39514.35850087038,72649.03688865365,5674.0999999999985
964,771,485,57.47005463676588,36.574578469520105,8.548378728923472,11.352451361867688,59.25616083009079,27.88184176394292,56.90644281176728,145.57328145265888,804.4145756989496,55.0,10.099999999999993,12.500000000000012,71.5,797.0168628477479,149,6.9485082125534365,22.0,6.600000000000005,9.619999999999989,50.5,1.0,141,44309.412124946495,27599.62476370713,71909.03688865362,5043.999999999999
965,882,718,46.17827353358202,36.65873015873016,8.547165532879818,11.361224489795921,59.2953514739229,23.243650793650808,54.10771394367383,145.84126984126985,804.4145756989496,55.0,9.999999999999993,12.560000000000013,71.0,796.0168628477479,149,6.9485082125534365,22.0,6.600000000000005,9.619999999999989,50.5,1.0,141,40729.237256619344,38849.33861155781,79578.57586817715,5293.0999999999985
966,810,432,67.7354000207444,36.77530864197531,8.53518518518519,11.363629629629601,59.272222222222226,25.42790123456794,55.54375428558841,145.8469135802469,830.676094293813,55.0,9.999999999999993,12.560000000000013,71.0,804.4145756989496,149,7.975179856466394,22.0,6.600000000000005,9.619999999999989,50.5,1.0,142,54865.67401680296,23994.901851374194,78860.57586817715,4230.499999999999
967,957,643,51.37327115719555,36.61859979101359,8.563845350052246,11.366018808777426,59.27115987460815,21.40794148380353,54.70046322915461,146.1118077324974,830.676094293813,55.0,10.099999999999993,12.560000000000013,71.5,803.4145756989496,150,6.4509375403925455,22.0,6.600000000000005,9.619999999999989,50.5,1.0,142,49164.220497436145,35172.39785634641,84336.61835378256,5700.899999999999
968,882,359,69.54801773402716,36.60770975056689,8.57551020408163,11.367278911564624,59.314625850340136,23.726643990929734,62.262581371505966,146.16780045351473,830.676094293813,55.0,10.099999999999993,12.560000000000013,71.5,802.4145756989496,150,6.4509375403925455,22.0,6.600000000000005,9.619999999999989,50.5,1.0,142,61341.35164141195,22352.26671237064,83693.6183537826,4614.499999999999
969,1036,564,50.506513138988964,36.23938223938224,8.57133204633204,11.371814671814663,59.29681467181467,20.291312741312744,63.02621475543054,146.41312741312743,415.3380471469065,56.0,10.099999999999993,12.620000000000013,71.5,801.4145756989496,150,6.4509375403925455,22.0,6.600000000000005,9.619999999999989,50.5,1.0,142,52324.74761199257,35546.78512206282,87871.53273405539,6258.499999999998
970,968,276,69.0390748969553,36.199380165289256,8.579855371900823,11.371962809917346,59.31663223140496,23.390289256198354,74.19459505000978,146.44628099173553,823.6055419408017,56.0,10.099999999999993,12.620000000000013,71.5,477.4311322373684,150,7.616485100129132,23.0,6.600000000000005,9.619999999999989,50.5,1.0,142,66829.82450025273,20477.7082338027,87307.53273405542,5271.699999999999
971,1091,508,54.012584945039784,36.020164986251146,8.594500458295137,11.366159486709446,59.249770852428966,21.42850595783685,66.01597761909034,146.7268560953254,612.8716112606937,56.0,10.099999999999993,12.620000000000013,71.5,476.4311322373684,150,6.963594104895693,23.0,6.600000000000005,9.619999999999989,50.5,1.0,142,58927.73017503841,33536.11663049789,92463.8468055363,7696.499999999998
972,999,267,71.22007472007893,35.911911911911915,8.59279279279279,11.364984984984979,59.26226226226226,24.443543543543548,77.9288095886796,146.82382382382383,612.8716112606937,56.0,10.099999999999993,12.620000000000013,71.5,475.4311322373684,150,6.963594104895693,23.0,6.600000000000005,9.619999999999989,50.5,2.0,143,71148.85464535885,20806.99216017745,91955.8468055363,6312.499999999998
973,1113,487,56.523156680196315,35.66127583108715,8.563611859838268,11.374123989218337,59.327044025157235,22.779424977538174,68.89513082581641,147.0961365678347,743.350490553702,56.0,10.099999999999993,12.620000000000013,71.5,474.4311322373684,151,6.963594104895693,22.0,6.600000000000005,9.679999999999989,50.0,2.0,143,62910.2733850585,33551.928712172594,96462.20209723109,8221.899999999998
974,1026,245,74.56187355252646,35.72514619883041,8.55711500974658,11.373391812865497,59.41033138401559,26.183333333333323,79.4886523768933,147.1345029239766,743.350490553702,56.0,10.099999999999993,12.620000000000013,71.5,461.2373976503417,151,6.963594104895693,22.0,6.600000000000005,9.679999999999989,50.0,1.0,143,76500.48226489215,19474.71983233886,95975.20209723101,6276.899999999999
975,1103,497,58.63481602601488,35.56844968268359,8.554306436990018,11.37577515865822,59.403445149592024,22.806527651858605,69.68111594162414,147.38077969174978,900.5610608481288,56.0,10.099999999999993,12.620000000000013,71.5,460.2373976503417,151,6.446698154241461,22.0,6.600000000000005,9.679999999999989,50.0,1.0,143,64674.20207669441,34631.5146229872,99305.71669968161,7961.399999999998
976,1011,250,78.07485948752675,35.637982195845694,8.557467853610273,11.379584569732948,59.45994065281899,25.081899109792314,79.50013503116818,147.4371909000989,900.5610608481288,56.0,10.099999999999993,12.620000000000013,71.5,454.96676789901744,151,6.446698154241461,22.0,6.600000000000005,9.679999999999989,50.0,2.0,143,78933.68294188955,19875.033757792047,98808.7166996816,5324.5999999999985
977,1149,451,60.82072311783241,35.52219321148825,8.591209747606605,11.36929503916449,59.4621409921671,22.738990426457825,70.54493476918606,147.69190600522194,900.5610608481288,56.0,10.099999999999993,12.620000000000013,71.5,489.4759262726683,151,6.446698154241461,22.0,6.500000000000005,9.679999999999989,50.0,1.0,143,69883.01086238943,31815.76558090291,101698.77644329234,6814.5999999999985
978,1057,232,78.10269498677827,35.47776726584674,8.597824030274367,11.367152317880812,59.46073793755913,25.632734153263968,80.57425794080925,147.74550614947967,674.4311150712382,56.0,10.099999999999993,12.620000000000013,71.5,983.5610608481288,151,7.611737174223693,22.0,6.500000000000005,9.679999999999989,50.0,1.0,144,82554.54860102464,18693.227842267745,101247.77644329239,6130.699999999999
979,1145,455,61.110868170071946,35.300436681222706,8.598602620087322,11.359685589519657,59.43799126637555,24.596855895196494,76.92054878994396,147.9703056768559,658.529928880259,56.0,10.099999999999993,12.680000000000014,71.5,982.5610608481288,151,6.227585009841075,22.0,6.500000000000005,9.679999999999989,50.5,1.0,144,69971.94405473238,34998.84969942451,104970.79375415688,9122.999999999998
980,1030,238,81.67249058159832,35.2252427184466,8.598349514563099,11.360757281553399,59.404854368932035,27.56766990291262,85.68541367693526,147.9990291262136,995.5763326007923,55.0,10.099999999999993,12.680000000000014,71.5,492.8070451098257,151,6.227585009841075,22.0,6.500000000000005,9.679999999999989,50.5,3.0,144,84122.66529904628,20393.12845511059,104515.79375415687,6982.699999999998
981,1146,454,62.57431962158274,35.138743455497384,8.58307155322861,11.37256544502618,59.36387434554974,24.395724258289743,78.47546166001582,148.2460732984293,796.7191418375074,55.0,10.099999999999993,12.680000000000014,72.0,491.8070451098257,152,6.227585009841075,22.0,6.500000000000005,9.619999999999989,50.5,1.0,144,71710.17028633381,35627.85959364718,107338.029879981,7408.0999999999985
982,1025,252,82.40884832613827,35.10243902439024,8.576487804878049,11.368195121951208,59.36731707317073,26.45121951219514,88.9482553400371,148.32682926829267,796.7191418375074,55.0,10.099999999999993,12.680000000000014,72.0,537.386705644049,152,6.227585009841075,22.0,6.500000000000005,9.619999999999989,50.5,1.0,144,84469.06953429173,22414.96034568935,106884.02987998108,6252.499999999998
983,1116,266,68.05444060012152,35.08064516129032,8.577419354838698,11.37989247311827,59.52374551971326,24.268189964157724,91.90307922925447,148.55824372759858,796.7191418375074,55.0,10.099999999999993,12.680000000000014,72.0,536.386705644049,152,6.766991262202487,22.0,6.500000000000005,9.619999999999989,50.5,3.0,144,75948.75570973562,24446.21907498169,100394.97478471731,8061.5999999999985
984,1132,212,66.57377376082917,35.043286219081274,8.574293286219085,11.385759717314478,59.564487632508836,23.367932862190827,102.67305363687005,148.6678445229682,796.7191418375074,55.0,10.099999999999993,12.680000000000014,72.0,637.5416504444091,152,6.726079841176929,22.0,6.500000000000005,9.619999999999989,50.5,3.0,144,75361.51189725862,21766.68737101645,97128.19926827507,5934.199999999999
985,1153,209,60.99346914205217,34.767562879444924,8.568516912402425,11.39429314830875,59.5520381613183,22.40494362532524,107.55364631288828,148.8074588031223,775.1234541701981,55.0,10.099999999999993,12.680000000000014,72.0,796.7191418375074,152,6.71174198579704,22.0,6.500000000000005,9.619999999999989,50.5,6.630199953605787,144,70325.46992078616,22478.71207939365,92804.1820001798,7072.5999999999985
986,1185,161,60.31315587541977,34.79746835443038,8.574852320675102,11.400658227848087,59.58818565400844,23.296118143459932,110.46036836673026,148.95949367088608,817.9405608785452,55.0,10.099999999999993,12.680000000000014,72.0,755.529928880259,153,6.0065043923243895,22.0,6.500000000000005,9.619999999999989,50.5,6.773768147553588,145,71471.08971237243,17784.119307043573,89255.209019416,7274.799999999998
987,1172,173,58.45760986183548,34.901023890784984,8.57551194539248,11.400802047781562,59.59598976109215,23.8590443686007,103.53756924446743,149.09215017064847,817.9405608785452,55.0,10.199999999999992,12.680000000000014,72.0,662.6724872166903,153,6.0065043923243895,22.0,6.500000000000005,9.619999999999989,50.5,7.1137925049205375,146,68512.31875807118,17911.999479292866,86424.31823736404,7969.599999999998
988,1178,153,57.7522080121468,34.90492359932088,8.585314091680816,11.400747028862478,59.64643463497453,24.798471986417663,97.32368835369547,149.20967741935485,817.9405608785452,54.0,10.199999999999992,12.680000000000014,72.0,656.4400661855398,153,6.0065043923243895,22.0,6.500000000000005,9.619999999999989,50.5,6.726079841176929,146,68032.10103830893,14890.524318115407,82922.62535642434,7216.699999999998
989,1155,164,56.45684424850045,34.74025974025974,8.597575757575747,11.41309090909093,59.63982683982684,25.92207792207797,92.78192668559063,149.32640692640692,817.9405608785452,54.0,10.199999999999992,12.680000000000014,71.5,570.9177050905303,154,6.0065043923243895,22.0,6.500000000000005,9.679999999999989,50.5,5.726079841176929,146,65207.65510701802,15216.235976436865,80423.89108345489,7842.0999999999985
990,1111,198,51.03084245640227,34.702070207020704,8.591989198919874,11.420702070207037,59.61566156615662,25.974707470747106,105.29404694716223,149.42754275427544,817.9405608785452,54.0,10.199999999999992,12.680000000000014,71.5,665.8892740561051,154,6.0065043923243895,22.0,6.400000000000006,9.679999999999989,50.5,4.726079841176929,146,56695.26596906292,20848.221295538122,77543.48726460105,7803.0999999999985
991,1078,198,50.58904395612631,34.76066790352505,8.587847866419311,11.420389610389593,59.66419294990724,26.006122448979625,103.87769117678229,149.5426716141002,704.4105358462688,55.0,10.199999999999992,12.680000000000014,71.5,624.1427875917929,154,6.456111841902302,22.0,6.400000000000006,9.679999999999989,50.5,6.98810058589464,146,54534.98938470416,20567.782853002893,75102.77223770705,6497.999999999998
992,1088,184,48.93709835195367,34.78216911764706,8.593658088235289,11.413602941176473,59.666360294117645,25.78391544117646,101.24333843997529,149.6764705882353,597.638930406908,55.0,10.199999999999992,12.680000000000014,71.5,623.1427875917929,154,6.07808910082184,21.0,6.400000000000006,9.679999999999989,50.5,6.358761421851334,146,53243.56300692559,18628.774272955452,71872.33727988105,6109.499999999998
993,1066,167,53.05859188430753,34.75046904315197,8.584427767354589,11.40373358348968,59.62992495309568,25.75825515947468,77.21482131197467,149.78517823639774,969.7612364256934,55.0,10.099999999999993,12.680000000000014,71.5,553.1198158428491,154,6.07808910082184,21.0,6.400000000000006,9.679999999999989,50.0,5.358761421851334,146,56560.45894867183,12894.87515909977,69455.3341077716,6097.899999999999
994,1084,152,50.146593032016064,34.593173431734314,8.593450184501837,11.421383763837628,59.75,26.19464944649447,74.78860723086119,149.9391143911439,969.7612364256934,55.0,10.199999999999992,12.680000000000014,72.0,584.374029778351,155,6.07808910082184,21.0,6.400000000000006,9.679999999999989,50.0,4.358761421851334,146,54358.90684670541,11367.8682990909,65726.7751457963,6361.399999999999
995,1065,174,47.06966496538844,34.35492957746479,8.627699530516422,11.441577464788736,59.8018779342723,25.74319248826291,72.60742971765818,150.11549295774648,969.7612364256934,55.0,10.199999999999992,12.680000000000014,72.0,597.638930406908,155,6.07808910082184,21.0,6.400000000000006,9.73999999999999,50.0,5.6662282698542645,146,50129.19318813869,12633.692770872523,62762.88595901121,6687.999999999998
996,1046,161,46.969585214228736,34.19598470363289,8.632313575525805,11.437208413001915,59.806405353728486,26.562045889101334,69.12810060183024,150.2715105162524,969.7612364256934,55.0,10.199999999999992,12.680000000000014,72.0,530.3331057112661,155,6.07808910082184,21.0,6.400000000000006,9.73999999999999,50.0,5.465670978490431,146,49130.186134083255,11129.624196894669,60259.810330977925,6533.399999999999
997,1015,179,45.63629227855744,34.20985221674877,8.63714285714285,11.442403940886686,59.93793103448276,26.219113300492612,63.61927770810613,150.4128078817734,969.7612364256934,55.0,10.199999999999992,12.680000000000014,72.0,479.91875229226594,155,6.07808910082184,21.0,6.400000000000006,9.73999999999999,50.0,6.71174198579704,146,46320.836662735805,11387.850709750997,57708.687372486806,7017.5999999999985
998,984,183,43.50660166736775,34.21951219512195,8.643089430894308,11.454207317073166,60.0645325203252,26.459552845528464,68.80832463709328,150.58028455284554,969.7612364256934,55.0,10.199999999999992,12.680000000000014,72.0,576.4624256346661,155,6.07808910082184,21.0,6.400000000000006,9.73999999999999,51.0,5.71174198579704,146,42810.49604068986,12591.923408588069,55402.41944927793,6672.5999999999985
999,943,209,41.000224673428676,34.073170731707314,8.64475079533403,11.448950159066795,59.957051961823964,25.764793213149492,67.04832695230422,150.77094379639448,734.346531530578,55.0,10.199999999999992,12.680000000000014,71.5,575.4624256346661,155,6.430135437153322,21.0,6.400000000000006,9.73999999999999,51.0,4.71174198579704,147,38663.21186704324,14013.100333031583,52676.312200074826,6743.699999999998
1000,946,175,43.351827866945456,34.0,8.649577167019022,11.4476532769556,59.97198731501057,25.54608879492601,52.316566967952824,150.88900634249472,734.346531530578,55.0,10.199999999999992,12.680000000000014,71.5,465.56042741688805,155,5.539823394821022,21.0,6.400000000000006,9.73999999999999,51.0,3.7117419857970404,147,41010.8291621304,9155.399219391744,50166.228381522145,5395.399999999999
1001,929,162,41.66498780233623,34.06996770721206,8.629171151776104,11.443509149623264,59.97847147470398,25.70107642626483,58.29689778332833,150.95479009687836,734.346531530578,55.0,10.199999999999992,12.680000000000014,71.5,472.93258868515153,155,5.539823394821022,20.0,6.400000000000006,9.73999999999999,50.5,2.7117419857970404,147,38706.773668370355,9444.09744089919,48150.871109269545,6069.799999999998
1002,906,171,38.99187752125704,34.07726269315673,8.66136865342164,11.449139072847686,60.0364238410596,25.658388520971318,60.97479193589397,151.09602649006624,543.5072224231952,55.0,10.199999999999992,12.680000000000014,71.5,734.346531530578,155,5.539823394821022,20.0,6.400000000000006,9.73999999999999,50.5,6.261214266427445,147,35326.64103425888,10426.689421037869,45753.330455296746,6241.299999999998
1003,891,709,37.9297726429107,33.953984287317624,8.65028058361391,11.448282828282796,59.94332210998878,25.554769921436574,51.258896393002786,151.24803591470257,769.4828568190402,55.0,10.199999999999992,12.680000000000014,71.5,543.5072224231952,156,5.539823394821022,20.0,6.400000000000006,9.73999999999999,50.5,1.0,147,33795.42742483343,36342.55754263898,70137.98496747241,5840.5999999999985
1004,775,485,58.20310057787454,34.12,8.667225806451608,11.455458064516119,60.03290322580645,28.244000000000018,50.14759179303027,151.26709677419356,800.6046823399003,55.0,10.199999999999992,12.680000000000014,71.5,346.38071915181513,156,5.539823394821022,20.0,6.500000000000005,9.79999999999999,50.5,1.0,147,45107.40294785277,24321.582019619684,69428.98496747245,6108.899999999999
1005,883,717,43.71906993322568,34.07021517553794,8.69286523216307,11.474292185730468,60.15175537938845,23.117214043035116,54.256679571415354,151.55039637599094,800.6046823399003,53.0,10.299999999999992,12.740000000000014,71.5,769.4828568190402,156,5.289823394821022,20.0,6.500000000000005,9.79999999999999,50.5,1.0,147,38603.93875103828,38902.03925270481,77505.97800374309,5230.899999999999
1006,835,390,65.49616224150168,34.02275449101796,8.690059880239511,11.471305389221566,60.17245508982036,25.534131736526962,56.665852646382596,151.56646706586827,812.0227390571788,53.0,10.299999999999992,12.740000000000014,71.5,526.5131348923189,156,5.634955848705255,20.0,6.500000000000005,9.79999999999999,50.5,2.0,147,54689.2954716539,22099.682532089213,76788.97800374312,3463.699999999999
1007,1006,594,47.332424107838925,33.81809145129225,8.67992047713718,11.47159045725648,60.1699801192843,21.07992047713721,56.00431164968711,151.88469184890656,812.0227390571788,53.0,10.299999999999992,12.740000000000014,71.5,786.1297671067567,156,5.634955848705255,19.0,6.500000000000005,9.79999999999999,50.5,1.0,148,47616.41865248596,33266.56111991414,80882.97977240011,5693.299999999998
1008,932,295,66.47922724203823,33.812231759656655,8.67092274678112,11.466673819742498,60.14002145922747,23.453004291845478,62.136745704476084,151.91523605150215,813.4977934236935,53.0,10.299999999999992,12.740000000000014,71.5,524.5131348923189,156,5.634955848705255,19.0,6.500000000000005,9.79999999999999,50.5,1.0,148,61958.63978957963,18330.339982820446,80288.97977240008,4897.399999999999
1009,1059,541,49.49177877268803,33.711992445703494,8.672804532577901,11.46968838526914,60.111425873465535,20.976392823418326,60.40755794439816,152.21152030217186,812.0227390571788,53.0,10.299999999999992,12.740000000000014,71.5,523.5131348923189,157,6.116729348071111,19.0,6.500000000000005,9.919999999999991,50.0,1.0,148,52411.793720276626,32680.4888479194,85092.28256819602,7904.999999999997
1010,993,260,67.89141032196028,33.72809667673716,8.674320241691841,11.475166163142006,60.13041289023162,24.5532729103726,65.90427737880555,152.2588116817724,872.6920160744029,53.0,10.299999999999992,12.740000000000014,71.5,563.3217116879972,157,6.418389102602085,19.0,6.500000000000005,9.919999999999991,50.0,3.0,148,67416.17044970655,17135.112118489444,84551.282568196,5733.199999999999
1011,1119,481,50.27617748067194,33.67649687220733,8.665236818588026,11.46418230563004,60.0893655049151,21.925826630920444,66.84434277150683,152.54423592493296,436.34600803720144,53.0,10.299999999999992,12.740000000000014,72.0,562.3217116879972,157,6.209194551301042,19.0,6.500000000000005,9.919999999999991,50.0,1.0,149,56259.0426008719,32152.128873094785,88411.17147396668,7776.199999999998
1012,1015,249,67.83700613423339,33.55073891625616,8.668374384236447,11.456236453201972,60.09655172413793,23.825320197044345,76.60887649686674,152.61083743842366,436.34600803720144,53.0,10.299999999999992,12.740000000000014,72.0,561.3217116879972,157,6.673718619766547,19.0,6.600000000000005,9.919999999999991,50.0,1.0,149,68854.5612262469,19075.61024771982,87930.17147396671,5800.0999999999985
1013,1159,441,53.834675607580415,33.366695427092324,8.662812769629003,11.452200172562582,60.12165660051769,21.549094046591886,65.90764296321778,152.85504745470232,582.6563186074169,53.0,10.299999999999992,12.740000000000014,72.0,436.34600803720144,157,6.009483096588557,19.0,6.600000000000005,9.85999999999999,50.0,1.0,149,62394.3890291857,29065.270546779044,91459.65957596475,6993.5999999999985
1014,1065,240,69.92998289412095,33.350234741784035,8.664413145539916,11.447323943661988,60.135211267605634,24.06582159624412,68.93011580719147,152.89765258215962,587.0377800184335,53.0,10.299999999999992,12.740000000000014,72.0,395.8963706044733,157,6.009483096588557,19.0,6.600000000000005,9.85999999999999,50.0,1.0,149,74475.43178223881,16543.227793725953,91018.65957596476,6052.499999999998
1015,1183,417,55.14841042802297,33.361792054099745,8.655367709213877,11.4481994928149,60.07523245984785,22.261200338123412,68.48100861316844,153.08114961961115,566.2901299481437,53.0,10.299999999999992,12.800000000000015,72.0,587.0377800184335,157,6.009483096588557,19.0,6.600000000000005,9.85999999999999,50.0,1.0,149,65240.56953635118,28556.58059169124,93797.15012804241,7597.099999999998
1016,1083,211,68.88485052782791,33.253000923361036,8.662049861495849,11.455235457063743,60.04385964912281,24.798430286241903,88.9945829687434,153.12373037857802,507.0779519129831,53.0,10.299999999999992,12.800000000000015,72.0,586.0377800184335,157,6.009483096588557,19.0,6.600000000000005,9.85999999999999,50.0,1.0,149,74602.29312163762,18777.857006404858,93380.15012804247,6305.499999999998
1017,1203,397,58.3552598650103,33.41064006650041,8.660266001662517,11.462194513715733,60.13507896924356,23.13275145469657,66.20211319502235,153.29010806317538,612.0813116501062,53.0,10.399999999999991,12.800000000000015,72.0,585.0377800184335,157,6.538736008221592,20.0,6.600000000000005,9.85999999999999,49.5,3.0,149,70201.37761760739,26282.23893842387,96483.61655603125,7324.299999999997
1018,1094,235,70.19033825822535,33.354661791590495,8.649451553930549,11.454826325411354,60.20703839122486,26.209049360146263,82.12079362354426,153.32449725776965,667.6453348281209,52.0,10.399999999999991,12.800000000000015,72.0,605.1598979488258,157,6.678650659586825,20.0,6.600000000000005,9.85999999999999,49.5,2.0,149,76788.23005449853,19298.3865015329,96086.61655603143,7131.999999999998
1019,1174,426,57.80226898646257,33.28023850085179,8.63296422487223,11.438500851788788,60.1103066439523,24.852299829642284,75.30241076396197,153.52640545144803,837.8392772415407,52.0,10.399999999999991,12.800000000000015,72.0,667.6453348281209,158,6.09208771378771,20.0,6.600000000000005,9.85999999999999,49.5,1.0,149,67859.86379010706,32078.826985447802,99938.69077555486,7908.099999999998
1020,1052,245,74.46714777642518,33.48669201520912,8.621292775665392,11.448403041825111,60.20104562737642,27.36549429657796,86.42143393777799,153.56178707224333,837.8392772415407,52.0,10.399999999999991,12.800000000000015,72.0,780.0042265692118,158,6.09208771378771,20.0,6.600000000000005,9.85999999999999,49.5,3.0,149,78339.43946079929,21173.25131475561,99512.69077555489,6698.899999999999
1021,1146,454,58.17298778292031,33.33595113438045,8.645986038394419,11.459214659685884,60.25523560209424,23.503926701570684,76.65187769957768,153.8368237347295,655.1407582732238,52.0,10.299999999999992,12.800000000000015,72.5,837.8392772415407,158,5.536247253187958,19.0,6.600000000000005,9.85999999999999,49.5,1.0,149,66666.24399922667,34799.95247560827,101466.19647483494,6615.199999999998
1022,1068,211,75.31094753246816,33.35486891385768,8.647752808988757,11.45174157303372,60.23876404494382,26.01601123595502,97.53604033250703,153.87827715355806,795.2808220333897,52.0,10.299999999999992,12.800000000000015,72.5,836.8392772415407,158,5.536247253187958,19.0,6.600000000000005,9.85999999999999,49.5,3.0,150,80432.091964676,20580.104510158984,101012.19647483499,5126.799999999998
1023,1193,235,59.962968513251745,33.26655490360436,8.633948030176036,11.425230511316029,60.15842414082146,24.02984073763617,98.73969688769692,154.09639564124058,795.2808220333897,52.0,10.299999999999992,12.800000000000015,72.5,835.8392772415407,158,5.536247253187958,19.0,6.600000000000005,9.85999999999999,49.5,2.0,150,71535.82143630933,23203.828768608775,94739.6502049181,7726.699999999998
1024,1215,182,60.97121931023586,33.18024691358025,8.625843621399168,11.425481481481501,60.18518518518518,24.404526748971193,96.53404611837085,154.23539094650206,795.2808220333897,52.0,10.299999999999992,12.740000000000014,72.5,834.8392772415407,158,6.665837389150575,19.0,6.600000000000005,9.85999999999999,49.5,4.0,150,74080.03146193657,17569.196393543494,91649.22785548006,6353.699999999998
1025,1202,203,57.78224180359426,32.89517470881864,8.63103161397669,11.429584026622313,60.20299500831947,24.626871880199648,91.73315424562317,154.40016638935109,810.6097717045105,52.0,10.299999999999992,12.800000000000015,72.5,833.8392772415407,158,6.665837389150575,18.0,6.600000000000005,9.79999999999999,49.5,3.0,150,69454.2546479203,18621.830311861504,88076.0849597818,8380.899999999998
1026,1153,194,58.846973669473726,32.62792714657415,8.639375542064181,11.428378143972239,60.19947961838682,25.368863833477903,90.74639887765919,154.57935819601042,845.9913052878941,52.0,10.199999999999992,12.800000000000015,72.5,810.6097717045105,159,5.7870054821117325,18.0,6.600000000000005,9.79999999999999,49.5,2.0,151,67850.5606409032,17604.801382265883,85455.36202316909,7972.099999999998
1027,1161,174,56.38417838619024,32.63479758828596,8.629026701119729,11.413126614987071,60.208010335917315,25.694918173987922,94.84612467006349,154.67872523686478,868.9913052878941,52.0,10.199999999999992,12.800000000000015,72.5,509.76176411376366,159,5.7870054821117325,18.0,6.600000000000005,9.79999999999999,49.5,1.0,151,65462.03110636687,16503.225692591048,81965.25679895791,7461.299999999998
1028,1186,162,52.349762464615026,32.580944350758855,8.643170320404721,11.405885328836423,60.19182124789207,25.125632377740267,100.55891177178707,154.82883642495784,868.9913052878941,52.0,10.199999999999992,12.800000000000015,72.5,662.5903509934675,159,5.7870054821117325,18.0,6.500000000000005,9.79999999999999,49.5,3.6721202523408385,151,62086.81828303342,16290.543707029505,78377.36199006293,6321.699999999998
1029,1168,183,51.784360299736086,32.50342465753425,8.661130136986284,11.410496575342467,60.200770547945204,25.19280821917806,83.0629673578637,154.95719178082192,868.9913052878941,52.0,10.199999999999992,12.800000000000015,72.5,671.1793318789416,160,5.7870054821117325,18.0,6.500000000000005,9.79999999999999,50.0,5.869121945518706,151,60484.132830091745,15200.523026489056,75684.6558565808,7436.799999999998
1030,1155,177,49.24911822458292,32.46320346320346,8.665541125541127,11.406025974025972,60.14372294372294,25.626493506493528,90.13727142307798,155.0891774891775,681.7533428431651,52.0,10.199999999999992,12.800000000000015,72.5,868.9913052878941,160,5.344393635238289,18.0,6.500000000000005,9.79999999999999,50.0,5.894435554920154,151,56882.73154939328,15954.297041884802,72837.02859127808,7497.699999999998
1031,1115,191,50.52156309157445,32.34170403587444,8.673542600896848,11.410959641255616,60.199551569506724,26.462152466367726,72.3566425206291,155.2188340807175,880.0753908339584,52.0,10.199999999999992,12.860000000000015,72.5,520.4054354625,160,5.344393635238289,18.0,6.500000000000005,9.79999999999999,50.0,4.894435554920154,152,56331.54284710551,13820.118721440156,70151.66156854566,8198.799999999997
1032,1078,201,47.15005889465578,32.173469387755105,8.658256029684605,11.39996289424862,60.19712430426716,26.91113172541746,84.15258348744932,155.30983302411875,849.2504035732114,52.0,10.199999999999992,12.860000000000015,72.5,880.0753908339584,160,5.344393635238289,18.0,6.500000000000005,9.79999999999999,49.5,4.753534691931694,152,50827.763488438926,16914.669280977312,67742.43276941623,7589.099999999998
1033,1050,213,45.715341694465096,32.12190476190476,8.665809523809523,11.40971428571428,60.25142857142857,26.916000000000036,81.66398363979708,155.44857142857143,681.7533428431651,52.0,10.299999999999992,12.860000000000015,72.5,1103.1772464747794,160,5.344393635238289,18.0,6.500000000000005,9.79999999999999,49.5,6.861736232126547,152,48001.10877918835,17394.428515276777,65395.537294465124,7648.199999999998
1034,1024,205,46.273990755839556,31.8681640625,8.670410156249993,11.404882812500006,60.2734375,26.933886718750006,74.40077555396554,155.634765625,902.2435619260871,52.0,10.299999999999992,12.800000000000015,72.5,1102.1772464747794,160,5.344393635238289,18.0,6.500000000000005,9.79999999999999,49.5,7.323746859458781,152,47384.566533979705,15252.158988562936,62636.72552254264,6807.199999999998
1035,1009,215,46.46548463620627,31.817641228939543,8.66432111000989,11.41702675916749,60.28989098116948,26.762140733399416,59.561607615492825,155.82358771060456,1145.3279182601993,51.0,10.299999999999992,12.800000000000015,72.5,680.5547199495005,160,5.344393635238289,18.0,6.500000000000005,9.79999999999999,49.0,6.453176409165981,152,46883.67399793213,12805.745637330958,59689.41963526308,7331.499999999998
1036,1008,207,41.154142632161715,31.956349206349206,8.682539682539664,11.429107142857138,60.43501984126984,26.32281746031744,76.07695831966764,155.9702380952381,902.2435619260871,51.0,10.299999999999992,12.800000000000015,72.5,1145.3279182601993,161,5.344393635238289,18.0,6.500000000000005,9.79999999999999,49.0,5.453176409165981,152,41483.375773219006,15747.9303721712,57231.306145390205,6492.699999999999
1037,986,214,41.01753522961126,32.01622718052738,8.694624746450296,11.422738336713996,60.43204868154158,25.288336713995946,64.87048301358071,156.13083164300204,1177.0053769052088,51.0,10.299999999999992,12.800000000000015,73.0,902.2435619260871,161,5.344393635238289,18.0,6.500000000000005,9.79999999999999,49.0,5.505730146063611,152,40443.289736396706,13882.28336490627,54325.57310130297,6221.399999999999
1038,999,159,43.0207172993416,31.964964964964963,8.695295295295281,11.425765765765767,60.41641641641642,25.72102102102103,54.94997900724623,156.3063063063063,1177.0053769052088,51.0,10.299999999999992,12.800000000000015,73.0,679.7533428431651,161,5.344393635238289,18.0,6.500000000000005,9.79999999999999,49.0,4.755653153526182,152,42977.696582042256,8737.04666215215,51714.743244194404,5971.899999999999
1039,1001,162,39.812519691118034,31.785214785214784,8.697902097902084,11.427252747252737,60.36063936063936,25.44395604395607,57.708098352549435,156.47152847152847,1177.0053769052088,50.0,10.299999999999992,12.800000000000015,73.0,678.7533428431651,161,5.344393635238289,18.0,6.500000000000005,9.79999999999999,49.0,3.7556531535261817,152,39852.33221080915,9348.711933113009,49201.04414392216,6322.399999999999
1040,1000,142,36.95862472931226,31.571,8.71309999999999,11.432960000000001,60.2975,26.460099999999983,72.59928861205425,156.666,1177.0053769052088,50.0,10.299999999999992,12.800000000000015,73.0,921.7672681573881,162,5.344393635238289,18.0,6.500000000000005,9.79999999999999,49.0,5.211346461792681,152,36958.624729312265,10309.098982911704,47267.72371222397,6721.299999999998
1041,952,178,35.38972173928944,31.49579831932773,8.724894957983189,11.434306722689069,60.32142857142857,27.03855042016803,66.29361192612265,156.83508403361344,520.1717436668257,49.0,10.299999999999992,12.800000000000015,73.0,1177.0053769052088,162,5.344393635238289,18.0,6.700000000000005,9.79999999999999,49.0,6.212445221314111,152,33691.01509580355,11800.262922849832,45491.278018653386,7746.499999999998
1042,920,191,34.90075146398337,31.51304347826087,8.741195652173904,11.43676086956523,60.38097826086957,27.545978260869532,60.763397673824,156.97282608695653,501.8621496608054,49.0,10.299999999999992,12.860000000000015,73.0,1176.0053769052088,162,5.344393635238289,18.0,7.100000000000003,9.79999999999999,49.0,6.26228328926155,152,32108.691346864696,11605.808955700384,43714.50030256508,7025.899999999998
1043,875,725,33.68042337942443,31.507428571428573,8.724228571428563,11.432411428571418,60.305142857142854,27.570400000000024,51.55702415351859,157.10171428571428,1002.2022346552085,49.0,10.299999999999992,12.860000000000015,73.0,1175.0053769052088,162,5.344393635238289,18.0,7.100000000000003,9.85999999999999,49.0,1.0,153,29470.37045699638,37378.84251130098,66849.21296829736,6530.199999999998
1044,761,490,53.92481261589173,31.35216819973719,8.740998685939546,11.428278580814705,60.30026281208936,29.79250985545334,51.1988378930689,157.1957950065703,1301.5217611238454,49.0,10.299999999999992,12.860000000000015,72.0,917.7672681573881,162,6.008986734106871,18.0,7.100000000000003,9.85999999999999,49.0,1.0,153,41036.782400693606,25087.43056760376,66124.21296829736,5494.299999999998
1045,892,708,43.648093303513505,31.248878923766817,8.759865470852022,11.427600896860993,60.23094170403587,24.332735426008952,51.341110098490134,157.45291479820628,1301.5217611238454,49.0,10.399999999999991,12.860000000000015,72.0,916.7672681573881,162,5.5654532008329465,18.0,7.100000000000003,9.85999999999999,49.0,1.0,153,38934.09922673405,36349.505949731014,75283.60517646506,4394.299999999998
1046,811,432,61.87201432837472,31.25030826140567,8.771763255240437,11.435092478421698,60.30517879161529,25.83859432799016,56.475466565169434,157.48088779284834,1301.5217611238454,49.0,10.399999999999991,12.860000000000015,72.0,915.7672681573881,162,5.5654532008329465,18.0,7.100000000000003,9.85999999999999,49.0,1.0,153,50178.2036203119,24397.401556153196,74575.60517646509,3892.599999999999
1047,952,648,46.2855757329386,31.17121848739496,8.758403361344547,11.430714285714274,60.269432773109244,20.69737394957984,54.88189727800624,157.75840336134453,1301.5217611238454,49.0,10.399999999999991,12.860000000000015,71.5,500.8621496608054,163,5.24763368243033,18.0,7.100000000000003,9.85999999999999,49.0,1.0,153,44063.86809775754,35563.46943614804,79627.33753390558,5591.299999999998
1048,888,341,66.14038511351794,31.25225225225225,8.735360360360353,11.430337837837833,60.248873873873876,22.730067567567573,59.374415111735274,157.78153153153153,1301.5217611238454,49.0,10.399999999999991,12.860000000000015,71.5,333.4994085263095,163,5.5654532008329465,18.0,7.100000000000003,9.85999999999999,49.0,1.0,153,58732.66198080393,20246.67555310173,78979.33753390567,4078.0999999999985
1049,1062,538,46.945729560916014,31.22975517890772,8.724670433145,11.431807909604501,60.21092278719397,20.235028248587586,60.74923818594005,158.0235404896422,563.1001481012261,50.0,10.399999999999991,12.920000000000016,72.0,922.9308157677647,164,5.008573179767955,17.0,7.0000000000000036,9.85999999999999,49.0,1.0,153,49856.36479369281,32683.09014403575,82539.45493772856,6268.499999999998
1050,987,264,64.76357581924728,31.24113475177305,8.723404255319146,11.435258358662628,60.212765957446805,22.933029381965547,68.48411213686133,158.05065856129687,663.8998176334279,50.0,10.399999999999991,12.920000000000016,72.0,921.9308157677647,164,5.008573179767955,17.0,7.0000000000000036,9.85999999999999,49.0,1.0,153,63921.64933359706,18079.80560413139,82001.45493772844,5378.399999999999
1051,1151,449,49.22968657438218,31.330147697654215,8.710686359687216,11.433970460469169,60.12076455256299,20.828496959165914,65.27969850726787,158.26238053866203,563.1001481012261,50.0,10.399999999999991,12.920000000000016,72.0,920.9308157677647,164,5.008573179767955,17.0,7.0000000000000036,9.85999999999999,49.0,1.0,153,56663.369247113886,29310.58462976327,85973.95387687716,7111.199999999998
1052,1057,221,64.41608604727085,31.40681173131504,8.714947965941345,11.43918637653737,60.088457899716175,23.09318826868492,78.90113540684159,158.32450331125827,513.3930116142482,50.0,10.399999999999991,12.920000000000016,72.0,919.9308157677647,164,5.508573179767955,17.0,7.0000000000000036,9.85999999999999,49.0,4.0,153,68087.80295196529,17437.15092491199,85524.95387687729,5901.699999999998
1053,1198,402,51.29550268160773,31.5559265442404,8.73038397328881,11.438330550918204,60.092237061769616,22.022203672787978,65.93895223472437,158.567612687813,928.7438980513806,50.0,10.399999999999991,12.920000000000016,72.0,562.1001481012261,164,5.508573179767955,17.0,7.0000000000000036,9.85999999999999,49.5,1.0,154,61452.01221256606,26507.458798359195,87959.47101092525,7762.899999999998
1054,1083,238,65.74057552125765,31.655586334256693,8.7101569713758,11.432853185595565,60.06094182825485,24.902031394275163,68.74129294707228,158.56417359187444,928.7438980513806,50.0,10.399999999999991,12.920000000000016,72.0,409.216985389941,163,5.508573179767955,17.0,7.0000000000000036,9.85999999999999,49.5,1.0,154,71197.04328952204,16360.427721403204,87557.47101092525,7436.099999999998
1055,1145,455,53.98181997604331,31.65764192139738,8.71004366812226,11.425240174672497,60.06550218340611,23.522620087336225,66.80127978314944,158.7650655021834,928.7438980513806,50.0,10.399999999999991,12.920000000000016,72.0,468.22266656306084,164,5.229899264130949,17.0,7.0000000000000036,9.85999999999999,49.5,1.0,154,61809.18387256959,30394.582301332994,92203.76617390258,8219.099999999999
1056,1050,220,69.39407971327411,31.717142857142857,8.706095238095239,11.416171428571436,60.026666666666664,26.50209523809523,85.84082943165855,158.78,598.9374924163391,50.0,10.399999999999991,12.920000000000016,72.0,928.7438980513806,164,5.508573179767955,17.0,7.0000000000000036,9.919999999999991,49.5,1.0,154,72863.78369893781,18884.98247496488,91748.7661739027,6341.499999999998
