Turn,#animals,#food,avgAE,avgET,avgH,avgV,avgML,avgL,avgFE,avgGen,maxAE,maxET,maxH,maxV,maxML,maxFE,maxGen,minAE,minET,minH,minV,minML,minFE,minGen,totalAE,totalFE,totalE,totalCombat
0,100,600,12.4425,49.77,4.66,12.0,24.11,0.0,49.751666666666665,0.0,24.75,99.0,9.0,14.0,49.0,99.0,0,0.5,2.0,1.0,10.0,1.0,1.0,0,1244.25,29851.0,31095.25,0.0
1,97,1135,50.94845360824742,49.608247422680414,4.680412371134021,12.02061855670103,24.75257731958763,1.8556701030927836,49.16057268722467,0.0,119.25,99.0,9.0,14.0,49.0,99.0,0,2.25,2.0,1.0,10.0,2.0,1.0,0,4942.0,55797.25,60739.25,90.0
2,123,1110,49.83130081300813,47.53658536585366,4.833333333333334,12.047804878048781,24.630081300813007,2.5447154471544717,48.254954954954954,0.24390243902439024,175.0,99.0,9.1,14.06,49.0,98.0,1,2.25,2.0,0.9,9.94,2.0,1.0,0,6129.25,53563.0,59692.25,130.0
3,147,1074,52.46938775510204,45.993197278911566,4.834693877551022,11.985170068027212,25.282312925170068,2.707482993197279,47.76815642458101,0.4489795918367347,175.75,99.0,9.1,14.06,49.5,112.5,2,2.25,2.0,0.9,9.94,2.0,1.0,0,7713.0,51303.0,59016.0,137.0
4,184,1037,51.44590692934783,44.80978260869565,5.053260869565219,11.954565217391309,24.839673913043477,3.2467391304347823,47.18322082931533,0.6358695652173914,175.0,99.0,9.1,14.06,49.5,126.25,2,2.25,1.0,0.9,9.879999999999999,2.0,0.25,0,9466.046875,48929.0,58395.046875,199.3
5,224,1000,52.379464285714285,43.982142857142854,5.017410714285712,11.916428571428574,25.258928571428573,3.702232142857143,46.0908125,0.84375,175.0,99.0,9.1,14.120000000000001,49.5,125.25,3,2.25,1.0,0.9,9.879999999999999,2.0,1.0,0,11733.0,46090.8125,57823.8125,241.6
6,281,969,46.9162449955516,43.51601423487544,5.17544483985765,11.862989323843422,25.941281138790035,3.620640569395018,45.271042956656345,1.0818505338078293,184.125,99.0,9.2,14.120000000000001,49.5,125.5,4,0.70703125,1.0,0.9,9.879999999999999,1.5,0.25,0,13183.46484375,43867.640625,57051.10546875,323.8
7,328,909,49.51622939691311,40.829268292682926,5.117682926829266,11.817317073170736,25.934451219512194,4.317682926829268,44.806672854785475,1.274390243902439,184.125,99.0,9.2,14.06,50.0,193.59375,4,1.37890625,1.0,0.9,9.879999999999999,1.0,0.5,0,16241.3232421875,40729.265625,56970.5888671875,506.2
8,371,853,49.457207610343666,39.77088948787062,5.165768194070078,11.797088948787065,26.36388140161725,5.731536388140163,45.463552351992966,1.4797843665768193,184.125,99.0,9.299999999999999,14.120000000000001,50.0,192.59375,4,1.134765625,1.0,0.8,9.819999999999999,1.5,0.5,0,18348.6240234375,38780.41015625,57129.0341796875,936.2
9,406,785,49.6946967364532,38.977832512315274,5.0216748768472925,11.779852216748766,26.332512315270936,6.39408866995074,44.42400850915605,1.6773399014778325,231.78125,99.0,9.299999999999999,14.120000000000001,50.0,191.59375,4,0.5673828125,1.0,0.8,9.819999999999999,1.5,0.4140625,0,20176.046875,34872.8466796875,55048.8935546875,1167.1000000000001
10,451,710,48.26130733786031,39.04434589800444,5.059866962305986,11.798669623059862,26.771618625277164,7.154988913525505,43.69050189810739,1.869179600886918,231.78125,99.0,9.299999999999999,14.120000000000001,50.0,190.59375,5,0.28369140625,1.0,0.8,9.819999999999999,1.5,0.75,0,21765.849609375,31020.25634765625,52786.10595703125,1241.6
11,467,637,47.84555308568656,39.58886509635974,5.045396145610277,11.807794432548187,27.593147751605997,7.865096359743048,44.34479478389914,2.012847965738758,231.78125,99.0,9.299999999999999,14.120000000000001,50.0,189.59375,5,1.446533203125,1.0,0.8,9.879999999999999,2.0,0.134765625,0,22343.873291015625,28247.63427734375,50591.507568359375,1455.5
12,473,586,47.374935996960886,39.780126849894295,5.099154334038057,11.895179704016908,28.76215644820296,8.622198731501054,44.870638798528155,2.1501057082452433,231.78125,99.0,9.399999999999999,14.120000000000001,50.0,188.59375,5,1.05322265625,1.0,0.8,9.819999999999999,2.0,0.26953125,0,22408.3447265625,26294.1943359375,48702.5390625,1666.8
13,483,534,45.1443140254998,39.72463768115942,5.240372670807457,11.89834368530021,29.27225672877847,9.309109730848858,46.80815758865871,2.298136645962733,175.6171875,99.0,9.399999999999999,14.180000000000001,50.0,231.78125,5,1.05322265625,1.0,0.8,9.819999999999999,2.0,0.83203125,0,21804.703674316406,24995.55615234375,46800.259826660156,1668.5
14,527,478,43.71256217015536,39.12903225806452,5.274952561669827,11.935294117647057,29.852941176470587,9.503225806451619,45.50783497319561,2.4648956356736242,270.17578125,99.0,9.399999999999999,14.180000000000001,50.0,186.59375,6,1.05322265625,1.0,0.7000000000000001,9.759999999999998,2.0,0.53125,0,23036.520263671875,21752.7451171875,44789.265380859375,1552.4
15,540,417,45.30334444399233,38.23148148148148,5.336111111111113,11.950037037037038,30.21851851851852,10.029999999999998,44.8160497724867,2.6203703703703702,209.958984375,99.0,9.399999999999999,14.180000000000001,50.0,234.94921875,6,0.8671875,2.0,0.7000000000000001,9.759999999999998,2.0,0.3671875,0,24463.80599975586,18688.292755126953,43152.09875488281,1680.8
16,559,392,42.82398072380926,37.685152057245084,5.3928443649373845,11.973202146690515,31.191413237924866,10.923613595706625,43.83280983749701,2.821109123434705,219.5859375,99.0,9.299999999999999,14.180000000000001,50.5,233.94921875,6,0.8671875,2.0,0.6000000000000001,9.759999999999998,2.5,0.05322265625,0,23938.605224609375,17182.461456298828,41121.0666809082,2104.1
17,572,337,42.63516677509654,37.01398601398601,5.46888111888112,11.987202797202814,31.257867132867133,11.214860139860145,44.74217269399399,3.0174825174825175,211.26171875,99.0,9.299999999999999,14.180000000000001,50.5,232.94921875,7,0.8671875,2.0,0.6000000000000001,9.699999999999998,2.5,0.446533203125,0,24387.315395355225,15078.112197875977,39465.4275932312,1984.8
18,587,316,38.00960566116151,37.19761499148211,5.589437819420783,12.033083475298124,31.56899488926746,11.71005110732539,48.13661329052116,3.192504258943782,199.6796875,99.0,9.299999999999999,14.180000000000001,50.5,231.94921875,7,0.8671875,2.0,0.6000000000000001,9.699999999999998,2.5,0.130859375,0,22311.638523101807,15211.169799804688,37522.808322906494,2165.3
19,588,280,38.05824447651299,37.273809523809526,5.619897959183676,12.05346938775511,31.637755102040817,11.938265306122439,48.63208441053118,3.336734693877551,211.59716796875,99.0,9.299999999999999,14.180000000000001,50.5,230.94921875,7,0.9053001403808594,2.0,0.6000000000000001,9.699999999999998,2.5,0.48480224609375,0,22378.247752189636,13616.98363494873,35995.23138713837,2269.5
20,564,278,37.87928099327899,37.28191489361702,5.67854609929078,12.071950354609944,32.843971631205676,11.951773049645388,48.051489195377705,3.4468085106382977,232.68118286132812,99.0,9.299999999999999,14.240000000000002,50.5,229.94921875,7,0.5599813461303711,2.0,0.6000000000000001,9.699999999999998,2.5,0.719940185546875,0,21363.91448020935,13358.313996315002,34722.22847652435,2143.2
21,566,235,39.76214122772217,37.80035335689046,5.75759717314488,12.098197879858668,33.50795053003534,12.70865724381626,46.23701028620943,3.5282685512367493,259.13671875,99.0,9.299999999999999,14.240000000000002,50.5,208.26171875,7,0.5599813461303711,2.0,0.6000000000000001,9.759999999999998,2.5,0.10691070556640625,0,22505.371934890747,10865.697417259216,33371.06935214996,1873.0
22,550,226,38.84461689082059,37.64545454545455,5.6521818181818215,12.106763636363645,33.981818181818184,13.455818181818183,47.45177307382094,3.6636363636363636,259.13671875,99.0,9.299999999999999,14.240000000000002,50.5,225.53251838684082,7,0.5599813461303711,2.0,0.6000000000000001,9.759999999999998,2.5,0.790283203125,1,21364.539289951324,10724.100714683533,32088.640004634857,2537.3
23,531,238,36.6845278870139,37.71374764595104,5.678531073446329,12.113483992467046,34.536723163841806,13.596233521657254,46.96784493101745,3.8625235404896423,259.13671875,99.0,9.399999999999999,14.240000000000002,50.5,247.4320068359375,7,0.5599813461303711,2.0,0.6000000000000001,9.759999999999998,5.0,0.10250568389892578,1,19479.48430800438,11178.347093582153,30657.831401586533,2399.2
24,534,206,36.23807913399814,37.21161048689139,5.68183520599251,12.09505617977528,35.04775280898876,13.921535580524344,48.59777174875574,4.022471910112359,259.13671875,99.0,9.399999999999999,14.240000000000002,50.5,246.4320068359375,7,0.5599813461303711,2.0,0.6000000000000001,9.759999999999998,5.5,0.2138214111328125,1,19351.134257555008,10011.140980243683,29362.27523779869,1959.2
25,529,202,36.070795691531636,36.20226843100189,5.676748582230629,12.097013232514177,35.41304347826087,13.473913043478248,44.235215470342354,4.217391304347826,245.28019905090332,99.0,9.399999999999999,14.300000000000002,50.5,245.4320068359375,8,0.5599813461303711,2.0,0.6000000000000001,9.94,5.5,0.02734375,1,19081.450920820236,8935.513525009155,28016.96444582939,2261.6
26,506,189,37.59166455787161,36.72134387351779,5.730830039525696,12.125494071146251,35.887351778656125,14.72292490118576,41.89605134000223,4.294466403162056,265.3079833984375,99.0,9.399999999999999,14.300000000000002,50.5,251.21044921875,8,1.0128936767578125,2.0,0.8,9.94,8.5,0.5599813461303711,1,19021.382266283035,7918.353703260422,26939.735969543457,2279.0
27,474,190,37.43971528534145,36.08016877637131,5.754430379746841,12.14417721518988,36.62447257383966,16.22341772151898,43.39458669486799,4.493670886075949,271.029296875,99.0,9.399999999999999,14.300000000000002,50.5,250.21044921875,8,1.0128936767578125,2.0,0.7000000000000001,9.94,8.5,0.3128395080566406,1,17746.425045251846,8244.971472024918,25991.396517276764,2727.5
28,449,192,36.83376326951259,36.10022271714922,5.74476614699332,12.16325167037862,37.295100222717146,15.81469933184854,43.581438894073166,4.636971046770602,297.88763427734375,98.0,9.499999999999998,14.300000000000002,50.5,265.3079833984375,9,1.0128936767578125,2.0,0.7000000000000001,9.94,8.0,0.23992538452148438,2,16538.35970801115,8367.636267662048,24905.9959756732,2213.8
29,460,168,36.40889412138773,34.6695652173913,5.723043478260872,12.168391304347834,37.65217391304348,15.872173913043483,41.3574087704931,4.808695652173913,271.029296875,98.0,9.499999999999998,14.300000000000002,50.5,264.3079833984375,9,1.4130239486694336,1.0,0.7000000000000001,9.94,8.5,0.42221832275390625,2,16748.091295838356,6948.044673442841,23696.135969281197,1642.8
30,449,169,35.74700344000468,33.928730512249444,5.740534521158133,12.143296213808476,38.19710467706013,15.254342984409798,38.8380138189835,5.013363028953229,228.528076171875,98.0,9.499999999999998,14.300000000000002,50.5,263.3079833984375,9,0.846972793340683,1.0,0.7000000000000001,9.94,9.5,0.10630035400390625,2,16050.404544562101,6563.624335408211,22614.028879970312,1803.8
31,453,144,34.72245921309684,34.15673289183223,5.740618101545253,12.125607064017675,38.38852097130243,16.278587196467992,40.32620807281799,5.150110375275938,389.7540190219879,98.0,9.499999999999998,14.300000000000002,50.5,152.93749237060547,9,0.846972793340683,1.0,0.7000000000000001,9.94,9.5,0.734375,2,15729.274023532867,5806.97396248579,21536.247986018658,1827.6
32,433,161,32.12033087899586,33.44572748267898,5.711547344110854,12.091732101616639,38.800230946882216,16.09815242494226,42.11821621286202,5.355658198614319,222.35183715820312,98.0,9.499999999999998,14.300000000000002,50.5,389.7540190219879,10,0.7065119743347168,1.0,0.7000000000000001,9.94,9.5,0.3532559871673584,2,13908.103270605206,6781.032810270786,20689.136080875993,2285.1
33,425,154,31.189221379493965,33.32235294117647,5.841647058823526,12.082776470588243,39.396470588235296,15.600235294117642,42.36283951997757,5.529411764705882,222.35183715820312,98.0,9.499999999999998,14.360000000000003,50.5,388.7540190219879,11,0.7065119743347168,1.0,0.7000000000000001,9.94,11.0,0.4130239486694336,2,13255.419086284935,6523.877286076546,19779.29637236148,1703.9
34,427,141,29.810902160245586,33.749414519906324,5.865339578454331,12.079250585480105,39.79391100702576,15.764637002341916,43.432743986447655,5.646370023419204,177.9628677368164,98.0,9.499999999999998,14.360000000000003,50.5,387.7540190219879,11,0.7065119743347168,1.0,0.7000000000000001,9.94,11.0,0.455230712890625,2,12729.255222424865,6124.016902089119,18853.272124513984,1752.8
35,424,130,29.342901222117877,32.719339622641506,5.839150943396218,12.05981132075473,40.48231132075472,15.99268867924528,43.500913240703255,5.77122641509434,231.3819990158081,98.0,9.499999999999998,14.360000000000003,50.5,386.7540190219879,11,0.6322571039199829,1.0,0.7000000000000001,9.94,11.0,0.6784462928771973,2,12441.39011817798,5655.118721291423,18096.508839469403,1748.6
36,423,132,27.36445297085929,31.83451536643026,5.8574468085106375,12.05716312056738,40.505910165484636,15.9260047281324,42.65504823071939,5.966903073286052,211.8509533405304,98.0,9.399999999999999,14.360000000000003,50.5,385.7540190219879,11,0.6322571039199829,1.0,0.7000000000000001,9.94,16.0,1.277693748474121,2,11575.163606673479,5630.466366454959,17205.629973128438,2089.6
37,419,120,27.511057441013918,30.799522673031028,5.826491646778047,12.057040572792381,40.472553699284006,15.854415274463005,41.46772586889565,6.100238663484487,213.62664604187012,96.0,9.399999999999999,14.360000000000003,50.5,384.7540190219879,11,0.6322571039199829,1.0,0.7000000000000001,9.94,21.0,0.2776937484741211,2,11527.133067784831,4976.127104267478,16503.26017205231,1621.8
38,419,111,27.74436004045764,30.386634844868734,5.87040572792363,12.077995226730327,40.53579952267303,15.958472553699302,37.595162485633885,6.236276849642005,212.54944467544556,96.0,9.399999999999999,14.360000000000003,50.5,383.7540190219879,11,0.6322571039199829,1.0,0.8,9.94,21.0,0.36881256103515625,2,11624.88685695175,4173.063035905361,15797.949892857112,1662.0
39,406,106,28.900756505978627,29.482758620689655,5.939901477832513,12.109852216748784,40.6884236453202,16.451231527093583,32.48030874301802,6.357142857142857,388.5615762807429,96.0,9.499999999999998,14.360000000000003,50.5,142.56205892562866,11,0.846972793340683,1.0,0.8,9.94,21.0,0.4130239486694336,3,11733.707141427323,3442.9127267599106,15176.619868187234,1780.4
40,394,111,27.079305526092508,28.738578680203045,5.955076142131979,12.116903553299503,40.911167512690355,16.698984771573613,34.77804309000504,6.520304568527918,388.5615762807429,96.0,9.499999999999998,14.360000000000003,50.5,166.45944595336914,12,0.846972793340683,1.0,0.8,9.94,21.0,1.2645142078399658,3,10669.246377280448,3860.36278299056,14529.609160271008,1846.3
41,390,103,26.207333951789696,28.382051282051282,5.951025641025645,12.125589743589751,41.16410256410256,16.495384615384612,35.85831784686634,6.5948717948717945,388.5615762807429,96.0,9.499999999999998,14.360000000000003,50.5,165.45944595336914,12,0.7915186043828726,1.0,0.8,9.94,20.5,0.2645142078399658,3,10220.860241197981,3693.4067382272333,13914.266979425214,1439.8
42,390,91,26.092349669392792,27.81025641025641,5.9892307692307725,12.143948717948726,41.2474358974359,16.434871794871793,34.96073063002429,6.764102564102564,388.5615762807429,96.0,9.499999999999998,14.360000000000003,50.0,187.07007598876953,12,0.7915186043828726,1.0,0.8,9.94,20.0,1.4184761047363281,3,10176.01637106319,3181.42648733221,13357.4428583954,1458.1
43,381,99,23.77845830236057,26.611548556430446,6.070341207349079,12.16682414698163,41.300524934383205,17.346719160104975,38.779363324470594,6.958005249343832,207.84910416603088,96.0,9.499999999999998,14.360000000000003,50.0,388.5615762807429,12,0.8492456674575806,1.0,0.8,10.0,20.0,0.846972793340683,4,9059.592613199377,3839.1569691225886,12898.749582321965,1836.0
44,356,113,23.189079070148868,25.47752808988764,6.089044943820226,12.1441573033708,41.662921348314605,16.97837078651686,36.903396851997165,7.151685393258427,152.31877334415913,96.0,9.499999999999998,14.360000000000003,50.0,390.69085467234254,12,0.8492456674575806,1.0,0.8,10.0,20.0,0.5837621688842773,4,8255.312148972997,4170.083844275679,12425.395993248676,1692.0
45,355,103,21.842987220697957,25.03943661971831,6.12985915492958,12.1765633802817,41.595774647887325,16.467887323943657,39.392517774198566,7.304225352112676,155.7018060684204,95.0,9.499999999999998,14.360000000000003,50.0,389.69085467234254,13,0.8492456674575806,1.0,0.8,10.0,20.5,0.9666033983230591,4,7754.260463347775,4057.4293307424523,11811.689794090227,1373.7
46,370,85,21.53721008606985,24.221621621621622,6.151891891891889,12.225405405405404,41.858108108108105,16.534054054054064,38.79184129091035,7.537837837837838,152.31877334415913,95.0,9.499999999999998,14.420000000000003,50.0,388.69085467234254,14,0.42267187940888107,1.0,0.8,10.0,20.5,0.5965272188186646,4,7968.7677318458445,3297.3065097273793,11266.074241573224,1277.4
47,358,88,21.270328052589484,24.19832402234637,6.199720670391057,12.197541899441351,42.42458100558659,17.236592178770966,36.756905555955285,7.687150837988827,230.66165804862976,95.0,9.399999999999999,14.420000000000003,50.0,387.69085467234254,14,0.42267187940888107,1.0,0.8,10.0,26.0,0.8492456674575806,4,7614.777442827035,3234.607688924065,10849.3851317511,1715.3
48,341,90,21.933805612099984,23.234604105571847,6.095601173020528,12.164105571847522,42.733137829912025,17.978299120234613,33.56494730198885,7.797653958944282,394.5271744939964,85.0,9.399999999999999,14.420000000000003,50.0,154.4598023891449,14,0.42267187940888107,1.0,0.8,10.579999999999997,29.5,0.873640775680542,4,7479.427713726094,3020.8452571789967,10500.272970905091,1728.7
49,325,88,22.91566220394255,23.526153846153846,6.071692307692306,12.082584615384622,42.93846153846154,17.982769230769236,30.166599794387533,7.876923076923077,394.5271744939964,85.0,9.399999999999999,14.360000000000003,49.5,153.4598023891449,14,0.8266394734382629,1.0,0.8,10.519999999999996,29.5,1.3017883449792862,4,7447.590216281329,2654.660781906103,10102.250998187432,1541.4
50,315,99,22.02455741195692,24.428571428571427,5.977142857142856,12.058730158730164,42.94761904761905,17.84190476190476,26.542780516660336,7.920634920634921,394.5271744939964,85.0,9.399999999999999,14.360000000000003,49.5,152.4598023891449,12,0.728493663482368,1.0,0.8,10.519999999999996,29.5,0.3017883449792862,4,6937.735584766429,2627.735271149373,9565.470855915803,1358.8
51,312,78,22.70309463339401,24.375,6.058974358974356,12.093076923076929,43.01442307692308,18.0525641025641,27.200257996648688,8.051282051282051,394.5271744939964,85.0,9.399999999999999,14.420000000000003,49.5,100.49690756201744,12,0.728493663482368,1.0,0.8,10.519999999999996,29.5,0.8000647723674774,5,7083.36552561893,2121.6201237385976,9204.985649357528,1099.9
52,291,97,20.038581557913457,24.388316151202748,6.0948453608247375,12.100068728522345,43.17697594501718,17.55910652920963,31.506881313962854,8.25085910652921,230.66165804862976,85.0,9.399999999999999,14.420000000000003,49.5,394.5271744939964,12,0.728493663482368,1.0,0.8,10.519999999999996,29.0,0.608439374685986,5,5831.227233352816,3056.167487454397,8887.394720807213,1324.6
53,299,76,20.839847869451628,24.82943143812709,6.1525083612040055,12.12013377926423,43.23745819397993,17.875250836120397,28.977440166071908,8.357859531772576,173.67173525691032,85.0,9.399999999999999,14.420000000000003,49.5,393.5271744939964,13,0.8266394734382629,1.0,0.8,10.519999999999996,29.0,0.456987326964736,5,6231.114512966036,2202.285452621465,8433.399965587501,948.0
54,293,82,19.242245160232688,23.559726962457336,6.08327645051194,12.019044368600689,43.6382252559727,17.507167235494876,30.050032372976936,8.508532423208191,173.67173525691032,85.0,9.399999999999999,14.420000000000003,49.5,392.5271744939964,14,0.304219687342993,1.0,0.8,10.519999999999996,29.0,0.18482417473569512,5,5637.9778319481775,2464.1026545841087,8102.080486532286,1077.6
55,290,66,20.517275329038327,23.851724137931033,6.17379310344827,12.034413793103454,43.758620689655174,17.48758620689655,26.903393638040914,8.60344827586207,403.1473400078248,85.0,9.399999999999999,14.420000000000003,49.5,131.5817794315517,14,0.304219687342993,1.0,0.8,10.519999999999996,29.0,0.5632686614990234,5,5950.009845421115,1775.6239801107004,7725.633825531815,1008.1
56,288,72,19.57078652428102,24.21527777777778,6.271180555555557,12.110625000000004,43.85069444444444,16.36527777777778,22.89763243505614,8.78125,201.5736700039124,85.0,9.399999999999999,14.420000000000003,49.5,94.4756407737732,14,0.304219687342993,1.0,0.8,10.519999999999996,29.0,0.7755006719380617,5,5636.386518992933,1648.629535324042,7285.016054316975,1048.7
57,289,58,19.322344436352378,23.5121107266436,6.270588235294116,12.1089965397924,44.015570934256054,17.173010380622845,23.672371825958745,8.965397923875432,171.99624353647232,85.0,9.399999999999999,14.420000000000003,49.5,88.32672817260027,14,0.304219687342993,1.0,0.8,10.519999999999996,29.5,1.1848241747356951,5,5584.157542105837,1372.9975659056072,6957.155108011444,994.1
58,280,72,17.85329073600794,23.35,6.209999999999998,12.073357142857146,44.294642857142854,16.984285714285726,22.993286690293342,9.164285714285715,171.99624353647232,85.0,9.399999999999999,14.360000000000003,49.5,154.16349138505757,14,0.304219687342993,1.0,0.8,10.519999999999996,29.5,0.18482417473569512,5,4998.921406082223,1655.5166417011205,6654.438047783344,1326.5
59,269,70,18.07747390420356,23.431226765799256,6.077695167286245,12.068178438661713,44.46654275092937,17.510037174721198,22.92764175768394,9.263940520446097,171.99624353647232,85.0,9.399999999999999,14.360000000000003,49.5,115.72579908370972,14,0.304219687342993,1.0,0.7000000000000001,10.519999999999996,29.5,0.0019519627094268799,5,4862.840480230758,1604.9349230378757,6467.775403268633,1070.1000000000001
60,269,53,17.97612371667022,22.977695167286246,6.0226765799256485,12.084684014869886,44.49814126394052,18.979553903345735,26.188285705001004,9.386617100371748,136.92418207228184,76.0,9.299999999999999,14.360000000000003,50.0,171.99624353647232,14,0.304219687342993,1.0,0.7000000000000001,10.459999999999996,29.5,0.0039039254188537598,5,4835.577279784289,1387.9791423650531,6223.556422149342,1045.7
61,253,67,17.5257224275393,22.707509881422926,5.904347826086956,12.070830039525694,44.71146245059288,18.497233201581025,22.17676514735117,9.545454545454545,214.4141773506999,76.0,9.299999999999999,14.360000000000003,50.5,97.33684224076569,14,0.304219687342993,1.0,0.7000000000000001,10.459999999999996,33.5,0.22773660207167268,5,4434.007774167443,1485.8432648725284,5919.8510390399715,1229.8
62,255,58,17.381058610416478,22.51764705882353,5.891372549019605,12.084000000000001,44.705882352941174,18.900392156862743,20.68442968112422,9.658823529411764,112.84274030740198,76.0,9.299999999999999,14.420000000000003,50.5,92.42844102031086,14,0.304219687342993,1.0,0.7000000000000001,10.459999999999996,33.5,0.552578067927243,5,4432.169945656202,1199.696921505205,5631.866867161407,746.6
63,255,45,17.04760001504244,22.062745098039215,5.945882352941177,12.100941176470592,44.674509803921566,19.63176470588235,23.083782758967935,9.823529411764707,105.1557409180241,75.0,9.299999999999999,14.420000000000003,50.5,91.42844102031086,14,0.304219687342993,1.0,0.7000000000000001,10.459999999999996,33.5,1.1613804384251125,5,4347.138003835823,1038.7702241535571,5385.90822798938,832.2
64,250,52,15.216126387486216,21.228,5.835199999999998,12.087200000000005,44.628,19.5368,26.14971581327199,10.096,104.15339596010745,75.0,9.299999999999999,14.420000000000003,50.5,90.42844102031086,15,0.304219687342993,1.0,0.7000000000000001,10.459999999999996,33.5,0.45547320414334536,5,3804.031596871554,1359.7852222901433,5163.816819161697,1058.7
65,253,47,14.348330069855598,20.932806324110672,5.770750988142294,12.102213438735186,44.594861660079054,19.393675889328073,27.95142478370714,10.264822134387352,85.3686311095953,75.0,9.299999999999999,14.420000000000003,50.5,89.42844102031086,15,0.304219687342993,1.0,0.7000000000000001,10.459999999999996,33.5,0.30731195890894014,5,3630.127507673466,1313.7169648342356,4943.8444725077015,764.8
66,246,44,15.488782228237405,20.658536585365855,5.765853658536586,12.084552845528458,44.64837398373984,19.144308943089428,22.061327611203794,10.369918699186991,104.90203345753253,75.0,9.299999999999999,14.420000000000003,50.5,88.42844102031086,15,0.304219687342993,1.0,0.7000000000000001,10.459999999999996,33.5,0.7435371745514203,5,3810.2404281464014,970.6984148929669,4780.938843039368,788.6
67,240,42,15.951687815161081,20.683333333333334,5.752499999999996,12.098000000000003,44.489583333333336,19.12458333333334,17.84477414951603,10.491666666666667,104.90203345753253,75.0,9.299999999999999,14.420000000000003,50.5,84.3686311095953,15,0.304219687342993,1.0,0.7000000000000001,10.459999999999996,33.5,0.12446432964861742,6,3828.4050756386596,749.4805142796733,4577.885589918333,779.2
68,229,43,14.740531621213231,19.99126637554585,5.710917030567686,12.091528384279489,44.419213973799124,19.237991266375538,24.068678450648562,10.615720524017467,104.90203345753253,75.0,9.299999999999999,14.420000000000003,50.5,99.09901590726804,15,0.304219687342993,1.0,0.7000000000000001,10.459999999999996,33.5,0.6112259340516175,6,3375.58174125783,1034.953173377888,4410.534914635718,908.9000000000001
69,221,34,15.317389549043012,18.981900452488688,5.771493212669683,12.079366515837107,44.710407239819006,20.197285067873302,26.435508674111347,10.800904977375566,92.87670113856439,75.0,9.299999999999999,14.420000000000003,50.5,104.90203345753253,16,0.30731195890894014,1.0,0.7000000000000001,10.459999999999996,34.0,1.4428634167343262,6,3385.1430903385058,898.8072949197858,4283.950385258291,786.2
70,210,50,14.216933515625932,17.576190476190476,5.786666666666664,12.013333333333348,44.766666666666666,19.597142857142845,22.469609572015962,11.114285714285714,110.43934459751472,75.0,9.399999999999999,14.420000000000003,50.5,97.09901590726804,16,0.30731195890894014,1.0,0.7000000000000001,10.459999999999996,34.0,0.44286341673432617,6,2985.5560382814456,1123.480478600798,4109.036516882244,968.5
71,200,49,14.557950229644973,17.375,5.7274999999999965,11.959200000000015,44.845,19.769499999999997,21.80498134316757,11.26,98.59019723009442,75.0,9.399999999999999,14.420000000000003,50.5,96.09901590726804,16,0.30731195890894014,1.0,0.7000000000000001,10.459999999999996,34.0,0.5883980628568679,6,2911.5900459289946,1068.4440858152109,3980.0341317442053,677.5
72,197,43,15.076878349263406,17.85279187817259,5.8482233502538055,11.967715736040617,44.84010152284264,19.527918781725894,19.036592910504627,11.253807106598984,92.87670113856439,75.0,9.399999999999999,14.420000000000003,50.5,95.09901590726804,16,0.30731195890894014,1.0,0.7000000000000001,10.459999999999996,34.0,0.4449485325021669,6,2970.145034804891,818.573495151699,3788.71852995659,639.8
73,196,39,14.264382731245632,17.556122448979593,5.873469387755104,11.997448979591848,44.8469387755102,19.438265306122442,21.14798532579732,11.418367346938776,114.97213736154663,75.0,9.399999999999999,14.420000000000003,50.5,92.87670113856439,16,0.30731195890894014,1.0,0.7000000000000001,10.459999999999996,34.0,0.46509338668647615,7,2795.819015324144,824.7714277060954,3620.5904430302394,576.8000000000001
74,195,39,13.914010941458288,18.256410256410255,6.00051282051282,12.034564102564119,44.707692307692305,18.528205128205137,18.664614762853276,11.425641025641026,114.97213736154663,75.0,9.399999999999999,14.420000000000003,50.5,84.18340047751951,16,0.30731195890894014,1.0,0.7000000000000001,10.399999999999995,33.5,0.6221713611212181,7,2713.2321335843662,727.9199757512778,3441.152109335644,544.8000000000001
75,194,35,13.256559168468943,18.20618556701031,6.054123711340204,12.022886597938156,44.891752577319586,18.671134020618556,20.8314554545531,11.515463917525773,114.97213736154663,75.0,9.399999999999999,14.420000000000003,50.5,76.21338048705366,16,0.30731195890894014,1.0,0.7000000000000001,10.399999999999995,33.5,0.9837176629935129,7,2571.772478682975,729.1009409093585,3300.8734195923334,535.7
76,184,39,14.199474940437035,17.79891304347826,5.967391304347825,12.014673913043495,44.76358695652174,19.058695652173913,15.276388022868277,11.690217391304348,114.97213736154663,75.0,9.299999999999999,14.480000000000004,50.5,75.21338048705366,16,0.30731195890894014,1.0,0.7000000000000001,10.399999999999995,33.5,0.7773149861341153,7,2612.7033890404145,595.7791328918628,3208.4825219322775,694.9
77,173,37,14.05260899789256,18.23699421965318,5.997687861271674,12.051560693641626,44.76300578034682,19.791907514450877,17.805811583507094,11.728323699421965,114.97213736154663,74.0,9.299999999999999,14.480000000000004,50.5,69.21970598306507,16,0.4399897999746827,1.0,0.7000000000000001,10.399999999999995,33.5,1.219402254184729,7,2431.101356635413,658.8150285897625,3089.916385225176,694.1
78,176,27,13.541954476759372,18.8125,5.945454545454546,12.064431818181834,44.70454545454545,19.128977272727276,17.877463105986635,11.704545454545455,83.87433207241259,74.0,9.299999999999999,14.480000000000004,50.5,95.17328446470492,16,0.4399897999746827,1.0,0.7000000000000001,10.399999999999995,33.5,0.21940225418472892,7,2383.3839879096495,482.69150386163915,2866.0754917712884,475.3
79,168,32,13.152068999214583,18.071428571428573,5.924404761904763,12.058928571428584,44.785714285714285,18.965476190476195,17.31150731863421,11.94047619047619,96.68212872869958,74.0,9.299999999999999,14.480000000000004,50.5,67.21970598306507,16,0.5475275364673688,1.0,0.7000000000000001,10.399999999999995,33.5,0.4399897999746827,7,2209.54759186805,553.9682341962947,2763.5158260643448,659.2
80,159,35,11.511739464109843,17.163522012578618,5.961006289308174,12.089056603773598,44.795597484276726,19.27106918238994,24.02131791783107,12.157232704402515,110.22885526393657,53.0,9.299999999999999,14.480000000000004,50.5,83.87433207241259,17,0.5475275364673688,1.0,0.7000000000000001,10.399999999999995,33.5,4.228508348223556,7,1830.366574793465,840.7461271240875,2671.1127019175524,671.5
81,154,39,11.241132547590622,17.01298701298701,5.935714285714288,12.184155844155852,44.38636363636363,19.537662337662358,22.12455589123763,12.311688311688311,89.06128738061724,53.0,9.399999999999999,14.480000000000004,50.5,110.22885526393657,17,0.4431807570963926,1.0,0.7000000000000001,10.399999999999995,33.5,0.34246636179918877,7,1731.134412328956,862.8576797582675,2593.9920920872237,644.1
82,147,35,13.631329825779448,15.625850340136054,5.842176870748301,12.121904761904776,44.7108843537415,19.914965986394556,14.437669278138436,12.63265306122449,113.87267042443273,43.0,9.399999999999999,14.480000000000004,50.5,51.71077706107707,17,0.30181182178690036,1.0,0.7000000000000001,10.399999999999995,33.5,0.4365976534596143,8,2003.8054843895789,505.3184247348453,2509.1239091244242,555.6
83,149,30,13.073009470741436,15.93288590604027,5.765100671140939,12.119194630872487,44.84228187919463,19.023489932885912,13.385161137180521,12.718120805369127,113.87267042443273,43.0,9.399999999999999,14.480000000000004,50.5,50.71077706107707,17,0.30181182178690036,1.0,0.6000000000000001,10.399999999999995,33.5,0.8293880048895517,8,1947.8784111404739,401.55483411541564,2349.4332452558897,408.40000000000003
84,160,26,11.791171183520083,16.25625,5.649374999999999,12.114125000000005,44.5625,16.758125000000007,9.853409719789385,12.81875,58.122033044782036,43.0,9.399999999999999,14.480000000000004,50.0,37.25242101159529,18,0.30181182178690036,1.0,0.6000000000000001,10.339999999999995,33.5,0.5329947836661404,8,1886.5873893632133,256.188652714524,2142.776042077737,278.2
85,156,29,9.829493398869753,15.205128205128204,5.418589743589741,12.02576923076924,44.51602564102564,16.193589743589754,17.65437615841084,13.006410256410257,52.55756358536257,42.0,9.299999999999999,14.480000000000004,50.0,58.122033044782036,18,0.30181182178690036,1.0,0.6000000000000001,10.339999999999995,34.0,0.8171897336247973,8,1533.4009702236813,511.97690859391435,2045.3778788175955,476.3
86,150,28,10.538772658249334,14.706666666666667,5.302,11.99466666666667,44.75666666666667,16.061999999999994,14.281796181517555,13.146666666666667,73.57706964816316,42.0,9.299999999999999,14.480000000000004,50.0,52.55756358536257,18,0.30181182178690036,1.0,0.6000000000000001,10.339999999999995,34.0,1.0934776541023297,8,1580.8158987374002,399.89029308249155,1980.7061918198917,478.4
87,152,22,10.60124606919218,14.368421052631579,5.243421052631578,11.940131578947378,45.0625,16.407236842105263,11.449214526753117,13.25,57.66956058124941,42.0,9.299999999999999,14.480000000000004,50.0,56.382382981842966,18,0.4431807570963926,1.0,0.6000000000000001,10.339999999999995,34.5,0.09347765410232967,8,1611.3894025172115,251.8827195885686,1863.27212210578,436.6
88,158,14,9.83376513339588,13.651898734177216,5.372784810126579,11.915822784810135,45.300632911392405,16.858860759493673,16.086493592910035,13.512658227848101,57.31986619261278,42.0,9.299999999999999,14.480000000000004,50.0,55.382382981842966,18,0.41421655375348276,1.0,0.6000000000000001,10.339999999999995,34.5,1.3768910061343744,8,1553.7348910765493,225.21091030074047,1778.9458013772896,301.6
89,153,20,8.701629593883226,12.947712418300654,5.196078431372547,11.85385620915033,45.33986928104575,17.97254901960784,19.592853946409285,13.660130718954248,44.77662948520447,42.0,9.299999999999999,14.480000000000004,50.0,57.31986619261278,18,0.41421655375348276,1.0,0.5000000000000001,10.339999999999995,34.5,0.37689100613437443,9,1331.3493278641336,391.85707892818573,1723.2064067923193,492.1
90,147,23,8.795565746536544,12.714285714285714,5.226530612244895,11.837959183673481,45.43197278911565,18.368027210884353,16.555362677663606,13.775510204081632,66.25724051094585,42.0,9.299999999999999,14.480000000000004,50.0,56.31986619261278,18,0.41421655375348276,1.0,0.5000000000000001,10.339999999999995,34.5,1.8398080353094093,9,1292.948164740872,380.7733415862629,1673.7215063271349,543.1
91,140,31,8.03101082096587,12.735714285714286,5.2157142857142835,11.905571428571436,45.246428571428574,18.272142857142857,15.419235143493813,13.9,51.52200054519017,42.0,9.299999999999999,14.480000000000004,50.0,55.31986619261278,18,0.41421655375348276,1.0,0.5000000000000001,10.339999999999995,34.5,0.2668130721323103,9,1124.3415149352218,477.9962894483082,1602.33780438353,500.2
92,132,28,8.618678889921508,12.446969696969697,5.259848484848487,11.846818181818186,45.29545454545455,17.08787878787879,14.428722477005723,13.946969696969697,65.39379681902184,41.0,9.299999999999999,14.480000000000004,50.0,80.01319583030528,18,0.41421655375348276,1.0,0.5000000000000001,10.579999999999997,34.5,0.8046070887116912,9,1137.665613469639,404.00422935616024,1541.6698428257994,343.90000000000003
93,142,17,8.162600237630791,11.915492957746478,5.250000000000001,11.81394366197184,45.38732394366197,17.116197183098596,17.11020727633602,14.06338028169014,51.52200054519017,41.0,9.299999999999999,14.480000000000004,50.0,79.01319583030528,18,0.41421655375348276,1.0,0.5000000000000001,10.579999999999997,34.5,1.38785630403342,9,1159.0892337435723,290.87352369771236,1449.9627574412848,269.3
94,143,18,8.278015032545483,12.06993006993007,5.411188811188813,11.817202797202805,45.3986013986014,17.551748251748254,11.468182535394009,14.174825174825175,82.42531607922368,41.0,9.299999999999999,14.480000000000004,50.0,51.52200054519017,18,0.41421655375348276,1.0,0.5000000000000001,10.579999999999997,34.5,0.38785630403342,9,1183.756149654004,206.42728563709215,1390.1834352910962,301.40000000000003
95,135,16,8.456229428775563,11.911111111111111,5.405925925925929,11.815111111111118,45.407407407407405,18.988148148148145,14.24239796651482,14.177777777777777,82.42531607922368,41.0,9.299999999999999,14.480000000000004,50.0,57.50551607722668,18,0.41421655375348276,1.0,0.5000000000000001,10.579999999999997,34.5,0.8063903282242109,9,1141.590972884701,227.87836746423713,1369.469340348938,422.1
96,130,18,8.91473967863711,11.707692307692307,5.380769230769232,11.83569230769231,45.26923076923077,19.586153846153845,8.90969240266979,14.276923076923078,82.42531607922368,41.0,9.299999999999999,14.480000000000004,50.0,31.439158685172515,18,0.31065825625887067,1.0,0.5000000000000001,10.579999999999997,34.5,0.8863615141927852,9,1158.9161582228244,160.37446324805623,1319.2906214708805,421.90000000000003
97,129,14,8.31289803392556,11.930232558139535,5.455813953488374,11.80945736434109,45.333333333333336,21.2062015503876,12.560430951172338,14.348837209302326,82.42531607922368,41.0,9.299999999999999,14.480000000000004,50.0,60.54036237516692,19,0.31065825625887067,1.0,0.5000000000000001,10.579999999999997,34.5,0.4214245635707812,9,1072.3638463763973,175.84603331641273,1248.20987969281,464.0
98,116,24,7.988442256026039,12.810344827586206,5.516379310344829,11.825344827586212,45.133620689655174,20.61465517241379,11.650625615240108,14.336206896551724,52.942649110386355,41.0,9.299999999999999,14.480000000000004,50.0,82.42531607922368,19,0.31065825625887067,1.0,0.5000000000000001,10.579999999999997,34.5,0.003539627560875669,9,926.6593016990205,279.61501476576257,1206.2743164647832,520.3
99,113,16,7.773625015042302,12.805309734513274,5.417699115044249,11.85097345132744,45.309734513274336,20.620353982300884,17.42631933098696,14.4070796460177,33.128620255472924,41.0,9.299999999999999,14.480000000000004,50.0,81.42531607922368,19,0.31065825625887067,1.0,0.5000000000000001,10.579999999999997,34.5,0.9988925778877649,9,878.4196266997801,278.82110929579136,1157.2407359955714,314.4
100,102,22,8.260323102209867,13.098039215686274,5.5431372549019615,11.828235294117656,45.61274509803921,22.112745098039216,13.152542090005523,14.362745098039216,54.12350192709346,41.0,9.2,14.480000000000004,50.0,80.42531607922368,19,0.31065825625887067,1.0,0.5000000000000001,10.579999999999997,35.0,0.6414132504206342,9,842.5529564254064,289.3559259801215,1131.908882405528,440.0
101,100,25,7.7356512499424035,12.77,5.548999999999999,11.824400000000004,45.895,21.861000000000008,12.457429678293611,14.6,54.12350192709346,41.0,9.2,14.480000000000004,50.0,79.42531607922368,19,0.31065825625887067,1.0,0.7000000000000001,10.579999999999997,35.0,0.8310370611298126,9,773.5651249942404,311.43574195734027,1085.0008669515805,393.3
102,94,27,7.632383682171214,13.308510638297872,5.408510638297871,11.887872340425542,45.515957446808514,22.9372340425532,12.019074178068434,14.553191489361701,54.12350192709346,41.0,9.2,14.480000000000004,50.0,78.42531607922368,19,0.31065825625887067,1.0,0.7000000000000001,10.579999999999997,35.0,0.3860606007012146,9,717.4440661240941,324.51500280784774,1041.9590689319418,360.3
103,86,28,7.390866431516455,13.069767441860465,5.430232558139536,11.843953488372101,45.77325581395349,22.731395348837204,13.422506891899925,14.69767441860465,54.12350192709346,41.0,9.1,14.480000000000004,50.0,77.42531607922368,19,0.2815964299125669,1.0,0.7000000000000001,10.579999999999997,35.0,0.5572568706284073,10,635.6145131104151,375.8301929731979,1011.444706083613,258.7
104,84,15,9.197397096597928,12.892857142857142,5.410714285714285,11.86333333333334,45.82142857142857,24.15476190476191,14.031542390068886,14.69047619047619,54.12350192709346,41.0,9.1,14.480000000000004,50.0,76.42531607922368,19,0.2815964299125669,1.0,0.7000000000000001,10.579999999999997,35.0,0.33495909216788267,10,772.581356114226,210.47313585103328,983.0544919652592,194.4
105,85,17,7.812217850957627,13.847058823529412,5.368235294117648,11.928235294117655,45.51764705882353,22.569411764705883,14.565880942359364,14.776470588235295,28.428223144805088,42.0,9.1,14.480000000000004,50.0,75.42531607922368,20,0.2815964299125669,1.0,0.7000000000000001,10.699999999999998,35.0,0.5336261442646206,10,664.0385173313983,247.6199760201092,911.6584933515076,245.29999999999998
106,89,15,7.417038565575632,13.348314606741573,5.296629213483146,11.928089887640455,45.81460674157304,22.01797752808989,14.670292718343822,15.0561797752809,28.428223144805088,42.0,9.1,14.480000000000004,50.5,74.42531607922368,21,0.2815964299125669,1.0,0.7000000000000001,10.699999999999998,35.0,1.5753425188995398,10,660.1164323362312,220.05439077515732,880.1708231113886,129.3
107,87,15,7.417950383417026,13.379310344827585,5.364367816091954,11.930574712643685,45.97701149425287,22.617241379310347,14.138730210161205,15.218390804597702,28.428223144805088,42.0,9.1,14.480000000000004,50.5,73.42531607922368,21,0.2815964299125669,1.0,0.8,10.699999999999998,35.5,1.3448882767532786,10,645.3616833572813,212.08095315241806,857.4426365096994,209.0
108,82,13,8.722658340350312,14.097560975609756,5.413414634146342,11.941463414634152,45.792682926829265,22.535365853658536,9.129539950872909,15.134146341463415,76.67764958782662,42.0,9.1,14.480000000000004,50.5,49.54036237516692,21,0.31065825625887067,1.0,0.8,10.699999999999998,35.0,0.3831956458636654,10,715.2579839087256,118.68401936134781,833.9420032700734,147.29999999999998
109,70,15,9.588155027302177,14.742857142857142,5.528571428571429,11.965428571428573,45.65714285714286,21.19714285714286,8.812789980311766,15.214285714285714,38.33882479391331,42.0,9.1,14.480000000000004,50.5,48.54036237516692,21,0.31065825625887067,1.0,0.8,10.699999999999998,35.0,0.19392815201671,10,671.1708519111523,132.19184970467649,803.3627016158289,224.5
110,76,12,7.531651623567795,13.618421052631579,5.442105263157896,11.860000000000007,45.9078947368421,19.14605263157895,14.958396088264095,15.460526315789474,28.428223144805088,42.0,9.1,14.480000000000004,50.5,47.54036237516692,22,0.29126756637214657,1.0,0.7000000000000001,10.699999999999998,35.0,0.02179176542450989,10,572.4055233911524,179.50075305916914,751.9062764503216,148.7
111,76,6,8.853616341278112,13.302631578947368,5.5276315789473704,11.844473684210532,46.25,18.594736842105263,10.359536140977022,15.578947368421053,51.33704507651252,42.0,9.1,14.480000000000004,50.5,21.91087868911608,22,0.29126756637214657,1.0,0.7000000000000001,10.699999999999998,35.5,1.586552152424704,10,672.8748419371365,62.15721684586214,735.0320587829985,85.39999999999999
112,78,5,8.075469357028968,12.282051282051283,5.516666666666667,11.729230769230774,46.35897435897436,18.512820512820515,13.086611450242035,15.884615384615385,37.261880348810294,42.0,9.1,14.480000000000004,50.5,22.20419326442061,22,0.29126756637214657,1.0,0.7000000000000001,10.699999999999998,35.5,0.9258422776092565,10,629.8866098482595,65.43305725121017,695.3196670994696,150.8
113,76,11,6.902824642407425,11.526315789473685,5.706578947368423,11.690263157894737,46.85526315789474,18.91578947368421,13.717089810386268,16.105263157894736,44.024213717861585,42.0,9.1,14.480000000000004,50.5,37.261880348810294,22,0.29126756637214657,1.0,3.1,10.699999999999998,36.5,1.2018335247789398,10,524.6146728229643,150.88798791424895,675.5026607372132,260.2
114,77,9,6.961912436436674,11.220779220779221,5.616883116883118,11.698701298701302,46.95454545454545,19.453246753246752,12.28454303341545,16.22077922077922,49.79275583058366,42.0,9.1,14.480000000000004,50.5,26.471324555193178,22,0.29126756637214657,1.0,3.1,10.699999999999998,36.5,4.306850013805482,10,536.0672576056239,110.56088730073904,646.628144906363,265.3
115,73,11,6.597602492898502,11.027397260273972,5.573972602739726,11.685479452054798,47.16438356164384,19.77123287671232,13.090879106612782,16.315068493150687,49.79275583058366,42.0,9.1,14.480000000000004,50.5,49.09692591037458,22,0.29126756637214657,1.0,3.0,10.699999999999998,36.5,1.730643693084638,10,481.6249819815906,143.9996701727406,625.6246521543312,225.70000000000002
116,72,7,6.823735405987014,10.430555555555555,5.5375000000000005,11.644166666666674,47.236111111111114,21.00416666666666,16.924799526033997,16.48611111111111,73.52124991260791,39.0,9.1,13.94,50.5,49.79275583058366,22,0.29126756637214657,1.0,3.0,10.699999999999998,36.5,0.7306436930846381,10,491.308949231065,118.47359668223797,609.782545913303,153.4
117,67,8,6.296043828660368,9.208955223880597,5.556716417910449,11.572835820895524,47.298507462686565,22.643283582089545,21.71323387058237,16.746268656716417,49.14410010531031,38.0,9.1,13.94,50.5,73.52124991260791,22,0.29126756637214657,1.0,3.0,10.699999999999998,36.5,1.2384802828415031,11,421.83493652024464,173.70587096465897,595.5408074849036,249.5
118,58,15,5.706453612100335,8.568965517241379,5.658620689655172,11.503448275862068,47.827586206896555,22.52931034482758,16.09401681798214,16.896551724137932,36.08733407174867,38.0,9.0,13.94,50.5,87.85734726253219,22,0.29126756637214657,1.0,3.0,10.699999999999998,37.5,0.31065825625887067,11,330.9743095018194,241.4102522697321,572.3845617715515,259.7
119,58,12,6.863537963970943,8.10344827586207,5.4896551724137925,11.485172413793103,47.93103448275862,21.486206896551717,12.002817407965372,17.06896551724138,112.26319743452424,38.0,9.0,13.94,50.5,39.45418175907923,22,0.29126756637214657,1.0,3.0,10.699999999999998,37.5,0.6267239105583334,11,398.0852019103147,144.03380889558446,542.1190108058992,143.3
120,60,11,5.6117250621025585,8.2,5.396666666666666,11.505,47.916666666666664,19.93333333333333,14.350565240401771,17.3,56.13159871726212,38.0,9.0,13.94,50.0,38.45418175907923,22,0.29126756637214657,1.0,3.0,10.699999999999998,37.5,0.42619832901224175,11,336.7035037261535,157.85621764441947,494.55972137057296,136.2
121,64,9,5.659051031424849,8.375,5.3531249999999995,11.504375000000001,47.890625,17.1765625,10.131902389932556,17.5,60.28886912643116,38.0,9.0,14.0,50.0,37.45418175907923,23,0.29126756637214657,1.0,3.0,10.699999999999998,38.5,0.9630991645061209,11,362.17926601119035,91.187121509393,453.3663875205833,97.5
122,65,8,5.064906066044004,8.36923076923077,5.272307692307692,11.471076923076923,48.05384615384615,16.7,12.221075842137632,17.646153846153847,46.09338750121407,38.0,8.9,14.0,50.0,36.45418175907923,23,0.29126756637214657,1.0,3.0,10.699999999999998,38.5,0.11676621406400045,11,329.2188942928602,97.76860673710105,426.98750102996127,94.10000000000001
123,64,7,5.3169756468373475,8.046875,5.2640625,11.4703125,48.0078125,17.5625,10.969976251715574,17.6875,48.68984403667582,38.0,8.9,14.0,50.0,46.09338750121407,23,0.30045838119473495,1.0,3.0,10.699999999999998,38.5,0.29126756637214657,11,340.28644139759024,76.78983376200901,417.0762751595993,129.7
124,67,3,5.268675727010266,7.955223880597015,5.226865671641793,11.484477611940301,47.95522388059702,18.11194029850746,11.817681975138607,17.686567164179106,47.61278618222872,38.0,8.9,14.0,50.0,28.06579935863106,23,0.30045838119473495,1.0,3.0,10.699999999999998,38.5,3.038797362029303,11,353.00127370968784,35.45304592541582,388.4543196351037,87.1
125,66,4,5.359512805163293,8.030303030303031,5.257575757575758,11.482121212121214,47.90151515151515,18.25151515151515,3.8736017873787962,17.681818181818183,57.21023392184664,38.0,8.9,14.0,50.0,6.634376706914332,23,0.30045838119473495,1.0,3.1,10.699999999999998,38.5,0.6009167623894699,11,353.72784514077733,15.494407149515185,369.22225229029254,92.0
126,66,5,4.799726514350763,7.53030303030303,5.143939393939393,11.403636363636366,48.196969696969695,18.69545454545454,7.851439185292189,17.848484848484848,57.21023392184664,38.0,7.199999999999999,12.180000000000001,50.0,15.420330759682637,23,0.30045838119473495,1.0,3.1,10.699999999999998,46.0,2.1644353996269654,11,316.78194994715034,39.257195926460945,356.0391458736113,106.2
127,70,4,4.3955547321178585,7.814285714285714,5.187142857142858,11.404,48.18571428571428,19.029999999999994,5.555942797046343,17.785714285714285,28.60511696092332,38.0,7.199999999999999,12.180000000000001,50.0,14.420330759682637,23,0.30045838119473495,1.0,3.1,10.699999999999998,46.0,0.49599251571197966,11,307.6888312482501,22.22377118818537,329.91260243643546,88.2
128,69,3,4.1534238557496534,7.36231884057971,5.1753623188405795,11.395362318840581,48.1231884057971,20.004347826086953,13.006233533045737,17.840579710144926,28.60511696092332,37.0,7.199999999999999,12.180000000000001,50.0,24.34492201833791,23,0.2705544249533707,1.0,3.1,10.699999999999998,46.0,1.2534478211166669,12,286.5862460467261,39.01870059913721,325.6049466458633,89.4
129,68,4,4.229460930534274,6.9411764705882355,5.16029411764706,11.38823529411765,48.095588235294116,21.65735294117647,8.404966417680882,17.955882352941178,33.16339581883948,37.0,7.199999999999999,12.180000000000001,50.0,23.34492201833791,23,0.2705544249533707,1.0,3.0,10.699999999999998,46.0,0.25344782111666686,12,287.60334327633063,33.61986567072353,321.22320894705416,131.4
130,64,6,3.9681833520207612,6.421875,5.068750000000001,11.391249999999998,48.1484375,21.9578125,10.669116561001585,18.203125,33.16339581883948,37.0,7.199999999999999,12.120000000000001,50.0,22.34492201833791,23,0.2705544249533707,1.0,3.0,10.699999999999998,46.0,5.225390885602802,12,253.96373452932872,64.01469936600951,317.97843389533824,133.9
131,60,7,4.184350847796474,6.116666666666666,5.070000000000001,11.38433333333333,48.09166666666667,22.586666666666666,8.653135514692503,18.283333333333335,28.60511696092332,35.0,7.199999999999999,12.120000000000001,50.0,33.16339581883948,23,0.2705544249533707,1.0,3.0,10.699999999999998,46.0,0.8853266806328708,12,251.06105086778845,60.57194860284752,311.632999470636,147.4
132,60,8,3.7374683486075577,6.216666666666667,5.124999999999998,11.375666666666664,48.075,22.21666666666666,8.059680167241785,18.416666666666668,28.60511696092332,35.0,7.199999999999999,12.120000000000001,50.0,32.16339581883948,23,0.2705544249533707,1.0,3.0,10.699999999999998,46.0,1.0822176998134827,12,224.24810091645347,64.47744133793428,288.72554225438773,129.5
133,57,9,4.311392009269193,6.2631578947368425,5.07719298245614,11.396842105263156,48.01754385964912,21.224561403508773,3.188053246263479,18.50877192982456,46.235613100447274,35.0,7.1,12.120000000000001,50.0,7.936926592486975,23,0.2705544249533707,1.0,3.0,10.699999999999998,46.0,0.38351039657974395,12,245.74934452834398,28.69247921637131,274.4418237447153,131.9
134,57,6,3.9988822820590486,6.754385964912281,5.057894736842105,11.404912280701755,48.04385964912281,21.86140350877193,4.030122976792399,18.49122807017544,38.63463297475266,35.0,7.1,12.120000000000001,50.0,9.312267282768904,23,0.2705544249533707,1.0,3.0,10.699999999999998,46.0,0.19175519828987198,12,227.93629007736578,24.180737860754398,252.11702793812017,140.20000000000002
135,55,6,3.9891851939834146,7.5636363636363635,5.181818181818181,11.388727272727273,48.11818181818182,21.16181818181818,2.4586503926658305,18.363636363636363,23.117806550223637,35.0,7.1,12.120000000000001,50.5,5.694446782099171,23,0.3454344247022828,1.0,3.0,10.639999999999997,46.0,0.2705544249533707,12,219.4051856690878,14.751902355994982,234.1570880250828,120.50000000000001
136,55,4,3.567146671400554,7.072727272727272,5.20181818181818,11.371636363636366,48.09090909090909,22.932727272727266,6.822586620055879,18.545454545454547,23.117806550223637,35.0,7.1,12.120000000000001,50.5,19.31731648737633,23,0.3454344247022828,1.0,3.0,10.639999999999997,46.0,0.7678765641454736,13,196.19306692703046,27.290346480223516,223.48341340725398,151.1
137,53,6,3.2905713013412914,7.132075471698113,5.069811320754717,11.40679245283019,48.056603773584904,23.94339622641509,7.063595723287957,18.71698113207547,23.117806550223637,35.0,7.1,12.120000000000001,50.5,18.31731648737633,23,0.3454344247022828,1.0,3.0,10.639999999999997,46.0,1.5107066466025403,13,174.40027897108845,42.38157433972774,216.7818533108162,168.8
138,52,3,3.9442698204920594,7.25,5.105769230769231,11.401153846153846,48.05769230769231,26.353846153846153,1.543440081718354,18.673076923076923,31.61987496783799,35.0,7.1,12.120000000000001,50.5,2.812941280935535,23,0.3454344247022828,1.0,3.0,10.639999999999997,46.0,0.7678765641454736,13,205.10203066558708,4.630320245155062,209.73235091074213,98.7
139,46,9,3.419898826436804,6.782608695652174,4.980434782608696,11.439999999999998,47.98913043478261,25.31086956521739,5.064582615803948,18.891304347826086,31.61987496783799,35.0,7.1,12.120000000000001,50.5,23.117806550223637,23,0.3454344247022828,1.0,3.0,10.639999999999997,46.0,0.04950240007405293,13,157.315346016093,45.58124354223553,202.89658955832854,163.9
140,45,3,3.729486101035028,6.888888888888889,5.104444444444447,11.407999999999998,48.03333333333333,25.144444444444446,8.416215272520882,19.044444444444444,33.08259281347068,35.0,7.1,12.120000000000001,50.5,22.117806550223637,23,0.3454344247022828,1.0,3.0,10.639999999999997,46.0,1.049502400074053,13,167.82687454657625,25.248645817562647,193.0755203641389,22.0
141,45,2,4.056286317680376,6.822222222222222,5.095555555555555,11.411999999999997,47.98888888888889,24.055555555555557,2.672736581927301,19.11111111111111,54.200399363694316,35.0,7.1,12.120000000000001,50.5,3.291047380205608,24,0.3066554944238782,1.0,3.0,10.639999999999997,46.0,2.054425783648994,13,182.53288429561695,5.345473163854602,187.87835745947154,6.5
142,45,3,3.7381090642343984,7.5777777777777775,5.1577777777777785,11.410666666666664,48.01111111111111,24.21333333333333,1.3711165760000252,18.91111111111111,27.100199681847158,35.0,7.1,12.120000000000001,50.5,2.291047380205608,24,0.3066554944238782,1.0,3.0,10.639999999999997,46.0,0.7678765641454736,13,168.21490789054792,4.113349728000076,172.328257618548,16.400000000000002
143,43,3,3.7145589833797996,7.5813953488372094,5.08139534883721,11.43395348837209,47.96511627906977,25.32558139534884,3.278114923023716,19.069767441860463,27.100199681847158,35.0,7.1,12.120000000000001,50.5,6.417130634564065,24,0.3066554944238782,1.0,3.0,10.639999999999997,46.0,1.2910473802056082,13,159.7260362853314,9.834344769071148,169.56038105440254,54.4
144,40,5,3.656620300490534,7.15,5.147500000000002,11.404999999999998,47.9125,26.532500000000006,4.059113806956241,19.175,27.100199681847158,35.0,7.1,12.120000000000001,50.5,11.079875034162244,24,0.3066554944238782,1.0,3.0,10.639999999999997,46.0,1.0822176998134827,13,146.26481201962136,20.295569034781206,166.56038105440257,83.3
145,39,3,4.108480112802907,7.3076923076923075,5.1974358974358985,11.394358974358973,47.91025641025641,27.823076923076922,0.44321888502972384,19.076923076923077,27.100199681847158,35.0,7.1,12.120000000000001,50.5,0.6133109888477564,24,0.3066554944238782,1.0,3.0,10.639999999999997,46.0,0.12616675430147417,13,160.23072439931337,1.3296566550891715,161.56038105440254,32.0
146,37,2,4.299429987921491,7.621621621621622,5.305405405405406,11.372972972972972,47.972972972972975,29.324324324324323,0.5759074231091051,18.89189189189189,27.100199681847158,35.0,7.1,12.120000000000001,50.5,0.7678765641454736,24,0.3066554944238782,1.0,3.0,10.639999999999997,46.0,0.3839382820727368,13,159.07890955309517,1.1518148462182103,160.23072439931337,61.0
147,33,4,3.418195578418015,6.151515151515151,5.284848484848485,11.35272727272727,47.92424242424242,29.6969696969697,11.569613866325161,19.272727272727273,23.62997487508582,35.0,7.1,12.120000000000001,50.5,27.100199681847158,24,0.3066554944238782,1.0,3.0,10.639999999999997,46.0,1.541056212630667,14,112.8004540877945,46.278455465300645,159.07890955309514,67.9
148,29,7,2.996496724615625,5.344827586206897,5.231034482758622,11.359310344827584,47.793103448275865,29.072413793103454,9.74007207703458,19.310344827586206,9.215066661234797,10.0,7.1,12.120000000000001,49.0,26.100199681847158,24,0.3066554944238782,1.0,3.1,10.819999999999999,46.0,0.541056212630667,15,86.89840501385312,68.18050453924205,155.07890955309517,36.1
149,27,8,2.9023514304037814,5.37037037037037,5.248148148148148,11.379999999999997,47.77777777777778,27.233333333333334,8.576710224465987,19.185185185185187,9.215066661234797,10.0,7.1,12.120000000000001,49.0,25.100199681847158,24,0.3066554944238782,1.0,3.1,10.879999999999999,46.0,0.3817376988091312,15,78.3634886209021,68.6136817957279,146.97717041663,12.8
150,28,5,3.007458682529677,5.285714285714286,5.182142857142857,11.402142857142854,47.767857142857146,27.189285714285713,11.044461972599986,19.178571428571427,15.554666974753797,10.0,7.1,12.120000000000001,49.0,24.100199681847158,24,0.3066554944238782,1.0,3.1,10.879999999999999,46.0,0.22260597086798262,15,84.20884311083095,55.222309862999936,139.43115297383088,0.0
151,28,4,2.8576257454542366,5.571428571428571,5.314285714285714,11.368571428571428,47.80357142857143,27.039285714285715,12.898933331617169,18.928571428571427,9.215066661234797,10.0,7.1,12.120000000000001,49.5,23.100199681847158,23,0.3454344247022828,1.0,3.1,10.819999999999999,46.0,0.3066554944238782,15,80.01352087271863,51.595733326468675,131.60925419918732,19.0
152,27,4,2.9434226675115513,5.7407407407407405,5.388888888888889,11.34962962962963,47.833333333333336,28.45185185185185,12.207546670487885,19.0,9.215066661234797,10.0,7.1,12.120000000000001,49.5,22.100199681847158,23,0.3454344247022828,1.0,3.1,10.819999999999999,46.0,0.5411088499067414,15,79.47241202281188,48.83018668195154,128.30259870476343,35.9
153,26,4,2.996604965345284,5.846153846153846,5.4653846153846155,11.324615384615383,47.84615384615385,29.596153846153847,11.712440188969822,19.03846153846154,9.215066661234797,10.0,7.1,12.120000000000001,49.5,21.100199681847158,23,0.3454344247022828,1.0,3.1,10.819999999999999,46.0,1.5606829238344928,15,77.91172909897739,46.84976075587929,124.76148985485668,23.0
154,24,5,3.008312494711935,5.875,5.491666666666666,11.314999999999998,47.833333333333336,30.025000000000002,9.712397996354047,19.291666666666668,9.215066661234797,10.0,7.1,12.120000000000001,49.5,20.100199681847158,23,0.3454344247022828,1.0,3.1,10.819999999999999,46.0,1.0822176998134827,16,72.19949987308644,48.56198998177024,120.76148985485668,26.200000000000003
155,23,5,2.804538438501001,5.739130434782608,5.4391304347826095,11.333913043478262,47.78260869565217,30.495652173913047,10.251421153866731,19.434782608695652,9.215066661234797,10.0,7.1,12.120000000000001,49.5,19.100199681847158,23,0.3454344247022828,1.0,3.1,10.819999999999999,46.0,3.5589032751118186,16,64.50438408552301,51.257105769333656,115.76148985485668,6.5
156,21,5,3.3776662571139777,5.714285714285714,5.657142857142857,11.273333333333332,47.833333333333336,31.123809523809523,7.966099691092627,19.38095238095238,15.992400148611695,10.0,7.1,12.06,49.5,18.100199681847158,23,0.3454344247022828,1.0,3.1,10.819999999999999,46.0,1.027212891824497,16,70.93099139939353,39.830498455463136,110.76148985485668,29.000000000000004
157,20,5,3.2068044470728916,6.1,5.7749999999999995,11.245999999999999,47.85,29.145000000000003,7.525460175249185,19.1,7.996200074305848,10.0,7.1,12.06,49.5,17.100199681847158,23,0.3454344247022828,1.0,3.1,10.819999999999999,46.0,0.7950894559699705,16,64.13608894145783,37.627300876245926,101.76338981770375,9.5
158,19,5,3.1729484170495055,5.947368421052632,5.91578947368421,11.206315789473683,47.94736842105263,29.63684210526316,7.336456087558635,19.157894736842106,7.996200074305848,10.0,7.1,12.06,49.5,16.100199681847158,23,0.3454344247022828,1.0,3.1,10.819999999999999,46.5,0.5589032751118186,16,60.28601992394061,36.682280437793175,96.96830036173378,9.700000000000001
159,17,4,3.542860011554142,5.9411764705882355,6.023529411764706,11.196470588235293,47.94117647058823,28.694117647058828,8.04519422255039,19.11764705882353,7.996200074305848,10.0,7.1,12.06,49.5,15.100199681847158,23,0.3454344247022828,1.0,3.2,10.819999999999999,46.5,2.054425783648994,16,60.228620196420415,32.18077689020156,92.40939708662196,6.4
160,18,4,3.299161952335103,5.777777777777778,5.877777777777778,11.23111111111111,47.97222222222222,28.533333333333335,7.045194222550389,19.11111111111111,7.996200074305848,10.0,7.1,12.06,49.5,14.100199681847158,23,0.3454344247022828,1.0,3.2,10.819999999999999,46.5,1.0544257836489939,16,59.38491514203185,28.180776890201557,87.56569203223341,9.8
161,16,6,3.1902050401889825,5.8125,5.987499999999999,11.208749999999998,48.0,27.63125,5.420401898201614,19.0625,7.079361193600411,10.0,7.1,12.06,49.5,13.100199681847158,21,0.8437050543885622,2.0,3.3000000000000003,10.819999999999999,46.5,0.054425783648993864,16,51.04328064302372,32.52241138920969,83.56569203223341,9.8
162,15,3,3.655394360003169,5.666666666666667,5.933333333333334,11.230666666666668,47.93333333333333,27.273333333333333,8.312913291405005,19.2,10.994300111458772,10.0,7.1,12.06,49.5,12.100199681847158,21,0.8437050543885622,2.0,3.3000000000000003,10.819999999999999,46.5,3.2085653172820323,16,54.83091540004753,24.938739874215013,79.76965527426255,0.0
163,16,2,3.3931816055915545,5.9375,5.987499999999999,11.201249999999998,47.9375,26.44375,9.86508727846649,19.125,9.287926510882443,10.0,7.1,12.06,49.5,11.100199681847158,21,0.8437050543885622,2.0,3.3000000000000003,10.759999999999998,46.5,8.629974875085821,16,54.29090568946487,19.73017455693298,74.02108024639784,0.0
164,16,2,3.3931816055915545,5.9375,5.987499999999999,11.20125,47.9375,27.38125,8.86508727846649,19.125,9.287926510882443,10.0,7.1,12.06,49.5,10.100199681847158,21,0.8437050543885622,2.0,3.3000000000000003,10.759999999999998,46.5,7.629974875085821,16,54.29090568946487,17.73017455693298,72.02108024639784,0.0
165,15,3,3.509867004387793,6.066666666666666,6.166666666666667,11.144,47.93333333333333,27.060000000000006,5.791025060193651,19.133333333333333,9.287926510882443,10.0,7.1,12.0,49.5,9.100199681847158,21,0.8437050543885622,2.0,3.3000000000000003,10.759999999999998,46.5,1.6429006236479755,16,52.648005065816896,17.373075180580955,70.02108024639784,0.0
166,14,3,3.3189344214151113,6.0,6.1000000000000005,11.15857142857143,47.964285714285715,26.664285714285718,6.851999448862098,19.071428571428573,9.287926510882443,10.0,7.1,12.0,49.5,8.100199681847158,21,0.8437050543885622,2.0,3.3000000000000003,10.759999999999998,46.5,5.629974875085821,16,46.46508189981156,20.555998346586293,67.02108024639784,0.0
167,13,4,3.353450862522083,5.769230769230769,6.038461538461538,11.170769230769231,47.88461538461539,26.023076923076925,5.106554758402693,19.307692307692307,9.287926510882443,10.0,7.1,12.0,49.5,7.100199681847158,21,0.8437050543885622,2.0,3.3000000000000003,10.759999999999998,46.5,2.8702206870244775,17,43.59486121278708,20.42621903361077,64.02108024639784,0.0
168,13,4,3.353450862522083,5.769230769230769,6.038461538461538,11.170769230769231,47.88461538461539,27.023076923076925,4.106554758402692,19.307692307692307,9.287926510882443,10.0,7.1,12.0,49.5,6.100199681847158,21,0.8437050543885622,2.0,3.3000000000000003,10.759999999999998,46.5,1.8702206870244775,17,43.59486121278708,16.426219033610767,60.021080246397844,0.0
169,13,4,3.353450862522083,5.769230769230769,6.038461538461538,11.170769230769231,47.88461538461539,28.023076923076925,3.1065547584026922,19.307692307692307,9.287926510882443,10.0,7.1,12.0,49.5,5.100199681847158,21,0.8437050543885622,2.0,3.3000000000000003,10.759999999999998,46.5,0.8702206870244775,17,43.59486121278708,12.426219033610769,56.02108024639785,0.0
170,12,3,3.7277729078052726,6.083333333333333,6.266666666666666,11.111666666666666,47.875,27.416666666666668,2.4725282219033677,19.416666666666668,9.287926510882443,10.0,7.1,12.0,49.5,4.100199681847158,21,0.8437050543885622,3.0,3.4000000000000004,10.759999999999998,46.5,1.6299748750858214,17,44.73327489366327,7.417584665710104,52.15085955937337,0.0
171,12,3,3.7277729078052726,6.083333333333333,6.266666666666666,11.111666666666666,47.875,28.416666666666668,1.472528221903368,19.416666666666668,9.287926510882443,10.0,7.1,12.0,49.5,3.100199681847158,21,0.8437050543885622,3.0,3.4000000000000004,10.759999999999998,46.5,0.6299748750858214,17,44.73327489366327,4.417584665710104,49.15085955937337,0.0
172,12,1,3.7277729078052726,6.083333333333333,6.266666666666666,11.111666666666666,47.875,29.416666666666668,2.100199681847158,19.416666666666668,9.287926510882443,10.0,7.1,12.0,49.5,2.100199681847158,21,0.8437050543885622,3.0,3.4000000000000004,10.759999999999998,46.5,2.100199681847158,17,44.73327489366327,2.100199681847158,46.83347457551043,0.0
173,12,1,3.7277729078052726,6.083333333333333,6.266666666666666,11.111666666666666,47.875,30.416666666666668,1.1001996818471582,19.416666666666668,9.287926510882443,10.0,7.1,12.0,49.5,1.1001996818471582,21,0.8437050543885622,3.0,3.4000000000000004,10.759999999999998,46.5,1.1001996818471582,17,44.73327489366327,1.1001996818471582,45.83347457551043,0.0
174,12,1,3.727772907805273,6.083333333333333,6.266666666666667,11.111666666666666,47.875,31.416666666666668,0.10019968184715822,19.416666666666668,9.287926510882443,10.0,7.1,12.0,49.5,0.10019968184715822,21,0.8437050543885622,3.0,3.4000000000000004,10.759999999999998,46.5,0.10019968184715822,17,44.73327489366328,0.10019968184715822,44.83347457551044,0.0
175,12,0,3.727772907805273,6.083333333333333,6.266666666666667,11.111666666666666,47.875,32.416666666666664,0.0,19.416666666666668,9.287926510882443,10.0,7.1,12.0,49.5,0.0,21,0.8437050543885622,3.0,3.4000000000000004,10.759999999999998,46.5,0.0,17,44.73327489366328,0.0,44.73327489366328,0.0
176,11,1,3.700336487625218,6.181818181818182,6.209090909090909,11.116363636363637,47.81818181818182,31.963636363636365,4.029573529785875,19.272727272727273,9.287926510882443,10.0,7.1,12.0,49.5,4.029573529785875,21,0.8437050543885622,3.0,3.4000000000000004,10.759999999999998,46.5,4.029573529785875,17,40.7037013638774,4.029573529785875,44.73327489366328,0.0
177,11,0,3.9757522630602975,6.181818181818182,6.209090909090909,11.116363636363637,47.81818181818182,32.96363636363637,0.0,19.272727272727273,9.287926510882443,10.0,7.1,12.0,49.5,0.0,21,0.8437050543885622,3.0,3.4000000000000004,10.759999999999998,46.5,0.0,17,43.73327489366327,0.0,43.73327489366327,0.0
178,11,0,3.9757522630602975,6.181818181818182,6.209090909090909,11.116363636363637,47.81818181818182,33.96363636363637,0.0,19.272727272727273,9.287926510882443,10.0,7.1,12.0,49.5,0.0,21,0.8437050543885622,3.0,3.4000000000000004,10.759999999999998,46.5,0.0,17,43.73327489366327,0.0,43.73327489366327,0.0
179,10,1,4.079582507650421,6.5,6.49,11.028,47.85,33.7,2.9374498171590635,19.3,9.287926510882443,10.0,7.1,11.819999999999999,49.5,2.9374498171590635,21,0.8437050543885622,3.0,3.4000000000000004,10.759999999999998,46.5,2.9374498171590635,17,40.79582507650421,2.9374498171590635,43.73327489366327,0.0
180,10,1,4.079582507650421,6.5,6.49,11.028,47.85,34.7,1.9374498171590635,19.3,9.287926510882443,10.0,7.1,11.819999999999999,49.5,1.9374498171590635,21,0.8437050543885622,3.0,3.4000000000000004,10.759999999999998,46.5,1.9374498171590635,17,40.79582507650421,1.9374498171590635,42.73327489366327,0.0
181,9,2,4.112756695113036,6.666666666666667,6.444444444444445,11.037777777777778,47.94444444444444,34.44444444444444,2.3592323188229747,19.22222222222222,9.287926510882443,10.0,7.1,11.819999999999999,49.5,3.7810148204868863,21,0.8437050543885622,3.0,3.4000000000000004,10.759999999999998,46.5,0.9374498171590635,17,37.01481025601732,4.718464637645949,41.73327489366327,0.0
182,8,2,4.069997887316108,6.875,6.425000000000001,11.0275,47.875,33.75,3.617920988987673,19.125,9.287926510882443,10.0,7.1,11.819999999999999,49.5,4.4548271574884595,21,0.8437050543885622,3.0,3.4000000000000004,10.759999999999998,46.5,2.7810148204868863,17,32.55998309852886,7.235841977975346,39.79582507650421,0.0
183,7,3,4.10672025965619,7.0,6.32857142857143,11.040000000000001,48.07142857142857,33.0,3.016261086303627,19.0,9.287926510882443,10.0,7.0,11.819999999999999,49.5,3.812941280935535,21,0.8437050543885622,3.0,3.4000000000000004,10.759999999999998,46.5,1.7810148204868863,17,28.747041817593328,9.04878325891088,37.79582507650421,0.0
184,6,2,4.882566389102337,7.0,6.216666666666668,11.046666666666667,48.25,31.833333333333332,2.7502133709450947,18.833333333333332,9.287926510882443,10.0,6.800000000000001,11.819999999999999,49.5,4.719411921403303,21,0.8437050543885622,3.0,3.4000000000000004,10.759999999999998,46.5,0.7810148204868863,17,29.29539833461402,5.500426741890189,34.79582507650421,0.0
185,7,1,3.9216673300335105,6.571428571428571,6.300000000000002,11.040000000000001,48.0,28.0,3.719411921403303,19.285714285714285,9.287926510882443,10.0,6.800000000000001,11.819999999999999,49.5,3.719411921403303,22,0.8437050543885622,3.0,3.4000000000000004,10.759999999999998,46.5,3.719411921403303,17,27.451671310234573,3.719411921403303,31.171083231637876,0.0
186,7,1,3.9216673300335105,6.571428571428571,6.300000000000002,11.040000000000001,48.0,28.857142857142858,2.719411921403303,19.285714285714285,9.287926510882443,10.0,6.800000000000001,11.819999999999999,49.5,2.719411921403303,22,0.8437050543885622,3.0,3.4000000000000004,10.759999999999998,46.5,2.719411921403303,17,27.451671310234573,2.719411921403303,30.171083231637876,0.0
187,7,1,3.9216673300335105,6.571428571428571,6.300000000000002,11.040000000000001,48.0,29.857142857142858,1.719411921403303,19.285714285714285,9.287926510882443,10.0,6.800000000000001,11.819999999999999,49.5,1.719411921403303,22,0.8437050543885622,3.0,3.4000000000000004,10.759999999999998,46.5,1.719411921403303,17,27.451671310234573,1.719411921403303,29.171083231637876,0.0
188,6,2,3.9847562870005695,6.833333333333333,6.216666666666668,11.036666666666667,47.916666666666664,27.833333333333332,2.13127275481723,19.0,9.287926510882443,10.0,6.800000000000001,11.819999999999999,49.5,3.543133588231157,22,0.8437050543885622,3.0,3.4000000000000004,10.759999999999998,46.5,0.719411921403303,17,23.908537722003416,4.26254550963446,28.171083231637876,0.0
189,6,1,3.9847562870005695,6.833333333333333,6.216666666666668,11.036666666666667,47.916666666666664,28.833333333333332,2.543133588231157,19.0,9.287926510882443,10.0,6.800000000000001,11.819999999999999,49.5,2.543133588231157,22,0.8437050543885622,3.0,3.4000000000000004,10.759999999999998,46.5,2.543133588231157,17,23.908537722003416,2.543133588231157,26.451671310234573,0.0
190,5,2,4.044216734648906,7.2,6.100000000000001,11.044,48.2,26.4,2.615293818495023,18.6,9.287926510882443,10.0,6.800000000000001,11.819999999999999,49.5,3.6874540487588887,22,0.8437050543885622,3.0,3.4000000000000004,10.759999999999998,46.5,1.5431335882311572,17,20.22108367324453,5.230587636990046,25.451671310234573,0.0
191,5,2,4.044216734648906,7.2,6.100000000000001,11.044,48.2,27.4,1.615293818495023,18.6,9.287926510882443,10.0,6.800000000000001,11.819999999999999,49.5,2.6874540487588887,22,0.8437050543885622,3.0,3.4000000000000004,10.759999999999998,46.5,0.5431335882311572,17,20.22108367324453,3.230587636990046,23.451671310234573,0.0
192,5,0,4.381707544400683,7.2,6.100000000000001,11.044,48.2,28.4,0.0,18.6,9.287926510882443,10.0,6.800000000000001,11.819999999999999,49.5,0.0,22,0.8437050543885622,3.0,3.4000000000000004,10.759999999999998,46.5,0.0,17,21.908537722003416,0.0,21.908537722003416,0.0
193,5,0,4.381707544400683,7.2,6.100000000000001,11.044,48.2,29.4,0.0,18.6,9.287926510882443,10.0,6.800000000000001,11.819999999999999,49.5,0.0,22,0.8437050543885622,3.0,3.4000000000000004,10.759999999999998,46.5,0.0,17,21.908537722003416,0.0,21.908537722003416,0.0
194,5,0,4.381707544400683,7.2,6.100000000000001,11.044,48.2,30.4,0.0,18.6,9.287926510882443,10.0,6.800000000000001,11.819999999999999,49.5,0.0,22,0.8437050543885622,3.0,3.4000000000000004,10.759999999999998,46.5,0.0,17,21.908537722003416,0.0,21.908537722003416,0.0
195,5,0,4.381707544400683,7.2,6.100000000000001,11.044,48.2,31.4,0.0,18.6,9.287926510882443,10.0,6.800000000000001,11.819999999999999,49.5,0.0,22,0.8437050543885622,3.0,3.4000000000000004,10.759999999999998,46.5,0.0,17,21.908537722003416,0.0,21.908537722003416,0.0
196,5,0,4.381707544400683,7.2,6.100000000000001,11.044,48.2,32.4,0.0,18.6,9.287926510882443,10.0,6.800000000000001,11.819999999999999,49.5,0.0,22,0.8437050543885622,3.0,3.4000000000000004,10.759999999999998,46.5,0.0,17,21.908537722003416,0.0,21.908537722003416,0.0
197,5,0,4.381707544400683,7.2,6.100000000000001,11.044,48.2,33.4,0.0,18.6,9.287926510882443,10.0,6.800000000000001,11.819999999999999,49.5,0.0,22,0.8437050543885622,3.0,3.4000000000000004,10.759999999999998,46.5,0.0,17,21.908537722003416,0.0,21.908537722003416,0.0
198,5,0,4.381707544400683,7.2,6.100000000000001,11.044,48.2,34.4,0.0,18.6,9.287926510882443,10.0,6.800000000000001,11.819999999999999,49.5,0.0,22,0.8437050543885622,3.0,3.4000000000000004,10.759999999999998,46.5,0.0,17,21.908537722003416,0.0,21.908537722003416,0.0
199,5,0,4.381707544400683,7.2,6.100000000000001,11.044,48.2,35.4,0.0,18.6,9.287926510882443,10.0,6.800000000000001,11.819999999999999,49.5,0.0,22,0.8437050543885622,3.0,3.4000000000000004,10.759999999999998,46.5,0.0,17,21.908537722003416,0.0,21.908537722003416,0.0
200,5,0,4.381707544400683,7.2,6.100000000000001,11.044,48.2,36.4,0.0,18.6,9.287926510882443,10.0,6.800000000000001,11.819999999999999,49.5,0.0,22,0.8437050543885622,3.0,3.4000000000000004,10.759999999999998,46.5,0.0,17,21.908537722003416,0.0,21.908537722003416,0.0
201,4,1,3.155152802780244,6.5,5.925000000000001,11.1,47.875,34.25,9.287926510882443,19.0,5.497150055729386,10.0,6.800000000000001,11.819999999999999,48.5,9.287926510882443,22,0.8437050543885622,3.0,3.4000000000000004,10.759999999999998,46.5,9.287926510882443,17,12.620611211120975,9.287926510882443,21.908537722003416,0.0
202,4,1,3.155152802780244,6.5,5.925000000000001,11.1,47.875,35.25,8.287926510882443,19.0,5.497150055729386,10.0,6.800000000000001,11.819999999999999,48.5,8.287926510882443,22,0.8437050543885622,3.0,3.4000000000000004,10.759999999999998,46.5,8.287926510882443,17,12.620611211120975,8.287926510882443,20.908537722003416,0.0
203,4,1,3.155152802780244,6.5,5.925000000000001,11.1,47.875,36.25,7.287926510882443,19.0,5.497150055729386,10.0,6.800000000000001,11.819999999999999,48.5,7.287926510882443,22,0.8437050543885622,3.0,3.4000000000000004,10.759999999999998,46.5,7.287926510882443,17,12.620611211120975,7.287926510882443,19.908537722003416,0.0
204,4,1,3.155152802780244,6.5,5.925000000000001,11.1,47.875,37.25,6.287926510882443,19.0,5.497150055729386,10.0,6.800000000000001,11.819999999999999,48.5,6.287926510882443,22,0.8437050543885622,3.0,3.4000000000000004,10.759999999999998,46.5,6.287926510882443,17,12.620611211120975,6.287926510882443,18.908537722003416,0.0
205,4,1,3.155152802780244,6.5,5.925000000000001,11.1,47.875,38.25,5.287926510882443,19.0,5.497150055729386,10.0,6.800000000000001,11.819999999999999,48.5,5.287926510882443,22,0.8437050543885622,3.0,3.4000000000000004,10.759999999999998,46.5,5.287926510882443,17,12.620611211120975,5.287926510882443,17.908537722003416,0.0
206,4,1,3.155152802780244,6.5,5.925000000000001,11.1,47.875,39.25,4.287926510882443,19.0,5.497150055729386,10.0,6.800000000000001,11.819999999999999,48.5,4.287926510882443,22,0.8437050543885622,3.0,3.4000000000000004,10.759999999999998,46.5,4.287926510882443,17,12.620611211120975,4.287926510882443,16.908537722003416,0.0
207,4,0,3.977134430500854,6.5,5.925000000000001,11.1,47.875,40.25,0.0,19.0,8.785076566611828,10.0,6.800000000000001,11.819999999999999,48.5,0.0,22,0.8437050543885622,3.0,3.4000000000000004,10.759999999999998,46.5,0.0,17,15.908537722003416,0.0,15.908537722003416,0.0
208,3,1,2.3744870517971957,5.666666666666667,5.666666666666667,11.193333333333333,47.666666666666664,38.666666666666664,8.785076566611828,19.666666666666668,3.531181073138333,10.0,6.800000000000001,11.819999999999999,48.5,8.785076566611828,22,0.8437050543885622,3.0,3.4000000000000004,10.759999999999998,46.5,8.785076566611828,18,7.123461155391587,8.785076566611828,15.908537722003416,0.0
209,2,2,3.1398780505015127,7.0,6.800000000000001,10.879999999999999,47.25,35.0,4.314390810500195,20.0,3.531181073138333,10.0,6.800000000000001,11.0,48.0,7.785076566611828,22,2.748575027864693,4.0,6.800000000000001,10.759999999999998,46.5,0.8437050543885622,18,6.279756101003025,8.62878162100039,14.908537722003416,0.0
210,2,1,3.1398780505015127,7.0,6.800000000000001,10.879999999999999,47.25,36.0,6.785076566611828,20.0,3.531181073138333,10.0,6.800000000000001,11.0,48.0,6.785076566611828,22,2.748575027864693,4.0,6.800000000000001,10.759999999999998,46.5,6.785076566611828,18,6.279756101003025,6.785076566611828,13.064832667614853,0.0
211,1,1,3.531181073138333,4.0,6.800000000000001,11.0,46.5,26.0,8.53365159447652,22.0,3.531181073138333,4.0,6.800000000000001,11.0,46.5,8.53365159447652,22,3.531181073138333,4.0,6.800000000000001,11.0,46.5,8.53365159447652,22,3.531181073138333,8.53365159447652,12.064832667614853,0.0
212,1,1,3.531181073138333,4.0,6.800000000000001,11.0,46.5,27.0,7.53365159447652,22.0,3.531181073138333,4.0,6.800000000000001,11.0,46.5,7.53365159447652,22,3.531181073138333,4.0,6.800000000000001,11.0,46.5,7.53365159447652,22,3.531181073138333,7.53365159447652,11.064832667614853,0.0
213,1,1,3.531181073138333,4.0,6.800000000000001,11.0,46.5,28.0,6.53365159447652,22.0,3.531181073138333,4.0,6.800000000000001,11.0,46.5,6.53365159447652,22,3.531181073138333,4.0,6.800000000000001,11.0,46.5,6.53365159447652,22,3.531181073138333,6.53365159447652,10.064832667614853,0.0
214,1,1,3.531181073138333,4.0,6.800000000000001,11.0,46.5,29.0,5.53365159447652,22.0,3.531181073138333,4.0,6.800000000000001,11.0,46.5,5.53365159447652,22,3.531181073138333,4.0,6.800000000000001,11.0,46.5,5.53365159447652,22,3.531181073138333,5.53365159447652,9.064832667614853,0.0
215,1,1,3.531181073138333,4.0,6.800000000000001,11.0,46.5,30.0,4.53365159447652,22.0,3.531181073138333,4.0,6.800000000000001,11.0,46.5,4.53365159447652,22,3.531181073138333,4.0,6.800000000000001,11.0,46.5,4.53365159447652,22,3.531181073138333,4.53365159447652,8.064832667614853,0.0
216,1,1,3.531181073138333,4.0,6.800000000000001,11.0,46.5,31.0,3.5336515944765203,22.0,3.531181073138333,4.0,6.800000000000001,11.0,46.5,3.5336515944765203,22,3.531181073138333,4.0,6.800000000000001,11.0,46.5,3.5336515944765203,22,3.531181073138333,3.5336515944765203,7.064832667614853,0.0
217,1,2,3.531181073138333,4.0,6.800000000000001,11.0,46.5,32.0,11.26682579723826,22.0,3.531181073138333,4.0,6.800000000000001,11.0,46.5,20.0,22,3.531181073138333,4.0,6.800000000000001,11.0,46.5,2.5336515944765203,22,3.531181073138333,22.53365159447652,26.06483266761485,0.0
218,1,3,3.531181073138333,4.0,6.800000000000001,11.0,46.5,33.0,38.844550531492175,22.0,3.531181073138333,4.0,6.800000000000001,11.0,46.5,96.0,22,3.531181073138333,4.0,6.800000000000001,11.0,46.5,1.5336515944765203,22,3.531181073138333,116.53365159447652,120.06483266761485,0.0
219,1,4,3.531181073138333,4.0,6.800000000000001,11.0,46.5,34.0,34.13341289861913,22.0,3.531181073138333,4.0,6.800000000000001,11.0,46.5,95.0,22,3.531181073138333,4.0,6.800000000000001,11.0,46.5,0.5336515944765203,22,3.531181073138333,136.5336515944765,140.06483266761484,0.0
220,1,4,3.531181073138333,4.0,6.800000000000001,11.0,46.5,35.0,42.0,22.0,3.531181073138333,4.0,6.800000000000001,11.0,46.5,94.0,22,3.531181073138333,4.0,6.800000000000001,11.0,46.5,17.0,22,3.531181073138333,168.0,171.53118107313833,0.0
221,1,5,3.531181073138333,4.0,6.800000000000001,11.0,46.5,36.0,48.6,22.0,3.531181073138333,4.0,6.800000000000001,11.0,46.5,93.0,22,3.531181073138333,4.0,6.800000000000001,11.0,46.5,16.0,22,3.531181073138333,243.0,246.53118107313833,0.0
222,1,6,3.531181073138333,4.0,6.800000000000001,11.0,46.5,37.0,47.166666666666664,22.0,3.531181073138333,4.0,6.800000000000001,11.0,46.5,92.0,22,3.531181073138333,4.0,6.800000000000001,11.0,46.5,15.0,22,3.531181073138333,283.0,286.5311810731383,0.0
223,1,7,3.531181073138333,4.0,6.800000000000001,11.0,46.5,38.0,45.857142857142854,22.0,3.531181073138333,4.0,6.800000000000001,11.0,46.5,91.0,22,3.531181073138333,4.0,6.800000000000001,11.0,46.5,14.0,22,3.531181073138333,321.0,324.5311810731383,0.0
224,1,7,79.53118107313833,4.0,6.800000000000001,11.0,46.5,39.0,37.0,22.0,79.53118107313833,4.0,6.800000000000001,11.0,46.5,90.0,22,79.53118107313833,4.0,6.800000000000001,11.0,46.5,13.0,22,79.53118107313833,259.0,338.5311810731383,0.0
225,2,8,29.824192902426873,4.5,6.800000000000001,10.969999999999999,46.75,19.5,41.625,22.5,39.765590536569164,5.0,6.800000000000001,11.0,47.0,89.0,23,19.882795268284582,4.0,6.800000000000001,10.94,46.5,12.0,22,59.648385804853746,333.0,392.6483858048538,0.0
226,4,9,11.184072338410077,4.0,6.750000000000002,10.969999999999999,47.0,9.75,46.55555555555556,23.0,19.882795268284582,5.0,6.800000000000001,11.0,47.5,94.0,24,4.9706988170711455,3.0,6.700000000000001,10.94,46.5,11.0,22,44.73628935364031,419.0,463.7362893536403,0.0
227,8,10,4.194027126903778,3.875,6.7625,10.947499999999998,47.0625,4.875,45.6,23.5,9.941397634142291,5.0,6.9,11.0,47.5,93.0,25,1.2426747042677864,3.0,6.600000000000001,10.879999999999999,46.0,10.0,22,33.55221701523023,456.0,489.5522170152302,0.0
228,11,11,2.5983198361962807,3.6363636363636362,6.790909090909093,10.956363636363635,46.86363636363637,3.8181818181818183,45.27272727272727,23.545454545454547,4.9706988170711455,5.0,7.0,11.0,47.5,92.0,25,1.2426747042677864,2.0,6.600000000000001,10.879999999999999,46.0,9.0,22,28.58151819815909,498.0,526.5815181981591,0.0
229,11,12,2.5983198361962807,3.6363636363636362,6.790909090909093,10.956363636363635,46.86363636363637,4.545454545454546,46.583333333333336,23.545454545454547,4.9706988170711455,5.0,7.0,11.0,47.5,91.0,25,1.2426747042677864,2.0,6.600000000000001,10.879999999999999,46.0,8.0,22,28.58151819815909,559.0,587.5815181981591,0.0
230,12,13,2.2782369578242747,3.75,6.791666666666667,10.959999999999999,46.833333333333336,5.0,49.0,23.5,4.9706988170711455,5.0,7.0,11.0,47.5,90.0,25,1.2426747042677864,2.0,6.600000000000001,10.879999999999999,46.0,7.0,22,27.338843493891297,637.0,664.3388434938913,0.0
231,12,15,2.2782369578242747,3.75,6.791666666666667,10.959999999999999,46.833333333333336,5.916666666666667,50.666666666666664,23.5,4.9706988170711455,5.0,7.0,11.0,47.5,89.0,25,1.2426747042677864,2.0,6.600000000000001,10.879999999999999,46.0,6.0,22,27.338843493891297,760.0,787.3388434938913,0.0
232,12,17,2.2782369578242747,3.75,6.791666666666667,10.959999999999999,46.833333333333336,6.916666666666667,49.35294117647059,23.5,4.9706988170711455,5.0,7.0,11.0,47.5,88.0,25,1.2426747042677864,2.0,6.600000000000001,10.879999999999999,46.0,5.0,22,27.338843493891297,839.0,866.3388434938913,0.0
233,12,18,3.2782369578242743,3.75,6.791666666666667,10.959999999999999,46.833333333333336,7.916666666666667,51.5,23.5,13.242674704267786,5.0,7.0,11.0,47.5,97.0,25,1.2426747042677864,2.0,6.600000000000001,10.879999999999999,46.0,4.0,22,39.33884349389129,927.0,966.3388434938913,0.0
234,13,18,8.15601344752495,3.6153846153846154,6.800000000000001,10.967692307692307,46.84615384615385,8.153846153846153,54.666666666666664,23.615384615384617,69.48534940853557,5.0,7.0,11.06,47.5,99.0,25,1.2426747042677864,2.0,6.600000000000001,10.879999999999999,46.0,8.0,22,106.02817481782435,984.0,1090.0281748178243,0.0
235,17,20,5.006656898974899,3.4705882352941178,6.81764705882353,10.961176470588233,46.794117647058826,6.764705882352941,53.3,24.0,34.742674704267785,6.0,7.0,11.06,47.5,98.0,26,0.8276671690167366,1.0,6.600000000000001,10.879999999999999,46.0,7.0,22,85.11316728257329,1066.0,1151.1131672825734,0.0
236,19,22,3.9789384967099797,3.3684210526315788,6.826315789473685,10.95894736842105,46.71052631578947,7.810526315789472,54.54545454545455,24.05263157894737,17.371337352133892,6.0,7.0,11.06,47.5,97.0,26,0.8276671690167366,1.0,6.600000000000001,10.879999999999999,45.5,6.0,22,75.59983143748961,1200.0,1275.5998314374897,20.400000000000002
237,20,26,3.3300115260951904,3.45,6.840000000000002,10.948999999999998,46.6,8.375,51.59559036186675,24.2,17.371337352133892,6.0,7.0,11.06,47.5,96.0,26,0.8276671690167366,1.0,6.600000000000001,10.879999999999999,45.5,2.4853494085355727,23,66.60023052190381,1341.4853494085355,1408.0855799304393,55.1
238,23,26,2.5652291491454453,3.652173913043478,6.85217391304348,10.937391304347823,46.52173913043478,11.021739130434781,50.59559036186675,24.26086956521739,8.685668676066946,7.0,7.0,11.06,47.5,95.0,26,0.8276671690167366,1.0,6.600000000000001,10.819999999999999,45.5,1.4853494085355727,23,59.00027043034524,1315.4853494085355,1374.4856198388807,69.0
239,23,25,5.710587124034475,3.739130434782609,6.856521739130437,10.932173913043476,46.5,13.556521739130433,48.59882795268284,24.347826086956523,50.060668676066946,7.0,7.0,11.06,47.5,94.0,26,0.8276671690167366,1.0,6.600000000000001,10.819999999999999,45.5,0.48534940853557273,23,131.34350385279294,1214.970698817071,1346.314202669864,89.5
240,23,25,4.755725220178736,3.9130434782608696,6.843478260869567,10.919130434782607,46.56521739130435,14.156521739130437,47.69242674704268,24.47826086956522,25.030334338033473,7.0,7.0,11.06,47.5,93.0,27,0.8276671690167366,1.0,6.600000000000001,10.819999999999999,45.5,1.6553343380334733,23,109.38168006411092,1192.310668676067,1301.692348740178,110.10000000000001
241,26,25,3.7968754669834266,3.923076923076923,6.834615384615386,10.91230769230769,46.71153846153846,16.707692307692305,51.24,24.653846153846153,12.515167169016737,7.0,7.0,11.06,48.0,92.0,27,0.8276671690167366,1.0,6.600000000000001,10.819999999999999,45.5,1.0,23,98.71876214156909,1281.0,1379.7187621415692,88.80000000000001
242,25,25,7.158649286990064,4.0,6.840000000000001,10.899199999999997,46.82,16.976000000000003,46.89131198930627,24.96,103.51516716901673,7.0,7.0,11.06,48.5,91.0,28,0.8276671690167366,1.0,6.600000000000001,10.819999999999999,45.5,2.1714171690167365,23,178.9662321747516,1172.2827997326567,1351.2490319074084,129.10000000000002
243,26,26,5.810507264440276,4.038461538461538,6.842307692307695,10.893846153846152,46.92307692307692,18.884615384615387,45.638245541180396,25.03846153846154,51.75758358450837,7.0,7.0,11.06,48.5,90.0,28,0.8276671690167366,1.0,6.600000000000001,10.819999999999999,45.5,1.48300150705021,23,151.0731888754472,1186.5943840706902,1337.6675729461374,94.80000000000001
244,25,29,4.946901421246497,3.88,6.832000000000002,10.889599999999998,47.0,16.672,40.27254957043392,25.32,25.878791792254184,7.0,7.0,11.06,48.5,89.0,28,0.6820060282008398,1.0,6.600000000000001,10.819999999999999,45.5,0.48534940853557273,23,123.67253553116242,1167.9039375425837,1291.576473073746,94.9
245,28,25,3.6994101278583,3.607142857142857,6.828571428571429,10.888571428571424,47.035714285714285,14.232142857142856,46.67432006028201,25.571428571428573,12.939395896127092,7.0,7.0,11.06,48.5,88.0,29,0.32766716901673665,1.0,6.600000000000001,10.819999999999999,45.5,2.342834338033473,23,103.5834835800324,1166.8580015070502,1270.4414850870826,13.400000000000002
246,34,25,4.327131769319721,3.3823529411764706,6.817647058823531,10.879999999999995,47.10294117647059,11.361764705882353,45.680020663102084,26.176470588235293,56.171417169016735,7.0,7.0,11.06,48.5,87.0,30,0.32766716901673665,1.0,6.600000000000001,10.819999999999999,45.5,2.4853494085355727,23,147.12248015687052,1142.0005165775522,1289.1229967344227,20.5
247,36,25,3.9267927583882076,3.5277777777777777,6.81388888888889,10.876666666666663,47.041666666666664,10.588888888888889,48.06621337352134,26.194444444444443,28.085708584508367,7.0,7.0,11.06,48.5,96.0,30,0.32766716901673665,1.0,6.600000000000001,10.759999999999998,45.0,0.6553343380334733,23,141.36453930197547,1201.6553343380335,1343.0198736400089,20.200000000000003
248,40,25,3.163375433066401,3.6,6.82,10.878499999999997,47.0125,10.952499999999997,48.04,26.275,14.042854292254184,7.0,7.1,11.06,48.5,95.0,30,0.32766716901673665,1.0,6.600000000000001,10.759999999999998,45.0,5.0,23,126.53501732265603,1201.0,1327.5350173226561,26.900000000000006
249,45,26,2.5704828893113967,3.6444444444444444,6.826666666666665,10.877333333333329,46.922222222222224,11.066666666666665,47.46153846153846,26.4,7.021427146127092,7.0,7.1,11.06,48.5,94.0,30,0.32766716901673665,1.0,6.600000000000001,10.759999999999998,45.0,4.0,23,115.67173001901284,1234.0,1349.6717300190128,26.900000000000006
250,46,31,2.18389000903432,3.4782608695652173,6.826086956521739,10.870869565217387,47.0,7.7,39.7181251710666,26.695652173913043,6.469697948063546,6.0,7.1,11.06,48.5,93.0,30,0.32766716901673665,1.0,6.600000000000001,10.759999999999998,45.0,0.8270097958263646,23,100.45894041557871,1231.2618803030648,1331.7208207186436,26.900000000000006
251,46,31,3.6838900090343207,3.4782608695652173,6.826086956521739,10.870869565217388,47.0,8.591304347826085,40.04628614539479,26.695652173913043,70.90533433803347,6.0,7.1,11.06,48.5,92.0,30,0.32766716901673665,1.0,6.600000000000001,10.759999999999998,45.0,0.36401205640167955,23,169.45894041557875,1241.4348705072384,1410.8938109228172,0.0
252,49,31,3.098802354641126,3.4489795918367347,6.818367346938775,10.86897959183673,47.01020408163265,8.942857142857141,43.14468869059792,26.73469387755102,35.452667169016735,6.0,7.1,11.06,48.5,91.0,30,0.32766716901673665,1.0,6.600000000000001,10.759999999999998,45.0,0.48534940853557273,23,151.84131537741516,1337.4853494085355,1489.3266647859507,0.0
253,52,30,4.2531220769671485,3.4423076923076925,6.81730769230769,10.869615384615381,47.03846153846154,9.424999999999999,45.96666666666667,26.71153846153846,82.17141716901673,6.0,7.1,11.06,48.5,90.0,30,0.32766716901673665,1.0,6.600000000000001,10.759999999999998,45.0,2.0,23,221.16234800229174,1379.0,1600.1623480022918,6.9
254,54,30,7.104246005144698,3.4814814814814814,6.816666666666664,10.866666666666665,47.101851851851855,10.555555555555555,44.27809447793445,26.75925925925926,76.81066867606695,6.0,7.1,11.06,48.5,93.0,30,0.32766716901673665,1.0,6.600000000000001,10.759999999999998,45.0,1.0,23,383.62928427781367,1328.3428343380335,1711.9721186158472,83.3
255,60,32,4.8748628601651545,3.433333333333333,6.811666666666666,10.864,47.21666666666667,10.366666666666669,43.18392776969649,26.95,38.40533433803348,7.0,7.1,11.06,48.5,92.0,31,0.32766716901673665,1.0,6.600000000000001,10.759999999999998,45.0,4.0,23,292.4917716099093,1381.8856886302876,1674.3774602401968,115.50000000000001
256,69,31,5.403304257320496,3.420289855072464,6.814492753623187,10.863478260869568,47.289855072463766,10.773913043478263,41.920737235234,27.130434782608695,92.71875201788106,7.0,7.1,11.06,49.0,87.0,32,0.32766716901673665,1.0,6.600000000000001,10.699999999999998,45.0,3.0,23,372.8279937551142,1299.542854292254,1672.3708480473683,73.4
257,80,33,5.342005933706988,3.35,6.821250000000001,10.86725000000001,47.35625,9.5275,39.84949658562909,27.4875,74.51071357306354,7.0,7.199999999999999,11.06,49.0,86.0,33,0.32766716901673665,1.0,6.600000000000001,10.699999999999998,45.0,0.8593760089405318,23,427.36047469655904,1315.03338732576,1742.3938620223191,115.60000000000001
258,95,37,4.592145565536152,3.357894736842105,6.813684210526317,10.869263157894748,47.38947368421053,8.996842105263157,37.52991334390233,27.726315789473684,58.56785678653177,7.0,7.199999999999999,11.06,49.5,85.0,33,0.32766716901673665,1.0,6.600000000000001,10.699999999999998,45.0,0.43152225760962315,23,436.2538287259344,1388.606793724386,1824.8606224503205,131.5
259,106,35,5.053865564201579,3.349056603773585,6.815094339622645,10.867547169811326,47.382075471698116,8.96320754716981,38.08383501739926,27.830188679245282,77.71576112880481,7.0,7.199999999999999,11.06,49.5,84.0,33,0.2984545161006015,1.0,6.600000000000001,10.699999999999998,45.0,0.12506457219403888,23,535.7097498053673,1332.934225608974,1868.6439754143412,137.9
260,120,35,4.138128216929876,3.316666666666667,6.817499999999999,10.86300000000001,47.34166666666667,9.6625,41.558859772755284,27.958333333333332,39.21579169806355,7.0,7.199999999999999,11.06,49.5,98.0,33,0.2984545161006015,1.0,6.600000000000001,10.699999999999998,45.0,1.4487305002793915,23,496.5753860315851,1454.5600920464349,1951.13547807802,238.90000000000003
261,129,39,4.5294408891980265,3.4108527131782944,6.829457364341083,10.857674418604661,47.275193798449614,10.403100775193801,34.818066766457555,27.96124031007752,75.01417667872255,7.0,7.199999999999999,11.06,49.5,97.0,33,0.2984545161006015,1.0,6.600000000000001,10.699999999999998,45.0,0.8087122435079432,23,584.2978747065454,1357.9046038918448,1942.2024785983901,358.70000000000005
262,143,39,3.7423702583047747,3.3846153846153846,6.820979020979021,10.85272727272728,47.2972027972028,11.175524475524474,33.005376538944176,28.055944055944057,37.507088339361275,7.0,7.199999999999999,11.06,49.5,96.0,33,0.2984545161006015,1.0,6.500000000000002,10.699999999999998,45.0,0.6174244870158865,23,535.1589469375828,1287.209685018823,1822.3686319564058,364.30000000000007
263,158,36,4.131450597478585,3.2911392405063293,6.808227848101266,10.851139240506342,47.37341772151899,12.133544303797466,29.988849628218595,28.18354430379747,73.7243652501397,7.0,7.199999999999999,11.06,49.5,95.0,33,0.2984545161006015,1.0,6.500000000000002,10.699999999999998,45.0,0.35108903043849304,23,652.7691944016163,1079.5985866158694,1732.3677810174859,470.50000000000006
264,162,38,3.6112050131451094,3.265432098765432,6.803086419753087,10.848518518518528,47.376543209876544,13.110493827160495,27.84980598690726,28.246913580246915,73.7243652501397,7.0,7.199999999999999,11.06,49.5,94.0,33,0.2984545161006015,1.0,6.500000000000002,10.699999999999998,45.0,0.21430876763757523,24,585.0152121295077,1058.2926275024759,1643.3078396319836,658.7
265,167,36,3.54654271651815,3.281437125748503,6.79700598802395,10.850179640718574,47.383233532934135,14.398802395209586,29.68564324114969,28.25748502994012,73.7243652501397,7.0,7.199999999999999,11.06,49.5,94.0,33,0.2586554363205607,1.0,6.500000000000002,10.699999999999998,45.0,0.6174244870158865,24,592.272633658531,1068.683156681389,1660.95579033992,607.2
266,173,34,4.492355195459881,3.2890173410404624,6.793641618497107,10.85294797687862,47.3121387283237,15.30231213872833,23.677353698943953,28.248554913294797,94.4003333961271,7.0,7.199999999999999,11.06,49.5,93.0,33,0.2586554363205607,1.0,6.500000000000002,10.699999999999998,45.0,0.3035771919093938,24,777.1774488145594,805.0300257640944,1582.2074745786538,571.1
267,179,37,3.5938556934375674,3.3184357541899443,6.790502793296086,10.855530726256994,47.287709497206706,14.58826815642458,22.035406282014115,28.251396648044693,47.20016669806355,7.0,7.199999999999999,11.06,49.5,92.0,34,0.2586554363205607,1.0,6.500000000000002,10.699999999999998,45.0,0.1938180644024059,24,643.3001691253246,815.3100324345222,1458.6102015598467,497.20000000000005
268,186,38,2.893924549992969,3.413978494623656,6.793548387096776,10.854516129032268,47.303763440860216,13.79247311827957,21.307972242598918,28.193548387096776,23.600083349031774,8.0,7.199999999999999,11.06,49.5,91.0,34,0.2586554363205607,1.0,6.500000000000002,10.639999999999997,45.0,0.1938180644024059,24,538.2699662986922,809.7029452187588,1347.972911517451,544.6
269,201,28,2.8079689464850013,3.527363184079602,6.793034825870647,10.85343283582091,47.28109452736319,14.737810945273624,25.037914119414143,28.16417910447761,74.62969958817317,8.0,7.199999999999999,11.06,49.5,90.0,34,0.2586554363205607,1.0,6.500000000000002,10.639999999999997,45.0,0.0015545407707082681,24,564.4017582434852,701.061595343596,1265.4633535870812,565.0
270,194,41,2.3988604382670347,3.597938144329897,6.792268041237113,10.851237113402075,47.27319587628866,15.457216494845358,18.45389573629142,28.221649484536083,31.145438112239148,8.0,7.199999999999999,11.06,49.5,89.0,34,0.2586554363205607,1.0,6.500000000000002,10.639999999999997,45.0,0.0031090815414165363,24,465.37892502380475,756.6097251879484,1221.988650211753,787.7
271,189,30,3.1618761372817104,3.619047619047619,6.791005291005291,10.852698412698421,47.27513227513227,17.242857142857144,19.1289714119733,28.25925925925926,73.99188221324302,8.0,7.199999999999999,11.06,49.5,88.0,34,0.2586554363205607,1.0,6.500000000000002,10.639999999999997,45.0,0.0031090815414165363,24,597.5945899462432,573.869142359199,1171.4637323054421,644.5000000000001
272,183,28,3.419469487222734,3.633879781420765,6.793442622950819,10.85475409836066,47.23497267759563,18.02295081967213,16.770402907168627,28.24590163934426,55.576256955503005,8.0,7.299999999999999,11.06,49.5,87.0,34,0.2586554363205607,1.0,6.500000000000002,10.639999999999997,45.0,0.12201112880481157,24,625.7629161617604,469.57128140072155,1095.334197562482,685.2
273,179,29,3.419413697882647,3.7039106145251397,6.78826815642458,10.85452513966481,47.20391061452514,18.597765363128495,13.658540786529745,28.363128491620113,71.07271905611957,8.0,7.299999999999999,11.06,49.5,86.0,34,0.2586554363205607,1.0,6.500000000000002,10.639999999999997,45.0,0.6115500796216522,24,612.0750519209938,396.0976828093626,1008.1727347303564,646.4000000000001
274,181,25,3.4330322008188983,3.701657458563536,6.783977900552488,10.86077348066299,47.151933701657455,18.540331491712706,11.763738689376375,28.502762430939228,39.53635952805978,8.0,7.299999999999999,11.06,49.5,85.0,34,0.2586554363205607,1.0,6.500000000000002,10.639999999999997,45.0,0.0031090815414165363,24,621.3788283482206,294.0934672344094,915.4722955826301,544.4000000000001
275,183,35,2.7809727659918315,3.7049180327868854,6.790710382513664,10.86262295081968,47.12021857923497,16.055191256830597,8.87968489696713,28.62295081967213,19.76817976402989,8.0,7.299999999999999,11.06,49.5,84.0,34,0.2586554363205607,1.0,6.500000000000002,10.639999999999997,45.0,0.47500520931448587,24,508.91801617650515,310.7889713938495,819.7069875703546,516.7
276,186,25,2.933945564453128,3.661290322580645,6.787096774193545,10.86129032258066,47.053763440860216,15.420967741935485,8.464832409988823,28.774193548387096,37.739390345286196,8.0,7.299999999999999,11.06,49.5,83.0,34,0.2586554363205607,1.0,6.500000000000002,10.639999999999997,45.0,0.002331811156062402,24,545.7138749882818,211.62081024972056,757.3346852380023,291.6
277,187,27,2.599079907737538,3.6898395721925135,6.791978609625666,10.864278074866322,47.00802139037433,15.068449197860954,7.826580374475362,28.81283422459893,18.869695172643098,8.0,7.299999999999999,11.06,49.0,82.0,34,0.2586554363205607,1.0,6.500000000000002,10.639999999999997,45.0,0.28812847775150363,24,486.0279427469196,211.31767011083477,697.3456128577544,519.5000000000001
278,191,17,2.742203753355754,3.701570680628272,6.79633507853403,10.868062827225144,47.00785340314136,16.840837696335086,7.477816659802213,28.853403141361255,43.11051123525187,8.0,7.299999999999999,11.120000000000001,49.0,81.0,34,0.2586554363205607,1.0,6.500000000000002,10.639999999999997,45.0,0.14404576367687505,24,523.760916890949,127.12288321663762,650.8838001075867,543.3000000000001
279,183,23,2.445868211168276,3.737704918032787,6.801092896174859,10.867213114754103,46.978142076502735,17.680874316939896,7.073717482794223,28.934426229508198,21.555255617625935,8.0,7.299999999999999,11.120000000000001,49.0,80.0,34,0.2586554363205607,1.0,6.400000000000002,10.579999999999997,45.0,0.07271905611957385,24,447.59388264379453,162.69550210426712,610.2893847480616,788.5000000000001
280,184,17,2.3371504487715358,3.635869565217391,6.808152173913041,10.863043478260876,46.96195652173913,18.31630434782609,8.391156144089413,29.16304347826087,10.777627808812968,8.0,7.299999999999999,11.120000000000001,48.5,79.0,34,0.2678657878640907,1.0,6.400000000000002,10.519999999999996,45.0,0.3333893395962588,25,430.0356825739626,142.64965444952003,572.6853370234826,542.9000000000001
281,177,22,2.268342880483464,3.7005649717514126,6.8090395480226,10.865762711864415,46.90677966101695,18.932203389830516,6.517668112501909,29.305084745762713,25.589677974145097,8.0,7.299999999999999,11.120000000000001,49.0,78.0,34,0.2678657878640907,1.0,6.400000000000002,10.519999999999996,45.0,0.5173108726411214,25,401.49668984557314,143.388698475042,544.8853883206151,714.0000000000001
282,167,18,2.492124108729419,3.802395209580838,6.805988023952096,10.869940119760484,46.895209580838326,21.27604790419163,5.813247247697074,29.2874251497006,25.589677974145097,8.0,7.299999999999999,11.120000000000001,49.0,77.0,34,0.2678657878640907,1.0,6.400000000000002,10.519999999999996,45.0,0.23289584903177296,25,416.184726157813,104.63845045854733,520.8231766163603,641.2
283,152,25,2.2438466520924485,3.7039473684210527,6.802631578947368,10.873289473684222,46.86184210526316,23.223026315789475,6.227342556291131,29.36842105263158,25.589677974145097,7.0,7.299999999999999,11.120000000000001,49.0,76.0,34,0.2678657878640907,1.0,6.400000000000002,10.519999999999996,45.0,0.7367580298594689,25,341.06469111805217,155.68356390727826,496.7482550253304,865.3000000000001
284,130,30,2.519753596507746,3.7153846153846155,6.813076923076923,10.863846153846163,46.84230769230769,23.822307692307692,4.8018868186083274,29.49230769230769,25.589677974145097,7.0,7.299999999999999,11.06,48.5,75.0,34,0.2948389870725484,1.0,6.400000000000002,10.519999999999996,45.0,0.4247149111668673,25,327.56796754600697,144.05660455824983,471.6245721042568,649.1000000000001
285,117,25,2.4149002674270363,3.8034188034188032,6.800000000000004,10.868205128205132,46.782051282051285,22.911965811965818,6.044253020010119,29.53846153846154,8.845334734005426,7.0,7.299999999999999,11.06,48.5,74.0,34,0.2948389870725484,1.0,6.400000000000002,10.519999999999996,45.0,0.01475655378787688,25,282.54333128896326,151.10632550025298,433.64965678921624,390.70000000000005
286,117,13,3.1730497627962926,3.8205128205128207,6.805982905982907,10.865641025641033,46.76495726495727,23.009401709401722,2.3388276657868037,29.581196581196583,73.29483898707255,7.0,7.299999999999999,11.06,48.5,6.256707305305648,34,0.2759725625454007,1.0,6.400000000000002,10.519999999999996,45.0,0.1781861552130355,25,371.2468222471662,30.404759655228446,401.6515819023947,329.70000000000005
287,107,20,2.8598164689615664,3.8130841121495327,6.809345794392523,10.864859813084122,46.822429906542055,22.527102803738327,2.67929071140795,29.69158878504673,36.647419493536276,7.0,7.299999999999999,11.06,49.0,6.436063253595842,34,0.2759725625454007,1.0,6.400000000000002,10.579999999999997,45.0,0.34720347610162094,25,306.0003621788876,53.585814228158995,359.5861764070466,441.00000000000006
288,98,21,2.6260501008495245,3.7755102040816326,6.812244897959182,10.860408163265317,46.80102040816327,21.09693877551021,3.1663443338215362,29.775510204081634,18.323709746768138,7.0,7.299999999999999,11.06,49.0,14.242889769058413,35,0.2759725625454007,1.0,6.400000000000002,10.579999999999997,45.0,0.17935594829019363,25,257.3529098832534,66.49323101025226,323.84614089350566,279.6
289,95,14,2.7138888470457303,3.7157894736842105,6.823157894736844,10.852210526315798,46.863157894736844,20.493684210526318,2.4822404694860585,29.96842105263158,16.803612211323017,7.0,7.299999999999999,11.06,49.0,6.198339005238765,35,0.2759725625454007,1.0,6.400000000000002,10.579999999999997,45.0,0.2712356028778027,25,257.8194404693444,34.75136657280482,292.5708070421492,230.50000000000003
290,97,13,2.434466979764786,3.6804123711340204,6.841237113402062,10.84288659793815,46.896907216494846,20.636082474226804,2.2523221120679797,30.185567010309278,9.118175801854202,8.0,7.299999999999999,11.06,49.0,5.892209965168719,35,0.2759725625454007,1.0,6.400000000000002,10.579999999999997,45.0,0.316746572012029,25,236.14329703718428,29.280187456883738,265.423484494068,270.1
291,91,19,2.182559394339099,3.5934065934065935,6.859340659340661,10.83318681318682,47.03846153846154,19.312087912087915,2.291620008804682,30.186813186813186,9.118175801854202,8.0,7.399999999999999,11.120000000000001,49.0,5.197994288498489,35,0.2759725625454007,1.0,6.400000000000002,10.519999999999996,45.0,0.14523185917300863,25,198.612904884858,43.54078016728896,242.15368505214695,357.70000000000005
292,86,16,2.224703610392106,3.604651162790698,6.861627906976743,10.834651162790705,47.03488372093023,19.986046511627908,1.8665424368933528,30.209302325581394,9.118175801854202,8.0,7.399999999999999,11.120000000000001,49.0,5.2729716889967,35,0.2759725625454007,1.0,6.400000000000002,10.519999999999996,45.0,0.05120354361354984,25,191.3245104937211,29.864678990293644,221.18918948401475,337.70000000000005
293,84,15,2.053612079854383,3.6547619047619047,6.866666666666666,10.828571428571435,47.04761904761905,22.23214285714286,2.027823756818519,30.273809523809526,9.118175801854202,8.0,7.399999999999999,11.120000000000001,49.0,6.87246927371882,35,0.28630796479325216,1.0,6.400000000000002,10.519999999999996,45.0,0.2759725625454007,25,172.50341470776814,30.417356352277785,202.92077106004592,381.1
294,80,9,1.9865977186908725,3.625,6.86875,10.829000000000004,47.03125,23.44375,3.3391488671766583,30.3875,6.761023231385404,8.0,7.399999999999999,11.120000000000001,49.5,9.118175801854202,35,0.28630796479325216,1.0,6.400000000000002,10.519999999999996,45.0,0.18082373525186846,25,158.9278174952698,30.052339804589923,188.98015729985974,255.9
295,73,9,2.0681565729238134,3.493150684931507,6.87123287671233,10.819178082191783,47.054794520547944,24.367123287671237,3.28263317768672,30.616438356164384,9.250532785183054,8.0,7.399999999999999,11.120000000000001,49.5,6.761023231385404,35,0.28630796479325216,1.0,6.400000000000002,10.519999999999996,45.0,1.0355438935588195,26,150.9754298234384,29.54369859918048,180.51912842261888,234.9
296,70,11,1.9619410938126947,3.5142857142857142,6.865714285714287,10.82514285714286,47.07857142857143,24.98428571428572,2.7899340105854304,30.65714285714286,8.608417574680676,8.0,7.399999999999999,11.120000000000001,49.5,9.250532785183054,36,0.28630796479325216,1.0,6.400000000000002,10.519999999999996,45.0,0.5726159295865043,26,137.33587656688863,30.689274116439734,168.02515068332838,257.2
297,62,16,2.036459621577645,3.532258064516129,6.862903225806454,10.833548387096776,47.064516129032256,24.827419354838717,1.836948289096231,30.64516129032258,10.201132690761083,8.0,7.299999999999999,11.120000000000001,49.5,4.669016759002226,36,0.28630796479325216,1.0,6.400000000000002,10.579999999999997,45.0,0.21784778875951294,26,126.260496537814,29.391172625539696,155.6516691633537,263.1
298,56,15,1.9151069609325668,3.5535714285714284,6.85357142857143,10.845714285714285,47.07142857142857,24.280357142857145,2.1019713028841767,30.642857142857142,5.232486971587111,8.0,7.299999999999999,11.120000000000001,49.5,8.608417574680676,36,0.28630796479325216,1.0,6.400000000000002,10.579999999999997,45.0,0.14523185917300863,27,107.24598981222374,31.52956954326265,138.7755593554864,165.60000000000002
299,53,11,1.729533074139351,3.3773584905660377,6.854716981132075,10.849433962264149,46.95283018867924,23.750943396226415,2.7481032462508064,30.77358490566038,6.319071883577908,7.0,7.299999999999999,11.120000000000001,49.5,7.608417574680676,36,0.28630796479325216,1.0,6.400000000000002,10.579999999999997,45.0,0.05531176423144002,27,91.6652529293856,30.229135708758868,121.89438863814448,152.70000000000002
300,51,5,1.9473727172653752,3.450980392156863,6.858823529411765,10.84470588235294,46.90196078431372,24.23333333333333,2.171815229179485,30.862745098039216,10.87218175687444,6.0,7.299999999999999,11.120000000000001,49.5,3.3160169273286213,36,0.28630796479325216,1.0,6.400000000000002,10.579999999999997,45.0,0.6452318591730086,27,99.31600858053413,10.859076145897426,110.17508472643155,124.2
301,47,8,1.8570477999043737,3.4893617021276597,6.861702127659575,10.855744680851059,46.90425531914894,25.076595744680848,1.824961936768529,30.829787234042552,5.43609087843722,6.0,7.299999999999999,11.06,49.5,3.9086127965560884,36,0.28630796479325216,1.0,6.500000000000002,10.579999999999997,45.0,0.3858873841469963,28,87.28124659550556,14.599695494148232,101.8809420896538,205.8
302,39,11,1.8273969767636709,3.41025641025641,6.864102564102564,10.856923076923072,46.96153846153846,24.310256410256404,2.100942266809185,30.82051282051282,5.43609087843722,6.0,7.299999999999999,11.06,49.5,3.367502282754409,36,0.28630796479325216,1.0,6.500000000000002,10.579999999999997,45.0,0.3226159295865043,28,71.26848209378316,23.110364934901035,94.37884702868419,184.9
303,31,13,1.9174976160439139,3.5483870967741935,6.845161290322581,10.87806451612903,46.725806451612904,21.816129032258065,1.9217160318237885,30.612903225806452,5.43609087843722,6.0,7.299999999999999,11.06,49.0,4.8795509454704415,35,0.46543266919307125,1.0,6.500000000000002,10.639999999999997,45.0,0.28630796479325216,28,59.44242609736133,24.98230841370925,84.42473451107058,118.2
304,31,3,2.09352661804114,3.5161290322580645,6.858064516129032,10.874193548387094,46.75806451612903,21.277419354838706,2.6088123384212416,30.70967741935484,5.43609087843722,6.0,7.399999999999999,11.06,49.0,3.8795509454704415,35,0.46543266919307125,1.0,6.500000000000002,10.639999999999997,45.0,1.9500104186289717,28,64.89932515927534,7.826437015263725,72.72576217453906,0.0
305,27,5,2.223637432961016,3.5925925925925926,6.829629629629629,10.879999999999997,46.75925925925926,21.28518518518519,1.9375102969183289,30.555555555555557,5.9415109270310555,6.0,7.399999999999999,11.06,49.0,3.703152320605394,35,0.46543266919307125,1.0,6.500000000000002,10.639999999999997,45.0,0.8267716831392695,28,60.03821068994743,9.687551484591644,69.72576217453907,95.7
306,28,2,2.004394724461429,3.6785714285714284,6.810714285714285,10.875714285714283,46.857142857142854,20.807142857142857,3.2267787865229414,30.535714285714285,5.43609087843722,6.0,7.399999999999999,11.06,49.0,3.750405252440489,35,0.46543266919307125,1.0,6.500000000000002,10.639999999999997,45.0,2.703152320605394,28,56.123052284920014,6.453557573045883,62.5766098579659,33.60000000000001
307,27,2,2.1443762068359806,3.7037037037037037,6.81111111111111,10.873333333333331,46.870370370370374,22.01851851851852,1.3392261366972043,30.555555555555557,5.450909489814945,6.0,7.399999999999999,11.06,49.0,1.703152320605394,35,0.46543266919307125,1.0,6.500000000000002,10.639999999999997,45.0,0.9752999527890143,28,57.89815758457148,2.6784522733944085,60.576609857965884,34.300000000000004
308,28,1,2.019122507575634,3.7142857142857144,6.807142857142857,10.882142857142854,46.80357142857143,22.91071428571428,0.703152320605394,30.607142857142858,5.43609087843722,6.0,7.399999999999999,11.120000000000001,49.0,0.703152320605394,35,0.46543266919307125,1.0,6.500000000000002,10.639999999999997,45.0,0.703152320605394,28,56.535430212117745,0.703152320605394,57.23858253272314,21.0
309,26,2,1.969819123523287,3.6538461538461537,6.796153846153846,10.875384615384613,46.86538461538461,24.219230769230766,2.6600665002561463,30.653846153846153,5.43609087843722,6.0,7.399999999999999,11.120000000000001,49.0,2.7254547449074726,35,0.46543266919307125,1.0,6.500000000000002,10.639999999999997,45.0,2.59467825560482,28,51.21529721160546,5.320133000512293,56.53543021211775,62.7
310,25,1,2.09954669472227,3.68,6.808,10.875199999999998,46.9,26.271999999999995,2.046762844061005,30.72,5.43609087843722,6.0,7.399999999999999,11.120000000000001,49.0,2.046762844061005,35,0.46543266919307125,1.0,6.500000000000002,10.639999999999997,45.0,2.046762844061005,28,52.48866736805675,2.046762844061005,54.53543021211776,47.800000000000004
311,21,4,2.292875840376483,4.0476190476190474,6.800000000000001,10.888571428571426,46.785714285714285,26.7095238095238,1.3462593910529024,30.285714285714285,5.43609087843722,6.0,7.199999999999999,11.120000000000001,49.0,2.3545799014885054,34,0.46543266919307125,1.0,6.500000000000002,10.639999999999997,45.0,0.7493402056497336,28,48.150392647906145,5.3850375642116095,53.53543021211775,75.5
312,20,2,2.411491548152476,4.15,6.805,10.885999999999997,46.85,28.149999999999995,0.8126968525161816,30.3,5.43609087843722,6.0,7.199999999999999,11.120000000000001,49.0,1.2751415863451354,34,0.6068651719583229,1.0,6.500000000000002,10.639999999999997,45.0,0.35025211868722783,28,48.22983096304952,1.6253937050323632,49.85522466808189,27.000000000000004
313,19,3,2.284816006140673,4.052631578947368,6.800000000000001,10.861052631578945,47.078947368421055,26.136842105263156,1.5461550966838267,30.473684210526315,5.43609087843722,6.0,7.199999999999999,11.06,49.0,3.088182117361209,35,0.45500314267039416,1.0,6.500000000000002,10.639999999999997,45.0,0.2751415863451354,28,43.41150411667279,4.63846529005148,48.049969406724266,20.300000000000004
314,18,2,2.225755297533154,3.9444444444444446,6.777777777777779,10.859999999999996,47.05555555555556,25.927777777777774,2.855616232391178,30.61111111111111,5.223128017320024,6.0,7.199999999999999,11.06,49.0,5.43609087843722,35,0.45500314267039416,1.0,6.500000000000002,10.639999999999997,45.0,0.2751415863451354,28,40.063595355596775,5.711232464782356,45.77482782037913,0.0
315,18,1,2.225755297533154,3.9444444444444446,6.777777777777779,10.859999999999998,47.05555555555556,26.927777777777774,4.43609087843722,30.61111111111111,5.223128017320024,6.0,7.199999999999999,11.06,49.0,4.43609087843722,35,0.45500314267039416,1.0,6.500000000000002,10.639999999999997,45.0,4.43609087843722,28,40.063595355596775,4.43609087843722,44.499686234033994,0.0
316,18,0,2.4166492352241105,3.9444444444444446,6.777777777777779,10.859999999999998,47.05555555555556,29.055555555555557,0.0,30.61111111111111,6.15413631765583,6.0,7.199999999999999,11.06,49.0,0.0,35,0.45500314267039416,1.0,6.500000000000002,10.639999999999997,45.0,0.0,28,43.49968623403399,0.0,43.49968623403399,20.300000000000004
317,17,2,2.1298188401305684,4.176470588235294,6.8,10.865882352941172,47.0,26.84705882352941,2.8771159362001835,30.470588235294116,5.223128017320024,6.0,7.299999999999999,11.06,49.0,4.8442255870595785,35,0.45500314267039416,1.0,6.500000000000002,10.639999999999997,45.0,0.9100062853407883,28,36.20692028221966,5.754231872400367,41.96115215462003,20.5
318,17,0,2.3559497570164263,4.176470588235294,6.8,10.865882352941172,47.0,27.788235294117648,0.0,30.470588235294116,5.223128017320024,6.0,7.299999999999999,11.06,49.0,0.0,35,0.45500314267039416,1.0,6.500000000000002,10.639999999999997,45.0,0.0,28,40.051145869279246,0.0,40.051145869279246,0.0
319,17,1,2.126155961766711,4.294117647058823,6.800000000000002,10.865882352941174,47.0,25.999999999999996,2.7344742026558895,30.58823529411765,5.223128017320024,6.0,7.299999999999999,11.06,49.0,2.7344742026558895,35,0.45500314267039416,1.0,6.500000000000002,10.639999999999997,45.0,2.7344742026558895,28,36.14465135003409,2.7344742026558895,38.87912555268998,0.0
320,16,2,2.0733684929074103,4.25,6.812500000000002,10.864999999999998,47.03125,27.562499999999996,2.352614833085709,30.6875,5.223128017320024,6.0,7.299999999999999,11.06,49.0,2.9707554635155278,35,0.45500314267039416,1.0,6.500000000000002,10.639999999999997,45.0,1.7344742026558895,28,33.173895886518565,4.705229666171418,37.879125552689985,33.400000000000006
321,15,2,2.055323683556004,4.266666666666667,6.820000000000001,10.863999999999997,47.166666666666664,30.546666666666667,2.524635149674964,30.666666666666668,5.223128017320024,6.0,7.299999999999999,11.06,49.0,4.314796096694038,35,0.45500314267039416,1.0,6.500000000000002,10.639999999999997,45.0,0.7344742026558895,28,30.829855253340057,5.049270299349928,35.879125552689985,47.2
322,12,3,2.6070485366217446,4.583333333333333,6.775000000000001,10.854999999999999,47.208333333333336,29.999999999999996,0.953356303524386,30.25,7.540645994601004,6.0,7.299999999999999,11.06,49.0,1.3223384002286929,35,0.45500314267039416,1.0,6.500000000000002,10.639999999999997,45.0,0.6068651719583229,28,31.284582439460934,2.8600689105731583,34.144651350034096,40.60000000000001
323,10,4,2.277332648554373,4.5,6.8100000000000005,10.825999999999997,47.35,24.520000000000003,1.7371082138739138,30.2,5.223128017320024,6.0,7.299999999999999,10.94,49.0,3.770322997300502,35,0.45500314267039416,1.0,6.500000000000002,10.639999999999997,45.5,0.32233840022869287,28,22.773326485543727,6.948432855495655,29.72175934103938,26.400000000000006
324,10,2,2.294534680213298,4.5,6.8100000000000005,10.825999999999997,47.35,25.520000000000003,1.7270370693388533,30.2,5.223128017320024,6.0,7.299999999999999,10.94,49.0,2.770322997300502,35,0.45500314267039416,1.0,6.500000000000002,10.639999999999997,45.5,0.6837511413772046,28,22.94534680213298,3.4540741386777065,26.39942094081069,0.0
325,10,0,2.471566979943348,4.5,6.8100000000000005,10.825999999999997,47.35,26.520000000000003,0.0,30.2,5.223128017320024,6.0,7.299999999999999,10.94,49.0,0.0,35,0.45500314267039416,1.0,6.500000000000002,10.639999999999997,45.5,0.0,28,24.715669799433478,0.0,24.715669799433478,0.0
326,10,0,2.471566979943348,4.5,6.8100000000000005,10.825999999999997,47.35,27.520000000000003,0.0,30.2,5.223128017320024,6.0,7.299999999999999,10.94,49.0,0.0,35,0.45500314267039416,1.0,6.500000000000002,10.639999999999997,45.5,0.0,28,24.715669799433478,0.0,24.715669799433478,0.0
327,9,1,2.5620301945651627,4.444444444444445,6.833333333333333,10.826666666666664,47.388888888888886,26.422222222222224,1.657398048347019,30.22222222222222,5.223128017320024,6.0,7.299999999999999,10.94,49.0,1.657398048347019,35,0.45500314267039416,1.0,6.500000000000002,10.639999999999997,45.5,1.657398048347019,28,23.058271751086465,1.657398048347019,24.715669799433485,0.0
328,9,1,2.5620301945651627,4.444444444444445,6.833333333333333,10.826666666666664,47.388888888888886,27.422222222222224,0.657398048347019,30.22222222222222,5.223128017320024,6.0,7.299999999999999,10.94,49.0,0.657398048347019,35,0.45500314267039416,1.0,6.500000000000002,10.639999999999997,45.5,0.657398048347019,28,23.058271751086465,0.657398048347019,23.715669799433485,0.0
329,9,1,2.5620301945651627,4.444444444444445,6.833333333333333,10.826666666666664,47.388888888888886,28.422222222222224,79.0,30.22222222222222,5.223128017320024,6.0,7.299999999999999,10.94,49.0,79.0,35,0.45500314267039416,1.0,6.500000000000002,10.639999999999997,45.5,79.0,28,23.058271751086465,79.0,102.05827175108647,0.0
330,9,2,2.5620301945651627,4.444444444444445,6.833333333333333,10.826666666666664,47.388888888888886,29.422222222222224,83.0,30.22222222222222,5.223128017320024,6.0,7.299999999999999,10.94,49.0,88.0,35,0.45500314267039416,1.0,6.500000000000002,10.639999999999997,45.5,78.0,28,23.058271751086465,166.0,189.05827175108647,0.0
331,9,3,2.5620301945651627,4.444444444444445,6.833333333333333,10.826666666666664,47.388888888888886,30.422222222222224,75.0,30.22222222222222,5.223128017320024,6.0,7.299999999999999,10.94,49.0,87.0,35,0.45500314267039416,1.0,6.500000000000002,10.639999999999997,45.5,61.0,28,23.058271751086465,225.0,248.05827175108647,0.0
332,8,5,2.541564855069086,4.625,6.85,10.819999999999999,47.5625,29.55,61.54515058210675,30.125,5.223128017320024,6.0,7.299999999999999,10.94,49.0,86.0,35,0.45500314267039416,1.0,6.500000000000002,10.639999999999997,45.5,2.7257529105337768,28,20.332518840552687,307.72575291053374,328.0582717510864,0.0
333,8,6,2.541564855069086,4.625,6.85,10.819999999999999,47.5625,30.55,54.28762548508896,30.125,5.223128017320024,6.0,7.299999999999999,10.94,49.0,85.0,35,0.45500314267039416,1.0,6.500000000000002,10.639999999999997,45.5,1.7257529105337768,28,20.332518840552687,325.72575291053374,346.0582717510864,0.0
334,8,7,2.541564855069086,4.625,6.85,10.819999999999999,47.5625,31.55,48.960821844361966,30.125,5.223128017320024,6.0,7.299999999999999,10.94,49.0,84.0,35,0.45500314267039416,1.0,6.500000000000002,10.639999999999997,45.5,0.7257529105337768,28,20.332518840552687,342.72575291053374,363.0582717510864,0.0
335,8,5,20.041564855069087,4.625,6.8500000000000005,10.819999999999997,47.5625,32.55,45.2,30.125,84.53853407941396,6.0,7.299999999999999,10.94,49.0,80.0,35,0.45500314267039416,1.0,6.500000000000002,10.639999999999997,45.5,21.0,28,160.3325188405527,226.0,386.33251884055267,0.0
336,7,8,18.899214686050783,5.0,6.928571428571429,10.837142857142855,47.642857142857146,25.885714285714283,28.737922814792963,30.285714285714285,60.07706815882791,7.0,7.299999999999999,10.879999999999999,49.0,79.0,35,0.45500314267039416,1.0,6.500000000000002,10.699999999999998,45.5,1.6802545010236722,28,132.29450280235548,229.9033825183437,362.1978853206992,14.2
337,10,8,12.04242606227584,5.2,7.029999999999999,10.837999999999997,47.75,18.52,30.737922814792963,30.5,30.038534079413957,7.0,7.399999999999999,10.94,49.0,78.0,35,0.8401272505118361,1.0,6.500000000000002,10.699999999999998,45.5,0.6802545010236722,28,120.42426062275841,245.9033825183437,366.3276431411021,0.0
338,16,7,5.858046424836489,5.25,7.05625,10.846249999999996,47.78125,11.825,34.746161145331435,31.0625,15.019267039706978,7.0,7.399999999999999,11.0,49.0,77.0,36,0.8401272505118361,1.0,6.500000000000002,10.699999999999998,45.5,3.2231280173200236,28,93.72874279738383,243.22312801732002,336.95187081470385,0.0
339,23,7,4.54819793057857,5.0,7.0608695652173905,10.840869565217387,47.91304347826087,8.57391304347826,42.88901828818858,31.52173913043478,29.655484495950752,7.0,7.399999999999999,11.0,49.5,90.0,37,0.8401272505118361,1.0,6.500000000000002,10.699999999999998,45.5,2.2231280173200236,28,104.60855240330712,300.22312801732005,404.83168042062715,0.0
340,27,8,3.532517224281378,4.555555555555555,7.0,10.826666666666663,47.925925925925924,7.785185185185185,43.78799805301303,32.074074074074076,14.827742247975376,7.0,7.399999999999999,11.0,49.5,89.0,37,0.6079688482084498,1.0,6.500000000000002,10.639999999999997,45.0,0.3039844241042249,28,95.3779650555972,350.3039844241042,445.6819494797014,0.0
341,29,8,5.941721645113315,4.137931034482759,6.951724137931034,10.817931034482754,47.827586206896555,5.865517241379311,42.82446009150095,32.58620689655172,59.641829189981685,7.0,7.399999999999999,11.0,49.5,88.0,37,0.3039844241042249,1.0,6.500000000000002,10.639999999999997,44.5,2.0,29,172.30992770828612,342.5956807320076,514.9056084402937,36.199999999999996
342,32,7,4.787745299124262,4.25,6.9593750000000005,10.825624999999995,47.765625,6.034374999999999,54.83755988497631,32.5,29.820914594990843,7.0,7.399999999999999,11.0,49.5,87.0,37,0.3039844241042249,1.0,6.500000000000002,10.639999999999997,44.5,2.8629191948341326,29,153.2078495719764,383.86291919483415,537.0707687668105,0.0
343,37,8,3.690560839100505,4.378378378378378,6.986486486486488,10.831351351351346,47.770270270270274,5.894594594594594,52.73286489935427,32.5945945945946,22.141829189981685,8.0,7.399999999999999,11.0,49.5,86.0,37,0.3039844241042249,1.0,6.500000000000002,10.639999999999997,44.5,1.8629191948341326,29,136.5507510467187,421.86291919483415,558.4136702415528,0.0
344,41,9,3.0136601244018424,4.585365853658536,7.004878048780489,10.836097560975604,47.69512195121951,6.407317073170732,51.206991021648236,32.58536585365854,11.070914594990843,8.0,7.399999999999999,11.0,49.5,85.0,37,0.3039844241042249,1.0,6.500000000000002,10.639999999999997,44.5,0.8629191948341326,29,123.56006510047554,460.86291919483415,584.4229842953097,14.599999999999998
345,42,9,2.908957161335754,4.595238095238095,7.011904761904764,10.83428571428571,47.70238095238095,7.976190476190476,58.44444444444444,32.595238095238095,11.070914594990843,8.0,7.399999999999999,11.0,49.5,84.0,37,0.3039844241042249,1.0,6.500000000000002,10.639999999999997,44.5,12.0,29,122.17620077610168,526.0,648.1762007761017,36.3
346,44,10,2.7029211202168386,4.659090909090909,7.020454545454546,10.83636363636363,47.70454545454545,9.325,59.4,32.59090909090909,11.070914594990843,8.0,7.399999999999999,11.0,49.5,83.0,37,0.3039844241042249,1.0,6.500000000000002,10.639999999999997,44.5,11.0,29,118.9285292895409,594.0,712.9285292895408,36.3
347,45,11,2.5813511253509605,4.688888888888889,7.026666666666666,10.838666666666661,47.7,10.835555555555553,57.72727272727273,32.577777777777776,5.535457297495421,8.0,7.399999999999999,11.0,49.5,82.0,37,0.3039844241042249,1.0,6.500000000000002,10.639999999999997,44.5,10.0,29,116.16080064079321,635.0,751.1608006407932,36.3
348,43,14,3.74504686070507,4.674418604651163,7.032558139534883,10.836744186046507,47.68604651162791,11.786046511627905,45.22312754503395,32.72093023255814,53.87740837996337,8.0,7.399999999999999,11.0,49.5,81.0,37,0.3039844241042249,1.0,6.500000000000002,10.639999999999997,44.5,1.840127250511836,30,161.03701501031802,633.1237856304753,794.1608006407932,79.3
349,44,13,6.064802756711149,4.7272727272727275,7.038636363636365,10.834999999999996,47.69318181818182,13.625,47.98770209619322,32.70454545454545,69.75481675992674,8.0,7.399999999999999,11.0,49.5,80.0,37,0.3039844241042249,1.0,6.500000000000002,10.639999999999997,44.5,0.840127250511836,30,266.8513212952906,623.8401272505118,890.6914485458024,50.699999999999996
350,45,16,5.592342166466647,4.644444444444445,7.046666666666669,10.825333333333328,47.72222222222222,12.695555555555558,42.4666563345678,32.666666666666664,41.30398442410422,8.0,7.399999999999999,11.0,49.5,79.0,37,0.3039844241042249,1.0,6.500000000000002,10.639999999999997,44.5,3.7276143243738553,30,251.65539749099912,679.4665013530848,931.121898844084,86.69999999999999
351,50,13,7.456353689536662,4.62,7.052000000000004,10.817599999999997,47.74,13.652000000000001,48.07692307692308,32.66,73.60796884820844,8.0,7.399999999999999,11.0,49.5,78.0,37,0.3039844241042249,1.0,6.500000000000002,10.639999999999997,44.5,6.0,30,372.8176844768331,625.0,997.8176844768332,72.3
352,56,20,4.979416090884287,4.464285714285714,7.0535714285714315,10.806071428571428,47.785714285714285,12.299999999999999,37.312354675623446,32.839285714285715,36.80398442410422,8.0,7.399999999999999,11.0,50.0,77.0,38,0.3039844241042249,1.0,6.500000000000002,10.579999999999997,44.5,2.6418291899816864,30,278.8473010895201,746.247093512469,1025.094394601989,116.19999999999999
353,62,18,5.59734394139845,4.387096774193548,7.045161290322585,10.797741935483876,47.814516129032256,12.622580645161293,42.38283257617174,33.03225806451613,44.706935561993845,8.0,7.399999999999999,11.0,50.0,76.0,39,0.3039844241042249,1.0,6.500000000000002,10.579999999999997,44.5,4.0,30,347.0353243667039,762.8909863710912,1109.9263107377951,50.8
354,70,19,6.43813632112009,4.171428571428572,7.010000000000004,10.786571428571435,47.864285714285714,11.922857142857145,35.16053795545758,33.5,78.75481675992674,8.0,7.399999999999999,11.0,50.5,75.0,40,0.6079688482084498,1.0,6.500000000000002,10.579999999999997,44.5,3.0,30,450.6695424784063,668.050221153694,1118.7197636321002,105.6
355,81,22,5.763956816638331,3.9382716049382718,6.953086419753088,10.77407407407408,47.901234567901234,10.733333333333336,34.4212154088136,33.96296296296296,67.30024902650652,8.0,7.399999999999999,11.0,50.5,95.0,40,0.5750622566266285,1.0,6.500000000000002,10.519999999999996,44.5,0.6079688482084498,30,466.88050214770476,757.2667389938993,1224.147241141604,197.7
356,101,18,4.3150766329698165,3.9504950495049505,6.930693069306933,10.777227722772286,47.693069306930695,10.453465346534655,41.327666423293294,34.0,40.30024902650651,8.0,7.399999999999999,11.0,50.5,94.0,40,0.5203747566266285,1.0,6.400000000000002,10.519999999999996,44.5,0.965998539759771,30,435.82273992995147,743.8979956192793,1179.7207355492308,132.4
357,121,20,3.4961685865262853,3.884297520661157,6.914876033057855,10.776859504132238,47.607438016528924,10.06528925619835,41.182436900119015,34.1900826446281,55.959660810934636,9.0,7.399999999999999,11.0,50.5,93.0,41,0.348817093935529,1.0,6.400000000000002,10.519999999999996,44.5,0.5203747566266285,30,423.03639896968053,823.6487380023802,1246.6851369720607,206.4
358,128,21,3.1839170187344514,3.9140625,6.907031250000006,10.775937500000008,47.64453125,11.477343750000001,46.5513301694795,34.3671875,40.30024902650651,9.0,7.399999999999999,11.0,50.5,97.0,42,0.28753112831331423,1.0,6.400000000000002,10.519999999999996,44.5,0.3619958626526847,30,407.5413783980098,977.5779335590695,1385.1193119570794,209.20000000000002
359,130,23,3.866592608959561,3.9846153846153847,6.923846153846162,10.774307692307701,47.68076923076923,14.382307692307688,47.71575379982957,34.4,71.29074951325326,9.0,7.399999999999999,11.0,50.5,96.0,42,0.26018737831331423,1.0,6.400000000000002,10.519999999999996,44.5,0.6079688482084498,30,502.6570391647429,1097.46233739608,1600.119376560823,501.00000000000006
360,129,22,5.215120843171084,3.992248062015504,6.916279069767446,10.777674418604663,47.627906976744185,17.13178294573643,40.41064406086164,34.47286821705426,94.54418347262461,9.0,7.399999999999999,11.0,50.5,95.0,42,0.26018737831331423,1.0,6.400000000000002,10.519999999999996,44.5,0.5611242698798854,30,672.7505887690699,889.0341693389562,1561.784758108026,536.3000000000001
361,127,28,5.1875787136994225,3.984251968503937,6.899212598425201,10.777952755905522,47.54724409448819,18.07322834645669,34.83284589012086,34.59055118110236,87.54418347262461,9.0,7.399999999999999,11.0,50.5,94.0,42,0.26018737831331423,1.0,6.400000000000002,10.519999999999996,44.0,0.965998539759771,30,658.8224966398267,975.3196849233841,1634.1421815632107,525.9
362,129,27,4.147099329417851,3.9767441860465116,6.885271317829461,10.778604651162802,47.51162790697674,19.63798449612403,43.227515943385896,34.72868217054263,40.30024902650651,9.0,7.399999999999999,11.0,50.5,93.0,42,0.26018737831331423,1.0,6.400000000000002,10.459999999999996,44.0,0.46882782078328555,31,534.9758134949028,1167.1429304714193,1702.1187439663222,469.2
363,123,39,3.8369412412383417,4.08130081300813,6.84227642276423,10.777073170731715,47.459349593495936,17.57967479674797,29.757722963258903,35.0650406504065,89.18042334910884,9.0,7.399999999999999,11.06,50.5,92.0,42,0.28753112831331423,1.0,6.3000000000000025,10.459999999999996,44.0,0.5203747566266285,31,471.943772672316,1160.5511955670972,1632.4949682394133,533.6
364,125,38,3.664895320797823,4.184,6.824800000000005,10.777760000000011,47.412,16.967200000000005,36.65769554555228,35.24,44.59021167455442,9.0,7.299999999999999,11.06,50.5,91.0,42,0.28753112831331423,1.0,6.3000000000000025,10.459999999999996,44.0,0.348817093935529,31,458.11191509972787,1392.9924307309866,1851.1043458307145,362.20000000000005
365,119,37,5.803964975999917,4.235294117647059,6.812605042016809,10.780672268907571,47.33613445378151,17.077310924369748,30.07825349243503,35.26890756302521,91.89399902650652,9.0,7.299999999999999,11.06,50.5,85.0,42,0.28753112831331423,1.0,6.3000000000000025,10.459999999999996,44.0,0.15012451325325693,31,690.6718321439902,1112.8953792200962,1803.5672113640862,499.30000000000007
366,120,32,7.045110699043682,4.366666666666666,6.824166666666669,10.774500000000014,47.40833333333333,17.975,31.649810253239664,35.325,68.63697172487203,9.0,7.399999999999999,11.06,50.5,84.0,42,0.28753112831331423,1.0,6.3000000000000025,10.459999999999996,44.0,0.5266708681561538,31,845.4132838852419,1012.7939281036693,1858.2072119889112,441.90000000000003
367,126,32,6.228344747967255,4.357142857142857,6.833333333333337,10.771904761904775,47.464285714285715,18.017460317460312,34.6186016801433,35.43650793650794,48.77063502366326,9.0,7.399999999999999,11.06,50.5,84.0,42,0.28753112831331423,1.0,6.3000000000000025,10.459999999999996,44.0,0.32766790844359533,31,784.7714382438742,1107.7952537645856,1892.5666920084598,373.6
368,136,32,5.171417503007631,4.161764705882353,6.79485294117647,10.759117647058831,47.595588235294116,15.944117647058825,33.22643571223036,36.00735294117647,62.96768745436749,9.0,7.399999999999999,11.06,50.5,83.0,42,0.28753112831331423,1.0,6.3000000000000025,10.459999999999996,43.5,0.29074951325325693,31,703.3127804090378,1063.2459427913716,1766.5587232004095,319.1
369,156,31,4.197001072951739,3.9743589743589745,6.783333333333337,10.746923076923082,47.67948717948718,14.919871794871787,32.38097195465698,36.40384615384615,45.74337493915666,9.0,7.399999999999999,11.06,51.0,82.0,43,0.28753112831331423,1.0,6.3000000000000025,10.459999999999996,43.5,0.05334173631230765,31,654.7321673804713,1003.8101305943663,1658.5422979748378,383.1
370,182,24,4.312578052361162,3.840659340659341,6.7653846153846136,10.741208791208804,47.73351648351648,13.418681318681317,33.27124610390489,36.74175824175824,101.23862643337988,9.0,7.399999999999999,11.06,51.0,81.0,43,0.28753112831331423,1.0,6.3000000000000025,10.459999999999996,43.5,0.15012451325325693,31,784.8892055297314,798.5099064937174,1583.3991120234487,255.4
371,186,24,5.075656825039546,3.752688172043011,6.759139784946237,10.72935483870969,47.774193548387096,13.462365591397846,27.615139953702535,37.026881720430104,101.23862643337988,8.0,7.399999999999999,11.06,51.0,94.0,43,0.28753112831331423,1.0,6.3000000000000025,10.399999999999995,43.5,1.040749513253257,31,944.0721694573557,662.7633588888608,1606.8355283462165,425.1
372,198,26,3.98482465177106,3.712121212121212,6.759090909090906,10.725454545454562,47.77020202020202,13.675252525252523,26.91643074419134,37.13131313131313,101.23862643337988,8.0,7.399999999999999,11.06,51.5,93.0,44,0.26811317080028135,1.0,6.3000000000000025,10.399999999999995,43.5,0.9742729340780771,31,788.9952810506699,699.8271993489749,1488.8224803996447,372.6
373,199,32,3.6118736644441047,3.678391959798995,6.769346733668336,10.722914572864337,47.766331658291456,13.565829145728639,24.200188465475893,37.246231155778894,65.00234569551958,8.0,7.399999999999999,11.06,51.5,101.23862643337988,45,0.26811317080028135,1.0,6.3000000000000025,10.399999999999995,43.5,0.28753112831331423,31,718.7628592243768,774.4060308952286,1493.1688901196053,558.8000000000001
374,200,25,4.161601812930187,3.73,6.756999999999998,10.721300000000015,47.76,14.896500000000003,24.16910836385378,37.42,76.71882330298499,8.0,7.399999999999999,11.06,51.5,100.23862643337988,45,0.26811317080028135,1.0,6.200000000000003,10.399999999999995,43.5,0.3060590649190598,31,832.3203625860374,604.2277090963445,1436.5480716823818,563.6
375,200,23,4.176205003295446,3.685,6.747999999999998,10.715600000000016,47.8375,18.00450000000001,23.87492409493581,37.64,104.54828304172484,8.0,7.399999999999999,11.06,51.5,90.0,45,0.26811317080028135,1.0,6.200000000000003,10.399999999999995,43.5,0.40491143711103783,31,835.2410006590892,549.1232541835236,1384.3642548426128,856.4000000000001
376,195,24,4.798506467760778,3.6307692307692307,6.7389743589743585,10.713538461538475,47.815384615384616,19.69179487179488,15.867571090138638,37.702564102564104,94.69302293407807,8.0,7.399999999999999,11.06,51.5,75.0,45,0.26811317080028135,1.0,6.200000000000003,10.399999999999995,43.5,0.8898210770930768,31,935.7087612133517,380.8217061633273,1316.530467376679,802.1000000000001
377,190,28,4.585083129264435,3.705263157894737,6.725263157894739,10.709157894736856,47.84473684210526,19.54157894736843,11.88742271719885,37.921052631578945,76.71882330298499,8.0,7.399999999999999,11.06,51.5,74.0,45,0.26811317080028135,1.0,6.100000000000003,10.399999999999995,43.5,0.34408213027510776,31,871.1657945602426,332.84783608156783,1204.0136306418103,672.1
378,201,23,3.981967295074091,3.825870646766169,6.726865671641786,10.705970149253742,47.90298507462686,19.048258706467674,12.446254490380696,38.114427860696516,76.71882330298499,9.0,7.499999999999998,11.06,52.0,73.0,46,0.26811317080028135,1.0,6.100000000000003,10.399999999999995,43.5,0.07245268320112541,32,800.3754263098923,286.263853278756,1086.6392795886484,451.00000000000006
379,201,30,3.0932939271508704,3.9303482587064678,6.733333333333329,10.707462686567174,47.96268656716418,18.553233830845773,13.364597443965756,38.32338308457712,39.53622634160056,9.0,7.499999999999998,11.06,52.5,76.71882330298499,47,0.26811317080028135,1.0,6.100000000000003,10.399999999999995,43.5,0.5938199396636539,32,621.752079357325,400.9379233189727,1022.6900026762977,666.0000000000001
380,206,26,3.397937876330219,3.9174757281553396,6.733495145631062,10.711359223300978,47.900485436893206,18.050970873786422,9.969223326249185,38.35436893203884,77.15646990895496,9.0,7.499999999999998,11.06,52.5,71.0,47,0.26811317080028135,1.0,6.100000000000003,10.399999999999995,43.0,0.4577342996560154,32,699.9752025240251,259.19980648247883,959.175009006504,590.2
381,204,19,3.524452547115308,3.8676470588235294,6.714215686274508,10.715294117647067,47.84803921568628,19.345098039215692,8.97627253990261,38.44117647058823,63.506586870173535,9.0,7.499999999999998,11.06,52.5,70.0,47,0.26811317080028135,1.0,6.100000000000003,10.399999999999995,43.0,0.29499517798498687,32,718.9883196115228,170.54917825814957,889.5374978696724,615.9000000000001
382,201,22,3.3892669285646084,3.8507462686567164,6.707462686567164,10.721194029850752,47.79601990049751,19.52885572139305,6.1679168241137035,38.43283582089552,58.97575738311488,9.0,7.499999999999998,11.06,51.5,69.0,47,0.26811317080028135,1.0,6.100000000000003,10.399999999999995,43.0,0.5340114670390386,32,681.2426526414863,135.69417013050148,816.9368227719877,663.6000000000001
383,199,30,3.3679437654166677,3.919597989949749,6.719095477386937,10.726532663316593,47.85427135678392,19.295477386934685,2.6745217785407944,38.45226130653266,69.98787869155744,9.0,7.499999999999998,11.06,51.5,13.983523428978986,46,0.26811317080028135,1.0,6.100000000000003,10.399999999999995,43.0,0.25938278207832854,32,670.2208093179169,80.23565335622384,750.4564626741407,744.7000000000002
384,190,29,3.212704034056143,3.942105263157895,6.711578947368422,10.727157894736852,47.810526315789474,19.246842105263152,2.610599265979609,38.421052631578945,58.97575738311488,9.0,7.499999999999998,11.06,51.5,20.941945209826862,46,0.26811317080028135,1.0,6.100000000000003,10.399999999999995,43.0,0.05156639103916438,32,610.4137664706672,75.70737871340866,686.1211451840758,663.1000000000001
385,185,25,3.045110529327364,3.9297297297297296,6.729729729729729,10.721081081081092,47.92162162162162,19.21567567567568,2.677294776494766,38.556756756756755,58.97575738311488,9.0,7.499999999999998,11.06,51.5,19.941945209826862,46,0.26811317080028135,1.0,6.100000000000003,10.339999999999995,43.0,0.11320219645438234,32,563.3454479255623,66.93236941236916,630.2778173379315,556.8000000000001
386,174,22,2.6695190154899135,3.9770114942528734,6.731034482758623,10.722068965517254,47.87068965517241,18.63678160919541,5.787748618486474,38.56896551724138,20.147456435304555,9.0,7.499999999999998,11.06,51.5,58.97575738311488,46,0.26811317080028135,1.0,6.100000000000003,10.339999999999995,43.0,0.4795784833449699,32,464.4963086952449,127.33046960670242,591.8267783019473,650.8000000000001
387,176,22,2.58191468600609,3.9886363636363638,6.728977272727275,10.7146590909091,47.97159090909091,19.064772727272732,4.674167864200185,38.875,20.147456435304555,9.0,7.399999999999999,11.06,51.5,57.97575738311488,46,0.26811317080028135,1.0,6.100000000000003,10.279999999999994,43.0,0.22423625967623928,32,454.41698473707186,102.83169301240406,557.248677749476,426.50000000000006
388,164,15,2.888849976452273,3.9939024390243905,6.744512195121952,10.716463414634157,47.96646341463415,20.140243902439032,4.221693139005145,38.823170731707314,57.52253768539268,9.0,7.399999999999999,11.06,51.5,20.147456435304555,46,0.26811317080028135,1.0,6.100000000000003,10.279999999999994,43.0,0.6881642605502155,32,473.77139613817275,63.325397085077185,537.09679322325,524.9000000000001
389,158,14,2.9148832494879375,4.075949367088608,6.729113924050629,10.71253164556963,48.00632911392405,21.371518987341787,3.138763219458319,38.96835443037975,28.76126884269634,9.0,7.399999999999999,11.06,51.5,18.84580839692923,47,0.26811317080028135,1.0,6.100000000000003,10.279999999999994,43.0,0.2922407526539265,32,460.55155341909415,43.94268507241647,504.4942384915106,395.6
390,146,18,2.930571120377706,4.157534246575342,6.719178082191782,10.708219178082205,48.03767123287671,21.239726027397264,2.4751873919021308,39.17123287671233,21.09739497014167,9.0,7.399999999999999,11.06,51.5,7.527949067649224,47,0.26811317080028135,1.0,6.100000000000003,10.279999999999994,43.0,0.17176537546173654,32,427.86338357514506,44.55337305423836,472.4167566293834,451.50000000000006
391,136,16,2.9091106855311892,4.235294117647059,6.716176470588235,10.707941176470598,48.080882352941174,22.250000000000004,3.2235719815490897,39.220588235294116,14.38063442134817,9.0,7.399999999999999,11.06,51.5,7.972153342667042,47,0.26811317080028135,1.0,6.100000000000003,10.279999999999994,43.0,0.35094140054593664,32,395.63905323224174,51.577151704785436,447.21620493702716,472.2000000000001
392,124,21,2.9959355329868216,4.282258064516129,6.705645161290323,10.716451612903239,48.016129032258064,23.037903225806453,2.6452405231204428,39.12903225806452,14.38063442134817,9.0,7.399999999999999,11.06,51.5,6.972153342667042,47,0.26811317080028135,1.0,6.100000000000003,10.279999999999994,43.0,0.12586694561917922,32,371.4960060903659,55.550050985529296,427.0460570758952,532.5000000000001
393,110,21,3.0124458880607294,4.318181818181818,6.707272727272728,10.717454545454556,48.04090909090909,23.37272727272728,3.5772769396468957,39.25454545454546,14.38063442134817,9.0,7.399999999999999,11.06,51.5,14.38063442134817,47,0.26811317080028135,1.0,6.100000000000003,10.279999999999994,43.0,0.4358437347891644,33,331.36904768668023,75.12281573258481,406.49186341926503,387.9000000000001
394,111,12,3.0568902438802588,4.315315315315315,6.705405405405406,10.713513513513519,48.08108108108108,24.23513513513514,3.2773950150210887,39.37837837837838,16.796543340684863,9.0,7.399999999999999,11.06,51.5,8.968349082347743,47,0.26811317080028135,1.0,6.100000000000003,10.279999999999994,43.0,0.22423625967623928,33,339.3148170707087,39.328740180253064,378.6435572509618,338.40000000000003
395,103,16,2.8799281997827055,4.271844660194175,6.701941747572813,10.710485436893208,47.99029126213592,24.692233009708744,4.041360717977483,39.359223300970875,14.502616772455546,9.0,7.399999999999999,11.06,51.5,14.38063442134817,47,0.26811317080028135,1.0,6.100000000000003,10.279999999999994,43.0,0.35306099903051513,33,296.6326045776187,64.66177148763973,361.2943760652584,417.90000000000003
396,101,11,2.9681211873567634,4.346534653465347,6.7009900990099,10.716039603960404,47.95544554455446,24.787128712871286,3.402926101202648,39.35643564356435,14.474195025903754,9.0,7.499999999999998,11.06,51.5,6.6005947564710015,47,0.26811317080028135,1.0,6.100000000000003,10.339999999999995,43.0,0.6027556127388473,33,299.7802399230331,37.432187113229126,337.2124270362622,237.70000000000002
397,99,12,2.8127037075787333,4.3232323232323235,6.704040404040402,10.705454545454554,48.07070707070707,23.443434343434348,3.1203188570295985,39.707070707070706,10.285078896810559,9.0,7.499999999999998,11.06,51.5,9.793263094236103,47,0.26811317080028135,1.0,6.100000000000003,10.339999999999995,43.0,0.9769576399462145,33,278.4576670502946,37.44382628435518,315.9014933346498,202.30000000000004
398,94,11,2.7934338805518997,4.340425531914893,6.705319148936168,10.70957446808511,48.0531914893617,25.09680851063831,3.3747539243236173,39.787234042553195,10.144922838895614,9.0,7.499999999999998,11.06,51.5,8.336665430537485,47,0.26811317080028135,1.0,6.100000000000003,10.339999999999995,43.0,0.09356060455558501,33,262.58278477187855,37.12229316755979,299.70507793943835,310.6
399,86,16,2.6150514791183905,4.290697674418604,6.686046511627907,10.716744186046514,47.86046511627907,23.22558139534885,3.713805181938364,39.7093023255814,7.377438419785255,9.0,7.499999999999998,11.06,51.5,9.574247532005117,47,0.26811317080028135,1.0,6.100000000000003,10.339999999999995,43.0,0.5246724689854898,33,224.89442720418157,59.42088291101383,284.3153101151954,210.60000000000002
400,80,15,2.5393055748522126,4.2375,6.673750000000001,10.72025,47.78125,23.21625000000001,4.294594622432069,39.8125,7.329543490945639,9.0,7.499999999999998,11.06,51.5,8.574247532005117,47,0.26811317080028135,1.0,6.100000000000003,10.339999999999995,43.0,1.3185871856338545,34,203.144445988177,64.41891933648103,267.56336532465804,168.60000000000002
401,70,19,2.6942877394602123,4.228571428571429,6.680000000000002,10.711142857142857,47.91428571428571,22.620000000000008,3.3664854506549027,40.18571428571428,7.181493149956061,9.0,7.499999999999998,10.94,51.5,8.03712761254665,47,0.26811317080028135,1.0,6.200000000000003,10.339999999999995,43.0,0.4121477901894395,34,188.60014176221486,63.963223562443154,252.563365324658,139.00000000000003
402,71,12,2.773113909556672,4.225352112676056,6.6845070422535215,10.69830985915493,48.09154929577465,22.823943661971835,2.7900844383418373,40.38028169014085,10.84980088208614,9.0,7.499999999999998,10.94,52.0,6.574247532005117,47,0.26811317080028135,1.0,6.200000000000003,10.339999999999995,43.0,0.035522475704969025,34,196.89108757852372,33.481013260102046,230.37210083862578,80.30000000000001
403,69,13,2.5667207706530553,4.130434782608695,6.686956521739132,10.695652173913041,48.166666666666664,20.61739130434783,2.7755091293186402,40.46376811594203,10.84980088208614,9.0,7.499999999999998,10.94,52.0,7.138117539115382,47,0.26811317080028135,1.0,6.200000000000003,10.339999999999995,43.0,0.7509832870044462,35,177.10373317506082,36.081618681142324,213.18535185620314,84.80000000000003
404,71,4,2.708858540201994,4.112676056338028,6.6774647887323955,10.691549295774646,48.20422535211268,21.25211267605634,1.5615372457450012,40.605633802816904,12.058495016144988,9.0,7.499999999999998,10.94,52.0,3.0420918890525535,47,0.26811317080028135,1.0,6.200000000000003,10.339999999999995,43.0,0.07606717991441592,35,192.32895635434159,6.246148982980005,198.5751053373216,21.299999999999997
405,73,3,2.4820131506260443,4.164383561643835,6.663013698630137,10.689315068493151,48.14383561643836,21.2027397260274,2.1251628752748686,40.657534246575345,10.84980088208614,9.0,7.499999999999998,10.94,52.0,3.6028567205333766,47,0.26811317080028135,1.0,6.200000000000003,10.339999999999995,43.0,0.16156959300929463,35,181.18695999570124,6.375488625824606,187.56244862152585,73.80000000000001
406,70,4,2.4316036800489647,4.1571428571428575,6.659999999999999,10.690571428571428,48.142857142857146,22.84142857142858,3.7971553562722677,40.7,10.84980088208614,9.0,7.499999999999998,10.94,52.0,6.397855661396989,47,0.26811317080028135,1.0,6.200000000000003,10.339999999999995,43.0,1.611062312281935,35,170.21225760342753,15.188621425089071,185.4008790285166,137.60000000000002
407,68,6,2.2868516381268638,4.088235294117647,6.673529411764706,10.70264705882353,48.06617647058823,24.226470588235294,3.8250319848418886,40.63235294117647,10.84980088208614,9.0,7.499999999999998,10.94,52.0,6.057573431387032,47,0.26811317080028135,1.0,6.200000000000003,10.339999999999995,43.0,0.6214562404669985,35,155.50591139262673,22.95019190905133,178.45610330167807,197.40000000000003
408,63,5,2.478849851694738,4.0,6.692063492063492,10.698095238095235,48.23015873015873,25.725396825396825,3.3334212808885075,40.82539682539682,10.84980088208614,9.0,7.499999999999998,10.94,52.0,6.534267690107803,47,0.26811317080028135,1.0,6.200000000000003,10.339999999999995,43.0,1.2623137106744327,35,156.1675406567685,16.66710640444254,172.83464706121103,149.90000000000003
409,60,9,2.135942887610937,3.9,6.725,10.691999999999998,48.25,25.21166666666667,3.8557474748532963,40.983333333333334,7.9677484411669575,9.0,7.499999999999998,11.0,52.0,10.84980088208614,48,0.26811317080028135,1.0,6.200000000000003,10.339999999999995,43.0,0.26231371067443265,35,128.15657325665623,34.701727273679666,162.8583005303359,148.70000000000005
410,58,3,2.553208161469228,3.810344827586207,6.73103448275862,10.68965517241379,48.30172413793103,25.96724137931035,2.1699711514820588,41.13793103448276,12.502016131274761,8.0,7.499999999999998,11.0,52.0,5.143006666613982,48,0.26811317080028135,1.0,6.200000000000003,10.339999999999995,43.0,0.20556984232742126,35,148.0860733652152,6.509913454446176,154.5959868196614,33.00000000000001
411,57,6,2.288285654800853,4.0,6.696491228070175,10.681052631578943,48.324561403508774,23.277192982456146,2.1611922402048664,41.40350877192982,6.2510080656373805,8.0,7.499999999999998,11.0,52.0,4.143006666613982,48,0.26811317080028135,1.0,6.200000000000003,10.339999999999995,43.0,0.5362263416005627,35,130.43228232364862,12.967153441229199,143.3994357648778,13.700000000000001
412,56,4,2.2898350657099913,4.053571428571429,6.694642857142858,10.677499999999995,48.410714285714285,23.169642857142858,2.136518965265938,41.57142857142857,6.2510080656373805,8.0,7.499999999999998,11.0,52.0,3.1430066666139824,48,0.32623137106744327,1.0,6.200000000000003,10.339999999999995,43.0,0.26811317080028135,35,128.23076367975952,8.546075861063752,136.77683954082326,12.800000000000004
413,53,4,2.261155440460906,3.9622641509433962,6.709433962264152,10.679622641509429,48.45283018867924,23.643396226415096,3.4168720063987283,41.56603773584906,5.768787016443812,8.0,7.499999999999998,11.0,52.0,6.2510080656373805,48,0.32623137106744327,1.0,6.200000000000003,10.339999999999995,43.0,1.6665549376551112,35,119.84123834442802,13.667488025594913,133.50872637002294,52.70000000000001
414,49,5,2.3190259979125925,3.857142857142857,6.718367346938778,10.668163265306113,48.62244897959184,24.546938775510206,3.1752904944611844,41.91836734693877,7.700638547142991,8.0,7.499999999999998,11.0,52.0,5.768787016443812,48,0.32623137106744327,1.0,6.200000000000003,10.339999999999995,44.5,1.1430066666139824,35,113.63227389771703,15.876452472305921,129.50872637002294,98.20000000000002
415,49,2,2.3222416294860904,3.836734693877551,6.697959183673468,10.669387755102033,48.51020408163265,24.53061224489797,3.7155362848562077,41.857142857142854,7.40967329345918,8.0,7.499999999999998,11.0,52.0,4.822279369309685,48,0.32623137106744327,1.0,6.100000000000003,10.339999999999995,44.5,2.6087932004027303,35,113.78983984481843,7.431072569712415,121.22091241453084,53.60000000000001
416,49,3,2.2537720964359185,4.0,6.689795918367347,10.670612244897953,48.44897959183673,25.653061224489804,1.7809575196022356,41.83673469387755,5.204241672218961,8.0,7.499999999999998,11.0,52.0,3.181577613998666,48,0.32623137106744327,1.0,6.100000000000003,10.339999999999995,44.5,0.5525017444053101,35,110.43483272536001,5.3428725588067065,115.77770528416671,125.90000000000002
417,46,4,2.0968849818696524,3.847826086956522,6.704347826086957,10.663478260869558,48.55434782608695,27.16956521739131,3.8668584889256685,42.21739130434783,6.031896887570161,8.0,7.499999999999998,11.0,52.0,5.053969995950771,48,0.32623137106744327,1.0,6.100000000000003,10.339999999999995,44.5,2.322673891009545,35,96.456709166004,15.467433955702674,111.92414312170668,142.60000000000002
418,40,9,1.9945569439098378,3.975,6.7200000000000015,10.672999999999991,48.4875,25.680000000000007,2.9593212381578455,42.05,5.415803721438511,8.0,7.499999999999998,11.0,52.0,6.244589860337122,48,0.32623137106744327,1.0,6.100000000000003,10.339999999999995,44.0,0.7568201741856743,35,79.78227775639351,26.63389114342061,106.41616889981412,93.20000000000002
419,36,8,2.086360956533385,3.861111111111111,6.725000000000001,10.683333333333325,48.416666666666664,25.675000000000004,2.8187942863033233,42.083333333333336,6.937856159134992,8.0,7.499999999999998,11.0,52.0,5.415803721438511,48,0.32623137106744327,1.0,6.100000000000003,10.339999999999995,44.0,0.3226738910095448,36,75.10899443520186,22.550354290426586,97.65934872562845,68.2
420,38,4,2.125966746927748,3.973684210526316,6.678947368421053,10.68105263157894,48.19736842105263,23.668421052631583,1.0738290976269147,42.078947368421055,6.9520344311624145,8.0,7.499999999999998,11.0,52.0,2.6021208361094805,48,0.32623137106744327,1.0,6.100000000000003,10.339999999999995,44.0,0.26723601701503474,36,80.78673638325442,4.295316390507659,85.08205277376209,47.400000000000006
421,37,3,2.0070424427859,3.918918918918919,6.694594594594594,10.675675675675668,48.229729729729726,22.594594594594593,2.009306392433835,42.108108108108105,5.865709368635675,8.0,7.499999999999998,11.0,52.0,2.555920617504242,48,0.32623137106744327,1.0,6.100000000000003,10.339999999999995,44.0,1.1268041269122246,36,74.2605703830783,6.027919177301504,80.2884895603798,54.300000000000004
422,33,6,1.9121626382618337,4.0,6.684848484848486,10.676363636363629,48.21212121212121,22.648484848484852,2.3645204162898863,42.21212121212121,5.657651322636001,8.0,7.499999999999998,11.0,52.0,5.865709368635675,48,0.32623137106744327,1.0,6.100000000000003,10.339999999999995,44.0,0.12680412691222465,36,63.10136706264051,14.187122497739319,77.28848956037983,94.70000000000002
423,27,7,2.313183632508607,4.111111111111111,6.622222222222224,10.68444444444444,48.129629629629626,20.966666666666672,1.4489036131827293,42.407407407407405,7.530410456066943,8.0,7.499999999999998,11.0,52.0,3.4760172155812072,48,0.32623137106744327,1.0,6.100000000000003,10.339999999999995,44.0,0.34519443288503737,36,62.45595807773238,10.142325292279105,72.59828337001149,105.30000000000003
424,26,5,2.249055780315238,4.269230769230769,6.592307692307693,10.669999999999998,48.15384615384615,20.761538461538464,1.3035710380783283,42.80769230769231,5.657651322636001,8.0,7.499999999999998,11.0,52.0,2.4760172155812072,48,0.32623137106744327,1.0,6.100000000000003,10.279999999999994,44.0,0.30439660020136516,36,58.47545028819619,6.517855190391642,64.99330547858783,52.30000000000001
425,26,3,2.1198934388902684,4.153846153846154,6.607692307692309,10.646923076923072,48.42307692307692,21.176923076923078,1.65930513936541,43.26923076923077,5.657651322636001,8.0,7.499999999999998,11.0,52.0,3.034959219867926,48,0.36235905119349643,1.0,6.100000000000003,10.279999999999994,44.0,0.4669389826470969,36,55.11722941114698,4.97791541809623,60.09514482924321,38.40000000000001
426,25,2,2.2165672009289725,4.2,6.592000000000001,10.649599999999996,48.4,22.164,1.1070129116859055,43.44,5.657651322636001,8.0,7.499999999999998,11.0,52.0,1.7380086077906036,48,0.36235905119349643,1.0,6.100000000000003,10.279999999999994,44.0,0.47601721558120724,36,55.41418002322431,2.214025823371811,57.628205846596124,32.30000000000001
427,25,0,2.246087545240597,4.2,6.592000000000001,10.649599999999994,48.4,23.96,0.0,43.44,5.657651322636001,8.0,7.499999999999998,11.0,52.0,0.0,48,0.36235905119349643,1.0,6.100000000000003,10.279999999999994,44.0,0.0,36,56.152188631014916,0.0,56.152188631014916,19.900000000000006
428,24,1,2.1039390545157883,4.125,6.587500000000002,10.659999999999995,48.25,24.383333333333336,5.657651322636001,43.291666666666664,5.51109113796918,8.0,7.499999999999998,11.0,52.0,5.657651322636001,48,0.36235905119349643,1.0,6.100000000000003,10.279999999999994,44.0,5.657651322636001,36,50.494537308378916,5.657651322636001,56.152188631014916,13.200000000000003
429,24,0,2.298007859625621,4.125,6.587500000000001,10.659999999999995,48.25,25.383333333333336,0.0,43.291666666666664,6.230142079470671,8.0,7.499999999999998,11.0,52.0,0.0,48,0.36235905119349643,1.0,6.100000000000003,10.279999999999994,44.0,0.0,36,55.1521886310149,0.0,55.1521886310149,0.0
430,23,1,2.1270455022410535,4.130434782608695,6.591304347826087,10.65043478260869,48.19565217391305,25.79565217391304,6.230142079470671,43.26086956521739,5.51109113796918,8.0,7.499999999999998,11.0,52.0,6.230142079470671,48,0.36235905119349643,1.0,6.100000000000003,10.279999999999994,44.0,6.230142079470671,36,48.922046551544234,6.230142079470671,55.15218863101491,13.000000000000004
431,23,1,2.3544429839571697,4.130434782608695,6.591304347826087,10.65043478260869,48.19565217391305,26.79565217391304,63.0,43.26086956521739,6.562492623186305,8.0,7.499999999999998,11.0,52.0,63.0,48,0.36235905119349643,1.0,6.100000000000003,10.279999999999994,44.0,63.0,36,54.1521886310149,63.0,117.1521886310149,0.0
432,23,3,2.081807356161,4.043478260869565,6.604347826086957,10.62434782608695,48.52173913043478,25.79565217391304,52.87666542783845,43.78260869565217,5.51109113796918,8.0,7.499999999999998,11.0,52.0,92.0,49,0.36235905119349643,1.0,6.100000000000003,10.279999999999994,44.0,4.629996283515338,36,47.881569191703,158.62999628351534,206.51156547521833,0.0
433,22,4,6.227225753531193,4.090909090909091,6.60909090909091,10.637272727272723,48.40909090909091,25.64090909090909,18.128149724383018,43.63636363636363,91.65246274213489,8.0,7.499999999999998,11.0,52.0,61.0,49,0.36235905119349643,1.0,6.100000000000003,10.279999999999994,44.0,1.8826026140167358,36,136.99896657768625,72.51259889753207,209.51156547521833,0.0
434,22,4,4.491033249551552,4.090909090909091,6.60909090909091,10.637272727272723,48.40909090909091,26.595454545454547,23.948929574887615,43.63636363636363,45.82623137106744,8.0,7.499999999999998,11.0,52.0,60.0,49,0.36235905119349643,1.0,6.100000000000003,10.279999999999994,44.0,0.8826026140167358,36,98.80273149013414,95.79571829955046,194.5984497896846,0.0
435,24,3,4.009539234478141,3.9583333333333335,6.604166666666669,10.639999999999995,48.354166666666664,25.212500000000006,31.30437189517791,43.75,22.91311568553372,8.0,7.499999999999998,11.0,52.0,59.0,49,0.36235905119349643,1.0,6.100000000000003,10.279999999999994,44.0,13.0,36,96.2289416274754,93.91311568553373,190.1420573130091,0.0
436,28,4,2.9645569877698583,3.75,6.6142857142857165,10.629285714285713,48.482142857142854,22.325,23.47827892138343,44.07142857142857,11.45655784276686,8.0,7.499999999999998,11.0,52.0,58.0,49,0.36235905119349643,1.0,6.100000000000003,10.279999999999994,44.0,3.0,36,83.00759565755604,93.91311568553373,176.92071134308975,0.0
437,30,6,4.245817775626906,3.5,6.6466666666666665,10.605999999999995,48.71666666666667,20.333333333333336,12.005457227325001,44.53333333333333,58.41946605735741,8.0,7.499999999999998,11.0,52.0,34.0,49,0.36235905119349643,1.0,6.100000000000003,10.279999999999994,44.0,2.0,36,127.37453326880718,72.03274336395,199.4072766327572,6.9
438,30,8,4.535785648898616,3.3666666666666667,6.666666666666667,10.597999999999995,48.81666666666667,17.283333333333335,5.706848544212493,44.6,29.209733028678706,8.0,7.499999999999998,11.0,52.0,33.0,49,0.3580174325864644,1.0,6.100000000000003,10.279999999999994,44.0,0.9442710208945294,36,136.0735694669585,45.65478835369994,181.72835782065846,39.900000000000006
439,34,7,3.55390687220573,3.264705882352941,6.7029411764705875,10.615294117647052,48.8235294117647,15.391176470588235,19.13245180980262,44.588235294117645,24.641394606917153,8.0,7.499999999999998,11.0,52.0,96.0,49,0.3580174325864644,1.0,6.100000000000003,10.279999999999994,44.0,0.25548821772456654,36,120.83283365499481,133.92716266861834,254.75999632361317,33.2
440,37,7,2.3683989367214964,3.4054054054054053,6.716216216216218,10.63837837837837,48.87837837837838,14.672972972972973,33.302460426412566,44.62162162162162,7.302433257169676,8.0,7.499999999999998,11.06,52.0,95.0,49,0.3580174325864644,1.0,6.100000000000003,10.279999999999994,44.0,0.08078479650464732,36,87.63076065869537,233.11722298488795,320.7479836435833,47.400000000000006
441,38,5,4.722293023995172,3.3684210526315788,6.713157894736843,10.63842105263157,48.9078947368421,17.00526315789474,29.32827892138343,44.60526315789474,94.3623590511935,8.0,7.499999999999998,11.06,52.0,79.0,49,0.3580174325864644,1.0,6.100000000000003,10.279999999999994,44.0,1.0,36,179.44713491181653,146.64139460691715,326.0885295187337,72.30000000000001
442,38,6,5.2868988591310035,3.4210526315789473,6.715789473684212,10.638421052631571,48.93421052631579,17.27368421052632,20.23574431289519,44.68421052631579,47.18117952559675,8.0,7.499999999999998,11.06,52.0,78.0,49,0.2685130744398483,1.0,6.100000000000003,10.279999999999994,44.0,0.7247181023869929,36,200.90215664697814,121.41446587737113,322.31662252434927,132.10000000000002
443,40,6,4.173932069026929,3.325,6.727500000000002,10.63999999999999,48.8,16.94,20.73265331536512,44.625,23.590589762798373,8.0,7.499999999999998,11.06,52.0,77.0,49,0.2685130744398483,1.0,6.100000000000003,10.279999999999994,44.0,1.825608314292419,36,166.95728276107715,124.39591989219072,291.3532026532679,104.60000000000002
444,45,9,2.9569558250489694,3.1555555555555554,6.755555555555556,10.641333333333323,48.56666666666667,12.24888888888889,14.477109603183228,44.62222222222222,11.795294881399187,8.0,7.499999999999998,11.06,51.5,76.0,49,0.2685130744398483,1.0,6.100000000000003,10.279999999999994,44.0,0.9128041571462095,36,133.06301212720362,130.29398642864905,263.35699855585267,78.50000000000001
445,52,7,2.5575588919851664,3.0961538461538463,6.757692307692308,10.633076923076917,48.57692307692308,11.63846153846154,27.70687723768319,44.71153846153846,11.678714736045041,8.0,7.499999999999998,11.06,51.5,84.0,49,0.2685130744398483,1.0,6.100000000000003,10.279999999999994,44.0,0.6406231557965762,36,132.99306238322865,193.94814066378234,326.94120304701096,20.000000000000004
446,57,5,2.244004781473624,3.0526315789473686,6.754385964912281,10.628421052631573,48.57017543859649,13.096491228070175,48.6,44.80701754385965,7.628041571462095,8.0,7.499999999999998,11.06,51.5,83.0,49,0.2685130744398483,1.0,6.100000000000003,10.279999999999994,44.0,8.0,36,127.90827254399657,243.0,370.9082725439966,99.30000000000003
447,58,8,1.9475404506422054,2.9482758620689653,6.7603448275862075,10.629655172413784,48.5,13.472413793103449,33.252995182956596,44.775862068965516,5.897647440699593,8.0,7.499999999999998,11.06,51.5,82.0,49,0.2685130744398483,1.0,6.100000000000003,10.279999999999994,44.0,4.395919892190707,36,112.95734613724791,266.02396146365277,378.98130760090066,105.70000000000002
448,56,10,1.95275869137261,2.892857142857143,6.766071428571429,10.624999999999991,48.455357142857146,14.023214285714287,31.526186104853316,44.767857142857146,5.897647440699593,8.0,7.499999999999998,11.06,51.5,81.0,49,0.2685130744398483,1.0,6.100000000000003,10.279999999999994,44.0,2.7806184377844936,36,109.35448671686616,315.26186104853315,424.6163477653993,52.60000000000001
449,56,11,1.8798889123085565,2.7857142857142856,6.769642857142857,10.620714285714277,48.419642857142854,13.694642857142856,35.012567013176586,44.767857142857146,9.279258200046932,8.0,7.499999999999998,11.06,51.5,80.0,49,0.2685130744398483,1.0,6.100000000000003,10.279999999999994,44.0,1.7806184377844936,36,105.27377908927916,385.1382371449424,490.4120162342216,32.80000000000001
450,58,8,3.585223797954857,2.793103448275862,6.767241379310346,10.618275862068957,48.43103448275862,15.889655172413793,43.97257730472306,44.775862068965516,82.3432663339212,8.0,7.499999999999998,11.06,51.5,83.0,49,0.2685130744398483,1.0,6.100000000000003,10.279999999999994,44.0,0.7806184377844936,36,207.9429802813817,351.7806184377845,559.7235987191661,102.7
451,61,9,3.9501383913629415,2.8524590163934427,6.754098360655737,10.629180327868845,48.385245901639344,16.244262295081967,40.474293141151286,44.90163934426229,70.4744118601749,8.0,7.499999999999998,11.06,51.5,84.0,49,0.2685130744398483,1.0,6.100000000000003,10.279999999999994,44.0,2.319814550011733,36,240.95844187313944,364.2686382703616,605.227080143501,129.9
452,66,8,5.036307326461369,2.893939393939394,6.75757575757576,10.639090909090905,48.265151515151516,16.35151515151515,36.7909202899623,44.984848484848484,83.99638829263681,8.0,7.499999999999998,11.06,51.5,83.0,49,0.2685130744398483,1.0,6.100000000000003,10.279999999999994,44.0,1.319814550011733,36,332.3962835464503,294.3273623196984,626.7236458661487,88.7
453,72,9,3.8970525076503617,3.0277777777777777,6.720833333333332,10.654999999999998,48.111111111111114,15.36111111111111,38.20501665195687,45.22222222222222,41.998194146318404,8.0,7.499999999999998,11.06,51.5,82.0,49,0.2685130744398483,1.0,6.100000000000003,10.279999999999994,44.0,0.7372059300874492,36,280.58778055082604,343.84514986761184,624.4329304184379,129.60000000000002
454,81,8,2.977574467945027,3.111111111111111,6.7,10.662222222222223,48.03086419753087,15.392592592592594,43.17677392702304,45.44444444444444,35.23720593008745,8.0,7.499999999999998,11.06,51.5,81.0,49,0.2685130744398483,1.0,6.0000000000000036,10.279999999999994,44.0,5.414191416184349,36,241.1835319035472,345.41419141618434,586.5977233197316,138.70000000000002
455,90,9,3.277686998432616,3.1444444444444444,6.703333333333335,10.676,48.0,15.181111111111113,38.4079480720646,45.72222222222222,75.88737754323272,8.0,7.599999999999998,11.06,51.5,84.0,50,0.2685130744398483,1.0,6.0000000000000036,10.279999999999994,44.0,1.4744118601748983,36,294.99182985893543,345.6715326485814,640.6633625075168,211.90000000000003
456,94,8,2.8412909522598566,3.1808510638297873,6.695744680851064,10.673191489361702,48.0531914893617,16.63085106382979,42.011293143953495,45.840425531914896,37.94368877161636,8.0,7.599999999999998,11.06,51.5,83.0,50,0.2685130744398483,1.0,6.0000000000000036,10.279999999999994,45.5,2.234464039783748,36,267.0813495124265,336.09034515162796,603.1716946640545,265.00000000000006
457,90,16,3.0811678155305153,3.3,6.679999999999999,10.678000000000004,47.93333333333333,16.273333333333337,18.045066494254787,45.87777777777778,65.57322707293504,8.0,7.599999999999998,11.06,51.5,82.0,50,0.2685130744398483,1.0,6.0000000000000036,10.279999999999994,45.5,0.3686029650437246,36,277.3051033977464,288.7210639080766,566.026167305823,421.50000000000006
458,90,13,2.699840406377162,3.477777777777778,6.65888888888889,10.682666666666666,47.8,17.97333333333334,25.729087792652106,45.65555555555556,32.78661353646752,8.0,7.599999999999998,11.06,51.5,81.0,50,0.3580174325864644,1.0,6.0000000000000036,10.279999999999994,45.5,0.2685130744398483,36,242.9856365739446,334.4781413044774,577.463777878422,335.40000000000003
459,93,13,2.367560024529464,3.5268817204301075,6.651612903225805,10.685806451612901,47.774193548387096,18.99784946236559,32.10163961836377,45.87096774193548,16.39330676823376,8.0,7.599999999999998,11.06,51.5,90.0,50,0.26849470067433634,1.0,6.0000000000000036,10.279999999999994,45.5,0.28890857411405735,36,220.18308228124016,417.32131503872904,637.5043973199693,287.9000000000001
460,90,13,2.0654265986280955,3.4444444444444446,6.601111111111114,10.67066666666667,47.77777777777778,20.31111111111111,33.14711955499123,46.18888888888889,8.809301482521862,8.0,7.499999999999998,11.06,51.5,89.0,50,0.26849470067433634,1.0,6.0000000000000036,10.219999999999994,45.5,1.3124435670724501,37,185.8883938765286,430.912554214886,616.8009480914145,337.30000000000007
461,88,13,2.9931240090982825,3.465909090909091,6.596590909090912,10.67818181818182,47.73295454545455,20.282954545454544,26.013749250209095,46.29545454545455,74.94130130700837,8.0,7.499999999999998,11.06,51.5,88.0,50,0.26849470067433634,1.0,6.0000000000000036,10.219999999999994,45.5,0.8010102187888514,37,263.39491280064885,338.1787402527182,601.573653053367,187.80000000000007
462,92,9,2.739263549199337,3.532608695652174,6.6032608695652195,10.67130434782609,47.77717391304348,20.501086956521736,34.51078294883222,46.28260869565217,37.47065065350419,8.0,7.499999999999998,11.06,52.0,87.0,50,0.26849470067433634,1.0,6.0000000000000036,10.219999999999994,45.5,1.7372059300874492,37,252.012246526339,310.59704653949,562.609293065829,123.60000000000004
463,86,20,2.492897242847839,3.5930232558139537,6.570930232558142,10.667906976744185,47.76162790697674,19.5953488372093,18.59176096892312,46.53488372093023,18.735325326752093,8.0,7.499999999999998,11.06,52.5,86.0,50,0.26849470067433634,1.0,6.0000000000000036,10.219999999999994,45.5,0.7299196710028151,37,214.38916288491416,371.8352193784624,586.2243822633766,282.6
464,87,15,2.82434897956654,3.632183908045977,6.557471264367817,10.648965517241379,47.95977011494253,19.129885057471263,24.689273751149475,46.7816091954023,49.04916334602922,8.0,7.499999999999998,11.06,52.5,85.0,51,0.26849470067433634,1.0,6.0000000000000036,10.219999999999994,45.5,0.2752906713288082,37,245.71836122228896,370.33910626724213,616.0574674895311,150.70000000000005
465,89,11,3.1135215165962453,3.651685393258427,6.556179775280899,10.635280898876406,48.12359550561798,19.170786516853934,34.93145258261496,46.96629213483146,51.36495983550141,8.0,7.499999999999998,11.06,52.5,84.0,51,0.26849470067433634,1.0,6.0000000000000036,10.219999999999994,45.5,0.6183478552540174,37,277.1034149770658,384.2459784087646,661.3493933858304,170.00000000000006
466,90,11,3.2352758379778024,3.6777777777777776,6.570000000000002,10.627999999999998,48.12777777777778,19.458888888888882,30.890778576638738,47.0,46.28661353646752,8.0,7.499999999999998,11.06,52.5,83.0,52,0.26849470067433634,1.0,6.0000000000000036,10.219999999999994,45.5,0.6433067682337594,37,291.17482541800223,339.7985643430261,630.9733897610283,168.40000000000003
467,93,16,2.610936442349523,3.6129032258064515,6.539784946236565,10.616129032258062,48.17204301075269,17.6010752688172,25.17310479229305,47.333333333333336,23.14330676823376,8.0,7.499999999999998,11.06,52.5,82.0,52,0.26849470067433634,1.0,6.0000000000000036,10.219999999999994,45.5,0.024581673014610006,37,242.81708913850565,402.7696766766888,645.5867658151944,201.30000000000007
468,99,13,3.684661561134201,3.606060606060606,6.550505050505053,10.619393939393936,48.21212121212121,17.499999999999996,23.287130411654623,47.45454545454545,81.26849470067434,8.0,7.499999999999998,11.06,52.5,74.0,52,0.2752906713288082,1.0,5.900000000000004,10.219999999999994,45.5,0.03661353646751886,37,364.7814945522859,302.7326953515101,667.514189903796,121.20000000000005
469,103,10,3.9958843179540935,3.563106796116505,6.54854368932039,10.618446601941743,48.262135922330096,17.872815533980578,27.298427596901412,47.56310679611651,81.26849470067434,8.0,7.499999999999998,11.06,52.5,70.0,52,0.2752906713288082,1.0,5.900000000000004,10.219999999999994,45.5,0.7179106064363117,37,411.5760847492716,272.9842759690141,684.5603607182857,164.90000000000003
470,101,13,3.624094443365657,3.5346534653465347,6.54950495049505,10.608514851485145,48.381188118811885,18.404950495049498,24.09370613773804,47.84158415841584,81.26849470067434,8.0,7.499999999999998,11.06,52.5,69.0,52,0.2752906713288082,1.0,5.900000000000004,10.219999999999994,45.0,0.5369894013486727,37,366.03353877993135,313.2181797905945,679.2517185705258,228.10000000000005
471,102,15,2.8826421472078767,3.607843137254902,6.5686274509803955,10.606470588235291,48.46568627450981,19.3892156862745,23.52955902840147,47.77450980392157,36.66161353646752,9.0,7.499999999999998,11.120000000000001,52.5,81.26849470067434,52,0.2752906713288082,1.0,5.900000000000004,10.219999999999994,45.0,1.1530807975798267,37,294.02949901520344,352.943385426022,646.9728844412255,285.50000000000006
472,100,17,4.120684733179957,3.64,6.593000000000003,10.596199999999996,48.555,20.028999999999993,12.350021038384176,47.62,81.87364969553376,9.0,7.499999999999998,11.120000000000001,52.5,51.0,52,0.2752906713288082,1.0,5.900000000000004,10.219999999999994,44.5,0.3686029650437246,37,412.0684733179957,209.95035765253098,622.0188309705267,294.8000000000001
473,102,10,3.6407282290028187,3.7254901960784315,6.5872549019607884,10.605294117647057,48.46078431372549,20.44411764705882,22.374984641877653,47.490196078431374,40.93682484776688,9.0,7.499999999999998,11.120000000000001,52.5,50.0,52,0.2752906713288082,1.0,5.900000000000004,10.219999999999994,44.5,0.8287726419196275,37,371.3542793582875,223.74984641877654,595.104125777064,145.90000000000003
474,106,11,3.376785674874634,3.80188679245283,6.539622641509435,10.61113207547169,48.37264150943396,19.34150943396226,19.47357143937657,47.509433962264154,40.93682484776688,10.0,7.499999999999998,11.120000000000001,52.5,49.0,52,0.2752906713288082,1.0,5.900000000000004,10.219999999999994,44.5,0.5505813426576164,37,357.9392815367112,214.20928583314227,572.1485673698535,178.30000000000004
475,109,11,3.864770292993515,3.761467889908257,6.520183486238533,10.616330275229357,48.39449541284404,18.95412844036697,14.625019333009845,47.73394495412844,54.48592219290409,10.0,7.499999999999998,11.120000000000001,52.5,46.0,52,0.2752906713288082,1.0,5.800000000000004,10.219999999999994,44.5,0.5505813426576164,37,421.2599619362931,160.8752126631083,582.1351745994014,183.00000000000006
476,106,19,3.4966647210936754,3.7830188679245285,6.500943396226417,10.603207547169806,48.429245283018865,17.681132075471698,13.733741354311405,47.64150943396226,49.17095783292201,10.0,7.499999999999998,11.120000000000001,52.5,89.0,52,0.2752906713288082,1.0,5.800000000000004,10.219999999999994,44.5,0.5128734987660177,37,370.6464604359296,260.9410857319167,631.5875461678463,274.80000000000007
477,109,12,2.8009753353009423,3.779816513761468,6.4889908256880755,10.598715596330274,48.41284403669725,16.996330275229358,23.234035173082173,47.596330275229356,24.585478916461003,10.0,7.499999999999998,11.120000000000001,53.0,88.0,52,0.2752906713288082,1.0,5.800000000000004,10.159999999999993,44.5,0.5505813426576164,37,305.3063115478027,278.80842207698606,584.1147336247888,191.10000000000005
478,111,12,4.003747795846814,3.873873873873874,6.504504504504505,10.602702702702702,48.33783783783784,17.386486486486483,15.744860259368904,47.44144144144144,90.85162233981008,10.0,7.599999999999998,11.120000000000001,53.0,80.0,52,0.2752906713288082,1.0,5.800000000000004,10.159999999999993,44.5,0.35847722346032823,37,444.41600533899634,188.93832311242684,633.3543284514232,240.90000000000006
479,111,13,3.5180154719928334,3.8828828828828827,6.493693693693697,10.590810810810808,48.414414414414416,17.372972972972967,14.595829613755765,47.711711711711715,45.42581116990504,10.0,7.599999999999998,11.120000000000001,53.5,79.0,53,0.2752906713288082,1.0,5.800000000000004,10.159999999999993,44.5,1.279275776492715,37,390.4997173912045,189.74578497882493,580.2455023700295,323.30000000000007
480,112,16,3.3757302753030833,3.9375,6.494642857142859,10.583749999999998,48.544642857142854,16.93482142857143,9.3357525537332,47.92857142857143,41.80257749742971,10.0,7.599999999999998,11.120000000000001,53.5,78.0,53,0.2752906713288082,1.0,5.800000000000004,10.159999999999993,44.5,0.44645667301461,37,378.0817908339453,149.3720408597312,527.4538316936765,366.4000000000001
481,117,14,3.0909226177895337,3.948717948717949,6.493162393162395,10.58974358974359,48.62820512820513,16.745299145299146,8.110328801869253,48.23076923076923,36.40537013705651,10.0,7.599999999999998,11.120000000000001,53.5,77.0,53,0.2752906713288082,1.0,5.800000000000004,10.159999999999993,44.5,0.17095783292200584,37,361.63794628137543,113.54460322616953,475.182549507545,295.6000000000001
482,125,10,2.6640490604136695,3.848,6.513600000000004,10.582400000000005,48.84,18.0856,10.822762468782981,48.504,36.40537013705651,10.0,7.599999999999998,11.120000000000001,53.5,76.0,53,0.2752906713288082,1.0,5.800000000000004,10.159999999999993,44.5,0.051611667874029266,38,333.0061325517087,108.22762468782982,441.2337572395385,365.9000000000001
483,121,16,2.514982164905281,3.760330578512397,6.53636363636364,10.594876033057854,48.85537190082645,17.811570247933886,7.479696502553239,48.6198347107438,36.40537013705651,10.0,7.599999999999998,11.120000000000001,53.5,75.0,54,0.2864188557536525,1.0,5.800000000000004,10.159999999999993,44.5,0.2752906713288082,38,304.31284195353896,119.67514404085182,423.9879859943908,429.0000000000001
484,119,17,2.411313989887598,3.689075630252101,6.53445378151261,10.591596638655464,48.76890756302521,18.402521008403365,6.781725259792103,48.621848739495796,36.40537013705651,10.0,7.599999999999998,11.120000000000001,53.5,74.0,54,0.29667671254277433,1.0,5.800000000000004,10.159999999999993,44.5,0.17095783292200584,38,286.94636479662415,115.28932941646575,402.2356942130899,353.6000000000001
485,113,19,2.1877203837059302,3.672566371681416,6.55044247787611,10.574690265486725,48.93362831858407,17.91504424778761,7.0878246410115935,48.94690265486726,10.35645279247626,10.0,7.599999999999998,11.120000000000001,53.5,73.0,54,0.29667671254277433,1.0,5.800000000000004,10.159999999999993,44.5,0.17224729810369688,38,247.21240335877013,134.66866817922028,381.8810715379904,371.9000000000001
486,112,12,2.7092698334713483,3.625,6.5553571428571455,10.567142857142859,49.07142857142857,20.348214285714285,4.755376849390532,49.214285714285715,73.95530364864148,9.0,7.599999999999998,11.120000000000001,53.5,41.57779876777268,54,0.29667671254277433,1.0,5.800000000000004,10.159999999999993,44.5,0.10116268531523276,38,303.438221348791,57.06452219268638,360.50274354147734,360.9000000000001
487,101,16,2.5585712830774825,3.6534653465346536,6.559405940594061,10.55564356435644,49.09405940594059,21.055445544554463,4.658119742792392,49.06930693069307,36.97765182432074,9.0,7.599999999999998,11.120000000000001,53.5,40.57779876777268,54,0.29667671254277433,1.0,5.800000000000004,10.159999999999993,44.5,0.3419156658440117,38,258.41569959082574,74.52991588467827,332.94561547550404,434.90000000000015
488,94,11,2.96794964306453,3.574468085106383,6.561702127659575,10.555106382978728,49.12765957446808,21.625531914893617,2.3423930459248337,49.180851063829785,40.64873038595188,9.0,7.599999999999998,11.120000000000001,53.5,5.652263798404478,54,0.29667671254277433,1.0,5.800000000000004,10.159999999999993,44.5,0.006443743574273686,38,278.98726644806584,25.766323505173172,304.753589953239,292.6000000000001
489,91,12,2.5730747711797104,3.5714285714285716,6.556043956043958,10.546373626373628,49.2032967032967,20.594505494505498,3.293409438308411,49.1978021978022,20.32436519297594,9.0,7.599999999999998,10.879999999999999,53.5,9.063305467946783,54,0.29667671254277433,1.0,5.800000000000004,10.159999999999993,44.5,0.6294579491554633,38,234.14980417735364,39.52091325970093,273.6707174370546,237.20000000000005
490,98,5,2.4578917504027227,3.5306122448979593,6.526530612244899,10.544489795918368,49.224489795918366,20.450000000000006,1.8489846007150383,49.38775510204081,20.32436519297594,9.0,7.599999999999998,10.879999999999999,53.5,3.4078112536151304,54,0.29667671254277433,1.0,5.800000000000004,10.159999999999993,44.5,0.3994371855381196,38,240.87339153946684,9.244923003575192,250.11831454304203,159.40000000000003
491,101,2,2.343623310186042,3.495049504950495,6.529702970297033,10.545544554455446,49.242574257425744,22.726732673267335,2.0919620406982777,49.475247524752476,20.32436519297594,9.0,7.599999999999998,10.879999999999999,53.5,2.4078112536151304,54,0.29667671254277433,1.0,5.800000000000004,10.159999999999993,44.5,1.7761128277814249,38,236.70595432879026,4.1839240813965555,240.8898784101868,256.2000000000001
492,92,13,2.201703021226325,3.369565217391304,6.551086956521741,10.542173913043479,49.32065217391305,23.616304347826084,2.5989968475745795,49.65217391304348,20.32436519297594,9.0,7.599999999999998,10.879999999999999,53.5,4.385757571085428,54,0.29667671254277433,1.0,5.800000000000004,10.159999999999993,45.0,0.7761128277814249,39,202.5566779528219,33.78695901846953,236.34363697129143,384.2000000000001
493,84,15,2.024373138553724,3.369047619047619,6.566666666666668,10.527857142857144,49.63690476190476,23.27857142857143,3.480799636928619,50.26190476190476,15.006372291964194,9.0,7.599999999999998,10.879999999999999,53.5,20.32436519297594,54,0.29667671254277433,1.0,5.800000000000004,10.159999999999993,45.0,0.6531652733973392,39,170.0473436385128,52.21199455392929,222.2593381924421,220.40000000000006
494,84,8,1.9327615464453538,3.380952380952381,6.559523809523809,10.540714285714285,49.458333333333336,24.367857142857144,5.015683858332436,50.11904761904762,7.717870137056506,9.0,7.599999999999998,10.879999999999999,53.5,19.32436519297594,54,0.29667671254277433,1.0,5.800000000000004,10.159999999999993,45.0,1.4053701370565057,39,162.35196990140972,40.12547086665949,202.47744076806921,182.50000000000006
495,81,7,2.24858512865214,3.382716049382716,6.572839506172841,10.537777777777778,49.48148148148148,25.5604938271605,1.5941150280143044,50.098765432098766,22.07595826596699,9.0,7.599999999999998,10.879999999999999,53.5,2.4593977398488853,54,0.29667671254277433,1.0,6.0000000000000036,10.159999999999993,45.0,0.8202450906140524,39,182.13539542082333,11.15880519610013,193.29420061692346,153.70000000000002
496,79,10,1.9396648245076942,3.4556962025316458,6.565822784810129,10.5473417721519,49.40506329113924,25.12278481012659,2.2746324885818856,49.936708860759495,11.037979132983494,10.0,7.599999999999998,10.879999999999999,53.5,7.717870137056506,55,0.29667671254277433,1.0,6.0000000000000036,10.159999999999993,45.5,0.19645667301461,39,153.23352113610784,22.746324885818858,175.9798460219267,155.90000000000003
497,79,5,1.9888937218816216,3.481012658227848,6.565822784810127,10.54658227848101,49.348101265822784,25.5873417721519,1.3141575994668107,49.860759493670884,7.315215662260068,10.0,7.599999999999998,10.879999999999999,53.5,2.154053787224834,55,0.31981894412317874,1.0,6.0000000000000036,10.159999999999993,45.5,0.4593977398488853,39,157.1226040286481,6.570787997334053,163.69339202598218,128.80000000000004
498,74,7,1.9458894818925374,3.4864864864864864,6.566216216216217,10.547567567567564,49.37837837837838,26.54864864864866,1.9254045750403015,49.972972972972975,5.67822639623813,10.0,7.599999999999998,10.879999999999999,53.5,4.574799837153598,55,0.31981894412317874,1.0,6.0000000000000036,10.099999999999993,45.5,0.3265826366986696,39,143.99582166004777,13.47783202528211,157.47365368532988,192.80000000000007
499,66,12,1.8425603611833736,3.4393939393939394,6.557575757575759,10.547272727272723,49.40151515151515,26.63030303030304,2.3816975472049067,50.121212121212125,6.5628790777602015,10.0,7.599999999999998,10.879999999999999,53.5,5.5977829952976625,55,0.31981894412317874,1.0,6.0000000000000036,10.099999999999993,45.5,0.32677645530004895,39,121.60898383810266,28.58037056645888,150.18935440456153,189.00000000000006
500,64,6,1.9464020867666894,3.46875,6.5531250000000005,10.546249999999995,49.390625,28.376562500000006,2.5870103316591204,50.109375,6.5628790777602015,10.0,7.599999999999998,10.879999999999999,53.5,4.5977829952976625,55,0.31981894412317874,1.0,6.0000000000000036,10.099999999999993,45.5,0.7111344424779282,39,124.56973355306812,15.522061989954722,140.09179554302284,104.40000000000003
501,61,7,1.9377511738267441,3.5081967213114753,6.5704918032786885,10.53868852459016,49.40983606557377,29.6672131147541,2.2329861389484207,50.0655737704918,6.5628790777602015,10.0,7.599999999999998,10.879999999999999,53.5,3.5977829952976625,55,0.31981894412317874,1.0,6.0000000000000036,10.099999999999993,45.5,0.6185231080697031,39,118.20282160343139,15.630902972638944,133.83372457607032,137.30000000000004
502,57,6,1.981603766494277,3.456140350877193,6.550877192982456,10.549473684210518,49.3421052631579,30.817543859649124,2.1968009108855546,50.10526315789474,6.5628790777602015,10.0,7.399999999999999,10.819999999999999,53.5,3.153003377812111,55,0.5182962161394064,1.0,6.0000000000000036,10.099999999999993,45.5,0.8010102187888514,39,112.95141469017379,13.180805465313327,126.13222015548712,173.70000000000002
503,52,9,2.016950234449922,3.423076923076923,6.575000000000001,10.554615384615376,49.375,30.192307692307704,1.581692846183806,50.09615384615385,6.5628790777602015,10.0,7.399999999999999,10.819999999999999,53.5,2.839113198119065,56,0.5182962161394064,1.0,6.0000000000000036,10.099999999999993,45.5,0.0365924322788127,39,104.88141219139595,14.235235615654254,119.11664780705021,134.80000000000004
504,52,6,1.920385493416861,3.25,6.588461538461539,10.553461538461532,49.53846153846154,28.65000000000001,1.6020899777870745,50.53846153846154,6.5628790777602015,10.0,7.399999999999999,10.819999999999999,53.5,2.7594947832458736,56,0.28461386823594226,1.0,6.0000000000000036,10.099999999999993,45.5,1.0219447556342272,39,99.86004565767676,9.612539866722447,109.47258552439921,19.200000000000006
505,47,9,1.8474980244212231,3.127659574468085,6.58936170212766,10.55319148936169,49.58510638297872,28.217021276595755,1.787285001609727,50.87234042553192,6.5628790777602015,10.0,7.399999999999999,10.819999999999999,53.5,5.5459251451369855,56,0.28461386823594226,1.0,6.0000000000000036,10.099999999999993,45.5,0.40646790563668445,40,86.83240714779748,16.085565014487543,102.91797216228503,102.30000000000004
506,42,5,2.0971362380866863,3.1904761904761907,6.626190476190477,10.542857142857134,49.583333333333336,28.719047619047622,1.5680753062416921,50.73809523809524,6.5628790777602015,10.0,7.399999999999999,10.819999999999999,53.5,2.777758097550115,56,0.28461386823594226,1.0,6.0000000000000036,10.099999999999993,45.5,0.5777758097550115,40,88.07972199964082,7.84037653120846,95.92009853084929,103.90000000000005
507,40,6,1.9701485763042115,3.3,6.630000000000001,10.54099999999999,49.6125,27.785000000000014,1.6958064494538967,50.775,6.5628790777602015,10.0,7.399999999999999,10.819999999999999,53.5,3.248431740301301,57,0.28461386823594226,1.0,6.0000000000000036,10.099999999999993,45.5,0.5692277364718845,40,78.80594305216846,10.17483869672338,88.98078174889184,77.30000000000003
508,40,3,1.989261620085148,3.25,6.630000000000001,10.53799999999999,49.6625,28.710000000000008,1.144869903212387,50.9,7.163502475848536,10.0,7.399999999999999,10.819999999999999,53.5,2.479515456131481,57,0.5469365244745583,1.0,6.0000000000000036,10.099999999999993,45.5,0.17733615595556484,40,79.57046480340593,3.434609709637161,83.00507451304308,50.60000000000002
509,37,4,2.0668098207588925,3.27027027027027,6.656756756756758,10.531351351351342,49.689189189189186,28.805405405405423,0.9861888723310219,50.83783783783784,7.163502475848536,10.0,7.399999999999999,10.819999999999999,53.5,1.155551619510023,57,0.5546133621142202,1.0,6.0000000000000036,10.099999999999993,45.5,0.6166637146325173,40,76.47196336807903,3.9447554893240877,80.41671885740311,94.60000000000004
510,36,4,1.9408775186179978,3.0555555555555554,6.6833333333333345,10.53166666666666,49.833333333333336,28.700000000000006,1.6054628693427886,51.19444444444444,7.163502475848536,10.0,7.399999999999999,10.819999999999999,53.5,4.938208083169561,57,0.5066129951515099,1.0,6.0000000000000036,10.099999999999993,45.5,0.08955884266801539,40,69.87159067024793,6.421851477371154,76.29344214761907,26.700000000000003
511,32,4,2.142408212787385,3.125,6.7250000000000005,10.525624999999993,49.765625,28.496875000000006,1.3728172190611785,51.03125,11.101710559018098,10.0,7.399999999999999,10.819999999999999,53.5,2.7103932933121446,57,0.5066129951515099,1.0,6.100000000000003,10.099999999999993,45.5,0.5777758097550115,40,68.55706280919632,5.491268876244714,74.04833168544104,51.500000000000014
512,31,3,2.0355021304592364,3.4193548387096775,6.690322580645163,10.537419354838702,49.66129032258065,28.28387096774194,1.531520730565064,50.806451612903224,6.5628790777602015,11.0,7.199999999999999,10.819999999999999,53.5,1.794610055715032,57,0.5066129951515099,1.0,6.100000000000003,10.099999999999993,45.5,1.0895588426680154,40,63.10056604423633,4.594562191695192,67.69512823593152,33.60000000000001
513,30,1,2.095544144012217,3.466666666666667,6.693333333333333,10.551999999999994,49.53333333333333,29.28333333333334,1.828803915565017,50.666666666666664,6.5628790777602015,11.0,7.199999999999999,10.819999999999999,53.5,1.828803915565017,57,0.5066129951515099,1.0,6.100000000000003,10.159999999999993,45.5,1.828803915565017,40,62.86632432036651,1.828803915565017,64.69512823593152,26.600000000000005
514,30,1,2.0993730835668947,3.466666666666667,6.693333333333334,10.551999999999992,49.53333333333333,30.91333333333334,0.3569678644623357,50.666666666666664,6.5628790777602015,11.0,7.199999999999999,10.819999999999999,53.5,0.3569678644623357,57,0.5066129951515099,1.0,6.100000000000003,10.159999999999993,45.5,0.3569678644623357,40,62.981192507006845,0.3569678644623357,63.33816037146918,19.900000000000006
515,27,3,1.9327875320696908,3.3703703703703702,6.692592592592596,10.571111111111106,49.388888888888886,30.74444444444445,3.598643047041731,50.51851851851852,6.5628790777602015,11.0,7.199999999999999,10.819999999999999,53.5,6.026009391535792,57,0.5066129951515099,1.0,6.100000000000003,10.159999999999993,45.5,1.297814884578287,40,52.18526336588165,10.795929141125193,62.981192507006845,33.300000000000004
516,24,4,2.071974366669553,3.4583333333333335,6.712500000000003,10.592499999999992,49.166666666666664,29.70833333333334,2.5634519267343965,50.0,6.5628790777602015,11.0,7.199999999999999,10.819999999999999,53.5,5.026009391535792,57,0.5692277364718845,1.0,6.200000000000003,10.159999999999993,45.5,1.1702913594878854,40,49.72738480006927,10.253807706937586,59.98119250700685,13.300000000000002
517,25,3,2.0087420343760143,3.36,6.712000000000002,10.599199999999996,49.2,29.440000000000005,1.6726540608552811,50.16,6.5628790777602015,11.0,7.199999999999999,10.819999999999999,53.5,4.026009391535792,57,0.5692277364718845,1.0,6.200000000000003,10.159999999999993,45.5,0.17029135948788543,40,50.21855085940036,5.017962182565843,55.236513041966205,0.0
518,23,4,1.7438320371158722,3.0434782608695654,6.739130434782611,10.611304347826081,49.21739130434783,29.61304347826087,3.1910209161876892,50.34782608695652,6.5628790777602015,11.0,7.199999999999999,10.819999999999999,53.5,5.550855279509049,57,0.5692277364718845,1.0,6.3000000000000025,10.159999999999993,45.5,0.3723397325203279,40,40.10813685366506,12.764083664750757,52.872220518415816,19.800000000000004
519,23,2,1.8662180919500282,3.0434782608695654,6.73913043478261,10.611304347826081,49.21739130434783,32.00000000000001,3.2884323355224208,50.34782608695652,6.5628790777602015,11.0,7.199999999999999,10.819999999999999,53.5,4.550855279509049,57,0.5692277364718845,1.0,6.3000000000000025,10.159999999999993,45.5,2.0260093915357924,40,42.92301611485065,6.5768646710448415,49.499880785895485,32.900000000000006
520,22,4,1.9539751432146246,3.227272727272727,6.731818181818183,10.596363636363632,49.40909090909091,31.568181818181817,16.911620239826266,50.59090909090909,6.5628790777602015,11.0,7.199999999999999,10.819999999999999,53.5,64.0,58,0.5692277364718845,1.0,6.3000000000000025,10.159999999999993,45.5,0.7446794650406559,40,42.98745315072174,67.64648095930507,110.63393411002681,39.60000000000001
521,21,3,2.0417156502230065,3.2857142857142856,6.742857142857144,10.588571428571422,49.404761904761905,32.56666666666666,30.671075330101004,50.523809523809526,6.5628790777602015,11.0,7.199999999999999,10.819999999999999,53.5,63.0,58,0.5692277364718845,1.0,6.3000000000000025,10.159999999999993,45.5,1.0132259903030199,40,42.87602865468313,92.01322599030301,134.88925464498615,19.700000000000003
522,20,4,2.114349634577574,3.4,6.755000000000001,10.576999999999995,49.425,33.705,44.150565488358666,50.45,6.5628790777602015,11.0,7.199999999999999,10.759999999999998,53.5,87.0,58,0.5692277364718845,1.0,6.3000000000000025,10.159999999999993,45.5,0.6022619534346803,40,42.286992691551475,176.60226195343466,218.88925464498612,20.700000000000003
523,19,5,2.0762041838648635,3.3157894736842106,6.757894736842106,10.570526315789468,49.473684210526315,35.04210526315789,44.167822639623814,50.526315789473685,6.5628790777602015,11.0,7.199999999999999,10.759999999999998,53.5,86.0,58,0.5692277364718845,1.0,6.3000000000000025,10.159999999999993,45.5,2.839113198119065,40,39.44787949343241,220.83911319811907,260.28699269155146,20.400000000000002
524,15,10,1.9150248048826597,3.2,6.78,10.543999999999993,49.833333333333336,33.92,27.65616206183116,51.2,6.326282919263574,11.0,7.199999999999999,10.759999999999998,53.5,85.0,58,0.5692277364718845,1.0,6.3000000000000025,10.159999999999993,46.0,0.5933534250855487,42,28.725372073239896,276.5616206183116,305.2869926915515,20.700000000000003
525,12,12,1.6694824736630884,3.1666666666666665,6.7749999999999995,10.514999999999997,50.041666666666664,32.0,23.661057321940095,51.333333333333336,6.326282919263574,11.0,7.1,10.759999999999998,53.5,84.0,58,0.5692277364718845,1.0,6.3000000000000025,10.159999999999993,46.0,0.7446794650406559,42,20.03378968395706,283.93268786328116,303.96647754723824,13.700000000000001
526,11,10,5.579262901447584,3.3636363636363638,6.754545454545456,10.50363636363636,50.13636363636363,31.50909090909091,26.50107929681551,51.45454545454545,48.326282919263576,11.0,7.1,10.759999999999998,53.5,83.0,58,0.5692277364718845,1.0,6.3000000000000025,10.159999999999993,46.0,0.8391131981190649,42,61.37189191592342,265.0107929681551,326.3826848840785,0.0
527,11,8,6.848172194719223,4.2727272727272725,6.690909090909091,10.509090909090906,49.72727272727273,27.8,36.51651335177901,50.63636363636363,24.163141459631788,11.0,7.1,10.819999999999999,53.5,82.0,58,0.6531652733973392,1.0,6.3000000000000025,10.159999999999993,46.0,0.5692277364718845,42,75.32989414191145,292.1321068142321,367.4620009561435,0.0
528,15,9,3.836187516918771,5.2,6.660000000000001,10.563999999999995,48.86666666666667,17.926666666666666,32.49058970271697,49.53333333333333,12.081570729815894,12.0,7.1,10.819999999999999,53.5,81.0,58,0.6531652733973392,1.0,6.3000000000000025,10.159999999999993,45.5,0.8524282466925073,42,57.54281275378157,292.4153073244527,349.9581200782343,13.200000000000003
529,18,9,2.7792142117670897,5.166666666666667,6.65,10.53333333333333,48.916666666666664,15.438888888888888,41.840319897528914,49.611111111111114,6.040785364907947,12.0,7.1,10.819999999999999,53.5,93.0,58,0.6531652733973392,1.0,6.200000000000003,10.159999999999993,45.5,1.5628790777602015,42,50.02585581180762,376.5628790777602,426.58873488956783,0.0
530,20,10,2.3888786841023815,4.9,6.665000000000001,10.501999999999994,49.05,14.91,38.45628790777602,50.0,6.040785364907947,12.0,7.1,10.819999999999999,53.5,92.0,58,0.6531652733973392,1.0,6.200000000000003,10.159999999999993,45.5,0.5628790777602015,42,47.77757368204763,384.5628790777602,432.3404527598078,6.3000000000000025
531,20,9,3.838878684102382,4.9,6.665000000000001,10.501999999999994,49.05,17.385,42.77777777777778,50.0,30.37213122506531,12.0,7.1,10.819999999999999,53.5,91.0,58,0.6531652733973392,1.0,6.200000000000003,10.159999999999993,45.5,2.0,42,76.77757368204765,385.0,461.77757368204766,31.500000000000014
532,20,10,7.276568780119199,5.0,6.659999999999999,10.498999999999997,49.05,17.575000000000003,38.265316527339735,50.15,80.02039268245397,12.0,7.1,10.819999999999999,53.5,90.0,58,0.6860656125326547,2.0,6.200000000000003,10.159999999999993,45.5,0.6531652733973392,42,145.53137560238397,382.65316527339735,528.1845408757813,39.60000000000001
533,22,10,5.350184120537384,5.090909090909091,6.654545454545453,10.500909090909088,48.97727272727273,15.66818181818182,45.612745217524825,50.18181818181818,40.01019634122699,12.0,7.1,10.819999999999999,53.5,89.0,58,0.6860656125326547,2.0,6.100000000000003,10.159999999999993,45.5,2.0,42,117.70405065182246,456.12745217524827,573.8315028270707,25.20000000000001
534,25,11,5.714618973645119,4.72,6.668000000000002,10.500799999999995,49.06,13.764000000000003,40.65165795819602,50.6,41.498854753173326,12.0,7.1,10.819999999999999,53.5,88.0,58,0.6860656125326547,1.0,6.0000000000000036,10.159999999999993,45.5,1.0,43,142.86547434112796,447.1682375401562,590.0337118812841,31.900000000000013
535,25,11,5.823869390081395,4.68,6.660000000000001,10.491199999999997,49.0,13.960000000000003,39.953440729860546,50.6,41.498854753173326,12.0,7.0,10.819999999999999,53.5,87.0,58,0.6860656125326547,1.0,6.0000000000000036,10.159999999999993,45.5,0.127452175248282,43,145.59673475203488,439.487848028466,585.0845827805008,39.30000000000001
536,27,11,4.905615865973614,4.777777777777778,6.651851851851853,10.493333333333329,48.96296296296296,14.451851851851854,46.760035986656156,50.51851851851852,40.01019634122699,12.0,7.0,10.819999999999999,53.5,86.0,58,0.6860656125326547,1.0,6.0000000000000036,10.159999999999993,45.5,0.36039585321773826,43,132.45162838128758,514.3603958532177,646.8120242345053,19.200000000000006
537,28,11,4.545152554897889,4.678571428571429,6.653571428571429,10.481428571428566,49.05357142857143,16.225000000000005,49.0,50.67857142857143,40.01019634122699,12.0,7.0,10.819999999999999,53.5,85.0,58,0.6860656125326547,1.0,6.0000000000000036,10.159999999999993,45.5,5.0,43,127.2642715371409,539.0,666.2642715371409,39.10000000000001
538,25,15,7.722186035946435,4.48,6.676,10.488799999999996,48.9,13.844000000000003,35.64106281442711,50.52,77.9491291007833,11.0,7.0,10.819999999999999,51.5,84.0,55,0.6860656125326547,1.0,6.0000000000000036,10.159999999999993,45.5,0.8659466758686826,43,193.05465089866087,534.6159422164067,727.6705931150675,85.90000000000002
539,29,13,5.619615538704541,4.517241379310345,6.66896551724138,10.474482758620683,49.03448275862069,15.865517241379314,39.82709892570703,50.758620689655174,38.97456455039165,12.0,7.0,10.819999999999999,51.5,83.0,56,0.6860656125326547,1.0,6.0000000000000036,10.099999999999993,45.5,0.7318933517373651,43,162.9688506224317,517.7522860341913,680.721136656623,93.00000000000001
540,31,12,4.322509463469098,4.645161290322581,6.66451612903226,10.492903225806444,48.983870967741936,17.380645161290325,42.864559474024446,50.645161290322584,19.487282275195824,12.0,7.0,10.819999999999999,51.5,82.0,56,0.6860656125326547,1.0,6.0000000000000036,10.099999999999993,45.5,2.0,43,133.99779336754204,514.3747136882934,648.3725070558354,106.30000000000003
541,34,14,3.7166961385127317,4.411764705882353,6.676470588235297,10.497058823529402,49.11764705882353,16.314705882352946,38.24248731864903,51.205882352941174,12.372423194639978,12.0,7.0,10.819999999999999,51.5,81.0,56,0.6484196055183332,1.0,6.0000000000000036,10.099999999999993,45.5,1.0,43,126.36766870943288,535.3948224610865,661.7624911705194,92.90000000000002
542,35,17,2.988136006016491,3.857142857142857,6.711428571428574,10.49599999999999,49.385714285714286,13.274285714285716,31.734377852877916,52.17142857142857,12.372423194639978,12.0,7.0,10.819999999999999,51.5,80.0,56,0.6089775710998695,1.0,6.0000000000000036,10.099999999999993,45.5,0.7494273765866619,43,104.58476021057719,539.4844234989246,644.0691837095018,87.10000000000001
543,35,15,2.7523454701372163,3.742857142857143,6.720000000000001,10.501142857142849,49.4,12.694285714285714,38.70446418325309,52.4,10.04205990756132,12.0,7.0,10.819999999999999,51.5,79.0,56,0.30448878554993475,1.0,6.0000000000000036,10.099999999999993,45.5,1.1919904688495158,43,96.33209145480257,580.5669627487963,676.8990542035989,54.400000000000006
544,34,16,5.505508475865302,3.735294117647059,6.708823529411767,10.497058823529402,49.51470588235294,11.217647058823529,33.24337016303433,52.64705882352941,80.00254908530675,12.0,7.0,10.759999999999998,52.0,78.0,56,0.30448878554993475,1.0,6.0000000000000036,10.099999999999993,46.0,0.19199046884951576,44,187.18728817942025,531.8939226085492,719.0812107879694,122.30000000000001
545,37,16,4.258951726967497,4.324324324324325,6.672972972972976,10.498918918918909,49.4054054054054,9.216216216216214,34.97059267494751,52.2972972972973,40.00127454265338,13.0,7.0,10.759999999999998,52.0,77.0,56,0.30448878554993475,1.0,6.0000000000000036,10.099999999999993,46.0,0.6860656125326547,44,157.58121389779737,559.5294827991602,717.1106966969576,34.1
546,44,12,4.865153076829237,4.636363636363637,6.647727272727274,10.49681818181817,49.30681818181818,9.163636363636364,43.583333333333336,52.15909090909091,76.9491291007833,13.0,7.0,10.759999999999998,52.0,75.0,57,0.30448878554993475,1.0,6.0000000000000036,10.099999999999993,46.0,1.0,44,214.0667353804864,523.0,737.0667353804864,34.2
547,48,11,4.9149130714751905,4.604166666666667,6.647916666666671,10.498749999999989,49.260416666666664,10.266666666666666,50.09090909090909,52.1875,57.00031863566335,13.0,7.0,10.759999999999998,52.0,87.0,57,0.30448878554993475,1.0,6.0000000000000036,10.099999999999993,46.0,23.0,44,235.91582743080914,551.0,786.9158274308091,54.60000000000001
548,52,12,3.9701145608681077,4.634615384615385,6.653846153846159,10.498076923076912,49.27884615384615,11.576923076923077,47.5,52.23076923076923,28.500159317831674,13.0,7.0,10.759999999999998,52.0,86.0,57,0.30448878554993475,1.0,6.0000000000000036,10.099999999999993,46.0,22.0,44,206.4459571651416,570.0,776.4459571651416,68.2
549,54,16,3.3520724470985326,4.851851851851852,6.653703703703706,10.502222222222212,49.21296296296296,10.603703703703705,35.405502119535335,52.2037037037037,14.250079658915837,13.0,7.0,10.759999999999998,52.0,85.0,57,0.30448878554993475,1.0,6.0000000000000036,10.099999999999993,46.0,0.6089775710998695,44,181.01191214332076,566.4880339125654,747.4999460558861,100.90000000000002
550,56,14,3.2765337742048195,4.75,6.662500000000002,10.499642857142845,49.214285714285715,12.585714285714287,43.34987558582618,52.30357142857143,14.250079658915837,13.0,7.0,10.759999999999998,52.0,84.0,57,0.30448878554993475,1.0,6.0000000000000036,10.099999999999993,46.0,0.8982582015665819,44,183.4858913554699,606.8982582015666,790.3841495570365,84.20000000000002
551,59,15,2.819846586320822,4.6440677966101696,6.681355932203392,10.506779661016939,49.25423728813559,13.391525423728815,42.73335457571089,52.49152542372882,14.250079658915837,13.0,7.1,10.759999999999998,52.0,83.0,57,0.30448878554993475,1.0,6.0000000000000036,10.099999999999993,46.0,10.000318635663344,44,166.3709485929285,641.0003186356633,807.3712672285918,84.20000000000002
552,58,18,3.1923060168583346,4.827586206896552,6.665517241379312,10.507586206896542,49.23275862068966,15.26551724137931,34.560070909566925,52.36206896551724,30.375318635663344,13.0,7.1,10.759999999999998,52.0,82.0,57,0.30448878554993475,1.0,6.0000000000000036,10.099999999999993,46.0,0.5737219638748368,44,185.1537489777834,622.0812763722047,807.2350253499881,148.4
553,58,17,4.010114491589139,5.068965517241379,6.658620689655175,10.510689655172404,49.14655172413793,17.301724137931032,32.18707849279944,52.206896551724135,55.20233014219974,13.0,7.1,10.759999999999998,52.0,81.0,57,0.2868609819374184,1.0,6.0000000000000036,10.099999999999993,45.5,0.5737219638748368,44,232.58664051217005,547.1803343775905,779.7669748897606,242.00000000000003
554,55,19,3.9592474752193367,5.3090909090909095,6.656363636363639,10.521090909090898,49.018181818181816,17.432727272727274,30.429344558208808,52.07272727272727,27.60116507109987,13.0,7.1,10.759999999999998,52.0,80.0,56,0.2868609819374184,1.0,6.0000000000000036,10.099999999999993,45.5,0.6089775710998695,44,217.75861113706353,578.1575466059674,795.9161577430309,221.30000000000004
555,58,15,4.703485063184311,5.344827586206897,6.656896551724139,10.524137931034474,48.98275862068966,17.591379310344823,34.65604865910871,52.172413793103445,60.59367842207333,13.0,7.1,10.759999999999998,52.0,79.0,57,0.2868609819374184,1.0,6.0000000000000036,10.099999999999993,45.5,1.435910284399478,44,272.80213366469,519.8407298866307,792.6428635513207,121.80000000000001
556,60,14,4.979665130073071,5.35,6.648333333333334,10.520999999999992,48.975,17.98,32.33458901031971,52.21666666666667,54.51051497689033,13.0,7.1,10.819999999999999,52.0,78.0,57,0.2868609819374184,1.0,6.0000000000000036,10.099999999999993,45.5,1.202330142199739,44,298.77990780438427,452.68424614447594,751.4641539488603,174.8
557,60,22,3.9776636717977256,5.183333333333334,6.651666666666667,10.508999999999995,49.00833333333333,16.086666666666666,21.036096932085986,52.55,27.255257488445164,13.0,7.1,10.819999999999999,52.0,77.0,57,0.2868609819374184,1.0,6.0000000000000036,10.039999999999992,45.5,0.202330142199739,44,238.65982030786353,462.7941325058917,701.4539528137552,262.90000000000003
558,67,15,4.668612524916718,4.791044776119403,6.670149253731341,10.480597014925365,49.17910447761194,15.052238805970147,23.122856942671937,53.11940298507463,66.25095590699003,13.0,7.1,10.819999999999999,52.0,76.0,58,0.2647696690086719,1.0,6.0000000000000036,10.039999999999992,45.5,0.217955142199739,44,312.7970391694201,346.84285414007906,659.6398933094991,164.0
559,77,14,3.812413820826182,4.64935064935065,6.667532467532468,10.457662337662333,49.27922077922078,14.041558441558442,22.427381416451276,53.37662337662338,33.125477953495015,13.0,7.1,10.819999999999999,52.0,75.0,58,0.2647696690086719,1.0,6.0000000000000036,9.979999999999992,45.5,0.4733881126724479,44,293.555864203616,313.98333983031785,607.5392040339339,136.20000000000002
560,78,14,4.430037997597811,4.897435897435898,6.6474358974359005,10.460769230769225,49.26282051282051,14.274358974358973,16.288384833162475,53.19230769230769,75.20233014219974,13.0,7.0,10.819999999999999,52.0,50.0,58,0.2647696690086719,1.0,6.0000000000000036,9.979999999999992,45.5,0.39670173527831887,44,345.54296381262924,228.03738766427466,573.5803514769038,195.10000000000002
561,76,16,3.7508135293768334,4.815789473684211,6.657894736842106,10.46631578947368,49.26973684210526,13.638157894736844,15.525179781004615,53.35526315789474,37.60116507109987,13.0,7.0,10.819999999999999,52.0,49.0,58,0.2647696690086719,1.0,6.0000000000000036,9.979999999999992,45.5,0.7250728169437419,44,285.06182823263936,248.40287649607384,533.4647047287132,220.30000000000004
562,78,12,3.9367382038908363,4.794871794871795,6.66794871794872,10.476153846153839,49.26923076923077,14.834615384615384,16.27235090064201,53.47435897435897,34.687659317831674,13.0,7.1,10.819999999999999,51.5,48.0,58,0.2647696690086719,1.0,6.0000000000000036,9.979999999999992,45.5,0.904660284399478,44,307.06557990348523,195.26821080770412,502.33379071118935,161.40000000000003
563,81,10,3.5542230832981936,4.753086419753086,6.674074074074073,10.48518518518518,49.27777777777778,16.620987654320984,18.368242130706754,53.617283950617285,25.50191181398006,13.0,7.1,10.819999999999999,51.5,47.0,58,0.2647696690086719,1.0,5.900000000000004,9.979999999999992,45.5,0.021029953780660193,44,287.8920697471537,183.68242130706756,471.57449105422126,221.50000000000003
564,80,12,3.4401802526748746,4.8,6.66625,10.492249999999993,49.2875,17.256249999999998,15.02148043018727,53.675,25.946776225344895,13.0,7.1,10.819999999999999,51.5,46.0,58,0.2647696690086719,1.0,5.900000000000004,9.979999999999992,45.5,1.725072816943742,44,275.21442021398997,180.25776516224724,455.47218537623723,248.80000000000004
565,79,14,3.5699432704514424,4.89873417721519,6.645569620253166,10.479746835443033,49.29113924050633,17.774683544303794,10.58349765792508,53.64556962025316,31.31572618609135,13.0,7.1,10.819999999999999,52.0,45.0,59,0.2554091456699671,1.0,5.900000000000004,9.979999999999992,45.5,0.5108182913399342,44,282.02551836566397,148.1689672109511,430.1944855766151,223.00000000000003
566,81,11,3.17219307676178,4.814814814814815,6.634567901234569,10.46814814814814,49.2962962962963,17.74444444444444,13.115950512372013,53.74074074074074,15.657863093045675,13.0,7.0,10.819999999999999,52.0,44.0,59,0.2554091456699671,1.0,5.900000000000004,9.979999999999992,45.5,0.2554091456699671,44,256.9476392177042,144.27545563609215,401.22309485379634,186.60000000000002
567,80,12,2.9193739261358247,4.6375,6.641250000000001,10.454749999999995,49.4125,18.968749999999993,12.461436187941821,54.1125,10.75036408471871,13.0,7.0,10.819999999999999,52.0,43.0,59,0.2554091456699671,1.0,5.900000000000004,9.979999999999992,45.5,0.30448878554993475,44,233.54991409086597,149.53723425530185,383.08714834616785,263.20000000000005
568,80,9,2.9584486871618823,4.6625,6.65,10.469749999999996,49.4125,21.132500000000004,14.523161083647024,54.2,11.42205423256063,13.0,7.1,10.819999999999999,52.0,42.0,59,0.2554091456699671,1.0,5.900000000000004,9.979999999999992,45.5,1.0590786760346875,44,236.67589497295057,130.7084497528232,367.38434472577376,337.30000000000007
569,78,9,2.855412406914099,4.5256410256410255,6.667948717948718,10.466923076923074,49.455128205128204,23.03205128205128,14.623555757270347,54.41025641025641,11.094466930242522,13.0,7.1,10.819999999999999,52.0,41.0,59,0.2554091456699671,1.0,5.900000000000004,9.979999999999992,45.5,0.6959196770143758,44,222.72216773929975,131.61200181543313,354.33416955473285,291.30000000000007
570,74,11,2.9352358630103375,4.581081081081081,6.655405405405405,10.458378378378375,49.472972972972975,24.92162162162163,11.54328643706346,54.33783783783784,14.35957414728959,13.0,7.1,10.819999999999999,52.0,40.0,59,0.2554091456699671,1.0,5.900000000000004,9.979999999999992,45.5,0.37403368872688636,44,217.20745386276496,126.97615080769805,344.183604670463,297.6
571,65,20,2.8766036920777283,4.8307692307692305,6.647692307692307,10.480307692307687,49.4,24.552307692307693,7.1314032170667945,54.12307692307692,11.094466930242522,13.0,7.1,10.819999999999999,51.5,39.0,59,0.2613819288029299,1.0,5.900000000000004,10.039999999999992,45.5,0.2554091456699671,44,186.97923998505235,142.6280643413359,329.6073043263882,267.20000000000005
572,64,10,2.813141850683863,4.734375,6.6515625,10.474062499999992,49.4375,26.553125,12.968467265304906,54.265625,11.094466930242522,13.0,7.1,10.819999999999999,51.5,38.0,59,0.2613819288029299,1.0,5.900000000000004,10.039999999999992,45.5,0.3126820423593548,44,180.04107844376722,129.68467265304906,309.7257510968163,155.00000000000003
573,59,11,3.636561539734088,4.745762711864407,6.649152542372883,10.487457627118637,49.38135593220339,26.903389830508477,7.60702634908395,54.32203389830509,38.62167351408406,13.0,7.1,10.819999999999999,51.5,32.0,59,0.2613819288029299,1.0,5.900000000000004,10.039999999999992,45.5,0.2647696690086719,44,214.5571308443112,83.67728983992345,298.23442068423464,197.20000000000005
574,55,13,3.700504283312685,4.7272727272727275,6.654545454545454,10.491636363636355,49.41818181818182,27.432727272727277,5.683418051384968,54.41818181818182,19.31083675704203,13.0,7.1,10.819999999999999,51.5,31.0,59,0.2523558844304786,1.0,5.900000000000004,10.039999999999992,45.5,0.217955142199739,44,203.52773558219766,73.88443466800459,277.4121702502023,234.10000000000005
575,55,9,3.704785353536395,4.709090909090909,6.661818181818181,10.482909090909082,49.45454545454545,25.965454545454545,5.046541061529765,54.763636363636365,31.175036408471872,13.0,7.1,10.819999999999999,51.5,14.0,60,0.2523558844304786,1.0,5.900000000000004,10.039999999999992,45.5,0.2868609819374184,44,203.76319444450172,45.418869553767884,249.1820639982696,144.60000000000002
576,52,13,3.494972457656246,4.653846153846154,6.640384615384617,10.496923076923066,49.30769230769231,20.300000000000004,3.3394694791177173,54.82692307692308,16.760460149364047,13.0,7.1,10.819999999999999,52.0,13.0,60,0.2523558844304786,1.0,5.900000000000004,10.039999999999992,45.5,0.6476966900867188,44,181.7385677981248,43.413103228530325,225.15167102665512,143.10000000000002
577,53,14,2.627453034457047,4.169811320754717,6.650943396226417,10.490566037735839,49.43396226415094,15.87924528301887,4.316483504387024,55.905660377358494,10.955690502915488,13.0,7.1,10.879999999999999,52.0,16.760460149364047,61,0.2523558844304786,1.0,5.900000000000004,10.039999999999992,45.5,0.5295393380173438,45,139.2550108262235,60.430769061418346,199.68577988764184,168.70000000000002
578,57,8,2.397591241870142,4.087719298245614,6.663157894736844,10.501052631578938,49.53508771929825,16.55789473684211,5.512550499911187,56.1578947368421,10.969616290709714,13.0,7.1,10.879999999999999,52.0,15.760460149364047,61,0.2523558844304786,1.0,5.900000000000004,10.039999999999992,45.5,0.28462258491267295,45,136.6627007865981,44.1004039992895,180.7631047858876,115.10000000000001
579,56,7,2.5996686676309477,4.107142857142857,6.655357142857143,10.508214285714276,49.55357142857143,16.976785714285715,3.6377676788838644,56.214285714285715,17.615973707504203,13.0,7.1,10.879999999999999,52.0,10.0,61,0.2523558844304786,1.0,5.900000000000004,10.039999999999992,45.5,0.49347396292389956,45,145.58144538733308,25.46437375218705,171.04581913952012,181.20000000000002
580,55,8,2.3549550662216356,4.054545454545455,6.65090909090909,10.51018181818181,49.60909090909091,18.703636363636363,3.7607999633204567,56.25454545454546,17.615973707504203,13.0,7.1,10.879999999999999,52.0,9.0,61,0.2523558844304786,1.0,5.900000000000004,10.039999999999992,45.5,0.8935524506897916,45,129.52252864218997,30.086399706563654,159.60892834875364,178.80000000000004
581,52,6,2.5585222678088964,4.038461538461538,6.657692307692307,10.511923076923068,49.65384615384615,21.330769230769235,3.112036328666869,56.42307692307692,17.615973707504203,13.0,7.1,10.879999999999999,52.0,8.0,61,0.2523558844304786,1.0,5.900000000000004,10.039999999999992,45.5,0.2613819288029299,45,133.0431579260626,18.672217972001214,151.71537589806383,194.20000000000005
582,54,5,2.3884770266368407,4.12962962962963,6.653703703703703,10.52888888888888,49.638888888888886,22.512962962962963,2.2603964346218244,56.370370370370374,17.615973707504203,13.0,7.199999999999999,10.879999999999999,52.0,7.0,61,0.2523558844304786,1.0,5.800000000000004,10.039999999999992,45.5,0.37483134946664387,45,128.9777594383894,11.301982173109122,140.2797416114985,114.90000000000002
583,53,5,2.1997445666024382,4.283018867924528,6.643396226415095,10.542641509433954,49.4622641509434,22.200000000000006,2.9677520224925464,56.20754716981132,8.807986853752102,13.0,7.199999999999999,10.879999999999999,52.0,6.0,61,0.2523558844304786,1.0,5.800000000000004,10.039999999999992,45.5,1.1384903396506918,45,116.58646202992924,14.838760112462731,131.42522214239196,129.10000000000002
584,48,9,2.231804474634979,4.333333333333333,6.639583333333333,10.53249999999999,49.489583333333336,22.854166666666668,2.1442897066569944,56.25,8.807986853752102,13.0,7.199999999999999,10.879999999999999,52.0,5.630904183140158,61,0.2523558844304786,1.0,5.800000000000004,10.039999999999992,45.5,0.1384903396506918,45,107.12661478247901,19.29860735991295,126.42522214239196,130.9
585,44,7,2.369224641842406,4.545454545454546,6.636363636363637,10.551363636363625,49.42045454545455,21.895454545454545,2.0035489874659427,56.0,8.807986853752102,13.0,7.199999999999999,10.879999999999999,52.0,4.630904183140158,60,0.2523558844304786,1.0,5.800000000000004,10.039999999999992,45.5,0.3017318243287817,45,104.24588424106585,14.024842912261597,118.27072715332744,33.400000000000006
586,46,1,2.4233851878218355,4.413043478260869,6.643478260869564,10.544782608695641,49.47826086956522,21.856521739130436,0.20692729731512682,56.19565217391305,12.40566426405582,13.0,7.199999999999999,10.879999999999999,52.0,0.20692729731512682,61,0.2521647804109771,1.0,5.800000000000004,10.039999999999992,45.5,0.20692729731512682,45,111.47571863980443,0.20692729731512682,111.68264593711956,0.0
587,49,0,2.181066634787449,4.510204081632653,6.634693877551021,10.557959183673459,49.5,21.51428571428572,0.0,56.204081632653065,8.807986853752102,13.0,7.199999999999999,10.879999999999999,52.0,0.0,61,0.2521647804109771,1.0,5.800000000000004,10.039999999999992,45.5,0.0,45,106.87226510458501,0.0,106.87226510458501,6.800000000000001
588,49,0,2.181066634787449,4.510204081632653,6.6346938775510225,10.557959183673459,49.5,23.96326530612245,0.0,56.204081632653065,8.807986853752102,13.0,7.199999999999999,10.879999999999999,52.0,0.0,61,0.2521647804109771,1.0,5.800000000000004,10.039999999999992,45.5,0.0,45,106.87226510458501,0.0,106.87226510458501,74.00000000000001
589,47,2,2.235359024651326,4.638297872340425,6.638297872340428,10.576170212765946,49.45744680851064,26.102127659574467,0.9051954729863452,56.06382978723404,8.807986853752102,13.0,7.199999999999999,10.879999999999999,52.0,1.2069272973151268,61,0.2521647804109771,1.0,5.800000000000004,10.039999999999992,45.5,0.6034636486575634,45,105.06187415861234,1.8103909459726903,106.87226510458503,112.60000000000002
590,43,5,2.1613052121446623,4.395348837209302,6.667441860465117,10.589767441860454,49.604651162790695,26.888372093023257,2.4665354667413935,56.325581395348834,8.807986853752102,13.0,7.199999999999999,10.879999999999999,52.0,6.20283213202791,61,0.2521647804109771,1.0,5.800000000000004,10.099999999999993,46.0,0.20692729731512682,45,92.93612412222048,12.332677333706966,105.26880145592744,85.70000000000002
591,41,4,2.289472934837252,4.512195121951219,6.663414634146344,10.599024390243892,49.65853658536585,28.068292682926828,1.9222885673657557,56.170731707317074,8.807986853752102,13.0,7.199999999999999,10.879999999999999,52.0,5.20283213202791,60,0.2523558844304786,1.0,5.800000000000004,10.099999999999993,46.0,0.2521647804109771,45,93.86839032832734,7.689154269463023,101.55754459779035,54.50000000000001
592,38,3,2.285417434846105,4.447368421052632,6.660526315789478,10.60684210526315,49.63157894736842,28.086842105263155,3.9459479263811144,56.28947368421053,10.101163027499783,13.0,7.199999999999999,10.879999999999999,52.0,8.807986853752102,60,0.2523558844304786,1.0,5.800000000000004,10.099999999999993,46.0,1.408183411307185,45,86.845862524152,11.837843779143343,98.68370630329534,26.200000000000006
593,36,5,2.3306153577465434,4.583333333333333,6.661111111111115,10.621666666666659,49.583333333333336,28.77777777777778,2.3563106848839546,56.111111111111114,10.101163027499783,13.0,7.199999999999999,10.879999999999999,52.0,7.8079868537521016,60,0.2523558844304786,1.0,5.800000000000004,10.099999999999993,46.0,0.40818341130718494,45,83.90215287887555,11.781553424419773,95.68370630329532,32.70000000000001
594,33,4,2.4156546411958693,4.757575757575758,6.642424242424245,10.625454545454538,49.46969696969697,28.37878787878788,3.101847791948555,55.84848484848485,10.101163027499783,13.0,7.199999999999999,10.879999999999999,52.0,6.8079868537521016,60,0.2523558844304786,1.0,5.800000000000004,10.099999999999993,46.0,1.237109943882373,45,79.71660315946369,12.40739116779422,92.1239943272579,27.6
595,31,4,2.3177767217989103,4.580645161290323,6.648387096774198,10.618709677419348,49.53225806451613,28.129032258064516,4.068228987872917,56.096774193548384,10.101163027499783,13.0,7.199999999999999,10.879999999999999,52.0,7.593829658915836,60,0.2523558844304786,1.0,5.800000000000004,10.099999999999993,46.5,0.948439775529492,47,71.85107837576622,16.27291595149167,88.12399432725789,0.0
596,28,5,2.131224376172511,4.178571428571429,6.685714285714288,10.622857142857134,49.67857142857143,27.967857142857145,4.900254403779618,56.67857142857143,10.101163027499783,13.0,7.199999999999999,10.879999999999999,52.0,8.581833301994733,60,0.25676772091280187,1.0,5.800000000000004,10.099999999999993,46.5,0.2523558844304786,48,59.67428253283031,24.50127201889809,84.1755545517284,32.900000000000006
597,28,4,2.072557544495303,4.178571428571429,6.667857142857146,10.607857142857133,49.767857142857146,27.196428571428573,5.328433071287216,56.714285714285715,10.101163027499783,13.0,7.199999999999999,10.879999999999999,52.0,7.581833301994733,60,0.25676772091280187,1.0,5.800000000000004,10.099999999999993,46.5,0.9874758139754901,48,58.03161124586848,21.313732285148863,79.34534353101735,0.0
598,28,1,2.5272870735045,4.178571428571429,6.667857142857146,10.607857142857137,49.767857142857146,28.64642857142857,4.593829658915836,56.714285714285715,15.362573790890957,13.0,7.199999999999999,10.879999999999999,52.0,4.593829658915836,60,0.25676772091280187,1.0,5.800000000000004,10.099999999999993,46.5,4.593829658915836,48,70.764038058126,4.593829658915836,75.35786771704184,13.600000000000001
599,29,2,2.2221956146386885,4.482758620689655,6.641379310344829,10.5903448275862,49.775862068965516,27.789655172413795,2.0502476914026415,56.55172413793103,10.101163027499783,13.0,7.199999999999999,10.879999999999999,52.0,3.593829658915836,60,0.25676772091280187,1.0,5.800000000000004,10.099999999999993,46.5,0.5066657238894472,48,64.44367282452197,4.100495382805283,68.54416820732725,26.600000000000005
600,29,2,2.1504873774562223,4.448275862068965,6.624137931034484,10.573793103448269,49.775862068965516,27.913793103448278,1.8434202531057184,56.58620689655172,10.101163027499783,13.0,7.199999999999999,10.879999999999999,52.0,2.593829658915836,60,0.25676772091280187,1.0,5.800000000000004,10.099999999999993,46.5,1.0930108472956008,48,62.364133946230446,3.686840506211437,66.05097445244188,26.600000000000005
601,26,4,2.285367349555548,4.615384615384615,6.603846153846157,10.591538461538457,49.71153846153846,27.373076923076926,1.157855840999409,56.34615384615385,10.101163027499783,13.0,7.199999999999999,10.879999999999999,52.0,2.701044073656319,60,0.25676772091280187,1.0,5.800000000000004,10.099999999999993,46.5,0.09301084729560083,48,59.419551088444244,4.631423363997636,64.05097445244188,33.10000000000001
602,25,3,2.29884445251659,4.72,6.592000000000002,10.584799999999996,49.68,27.476,1.2772189397483942,56.28,10.101163027499783,13.0,7.199999999999999,10.879999999999999,52.0,1.948439775529492,60,0.25676772091280187,1.0,5.800000000000004,10.099999999999993,46.5,0.18217297005937172,48,57.47111131291475,3.8316568192451825,61.30276813215993,0.0
603,24,2,2.3856477367646773,4.875,6.583333333333336,10.604999999999995,49.583333333333336,28.279166666666665,0.9325247398741519,56.208333333333336,10.101163027499783,13.0,7.199999999999999,10.879999999999999,52.0,0.948439775529492,60,0.25676772091280187,1.0,5.800000000000004,10.099999999999993,46.5,0.9166097042188117,48,57.255545682352256,1.8650494797483037,59.12059516210056,19.800000000000004
604,24,1,2.3563740746957214,4.875,6.583333333333336,10.604999999999993,49.583333333333336,29.2375,0.3512839448274778,56.208333333333336,10.101163027499783,13.0,7.199999999999999,10.879999999999999,52.0,0.3512839448274778,60,0.25676772091280187,1.0,5.800000000000004,10.099999999999993,46.5,0.3512839448274778,48,56.55297779269731,0.3512839448274778,56.90426173752479,0.0
605,23,1,2.4206768010623536,5.0,6.573913043478263,10.60347826086956,49.5,29.247826086956525,0.8774113682631677,56.04347826086956,10.101163027499783,13.0,7.199999999999999,10.879999999999999,52.0,0.8774113682631677,60,0.25676772091280187,1.0,5.800000000000004,10.099999999999993,46.5,0.8774113682631677,48,55.67556642443413,0.8774113682631677,56.5529777926973,0.0
606,22,1,2.507365044664024,5.181818181818182,6.5545454545454565,10.59636363636363,49.45454545454545,29.85909090909091,0.5135354418256037,55.95454545454545,10.101163027499783,13.0,7.199999999999999,10.879999999999999,52.0,0.5135354418256037,60,0.25676772091280187,1.0,5.800000000000004,10.099999999999993,46.5,0.5135354418256037,48,55.16203098260853,0.5135354418256037,55.67556642443413,12.400000000000006
607,22,0,2.507365044664024,5.181818181818182,6.5545454545454565,10.59636363636363,49.45454545454545,31.422727272727272,0.0,55.95454545454545,10.101163027499783,13.0,7.199999999999999,10.879999999999999,52.0,0.0,60,0.25676772091280187,1.0,5.800000000000004,10.099999999999993,46.5,0.0,48,55.16203098260853,0.0,55.16203098260853,12.400000000000006
608,20,2,2.4802492783467214,4.95,6.585000000000003,10.612999999999996,49.475,31.125,2.778522707837048,56.2,10.101163027499783,13.0,7.199999999999999,10.879999999999999,52.0,3.58398935368224,60,0.25676772091280187,1.0,5.800000000000004,10.099999999999993,46.5,1.9730560619918558,49,49.60498556693443,5.557045415674096,55.16203098260853,12.400000000000006
609,19,3,2.7011528128737523,5.105263157894737,6.568421052631581,10.614736842105257,49.5,31.189473684210526,15.613375846002413,56.10526315789474,10.101163027499783,13.0,7.199999999999999,10.879999999999999,52.0,45.0,60,0.25676772091280187,1.0,5.800000000000004,10.099999999999993,46.5,0.8670714760153833,49,51.32190344460129,46.84012753800724,98.16203098260853,0.0
610,20,2,2.509132104534138,4.95,6.560000000000002,10.588999999999995,49.575,30.53,22.5,56.35,10.101163027499783,13.0,7.199999999999999,10.879999999999999,52.0,44.0,61,0.25676772091280187,1.0,5.800000000000004,10.099999999999993,46.5,1.0,49,50.18264209068276,45.0,95.18264209068276,0.0
611,20,2,2.509132104534138,4.95,6.560000000000002,10.588999999999995,49.575,31.48,32.0,56.35,10.101163027499783,13.0,7.199999999999999,10.879999999999999,52.0,43.0,61,0.25676772091280187,1.0,5.800000000000004,10.099999999999993,46.5,21.0,49,50.18264209068276,64.0,114.18264209068276,0.0
612,20,3,2.509132104534138,4.95,6.5600000000000005,10.588999999999995,49.575,32.480000000000004,34.666666666666664,56.35,10.101163027499783,13.0,7.199999999999999,10.879999999999999,52.0,42.0,61,0.25676772091280187,1.0,5.800000000000004,10.099999999999993,46.5,20.0,49,50.18264209068276,104.0,154.18264209068275,0.0
613,20,4,2.509132104534138,4.95,6.5600000000000005,10.588999999999993,49.575,33.480000000000004,26.75,56.35,10.101163027499783,13.0,7.199999999999999,10.879999999999999,52.0,41.0,61,0.25676772091280187,1.0,5.800000000000004,10.099999999999993,46.5,6.0,49,50.18264209068276,107.0,157.18264209068275,0.0
614,20,5,2.509132104534138,4.95,6.5600000000000005,10.588999999999993,49.575,34.480000000000004,31.2,56.35,10.101163027499783,13.0,7.199999999999999,10.879999999999999,52.0,53.0,61,0.25676772091280187,1.0,5.800000000000004,10.099999999999993,46.5,5.0,49,50.18264209068276,156.0,206.18264209068275,0.0
615,20,6,2.509132104534138,4.95,6.5600000000000005,10.588999999999993,49.575,35.480000000000004,39.166666666666664,56.35,10.101163027499783,13.0,7.199999999999999,10.879999999999999,52.0,84.0,61,0.25676772091280187,1.0,5.800000000000004,10.099999999999993,46.5,4.0,49,50.18264209068276,235.0,285.18264209068275,0.0
616,19,8,2.498490118896613,5.052631578947368,6.542105263157896,10.57684210526315,49.526315789473685,35.73684210526316,31.33891622895589,56.21052631578947,10.101163027499783,13.0,7.199999999999999,10.879999999999999,52.0,83.0,61,0.25676772091280187,1.0,5.800000000000004,10.099999999999993,46.5,2.711329831647119,49,47.47131225903564,250.7113298316471,298.18264209068275,0.0
617,18,9,7.148059463198089,5.277777777777778,6.533333333333335,10.573333333333329,49.666666666666664,36.13333333333333,23.946396861457462,56.05555555555556,83.9484397755295,13.0,7.199999999999999,10.879999999999999,52.0,54.0,61,0.25676772091280187,1.0,5.800000000000004,10.099999999999993,46.5,0.8062419214700398,49,128.6650703375656,215.51757175311715,344.18264209068275,0.0
618,18,10,5.737148813510963,4.722222222222222,6.572222222222225,10.559999999999995,49.916666666666664,34.47222222222222,28.312061158213304,56.611111111111114,41.97421988776475,13.0,7.199999999999999,10.879999999999999,52.0,72.0,61,0.25676772091280187,1.0,5.800000000000004,10.099999999999993,47.0,0.7113298316471188,49,103.26867864319733,283.12061158213305,386.3892902253304,0.0
619,20,9,4.376417309264277,4.55,6.590000000000002,10.570999999999993,50.025,31.825,39.82325352783177,56.9,20.987109943882373,13.0,7.199999999999999,10.879999999999999,52.0,85.0,61,0.25676772091280187,1.0,5.800000000000004,10.099999999999993,47.0,3.409281750485915,49,87.52834618528554,358.4092817504859,445.93762793577145,0.0
620,24,10,3.1551290350771546,4.25,6.608333333333334,10.582499999999994,50.1875,27.1875,36.04092817504859,57.416666666666664,10.493554971941187,13.0,7.199999999999999,10.879999999999999,52.0,84.0,61,0.25676772091280187,1.0,5.800000000000004,10.099999999999993,47.0,2.409281750485915,49,75.72309684185171,360.4092817504859,436.1323785923376,0.0
621,25,13,3.275712476996327,4.32,6.584000000000002,10.596799999999996,50.2,22.668000000000003,31.948995538131733,57.52,18.075296755131404,13.0,7.1,10.879999999999999,51.5,83.0,61,0.25676772091280187,1.0,5.800000000000004,10.099999999999993,47.0,0.5692451698253459,49,81.89281192490817,415.33694199571255,497.22975392062074,0.0
622,26,13,2.5011439652154674,4.1923076923076925,6.607692307692309,10.607692307692302,50.21153846153846,18.76153846153846,38.54722372512641,57.69230769230769,9.037648377565702,11.0,7.1,10.879999999999999,51.5,87.0,61,0.25676772091280187,1.0,5.800000000000004,10.099999999999993,47.0,0.4092817504859152,49,65.02974309560216,501.11390842664326,566.1436515222454,0.0
623,27,11,2.680514663327994,4.148148148148148,6.607407407407408,10.611111111111105,50.24074074074074,18.881481481481483,45.463742093409074,57.77777777777778,9.139261353918524,11.0,7.1,10.879999999999999,51.5,86.0,61,0.25676772091280187,1.0,5.800000000000004,10.099999999999993,47.0,9.0,49,72.37389590985583,500.1011630274998,572.4750589373557,0.0
624,29,12,2.3716340068925366,4.068965517241379,6.60689655172414,10.598620689655165,50.327586206896555,18.406896551724138,48.92509691895831,57.96551724137931,9.037648377565702,11.0,7.1,10.879999999999999,51.5,98.0,62,0.25676772091280187,1.0,5.800000000000004,10.099999999999993,47.0,8.0,49,68.77738619988357,587.1011630274998,655.8785492273834,0.0
625,30,14,2.2544992843547917,4.033333333333333,6.6033333333333335,10.579999999999993,50.35,18.69333333333333,47.5072259305357,58.1,9.037648377565702,11.0,7.1,10.879999999999999,51.5,97.0,62,0.25676772091280187,1.0,5.800000000000004,10.039999999999992,47.0,7.0,49,67.63497853064375,665.1011630274998,732.7361415581435,0.0
626,31,16,2.1633475708394787,3.967741935483871,6.593548387096774,10.564516129032251,50.38709677419355,20.12258064516129,41.818822689218734,58.225806451612904,9.037648377565702,11.0,7.1,10.879999999999999,51.5,96.0,62,0.25676772091280187,1.0,5.800000000000004,10.039999999999992,47.0,6.0,49,67.06377469602384,669.1011630274998,736.1649377235236,34.0
627,30,18,2.3180516326846106,4.0,6.586666666666669,10.559999999999993,50.36666666666667,20.846666666666668,44.31241048572141,58.233333333333334,9.488543067957615,11.0,7.1,10.879999999999999,51.5,97.0,62,0.25676772091280187,1.0,5.800000000000004,10.039999999999992,47.0,2.6233887429852967,49,69.54154898053832,797.6233887429853,867.1649377235236,27.200000000000003
628,29,19,5.033034842283051,4.0344827586206895,6.589655172413795,10.571724137931028,50.3448275862069,20.841379310344827,40.90562775249027,58.172413793103445,76.52985505064618,11.0,7.1,10.879999999999999,51.5,96.0,62,0.25676772091280187,1.0,5.800000000000004,10.039999999999992,47.0,1.2069272973151268,49,145.9580104262085,777.2069272973151,923.1649377235236,0.0
629,30,22,3.886774427232329,3.7,6.626666666666665,10.565999999999994,50.516666666666666,19.48,39.57706683478512,58.63333333333333,38.26492752532309,11.0,7.1,10.819999999999999,51.5,95.0,62,0.25676772091280187,1.0,6.200000000000003,10.039999999999992,47.0,0.20692729731512682,49,116.60323281696986,870.6954703652727,987.2987031822427,0.0
630,29,23,7.543322065856418,3.3448275862068964,6.637931034482756,10.551034482758615,50.6551724137931,15.875862068965516,39.21678644143892,59.172413793103445,94.28481533847963,11.0,7.1,10.819999999999999,52.0,94.0,62,0.25676772091280187,1.0,6.200000000000003,10.039999999999992,47.0,0.974219887764746,49,218.75633990983613,901.9860881530952,1120.7424280629314,0.0
631,35,25,4.842279687036013,3.4285714285714284,6.645714285714287,10.549142857142849,50.714285714285715,13.782857142857143,38.23283057272924,59.4,47.142407669239816,12.0,7.1,10.819999999999999,52.0,93.0,63,0.25676772091280187,1.0,6.200000000000003,10.039999999999992,47.0,1.0,49,169.47978904626046,955.8207643182311,1125.3005533644916,0.0
632,42,26,3.4438069269082723,2.9285714285714284,6.67857142857143,10.539999999999988,50.976190476190474,11.783333333333333,40.44093857061965,60.23809523809524,23.571203834619908,12.0,7.1,10.819999999999999,52.5,92.0,64,0.25676772091280187,1.0,6.200000000000003,10.039999999999992,47.5,2.0,50,144.63989093014743,1051.4644028361108,1196.1042937662583,33.50000000000001
633,50,28,2.6788433767604243,3.02,6.652000000000003,10.511599999999989,51.01,12.384,43.65353374093898,60.48,12.845880153285655,12.0,7.1,10.819999999999999,52.5,91.0,65,0.25676772091280187,1.0,6.100000000000003,10.039999999999992,47.5,0.2989447462915866,50,133.94216883802122,1222.2989447462915,1356.2411135843126,94.30000000000001
634,54,33,3.376042972375639,3.2037037037037037,6.6296296296296315,10.493333333333325,51.06481481481482,11.438888888888888,42.10565462923056,60.7037037037037,65.31169437149265,12.0,7.0,10.759999999999998,52.5,90.0,65,0.2989447462915866,1.0,6.100000000000003,10.039999999999992,47.0,0.25676772091280187,50,182.3063205082845,1389.4866027646083,1571.7929232728927,181.20000000000002
635,55,29,3.744021942612716,3.2,6.627272727272726,10.50145454545454,51.04545454545455,15.989090909090908,45.385848987045385,60.763636363636365,45.29894474629159,12.0,7.0,10.819999999999999,52.5,89.0,65,0.2989447462915866,1.0,6.100000000000003,10.039999999999992,47.0,1.6233887429852967,50,205.92120684369937,1316.1896206243161,1522.1108274680155,282.20000000000005
636,56,33,4.233791105102283,3.017857142857143,6.610714285714285,10.49107142857142,51.044642857142854,15.914285714285715,37.820081622341945,60.94642857142857,64.08229662892009,12.0,7.0,10.819999999999999,52.5,88.0,66,0.2989447462915866,1.0,6.100000000000003,10.039999999999992,47.0,0.6233887429852967,50,237.0923018857279,1248.0626935372843,1485.1549954230122,261.20000000000005
637,62,34,5.6616396597820335,3.0483870967741935,6.6,10.504516129032252,51.024193548387096,14.898387096774195,35.62016009292039,61.0,70.63911814158713,13.0,7.0,10.819999999999999,52.5,87.0,66,0.2989447462915866,1.0,6.100000000000003,10.039999999999992,47.0,0.251890353458615,50,351.0216589064861,1211.0854431592934,1562.1071020657796,152.30000000000004
638,70,32,5.818125077548216,3.2142857142857144,6.607142857142856,10.533714285714284,50.878571428571426,12.365714285714287,33.65723013276193,60.98571428571429,64.88474044910915,13.0,7.0,10.819999999999999,52.5,86.0,66,0.50378070691723,1.0,6.100000000000003,10.099999999999993,47.0,0.391557970332693,50,407.26875542837513,1077.0313642483818,1484.3001196767568,133.00000000000003
639,80,34,4.972132158248851,3.3875,6.594999999999999,10.529750000000002,50.76875,9.853749999999998,35.094815203031835,61.025,64.88474044910915,13.0,7.0,10.819999999999999,53.0,85.0,66,0.25512380613864316,1.0,6.100000000000003,10.039999999999992,47.0,0.25512380613864316,50,397.77057265990805,1193.2237169030825,1590.9942895629906,142.00000000000003
640,91,33,4.178481621109492,3.2857142857142856,6.602197802197803,10.526593406593408,50.77472527472528,10.195604395604398,38.88136808455417,61.26373626373626,63.62940107848685,13.0,7.0,10.819999999999999,53.5,84.0,67,0.25512380613864316,1.0,6.100000000000003,10.039999999999992,47.0,0.44775758586962155,50,380.2418275209638,1283.0851467902876,1663.3269743112514,139.20000000000002
641,102,35,4.511414017079855,3.372549019607843,6.59607843137255,10.508235294117648,50.82843137254902,10.518627450980393,36.25795177748045,61.431372549019606,72.7077960116608,14.0,7.0,10.819999999999999,53.5,83.0,68,0.25512380613864316,1.0,6.100000000000003,10.039999999999992,47.0,0.5102476122772863,50,460.16422974214527,1269.0283122118158,1729.1925419539612,195.50000000000003
642,112,41,4.3740623596491615,3.4732142857142856,6.583928571428574,10.483571428571427,50.825892857142854,9.06696428571429,32.72390409799432,61.57142857142857,83.47320023966374,14.0,7.0,10.819999999999999,53.5,79.0,68,0.25512380613864316,1.0,6.100000000000003,10.039999999999992,47.0,0.5147875074894921,50,489.8949842807061,1341.680068017767,1831.575052298473,266.00000000000006
643,126,31,5.017757019173715,3.4761904761904763,6.572222222222219,10.468095238095238,50.817460317460316,10.395238095238094,35.111089632257574,61.61904761904762,77.88474044910915,14.0,7.0,10.819999999999999,53.5,78.0,68,0.25512380613864316,1.0,6.100000000000003,10.039999999999992,47.0,0.47320023966374425,50,632.2373844158881,1088.4437785999849,1720.681163015873,258.50000000000006
644,140,31,3.8833014967631114,3.4714285714285715,6.557142857142854,10.466428571428573,50.79642857142857,11.287142857142856,33.96797510514878,61.871428571428574,38.94237022455457,14.0,7.0,10.819999999999999,53.5,77.0,68,0.25512380613864316,1.0,6.100000000000003,10.039999999999992,47.0,0.50378070691723,50,543.6622095468356,1053.0072282596122,1596.6694378064478,460.4000000000001
645,163,30,3.239938850669797,3.3435582822085887,6.553987730061349,10.469202453987728,50.81288343558282,12.255214723926379,36.17456600750149,62.25153374233129,54.884740449109145,14.0,7.0,10.879999999999999,53.5,99.0,68,0.25512380613864316,1.0,6.100000000000003,9.979999999999992,47.0,0.25880215697369824,50,528.1100326591769,1085.2369802250446,1613.3470128842214,368.80000000000007
646,179,35,2.9279256202915294,3.3128491620111733,6.546927374301679,10.473407821229054,50.84357541899441,11.496089385474859,28.787999646664048,62.625698324022345,70.47118511227728,14.0,7.1,10.879999999999999,53.5,98.0,68,0.25512380613864316,1.0,6.100000000000003,9.979999999999992,47.0,0.25512380613864316,50,524.0986860321838,1007.5799876332417,1531.6786736654253,514.4000000000001
647,193,29,2.97405639913144,3.2072538860103625,6.554404145077722,10.493886010362703,50.8160621761658,12.737823834196886,30.373578847013253,62.803108808290155,67.42686811048115,14.0,7.1,10.879999999999999,53.5,97.0,68,0.25512380613864316,1.0,6.100000000000003,9.979999999999992,47.0,0.1262809515346608,51,573.9928850323679,880.8337865633844,1454.8266715957523,502.8000000000001
648,201,29,2.812459803519679,3.218905472636816,6.557711442786073,10.501194029850755,50.798507462686565,13.799502487562181,28.060294768480517,62.90547263681592,55.2721186253644,14.0,7.1,10.879999999999999,53.5,96.0,68,0.25512380613864316,1.0,6.100000000000003,9.979999999999992,47.0,0.50378070691723,51,565.3044205074555,813.748548285935,1379.0529687933904,674.9000000000002
649,205,29,2.6278422079137282,3.3317073170731706,6.54829268292683,10.503609756097566,50.71463414634146,15.518536585365847,26.61852073953148,62.853658536585364,38.71661357762892,14.0,7.1,10.879999999999999,53.5,95.0,68,0.2657851189418326,1.0,6.0000000000000036,9.979999999999992,47.0,0.25512380613864316,51,538.7076526223143,771.937101446413,1310.6447540687273,759.4000000000002
650,204,28,3.355776336485366,3.3137254901960786,6.547549019607845,10.505882352941185,50.720588235294116,16.36715686274509,20.531664544046635,62.916666666666664,63.79682237512108,14.0,7.1,10.879999999999999,53.5,94.0,69,0.2657851189418326,1.0,6.0000000000000036,9.979999999999992,47.0,0.2657851189418326,51,684.5783726430146,574.8866072333058,1259.4649798763203,614.8000000000002
651,202,28,3.690403146901365,3.3217821782178216,6.540594059405938,10.503366336633672,50.745049504950494,16.8509900990099,15.435558316817387,63.04950495049505,70.286434026069,14.0,7.0,10.879999999999999,53.5,93.0,70,0.2657851189418326,1.0,6.0000000000000036,9.979999999999992,47.0,0.331200114277602,51,745.4614356740758,432.1956328708868,1177.6570685449626,642.4000000000001
652,204,22,3.7532143481139215,3.3186274509803924,6.5377450980392195,10.500000000000009,50.72794117647059,17.708333333333325,14.85694647641892,63.200980392156865,70.286434026069,14.0,7.0,10.879999999999999,53.5,92.0,70,0.28084700874560453,1.0,6.0000000000000036,9.979999999999992,47.0,0.13605931268220006,52,765.65572701524,326.8528224812162,1092.5085494964562,578.6000000000001
653,208,26,3.276922950799105,3.3125,6.534615384615392,10.49057692307693,50.73798076923077,18.44086538461538,13.24124837810915,63.35576923076923,70.286434026069,14.0,7.0,10.879999999999999,53.5,91.0,70,0.28084700874560453,1.0,6.0000000000000036,9.979999999999992,47.0,0.13605931268220006,52,681.5999737662139,344.2724578308379,1025.8724315970517,642.7000000000002
654,206,26,3.385421608482086,3.3398058252427183,6.528640776699036,10.478640776699036,50.71116504854369,18.958737864077673,10.743802256857581,63.46116504854369,70.286434026069,14.0,7.0,10.879999999999999,53.5,90.0,70,0.28084700874560453,1.0,6.0000000000000036,9.979999999999992,47.0,0.6084745347586652,52,697.3968513473097,279.33885867829713,976.7357100256069,628.0000000000001
655,201,28,3.3827972353557407,3.298507462686567,6.517910447761198,10.465671641791056,50.75124378109453,19.92736318407961,8.681598779881366,63.54228855721393,51.265785118941835,14.0,7.0,10.879999999999999,53.5,89.0,70,0.28084700874560453,1.0,6.0000000000000036,9.919999999999991,47.0,0.0631404757673304,52,679.9422443065039,243.08476583667826,923.0270101431821,678.8000000000002
656,198,23,2.792169331431862,3.106060606060606,6.521717171717175,10.458787878787893,50.85353535353536,20.998484848484846,13.982749134231792,63.76767676767677,51.265785118941835,14.0,7.0,10.879999999999999,53.5,88.0,70,0.28401482817055,1.0,6.0000000000000036,9.919999999999991,47.0,0.28084700874560453,52,552.8495276235086,321.6032300873312,874.4527577108398,710.6000000000001
657,195,26,2.8456750728076363,3.1333333333333333,6.5200000000000005,10.456000000000014,50.843589743589746,21.97333333333334,10.206122164176183,63.9025641025641,36.05402126629313,14.0,7.0,10.879999999999999,53.5,87.0,70,0.28401482817055,1.0,6.0000000000000036,9.919999999999991,46.5,0.2898237004210924,52,554.9066391974891,265.35917626858077,820.2658154660699,793.0000000000002
658,194,33,2.337739057039744,3.170103092783505,6.527319587628868,10.476391752577333,50.81185567010309,21.2680412371134,9.432810026583692,63.95360824742268,36.05402126629313,14.0,7.0,10.879999999999999,53.5,86.0,70,0.26136007007049455,1.0,6.0000000000000036,9.919999999999991,46.5,0.0668181776312915,52,453.52137706571034,311.2827308772618,764.8041079429722,723.9000000000002
659,195,24,2.367383289385309,3.112820512820513,6.538461538461542,10.487076923076938,50.84615384615385,22.682051282051283,10.85034674671214,64.11282051282052,36.05402126629313,14.0,7.0,10.879999999999999,53.5,85.0,70,0.26136007007049455,1.0,6.0000000000000036,9.919999999999991,46.5,0.22118511227728632,52,461.6397414301352,260.40832192109133,722.0480633512266,647.3000000000002
660,179,33,2.053482437651826,2.921787709497207,6.549162011173187,10.481117318435771,50.98882681564246,21.771508379888264,9.657881127634486,64.53631284916202,37.87174274156446,14.0,7.0,10.879999999999999,53.5,84.0,70,0.26136007007049455,1.0,6.0000000000000036,9.919999999999991,47.0,0.3127032298023611,53,367.5733563396769,318.710077211938,686.283433551615,741.0000000000002
661,178,22,2.3258780503081384,3.033707865168539,6.54494382022472,10.483932584269677,50.96067415730337,21.195505617977528,9.834625837408552,64.51685393258427,36.87624572415674,14.0,7.0,10.879999999999999,53.5,83.0,70,0.26136007007049455,1.0,6.0000000000000036,9.85999999999999,47.0,0.40122865925630147,53,414.0062929548487,216.36176842298815,630.3680613778369,258.1000000000001
662,169,25,2.349574336182964,3.06508875739645,6.555621301775146,10.483431952662732,50.967455621301774,20.51893491124261,7.962700067425551,64.58579881656804,54.49927617398142,13.0,7.0,10.879999999999999,53.5,82.0,70,0.26136007007049455,1.0,6.0000000000000036,9.85999999999999,47.0,0.2864340260689989,53,397.07806281492094,199.06750168563877,596.1455645005597,442.8000000000001
663,163,19,2.4959967448388896,3.0552147239263805,6.55276073619632,10.481349693251545,50.920245398773005,21.058282208588956,8.518481089880016,64.52760736196319,54.49927617398142,13.0,7.0,10.879999999999999,53.5,81.0,70,0.26136007007049455,1.0,6.0000000000000036,9.85999999999999,47.0,0.020495224554572644,53,406.847469408739,161.8511407077203,568.6986101164593,435.8000000000001
664,153,21,3.010739432223584,3.156862745098039,6.5601307189542455,10.496078431372558,50.89542483660131,21.452941176470592,3.746739797620035,64.57516339869281,80.71870476087383,13.0,7.0,10.879999999999999,53.5,34.87624572415674,70,0.26136007007049455,1.0,6.0000000000000036,9.85999999999999,47.0,0.652134376872373,53,460.64313313020835,78.68153575002074,539.3246688802291,579.6000000000001
665,146,20,3.139733992170613,3.171232876712329,6.56780821917808,10.5023287671233,50.886986301369866,22.463698630136978,2.6988028442561918,64.58904109589041,80.71870476087383,13.0,7.0,10.879999999999999,53.5,14.184762346108913,70,0.26136007007049455,1.0,6.0000000000000036,9.919999999999991,46.5,0.2169490695173304,53,458.4011628569095,53.97605688512384,512.3772197420333,526.8000000000001
666,138,17,3.1616231011265774,3.079710144927536,6.567391304347825,10.496521739130445,50.927536231884055,24.15652173913043,2.8191321573049226,64.64492753623189,80.71870476087383,12.0,7.0,10.879999999999999,53.5,10.478222764006127,70,0.28194191332109264,1.0,6.0000000000000036,9.919999999999991,46.5,0.26136007007049455,53,436.3039879554677,47.92524667418368,484.2292346296514,539.3000000000001
667,133,13,3.2463675014429443,3.1503759398496243,6.5744360902255625,10.500601503759407,50.92481203007519,26.229323308270676,2.1652065099377777,64.54887218045113,80.71870476087383,12.0,7.0,10.879999999999999,53.5,6.709251032351196,70,0.28194191332109264,1.0,6.0000000000000036,9.919999999999991,46.5,0.4338981390346608,53,431.7668776919116,28.147684629191108,459.9145623211027,526.5000000000001
668,126,20,2.840997654582353,3.1904761904761907,6.571428571428572,10.49095238095239,50.94444444444444,26.00555555555555,2.2428205627659894,64.52380952380952,40.35935238043692,12.0,7.0,10.879999999999999,53.5,11.976387684294007,70,0.28194191332109264,1.0,6.0000000000000036,9.919999999999991,46.5,0.2914722085519912,53,357.96570447737645,44.856411255319784,402.82211573269626,497.8000000000001
669,117,18,2.6401176932565713,3.0,6.578632478632479,10.48615384615385,51.07692307692308,24.535042735042726,3.3287920097560084,64.82905982905983,27.24963808699071,11.0,7.1,10.879999999999999,54.0,9.939689199691738,70,0.28194191332109264,1.0,6.0000000000000036,9.919999999999991,46.5,0.4934855658327766,53,308.89377011101885,59.91825617560815,368.812026286627,342.1000000000001
670,113,19,2.4002002748850417,3.0973451327433628,6.584955752212391,10.50300884955753,51.030973451327434,25.50530973451327,3.570184455580122,64.65486725663717,20.17967619021846,11.0,7.1,10.879999999999999,54.0,27.24963808699071,70,0.28194191332109264,1.0,6.0000000000000036,9.919999999999991,46.5,0.10961535260031718,53,271.2226310620097,67.83350465602231,339.056135718032,349.7000000000001
671,108,18,2.5171808508716653,3.324074074074074,6.571296296296297,10.493333333333338,51.02777777777778,25.243518518518513,1.9986036723461649,64.6574074074074,29.655842847864548,11.0,7.1,10.879999999999999,54.0,6.510278924834662,70,0.28194191332109264,1.0,6.0000000000000036,9.919999999999991,46.5,0.2723844892147531,53,271.85553189413986,35.97486610223097,307.83039799637083,366.30000000000007
672,109,12,2.3091839882321876,3.4403669724770642,6.552293577981652,10.477064220183488,51.0,24.9834862385321,1.6305764286652835,64.6697247706422,14.827921423932274,11.0,7.1,10.94,54.0,4.044919047554615,71,0.28241521791383206,1.0,6.0000000000000036,9.919999999999991,46.5,0.20888299597146398,53,251.70105471730844,19.566917143983403,271.2679718612918,250.00000000000006
673,109,8,2.159892469862209,3.4220183486238533,6.548623853211011,10.464954128440374,51.04587155963303,25.577981651376145,2.12935971050638,64.8348623853211,10.08983809510923,11.0,7.1,10.94,54.0,5.792220838155754,72,0.28241521791383206,1.0,6.0000000000000036,9.919999999999991,46.5,0.5224595237773073,53,235.42827921498076,17.03487768405104,252.4631568990318,248.70000000000007
674,98,17,2.007321912751979,3.4693877551020407,6.553061224489798,10.464285714285717,51.0,25.483673469387757,2.6625261801789875,64.88775510204081,10.08983809510923,11.0,7.1,10.94,54.0,10.08983809510923,72,0.28241521791383206,1.0,6.0000000000000036,9.919999999999991,46.5,0.09700764442264798,54,196.71754744969394,45.262945063042785,241.98049251273673,420.8000000000001
675,85,18,2.0175157499454572,3.458823529411765,6.548235294117648,10.45929411764706,50.96470588235294,25.140000000000008,3.021205855315822,64.92941176470588,11.519606285650204,11.0,7.1,10.94,54.0,11.057095203945908,72,0.28241521791383206,1.0,6.0000000000000036,9.919999999999991,46.5,0.6210316870140837,54,171.48883874536386,54.3817053956848,225.87054414104867,327.30000000000007
676,76,17,2.208033897273259,3.513157894736842,6.528947368421053,10.452894736842103,51.03947368421053,25.225000000000005,2.3842908479561467,65.02631578947368,11.519606285650204,11.0,7.1,10.94,54.0,10.057095203945908,72,0.28241521791383206,1.0,6.0000000000000036,9.919999999999991,46.5,0.04491904755461462,54,167.81057619276768,40.53294441525449,208.34352060802217,249.60000000000005
677,76,11,2.1585223265875597,3.776315789473684,6.523684210526315,10.45052631578947,51.0328947368421,24.278947368421058,1.9035499608520376,64.86842105263158,10.894004637838805,11.0,7.0,11.0,54.0,9.057095203945908,72,0.28241521791383206,1.0,6.0000000000000036,9.919999999999991,46.5,0.09595836551516435,54,164.04769682065455,20.939049569372415,184.98674639002695,137.90000000000003
678,74,7,2.155866486309494,3.77027027027027,6.52027027027027,10.454324324324318,51.013513513513516,25.137837837837843,1.831986968607549,64.87837837837837,10.894004637838805,11.0,7.0,11.0,54.0,5.294195221536034,72,0.28241521791383206,1.0,6.0000000000000036,9.919999999999991,46.5,0.5391895186264755,54,159.53411998690257,12.823908780252843,172.35802876715542,191.50000000000003
679,72,6,2.110066451883375,3.7916666666666665,6.511111111111111,10.436666666666662,50.99305555555556,24.69027777777778,1.4525344500879578,65.01388888888889,8.485820030339983,11.0,7.0,11.0,54.0,2.859039907878775,73,0.28241521791383206,1.0,6.0000000000000036,9.919999999999991,46.5,0.6097151950405564,54,151.92478453560298,8.715206700527746,160.63999123613073,125.50000000000003
680,67,5,2.1956463458853652,3.8208955223880596,6.507462686567165,10.429552238805966,50.97761194029851,25.310447761194037,1.6004118217269574,64.97014925373135,8.485820030339983,11.0,7.0,11.0,54.0,2.6666180521379976,73,0.28241521791383206,1.0,6.100000000000003,9.919999999999991,46.5,1.0363611042759957,54,147.10830517431947,8.002059108634787,155.11036428295427,115.50000000000004
681,63,9,2.16016562741599,3.9523809523809526,6.492063492063494,10.41714285714285,50.88095238095238,26.65714285714286,1.405980892766316,64.88888888888889,8.485820030339983,11.0,6.9,11.0,54.0,5.447002318919402,73,0.28241521791383206,1.0,6.100000000000003,9.919999999999991,46.5,0.036361104275995704,54,136.09043452720738,12.653828034896843,148.7442625621042,195.40000000000006
682,60,8,2.1694199399086314,3.9833333333333334,6.501666666666668,10.42999999999999,50.891666666666666,27.378333333333337,1.40998984631559,64.76666666666667,8.485820030339983,11.0,6.9,11.0,54.0,4.447002318919402,73,0.2636010295472042,1.0,6.100000000000003,9.919999999999991,46.5,0.32605938810980084,54,130.1651963945179,11.27991877052472,141.4451151650426,141.40000000000003
683,55,7,2.055203115869881,3.981818181818182,6.5127272727272745,10.455636363636357,50.89090909090909,28.489090909090915,3.157295522927098,64.50909090909092,5.839920973336203,11.0,6.9,11.0,54.0,8.485820030339983,73,0.2636010295472042,1.0,6.100000000000003,9.979999999999992,47.0,0.32220214606041264,54,113.03617137284346,22.101068660489688,135.13724003333314,141.90000000000003
684,54,6,2.0918119709647676,4.12962962962963,6.5166666666666675,10.453333333333326,50.851851851851855,29.01296296296296,2.3154443008521293,64.46296296296296,7.445529331435294,11.0,6.9,11.0,54.0,7.485820030339983,73,0.2636010295472042,1.0,6.100000000000003,9.979999999999992,47.0,0.40335929397155745,54,112.95784643209744,13.892665805112776,126.85051223721021,111.30000000000003
685,50,6,2.0165390906240366,3.8,6.524000000000001,10.44079999999999,51.02,29.214000000000002,3.1982606102337456,64.92,8.528745274952348,11.0,6.9,11.0,54.0,5.839920973336203,73,0.2636010295472042,1.0,6.100000000000003,9.979999999999992,47.5,0.7272537070426375,54,100.82695453120182,19.189563661402474,120.0165181926043,103.70000000000003
686,45,7,2.16886430229359,3.933333333333333,6.528888888888891,10.458666666666655,50.9,29.384444444444448,2.0797406519445825,64.6,8.925771462560931,11.0,6.9,11.0,54.0,4.4722060173793325,73,0.2636010295472042,1.0,6.100000000000003,9.979999999999992,47.5,0.6249869235918133,54,97.59889360321154,14.558184563612077,112.15707816682361,162.60000000000005
687,43,6,1.9957216064706969,3.86046511627907,6.530232558139535,10.454418604651154,50.95348837209303,27.648837209302332,2.571041259050361,65.0,5.465856716601866,10.0,6.9,11.0,54.0,8.291755329815732,73,0.2636010295472042,1.0,6.100000000000003,9.979999999999992,47.5,0.17426013429224296,54,85.81602907823996,15.426247554302165,101.24227663254213,98.50000000000003
688,41,5,1.9337506927792127,4.0,6.524390243902441,10.435121951219504,50.792682926829265,28.61463414634147,3.306828960098742,64.78048780487805,4.478417443290774,10.0,6.9,11.0,54.0,7.291755329815732,73,0.2636010295472042,1.0,6.100000000000003,9.979999999999992,47.5,0.650218192739791,54,79.28377840394772,16.53414480049371,95.81792320444143,124.50000000000003
689,34,9,2.0743743270172352,3.9411764705882355,6.50294117647059,10.405294117647049,50.955882352941174,28.635294117647064,2.2932197659017373,65.11764705882354,9.171656901228284,10.0,6.9,11.0,54.0,4.478417443290774,73,0.3483710960904663,1.0,6.200000000000003,9.979999999999992,47.5,0.2636010295472042,54,70.528727118586,20.638977893115634,91.16770501170164,143.80000000000004
690,33,3,2.4479380102808164,4.0,6.503030303030305,10.399999999999991,50.92424242424242,29.77878787878788,0.8531858484569973,65.15151515151516,9.171656901228284,10.0,6.9,11.0,54.0,1.2210469592567854,73,0.3483710960904663,1.0,6.200000000000003,9.979999999999992,47.5,0.5648304358276641,54,80.78195433926695,2.559557545370992,83.34151188463794,32.70000000000001
691,32,4,2.2154442387358326,4.0,6.487500000000002,10.36999999999999,50.828125,28.353125000000006,1.9349717689773438,65.3125,9.171656901228284,10.0,6.9,10.819999999999999,54.0,4.634105969155584,73,0.3483710960904663,1.0,6.200000000000003,9.919999999999991,47.5,0.2210469592567854,54,70.89421563954664,7.739887075909375,78.63410271545602,64.40000000000002
692,32,2,2.183230830166379,3.75,6.484375000000003,10.353124999999991,50.9375,29.884375000000006,2.4988616705716646,65.90625,9.171656901228284,10.0,6.9,10.819999999999999,54.0,3.983933269704049,73,0.3483710960904663,1.0,6.200000000000003,9.919999999999991,47.5,1.0137900714392805,55,69.86338656532413,4.997723341143329,74.86110990646746,70.90000000000002
693,28,6,1.683838841607791,3.607142857142857,6.496428571428574,10.37857142857142,51.035714285714285,28.66071428571429,4.076667434276435,66.10714285714286,4.4628857312804655,8.0,6.9,10.819999999999999,54.0,9.171656901228284,73,0.3483710960904663,1.0,6.200000000000003,9.919999999999991,47.5,0.5920929464602378,56,47.147487565018146,24.46000460565861,71.60749217067675,89.80000000000003
694,29,3,1.8316410754788301,3.3448275862068964,6.486206896551727,10.402068965517232,51.258620689655174,28.09655172413794,4.095925496556807,66.6896551724138,8.21081524724599,8.0,6.9,10.819999999999999,54.0,8.171656901228284,73,0.3134044339476832,1.0,6.200000000000003,9.919999999999991,47.5,1.9839332697040488,56,53.117591188886074,12.287776489670419,65.40536767855649,38.20000000000002
695,27,3,1.847098889842711,3.2962962962962963,6.46666666666667,10.38666666666666,51.333333333333336,30.548148148148154,4.1778992176010945,67.18518518518519,8.21081524724599,8.0,6.9,10.819999999999999,54.0,7.171656901228284,73,0.3134044339476832,1.0,6.200000000000003,9.919999999999991,47.5,0.8991550202945341,56,49.8716700257532,12.533697652803284,62.40536767855648,89.90000000000003
696,24,5,1.4159906632797394,3.0416666666666665,6.475000000000004,10.402499999999995,51.6875,29.34166666666667,4.992609797634902,67.95833333333333,4.099077975887842,8.0,6.9,10.819999999999999,54.0,8.21081524724599,73,0.3134044339476832,1.0,6.200000000000003,9.919999999999991,47.5,1.3620035473480703,57,33.98377591871375,24.96304898817451,58.94682490688825,77.00000000000003
697,25,2,2.0228016087958487,2.96,6.4760000000000035,10.383199999999993,51.74,27.636000000000003,0.8642338632492684,68.28,10.933579912963637,8.0,6.9,10.819999999999999,54.0,1.3664641791504666,74,0.3134044339476832,1.0,6.200000000000003,9.919999999999991,47.5,0.3620035473480703,57,50.570040219896214,1.7284677264985369,52.29850794639475,19.000000000000007
698,27,1,1.6951757583976073,2.888888888888889,6.466666666666669,10.393333333333327,51.72222222222222,25.562962962962963,0.3483710960904663,68.4074074074074,5.657919902853107,8.0,6.9,10.819999999999999,54.0,0.3483710960904663,74,0.3134044339476832,1.0,6.200000000000003,9.919999999999991,47.5,0.3483710960904663,57,45.769745476735395,0.3483710960904663,46.11811657282586,32.000000000000014
699,26,2,1.5345835225047746,2.730769230769231,6.469230769230771,10.383846153846148,51.86538461538461,26.134615384615394,2.738710933181391,68.92307692307692,5.657919902853107,8.0,6.9,10.819999999999999,54.0,3.145216201987837,74,0.3134044339476832,1.0,6.200000000000003,9.919999999999991,47.5,2.3322056643749445,57,39.89917158512414,5.477421866362782,45.37659345148692,76.60000000000002
700,25,2,1.5231681326504116,2.72,6.460000000000003,10.395199999999996,51.84,25.53600000000001,2.003493111383168,69.08,6.990125567228051,8.0,6.9,10.819999999999999,54.0,2.153496044774802,74,0.3134044339476832,1.0,6.200000000000003,9.919999999999991,47.5,1.8534901779915343,57,38.07920331626029,4.006986222766336,42.08618953902663,50.90000000000002
701,23,4,1.087744968705742,2.4347826086956523,6.469565217391306,10.420869565217384,52.108695652173914,24.52173913043479,3.5837937989183413,69.82608695652173,3.8868910230157114,5.0,6.9,10.819999999999999,54.0,6.990125567228051,74,0.3134044339476832,1.0,6.200000000000003,9.919999999999991,49.5,0.8534901779915343,65,25.01813428023207,14.335175195673365,39.353309475905434,64.30000000000003
702,24,2,0.9435046875043286,2.25,6.466666666666669,10.429999999999994,52.166666666666664,23.66250000000001,5.922032405009629,70.04166666666667,3.8868910230157114,5.0,6.9,10.819999999999999,54.0,5.990125567228051,74,0.3134044339476832,1.0,6.200000000000003,9.919999999999991,49.5,5.853939242791206,65,22.644112500103887,11.844064810019258,34.48817731012315,38.40000000000001
703,23,2,1.1743778522091481,2.217391304347826,6.469565217391307,10.45217391304347,52.23913043478261,25.378260869565224,2.7387433546563726,69.8695652173913,6.28052947968835,5.0,6.9,10.819999999999999,54.0,4.853939242791206,74,0.3134044339476832,1.0,6.200000000000003,9.919999999999991,49.5,0.6235474665215393,65,27.010690600810406,5.477486709312745,32.48817731012315,45.100000000000016
704,23,2,1.0658179626909803,2.217391304347826,6.456521739130437,10.45217391304347,52.19565217391305,24.74782608695653,2.390342165893487,70.04347826086956,3.8868910230157114,5.0,6.9,10.819999999999999,54.0,3.8539392427912063,74,0.3134044339476832,1.0,6.200000000000003,9.919999999999991,49.5,0.9267450889957671,65,24.51381314189255,4.780684331786974,29.29449747367952,19.300000000000004
705,20,4,1.004797666139035,2.2,6.460000000000003,10.477999999999993,52.175,24.170000000000005,1.8179497654757633,69.8,3.8868910230157114,5.0,6.9,10.819999999999999,53.5,3.140264739844175,74,0.3134044339476832,1.0,6.3000000000000025,9.919999999999991,49.5,0.4481208150878026,65,20.0959533227807,7.271799061903053,27.367752384683754,57.60000000000002
706,18,3,1.137596576810879,2.2777777777777777,6.4666666666666694,10.519999999999994,52.19444444444444,23.944444444444443,1.2044729742734217,69.72222222222223,3.8868910230157114,5.0,6.9,10.819999999999999,53.5,1.8539392427912063,74,0.3134044339476832,1.0,6.3000000000000025,9.919999999999991,49.5,0.5123847469859802,65,20.47673838259582,3.613418922820265,24.090157305416085,38.40000000000001
707,17,3,0.8725055878114244,2.176470588235294,6.47058823529412,10.527058823529405,52.294117647058826,20.511764705882356,1.9391927627314398,70.0,2.5189351737933254,5.0,6.9,10.819999999999999,53.5,3.8868910230157114,75,0.3134044339476832,1.0,6.3000000000000025,9.919999999999991,49.5,0.8539392427912063,65,14.832594992794215,5.817578288194319,20.650173280988533,12.800000000000004
708,17,2,0.8725055878114246,2.176470588235294,6.47058823529412,10.527058823529405,52.294117647058826,22.58823529411765,1.4818195227015563,70.0,2.5189351737933254,5.0,6.9,10.819999999999999,53.5,2.8868910230157114,75,0.3134044339476832,1.0,6.3000000000000025,9.919999999999991,49.5,0.07674802238740108,65,14.832594992794219,2.9636390454031125,17.79623403819733,19.300000000000004
709,15,3,0.7509413887371312,1.9333333333333333,6.4666666666666694,10.527999999999995,52.46666666666667,20.880000000000003,1.8184550615843194,70.46666666666667,1.8551985548831311,3.0,6.9,10.819999999999999,53.5,2.5189351737933254,75,0.3134044339476832,1.0,6.3000000000000025,9.919999999999991,51.5,1.049538987943921,65,11.26412083105697,5.455365184752958,16.719486015809927,25.60000000000001
710,14,3,0.7471755895494523,1.8571428571428572,6.471428571428574,10.549999999999994,52.464285714285715,19.657142857142862,1.086342587372532,70.78571428571429,1.904737542827052,3.0,6.9,10.819999999999999,53.5,1.5189351737933254,75,0.3134044339476832,1.0,6.3000000000000025,9.919999999999991,51.5,0.8532015653085594,65,10.460458253692332,3.2590277621175963,13.719486015809927,0.0
711,13,2,0.7551059412548462,1.8461538461538463,6.446153846153849,10.529230769230763,52.53846153846154,18.24615384615385,0.581508095586329,71.23076923076923,1.904737542827052,3.0,6.9,10.819999999999999,53.5,0.6440810173793325,75,0.3134044339476832,1.0,6.3000000000000025,9.919999999999991,52.0,0.5189351737933254,65,9.816377236313,1.163016191172658,10.979393427485657,0.0
712,13,0,0.7551059412548462,1.8461538461538463,6.446153846153849,10.529230769230763,52.53846153846154,19.24615384615385,0.0,71.23076923076923,1.904737542827052,3.0,6.9,10.819999999999999,53.5,0.0,75,0.3134044339476832,1.0,6.3000000000000025,9.919999999999991,52.0,0.0,65,9.816377236313,0.0,9.816377236313,0.0
713,13,0,0.7551059412548462,1.8461538461538463,6.446153846153849,10.529230769230763,52.53846153846154,20.24615384615385,0.0,71.23076923076923,1.904737542827052,3.0,6.9,10.819999999999999,53.5,0.0,75,0.3134044339476832,1.0,6.3000000000000025,9.919999999999991,52.0,0.0,65,9.816377236313,0.0,9.816377236313,0.0
714,13,0,0.7551059412548462,1.8461538461538463,6.446153846153849,10.529230769230765,52.53846153846154,21.24615384615385,0.0,71.23076923076923,1.904737542827052,3.0,6.9,10.819999999999999,53.5,0.0,75,0.3134044339476832,1.0,6.3000000000000025,9.919999999999991,52.0,0.0,65,9.816377236313,0.0,9.816377236313,0.0
715,13,0,0.7551059412548462,1.8461538461538463,6.446153846153849,10.529230769230765,52.53846153846154,22.24615384615385,0.0,71.23076923076923,1.904737542827052,3.0,6.9,10.819999999999999,53.5,0.0,75,0.3134044339476832,1.0,6.3000000000000025,9.919999999999991,52.0,0.0,65,9.816377236313,0.0,9.816377236313,0.0
716,13,0,0.7551059412548462,1.8461538461538463,6.446153846153849,10.529230769230765,52.53846153846154,23.24615384615385,0.0,71.23076923076923,1.904737542827052,3.0,6.9,10.819999999999999,53.5,0.0,75,0.3134044339476832,1.0,6.3000000000000025,9.919999999999991,52.0,0.0,65,9.816377236313,0.0,9.816377236313,0.0
717,13,0,0.7551059412548462,1.8461538461538463,6.446153846153849,10.529230769230765,52.53846153846154,24.24615384615385,0.0,71.23076923076923,1.904737542827052,3.0,6.9,10.819999999999999,53.5,0.0,75,0.3134044339476832,1.0,6.3000000000000025,9.919999999999991,52.0,0.0,65,9.816377236313,0.0,9.816377236313,0.0
718,13,0,0.7551059412548462,1.8461538461538463,6.446153846153849,10.529230769230765,52.53846153846154,25.24615384615385,0.0,71.23076923076923,1.904737542827052,3.0,6.9,10.819999999999999,53.5,0.0,75,0.3134044339476832,1.0,6.3000000000000025,9.919999999999991,52.0,0.0,65,9.816377236313,0.0,9.816377236313,0.0
719,13,0,0.7551059412548462,1.8461538461538463,6.446153846153848,10.529230769230765,52.53846153846154,26.24615384615385,0.0,71.23076923076923,1.904737542827052,3.0,6.9,10.819999999999999,53.5,0.0,75,0.3134044339476832,1.0,6.3000000000000025,9.919999999999991,52.0,0.0,65,9.816377236313,0.0,9.816377236313,0.0
720,13,0,0.7551059412548461,1.8461538461538463,6.446153846153849,10.529230769230765,52.53846153846154,27.24615384615385,0.0,71.23076923076923,1.904737542827052,3.0,6.9,10.819999999999999,53.5,0.0,75,0.3134044339476832,1.0,6.3000000000000025,9.919999999999991,52.0,0.0,65,9.816377236312999,0.0,9.816377236312999,0.0
721,13,0,0.7551059412548461,1.8461538461538463,6.446153846153849,10.529230769230765,52.53846153846154,28.24615384615385,0.0,71.23076923076923,1.904737542827052,3.0,6.9,10.819999999999999,53.5,0.0,75,0.3134044339476832,1.0,6.3000000000000025,9.919999999999991,52.0,0.0,65,9.816377236312999,0.0,9.816377236312999,0.0
722,13,0,0.7551059412548461,1.8461538461538463,6.446153846153849,10.529230769230765,52.53846153846154,29.24615384615385,0.0,71.23076923076923,1.904737542827052,3.0,6.9,10.819999999999999,53.5,0.0,75,0.3134044339476832,1.0,6.3000000000000025,9.919999999999991,52.0,0.0,65,9.816377236312999,0.0,9.816377236312999,0.0
723,13,0,0.7551059412548461,1.8461538461538463,6.446153846153849,10.529230769230765,52.53846153846154,30.24615384615385,0.0,71.23076923076923,1.904737542827052,3.0,6.9,10.819999999999999,53.5,0.0,75,0.3134044339476832,1.0,6.3000000000000025,9.919999999999991,52.0,0.0,65,9.816377236312999,0.0,9.816377236312999,0.0
724,12,1,0.7805666438471444,1.9166666666666667,6.408333333333336,10.524999999999995,52.5,29.433333333333337,0.44957751014726705,71.75,1.904737542827052,3.0,6.600000000000001,10.819999999999999,53.5,0.44957751014726705,75,0.3134044339476832,1.0,6.3000000000000025,9.919999999999991,52.0,0.44957751014726705,70,9.366799726165732,0.44957751014726705,9.816377236312999,0.0
725,12,0,0.7805666438471444,1.9166666666666667,6.408333333333336,10.524999999999995,52.5,30.433333333333337,0.0,71.75,1.904737542827052,3.0,6.600000000000001,10.819999999999999,53.5,0.0,75,0.3134044339476832,1.0,6.3000000000000025,9.919999999999991,52.0,0.0,70,9.366799726165732,0.0,9.366799726165732,0.0
726,12,0,0.7805666438471444,1.9166666666666667,6.408333333333336,10.524999999999995,52.5,31.433333333333337,0.0,71.75,1.904737542827052,3.0,6.600000000000001,10.819999999999999,53.5,0.0,75,0.3134044339476832,1.0,6.3000000000000025,9.919999999999991,52.0,0.0,70,9.366799726165732,0.0,9.366799726165732,0.0
727,11,1,0.7342178012459485,1.8181818181818181,6.418181818181821,10.569090909090905,52.54545454545455,30.609090909090913,1.2904039124602988,71.54545454545455,1.904737542827052,3.0,6.600000000000001,10.819999999999999,53.5,1.2904039124602988,75,0.3134044339476832,1.0,6.3000000000000025,9.919999999999991,52.0,1.2904039124602988,70,8.076395813705433,1.2904039124602988,9.366799726165732,0.0
728,11,1,0.7342178012459485,1.8181818181818181,6.418181818181821,10.569090909090905,52.54545454545455,31.609090909090913,0.29040391246029884,71.54545454545455,1.904737542827052,3.0,6.600000000000001,10.819999999999999,53.5,0.29040391246029884,75,0.3134044339476832,1.0,6.3000000000000025,9.919999999999991,52.0,0.29040391246029884,70,8.076395813705433,0.29040391246029884,8.366799726165732,0.0
729,11,0,0.7342178012459485,1.8181818181818181,6.418181818181821,10.569090909090905,52.54545454545455,32.60909090909092,0.0,71.54545454545455,1.904737542827052,3.0,6.600000000000001,10.819999999999999,53.5,0.0,75,0.3134044339476832,1.0,6.3000000000000025,9.919999999999991,52.0,0.0,70,8.076395813705433,0.0,8.076395813705433,0.0
730,11,0,0.7342178012459485,1.8181818181818181,6.418181818181821,10.569090909090905,52.54545454545455,33.60909090909092,0.0,71.54545454545455,1.904737542827052,3.0,6.600000000000001,10.819999999999999,53.5,0.0,75,0.3134044339476832,1.0,6.3000000000000025,9.919999999999991,52.0,0.0,70,8.076395813705433,0.0,8.076395813705433,0.0
731,11,0,0.7342178012459485,1.8181818181818181,6.418181818181821,10.569090909090905,52.54545454545455,34.60909090909092,0.0,71.54545454545455,1.904737542827052,3.0,6.600000000000001,10.819999999999999,53.5,0.0,75,0.3134044339476832,1.0,6.3000000000000025,9.919999999999991,52.0,0.0,70,8.076395813705433,0.0,8.076395813705433,0.0
732,11,0,0.7342178012459485,1.8181818181818181,6.418181818181821,10.569090909090905,52.54545454545455,35.60909090909092,0.0,71.54545454545455,1.904737542827052,3.0,6.600000000000001,10.819999999999999,53.5,0.0,75,0.3134044339476832,1.0,6.3000000000000025,9.919999999999991,52.0,0.0,70,8.076395813705433,0.0,8.076395813705433,0.0
733,11,0,0.7342178012459485,1.8181818181818181,6.418181818181821,10.569090909090905,52.54545454545455,36.60909090909092,0.0,71.54545454545455,1.904737542827052,3.0,6.600000000000001,10.819999999999999,53.5,0.0,75,0.3134044339476832,1.0,6.3000000000000025,9.919999999999991,52.0,0.0,70,8.076395813705433,0.0,8.076395813705433,0.0
734,11,0,0.7342178012459485,1.8181818181818181,6.418181818181821,10.569090909090905,52.54545454545455,37.60909090909091,0.0,71.54545454545455,1.904737542827052,3.0,6.600000000000001,10.819999999999999,53.5,0.0,75,0.3134044339476832,1.0,6.3000000000000025,9.919999999999991,52.0,0.0,70,8.076395813705433,0.0,8.076395813705433,0.0
735,10,1,0.7184098924432206,1.9,6.430000000000002,10.633999999999997,52.6,37.239999999999995,0.8922968892732279,71.3,1.904737542827052,3.0,6.600000000000001,10.819999999999999,53.5,0.8922968892732279,75,0.3134044339476832,1.0,6.3000000000000025,9.919999999999991,52.0,0.8922968892732279,70,7.184098924432206,0.8922968892732279,8.076395813705433,0.0
736,10,1,0.7184098924432206,1.9,6.430000000000002,10.633999999999997,52.6,38.239999999999995,26.0,71.3,1.904737542827052,3.0,6.600000000000001,10.819999999999999,53.5,26.0,75,0.3134044339476832,1.0,6.3000000000000025,9.919999999999991,52.0,26.0,70,7.184098924432206,26.0,33.184098924432206,0.0
737,10,2,0.7184098924432206,1.9,6.430000000000002,10.633999999999997,52.6,39.239999999999995,48.5,71.3,1.904737542827052,3.0,6.600000000000001,10.819999999999999,53.5,72.0,75,0.3134044339476832,1.0,6.3000000000000025,9.919999999999991,52.0,25.0,70,7.184098924432206,97.0,104.1840989244322,0.0
738,10,3,0.7184098924432206,1.9,6.430000000000002,10.633999999999997,52.6,40.239999999999995,34.333333333333336,71.3,1.904737542827052,3.0,6.600000000000001,10.819999999999999,53.5,71.0,75,0.3134044339476832,1.0,6.3000000000000025,9.919999999999991,52.0,8.0,70,7.184098924432206,103.0,110.1840989244322,0.0
739,10,4,0.7184098924432206,1.9,6.430000000000002,10.633999999999997,52.6,41.239999999999995,29.0,71.3,1.904737542827052,3.0,6.600000000000001,10.819999999999999,53.5,70.0,75,0.3134044339476832,1.0,6.3000000000000025,9.919999999999991,52.0,7.0,70,7.184098924432206,116.0,123.1840989244322,0.0
740,10,5,0.7184098924432206,1.9,6.430000000000002,10.633999999999997,52.6,42.239999999999995,28.6,71.3,1.904737542827052,3.0,6.600000000000001,10.819999999999999,53.5,69.0,75,0.3134044339476832,1.0,6.3000000000000025,9.919999999999991,52.0,6.0,70,7.184098924432206,143.0,150.1840989244322,0.0
741,9,6,4.061921117392982,2.0,6.433333333333335,10.61333333333333,52.611111111111114,42.111111111111114,24.771134811315893,71.44444444444444,30.7328800631212,3.0,6.600000000000001,10.819999999999999,53.5,68.0,75,0.3134044339476832,1.0,6.3000000000000025,9.919999999999991,52.0,0.6268088678953664,70,36.55729005653684,148.62680886789536,185.1840989244322,0.0
742,9,7,2.354538891664027,2.0,6.433333333333335,10.61333333333333,52.611111111111114,43.0,29.526174287968615,71.44444444444444,15.3664400315606,3.0,6.600000000000001,10.819999999999999,53.5,67.0,75,0.3134044339476832,1.0,6.3000000000000025,9.919999999999991,52.0,4.0,70,21.190850024976243,206.6832200157803,227.87407004075655,0.0
743,10,8,1.7349240017086092,1.9,6.440000000000002,10.633999999999997,52.65,39.5,32.83540250197254,71.4,7.6832200157803,3.0,6.600000000000001,10.819999999999999,53.5,66.0,75,0.3134044339476832,1.0,6.3000000000000025,9.919999999999991,52.0,3.0,70,17.349240017086093,262.6832200157803,280.0324600328664,0.0
744,12,9,1.2056693759307067,1.8333333333333333,6.425000000000003,10.669999999999996,52.75,33.583333333333336,38.520357779531146,71.41666666666667,3.84161000789015,3.0,6.600000000000001,10.879999999999999,53.5,92.0,75,0.3134044339476832,1.0,6.3000000000000025,9.919999999999991,52.0,2.0,70,14.468032511168479,346.6832200157803,361.1512525269488,0.0
745,13,10,1.2158393254740707,1.6923076923076923,6.453846153846157,10.746153846153842,52.88461538461539,27.76923076923077,38.8904737542827,71.23076923076923,5.643622517752838,3.0,6.600000000000001,10.879999999999999,53.5,91.0,75,0.3134044339476832,1.0,6.3000000000000025,9.919999999999991,52.0,1.0,70,15.80591123116292,388.90473754282704,404.71064877398993,0.0
746,13,7,7.75430086393561,1.6923076923076923,6.453846153846157,10.746153846153842,52.88461538461539,29.6,43.84353393468958,71.23076923076923,60.7328800631212,3.0,6.600000000000001,10.879999999999999,53.5,90.0,75,0.3134044339476832,1.0,6.3000000000000025,9.919999999999991,52.0,0.9047375428270521,70,100.80591123116292,306.9047375428271,407.71064877399,12.800000000000004
747,15,8,5.257959251148844,1.7333333333333334,6.453333333333336,10.751999999999994,53.0,24.493333333333336,44.164175554243464,71.4,30.3664400315606,3.0,6.600000000000001,10.879999999999999,54.0,89.0,75,0.48020125098626876,1.0,6.3000000000000025,9.919999999999991,52.0,0.3134044339476832,70,78.86938876723266,353.3134044339477,432.1827932011804,25.60000000000001
748,18,11,3.308058256751756,1.8888888888888888,6.461111111111113,10.773333333333328,53.25,13.222222222222223,39.91881832938311,72.0,15.1832200157803,3.0,6.700000000000001,10.879999999999999,54.5,90.0,75,0.48020125098626876,1.0,6.3000000000000025,9.919999999999991,52.0,0.5593877513736953,71,59.545048621531606,439.10700162321416,498.65205024474574,32.400000000000006
749,25,12,1.7790292089657327,2.0,6.460000000000001,10.798399999999997,53.28,9.840000000000002,39.950342500657506,72.24,7.59161000789015,3.0,6.700000000000001,10.94,54.5,89.0,75,0.48020125098626876,1.0,6.3000000000000025,9.919999999999991,52.0,0.5854025019725375,71,44.47573022414332,479.4041100078901,523.8798402320334,0.0
750,31,10,2.8441769404420594,1.967741935483871,6.445161290322581,10.812258064516126,53.25806451612903,8.419354838709678,48.18979025019725,72.29032258064517,49.48020125098627,3.0,6.700000000000001,10.94,54.5,88.0,75,0.29270125098626876,1.0,6.3000000000000025,9.919999999999991,52.0,0.8979025019725375,71,88.16948515370385,481.8979025019725,570.0673876556764,0.0
751,34,9,3.896992858312103,1.9411764705882353,6.455882352941178,10.819999999999997,53.3235294117647,8.352941176470589,47.0,72.3529411764706,58.96040250197254,3.0,6.700000000000001,10.94,54.5,87.0,75,0.29270125098626876,1.0,6.3000000000000025,9.919999999999991,52.0,8.0,71,132.4977571826115,423.0,555.4977571826115,0.0
752,35,11,3.158515982833344,1.9714285714285715,6.45714285714286,10.823428571428568,53.34285714285714,9.271428571428572,44.456779272870726,72.4,29.48020125098627,3.0,6.700000000000001,10.94,54.5,86.0,75,0.29270125098626876,1.0,6.3000000000000025,9.919999999999991,52.0,1.02457200157803,71,110.54805939916704,489.024572001578,599.5726314007451,65.00000000000001
753,37,12,6.271392384627764,2.0,6.462162162162165,10.828108108108104,53.351351351351354,9.375675675675677,34.44689943396874,72.48648648648648,85.94895125098627,3.0,6.700000000000001,10.94,54.5,83.0,75,0.29270125098626876,1.0,6.3000000000000025,9.919999999999991,52.0,0.4744756254931344,71,232.04151823122726,413.36279320762486,645.4043114388521,52.40000000000001
754,45,11,5.119703732879696,2.088888888888889,6.460000000000001,10.829333333333329,53.388888888888886,9.193333333333335,39.09931932528969,72.66666666666667,44.02457200157803,4.0,6.700000000000001,10.94,55.0,82.0,75,0.29270125098626876,1.0,6.3000000000000025,9.919999999999991,52.0,2.092512578186642,71,230.38666797958632,430.09251257818664,660.4791805577729,38.80000000000001
755,54,14,3.4327587340132,2.1296296296296298,6.444444444444445,10.835555555555551,53.370370370370374,9.427777777777779,37.52198716866904,72.85185185185185,22.012286000789015,4.0,6.700000000000001,11.0,55.0,99.0,76,0.29270125098626876,1.0,6.3000000000000025,9.919999999999991,52.0,0.38656407227333023,71,185.3689716367128,525.3078203613666,710.6767919980794,64.40000000000002
756,63,14,3.156877553586383,2.111111111111111,6.442857142857144,10.837142857142855,53.42857142857143,9.026984126984127,40.35148607171037,73.2063492063492,45.02457200157803,4.0,6.700000000000001,11.0,55.0,98.0,77,0.29270125098626876,1.0,6.3000000000000025,9.919999999999991,52.0,1.920805003945075,71,198.88328587594214,564.9208050039451,763.8040908798873,84.30000000000003
757,76,16,2.4074699242839945,2.1052631578947367,6.45,10.834210526315792,53.46052631578947,7.614473684210527,38.98418620681963,73.48684210526316,24.58540250197254,4.0,6.800000000000001,11.0,55.5,97.0,77,0.26156407227333023,1.0,6.200000000000003,9.919999999999991,52.0,0.6714761816483302,71,182.96771424558358,623.7469793091141,806.7146935546976,84.40000000000002
758,87,19,1.9143965984223323,2.1264367816091956,6.44367816091954,10.820000000000007,53.49425287356322,7.387356321839081,36.528216368200994,73.70114942528735,12.330452814719106,4.0,6.800000000000001,11.0,55.5,96.0,77,0.26156407227333023,1.0,6.200000000000003,9.85999999999999,52.0,0.3357380908241651,71,166.5525040627429,694.0361109958188,860.5886150585618,13.000000000000004
759,93,18,2.1338397421577,2.172043010752688,6.441935483870966,10.820645161290331,53.47849462365591,7.845161290322582,41.82294836178558,73.79569892473118,31.94895125098627,5.0,6.800000000000001,11.0,55.5,95.0,77,0.26156407227333023,1.0,6.200000000000003,9.85999999999999,52.0,0.26156407227333023,71,198.4470960206661,752.8130705121404,951.2601665328065,85.00000000000003
760,96,19,2.4527449057297037,2.1875,6.4468749999999995,10.820625000000007,53.489583333333336,9.291666666666668,40.89647858995746,73.85416666666667,47.04914400315606,5.0,6.800000000000001,11.0,55.5,94.0,77,0.26156407227333023,1.0,6.200000000000003,9.85999999999999,52.0,0.4070178750493134,71,235.46351095005156,777.0330932091917,1012.4966041592434,193.20000000000005
761,105,13,3.351483362269061,2.123809523809524,6.4552380952380926,10.829142857142868,53.49523809523809,11.353333333333332,47.458753818363135,73.87619047619047,81.37576787504932,5.0,6.800000000000001,11.0,55.5,93.0,77,0.26156407227333023,1.0,6.200000000000003,9.85999999999999,52.0,1.9637996387207828,71,351.9057530382514,616.9637996387207,968.8695526769721,269.1000000000001
762,117,14,2.5071881154946514,2.094017094017094,6.47350427350427,10.829743589743602,53.49145299145299,13.474358974358974,43.3079038136914,73.95726495726495,40.68788393752466,5.0,6.9,11.0,55.5,92.0,77,0.26156407227333023,1.0,6.200000000000003,9.85999999999999,52.0,0.9637996387207828,71,293.3410095128742,606.3106533916796,899.6516629045539,352.9000000000001
763,124,16,2.0208137211178863,2.056451612903226,6.4790322580645165,10.82629032258066,53.403225806451616,15.695161290322583,37.380236275255,74.0,20.34394196876233,5.0,6.9,11.0,55.5,91.0,77,0.26156407227333023,1.0,6.200000000000003,9.85999999999999,51.5,0.8131289093320899,71,250.58090141861788,598.08378040408,848.664681822698,442.90000000000015
764,127,20,2.141506631799403,2.0393700787401574,6.4913385826771615,10.825196850393715,53.29527559055118,16.995275590551188,26.99525719792316,74.08661417322834,56.17080500394508,5.0,6.9,11.0,55.5,90.0,77,0.26156407227333023,1.0,6.200000000000003,9.85999999999999,51.5,0.29270125098626876,71,271.9713422385242,539.9051439584632,811.8764861969873,592.3000000000002
765,127,25,1.8576071719411362,1.9921259842519685,6.488976377952754,10.82614173228348,53.20472440944882,17.714173228346457,22.972080093676265,74.11023622047244,28.08540250197254,5.0,6.9,11.0,55.5,89.0,77,0.26156407227333023,1.0,6.200000000000003,9.85999999999999,51.5,0.3357380908241651,71,235.9161108365243,574.3020023419066,810.2181131784309,513.9000000000002
766,126,26,1.8923911663008004,1.9682539682539681,6.488888888888885,10.825238095238115,53.21031746031746,19.01190476190477,24.902224414181905,74.16666666666667,29.407017875049313,5.0,6.9,11.0,55.5,88.0,77,0.26156407227333023,1.0,6.200000000000003,9.85999999999999,51.5,0.479772700229986,72,238.44128695390086,647.4578347687295,885.8991217226304,380.8000000000001
767,124,21,1.8311203932442595,1.9435483870967742,6.491935483870967,10.825322580645173,53.145161290322584,20.86935483870968,29.737914761131666,74.15322580645162,29.407017875049313,5.0,6.9,11.06,55.5,87.0,77,0.25650724733082675,1.0,6.200000000000003,9.85999999999999,51.5,0.5231281445466605,72,227.05892876228816,624.496209983765,851.5551387460531,493.70000000000016
768,124,22,2.454689224073401,1.9193548387096775,6.483870967741934,10.82629032258066,53.12903225806452,22.727419354838723,23.545705707523226,74.1774193548387,58.98189981936039,5.0,6.9,11.06,55.5,86.0,77,0.25650724733082675,1.0,6.200000000000003,9.85999999999999,51.5,0.4388344140933209,72,304.3814637851017,518.005525565511,822.3869893506127,554.0000000000001
769,123,23,2.119897441808402,1.9593495934959348,6.483739837398374,10.821951219512204,53.15447154471545,21.913821138211386,22.15658984714983,74.2520325203252,29.490949909680197,5.0,6.9,11.06,55.5,85.0,77,0.25650724733082675,1.0,6.200000000000003,9.79999999999999,51.5,0.5130144946616535,72,260.7473853424334,509.6015664844461,770.3489518268796,364.2000000000001
770,124,20,1.894524750576043,2.0080645161290325,6.474193548387097,10.807419354838718,53.181451612903224,22.433064516129043,24.652535119294182,74.35483870967742,29.407017875049313,5.0,6.9,11.06,55.5,84.0,78,0.25650724733082675,1.0,6.200000000000003,9.73999999999999,51.5,0.39234467090521696,72,234.92106907142932,493.05070238588365,727.971771457313,318.1000000000001
771,125,21,2.5363494771942565,2.048,6.4719999999999995,10.788800000000007,53.112,21.075200000000006,17.876963460108325,74.448,83.52312814454666,5.0,6.9,11.06,55.5,65.0,78,0.25650724733082675,1.0,6.100000000000003,9.73999999999999,51.5,0.09490305812773348,72,317.04368464928206,375.4162326622748,692.4599173115569,355.7000000000001
772,128,21,1.9996385071497436,2.0859375,6.486718749999999,10.761406250000004,53.08984375,19.94921875,17.771733076095625,74.625,41.76156407227333,5.0,6.9,11.06,55.5,64.0,78,0.26465443652382276,1.0,6.100000000000003,9.73999999999999,51.5,0.25650724733082675,72,255.95372891516718,373.2063945980081,629.1601235131752,398.3000000000001
773,130,16,2.6737188763550384,2.1538461538461537,6.488461538461541,10.766923076923085,53.12307692307692,20.187692307692313,14.646639808650768,74.71538461538462,63.52930887304765,5.0,6.9,11.06,55.5,52.0,78,0.26465443652382276,1.0,6.100000000000003,9.73999999999999,51.5,0.35175446876232835,72,347.58345392615496,234.3462369384123,581.9296908645672,367.2000000000001
774,135,19,2.0186443812662604,2.162962962962963,6.504444444444443,10.770666666666678,53.096296296296295,19.065925925925935,12.769776222984989,74.87407407407407,31.764654436523823,5.0,6.9,11.06,55.5,51.0,78,0.26465443652382276,1.0,6.100000000000003,9.73999999999999,51.5,0.4070178750493134,72,272.5169914709452,242.6257482367148,515.14273970766,353.5000000000001
775,144,10,2.0646946369481762,2.1527777777777777,6.514583333333333,10.776250000000013,53.12847222222222,18.775694444444447,17.026337262629905,74.95138888888889,33.99840472659332,5.0,6.9,11.06,55.5,50.0,78,0.26465443652382276,1.0,6.100000000000003,9.73999999999999,51.5,0.12240768071414654,72,297.31602772053736,170.26337262629906,467.57940034683645,194.80000000000004
776,151,8,2.0079660516517825,2.1324503311258276,6.518543046357617,10.780264900662266,53.13576158940398,18.928476821192053,15.861341483010285,75.02649006622516,41.68636873871002,5.0,6.9,11.06,55.5,49.0,78,0.26465443652382276,1.0,6.100000000000003,9.73999999999999,51.5,0.6714761816483302,72,303.2028737994192,126.89073186408228,430.0936056635015,267.70000000000005
777,151,13,1.8103040521787226,2.1456953642384105,6.515231788079468,10.768741721854317,53.14900662251656,18.58741721854305,9.494503068513795,75.13245033112582,20.84318436935501,5.0,6.9,11.06,55.5,48.0,79,0.26465443652382276,1.0,6.100000000000003,9.73999999999999,51.5,0.49632272557068474,72,273.3559118789871,123.42853989067933,396.7844517696665,278.7000000000001
778,156,13,1.612622992504175,2.141025641025641,6.519230769230772,10.76000000000001,53.19551282051282,19.084615384615386,8.991046540680957,75.21794871794872,20.414562905284996,5.0,6.9,11.06,55.5,47.0,79,0.26465443652382276,1.0,6.100000000000003,9.73999999999999,51.5,0.49632272557068474,72,251.56918683065132,116.88360502885243,368.45279185950375,309.1000000000001
779,156,18,1.4831311589381941,2.121794871794872,6.529487179487181,10.75115384615386,53.24679487179487,19.8397435897436,6.438459377941474,75.32051282051282,20.414562905284996,5.0,6.9,11.06,55.5,46.0,80,0.26465443652382276,1.0,6.100000000000003,9.679999999999989,51.0,0.24481536142829308,72,231.36846079435827,115.89226880294653,347.2607295973048,498.40000000000015
780,146,16,1.4831606787468257,2.136986301369863,6.539041095890413,10.743972602739738,53.26027397260274,20.62054794520548,7.266265929420759,75.41095890410959,20.414562905284996,5.0,6.9,11.06,55.5,45.0,80,0.26465443652382276,1.0,6.100000000000003,9.679999999999989,51.0,0.543448671905821,72,216.54145909703655,116.26025487073214,332.8017139677687,465.20000000000016
781,145,9,1.4806310876351318,2.1379310344827585,6.535862068965521,10.730620689655186,53.26896551724138,22.053103448275873,11.103215448206385,75.48965517241379,20.414562905284996,5.0,6.9,11.06,55.5,44.0,80,0.26465443652382276,1.0,6.100000000000003,9.679999999999989,51.0,0.26086216797645523,72,214.6915077070941,99.92893903385746,314.6204467409516,325.6000000000001
782,142,10,1.2878444095590258,2.1971830985915495,6.540845070422536,10.730000000000015,53.25,23.233802816901417,12.08036103492488,75.5774647887324,10.421592184677506,5.0,6.9,11.06,55.5,43.0,80,0.26465443652382276,1.0,6.100000000000003,9.679999999999989,51.0,0.42183761077953097,72,182.87390615738167,120.8036103492488,303.67751650663047,322.2000000000001
783,133,13,1.417576123297716,2.18796992481203,6.548120300751881,10.723007518797006,53.244360902255636,23.962406015037605,8.264105214924518,75.62406015037594,20.407208356426366,5.0,6.9,11.06,55.5,42.0,80,0.26465443652382276,1.0,6.200000000000003,9.679999999999989,51.0,0.9756067877202081,72,188.53762439859622,107.43336779401874,295.970992192615,265.7000000000001
784,127,11,1.9346592031144538,2.188976377952756,6.555118110236222,10.726456692913398,53.275590551181104,24.77637795275591,3.341592345435242,75.65354330708661,42.552657036136665,5.0,6.9,11.06,55.5,17.0,80,0.26465443652382276,1.0,6.200000000000003,9.679999999999989,51.0,0.18229759035707316,72,245.70171879553564,36.75751579978766,282.4592345953233,240.20000000000007
785,125,9,1.765102633066848,2.2,6.561600000000004,10.71440000000001,53.26,24.83200000000001,3.5253051552827834,75.728,21.276328518068333,5.0,6.9,11.06,55.5,16.0,80,0.26465443652382276,1.0,6.200000000000003,9.679999999999989,51.0,0.8165032422799627,72,220.637829133356,31.72774639754505,252.36557553090105,188.40000000000006
786,122,13,1.596098089390315,2.237704918032787,6.5754098360655755,10.707868852459027,53.278688524590166,23.723770491803286,2.7096811431754304,75.93442622950819,20.407208356426366,5.0,6.9,11.06,55.5,15.0,80,0.26465443652382276,1.0,6.200000000000003,9.679999999999989,51.0,0.33224638855124944,73,194.72396690561843,35.225854861280595,229.94982176689902,171.80000000000004
787,122,11,1.4393371790732397,2.221311475409836,6.580327868852461,10.719180327868859,53.27459016393443,23.918852459016396,5.992691292387682,75.95081967213115,10.638164259034166,5.0,7.0,11.06,55.5,36.0,80,0.26465443652382276,1.0,6.200000000000003,9.679999999999989,51.0,0.3628304377219105,73,175.59913584693524,65.9196042162645,241.51874006319974,257.40000000000003
788,119,11,1.431984421142069,2.168067226890756,6.583193277310927,10.719663865546229,53.30252100840336,24.807563025210086,5.3770540459543685,76.00840336134453,11.188895080495922,5.0,7.0,11.06,56.0,35.0,80,0.26465443652382276,1.0,6.200000000000003,9.679999999999989,51.0,0.26477655403251843,73,170.4061461159062,59.147594505498056,229.55374062140427,257.00000000000006
789,112,13,1.3578372221600492,2.1785714285714284,6.583928571428573,10.725714285714295,53.30357142857143,25.58303571428572,4.900248741769426,76.03571428571429,10.638164259034166,5.0,7.0,11.06,56.0,34.0,80,0.26465443652382276,1.0,6.200000000000003,9.679999999999989,51.0,0.2656125369265103,73,152.07776888192552,63.70323364300254,215.78100252492806,395.4000000000001
790,100,16,1.31711399959762,2.18,6.587000000000004,10.731800000000005,53.31,26.293000000000003,4.580339070918636,76.02,10.638164259034166,5.0,7.0,11.06,56.0,33.0,80,0.26465443652382276,1.0,6.200000000000003,9.679999999999989,51.0,0.6561253692651032,73,131.711399959762,73.28542513469817,204.99682509446018,354.9000000000001
791,97,9,1.3981268664820365,2.1752577319587627,6.587628865979384,10.745154639175265,53.324742268041234,27.177319587628872,5.70721465654812,75.95876288659794,5.58709299138933,5.0,7.0,11.06,56.0,32.0,80,0.2656125369265103,1.0,6.200000000000003,9.679999999999989,51.0,0.008557683311583686,73,135.61830604875755,51.36493190893308,186.98323795769062,138.80000000000004
792,94,10,1.3294640020660748,2.202127659574468,6.588297872340427,10.745957446808516,53.31382978723404,27.74574468085107,5.241546018077685,76.0,5.58709299138933,5.0,7.0,11.06,56.0,31.0,80,0.2656125369265103,1.0,6.200000000000003,9.679999999999989,51.0,0.30830388840344103,73,124.96961619421104,52.41546018077685,177.38507637498788,232.70000000000005
793,84,16,1.2947692232815289,2.2738095238095237,6.584523809523811,10.72214285714286,53.232142857142854,28.239285714285717,3.682721596553179,76.14285714285714,5.58709299138933,5.0,7.0,11.06,55.5,30.0,80,0.2656125369265103,1.0,6.200000000000003,9.679999999999989,51.0,0.26854252342272034,73,108.76061475564843,58.92354554485087,167.6841603004993,311.6000000000001
794,82,12,1.2362653536101715,2.268292682926829,6.580487804878049,10.721219512195123,53.25609756097561,29.82560975609757,4.221678604267252,76.20731707317073,3.7930887304764553,5.0,7.0,11.06,55.5,29.0,80,0.2656125369265103,1.0,6.200000000000003,9.679999999999989,51.0,0.34295236329666046,74,101.37375899603407,50.660143251207025,152.0339022472411,157.60000000000002
795,78,8,1.298932379680216,2.269230769230769,6.57820512820513,10.713846153846154,53.21153846153846,31.146153846153858,4.997840450695549,76.21794871794872,3.7930887304764553,5.0,7.0,11.06,55.0,28.0,80,0.2656125369265103,1.0,6.200000000000003,9.679999999999989,51.0,0.3967732478473325,74,101.31672561505684,39.982723605564395,141.29944922062123,195.40000000000006
796,73,9,1.2724455856591417,2.3424657534246576,6.5780821917808225,10.700821917808218,53.14383561643836,30.665753424657545,4.494231139958521,76.32876712328768,3.7930887304764553,5.0,7.0,11.06,55.0,27.0,80,0.2656125369265103,1.0,6.200000000000003,9.679999999999989,51.0,0.5312250738530206,74,92.88852775311734,40.44808025962669,133.33660801274402,136.20000000000005
797,69,10,1.2529256930348238,2.3768115942028984,6.592753623188408,10.687826086956521,53.094202898550726,31.059420289855073,3.8140684075868356,76.42028985507247,3.7930887304764553,5.0,7.0,11.0,55.0,26.0,80,0.2656125369265103,1.0,6.200000000000003,9.679999999999989,51.0,0.3050488772585416,74,86.45187281940284,38.14068407586836,124.5925568952712,117.30000000000003
798,67,5,1.2491007813483992,2.343283582089552,6.595522388059705,10.684776119402981,53.09701492537314,32.38358208955224,6.511760991291037,76.44776119402985,3.7930887304764553,5.0,7.0,11.0,55.0,25.0,80,0.2656125369265103,1.0,6.200000000000003,9.679999999999989,51.0,0.9230972149731977,74,83.68975235034274,32.558804956455184,116.24855730679792,65.50000000000001
799,58,12,1.2750580369428148,2.4310344827586206,6.596551724137934,10.673103448275857,53.03448275862069,32.289655172413795,3.114341162428458,76.48275862068965,3.7930887304764553,5.0,7.0,11.0,55.0,24.0,80,0.2656125369265103,1.0,6.200000000000003,9.679999999999989,51.0,0.20371150280160744,74,73.95336614268327,37.372093949141494,111.32546009182477,144.50000000000003
800,56,9,1.3017931559442382,2.4642857142857144,6.598214285714286,10.663571428571425,53.017857142857146,33.97857142857143,7.581122773522166,76.5,3.7930887304764553,5.0,7.0,11.0,55.0,39.0,80,0.2656125369265103,1.0,6.200000000000003,9.679999999999989,51.0,0.3967732478473325,74,72.90041673287733,68.2301049616995,141.13052169457683,85.80000000000001
801,51,9,1.3186509780590887,2.5294117647058822,6.5882352941176485,10.64470588235294,53.009803921568626,36.08823529411765,7.7942928949340775,76.52941176470588,3.7930887304764553,5.0,7.0,11.0,55.0,38.0,80,0.27191388456267607,1.0,6.200000000000003,9.679999999999989,51.0,0.2656125369265103,74,67.25119988101352,70.1486360544067,137.3998359354202,172.60000000000002
802,46,12,1.4110593346774765,2.630434782608696,6.591304347826088,10.617826086956518,52.97826086956522,37.80434782608696,6.353599919360104,76.6304347826087,3.7930887304764553,5.0,7.0,11.0,55.0,37.0,80,0.27191388456267607,1.0,6.200000000000003,9.679999999999989,51.0,0.05861774609529102,74,64.90872939516392,76.24319903232124,141.15192842748516,139.70000000000002
803,41,11,1.410804970626909,2.658536585365854,6.587804878048778,10.596097560975606,52.890243902439025,38.4829268292683,12.517529642109583,76.6829268292683,3.7930887304764553,5.0,7.0,11.0,55.0,63.0,80,0.27191388456267607,1.0,6.200000000000003,9.679999999999989,51.0,0.37289953625522,74,57.84300379570327,137.69282606320542,195.5358298589087,81.20000000000002
804,39,7,1.486687705756638,2.6923076923076925,6.579487179487178,10.587692307692302,52.91025641025641,39.23333333333334,30.746898555825936,76.74358974358974,4.269638819275625,5.0,7.0,11.0,55.0,87.0,80,0.27191388456267607,1.0,6.200000000000003,9.679999999999989,51.0,0.5217243359529105,74,57.98082052450888,215.22828989078155,273.2091104152904,20.5
805,38,8,1.3893102782838982,2.6315789473684212,6.589473684210526,10.609999999999996,52.98684210526316,39.04736842105264,32.103273224966316,76.6842105263158,3.710796092338753,5.0,7.0,11.0,55.0,86.0,80,0.27191388456267607,1.0,6.200000000000003,9.679999999999989,51.0,1.0330970692540649,74,52.79379057478813,256.8261857997305,309.61997637451867,20.6
806,35,10,1.4340000936397628,2.6,6.594285714285713,10.588571428571422,52.94285714285714,39.35714285714287,29.84299730971269,76.82857142857142,5.119229208824318,5.0,7.0,11.0,55.0,85.0,80,0.27191388456267607,1.0,6.200000000000003,9.679999999999989,51.0,0.6648852661896354,74,50.190003277391696,298.4299730971269,348.6199763745186,20.6
807,33,10,3.9957157726296106,2.696969696969697,6.551515151515151,10.590909090909086,52.92424242424242,38.1909090909091,26.281666330934577,76.81818181818181,84.773611885062,5.0,7.0,11.0,55.0,59.0,80,0.27191388456267607,1.0,6.100000000000003,9.679999999999989,51.0,0.8532827774143295,74,131.85862049677715,262.81666330934576,394.67528380612293,13.8
808,32,12,3.280690445201722,2.75,6.546875,10.579999999999997,52.9375,35.921875000000014,23.408704337613788,76.90625,42.386805942531,5.0,6.9,11.0,55.0,58.0,80,0.27191388456267607,1.0,6.100000000000003,9.679999999999989,51.0,0.658331654672871,74,104.9820942464551,280.90445205136547,385.8865462978206,19.800000000000004
809,31,12,3.2503061556435013,2.806451612903226,6.538709677419355,10.572258064516124,53.03225806451613,34.551612903225816,27.152322709769965,77.09677419354838,21.1934029712655,5.0,6.9,11.0,55.0,68.0,80,0.27191388456267607,1.0,6.100000000000003,9.679999999999989,51.0,0.7261931172892091,74,100.75949082494854,325.8278725172396,426.58736334218816,58.70000000000002
810,32,14,2.453848735565523,2.84375,6.559375,10.557499999999992,53.1875,28.012500000000003,29.9765349991111,77.59375,10.59670148563275,5.0,6.9,11.0,55.0,99.0,81,0.27191388456267607,1.0,6.100000000000003,9.679999999999989,51.0,0.3086897343811642,74,78.52315953809673,419.6714899875554,498.19464952565215,25.40000000000001
811,40,10,4.196362877013478,2.85,6.567499999999998,10.591999999999995,53.3375,23.667500000000004,30.86595410647585,77.8,98.9189693085953,5.0,6.9,11.0,55.0,66.0,81,0.27191388456267607,1.0,6.100000000000003,9.679999999999989,51.0,1.6595410647585416,74,167.85451508053913,308.6595410647585,476.5140561452977,26.300000000000004
812,41,13,3.3809501791522965,2.7560975609756095,6.558536585365853,10.620975609756094,53.30487804878049,22.69512195121952,27.455424823931992,77.70731707317073,49.45948465429765,5.0,6.9,11.0,55.0,65.0,81,0.28826820696008226,1.0,6.100000000000003,9.679999999999989,51.0,0.27191388456267607,74,138.61895734524416,356.9205227111159,495.53948005636005,71.60000000000002
813,41,13,2.775203180762234,2.682926829268293,6.563414634146341,10.607804878048777,53.31707317073171,20.182926829268297,33.53483078959397,77.92682926829268,24.729742327148823,5.0,6.9,11.0,55.0,86.0,81,0.28826820696008226,1.0,6.100000000000003,9.679999999999989,51.0,0.6983866239236662,74,113.78333041125158,435.9528002647216,549.7361306759732,32.400000000000006
814,43,13,2.209020911581301,2.627906976744186,6.558139534883721,10.652558139534879,53.30232558139535,17.653488372093026,37.244568393651534,77.97674418604652,12.364871163574412,5.0,6.9,11.0,55.0,85.0,81,0.28826820696008226,1.0,6.100000000000003,9.679999999999989,51.0,2.0661941385081297,74,94.98789919799594,484.1793891174699,579.1672883154658,0.0
815,48,13,2.883982596414695,2.5833333333333335,6.539583333333334,10.644999999999994,53.166666666666664,14.295833333333334,33.75385972861751,78.27083333333333,51.65252443862927,5.0,6.9,11.0,55.0,84.0,81,0.28826820696008226,1.0,6.100000000000003,9.679999999999989,51.0,0.918969308595291,74,138.43116462790536,438.80017647202766,577.231341099933,0.0
816,53,14,2.5369808091821886,2.4716981132075473,6.550943396226417,10.645660377358485,53.113207547169814,13.141509433962264,37.53788446677432,78.30188679245283,25.826262219314636,5.0,6.9,11.0,55.0,83.0,81,0.28826820696008226,1.0,6.100000000000003,9.679999999999989,51.0,0.06245014770604129,74,134.459982886656,525.5303825348406,659.9903654214966,33.00000000000001
817,57,12,3.872191321281657,2.473684210526316,6.556140350877196,10.650526315789469,53.12280701754386,13.657894736842104,42.852356898117854,78.28070175438596,53.557433645356305,5.0,6.9,11.0,55.0,82.0,81,0.28826820696008226,1.0,6.100000000000003,9.679999999999989,51.0,3.2282827774143295,74,220.71490531305446,514.2282827774143,734.9431880904688,39.000000000000014
818,63,16,2.821237799076886,2.4285714285714284,6.566666666666667,10.663809523809523,53.166666666666664,13.333333333333336,38.07296010294796,78.3015873015873,26.778716822678152,5.0,6.9,11.0,55.0,88.0,81,0.28826820696008226,1.0,6.100000000000003,9.679999999999989,51.0,2.2282827774143295,74,177.7379813418438,609.1673616471674,786.9053429890112,66.00000000000001
819,69,18,3.244144073325122,2.4927536231884058,6.589855072463771,10.652173913043477,53.1231884057971,12.649275362318841,34.546072538593194,78.28985507246377,69.69181316201136,5.0,6.9,11.0,55.0,87.0,81,0.28826820696008226,1.0,6.100000000000003,9.679999999999989,51.0,0.6622938428520468,74,223.84594105943341,621.8293056946775,845.675246754111,97.80000000000003
820,76,18,2.654192922499937,2.6315789473684212,6.6026315789473715,10.62657894736842,53.07236842105263,11.865789473684213,40.87418366916142,78.48684210526316,34.84590658100568,5.0,7.0,11.0,55.0,91.0,81,0.28826820696008226,1.0,6.100000000000003,9.679999999999989,51.0,0.3245876857040937,74,201.71866210999522,735.7353060449055,937.4539681549007,92.40000000000002
821,82,17,3.349952738776497,2.6219512195121952,6.6024390243902475,10.614390243902438,53.073170731707314,12.462195121951218,37.403313660093424,78.5609756097561,66.14917537140819,5.0,7.0,11.0,55.0,90.0,81,0.28826820696008226,1.0,6.100000000000003,9.679999999999989,51.0,1.9131311096573178,75,274.69612457967276,635.8563322215882,910.552456801261,114.20000000000002
822,89,20,2.8094911250764887,2.662921348314607,6.594382022471911,10.61573033707865,53.10674157303371,12.993258426966293,33.26249353813099,78.53932584269663,33.074587685704095,5.0,7.0,11.0,55.0,89.0,81,0.28826820696008226,1.0,6.100000000000003,9.679999999999989,51.0,0.8070706943535824,75,250.04471013180748,665.2498707626198,915.2945808944273,187.70000000000002
823,100,21,2.1497922747204354,2.66,6.582000000000002,10.635200000000003,53.155,12.715,40.83601026452228,78.59,16.537293842852048,5.0,7.0,11.0,55.0,88.0,81,0.28826820696008226,1.0,6.100000000000003,9.679999999999989,51.0,1.4716005559654253,75,214.97922747204353,857.5562155549679,1072.5354430270115,100.20000000000002
824,110,24,2.3791525570733527,2.6545454545454548,6.580000000000003,10.655272727272731,53.21818181818182,12.915454545454548,34.70067888216438,78.76363636363637,61.368893161592815,5.0,7.0,11.0,55.0,87.0,82,0.27223364516410686,1.0,6.100000000000003,9.73999999999999,51.5,0.47160055596542527,75,261.7067812780688,832.8162931719452,1094.523074450014,240.90000000000003
825,109,27,2.782012004050596,2.6513761467889907,6.575229357798166,10.65211009174312,53.206422018348626,13.026605504587156,27.692580720265003,78.90825688073394,72.7728044477234,5.0,7.0,11.0,55.0,86.0,82,0.27223364516410686,1.0,6.100000000000003,9.73999999999999,51.5,0.33579609233875307,75,303.23930844151494,747.6996794471551,1050.93898788867,267.50000000000006
826,111,22,2.4831681669738304,2.6216216216216215,6.571171171171173,10.648648648648654,53.211711711711715,15.682882882882886,32.84028143721223,78.98198198198199,36.3864022238617,5.0,7.0,11.0,55.0,85.0,82,0.27223364516410686,1.0,6.100000000000003,9.73999999999999,51.5,0.09046191701358453,75,275.6316665340952,722.486191618669,998.1178581527641,277.80000000000007
827,110,23,2.1287940270566734,2.590909090909091,6.567272727272728,10.641636363636367,53.22727272727273,17.448181818181812,31.4660219331177,79.1,18.19320111193085,5.0,7.0,11.0,55.0,84.0,82,0.27223364516410686,1.0,6.100000000000003,9.73999999999999,51.5,1.0,75,234.16734297623407,723.7185044617071,957.8858474379412,374.0000000000001
828,108,28,2.188458935290796,2.5833333333333335,6.561111111111114,10.627222222222224,53.236111111111114,16.916666666666668,26.794485398571346,79.24074074074075,29.358116382213794,5.0,7.0,11.0,55.0,83.0,82,0.27223364516410686,1.0,6.100000000000003,9.73999999999999,51.5,0.6179001389913563,75,236.353565011406,750.2455911599977,986.5991561714037,269.6000000000001
829,113,23,2.977480520423534,2.566371681415929,6.561061946902659,10.62194690265487,53.2212389380531,16.938938053097345,26.361833436660024,79.43362831858407,83.85460436258859,5.0,7.0,11.0,55.0,77.0,83,0.27223364516410686,1.0,6.100000000000003,9.73999999999999,51.5,0.9565655548286589,76,336.4552988078593,606.3221690431806,942.7774678510399,229.70000000000005
830,114,21,3.171082609252489,2.6315789473684212,6.565789473684214,10.626315789473686,53.171052631578945,16.680701754385964,24.506012742265337,79.52631578947368,69.19079368894279,5.0,7.0,11.0,55.0,76.0,83,0.27223364516410686,1.0,6.100000000000003,9.73999999999999,51.0,0.27223364516410686,76,361.50341745478374,514.6262675875721,876.1296850423558,229.00000000000006
831,115,19,2.7913150496413857,2.6956521739130435,6.569565217391308,10.62017391304348,53.12608695652174,17.940000000000005,25.99580543341723,79.65217391304348,34.595396844471395,5.0,6.9,11.0,55.0,75.0,83,0.27223364516410686,1.0,6.100000000000003,9.73999999999999,51.0,0.5444672903282137,76,321.00123070875935,493.9203032349274,814.9215339436868,348.7000000000001
832,116,18,2.641176432357418,2.7672413793103448,6.57327586206897,10.613620689655175,53.043103448275865,19.025862068965516,26.061144915341757,79.74137931034483,34.595396844471395,6.0,6.9,11.0,55.0,74.0,83,0.27223364516410686,1.0,6.100000000000003,9.679999999999989,51.0,0.5444672903282137,76,306.3764661534605,469.1006084761516,775.4770746296122,369.50000000000006
833,123,16,2.4374466425574948,2.7804878048780486,6.577235772357725,10.6219512195122,53.02439024390244,21.863414634146338,27.581280903578755,79.869918699187,34.595396844471395,6.0,6.9,11.0,55.0,73.0,84,0.27223364516410686,1.0,6.100000000000003,9.679999999999989,51.0,0.03358086517825298,76,299.80593703457185,441.3004944572601,741.1064314918319,444.1000000000001
834,112,27,2.6659722531891665,2.8660714285714284,6.583928571428573,10.603035714285719,53.013392857142854,22.684821428571418,15.511938273882944,79.99107142857143,34.595396844471395,6.0,7.0,11.0,55.0,72.0,84,0.27223364516410686,1.0,6.100000000000003,9.679999999999989,51.0,0.3611682258205343,76,298.58889235718664,418.82233339483946,717.4112257520261,528.1000000000001
835,110,23,2.6343956562605295,2.772727272727273,6.587272727272729,10.627454545454547,53.10909090909091,22.976363636363637,16.987805022147164,79.93636363636364,64.2722336451641,6.0,7.0,11.0,55.0,71.0,84,0.28426876737391954,1.0,6.100000000000003,9.679999999999989,51.0,0.3245876857040937,76,289.78352218865825,390.71951550938473,680.503037698043,384.30000000000007
836,112,19,2.438649971816394,2.7410714285714284,6.587500000000001,10.621785714285716,53.111607142857146,22.799107142857146,18.683460984310898,79.99107142857143,32.13611682258205,6.0,7.0,11.0,55.5,70.0,84,0.28426876737391954,1.0,6.100000000000003,9.679999999999989,51.0,0.13707506949567816,76,273.12879684343613,354.98575870190706,628.1145555453431,276.80000000000007
837,113,18,2.238136300293661,2.743362831858407,6.591150442477876,10.635221238938055,53.13716814159292,21.901769911504427,18.739486889498036,80.00884955752213,16.068058411291027,5.0,7.0,11.0,55.5,69.0,84,0.28426876737391954,1.0,6.100000000000003,9.679999999999989,51.0,0.5685375347478391,76,252.9094019331837,337.31076401096465,590.2201659441483,196.30000000000004
838,109,22,2.119496016937003,2.7155963302752295,6.589908256880736,10.645504587155964,53.11009174311926,20.762385321100922,14.974980830324007,80.04587155963303,40.83964290006064,5.0,7.0,11.0,55.5,68.0,84,0.28426876737391954,1.0,6.100000000000003,9.679999999999989,51.0,0.5138500347478391,76,231.02506584613334,329.4495782671282,560.4746441132615,343.80000000000007
839,111,12,3.1172750223267696,2.6396396396396398,6.58018018018018,10.637837837837841,53.07657657657658,20.335135135135133,14.747503532608341,80.09009009009009,67.97889336517825,5.0,7.0,10.879999999999999,55.5,50.0,84,0.28426876737391954,1.0,6.100000000000003,9.679999999999989,51.0,0.5444672903282137,76,346.0175274782714,176.9700423913001,522.9875698695715,173.20000000000005
840,115,16,2.5910217012682986,2.7043478260869565,6.576521739130437,10.619130434782607,53.04782608695652,19.379130434782613,11.036246169256842,80.25217391304348,36.017014602822755,6.0,7.0,10.879999999999999,55.5,49.0,84,0.28426876737391954,1.0,6.100000000000003,9.679999999999989,51.0,0.2510634126764223,76,297.96749564585434,176.57993870810947,474.5474343539638,229.60000000000005
841,125,7,2.7310668453944946,2.704,6.577600000000002,10.59776,53.076,20.017600000000005,13.716786885714246,80.408,49.00425365070569,6.0,7.0,10.94,55.5,37.0,85,0.28426876737391954,1.0,6.100000000000003,9.679999999999989,51.0,0.3245876857040937,76,341.3833556743118,96.01750819999972,437.40086387431154,175.60000000000005
842,125,13,2.492726902467093,2.776,6.572000000000003,10.607840000000001,53.136,18.673600000000008,7.417540668244371,80.472,36.017014602822755,6.0,7.0,10.94,55.5,36.0,85,0.28826820696008226,1.0,6.100000000000003,9.679999999999989,51.0,0.28426876737391954,76,311.5908628083866,96.42802868717682,408.0188914955634,262.20000000000005
843,125,9,2.356491168341298,2.792,6.567200000000001,10.610720000000002,53.116,19.9208,10.340911438487531,80.472,36.017014602822755,6.0,7.0,10.94,55.5,35.0,85,0.2510634126764223,1.0,6.100000000000003,9.679999999999989,51.0,0.6294860982087558,76,294.56139604266224,93.06820294638779,387.62959898905,261.4000000000001
844,120,14,1.9761238137171986,2.8,6.564166666666668,10.620000000000005,53.12083333333333,20.49333333333333,9.665636998468882,80.51666666666667,16.957786730356506,6.0,7.0,10.94,55.5,36.017014602822755,85,0.2510634126764223,1.0,6.100000000000003,9.679999999999989,51.0,0.5230166789627528,76,237.13485764606384,135.31891797856434,372.4537756246282,386.80000000000007
845,121,13,2.1854685905660998,2.8016528925619837,6.554545454545456,10.612231404958681,53.107438016528924,20.900000000000002,6.842506684557943,80.55371900826447,36.02126825352845,6.0,7.0,10.94,55.5,33.0,84,0.2510634126764223,1.0,6.100000000000003,9.679999999999989,51.0,0.04560889544680147,76,264.4416994584981,88.95258689925326,353.39428635775135,237.70000000000005
846,115,12,1.7669254345038736,2.8086956521739133,6.559130434782612,10.605565217391307,53.082608695652176,23.130434782608692,11.545295508690174,80.54782608695652,8.497361670647281,6.0,7.0,10.94,55.5,36.02126825352845,84,0.2510634126764223,1.0,6.100000000000003,9.679999999999989,51.0,0.3828457316461382,76,203.19642496794546,138.5435461042821,341.73997107222755,362.8000000000001
847,110,13,1.7519406353428781,2.772727272727273,6.558181818181821,10.608909090909098,53.10454545454545,25.51727272727272,10.508993680679923,80.68181818181819,15.994723341294563,6.0,7.0,10.94,55.5,35.02126825352845,84,0.2510634126764223,1.0,6.100000000000003,9.679999999999989,51.0,0.05665723624750019,76,192.7134698877166,136.616917848839,329.3303877365556,381.7000000000001
848,100,15,2.1846233776489816,2.71,6.552000000000001,10.593200000000001,53.145,26.595,6.581561363948646,80.72,34.52339507888129,6.0,7.0,10.94,55.5,30.0,84,0.2510634126764223,1.0,6.100000000000003,9.679999999999989,51.5,0.6255317063382111,76,218.46233776489817,98.72342045922969,317.1857582241279,315.6000000000001
849,96,12,2.607321504580618,2.7604166666666665,6.56666666666667,10.573750000000006,53.192708333333336,27.450000000000006,3.8584071269392894,80.79166666666667,34.52339507888129,6.0,7.0,10.94,55.5,29.0,84,0.2510634126764223,1.0,6.100000000000003,9.679999999999989,51.5,0.5021268253528446,76,250.30286443973932,46.300885523271475,296.6037499630108,273.8000000000001
850,94,13,2.391418239098554,2.893617021276596,6.585106382978726,10.567872340425536,53.234042553191486,26.898936170212767,3.4730098640666602,80.96808510638297,29.06217020883091,6.0,7.0,10.94,55.5,28.0,84,0.2510634126764223,1.0,6.0000000000000036,9.679999999999989,51.5,0.008507301411378343,77,224.79331447526408,45.14912823286658,269.94244270813067,277.30000000000007
851,94,7,2.0735441848973797,2.8404255319148937,6.577659574468088,10.558936170212771,53.23936170212766,26.32340425531915,7.321856327259868,80.95744680851064,14.531085104415455,5.0,7.0,10.94,55.5,27.0,84,0.2510634126764223,1.0,6.0000000000000036,9.679999999999989,51.5,0.008507301411378343,77,194.9131533803537,51.252994290819075,246.16614767117278,92.10000000000002
852,95,7,2.046854282417129,2.789473684210526,6.564210526315794,10.554736842105264,53.26842105263158,26.167368421052636,5.347694826930473,81.15789473684211,17.181233967787293,5.0,7.0,10.94,55.5,26.0,85,0.2510634126764223,1.0,6.0000000000000036,9.679999999999989,51.5,0.5021268253528446,77,194.45115682962725,37.433863788513314,231.88502061814057,160.80000000000004
853,94,7,2.120533620338329,2.75531914893617,6.5553191489361735,10.55957446808511,53.255319148936174,26.442553191489367,3.1562633224090795,81.20212765957447,28.632771276103863,5.0,7.0,11.0,55.5,17.181233967787293,85,0.2510634126764223,1.0,5.900000000000004,9.679999999999989,51.5,0.3535571645576728,77,199.33016031180296,22.093843256863558,221.4240035686665,142.90000000000003
854,92,5,2.235873751737005,2.7717391304347827,6.556521739130438,10.55391304347826,53.29891304347826,27.2304347826087,1.437492945615912,81.22826086956522,28.632771276103863,5.0,7.0,11.0,56.0,3.0082416277877018,85,0.2510634126764223,1.0,5.900000000000004,9.679999999999989,51.5,0.2697140240537601,77,205.70038515980445,7.18746472807956,212.88784988788402,165.10000000000005
855,82,15,2.0371485859398173,2.817073170731707,6.562195121951222,10.542682926829265,53.353658536585364,25.534146341463416,2.9302696411566855,81.42682926829268,17.160127332965544,5.0,7.0,11.0,56.0,11.0,85,0.2510634126764223,1.0,5.900000000000004,9.679999999999989,51.5,0.41344696939891207,77,167.04618404706503,43.954044617350284,211.00022866441532,275.2000000000001
856,80,13,1.873555356845865,2.8375,6.561250000000001,10.539499999999999,53.4,25.432499999999997,5.540156846869442,81.5875,9.6393560711317,5.0,7.0,11.0,56.0,31.0,86,0.2510634126764223,1.0,5.900000000000004,9.679999999999989,51.5,0.0782291791843539,77,149.8844285476692,72.02203900930274,221.90646755697193,146.60000000000005
857,79,10,1.9825367980566715,2.8354430379746836,6.572151898734178,10.519999999999996,53.41772151898734,26.801265822784806,6.397773367508521,81.63291139240506,17.222297541796454,5.0,7.0,11.0,56.0,30.0,86,0.2510634126764223,1.0,5.900000000000004,9.679999999999989,51.5,0.0042536507056891715,77,156.62040704647706,63.97773367508521,220.59814072156226,175.20000000000005
858,77,9,1.993546173466216,2.909090909090909,6.581818181818184,10.512207792207787,53.506493506493506,27.176623376623375,5.914685893169281,81.71428571428571,12.494208504099383,5.0,7.0,11.0,56.0,29.0,86,0.28826820696008226,1.0,5.900000000000004,9.679999999999989,51.5,0.2510634126764223,77,153.50305535689864,53.232173038523534,206.73522839542218,188.20000000000005
859,74,12,1.841300645235088,2.9324324324324325,6.574324324324327,10.522432432432428,53.567567567567565,26.240540540540543,4.689117146472918,81.91891891891892,6.2471042520496916,5.0,7.0,11.0,56.0,28.0,86,0.28826820696008226,1.0,5.900000000000004,9.679999999999989,51.5,0.07885609621504042,77,136.25624774739651,56.26940575767501,192.52565350507152,177.00000000000006
860,71,12,1.9878761858367058,2.8450704225352115,6.554929577464792,10.543661971830986,53.62676056338028,25.36056338028169,3.047027284545338,82.12676056338029,28.816385638051933,5.0,7.0,11.0,56.0,8.0,86,0.28826820696008226,1.0,5.900000000000004,9.679999999999989,51.5,0.07885609621504042,77,141.1392091944061,36.56432741454405,177.70353660895017,218.00000000000006
861,72,5,2.024893596062149,2.8333333333333335,6.5388888888888905,10.564999999999998,53.65277777777778,24.412500000000005,2.4317885356586615,82.23611111111111,14.408192819025967,5.0,7.0,11.0,56.0,4.210994587527441,86,0.28826820696008226,1.0,5.900000000000004,9.679999999999989,51.5,1.3311469214260234,77,145.79233891647473,12.158942678293307,157.95128159476803,65.30000000000001
862,70,7,1.8926109376745461,2.8285714285714287,6.527142857142861,10.576571428571427,53.67142857142857,24.084285714285716,1.8287075478470018,82.3,7.204096409512983,5.0,7.0,11.0,56.0,4.509948616562493,86,0.28826820696008226,1.0,5.900000000000004,9.679999999999989,51.5,0.3275570482913617,77,132.48276563721822,12.800952834929014,145.28371847214723,152.70000000000002
863,72,5,1.752497491526154,2.8055555555555554,6.5055555555555555,10.585833333333333,53.74305555555556,23.004166666666666,1.6365675898552237,82.55555555555556,7.204096409512983,5.0,7.0,11.0,56.5,2.2705317870045816,87,0.28826820696008226,1.0,5.900000000000004,9.679999999999989,51.5,0.8268939387978241,77,126.17981938988308,8.182837949276118,134.3626573391592,140.00000000000003
864,72,3,1.6693734852645523,2.8194444444444446,6.490277777777778,10.56916666666667,53.71527777777778,23.50555555555555,2.327641061196552,82.77777777777777,7.204096409512983,5.0,6.9,11.0,56.5,4.34229567205648,87,0.28826820696008226,1.0,5.900000000000004,9.619999999999989,51.0,0.8268939387978241,78,120.19489093904777,6.982923183589657,127.17781412263743,146.10000000000002
865,67,8,1.583354862763019,2.7611940298507465,6.485074626865672,10.583582089552245,53.6865671641791,24.082089552238802,2.203994728477967,82.83582089552239,7.204096409512983,5.0,6.9,11.0,56.5,3.4233189797291383,87,0.28826820696008226,1.0,5.900000000000004,9.619999999999989,51.0,0.6517405254411733,78,106.08477580512228,17.631957827823737,123.71673363294602,203.90000000000003
866,64,6,1.5607110116564489,2.78125,6.482812500000003,10.585624999999999,53.6796875,24.756250000000005,2.5939588084513385,82.84375,5.557270653445772,5.0,6.9,11.0,56.5,7.204096409512983,87,0.3096243139249746,1.0,5.900000000000004,9.619999999999989,51.0,0.28826820696008226,78,99.88550474601273,15.563752850708031,115.44925759672076,131.10000000000002
867,59,7,1.5288409126984763,2.76271186440678,6.471186440677967,10.585084745762712,53.610169491525426,25.11864406779661,2.652865411027021,82.86440677966101,4.586342212924771,5.0,6.9,11.0,56.5,8.00512051189123,87,0.3096243139249746,1.0,5.900000000000004,9.619999999999989,51.0,0.04116558585352248,78,90.2016138492101,18.570057877189146,108.77167172639925,176.90000000000003
868,55,7,1.6109519262934917,2.709090909090909,6.458181818181818,10.567999999999996,53.59090909090909,26.27818181818182,1.9545571937256294,82.96363636363637,7.905632563080353,5.0,6.9,11.0,56.5,2.70981041425291,87,0.3096243139249746,1.0,5.900000000000004,9.619999999999989,51.0,0.7976984222356982,79,88.60235594614204,13.681900356079407,102.28425630222145,203.70000000000005
869,51,8,1.6006958862242266,2.7254901960784315,6.4529411764705875,10.589411764705877,53.666666666666664,26.01764705882353,1.450763015040014,83.13725490196079,4.702611416344853,5.0,6.9,11.0,56.5,2.778635326722886,87,0.3096243139249746,1.0,5.900000000000004,9.619999999999989,51.0,0.26855542145998046,79,81.63549019743556,11.606104120320111,93.24159431775567,110.80000000000003
870,50,2,1.654505346270009,2.76,6.466000000000001,10.581199999999997,53.67,27.526,1.2986368347790718,83.2,4.702611416344853,5.0,6.9,11.0,56.5,1.8163856380519319,87,0.3096243139249746,1.0,5.900000000000004,9.619999999999989,51.0,0.7808880315062114,79,82.72526731350045,2.5972736695581435,85.3225409830586,116.80000000000004
871,47,3,1.6807912000448233,2.723404255319149,6.459574468085108,10.585106382978719,53.6063829787234,28.621276595744682,1.5148221831485689,83.19148936170212,4.702611416344853,5.0,6.9,11.0,56.5,2.6327712761038637,87,0.3096243139249746,1.0,5.900000000000004,9.619999999999989,51.0,0.9081928190259659,79,78.99718640210669,4.544466549445707,83.5416529515524,97.50000000000003
872,45,2,1.652676134549057,2.7111111111111112,6.460000000000001,10.57333333333333,53.544444444444444,29.615555555555556,3.1315170389094424,83.13333333333334,4.702611416344853,5.0,6.9,11.0,56.5,3.657100235010461,87,0.3096243139249746,1.0,5.900000000000004,9.619999999999989,51.0,2.6059338428084233,79,74.37042605470756,6.263034077818885,80.63346013252645,58.20000000000002
873,42,3,1.7175633451383931,2.738095238095238,6.459523809523811,10.552857142857137,53.38095238095238,29.547619047619047,2.165266545571312,82.9047619047619,7.359711651355314,5.0,6.9,11.0,56.5,2.5275453784821096,86,0.3096243139249746,1.0,5.900000000000004,9.619999999999989,51.0,1.5748802769489352,79,72.13766049581251,6.495799636713936,78.63346013252645,39.000000000000014
874,40,3,1.7754894293134893,2.75,6.455000000000003,10.564999999999994,53.3375,30.195,1.5379609866622908,82.875,7.359711651355314,5.0,6.9,11.0,56.5,2.5102410237824575,86,0.3096243139249746,1.0,5.900000000000004,9.619999999999989,51.0,0.5748802769489352,79,71.01957717253957,4.6138829599868725,75.63346013252644,40.800000000000004
875,40,2,1.4815957130845838,2.625,6.450000000000001,10.566499999999994,53.3625,28.872500000000002,5.973026932140042,82.95,3.4866491645525457,5.0,6.9,11.0,56.5,7.359711651355314,86,0.3096243139249746,1.0,5.900000000000004,9.619999999999989,51.0,4.586342212924771,79,59.26382852338335,11.946053864280085,71.20988238766344,27.000000000000004
876,39,2,1.662037442810431,2.6666666666666665,6.464102564102565,10.555384615384611,53.38461538461539,29.874358974358973,2.061726527922366,82.97435897435898,8.336119792125402,5.0,6.9,11.0,56.5,3.5863422129247713,86,0.3096243139249746,1.0,5.900000000000004,9.619999999999989,51.0,0.5371108429199609,79,64.81946026960681,4.123453055844732,68.94291332545154,26.200000000000006
877,36,5,1.5834754218046303,2.5833333333333335,6.461111111111114,10.534999999999995,53.333333333333336,28.60555555555556,1.9058050012853502,83.02777777777777,8.336119792125402,5.0,6.9,11.0,56.0,2.5863422129247713,86,0.3096243139249746,1.0,5.900000000000004,9.619999999999989,51.0,0.9005120511891229,79,57.00511518496669,9.529025006426751,66.53414019139345,52.60000000000001
878,35,2,1.668375326171655,2.5142857142857142,6.45714285714286,10.52171428571428,53.285714285714285,29.511428571428574,1.6202458620981937,83.0,8.336119792125402,5.0,6.9,11.0,56.0,2.1527871927245568,86,0.3096243139249746,1.0,5.900000000000004,9.619999999999989,51.0,1.0877045314718305,79,58.39313641600793,3.2404917241963873,61.633628140204316,26.400000000000006
879,36,3,1.488586847394422,2.5555555555555554,6.450000000000002,10.53833333333333,53.236111111111114,27.23888888888889,1.0071089260196302,83.11111111111111,4.168059896062701,5.0,6.9,11.0,55.5,1.7895482047564915,87,0.29550833708742286,1.0,5.800000000000004,9.619999999999989,51.0,0.08770453147183055,79,53.58912650619919,3.0213267780588904,56.610453284258085,32.80000000000001
880,34,4,1.5078129463829077,2.588235294117647,6.450000000000001,10.548235294117644,53.1764705882353,26.855882352941183,0.814277143941845,83.11764705882354,4.168059896062701,5.0,6.9,11.0,55.5,1.7895482047564915,87,0.29550833708742286,1.0,5.800000000000004,9.619999999999989,51.0,0.14407404183056838,79,51.26564017701887,3.25710857576738,54.52274875278625,13.100000000000003
881,32,5,1.4557958310095644,2.59375,6.450000000000003,10.538749999999995,53.21875,25.04375,12.685541363090724,83.25,3.239262253422548,5.0,6.9,11.0,55.5,59.0,87,0.29550833708742286,1.0,5.800000000000004,9.619999999999989,51.0,0.6856714936730182,79,46.58546659230606,63.42770681545362,110.01317340775968,19.900000000000006
882,32,3,1.479024724205698,2.59375,6.450000000000003,10.538749999999995,53.21875,26.634375000000002,21.403054178249278,83.25,3.239262253422548,5.0,6.9,11.0,55.5,58.0,87,0.29550833708742286,1.0,5.800000000000004,9.619999999999989,51.0,0.20916253474783897,79,47.328791174582335,64.20916253474783,111.53795370933017,19.900000000000006
883,31,4,1.4595084266629352,2.5806451612903225,6.445161290322583,10.527741935483865,53.145161290322584,27.354838709677423,31.521007487007836,83.16129032258064,3.239262253422548,5.0,6.9,11.0,55.5,62.0,87,0.29550833708742286,1.0,5.800000000000004,9.619999999999989,51.0,2.0840299480313504,79,45.24476122655099,126.08402994803134,171.32879117458234,19.900000000000006
884,30,4,1.5785148895423662,2.566666666666667,6.436666666666669,10.519999999999992,53.13333333333333,28.04333333333333,30.99333612207784,83.3,7.167952990084329,5.0,6.9,11.0,55.5,61.0,87,0.29550833708742286,1.0,5.800000000000004,9.619999999999989,51.0,2.9733444883113536,81,47.35544668627099,123.97334448831135,171.32879117458234,19.900000000000006
885,32,4,1.4669992860824903,2.53125,6.453125000000003,10.538749999999999,53.1875,27.165625000000002,40.25,83.375,4.803325829307673,5.0,6.9,11.0,55.5,60.0,87,0.29550833708742286,1.0,5.800000000000004,9.619999999999989,51.0,3.0,81,46.94397715463969,161.0,207.9439771546397,0.0
886,32,5,1.3717091909395722,2.5,6.459375000000003,10.576249999999998,53.296875,26.453125000000004,41.96969031744929,83.53125,3.5839764950421644,5.0,6.9,11.0,55.5,60.84845158724646,87,0.29550833708742286,1.0,5.800000000000004,9.619999999999989,51.0,2.0,81,43.89469411006631,209.84845158724647,253.7431456973128,0.0
887,32,5,3.0279591909395727,2.5,6.459375000000002,10.576249999999998,53.296875,27.421875000000004,30.769690317449296,83.53125,55.71289709524163,5.0,6.9,11.0,55.5,59.84845158724646,87,0.29550833708742286,1.0,5.800000000000004,9.619999999999989,51.0,1.0,81,96.89469411006633,153.84845158724647,250.7431456973128,0.0
888,32,5,4.330489349064995,2.46875,6.468750000000003,10.574374999999998,53.328125,26.765625,32.24785245068451,83.5625,60.31490255133481,4.0,6.9,11.0,55.5,68.0,87,0.29550833708742286,1.0,5.800000000000004,9.619999999999989,51.0,1.0,81,138.57565917007983,161.23926225342257,299.81492142350237,0.0
889,35,4,4.601450437911095,2.5714285714285716,6.480000000000002,10.495999999999995,53.214285714285715,25.300000000000004,49.059815563355635,83.57142857142857,48.59282577242156,5.0,6.9,11.0,55.5,88.0,87,0.29550833708742286,1.0,5.800000000000004,9.619999999999989,51.0,2.239262253422548,81,161.05076532688832,196.23926225342254,357.29002758031083,0.0
890,39,6,3.4225183727762785,2.6666666666666665,6.4846153846153864,10.423076923076918,53.19230769230769,22.282051282051285,34.6933549405181,83.76923076923077,24.29641288621078,5.0,6.9,11.0,55.5,87.0,88,0.29550833708742286,1.0,5.800000000000004,9.619999999999989,51.0,0.9208673896860254,81,133.47821653827486,208.16012964310858,341.63834618138344,6.500000000000002
891,41,9,2.5518292038388597,2.707317073170732,6.495121951219514,10.410243902439017,53.207317073170735,19.795121951219514,31.842864050395683,83.92682926829268,15.078725637833703,5.0,7.0,11.0,55.5,86.0,88,0.29550833708742286,1.0,5.800000000000004,9.619999999999989,50.5,0.23926225342254792,81,104.62499735739324,286.58577645356115,391.2107738109544,19.500000000000007
892,43,11,2.143262744129808,2.6744186046511627,6.509302325581397,10.42651162790697,53.25581395348837,17.76976744186047,33.89566087578802,84.27906976744185,15.078725637833703,5.0,7.0,11.0,56.0,90.0,89,0.29550833708742286,1.0,5.800000000000004,9.559999999999988,50.5,0.7700997704454289,81,92.16029799758174,372.8522696336682,465.0125676312499,26.000000000000007
893,46,10,1.9694280325807727,2.5217391304347827,6.532608695652174,10.42739130434782,53.29347826086956,16.180434782608696,41.34624138905072,84.56521739130434,7.539362818916851,5.0,7.0,11.0,56.0,89.0,90,0.29550833708742286,1.0,5.800000000000004,9.559999999999988,50.5,0.5185258053881738,81,90.59368949871555,413.46241389050715,504.0561033892227,0.0
894,49,10,1.760443770188497,2.510204081632653,6.546938775510204,10.409795918367342,53.285714285714285,14.96938775510204,44.75662515523557,84.81632653061224,7.539362818916851,5.0,7.0,11.0,56.0,88.0,90,0.29550833708742286,1.0,5.800000000000004,9.559999999999988,50.0,0.37963145134704346,81,86.26174473923635,447.56625155235565,533.827996291592,6.800000000000001
895,51,10,1.6483808912887243,2.4705882352941178,6.55294117647059,10.430588235294117,53.35294117647059,16.5921568627451,52.24712101761823,84.92156862745098,7.539362818916851,5.0,7.0,11.0,56.0,87.0,90,0.29550833708742286,1.0,5.800000000000004,9.559999999999988,50.0,0.4712101761823032,81,84.06742545572494,522.4712101761822,606.5386356319071,70.70000000000002
896,51,7,5.757835264937275,2.5098039215686274,6.558823529411765,10.408235294117643,53.31372549019608,19.545098039215688,57.22311086614463,84.98039215686275,67.76438082962774,5.0,7.0,11.0,56.0,99.0,90,0.29550833708742286,1.0,5.800000000000004,9.559999999999988,50.0,1.5617760630124229,81,293.649598511801,400.5617760630124,694.2113745748134,160.00000000000003
897,53,10,6.1127636046816445,2.4150943396226414,6.567924528301888,10.44867924528302,53.320754716981135,20.16792452830189,35.237583941799585,85.09433962264151,83.77059659605078,5.0,7.0,11.06,56.0,98.0,90,0.29550833708742286,1.0,5.800000000000004,9.559999999999988,50.0,0.5617760630124229,81,323.97647104812717,352.37583941799585,676.3523104661231,148.10000000000002
898,60,9,5.637507457605838,2.3666666666666667,6.563333333333334,10.407999999999996,53.175,18.291666666666668,29.118291093838373,85.0,87.48205606845261,5.0,7.0,11.06,56.0,97.0,90,0.29550833708742286,1.0,5.800000000000004,9.559999999999988,50.0,0.5394280481075202,81,338.2504474563503,262.06461984454535,600.3150673008956,163.00000000000003
899,76,8,3.4629922412331524,2.3815789473684212,6.552631578947367,10.401578947368424,53.0921052631579,15.564473684210528,32.231049198114036,84.85526315789474,43.741028034226304,5.0,7.0,11.06,56.0,96.0,90,0.29550833708742286,1.0,5.800000000000004,9.559999999999988,50.0,2.060540779403849,81,263.1874103337196,257.8483935849123,521.0358039186319,103.30000000000001
900,91,10,3.6114533051681104,2.4175824175824174,6.540659340659344,10.373626373626369,52.972527472527474,12.403296703296704,16.898457943971177,84.6923076923077,97.03332571455697,5.0,7.0,11.06,56.0,79.0,90,0.29550833708742286,1.0,5.800000000000004,9.559999999999988,50.0,0.37963145134704346,81,328.64225077029806,168.98457943971178,497.62683021000987,95.4
901,110,9,2.7747334243766306,2.390909090909091,6.543636363636364,10.335090909090907,52.872727272727275,10.580909090909092,17.02838805680839,84.67272727272727,97.03332571455697,5.0,7.0,11.06,56.0,78.0,90,0.25416571431962137,1.0,5.800000000000004,9.559999999999988,50.0,0.2973267049699404,81,305.2206766814294,153.2554925112755,458.4761691927049,89.60000000000002
902,118,9,2.2415962747974145,2.4237288135593222,6.532203389830509,10.30694915254237,52.80084745762712,10.832203389830509,23.691065808183524,84.72881355932203,48.51666285727848,5.0,7.0,11.06,56.0,77.0,90,0.25416571431962137,1.0,5.800000000000004,9.559999999999988,50.0,0.3243316762424851,81,264.5083604260949,213.2195922736517,477.7279526997466,145.50000000000003
903,120,11,1.9342243538233308,2.4,6.526666666666667,10.304,52.74166666666667,12.42083333333333,24.615982417756527,84.69166666666666,24.25833142863924,5.0,7.0,11.06,55.5,76.0,90,0.25416571431962137,1.0,5.800000000000004,9.559999999999988,50.0,0.5910166741748457,81,232.1069224587997,270.7758065953218,502.88272905412146,402.2000000000001
904,126,7,1.9308491761003432,2.4126984126984126,6.519047619047619,10.311904761904765,52.72222222222222,15.33174603174603,33.21359092218034,84.6984126984127,26.295508337087423,5.0,7.0,11.06,55.5,75.0,90,0.25416571431962137,1.0,5.800000000000004,9.559999999999988,50.0,0.26470461261573336,81,243.28699618864326,232.49513645526235,475.7821326439056,395.6000000000001
905,130,9,1.6253500551412416,2.3846153846153846,6.507692307692306,10.350615384615383,52.74230769230769,16.696923076923078,27.039289750840634,84.79230769230769,13.147754168543711,5.0,7.0,11.06,55.5,74.0,90,0.25416571431962137,1.0,5.700000000000005,9.559999999999988,50.0,1.366907126069572,81,211.2955071683614,243.3536077575657,454.6491149259271,421.6000000000001
906,126,14,1.629109380043777,2.4444444444444446,6.486507936507935,10.38285714285714,52.76190476190476,17.097619047619048,16.92391282235124,84.76984126984127,7.201442756417432,5.0,7.0,11.06,55.5,73.0,90,0.25416571431962137,1.0,5.600000000000005,9.559999999999988,50.0,0.3243316762424851,81,205.26778188551592,236.93477951291737,442.2025613984333,338.7000000000001
907,125,12,2.0435064559288225,2.384,6.459199999999999,10.41584,52.776,17.066399999999998,14.177988192642296,84.776,73.74349963273504,5.0,7.0,11.06,55.5,60.0,90,0.25416571431962137,1.0,5.600000000000005,9.559999999999988,50.0,0.7592629026940869,82,255.43830699110282,170.13585831170755,425.57416530281034,280.70000000000005
908,125,13,1.8213945913368579,2.384,6.452000000000001,10.387040000000004,52.744,16.546400000000006,12.426543091658866,84.792,36.87174981636752,5.0,6.9,11.06,55.5,59.0,90,0.26470461261573336,1.0,5.600000000000005,9.559999999999988,50.0,0.25416571431962137,82,227.67432391710724,161.54506019156526,389.2193841086725,273.2000000000001
909,128,6,2.127812722217827,2.4609375,6.454687500000001,10.371875000000003,52.71484375,16.50234375,14.413110694973765,84.8046875,58.82173463553398,5.0,6.800000000000001,11.06,55.5,51.0,90,0.26470461261573336,1.0,5.600000000000005,9.499999999999988,49.5,0.4711689399525389,82,272.36002844388184,86.47866416984259,358.83869261372445,168.10000000000005
910,124,11,2.2108774259313897,2.370967741935484,6.422580645161292,10.404354838709681,52.71774193548387,16.064516129032263,4.888049929335409,84.85483870967742,51.060874908183756,5.0,6.800000000000001,11.0,55.5,31.0,90,0.26470461261573336,1.0,5.500000000000005,9.499999999999988,49.5,0.37963145134704346,82,274.14880081549234,53.7685492226895,327.91735003818184,293.2000000000001
911,128,8,1.9453392473119837,2.3671875,6.407031250000001,10.4253125,52.7578125,17.082812500000003,4.9083563245406685,84.9296875,25.530437454091878,5.0,6.800000000000001,11.0,55.5,30.0,90,0.26470461261573336,1.0,5.500000000000005,9.499999999999988,49.5,0.28806054544037124,82,249.00342365593391,39.26685059632535,288.27027425225924,242.8000000000001
912,132,7,1.7134016390972822,2.3863636363636362,6.398484848484851,10.425909090909093,52.78409090909091,17.67954545454546,5.240948022959617,85.0,12.765218727045939,5.0,6.800000000000001,11.0,55.5,29.0,90,0.26470461261573336,1.0,5.500000000000005,9.499999999999988,49.5,0.4102378191427295,82,226.16901636084125,36.68663616071732,262.85565252155857,335.2000000000001
913,135,6,1.588691420479611,2.4074074074074074,6.38888888888889,10.42355555555556,52.80740740740741,19.573333333333345,5.295152833546943,85.0,7.352716829441747,5.0,6.800000000000001,10.94,55.5,28.0,88,0.26470461261573336,1.0,5.500000000000005,9.499999999999988,49.5,0.33025974142662745,82,214.4733417647475,31.77091700128166,246.24425876602913,427.6000000000002
914,133,8,1.4715355179876792,2.398496240601504,6.39624060150376,10.420751879699253,52.838345864661655,21.152631578947375,5.151622200666745,85.05263157894737,7.352716829441747,5.0,6.800000000000001,10.94,55.5,27.0,88,0.26470461261573336,1.0,5.500000000000005,9.499999999999988,49.5,1.0166628572784855,82,195.71422389236133,41.21297760533396,236.9272014976953,476.7000000000002
915,129,7,1.686931822006825,2.4031007751937983,6.394573643410853,10.417209302325587,52.848837209302324,23.12403100775194,1.402540823464862,85.06201550387597,29.676358414720873,5.0,6.800000000000001,10.94,55.5,2.321147220801455,88,0.26470461261573336,1.0,5.500000000000005,9.499999999999988,49.5,0.8717498163675169,82,217.6142050388804,9.817785764254033,227.43199080313445,390.8000000000001
916,125,8,1.628235383006665,2.44,6.4,10.429280000000006,52.844,24.533600000000007,1.8601055266438433,85.056,29.676358414720873,5.0,6.800000000000001,10.94,55.5,7.755732646842035,88,0.26470461261573336,1.0,5.600000000000005,9.499999999999988,49.5,0.15224218176148496,82,203.52942287583312,14.880844213150747,218.41026708898386,315.0000000000001
917,114,11,1.7074054152429914,2.3947368421052633,6.4,10.404736842105264,52.82017543859649,24.71491228070177,1.6081134473670706,85.14912280701755,29.676358414720873,5.0,6.800000000000001,10.94,55.5,2.617831143626587,88,0.26470461261573336,1.0,5.600000000000005,9.499999999999988,49.5,1.0166628572784855,82,194.644217337701,17.689247921037776,212.33346525873878,270.8000000000001
918,111,9,1.7007497997008656,2.4054054054054053,6.397297297297299,10.416216216216217,52.833333333333336,26.81891891891893,1.2463593239961974,85.16216216216216,29.676358414720873,5.0,6.800000000000001,10.94,55.5,2.221160736828378,88,0.26470461261573336,1.0,5.600000000000005,9.499999999999988,49.5,0.5761210908807425,82,188.78322776679607,11.217233915965776,200.00046168276185,276.60000000000014
919,110,4,1.6742330678130508,2.418181818181818,6.401818181818181,10.41581818181818,52.84090909090909,29.16272727272728,1.0606216851784596,85.17272727272727,29.676358414720873,5.0,6.800000000000001,10.94,55.5,2.1850898179266824,88,0.26470461261573336,1.0,5.600000000000005,9.499999999999988,49.5,0.6178311436265869,82,184.1656374594356,4.242486740713838,188.40812420014944,243.4000000000001
920,104,11,1.6064076680354353,2.4615384615384617,6.399038461538461,10.391923076923076,52.90865384615385,28.472115384615396,1.271274496071303,85.17307692307692,29.676358414720873,6.0,6.800000000000001,10.94,55.5,2.032291428579905,88,0.26470461261573336,1.0,5.600000000000005,9.499999999999988,50.5,0.5249942859177282,82,167.06639747568528,13.984019456784331,181.0504169324696,280.3000000000001
921,94,13,1.6419853006288077,2.478723404255319,6.411702127659573,10.367446808510635,52.90425531914894,29.074468085106396,1.2702263463900385,85.20212765957447,29.676358414720873,6.0,6.800000000000001,10.94,55.5,2.594653409939881,88,0.26470461261573336,1.0,5.600000000000005,9.499999999999988,50.5,0.03229142857990519,82,154.3466182591079,16.5129425030705,170.8595607621784,239.90000000000012
922,90,13,1.5460474269988267,2.4555555555555557,6.4177777777777765,10.335333333333331,52.894444444444446,28.44555555555557,0.926968886204129,85.26666666666667,14.838179207360437,6.0,6.800000000000001,10.94,55.5,2.0705132724502673,88,0.26470461261573336,1.0,5.600000000000005,9.499999999999988,50.5,0.03229142857990519,82,139.1442684298944,12.050595520653676,151.19486395054807,144.10000000000005
923,92,2,1.452053515539972,2.4782608695652173,6.408695652173912,10.347826086956518,52.90217391304348,29.661956521739135,1.0611277643638555,85.34782608695652,7.419089603680218,6.0,6.800000000000001,10.94,55.5,1.2840763213672741,89,0.26470461261573336,1.0,5.600000000000005,9.499999999999988,50.5,0.8381792073604368,82,133.58892342967744,2.122255528727711,135.71117895840516,142.00000000000006
924,82,11,1.3937124338984554,2.5,6.396341463414634,10.350975609756098,52.91463414634146,29.7939024390244,1.612164342768304,85.46341463414635,3.709544801840109,6.0,6.800000000000001,10.94,55.5,3.5651000001483437,89,0.26470461261573336,1.0,5.600000000000005,9.499999999999988,50.5,0.5294092252314667,82,114.28441957967334,17.733807770451342,132.01822735012468,256.0000000000001
925,77,8,1.4147946359948527,2.5454545454545454,6.394805194805195,10.353246753246752,52.9025974025974,30.42337662337663,1.5631808815989592,85.41558441558442,3.7356622872531737,6.0,6.800000000000001,10.94,55.5,3.0097601829584812,89,0.26470461261573336,1.0,5.600000000000005,9.499999999999988,50.5,0.3243316762424851,82,108.93918697160366,12.505447052791673,121.44463402439533,167.20000000000005
926,76,5,1.3927594424827823,2.5657894736842106,6.388157894736842,10.379473684210522,52.901315789473685,29.632894736842104,1.268034681199022,85.42105263157895,3.709544801840109,6.0,6.800000000000001,10.94,55.5,2.117636900925867,89,0.26470461261573336,1.0,5.600000000000005,9.499999999999988,50.5,0.775180344552179,82,105.84971762869145,6.34017340599511,112.18989103468655,58.000000000000014
927,72,5,1.3805661574720003,2.5833333333333335,6.380555555555554,10.399166666666664,52.861111111111114,29.637500000000003,1.448727184708161,85.40277777777777,3.709544801840109,6.0,6.800000000000001,10.94,55.5,2.733814252139144,89,0.28041459530310636,1.0,5.600000000000005,9.499999999999988,50.5,0.26470461261573336,82,99.40076333798402,7.243635923540805,106.64439926152482,89.70000000000003
928,67,7,1.3827990380381343,2.5970149253731343,6.386567164179104,10.380298507462683,52.843283582089555,29.040298507462687,1.3125451621638373,85.38805970149254,3.709544801840109,6.0,6.800000000000001,10.94,55.5,3.709544801840109,89,0.28041459530310636,1.0,5.600000000000005,9.499999999999988,50.5,0.2573017326851812,82,92.647535548555,9.18781613514686,101.83535168370186,88.40000000000003
929,64,5,1.3530947641924715,2.578125,6.378125000000001,10.367187499999998,52.8515625,29.179687500000004,1.8729802097542905,85.453125,6.419089603680218,6.0,6.800000000000001,10.94,55.5,3.1913046817614847,89,0.28041459530310636,1.0,5.600000000000005,9.499999999999988,50.5,0.3989130852201856,82,86.59806490831818,9.364901048771452,95.96296595708964,71.30000000000003
930,60,7,1.3249572957090474,2.6166666666666667,6.376666666666666,10.376999999999994,52.825,28.651666666666674,1.430571846006487,85.51666666666667,3.709544801840109,5.0,6.800000000000001,10.94,55.5,3.05604274521331,89,0.28041459530310636,1.0,5.800000000000004,9.559999999999988,50.5,0.5608291906062127,82,79.49743774254284,10.014002922045409,89.51144066458825,77.20000000000002
931,60,2,1.339680119105877,2.6666666666666665,6.378333333333333,10.389999999999995,52.791666666666664,29.63333333333334,1.0095663131774053,85.5,3.709544801840109,5.0,6.800000000000001,10.94,55.5,1.1913046817614847,89,0.28041459530310636,1.0,5.800000000000004,9.559999999999988,50.5,0.8278279445933256,82,80.38080714635261,2.0191326263548106,82.39993977270743,56.700000000000024
932,60,3,1.300994811548365,2.7,6.38,10.373999999999995,52.766666666666666,30.453333333333333,0.44182417989707257,85.53333333333333,3.709544801840109,5.0,6.800000000000001,10.94,55.5,0.8717498163675169,89,0.28041459530310636,1.0,5.800000000000004,9.559999999999988,50.5,0.19130468176148474,82,78.0596886929019,1.3254725396912177,79.38516123259312,55.60000000000002
933,59,1,1.315300268043406,2.7288135593220337,6.376271186440678,10.382711864406776,52.771186440677965,31.36271186440679,0.4569728783409387,85.54237288135593,3.709544801840109,5.0,6.800000000000001,10.94,55.5,0.4569728783409387,89,0.28041459530310636,1.0,5.800000000000004,9.559999999999988,50.5,0.4569728783409387,82,77.60271581456095,0.4569728783409387,78.05968869290189,17.70000000000001
934,56,3,1.3110070679601795,2.732142857142857,6.357142857142857,10.361428571428567,52.732142857142854,32.17142857142858,1.3954400029303013,85.625,3.709544801840109,5.0,6.800000000000001,10.879999999999999,54.5,1.844172208038427,89,0.28041459530310636,1.0,5.800000000000004,9.559999999999988,50.5,1.0332322289391842,83,73.41639580577005,4.186320008790904,77.60271581456095,71.10000000000002
935,54,3,1.3305139683249054,2.759259259259259,6.362962962962964,10.361111111111105,52.74074074074074,32.707407407407416,0.9183205083386886,85.61111111111111,3.709544801840109,5.0,6.800000000000001,10.879999999999999,54.5,1.3267359302014072,89,0.28041459530310636,1.0,5.800000000000004,9.559999999999988,50.5,0.30891557181329343,83,71.8477542895449,2.754961525016066,74.60271581456097,17.70000000000001
936,51,4,1.3420835882512583,2.784313725490196,6.35294117647059,10.39294117647058,52.745098039215684,33.2921568627451,13.461884310483374,85.62745098039215,3.709544801840109,5.0,6.800000000000001,10.879999999999999,54.5,50.0,89,0.3243316762424851,1.0,5.800000000000004,9.559999999999988,50.5,0.9106427340091877,83,68.44626300081417,53.847537241933495,122.29380024274766,45.100000000000016
937,47,7,1.3128527933048026,2.74468085106383,6.3617021276595755,10.39234042553191,52.734042553191486,33.289361702127664,16.382725174773253,85.63829787234043,3.709544801840109,5.0,6.800000000000001,10.879999999999999,54.5,58.0,89,0.3243316762424851,1.0,5.800000000000004,9.619999999999989,50.5,0.08782940000677364,83,61.70408128532572,114.67907622341278,176.3831575087385,30.500000000000014
938,47,7,1.264760771890779,2.702127659574468,6.35744680851064,10.416595744680844,52.734042553191486,33.5404255319149,17.232673471810095,85.68085106382979,3.709544801840109,5.0,6.800000000000001,10.879999999999999,54.5,57.0,89,0.3243316762424851,1.0,5.800000000000004,9.619999999999989,50.5,0.7572688110406554,83,59.44375627886661,120.62871430267067,180.0724705815373,17.500000000000014
939,44,8,1.2851001747027324,2.659090909090909,6.379545454545457,10.389090909090903,52.69318181818182,33.8909090909091,24.47134926044705,85.5909090909091,3.709544801840109,5.0,6.800000000000001,10.879999999999999,54.5,79.0,89,0.3243316762424851,1.0,5.800000000000004,9.619999999999989,50.5,0.6779223498813473,83,56.54440768692022,195.7707940835764,252.31520177049663,38.20000000000002
940,43,8,2.318819238942406,2.6744186046511627,6.376744186046514,10.36511627906976,52.73255813953488,34.104651162790695,27.703118132838227,85.62790697674419,46.663367965100704,5.0,6.800000000000001,10.879999999999999,54.5,78.0,89,0.3243316762424851,1.0,5.800000000000004,9.619999999999989,50.5,0.4507163761052331,83,99.70922727452344,221.62494506270582,321.33417233722923,38.80000000000001
941,41,8,2.077799343740913,2.707317073170732,6.38536585365854,10.33414634146341,52.71951219512195,33.70487804878049,38.288792341894414,85.63414634146342,23.331683982550352,5.0,6.800000000000001,10.879999999999999,54.5,89.0,89,0.3243316762424851,1.0,5.800000000000004,9.619999999999989,50.5,0.3422520727907148,83,85.18977309337743,306.3103387351553,391.50011182853274,45.40000000000001
942,40,10,1.7906488156173352,2.6,6.415000000000002,10.332499999999992,52.7625,31.6125,38.37825256375921,85.725,11.665841991275176,5.0,6.800000000000001,10.879999999999999,54.5,88.0,89,0.3243316762424851,1.0,5.800000000000004,9.619999999999989,51.0,0.5956523408807424,83,71.62595262469341,383.78252563759213,455.40847826228554,0.0
943,41,12,1.490979301312583,2.6097560975609757,6.419512195121953,10.30487804878048,52.76829268292683,29.7609756097561,33.59338653729139,85.92682926829268,5.832920995637588,5.0,6.800000000000001,10.879999999999999,54.5,87.0,89,0.3243316762424851,1.0,5.800000000000004,9.619999999999989,51.0,0.07354738958686502,83,61.130151353815904,403.1206384474966,464.2507898013125,26.10000000000001
944,42,10,2.5641999298041815,2.5714285714285716,6.426190476190477,10.272857142857136,52.67857142857143,28.083333333333332,38.274463211274536,86.04761904761905,51.79782617044037,5.0,6.800000000000001,10.879999999999999,54.5,86.0,89,0.3243316762424851,1.0,5.800000000000004,9.619999999999989,51.0,0.458230248909397,83,107.69639705177563,382.74463211274536,490.441029164521,32.60000000000001
945,41,11,4.2878273901498964,2.5853658536585367,6.4195121951219525,10.304878048780479,52.71951219512195,27.27560975609756,30.401009630307236,86.1951219512195,86.31618294181281,5.0,6.800000000000001,10.879999999999999,54.5,77.0,89,0.3243316762424851,1.0,5.800000000000004,9.619999999999989,51.0,0.5416571431962138,83,175.80092299614574,334.4111059333796,510.21202892952533,58.90000000000001
946,43,11,3.283018212621103,2.5813953488372094,6.430232558139537,10.312093023255807,52.73255813953488,28.095348837209304,34.54762265487933,86.25581395348837,43.158091470906406,5.0,6.800000000000001,10.879999999999999,54.5,76.0,89,0.3243316762424851,1.0,5.800000000000004,9.619999999999989,51.0,0.36455756222734925,83,141.16978314270744,380.0238492036727,521.1936323463801,110.80000000000003
947,45,11,3.7097797671004895,2.577777777777778,6.42888888888889,10.297333333333327,52.71111111111111,26.49555555555556,30.226103777100843,86.37777777777778,55.70954480184011,5.0,6.800000000000001,10.879999999999999,54.5,75.0,89,0.3243316762424851,1.0,5.800000000000004,9.559999999999988,51.0,0.6071505255045135,83,166.94008951952202,332.48714154810926,499.4272310676313,58.80000000000001
948,49,13,2.6492216330311518,2.6122448979591835,6.428571428571427,10.277551020408156,52.6530612244898,22.500000000000004,32.14319879035487,86.59183673469387,27.854772400920055,5.0,6.800000000000001,10.879999999999999,54.5,89.0,89,0.3243316762424851,1.0,5.800000000000004,9.499999999999988,51.0,1.3934785113211134,83,129.81186001852643,417.86158427461334,547.6734442931397,91.40000000000002
949,53,15,2.342243889702324,2.7358490566037736,6.392452830188678,10.208679245283014,52.443396226415096,18.815094339622643,26.866455755851778,86.83018867924528,20.854772400920055,5.0,6.700000000000001,10.879999999999999,54.5,88.0,90,0.3243316762424851,1.0,5.800000000000004,9.439999999999987,51.0,0.39347851132111344,83,124.13892615422318,402.99683633777664,527.1357624919998,91.20000000000002
950,62,12,1.8175197106080552,2.7096774193548385,6.367741935483871,10.244193548387091,52.483870967741936,16.696774193548393,42.23933938951707,87.12903225806451,10.427386200460028,5.0,6.700000000000001,10.94,54.5,92.0,90,0.3243316762424851,1.0,5.800000000000004,9.439999999999987,51.0,0.4046705169565654,83,112.68622205769942,506.87207267420484,619.5582947319043,0.0
951,68,10,3.459320659818407,2.7058823529411766,6.332352941176471,10.291470588235292,52.49264705882353,15.564705882352943,42.27700682994353,87.33823529411765,67.85870107862414,5.0,6.700000000000001,11.0,54.5,91.0,91,0.3243316762424851,1.0,5.700000000000005,9.439999999999987,51.0,0.7700682994352837,83,235.23380486765168,422.7700682994353,658.003873167087,32.20000000000001
952,70,13,2.8319714880742555,2.7,6.307142857142858,10.333999999999998,52.5,14.89571428571429,32.48279121687995,87.62857142857143,33.92935053931207,5.0,6.700000000000001,11.0,54.5,90.0,92,0.3243316762424851,1.0,5.700000000000005,9.439999999999987,51.0,0.7730299335743156,83,198.23800416519788,422.2762858194394,620.5142899846373,147.80000000000004
953,74,8,3.996070969905565,2.675675675675676,6.31891891891892,10.315675675675676,52.513513513513516,15.732432432432432,35.62464963924259,87.66216216216216,84.80934103391313,5.0,6.700000000000001,11.0,54.5,89.0,92,0.3243316762424851,1.0,5.700000000000005,9.379999999999987,51.0,0.21022282805267345,83,295.70925177301183,284.99719711394073,580.7064488869526,118.40000000000005
954,83,7,3.026411939564151,2.6265060240963853,6.333734939759037,10.299518072289157,52.506024096385545,16.937349397590364,44.0,87.6867469879518,42.404670516956564,5.0,6.700000000000001,11.0,54.5,88.0,92,0.3243316762424851,1.0,5.700000000000005,9.379999999999987,51.0,6.0,83,251.19219098382453,308.0,559.1921909838245,176.60000000000008
955,87,14,2.380542946822554,2.586206896551724,6.366666666666669,10.311724137931034,52.50574712643678,14.565517241379313,22.784388513098953,87.77011494252874,21.202335258478282,5.0,6.700000000000001,11.0,54.5,87.0,92,0.3243316762424851,1.0,5.700000000000005,9.379999999999987,51.0,0.6743451792329126,83,207.1072363735622,318.98143918338536,526.0886755569476,215.7000000000001
956,93,10,2.4549650303740895,2.5376344086021505,6.366666666666667,10.327096774193546,52.58064516129032,14.712903225806459,35.79176716224488,87.90322580645162,25.683425269656034,5.0,6.700000000000001,11.0,54.5,86.0,92,0.26507305108837553,1.0,5.700000000000005,9.319999999999986,51.0,0.26507305108837553,83,228.31174782479033,357.91767162244884,586.2294194472391,87.40000000000003
957,95,15,2.141369129516168,2.4947368421052634,6.365263157894735,10.355157894736843,52.642105263157895,14.64842105263158,25.911817874985008,88.15789473684211,21.202335258478282,5.0,6.800000000000001,11.0,54.5,85.0,92,0.26507305108837553,1.0,5.700000000000005,9.319999999999986,51.0,0.3243316762424851,83,203.430067304036,388.67726812477514,592.1073354288111,268.5000000000001
958,96,12,3.399206491177892,2.40625,6.377083333333332,10.366249999999999,52.739583333333336,15.541666666666671,20.148168160721976,88.32291666666667,85.7409232750575,5.0,6.800000000000001,11.0,55.0,84.0,92,0.26507305108837553,1.0,5.700000000000005,9.319999999999986,51.0,0.3576570549211076,84,326.3238231530776,241.7780179286637,568.1018410817413,235.80000000000007
959,97,13,2.7102802724198445,2.3917525773195876,6.394845360824741,10.35422680412371,52.7680412371134,16.781443298969076,19.623702393079586,88.34020618556701,42.87046163752875,5.0,6.800000000000001,11.0,55.0,83.0,92,0.26507305108837553,1.0,5.600000000000005,9.319999999999986,51.0,0.33128648841372316,84,262.8971864247249,255.10813111003463,518.0053175347596,332.9000000000001
960,103,11,2.31085044801541,2.436893203883495,6.3912621359223305,10.364466019417476,52.83009708737864,17.143689320388354,21.06119227002385,88.54368932038835,21.435230818764374,5.0,6.800000000000001,11.0,55.0,82.0,92,0.26507305108837553,1.0,5.500000000000005,9.319999999999986,51.0,0.6186820678262617,85,238.01759614558722,231.67311497026233,469.6907111158496,338.80000000000007
961,108,10,1.9423216071965246,2.3981481481481484,6.371296296296297,10.367777777777778,52.91203703703704,17.42685185185186,22.780918126240916,88.8425925925926,10.717615409382187,5.0,6.800000000000001,11.0,55.0,81.0,93,0.26507305108837553,1.0,5.500000000000005,9.319999999999986,51.0,0.5761210908807425,85,209.77073357722466,227.80918126240917,437.57991483963383,313.8000000000001
962,110,13,1.5662899354596298,2.4272727272727272,6.348181818181819,10.363999999999999,52.91818181818182,17.563636363636366,18.670353073502522,89.05454545454545,5.358807704691094,5.0,6.800000000000001,11.0,55.0,80.0,93,0.26507305108837553,1.0,5.500000000000005,9.319999999999986,51.0,0.6625729768274463,85,172.29189290055928,242.71458995553277,415.006482856092,381.2000000000001
963,109,11,1.866703673406227,2.385321100917431,6.352293577981652,10.369724770642202,52.94954128440367,18.78256880733945,17.779118480198804,89.12844036697248,24.99173944647666,5.0,6.800000000000001,11.0,55.0,79.0,93,0.26507305108837553,1.0,5.500000000000005,9.319999999999986,50.5,0.2733525847828271,85,203.47070040127875,195.57030328218684,399.0410036834656,298.9000000000001
964,109,12,1.6510882141574081,2.376146788990826,6.342201834862386,10.410458715596324,53.022935779816514,19.178899082568808,16.50170966119933,89.23853211009174,12.49586972323833,5.0,6.800000000000001,11.0,55.0,78.0,93,0.26507305108837553,1.0,5.500000000000005,9.319999999999986,50.5,0.7409232750575034,85,179.9686153431575,198.020515934392,377.9891312775495,348.9000000000001
965,106,12,1.6210509831491646,2.4150943396226414,6.333018867924527,10.408490566037733,52.97641509433962,19.58867924528302,15.5662455402814,89.27358490566037,11.111125643936887,5.0,6.9,11.0,55.0,77.0,93,0.26507305108837553,1.0,5.500000000000005,9.319999999999986,50.5,0.5301461021767511,85,171.83140421381145,186.7949464833768,358.6263506971883,291.30000000000007
966,103,10,1.596013881570704,2.4757281553398056,6.327184466019418,10.429126213592232,52.97572815533981,21.222330097087383,18.02530027690711,89.28155339805825,11.111125643936887,5.0,6.9,11.0,55.0,76.0,93,0.26507305108837553,1.0,5.500000000000005,9.319999999999986,50.5,0.33128648841372316,85,164.3894298017825,180.25300276907112,344.64243257085366,297.60000000000014
967,100,12,1.5294636518884088,2.5,6.325000000000002,10.418600000000001,52.99,21.45,15.090351651727191,89.37,11.111125643936887,5.0,6.9,11.0,55.0,75.0,93,0.26507305108837553,1.0,5.500000000000005,9.319999999999986,50.5,0.5301461021767511,85,152.94636518884087,181.0842198207263,334.0305850095672,267.30000000000007
968,92,13,2.485082360348842,2.4782608695652173,6.317391304347827,10.459347826086958,53.08152173913044,22.192391304347826,7.065355394791827,89.33695652173913,75.7409232750575,5.0,6.9,11.0,55.0,54.0,93,0.26507305108837553,1.0,5.500000000000005,9.319999999999986,50.5,0.20929314740411442,85,228.6275771520935,91.84962013229375,320.4771972843872,314.3000000000001
969,92,8,2.2283675028160816,2.5869565217391304,6.3,10.465217391304348,53.07608695652174,23.95543478260869,9.883870888945344,89.43478260869566,37.87046163752875,6.0,6.9,11.0,55.0,53.0,93,0.26507305108837553,1.0,5.500000000000005,9.319999999999986,50.5,0.26507305108837553,85,205.00981025907953,79.07096711156275,284.0807773706423,240.4000000000001
970,87,14,1.9734426568442394,2.6436781609195403,6.279310344827586,10.509655172413796,53.14367816091954,25.19425287356322,6.347769172612344,89.5632183908046,18.935230818764374,6.0,6.9,11.0,55.0,52.0,93,0.26507305108837553,1.0,5.500000000000005,9.319999999999986,50.5,0.16493877805555934,85,171.68951114544882,88.86876841657282,260.55827956202165,428.8000000000002
971,87,11,1.8531441292965065,2.7241379310344827,6.259770114942528,10.511034482758623,53.166666666666664,25.350574712643674,6.862741045100665,89.75862068965517,9.467615409382187,6.0,6.9,11.0,55.0,51.0,93,0.26507305108837553,1.0,5.500000000000005,9.319999999999986,50.5,0.14431967450476724,85,161.22353924879607,75.49015149610732,236.71369074490337,283.10000000000014
972,87,7,1.7331333535193,2.7241379310344827,6.252873563218391,10.49586206896552,53.10919540229885,27.32758620689655,10.158245409346708,89.75862068965517,5.1674627407715965,6.0,6.9,11.0,55.0,50.0,93,0.26507305108837553,1.0,5.500000000000005,9.319999999999986,50.5,0.3229664212982248,85,150.7826017561791,71.10771786542696,221.89031962160607,263.60000000000014
973,77,12,1.7900785783454363,2.7662337662337664,6.244155844155845,10.481818181818182,53.064935064935064,28.305194805194805,6.522280194773411,89.83116883116882,5.1674627407715965,6.0,6.9,11.0,55.0,49.0,93,0.28910811051715396,1.0,5.500000000000005,9.319999999999986,50.5,0.26507305108837553,85,137.8360505325986,78.26736233728093,216.10341286987952,307.5000000000001
974,70,13,1.8015911025539464,2.8,6.235714285714288,10.492571428571427,53.07857142857143,29.052857142857153,6.08571578084587,89.81428571428572,5.1674627407715965,6.0,6.9,10.94,55.0,48.0,93,0.28910811051715396,1.0,5.500000000000005,9.319999999999986,50.5,0.36644336899543667,85,126.11137717877625,79.11430515099632,205.22568232977255,237.70000000000013
975,62,17,1.8075381360885259,2.935483870967742,6.220967741935485,10.523870967741933,53.11290322580645,27.41935483870968,4.64500701785828,89.83870967741936,4.733807704691094,6.0,6.9,10.94,55.0,47.0,93,0.28910811051715396,1.0,5.500000000000005,9.379999999999987,50.5,0.5301461021767511,85,112.0673644374886,78.96511930359075,191.03248374107937,167.70000000000007
976,54,16,1.9171961478895303,3.037037037037037,6.188888888888891,10.521111111111107,53.01851851851852,27.009259259259263,4.506505094272471,89.74074074074075,5.907871009612203,6.0,6.9,10.94,54.5,46.0,93,0.28910811051715396,1.0,5.500000000000005,9.379999999999987,50.5,0.06029220435350213,85,103.52859198603464,72.10408150835954,175.63267349439417,154.40000000000006
977,49,11,1.8597849893378566,3.163265306122449,6.212244897959187,10.550612244897955,52.94897959183673,25.981632653061233,6.561930207563979,89.53061224489795,4.733807704691094,6.0,6.9,10.94,54.5,45.0,93,0.28910811051715396,1.0,5.500000000000005,9.379999999999987,50.5,0.8289425513570473,85,91.12946447755498,72.18123228320377,163.31069676075873,118.70000000000007
978,43,10,2.128357374109013,3.186046511627907,6.2046511627907,10.573023255813949,52.96511627906977,24.27209302325582,6.096238712271415,89.5813953488372,11.366903852345548,6.0,6.9,10.94,54.5,44.0,93,0.28910811051715396,1.0,5.500000000000005,9.379999999999987,51.0,0.2918656851928991,85,91.51936708668755,60.96238712271415,152.48175420940169,54.70000000000003
979,45,5,2.0758468623067587,3.2222222222222223,6.2133333333333365,10.579999999999995,52.98888888888889,24.831111111111113,9.284716679080375,89.66666666666667,8.467615409382187,6.0,6.9,10.94,54.5,43.0,93,0.28910811051715396,1.0,5.500000000000005,9.379999999999987,51.0,0.3397019261727734,85,93.41310880380414,46.42358339540188,139.83669219920603,32.70000000000001
980,44,3,2.0573919272995345,3.340909090909091,6.184090909090912,10.582727272727269,52.96590909090909,24.545454545454547,14.476044892005062,89.75,5.683451926172774,6.0,6.9,10.94,54.5,42.0,93,0.28910811051715396,1.0,5.500000000000005,9.379999999999987,51.0,0.6255276363384314,85,90.52524480117953,43.42813467601518,133.95337947719472,39.80000000000001
981,44,1,2.0573919272995345,3.340909090909091,6.184090909090913,10.582727272727269,52.96590909090909,27.072727272727274,41.0,89.75,5.683451926172774,6.0,6.9,10.94,54.5,41.0,93,0.28910811051715396,1.0,5.500000000000005,9.379999999999987,51.0,41.0,85,90.52524480117953,41.0,131.52524480117953,68.20000000000003
982,43,2,2.0299594249674398,3.3255813953488373,6.1953488372093055,10.578604651162786,52.94186046511628,29.62558139534884,21.6184947637898,89.74418604651163,5.683451926172774,6.0,6.9,10.94,54.5,40.0,93,0.28910811051715396,1.0,5.500000000000005,9.379999999999987,51.0,3.236989527579602,85,87.28825527359992,43.2369895275796,130.52524480117953,95.00000000000003
983,40,5,2.0452247731094118,3.325,6.172500000000003,10.560499999999996,52.9375,30.95,9.343250775360612,89.925,5.683451926172774,6.0,6.9,10.94,54.5,39.0,93,0.28910811051715396,1.0,5.500000000000005,9.379999999999987,51.0,1.5619837154047913,85,81.80899092437647,46.71625387680306,128.52524480117953,94.30000000000004
984,36,6,2.0709288430249586,3.3333333333333335,6.16666666666667,10.54333333333333,52.93055555555556,31.02777777777778,8.161967742046834,90.05555555555556,5.683451926172774,6.0,6.9,10.94,54.5,38.0,93,0.28910811051715396,1.0,5.500000000000005,9.379999999999987,51.0,0.33986276993199305,86,74.55343834889851,48.971806452281,123.52524480117951,54.90000000000003
985,35,4,3.1125708881721077,3.2857142857142856,6.185714285714288,10.528571428571427,52.885714285714286,31.257142857142856,2.2035991144148745,90.02857142857142,37.65190897265527,6.0,6.9,10.94,54.5,2.679403852345547,93,0.28910811051715396,1.0,5.600000000000005,9.379999999999987,51.0,1.9234332965585716,86,108.93998108602376,8.814396457659498,117.75437754368326,54.90000000000003
986,35,3,2.8821885332443204,3.4285714285714284,6.157142857142858,10.531999999999995,52.91428571428571,30.42571428571429,0.7019520410793093,90.11428571428571,18.825954486327635,6.0,6.800000000000001,10.94,54.5,0.9896743080958275,94,0.28910811051715396,1.0,5.600000000000005,9.379999999999987,51.0,0.40130351983837553,86,100.87659866355122,2.105856123237928,102.98245478678915,48.60000000000002
987,33,4,2.7483683057569444,3.4545454545454546,6.121212121212124,10.516363636363634,52.84848484848485,28.639393939393948,1.1804895432966953,90.3030303030303,9.412977243163818,6.0,6.800000000000001,10.94,54.5,2.841725963086387,94,0.36455756222734925,1.0,5.600000000000005,9.379999999999987,50.5,0.28910811051715396,86,90.69615408997916,4.721958173186781,95.41811226316594,69.40000000000003
988,34,1,2.574251237791786,3.2941176470588234,6.088235294117649,10.518235294117643,52.94117647058823,27.64705882352942,1.4834715019583848,90.61764705882354,9.412977243163818,6.0,6.800000000000001,10.94,54.5,1.4834715019583848,95,0.36455756222734925,1.0,5.600000000000005,9.379999999999987,50.5,1.4834715019583848,86,87.52454208492072,1.4834715019583848,89.00801358687912,17.500000000000014
989,37,2,2.1793073212175478,3.2162162162162162,6.043243243243246,10.558918918918915,53.08108108108108,23.672972972972982,1.5411797176228266,91.13513513513513,9.412977243163818,6.0,6.800000000000001,10.94,54.5,2.3532443107909544,96,0.2941555388488693,1.0,5.600000000000005,9.379999999999987,50.5,0.7291151244546985,86,80.63437088504926,3.082359435245653,83.71673032029491,17.500000000000014
990,39,1,2.0524630719833725,3.1538461538461537,6.030769230769234,10.563076923076919,53.12820512820513,23.907692307692315,1.3532443107909544,91.33333333333333,9.412977243163818,6.0,6.800000000000001,10.94,54.5,1.3532443107909544,96,0.2941555388488693,1.0,5.600000000000005,9.379999999999987,50.5,1.3532443107909544,86,80.04605980735153,1.3532443107909544,81.39930411814248,23.500000000000014
991,37,2,2.045741538784658,3.1621621621621623,6.043243243243246,10.557297297297293,53.08108108108108,24.15675675675676,2.3534335915550777,91.27027027027027,9.412977243163818,6.0,6.800000000000001,10.94,54.5,3.4030492377996113,96,0.2941555388488693,1.0,5.600000000000005,9.379999999999987,50.5,1.303817945310544,86,75.69243693503233,4.706867183110155,80.39930411814248,40.90000000000003
992,37,2,1.9582290548149255,3.081081081081081,6.0378378378378414,10.557297297297293,53.0945945945946,24.610810810810815,1.7957923895996422,91.37837837837837,5.683451926172774,6.0,6.800000000000001,10.94,54.5,3.2877668338887402,96,0.2941555388488693,1.0,5.600000000000005,9.379999999999987,50.5,0.30381794531054407,86,72.45447502815225,3.5915847791992843,76.04605980735153,34.800000000000026
993,37,1,1.8762195426933008,3.0,6.0378378378378414,10.554054054054049,53.12162162162162,24.92432432432433,4.733807704691094,91.48648648648648,5.683451926172774,6.0,6.800000000000001,10.94,54.5,4.733807704691094,96,0.2941555388488693,1.0,5.600000000000005,9.379999999999987,50.5,4.733807704691094,86,69.42012307965213,4.733807704691094,74.15393078434322,29.100000000000023
994,37,1,1.8762195426933008,3.0,6.0378378378378414,10.554054054054049,53.12162162162162,26.9972972972973,3.7338077046910936,91.48648648648648,5.683451926172774,6.0,6.800000000000001,10.94,54.5,3.7338077046910936,96,0.2941555388488693,1.0,5.600000000000005,9.379999999999987,50.5,3.7338077046910936,86,69.42012307965213,3.7338077046910936,73.15393078434322,40.70000000000003
995,38,1,1.7958816032699123,2.9473684210526314,6.034210526315793,10.559473684210522,53.171052631578945,28.61578947368422,2.7338077046910936,91.57894736842105,5.683451926172774,6.0,6.800000000000001,10.94,55.0,2.7338077046910936,96,0.2941555388488693,1.0,5.600000000000005,9.379999999999987,50.5,2.7338077046910936,86,68.24350092425667,2.7338077046910936,70.97730862894775,52.500000000000036
996,39,2,1.7121211084618544,2.8974358974358974,6.030769230769233,10.566153846153842,53.217948717948715,30.141025641025646,1.161059391194416,91.6923076923077,5.683451926172774,6.0,6.800000000000001,10.94,55.0,1.7338077046910936,96,0.2941555388488693,1.0,5.600000000000005,9.379999999999987,50.5,0.5883110776977386,86,66.77272323001232,2.322118782388832,69.09484201240114,52.10000000000004
997,37,3,1.6782730020166716,2.864864864864865,6.040540540540543,10.557297297297293,53.17567567567568,31.14054054054055,24.47014328669552,91.64864864864865,5.683451926172774,6.0,6.800000000000001,10.94,55.0,68.0,96,0.2941555388488693,1.0,5.600000000000005,9.379999999999987,50.5,1.1766221553954772,86,62.09610107461685,73.41042986008657,135.50653093470342,51.90000000000004
998,35,4,1.811834979982825,2.942857142857143,6.045714285714288,10.583428571428566,53.214285714285715,33.25714285714287,36.523076658826135,91.6,5.683451926172774,6.0,6.800000000000001,10.94,55.0,77.0,96,0.2941555388488693,1.0,5.600000000000005,9.379999999999987,50.5,0.5883110776977386,86,63.414224299398875,146.09230663530454,209.50653093470342,81.10000000000007
999,33,6,1.6242381259251548,2.9393939393939394,6.021212121212123,10.569090909090905,53.196969696969695,32.95454545454546,25.1530306353694,91.63636363636364,5.683451926172774,6.0,6.700000000000001,10.94,55.0,76.0,96,0.2941555388488693,1.0,5.600000000000005,9.379999999999987,50.5,0.5039955576068023,86,53.59985815553011,150.9181838122164,204.5180419677465,58.100000000000044
1000,29,7,4.431442581276133,3.1724137931034484,6.027586206896554,10.575862068965515,53.1551724137931,32.396551724137936,10.071744507590266,91.41379310344827,75.82894255135704,6.0,6.700000000000001,10.94,55.0,65.0,96,0.2941555388488693,1.0,5.600000000000005,9.379999999999987,50.5,0.2941555388488693,86,128.51183485700784,70.50221155313186,199.0140464101397,47.20000000000003
1001,28,6,3.1515072362912804,3.142857142857143,6.042857142857145,10.567142857142855,53.125,34.228571428571435,29.69115224407121,91.46428571428571,37.91447127567852,6.0,6.700000000000001,10.94,55.0,92.0,96,0.2941555388488693,1.0,5.600000000000005,9.379999999999987,50.5,0.004240238121272277,86,88.24220261615585,178.14691346442726,266.3891160805831,45.60000000000004
1002,26,8,2.7698171925462356,3.1153846153846154,6.069230769230772,10.533846153846149,53.07692307692308,32.4923076923077,25.132591799255856,91.5,18.95723563783926,6.0,6.700000000000001,10.94,55.0,91.0,96,0.2941555388488693,1.0,5.700000000000005,9.379999999999987,50.5,0.9009514677957224,86,72.01524700620213,201.06073439404685,273.07598140024896,28.400000000000023
1003,26,6,5.576026676389721,3.1153846153846154,6.07692307692308,10.51538461538461,53.01923076923077,31.376923076923084,26.514895497021786,91.65384615384616,64.71789102746055,6.0,6.700000000000001,10.94,55.0,90.0,96,0.2941555388488693,1.0,5.700000000000005,9.379999999999987,50.5,0.3551609651734746,86,144.97669358613274,159.08937298213073,304.06606656826347,0.0
1004,30,7,3.834329535244282,3.0,6.110000000000003,10.41399999999999,52.78333333333333,26.06666666666667,22.907833922944743,91.86666666666666,32.358945513730276,6.0,6.700000000000001,10.94,55.0,89.0,96,0.2941555388488693,1.0,5.700000000000005,9.379999999999987,50.0,1.1848272273649538,86,115.02988605732847,160.3548374606132,275.38472351794167,0.0
1005,35,8,2.8604108544108584,3.0285714285714285,6.148571428571433,10.307428571428561,52.5,21.362857142857145,25.231079652617968,91.88571428571429,16.179472756865138,6.0,6.700000000000001,10.94,55.0,88.0,96,0.29620680684123846,1.0,5.700000000000005,9.319999999999986,50.0,0.18482722736495383,86,100.11437990438004,201.84863722094374,301.9630171253238,0.0
1006,41,7,2.0988049915008227,3.097560975609756,6.146341463414639,10.277073170731699,52.3780487804878,17.88536585365854,36.81215678747619,92.04878048780488,8.089736378432569,7.0,6.700000000000001,10.94,55.0,87.0,96,0.29620680684123846,1.0,5.700000000000005,9.319999999999986,50.0,0.29620680684123846,86,86.05100465153373,257.68509751233336,343.7361021638671,17.500000000000014
1007,45,6,1.7980887363022975,3.1555555555555554,6.140000000000002,10.29066666666666,52.388888888888886,17.10888888888889,43.166666666666664,92.04444444444445,6.072342631664885,7.0,6.700000000000001,10.94,55.0,86.0,96,0.29620680684123846,1.0,5.700000000000005,9.319999999999986,50.0,8.0,86,80.91399313360338,259.0,339.9139931336034,6.600000000000001
1008,48,7,1.6302100066194705,3.2083333333333335,6.147916666666668,10.261249999999992,52.333333333333336,18.14791666666667,44.285714285714285,92.10416666666667,4.733807704691094,7.0,6.700000000000001,10.94,55.0,85.0,96,0.29620680684123846,1.0,5.700000000000005,9.319999999999986,50.0,7.0,86,78.25008031773459,310.0,388.2500803177346,63.200000000000024
1009,48,7,1.9702645696386447,3.1458333333333335,6.143750000000002,10.233749999999992,52.302083333333336,20.122916666666672,47.30342391868708,92.25,16.022434094608144,7.0,6.700000000000001,10.94,55.0,84.0,96,0.29620680684123846,1.0,5.700000000000005,9.319999999999986,50.0,3.1239674308095826,86,94.57269934265494,331.12396743080956,425.6966667734645,105.40000000000005
1010,48,9,1.7677368950776169,3.125,6.152083333333336,10.208749999999991,52.239583333333336,19.14583333333334,36.40099114292632,92.33333333333333,8.011217047304072,7.0,6.700000000000001,10.94,55.0,83.0,96,0.29620680684123846,1.0,5.700000000000005,9.319999999999986,50.0,1.1848272273649538,86,84.85137096372561,327.6089202863369,412.46029125006254,74.70000000000003
1011,51,7,3.1413508281835703,3.1176470588235294,6.150980392156862,10.184705882352933,52.21568627450981,18.96274509803922,44.43120394005867,92.54901960784314,48.733807704691095,7.0,6.700000000000001,10.94,55.0,82.0,96,0.29620680684123846,1.0,5.700000000000005,9.319999999999986,50.0,0.973559391194416,86,160.20889223736208,311.01842758041073,471.2273198177728,68.70000000000003
1012,52,6,3.727672258911439,3.1923076923076925,6.1615384615384645,10.188846153846146,52.19230769230769,19.725000000000005,42.43138517961629,92.4423076923077,53.29620680684124,7.0,6.700000000000001,10.94,54.5,81.0,96,0.29620680684123846,1.0,5.700000000000005,9.319999999999986,50.0,0.5883110776977386,86,193.83895746339482,254.58831107769774,448.42726854109253,69.40000000000003
1013,58,5,3.7133207371200343,3.2586206896551726,6.170689655172414,10.213793103448271,52.241379310344826,20.41034482758621,54.0,92.41379310344827,53.58831107769774,7.0,6.800000000000001,10.94,54.5,80.0,96,0.29620680684123846,1.0,5.700000000000005,9.319999999999986,50.0,5.0,86,215.372602752962,270.0,485.372602752962,112.10000000000005
1014,64,10,2.760017908983114,3.453125,6.168749999999999,10.265937499999994,52.3359375,18.476562500000004,35.54266919586796,92.40625,26.79415553884887,7.0,6.800000000000001,10.94,54.5,87.0,96,0.4095883465168802,1.0,5.700000000000005,9.319999999999986,50.0,0.29620680684123846,86,176.6411461749193,355.4266919586796,532.0678381335989,167.20000000000007
1015,71,11,2.0546149234099818,3.3098591549295775,6.201408450704223,10.219154929577458,52.38028169014085,17.132394366197186,32.29296266032992,92.61971830985915,13.397077769424435,7.0,6.9,10.94,54.5,86.0,96,0.4095883465168802,1.0,5.700000000000005,9.319999999999986,50.0,0.3532443107909544,86,145.8776595621087,355.2225892636291,501.1002488257378,151.9000000000001
1016,77,10,1.7689660734007961,3.103896103896104,6.198701298701297,10.185714285714282,52.38961038961039,16.37922077922078,39.93729668228604,92.8961038961039,6.698538884712217,7.0,6.9,10.94,54.5,85.0,97,0.30134499872853426,1.0,5.700000000000005,9.319999999999986,50.0,1.002804261826018,86,136.2103876518613,399.3729668228604,535.5833544747218,98.20000000000005
1017,75,18,1.5903782301531726,3.08,6.163999999999998,10.22399999999999,52.50666666666667,14.634666666666671,22.35490447236161,93.2,4.539705343264198,7.0,6.9,10.819999999999999,54.5,84.0,98,0.30134499872853426,1.0,5.700000000000005,9.319999999999986,50.0,0.35894551373027705,89,119.27836726148794,402.388280502509,521.6666477639969,106.80000000000004
1018,72,12,1.4873846372289885,2.9583333333333335,6.176388888888887,10.204166666666659,52.49305555555556,14.80277777777778,40.174864243456646,93.27777777777777,4.146401525417724,7.0,6.9,10.819999999999999,54.5,84.0,98,0.30134499872853426,1.0,5.700000000000005,9.319999999999986,50.0,0.4186586802945136,89,107.09169388048717,482.0983709214798,589.190064801967,67.20000000000003
1019,70,12,1.5783939442469392,2.857142857142857,6.197142857142857,10.201142857142852,52.542857142857144,16.22428571428572,39.39009500224414,93.24285714285715,8.169578370640307,7.0,6.9,10.819999999999999,54.5,83.0,98,0.30134499872853426,1.0,5.700000000000005,9.319999999999986,50.0,1.0112170473040711,89,110.48757609728574,472.68114002692965,583.1687161242154,213.90000000000012
1020,64,18,3.900040310499061,2.984375,6.201562499999999,10.19562499999999,52.5,14.595312500000004,18.703841825055807,93.203125,81.89508461180674,7.0,6.9,10.819999999999999,54.5,82.0,98,0.30134499872853426,1.0,5.700000000000005,9.319999999999986,50.0,0.011217047304071137,90,249.6025798719399,336.6691528510045,586.2717327229444,185.50000000000009
1021,65,11,3.592771150381461,3.0307692307692307,6.183076923076923,10.227384615384604,52.54615384615385,16.05692307692308,28.88570061459327,93.27692307692308,81.89508461180674,7.0,6.9,10.879999999999999,54.5,81.0,98,0.30134499872853426,1.0,5.600000000000005,9.319999999999986,50.0,0.018227701869116153,90,233.53012477479496,317.74270676052595,551.2728315353208,112.80000000000004
1022,66,6,5.550215821872738,3.0303030303030303,6.162121212121213,10.2590909090909,52.60606060606061,17.16818181818182,33.30545887189282,93.4090909090909,81.89508461180674,7.0,6.9,10.879999999999999,54.5,80.0,99,0.30134499872853426,1.0,5.500000000000005,9.319999999999986,50.0,0.8327532313568944,90,366.31424424360074,199.8327532313569,566.1469974749576,85.60000000000005
1023,74,7,4.435045743516446,3.1486486486486487,6.131081081081081,10.315675675675669,52.71621621621622,15.737837837837843,39.0498956346223,93.70270270270271,81.89508461180674,7.0,6.9,10.94,54.5,93.0,100,0.30134499872853426,1.0,5.500000000000005,9.319999999999986,50.0,0.4186586802945136,90,328.193385020217,273.3492694423561,601.5426544625732,91.90000000000005
1024,82,9,3.535984909371576,3.292682926829268,6.1,10.386829268292676,52.859756097560975,14.840243902439028,35.922525178875794,93.90243902439025,81.89508461180674,7.0,6.9,10.94,55.0,92.0,100,0.30134499872853426,1.0,5.500000000000005,9.319999999999986,50.0,0.4186586802945136,90,289.9507625684692,323.30272660988214,613.2534891783514,94.80000000000004
1025,86,12,3.419309676896248,3.395348837209302,6.088372093023259,10.487209302325578,53.06395348837209,13.57906976744186,24.323837364086856,93.86046511627907,81.89508461180674,8.0,6.9,10.94,55.0,91.0,100,0.30134499872853426,1.0,5.500000000000005,9.319999999999986,50.0,0.29165431590512014,90,294.0606322130773,291.88604836904227,585.9466805821196,216.10000000000014
1026,87,5,4.237259711222845,3.310344827586207,6.104597701149428,10.48482758620689,53.10919540229885,15.964367816091954,40.962381597626305,93.83908045977012,81.89508461180674,8.0,6.9,10.94,55.0,90.0,100,0.30134499872853426,1.0,5.500000000000005,9.319999999999986,50.0,0.6655064627137888,90,368.6415948763875,204.8119079881315,573.453502864519,202.80000000000015
1027,89,6,2.951655921331745,3.337078651685393,6.116853932584272,10.47078651685393,53.10112359550562,17.41910112359551,47.02386032703734,93.80898876404494,39.3807328726929,8.0,6.9,10.94,55.0,89.0,100,0.30134499872853426,1.0,5.500000000000005,9.319999999999986,50.0,0.8373173605890272,90,262.69737699852527,282.14316196222404,544.8405389607493,252.20000000000016
1028,88,7,3.3556074055209493,3.3863636363636362,6.119318181818183,10.47840909090909,53.14772727272727,18.636363636363644,32.76347959930145,93.79545454545455,51.80008406242053,8.0,6.9,10.94,55.0,88.0,100,0.30134499872853426,1.0,5.500000000000005,9.319999999999986,50.0,0.8327532313568944,90,295.29345168584354,229.34435719511015,524.6378088809537,171.0000000000001
1029,90,5,3.042554204052181,3.411111111111111,6.124444444444445,10.481333333333332,53.205555555555556,20.00000000000001,44.55463103120202,93.88888888888889,39.3807328726929,8.0,6.9,10.94,55.5,87.0,100,0.30134499872853426,1.0,5.500000000000005,9.319999999999986,50.0,0.8373173605890272,90,273.8298783646963,222.7731551560101,496.6030335207064,192.90000000000015
1030,85,9,3.9109958917859076,3.364705882352941,6.157647058823531,10.474117647058822,53.258823529411764,19.772941176470596,16.784486473401294,93.75294117647059,79.60718960036354,8.0,6.9,10.94,55.5,86.0,99,0.30134499872853426,1.0,5.500000000000005,9.319999999999986,50.0,1.166791167518407,90,332.43465080180215,151.06037826061166,483.4950290624138,275.20000000000016
1031,84,5,4.299322421570506,3.357142857142857,6.170238095238095,10.469999999999997,53.29761904761905,21.358333333333338,19.26894599886368,93.75,79.60718960036354,8.0,6.9,10.94,55.5,85.0,99,0.30134499872853426,1.0,5.500000000000005,9.319999999999986,50.0,1.006058564645138,90,361.1430834119225,96.3447299943184,457.4878134062409,201.9000000000001
1032,87,7,3.67628443149536,3.5057471264367814,6.145977011494254,10.526206896551722,53.39655172413793,21.888505747126445,15.22313553521788,93.89655172413794,79.60718960036354,9.0,6.9,10.94,55.5,84.0,100,0.30134499872853426,1.0,5.500000000000005,9.319999999999986,50.0,0.8191766930337604,90,319.83674554009633,106.56194874652516,426.3986942866215,275.7000000000001
1033,92,5,3.3070713875749114,3.510869565217391,6.135869565217392,10.533695652173911,53.47826086956522,22.188043478260877,19.472298558154424,94.15217391304348,79.60718960036354,9.0,6.9,10.94,55.5,83.0,101,0.30134499872853426,1.0,5.500000000000005,9.319999999999986,50.0,2.6806147089448213,90,304.25056765689186,97.36149279077212,401.61206044766396,228.9000000000001
1034,90,7,3.3331802955872876,3.533333333333333,6.131111111111112,10.515333333333333,53.40555555555556,23.483333333333345,13.140346045737614,94.21111111111111,79.60718960036354,9.0,6.9,10.94,55.5,82.0,101,0.30134499872853426,1.0,5.500000000000005,9.259999999999986,50.0,0.4421470781858501,90,299.9862266028559,91.9824223201633,391.96864892301915,281.8000000000001
1035,92,6,2.6255573484075545,3.391304347826087,6.159782608695653,10.499130434782607,53.46739130434783,23.682608695652185,19.34179177248641,94.33695652173913,39.80359480018177,9.0,6.9,10.94,56.0,81.0,101,0.30134499872853426,1.0,5.500000000000005,9.259999999999986,50.0,2.1903664363464497,90,241.55127605349503,116.05075063491846,357.6020266884135,212.10000000000014
1036,87,12,2.726597854338411,3.425287356321839,6.185057471264371,10.499310344827586,53.50574712643678,24.620689655172423,9.368653651061082,94.17241379310344,39.80359480018177,9.0,6.9,10.94,56.5,80.0,101,0.30134499872853426,1.0,5.500000000000005,9.259999999999986,50.0,0.4046881567376604,90,237.21401332744176,112.423843812733,349.6378571401748,295.50000000000017
1037,82,10,2.946477965841683,3.4634146341463414,6.176829268292685,10.496585365853653,53.451219512195124,26.548780487804894,9.532584860932563,94.20731707317073,57.705392200272655,9.0,6.9,10.94,56.5,79.0,101,0.30134499872853426,1.0,5.500000000000005,9.259999999999986,50.0,0.19036643634644967,90,241.611193199018,95.32584860932563,336.9370418083436,313.50000000000017
1038,77,8,3.7149222685445538,3.4935064935064934,6.166233766233766,10.5051948051948,53.48701298701299,27.88181818181819,3.3077420413153846,94.27272727272727,79.85458880861076,9.0,6.9,10.94,56.5,10.971177266005535,101,0.30134499872853426,1.0,5.500000000000005,9.259999999999986,50.0,0.4002521872616003,90,286.04901467793064,26.461936330523077,312.51095100845373,249.90000000000012
1039,74,9,3.2407936698975846,3.4324324324324325,6.18918918918919,10.506216216216211,53.50675675675676,27.766216216216232,3.9984521923343177,94.24324324324324,39.92729440430538,9.0,6.9,10.94,56.5,14.426348050068164,101,0.30134499872853426,1.0,5.500000000000005,9.259999999999986,50.0,0.738240771635037,90,239.81873157242126,35.98606973100886,275.8048013034301,247.30000000000013
1040,71,13,3.140503671882125,3.464788732394366,6.13380281690141,10.524225352112667,53.45070422535211,26.756338028169026,1.5388925924716779,94.63380281690141,19.96364720215269,9.0,6.9,10.94,56.5,2.890019900897242,101,0.30134499872853426,1.0,5.500000000000005,9.259999999999986,50.0,0.30134499872853426,90,222.97576070363087,20.00560370213181,242.9813644057627,241.2000000000001
1041,76,9,2.578351457550368,3.3684210526315788,6.13684210526316,10.523947368421048,53.4671052631579,25.105263157894747,1.7475666299004966,94.77631578947368,9.981823601076345,9.0,6.9,10.94,56.5,4.157683218173225,101,0.47615738766388954,1.0,5.500000000000005,9.259999999999986,50.0,0.6001681248410669,90,195.95471077382797,15.72809966910447,211.68281044293244,192.60000000000008
1042,83,4,2.244610069990201,3.4096385542168677,6.125301204819279,10.535180722891564,53.37951807228916,24.431325301204826,1.4332038381251584,94.81927710843374,10.04253841930905,9.0,6.9,10.94,56.0,3.757259511881308,101,0.3490092185189403,1.0,5.500000000000005,9.259999999999986,50.0,0.2761596262467637,90,186.30263580918668,5.732815352500634,192.03545116168732,170.40000000000006
1043,75,13,2.017062305018989,3.546666666666667,6.085333333333336,10.559999999999997,53.406666666666666,22.228000000000012,2.4444257089612753,95.01333333333334,6.884855201135826,9.0,6.9,10.94,56.0,6.884855201135826,101,0.3490092185189403,1.0,5.500000000000005,9.259999999999986,50.0,0.8093763134753208,90,151.27967287642417,31.77753421649658,183.05720709292075,247.80000000000013
1044,74,5,2.1342417901244155,3.527027027027027,6.105405405405409,10.547567567567564,53.391891891891895,22.443243243243252,1.8235190981065101,94.9054054054054,9.327282801703738,9.0,6.9,10.879999999999999,56.0,4.29887712257474,101,0.3490092185189403,1.0,5.500000000000005,9.259999999999986,50.0,0.10682708854016632,90,157.93389246920674,9.117595490532551,167.0514879597393,154.4000000000001
1045,71,8,1.9470529012616862,3.4788732394366195,6.118309859154932,10.545352112676053,53.436619718309856,22.549295774647895,2.4526145819124805,94.85915492957747,8.368690918125962,8.0,6.9,10.879999999999999,56.0,5.021269209654525,101,0.3490092185189403,1.0,5.500000000000005,9.259999999999986,50.0,0.8965563793760238,90,138.24075598957972,19.620916655299844,157.86167264487958,207.1000000000001
1046,71,6,1.847793308923912,3.352112676056338,6.1140845070422545,10.537746478873236,53.40845070422535,22.159154929577475,2.4646610240638,94.91549295774648,6.366133675002162,8.0,6.9,10.879999999999999,56.0,6.884855201135826,101,0.27351382777841043,1.0,5.500000000000005,9.259999999999986,50.0,0.27996574943138275,90,131.19332493359775,14.787966144382798,145.98129107798056,135.20000000000007
1047,68,5,1.7717563321750949,3.3823529411764706,6.111764705882356,10.534999999999995,53.36029411764706,23.442647058823532,3.814175986078235,94.95588235294117,6.96128910317341,8.0,6.9,10.879999999999999,56.0,5.884855201135826,101,0.27351382777841043,1.0,5.500000000000005,9.259999999999986,50.0,2.495455900269086,91,120.47943058790645,19.070879930391175,139.55031051829764,199.90000000000012
1048,63,5,1.9055382311019098,3.365079365079365,6.095238095238099,10.5295238095238,53.285714285714285,24.815873015873017,2.9002803917754574,94.92063492063492,9.069200660198806,8.0,6.9,10.879999999999999,56.0,6.96128910317341,101,0.27351382777841043,1.0,5.500000000000005,9.259999999999986,50.0,1.247727950134543,91,120.04890855942031,14.501401958877286,134.5503105182976,195.0000000000001
1049,59,7,1.7151695423360025,3.288135593220339,6.096610169491529,10.522033898305077,53.23728813559322,24.238983050847466,3.614466505347097,95.01694915254237,8.471923708000674,8.0,6.9,10.879999999999999,55.5,9.069200660198806,101,0.27351382777841043,1.0,5.500000000000005,9.259999999999986,50.0,0.6026899974570685,91,101.19500299782415,25.30126553742968,126.49626853525382,211.00000000000009
1050,58,1,2.030945355301412,3.310344827586207,6.101724137931038,10.519999999999992,53.224137931034484,27.7344827586207,2.2893716168395413,94.93103448275862,10.40102136062474,8.0,6.9,10.879999999999999,55.5,2.2893716168395413,101,0.27351382777841043,1.0,5.500000000000005,9.259999999999986,50.0,2.2893716168395413,91,117.7948306074819,2.2893716168395413,120.08420222432144,177.10000000000008
1051,55,4,2.026868701650988,3.381818181818182,6.103636363636366,10.5210909090909,53.17272727272727,30.37272727272728,1.617548639902574,94.85454545454546,10.40102136062474,8.0,6.9,10.879999999999999,55.5,2.5441210263760765,101,0.27351382777841043,1.0,5.500000000000005,9.259999999999986,50.0,0.5985588633002767,91,111.47777859080433,6.470194559610296,117.94797315041463,254.80000000000013
1052,50,6,1.8682529226525961,3.28,6.108000000000003,10.507999999999988,53.1,30.284000000000013,3.440688781528007,94.82,8.471923708000674,8.0,6.9,10.879999999999999,55.5,10.40102136062474,101,0.27351382777841043,1.0,5.600000000000005,9.259999999999986,50.0,0.7598339581265431,91,93.4126461326298,20.644132689168043,114.05677882179785,145.60000000000008
1053,46,6,1.9792779673268661,3.1739130434782608,6.110869565217393,10.488695652173904,53.04347826086956,31.891304347826097,2.87502639443924,94.71739130434783,11.259999278573183,7.0,6.9,10.819999999999999,55.5,8.471923708000674,101,0.27351382777841043,1.0,5.600000000000005,9.259999999999986,50.0,0.5002334390970131,91,91.04678649703584,17.25015836663544,108.29694486367129,139.70000000000007
1054,46,7,1.8986586634817337,3.3260869565217392,6.073913043478264,10.491304347826079,53.04347826086956,32.22391304347827,1.5981456491782746,94.8913043478261,9.812231062473085,7.0,6.700000000000001,10.819999999999999,55.5,5.9253184759669395,101,0.27351382777841043,1.0,5.600000000000005,9.259999999999986,50.0,0.39844078368830194,91,87.33829852015975,11.187019544247923,98.52531806440767,86.40000000000003
1055,41,7,1.988237775949376,3.341463414634146,6.0780487804878085,10.477560975609748,53.048780487804876,30.626829268292685,1.3896229859978353,94.8780487804878,5.675435195515446,7.0,6.700000000000001,10.819999999999999,55.5,3.183066837501081,101,0.27351382777841043,1.0,5.700000000000005,9.259999999999986,50.0,0.4482781896880119,91,81.51774881392441,9.727360901984847,91.24510971590927,73.50000000000004
1056,38,7,1.853419410297077,3.3947368421052633,6.0684210526315825,10.523157894736833,53.223684210526315,30.72105263157895,1.9500304445565708,95.02631578947368,5.675435195515446,7.0,6.700000000000001,10.819999999999999,55.5,5.348711301132262,101,0.27351382777841043,1.0,5.700000000000005,9.259999999999986,50.5,0.5915334187505406,91,70.42993759128892,13.650213111895996,84.08015070318491,86.20000000000005
1057,34,8,1.7429753315138854,3.4705882352941178,6.064705882352946,10.516470588235286,53.1764705882353,30.511764705882356,2.2843926547043116,94.8529411764706,3.7179558358968823,7.0,6.700000000000001,10.819999999999999,55.5,5.675435195515446,100,0.27351382777841043,1.0,5.700000000000005,9.259999999999986,50.5,0.10682708854016632,91,59.261161271472105,18.275141237634493,77.5363025091066,60.900000000000034
1058,32,4,1.9259156331893166,3.375,6.075000000000003,10.50874999999999,53.1875,31.4875,2.436297468699828,94.90625,7.492267283484564,7.0,6.700000000000001,10.819999999999999,55.5,3.7179558358968823,100,0.27351382777841043,1.0,5.700000000000005,9.259999999999986,50.5,0.1830668375010811,91,61.62930026205813,9.745189874799312,71.37449013685745,43.10000000000002
1059,27,7,1.963378342316399,3.5555555555555554,6.077777777777779,10.515555555555547,53.148148148148145,28.26296296296297,1.9698393693087557,94.74074074074075,5.532955655540178,7.0,6.800000000000001,10.819999999999999,55.5,7.492267283484564,100,0.27351382777841043,1.0,5.700000000000005,9.259999999999986,50.5,0.5461269451194938,91,53.011215242542775,13.78887558516129,66.80009082770407,59.30000000000004
1060,28,4,1.9676273018174493,3.607142857142857,6.078571428571431,10.556428571428564,53.214285714285715,27.417857142857144,0.8704572729544171,94.75,8.945325049102834,7.0,6.800000000000001,10.819999999999999,55.5,2.3310129254275775,100,0.27351382777841043,1.0,5.700000000000005,9.259999999999986,50.5,0.18482722736495383,91,55.09356445088858,3.4818290918176684,58.575393542706244,30.800000000000015
1061,26,4,1.8346738296241119,3.769230769230769,6.05769230769231,10.559230769230762,53.21153846153846,25.823076923076925,1.6216816359533834,95.07692307692308,4.757398522852669,7.0,6.800000000000001,10.819999999999999,55.5,2.7431838504036294,100,0.27351382777841043,1.0,5.700000000000005,9.259999999999986,50.5,1.0211972963300384,91,47.70151957022691,6.486726543813534,54.18824611404044,56.800000000000026
1062,25,4,1.9023235965168857,3.88,6.0480000000000045,10.563199999999993,53.14,24.12,0.36020164260128273,95.04,4.472662524551417,7.0,6.800000000000001,10.819999999999999,55.5,0.44494734554685444,100,0.4590998180990905,1.0,5.700000000000005,9.259999999999986,50.5,0.27351382777841043,91,47.55808991292214,1.440806570405131,48.99889648332727,25.800000000000008
1063,25,1,1.8243414113664103,3.96,6.016000000000004,10.560799999999993,53.12,23.32,0.8898946910937089,95.2,4.472662524551417,7.0,6.800000000000001,10.819999999999999,55.5,0.8898946910937089,100,0.4590998180990905,1.0,5.700000000000005,9.259999999999986,50.5,0.8898946910937089,93,45.608535284160254,0.8898946910937089,46.49842997525396,13.400000000000002
1064,25,0,1.8243414113664103,3.96,6.016000000000004,10.560799999999993,53.12,24.280000000000005,0.0,95.2,4.472662524551417,7.0,6.800000000000001,10.819999999999999,55.5,0.0,100,0.4590998180990905,1.0,5.700000000000005,9.259999999999986,50.5,0.0,93,45.608535284160254,0.0,45.608535284160254,0.0
1065,25,0,1.8243414113664103,3.96,6.016000000000004,10.560799999999993,53.12,25.280000000000005,0.0,95.2,4.472662524551417,7.0,6.800000000000001,10.819999999999999,55.5,0.0,100,0.4590998180990905,1.0,5.700000000000005,9.259999999999986,50.5,0.0,93,45.608535284160254,0.0,45.608535284160254,0.0
1066,24,1,1.8012431676139136,4.0,6.01666666666667,10.549999999999992,53.125,25.14166666666667,2.3786992614263345,95.20833333333333,4.472662524551417,7.0,6.800000000000001,10.819999999999999,55.5,2.3786992614263345,100,0.4590998180990905,1.0,5.700000000000005,9.259999999999986,50.5,2.3786992614263345,93,43.22983602273393,2.3786992614263345,45.60853528416026,0.0
1067,24,1,1.8012431676139136,4.0,6.01666666666667,10.549999999999992,53.125,26.650000000000006,1.3786992614263345,95.20833333333333,4.472662524551417,7.0,6.800000000000001,10.819999999999999,55.5,1.3786992614263345,100,0.4590998180990905,1.0,5.700000000000005,9.259999999999986,50.5,1.3786992614263345,93,43.22983602273393,1.3786992614263345,44.60853528416026,12.200000000000006
1068,24,1,1.8012431676139131,4.0,6.01666666666667,10.549999999999992,53.125,28.158333333333342,0.3786992614263345,95.20833333333333,4.472662524551417,7.0,6.800000000000001,10.819999999999999,55.5,0.3786992614263345,100,0.4590998180990905,1.0,5.700000000000005,9.259999999999986,50.5,0.3786992614263345,93,43.22983602273391,0.3786992614263345,43.60853528416025,12.200000000000006
1069,24,0,1.8012431676139131,4.0,6.01666666666667,10.549999999999992,53.125,30.14583333333334,0.0,95.20833333333333,4.472662524551417,7.0,6.800000000000001,10.819999999999999,55.5,0.0,100,0.4590998180990905,1.0,5.700000000000005,9.259999999999986,50.5,0.0,93,43.22983602273391,0.0,43.22983602273391,23.700000000000017
1070,23,1,1.771060005324558,3.9565217391304346,6.008695652173916,10.546086956521732,53.108695652173914,31.521739130434792,2.495455900269086,95.21739130434783,4.472662524551417,7.0,6.800000000000001,10.819999999999999,55.5,2.495455900269086,100,0.4590998180990905,1.0,5.700000000000005,9.259999999999986,50.5,2.495455900269086,93,40.734380122464835,2.495455900269086,43.22983602273392,36.50000000000002
1071,21,3,1.820250210277073,4.095238095238095,6.0190476190476225,10.534285714285707,53.07142857142857,31.25238095238096,1.3348605356384613,95.04761904761905,4.472662524551417,7.0,6.800000000000001,10.819999999999999,55.5,2.050025888547207,97,0.47615738766388954,2.0,5.700000000000005,9.259999999999986,50.5,0.4590998180990905,93,38.22525441581853,4.004581606915384,42.22983602273392,24.30000000000001
1072,21,1,1.8702514430650354,4.095238095238095,6.0190476190476225,10.534285714285707,53.07142857142857,32.25238095238096,0.49545590026908615,95.04761904761905,4.472662524551417,7.0,6.800000000000001,10.819999999999999,55.5,0.49545590026908615,97,0.47615738766388954,2.0,5.700000000000005,9.259999999999986,50.5,0.49545590026908615,93,39.275280304365744,0.49545590026908615,39.77073620463483,0.0
1073,21,0,1.8702514430650354,4.095238095238095,6.0190476190476225,10.534285714285707,53.07142857142857,33.25238095238096,0.0,95.04761904761905,4.472662524551417,7.0,6.800000000000001,10.819999999999999,55.5,0.0,97,0.47615738766388954,2.0,5.700000000000005,9.259999999999986,50.5,0.0,93,39.275280304365744,0.0,39.275280304365744,0.0
1074,19,2,1.9282220990831003,4.157894736842105,5.9842105263157945,10.532631578947363,53.05263157894737,32.21578947368421,1.319530210893416,95.21052631578948,4.472662524551417,7.0,6.600000000000001,10.819999999999999,55.5,1.3913324716522886,97,0.47615738766388954,2.0,5.700000000000005,9.259999999999986,50.5,1.247727950134543,93,36.63621988257891,2.639060421786832,39.27528030436574,0.0
1075,19,0,1.9618568581245128,4.157894736842105,5.9842105263157945,10.532631578947363,53.05263157894737,33.21578947368422,0.0,95.21052631578948,4.472662524551417,7.0,6.600000000000001,10.819999999999999,55.5,0.0,97,0.47615738766388954,2.0,5.700000000000005,9.259999999999986,50.5,0.0,93,37.275280304365744,0.0,37.275280304365744,0.0
1076,19,0,1.9618568581245128,4.157894736842105,5.9842105263157945,10.532631578947363,53.05263157894737,34.21578947368422,0.0,95.21052631578948,4.472662524551417,7.0,6.600000000000001,10.819999999999999,55.5,0.0,97,0.47615738766388954,2.0,5.700000000000005,9.259999999999986,50.5,0.0,93,37.275280304365744,0.0,37.275280304365744,0.0
1077,19,0,1.9618568581245128,4.157894736842105,5.984210526315793,10.532631578947363,53.05263157894737,35.21578947368422,0.0,95.21052631578948,4.472662524551417,7.0,6.600000000000001,10.819999999999999,55.5,0.0,97,0.47615738766388954,2.0,5.700000000000005,9.259999999999986,50.5,0.0,93,37.275280304365744,0.0,37.275280304365744,0.0
1078,18,1,1.9322124668942584,4.166666666666667,5.977777777777781,10.533333333333328,53.0,35.211111111111116,2.495455900269086,95.22222222222223,4.472662524551417,7.0,6.600000000000001,10.819999999999999,55.5,2.495455900269086,97,0.47615738766388954,2.0,5.700000000000005,9.259999999999986,50.5,2.495455900269086,93,34.77982440409665,2.495455900269086,37.27528030436574,0.0
1079,17,3,1.972476261997771,4.117647058823529,5.976470588235298,10.527058823529407,52.94117647058823,35.14705882352941,26.914394616801207,95.23529411764706,4.472662524551417,7.0,6.600000000000001,10.819999999999999,55.5,78.0,97,0.47615738766388954,2.0,5.700000000000005,9.259999999999986,50.5,1.247727950134543,93,33.532096453962104,80.74318385040363,114.27528030436574,0.0
1080,16,5,2.0659961916436385,4.25,5.9687500000000036,10.606249999999996,53.09375,35.2,20.643868247613504,95.25,4.472662524551417,7.0,6.600000000000001,10.819999999999999,55.5,77.0,97,1.0250129442736036,2.0,5.700000000000005,10.459999999999996,52.0,0.24772795013454307,93,33.055939066298215,103.21934123806751,136.27528030436574,0.0
1081,15,4,2.0398942178619572,4.2,5.986666666666671,10.607999999999997,53.06666666666667,35.013333333333335,26.614381449592212,95.2,4.472662524551417,7.0,6.600000000000001,10.819999999999999,55.5,76.0,97,1.0250129442736036,2.0,5.800000000000004,10.459999999999996,52.0,2.457525798368855,93,30.59841326792936,106.45752579836885,137.0559390662982,0.0
1082,15,5,2.0398942178619572,4.2,5.986666666666671,10.607999999999997,53.06666666666667,36.013333333333335,21.29150515967377,95.2,4.472662524551417,7.0,6.600000000000001,10.819999999999999,55.5,75.0,97,1.0250129442736036,2.0,5.800000000000004,10.459999999999996,52.0,1.457525798368855,93,30.59841326792936,106.45752579836885,137.0559390662982,0.0
1083,14,6,2.1315091995125024,4.285714285714286,5.942857142857148,10.609999999999998,52.892857142857146,35.642857142857146,25.535801712187197,95.21428571428571,4.472662524551417,7.0,6.600000000000001,10.819999999999999,54.0,74.0,97,1.059659937668179,2.0,5.800000000000004,10.459999999999996,52.0,1.214810273123182,93,29.841128793175034,153.2148102731232,183.05593906629824,0.0
1084,13,7,3.6943176133485958,4.230769230769231,5.9538461538461585,10.612307692307692,52.80769230769231,35.276923076923076,23.004258584680922,95.23076923076923,22.189349630713167,7.0,6.600000000000001,10.819999999999999,54.0,73.0,97,1.059659937668179,2.0,5.800000000000004,10.459999999999996,52.0,0.21481027312318202,93,48.02612897353175,161.02981009276647,209.0559390662982,0.0
1085,14,6,3.034199397560961,4.142857142857143,5.957142857142862,10.627142857142855,52.75,33.614285714285714,29.63583330327388,95.35714285714286,11.094674815356584,7.0,6.600000000000001,10.819999999999999,54.0,72.0,97,1.059659937668179,2.0,5.800000000000004,10.459999999999996,52.0,1.0,93,42.478791565853456,177.81499981964328,220.29379138549672,0.0
1086,16,6,2.3948930318809207,3.9375,5.956250000000004,10.647499999999997,52.71875,30.1625,37.96916663660721,95.625,5.547337407678292,7.0,6.600000000000001,10.879999999999999,54.0,71.0,98,1.059659937668179,2.0,5.800000000000004,10.459999999999996,52.0,0.8149998196432957,93,38.31828851009473,227.81499981964328,266.133288329738,0.0
1087,17,6,2.172438479892657,3.8823529411764706,5.964705882352947,10.654117647058817,52.73529411764706,29.211764705882356,45.0,95.70588235294117,4.472662524551417,7.0,6.600000000000001,10.879999999999999,54.0,70.0,98,1.059659937668179,2.0,5.800000000000004,10.459999999999996,52.0,21.0,93,36.931454158175164,270.0,306.93145415817514,0.0
1088,17,7,2.172438479892657,3.8823529411764706,5.964705882352947,10.654117647058817,52.73529411764706,30.15294117647059,39.57142857142857,95.70588235294117,4.472662524551417,7.0,6.600000000000001,10.879999999999999,54.0,69.0,98,1.059659937668179,2.0,5.800000000000004,10.459999999999996,52.0,13.0,93,36.931454158175164,277.0,313.93145415817514,0.0
1089,15,10,2.196036157175799,3.933333333333333,5.973333333333337,10.655999999999995,52.733333333333334,28.240000000000002,36.899091180053816,95.8,4.472662524551417,7.0,6.600000000000001,10.879999999999999,54.0,95.0,98,1.059659937668179,2.0,5.800000000000004,10.459999999999996,52.0,1.247727950134543,93,32.940542357636986,368.9909118005382,401.93145415817514,0.0
1090,14,12,2.174649032669136,4.0,5.964285714285718,10.657142857142853,52.75,27.557142857142857,36.4571973084006,95.92857142857143,4.472662524551417,7.0,6.600000000000001,10.879999999999999,54.0,94.0,98,1.059659937668179,2.0,5.800000000000004,10.459999999999996,52.0,0.24772795013454307,93,30.4450864573679,437.48636770080725,467.93145415817514,0.0
1091,14,10,4.103220461240564,4.0,5.964285714285718,10.657142857142853,52.75,28.557142857142857,46.42386397506727,95.92857142857143,19.495455900269086,7.0,6.600000000000001,10.879999999999999,54.0,93.0,98,1.059659937668179,2.0,5.800000000000004,10.459999999999996,52.0,0.7431838504036294,93,57.4450864573679,464.2386397506727,521.6837262080406,0.0
1092,15,11,3.1621616653306748,3.933333333333333,6.006666666666672,10.647999999999994,52.7,23.92,49.98750033870363,95.93333333333334,9.747727950134543,7.0,6.700000000000001,10.879999999999999,54.0,93.0,98,1.059659937668179,1.0,5.800000000000004,10.459999999999996,52.0,0.49545590026908615,93,47.432424979960125,549.86250372574,597.2949287057002,0.0
1093,16,13,2.4660790929866745,3.75,6.043750000000005,10.639999999999997,52.625,19.775,48.14049715941988,95.8125,4.873863975067271,7.0,6.700000000000001,10.879999999999999,53.5,92.0,98,1.059659937668179,1.0,5.800000000000004,10.459999999999996,52.0,0.692937419217402,93,39.45726548778679,625.8264630724584,665.2837285602452,0.0
1094,19,13,5.2736522823786265,3.473684210526316,6.08947368421053,10.614736842105257,52.63157894736842,17.95263157894737,48.702578896403146,95.6842105263158,67.47266252455142,7.0,6.700000000000001,10.879999999999999,53.5,91.0,98,0.346468709608701,1.0,5.700000000000005,10.459999999999996,52.0,0.36704782547090087,93,100.1993933651939,633.1335256532409,733.3329190184348,11.700000000000008
1095,20,14,4.166561386702801,3.6,6.0850000000000035,10.624999999999995,52.6,18.685000000000002,49.69760555912644,95.75,33.73633126227571,7.0,6.700000000000001,10.879999999999999,53.5,90.0,98,0.346468709608701,1.0,5.700000000000005,10.459999999999996,52.0,0.766477827770089,93,83.33122773405603,695.7664778277701,779.0977055618262,17.600000000000012
1096,20,15,7.670730308792232,3.75,6.095000000000003,10.630999999999995,52.575,18.71,45.8321692495095,95.85,82.77366870383915,8.0,6.700000000000001,10.879999999999999,53.5,89.0,98,0.346468709608701,1.0,5.700000000000005,10.459999999999996,52.0,1.4825387426424586,93,153.41460617584463,687.4825387426424,840.897144918487,35.00000000000003
1097,23,16,6.895715838495563,4.043478260869565,6.078260869565222,10.653043478260864,52.56521739130435,15.22608695652174,43.44122874610426,96.17391304347827,41.386834351919575,8.0,6.700000000000001,10.879999999999999,53.5,88.0,98,0.346468709608701,1.0,5.700000000000005,10.459999999999996,52.0,1.059659937668179,93,158.60146428539795,695.0596599376681,853.661124223066,17.600000000000012
1098,27,16,9.610518919709264,4.074074074074074,6.081481481481485,10.673333333333327,52.55555555555556,11.63703703703704,41.84353699532511,96.48148148148148,91.21704140778446,8.0,6.700000000000001,10.879999999999999,53.5,94.0,98,0.346468709608701,1.0,5.700000000000005,10.459999999999996,51.5,0.05965993766817901,93,259.48401083215015,669.4965919252018,928.9806027573519,0.0
1099,36,16,5.735526296120857,3.6666666666666665,6.066666666666669,10.68999999999999,52.59722222222222,9.500000000000004,47.9375,96.94444444444444,45.60852070389223,8.0,6.700000000000001,10.879999999999999,54.0,93.0,99,0.346468709608701,1.0,5.700000000000005,10.459999999999996,51.5,11.0,93,206.47894666035086,767.0,973.4789466603509,11.800000000000008
1100,48,19,4.509558287461763,3.4166666666666665,6.054166666666668,10.701249999999993,52.614583333333336,7.020833333333336,42.37124834498839,97.4375,57.3858748384348,8.0,6.700000000000001,10.879999999999999,54.0,92.0,100,0.346468709608701,1.0,5.700000000000005,10.459999999999996,51.5,2.8366771469949734,93,216.45879779816462,805.0537185547794,1021.512516352944,29.50000000000002
1101,58,22,3.4850669733252526,3.2413793103448274,6.043103448275864,10.712413793103446,52.63793103448276,6.603448275862071,37.61719774381213,97.74137931034483,57.3858748384348,8.0,6.700000000000001,10.94,54.0,91.0,100,0.3233346433743717,1.0,5.700000000000005,10.459999999999996,51.0,0.3233346433743717,93,202.13388445286466,827.5783503638668,1029.7122348167313,18.00000000000001
1102,59,21,6.25169098682779,3.169491525423729,6.042372881355933,10.72237288135593,52.610169491525426,7.272881355932205,34.15942238857848,97.8135593220339,64.64666928674875,8.0,6.700000000000001,10.94,54.0,90.0,100,0.3233346433743717,1.0,5.700000000000005,10.459999999999996,51.0,0.3545846433743717,93,368.8497682228396,717.3478701601481,1086.1976383829876,54.800000000000026
1103,65,18,6.312710969204435,3.230769230769231,6.016923076923081,10.722153846153848,52.61538461538461,7.580000000000003,41.52143749102416,97.87692307692308,57.3858748384348,8.0,6.700000000000001,10.94,54.0,89.0,100,0.3233346433743717,1.0,5.600000000000005,10.459999999999996,51.0,1.0,94,410.32621299828827,747.3858748384348,1157.7120878367232,67.80000000000004
1104,79,20,4.372488009164524,3.3037974683544302,5.9886075949367115,10.72050632911393,52.58860759493671,8.002531645569622,42.01929374192174,97.9746835443038,57.3858748384348,8.0,6.700000000000001,10.94,54.0,88.0,100,0.3233346433743717,1.0,5.600000000000005,10.459999999999996,51.0,0.3858748384348041,94,345.42655272399736,840.3858748384348,1185.8124275624323,91.50000000000004
1105,95,23,3.1685593443771958,3.305263157894737,5.969473684210529,10.71452631578948,52.6,9.042105263157898,37.46029031073891,98.08421052631579,57.3858748384348,8.0,6.700000000000001,10.94,54.0,87.0,100,0.3233346433743717,1.0,5.500000000000005,10.459999999999996,51.0,2.5866771469949734,94,301.0131377158336,861.5866771469949,1162.5998148628285,225.1000000000001
1106,108,21,2.7239074451880634,3.2314814814814814,5.975000000000001,10.715555555555568,52.64351851851852,10.775925925925925,39.43890673370402,98.22222222222223,57.3858748384348,8.0,6.700000000000001,10.94,54.0,86.0,101,0.3233346433743717,1.0,5.500000000000005,10.459999999999996,51.0,3.0,94,294.18200408031083,828.2170414077844,1122.3990454880952,290.60000000000014
1107,114,21,2.1699399881538928,3.1491228070175437,5.973684210526316,10.71368421052633,52.66228070175438,12.751754385964919,40.29243165852742,98.32456140350877,10.242927146994973,8.0,6.700000000000001,10.94,54.0,85.0,101,0.2608346433743717,1.0,5.500000000000005,10.459999999999996,51.0,0.6466692867487434,94,247.37315864954377,846.1410648290758,1093.5142234786197,376.1000000000002
1108,114,21,3.3834758025930496,3.1578947368421053,5.971929824561401,10.710000000000006,52.70175438596491,14.62982456140351,32.34959059802266,98.3859649122807,68.27954140778446,8.0,6.700000000000001,10.94,54.0,84.0,101,0.2525260519013623,1.0,5.500000000000005,10.459999999999996,51.0,1.0,94,385.7162414956077,679.3414025584758,1065.0576440540835,398.30000000000024
1109,107,25,3.534834249190279,3.2523364485981308,5.961682242990653,10.711214953271035,52.6822429906542,14.099065420560757,25.474017575029844,98.55140186915888,57.67921341193229,8.0,6.700000000000001,11.0,54.0,83.0,101,0.2525260519013623,1.0,5.500000000000005,10.459999999999996,51.0,0.2933385734974867,94,378.22726466335985,636.8504393757461,1015.0777040391059,362.3000000000002
1110,112,18,3.8362097316629167,3.357142857142857,5.9571428571428555,10.719285714285716,52.638392857142854,14.09821428571429,34.55487529370583,98.69642857142857,57.67921341193229,8.0,6.600000000000001,11.06,54.0,82.0,101,0.2525260519013623,1.0,5.500000000000005,10.459999999999996,51.0,0.44000786024623006,95,429.6554899462467,621.9877552867049,1051.6432452329516,202.2000000000001
1111,125,17,3.292360455252675,3.456,5.962399999999997,10.729759999999999,52.608,14.330400000000004,39.359167426407204,98.848,44.09093786844904,8.0,6.3000000000000025,11.06,54.0,97.0,101,0.2525260519013623,1.0,5.500000000000005,10.459999999999996,50.5,0.346468709608701,96,411.54505690658436,669.1058462489225,1080.650903155507,284.10000000000014
1112,131,19,3.045985925652959,3.450381679389313,5.970229007633585,10.730229007633588,52.587786259541986,14.994656488549623,33.23409298138421,98.95419847328245,77.27954140778446,8.0,6.3000000000000025,11.06,54.0,96.0,101,0.2525260519013623,1.0,5.500000000000005,10.459999999999996,50.5,1.0101042076054492,96,399.02415626053767,631.4477666462999,1030.4719229068376,344.8000000000002
1113,135,21,3.6066066030602415,3.325925925925926,5.980740740740742,10.728888888888887,52.596296296296295,15.715555555555559,23.052480433531187,99.11111111111111,64.21480824922085,8.0,6.400000000000002,11.06,54.0,95.0,102,0.2525260519013623,1.0,5.500000000000005,10.459999999999996,50.5,0.010104207605449167,96,486.8918914131326,484.1020891041549,970.9939805172876,439.0000000000002
1114,136,22,3.520222546004925,3.389705882352941,5.983823529411766,10.722058823529414,52.606617647058826,15.316911764705889,18.757780673734285,99.23529411764706,46.976341473343595,8.0,6.400000000000002,11.06,54.0,94.0,102,0.2525260519013623,1.0,5.500000000000005,10.459999999999996,50.5,0.545468934224521,96,478.75026625666976,412.6711748221543,891.421441078824,400.7000000000003
1115,148,17,3.477605455897558,3.3986486486486487,5.977702702702705,10.721081081081087,52.5945945945946,13.900000000000002,17.245971888430173,99.37162162162163,78.86423118691565,8.0,6.400000000000002,11.06,54.0,93.0,102,0.2525260519013623,1.0,5.500000000000005,10.459999999999996,50.5,0.108520703892232,96,514.6856074728386,293.18152210331294,807.8671295761515,262.10000000000014
1116,159,10,3.222268544040503,3.3710691823899372,5.964779874213838,10.713584905660381,52.588050314465406,14.201886792452838,24.445302214730702,99.41509433962264,78.86423118691565,8.0,6.400000000000002,11.06,54.0,92.0,102,0.2525260519013623,1.0,5.500000000000005,10.459999999999996,50.5,0.7444792076054492,96,512.34069850244,244.45302214730702,756.793720649747,251.40000000000015
1117,171,9,2.9316052504477854,3.374269005847953,5.9520467836257325,10.710526315789481,52.546783625730995,15.13450292397662,23.777708705825493,99.52631578947368,78.86423118691565,8.0,6.400000000000002,11.06,54.0,91.0,103,0.2525260519013623,1.0,5.500000000000005,10.459999999999996,50.5,0.5037617903693451,96,501.3044978265713,213.99937835242943,715.3038761790008,416.9000000000002
1118,169,16,2.7052787887773033,3.36094674556213,5.949704142011837,10.708165680473378,52.544378698224854,15.720710059171605,14.467148250499447,99.60355029585799,78.86423118691565,8.0,6.400000000000002,11.06,54.0,90.0,103,0.25083909472351895,1.0,5.500000000000005,10.459999999999996,50.5,0.25083909472351895,96,457.1921153033643,231.47437200799115,688.6664873113555,543.0000000000003
1119,165,18,2.6708258508843006,3.4242424242424243,5.943636363636364,10.705818181818186,52.53030303030303,16.22848484848485,12.522688589050084,99.67272727272727,78.86423118691565,8.0,6.400000000000002,11.06,54.0,89.0,103,0.25083909472351895,1.0,5.500000000000005,10.459999999999996,50.5,0.5216692867487434,96,440.68626539590963,225.4083946029015,666.0946599988112,473.90000000000026
1120,158,14,3.0106107954138683,3.4746835443037973,5.9386075949367125,10.705696202531653,52.528481012658226,18.45443037974684,12.230940839698961,99.65189873417721,78.86423118691565,8.0,6.400000000000002,11.06,54.0,88.0,103,0.25083909472351895,1.0,5.500000000000005,10.459999999999996,50.5,0.3233346433743717,96,475.6765056753912,171.23317175578546,646.9096774311766,536.8000000000003
1121,152,13,2.5129668300559636,3.4934210526315788,5.9375000000000036,10.706315789473692,52.54934210526316,20.734210526315803,18.25677319775151,99.67763157894737,23.414985668993264,8.0,6.400000000000002,11.06,54.0,87.0,103,0.25083909472351895,1.0,5.500000000000005,10.459999999999996,50.5,0.21451221001538934,96,381.97095816850646,237.33805157076964,619.3090097392761,595.7000000000004
1122,148,15,2.915819581333859,3.5135135135135136,5.929054054054058,10.709729729729741,52.50675675675676,22.067567567567576,10.612689037274215,99.74324324324324,78.50441413360284,8.0,6.400000000000002,11.06,54.0,86.0,103,0.25083909472351895,1.0,5.500000000000005,10.459999999999996,50.5,0.010104207605449167,96,431.5412980374112,159.19033555911324,590.7316335965245,494.8000000000003
1123,141,17,2.6671089170249678,3.4680851063829787,5.926241134751774,10.70851063829788,52.53191489361702,22.94255319148937,10.228917544231189,99.80141843971631,39.25220706680142,8.0,6.400000000000002,11.06,54.0,85.0,103,0.25083909472351895,1.0,5.500000000000005,10.459999999999996,50.5,0.28036589337437157,96,376.06235730052043,173.89159825193022,549.9539555524507,505.3000000000003
1124,134,23,2.6039778084818557,3.5074626865671643,5.929104477611942,10.709850746268662,52.541044776119406,22.4589552238806,7.108188790768423,99.84328358208955,19.62610353340071,8.0,6.400000000000002,11.06,54.0,84.0,102,0.25083909472351895,1.0,5.500000000000005,10.459999999999996,50.5,0.25083909472351895,96,348.9330263365687,163.48834218767374,512.4213685242424,501.6000000000003
1125,134,18,2.4128263037563915,3.544776119402985,5.933582089552241,10.714328358208965,52.57089552238806,23.2634328358209,8.20648811358262,99.9776119402985,9.813051766700355,8.0,6.400000000000002,11.06,54.0,83.0,103,0.25083909472351895,1.0,5.500000000000005,10.459999999999996,50.5,0.04333857349748671,96,323.31872470335645,147.71678604448718,471.03551074784366,323.50000000000017
1126,133,20,2.8684571601947217,3.5413533834586466,5.940601503759398,10.71533834586467,52.61654135338346,22.876691729323316,3.0985050649001735,100.09774436090225,84.61651444918223,8.0,6.400000000000002,11.06,54.0,35.0,103,0.25083909472351895,1.0,5.500000000000005,10.459999999999996,50.5,0.293025143930119,97,381.504802305898,61.97010129800347,443.47490360390145,362.10000000000025
1127,126,19,2.5972811158529594,3.5238095238095237,5.940476190476192,10.716190476190484,52.62698412698413,22.353968253968258,3.852180018018476,100.16666666666667,42.30825722459112,8.0,6.400000000000002,11.06,54.5,34.0,103,0.25083909472351895,1.0,5.500000000000005,10.459999999999996,50.5,0.11591154021089833,97,327.2574205974729,73.19142034235105,400.448840939824,342.0000000000002
1128,122,14,2.8338537560729673,3.540983606557377,5.931147540983606,10.705409836065577,52.64344262295082,22.16311475409836,1.4345777423466248,100.18032786885246,35.00671275778815,8.0,6.400000000000002,11.0,54.5,3.1643759825307787,103,0.25083909472351895,1.0,5.500000000000005,10.459999999999996,50.5,0.49104625181030087,97,345.730158240902,20.08408839285275,365.8142466337548,345.1000000000002
1129,120,11,2.5808221430107436,3.533333333333333,5.927500000000003,10.703500000000002,52.645833333333336,22.243333333333336,2.0137424016980847,100.25,17.503356378894075,8.0,6.400000000000002,11.0,54.5,4.306145320518464,103,0.25083909472351895,1.0,5.500000000000005,10.459999999999996,50.5,0.3066578677093861,97,309.69865716128925,22.151166418678933,331.8498235799682,325.30000000000024
1130,127,6,2.309993172997021,3.52755905511811,5.923622047244093,10.694803149606305,52.61417322834646,21.018110236220483,1.2750399649006392,100.30708661417323,8.751678189447038,8.0,6.400000000000002,11.0,54.5,3.306145320518464,103,0.25083909472351895,1.0,5.500000000000005,10.459999999999996,50.5,0.5016781894470379,97,293.3691329706217,7.650239789403836,301.01937276002553,171.2000000000001
1131,129,5,2.1755097396190597,3.5193798449612403,5.915503875968992,10.68837209302326,52.60077519379845,21.155038759689923,1.7133933299655453,100.4108527131783,7.066867834496632,8.0,6.400000000000002,11.0,54.5,2.7955258748043814,103,0.25083909472351895,1.0,5.500000000000005,10.399999999999995,50.5,0.11591154021089833,97,280.6407564108587,8.566966649827727,289.2077230606865,174.4000000000001
1132,122,11,2.032941204862391,3.4098360655737703,5.909836065573769,10.681311475409833,52.58196721311475,21.022131147540986,3.119921723927949,100.4672131147541,7.066867834496632,8.0,6.400000000000002,11.0,54.5,7.066867834496632,103,0.25083909472351895,1.0,5.500000000000005,10.399999999999995,50.5,0.6076424232566223,97,248.01882699321175,34.319138963207436,282.33796595641917,342.3000000000002
1133,116,13,2.0479999787267222,3.3706896551724137,5.897413793103446,10.674137931034481,52.60775862068966,21.093965517241383,2.4625334894714137,100.45689655172414,10.44270692922015,8.0,6.400000000000002,11.0,54.5,4.829971337986529,103,0.25083909472351895,1.0,5.500000000000005,10.399999999999995,50.5,1.0048992700725026,97,237.56799753229976,32.01293536312838,269.58093289542813,295.20000000000016
1134,112,15,1.9522880857659097,3.294642857142857,5.898214285714286,10.670535714285716,52.66517857142857,20.99375,2.327589391669251,100.41964285714286,10.44270692922015,8.0,6.400000000000002,11.0,54.5,5.647840215632073,103,0.25083909472351895,1.0,5.500000000000005,10.399999999999995,50.5,0.2266314708375443,97,218.6562656057819,34.913840875038765,253.57010648082067,201.00000000000014
1135,112,7,1.9925387762411972,3.3125,5.908035714285714,10.67482142857143,52.70982142857143,21.915178571428577,2.117113131431625,100.45535714285714,10.44270692922015,8.0,6.500000000000002,11.0,54.5,4.171231534073359,103,0.26461862791817836,1.0,5.500000000000005,10.399999999999995,50.5,0.25083909472351895,97,223.1643429390141,14.819791920021373,237.98413485903546,157.90000000000012
1136,106,12,1.9264938553890636,3.339622641509434,5.909433962264152,10.67735849056604,52.68867924528302,23.083018867924533,2.0772396930470802,100.56603773584905,10.44270692922015,8.0,6.500000000000002,11.0,54.0,4.048721337986529,103,0.26461862791817836,1.0,5.500000000000005,10.399999999999995,50.0,0.5016781894470379,97,204.20834867124074,24.926876316564964,229.1352249878057,399.60000000000025
1137,102,12,1.7961111963091014,3.3137254901960786,5.910784313725492,10.678235294117648,52.65686274509804,23.07549019607843,2.4484858899769244,100.6470588235294,5.901207006979794,8.0,6.500000000000002,11.0,54.0,10.44270692922015,103,0.26461862791817836,1.0,5.500000000000005,10.399999999999995,50.0,0.2058161425060816,97,183.20334202352834,29.38183067972309,212.58517270325143,264.8000000000002
1138,97,9,1.821284686879617,3.2577319587628866,5.909278350515467,10.67773195876289,52.603092783505154,24.226804123711347,2.6630588332384257,100.71134020618557,9.98968681606059,8.0,6.500000000000002,11.0,54.0,5.901207006979794,103,0.26461862791817836,1.0,5.500000000000005,10.399999999999995,50.0,0.5741992684479555,97,176.66461462732286,23.967529499145833,200.6321441264687,232.80000000000015
1139,95,10,1.7701070316076477,3.231578947368421,5.901052631578949,10.674736842105265,52.59473684210526,25.991578947368428,1.9850772584133103,100.70526315789473,5.853746417248316,8.0,6.500000000000002,11.0,54.0,4.901207006979794,103,0.26461862791817836,1.0,5.500000000000005,10.399999999999995,50.0,0.1337356689932645,97,168.16016800272652,19.850772584133104,188.01094058685962,304.20000000000016
1140,92,7,1.8187081859204395,3.2717391304347827,5.906521739130437,10.680434782608698,52.59782608695652,27.810869565217406,1.5261482060400318,100.77173913043478,7.662012994271876,8.0,6.500000000000002,11.0,54.0,3.901207006979794,104,0.30382121162831116,1.0,5.500000000000005,10.399999999999995,50.0,0.533433917248316,97,167.32115310468043,10.683037442280222,178.00419054696064,284.00000000000017
1141,81,13,1.7674825043766433,3.197530864197531,5.913580246913583,10.676296296296298,52.58024691358025,28.39382716049384,2.149505837543742,100.82716049382717,5.853746417248316,8.0,6.400000000000002,11.0,54.0,7.662012994271876,104,0.2583223346367326,1.0,5.500000000000005,10.399999999999995,50.0,0.6447306307915058,99,143.16608285450812,27.943575888068647,171.10965874257676,336.80000000000024
1142,75,10,1.7333167468956652,3.2,5.916000000000002,10.6784,52.553333333333335,28.264000000000003,2.7193329451582473,100.88,6.830283875023595,8.0,6.400000000000002,11.0,54.5,6.662012994271876,104,0.2583223346367326,1.0,5.500000000000005,10.399999999999995,50.0,0.06443392118975311,99,129.99875601717488,27.19332945158247,157.19208546875734,195.30000000000013
1143,75,7,1.7009485560682505,3.2133333333333334,5.909333333333336,10.677599999999998,52.53333333333333,27.293333333333344,2.4312622460929574,100.89333333333333,7.995597787392667,8.0,6.400000000000002,11.0,54.5,6.432798229610834,104,0.2583223346367326,1.0,5.500000000000005,10.399999999999995,50.0,0.5050521038027246,99,127.57114170511879,17.018835722650703,144.5899774277695,137.70000000000007
1144,69,10,1.6420544439107378,3.246376811594203,5.9159420289855085,10.68173913043478,52.471014492753625,26.37681159420291,2.3653481733196022,100.82608695652173,7.995597787392667,8.0,6.400000000000002,11.0,54.5,5.432798229610834,104,0.2583223346367326,1.0,5.500000000000005,10.399999999999995,50.0,1.0939597736808797,99,113.30175662984091,23.65348173319602,136.95523836303693,165.5000000000001
1145,68,5,1.731577828372014,3.338235294117647,5.914705882352944,10.687647058823528,52.47794117647059,27.71617647058824,1.4418093173783633,100.88235294117646,5.504931267879307,8.0,6.400000000000002,11.0,54.5,2.790801690891713,104,0.3305332595671181,1.0,5.500000000000005,10.399999999999995,50.0,0.09395977368087971,99,117.74729232929695,7.209046586891817,124.95633891618877,119.30000000000007
1146,68,3,1.693654213243823,3.323529411764706,5.917647058823533,10.688529411764705,52.43382352941177,28.664705882352948,1.2965878352933855,100.92647058823529,5.154045386845084,8.0,6.400000000000002,11.0,54.5,2.036057559527114,105,0.3305332595671181,1.0,5.500000000000005,10.399999999999995,50.0,0.18791954736175942,99,115.16848650057997,3.8897635058801567,119.05825000646013,113.30000000000007
1147,63,6,1.6298447033818726,3.2063492063492065,5.915873015873021,10.683809523809519,52.43650793650794,28.147619047619052,2.2503329562592413,101.0,3.9977988936963333,7.0,6.400000000000002,11.0,54.5,5.154045386845084,105,0.3305332595671181,1.0,5.500000000000005,10.399999999999995,50.0,0.6610665191342362,99,102.68021631305797,13.501997737555449,116.18221405061342,100.60000000000007
1148,61,3,1.643667490488246,3.2459016393442623,5.914754098360658,10.68819672131147,52.450819672131146,29.1344262295082,3.4191435372320633,101.04918032786885,4.035824987760083,7.0,6.400000000000002,11.0,54.5,4.154045386845084,105,0.3305332595671181,1.0,5.500000000000005,10.399999999999995,50.0,2.822054619050416,99,100.26371691978301,10.25743061169619,110.5211475314792,60.70000000000003
1149,58,3,1.716589975628347,3.189655172413793,5.917241379310349,10.690689655172408,52.44827586206897,29.965517241379313,2.6529763150116863,101.05172413793103,5.013849034928178,7.0,6.400000000000002,11.0,54.5,3.7853594760736415,105,0.3305332595671181,1.0,5.500000000000005,10.459999999999996,50.0,1.5821879912653893,99,99.56221858644412,7.958928945035058,107.52114753147917,59.80000000000004
1150,59,3,1.6767094233440898,3.2033898305084745,5.923728813559326,10.68983050847457,52.440677966101696,29.423728813559325,0.9536923174814961,101.16949152542372,5.442184744902708,7.0,6.500000000000002,11.0,54.5,1.6178224420448626,106,0.3305332595671181,1.0,5.500000000000005,10.459999999999996,50.0,0.5821879912653893,99,98.9258559773013,2.8610769524444883,101.78693292974579,48.40000000000003
1151,54,8,1.5617565377063458,3.2222222222222223,5.920370370370375,10.689999999999994,52.43518518518518,28.309259259259264,1.6958794162139765,101.31481481481481,4.05764111465903,7.0,6.500000000000002,11.0,54.5,3.4151419375117973,106,0.2812438672660464,1.0,5.500000000000005,10.459999999999996,50.0,0.6178224420448626,99,84.33485303614268,13.567035329711812,97.90188836585449,124.50000000000009
1152,50,6,1.590635989738604,3.24,5.926000000000003,10.698799999999991,52.47,28.544000000000004,1.8791741141654938,101.34,4.248641147965933,7.0,6.500000000000002,11.0,54.5,4.05764111465903,106,0.2812438672660464,1.0,5.500000000000005,10.459999999999996,50.0,0.7336753235978666,99,79.5317994869302,11.275044684992963,90.80684417192316,59.400000000000034
1153,49,4,1.5600204616664026,3.163265306122449,5.940816326530614,10.698775510204072,52.45918367346939,29.23061224489797,2.090287383437934,101.48979591836735,4.311103373391075,7.0,6.500000000000002,11.0,54.5,4.248641147965933,106,0.27101669291982167,1.0,5.500000000000005,10.459999999999996,50.0,0.3221330382684724,99,76.44100262165372,8.361149533751735,84.80215215540545,69.50000000000006
1154,49,1,1.6041914934138626,3.163265306122449,5.936734693877554,10.6938775510204,52.45918367346939,29.97551020408164,1.7968600965099653,101.44897959183673,4.953120657313017,7.0,6.500000000000002,11.0,54.5,1.7968600965099653,106,0.27101669291982167,1.0,5.500000000000005,10.459999999999996,50.0,1.7968600965099653,99,78.60538317727926,1.7968600965099653,80.40224327378922,43.10000000000002
1155,47,3,1.4307032730502898,3.021276595744681,5.946808510638301,10.691063829787225,52.40425531914894,30.26808510638298,3.6403030920324437,101.51063829787235,3.9495029503380636,7.0,6.500000000000002,11.0,54.5,4.035824987760083,106,0.27101669291982167,1.0,5.500000000000005,10.459999999999996,50.0,3.043225410719826,99,67.24305383336362,10.920909276097332,78.16396310946095,70.50000000000004
1156,45,3,1.5385025554220877,3.0,5.9488888888888924,10.691999999999991,52.4,31.362222222222226,1.9771160384890079,101.57777777777778,6.109240569802761,7.0,6.500000000000002,11.0,54.5,2.506924517464089,106,0.27101669291982167,1.0,5.500000000000005,10.459999999999996,50.0,1.3811981872831083,99,69.23261499399395,5.931348115467023,75.16396310946097,54.60000000000003
1157,43,6,1.3713807160996008,3.0,5.951162790697679,10.693023255813944,52.43023255813954,32.937209302325584,2.034344986353468,101.62790697674419,3.9495029503380636,7.0,6.500000000000002,11.0,54.5,6.109240569802761,106,0.27101669291982167,1.0,5.500000000000005,10.459999999999996,50.0,0.3811981872831083,99,58.96937079228283,12.206069918120809,71.17544071040363,119.60000000000008
1158,38,7,1.5631601451214354,3.1315789473684212,5.947368421052636,10.695263157894729,52.38157894736842,33.54210526315791,0.9578908720444941,101.55263157894737,6.57267717411484,7.0,6.400000000000002,11.0,54.5,2.6899969329685876,106,0.27101669291982167,1.0,5.600000000000005,10.459999999999996,50.0,0.04322541071982622,99,59.400085514614545,6.705236104311458,66.105321618926,90.00000000000006
1159,37,2,1.506192099397626,3.135135135135135,5.951351351351356,10.695135135135127,52.36486486486486,35.05945945945947,2.128970856481617,101.62162162162163,3.9495029503380636,7.0,6.400000000000002,11.0,54.5,2.926873208624158,106,0.27101669291982167,1.0,5.600000000000005,10.459999999999996,50.0,1.3310685043390755,99,55.729107677712165,4.257941712963234,59.987049390675395,100.60000000000007
1160,34,4,1.3922456313018952,3.0294117647058822,5.944117647058827,10.696470588235288,52.30882352941177,35.15882352941178,2.4796571630216855,101.6470588235294,3.6174070913964957,7.0,6.400000000000002,11.0,54.5,3.9495029503380636,106,0.27101669291982167,1.0,5.600000000000005,10.459999999999996,50.0,1.8365292169384797,99,47.33635146426444,9.918628652086742,57.25498011635118,83.40000000000005
1161,30,6,1.4057566498288092,2.933333333333333,5.940000000000006,10.697999999999992,52.46666666666667,33.63000000000001,1.749612612813669,101.76666666666667,4.0272787936858325,7.0,6.400000000000002,11.0,54.5,3.6174070913964957,106,0.27101669291982167,1.0,5.600000000000005,10.459999999999996,50.0,0.3305332595671181,99,42.172699494864275,10.497675676882015,52.67037517174629,47.70000000000003
1162,27,5,1.4910830779249769,2.888888888888889,5.922222222222227,10.684444444444436,52.574074074074076,31.92222222222223,1.391853355255576,101.5925925925926,4.081545640044917,7.0,6.400000000000002,10.879999999999999,54.5,2.5795577010544917,106,0.27101669291982167,1.0,5.600000000000005,10.459999999999996,50.0,0.5420333858396433,99,40.25924310397438,6.959266776277881,47.218509880252256,36.30000000000002
1163,26,6,1.3694449188495421,2.8846153846153846,5.923076923076928,10.6976923076923,52.51923076923077,28.357692307692314,0.8425300161390815,101.84615384615384,3.495579611527868,7.0,6.400000000000002,10.879999999999999,54.5,1.5795577010544917,106,0.27101669291982167,1.0,5.600000000000005,10.459999999999996,50.0,0.1507874350881151,100,35.605567890088096,5.055180096834489,40.66074798692259,12.200000000000006
1164,28,2,1.244295645806417,2.7857142857142856,5.91428571428572,10.697857142857135,52.42857142857143,27.153571428571436,0.3351127859469478,101.96428571428571,3.495579611527868,7.0,6.400000000000002,10.879999999999999,54.5,0.5795577010544917,106,0.2550966025028073,1.0,5.600000000000005,10.459999999999996,50.0,0.09066787083940397,100,34.84027808257967,0.6702255718938956,35.51050365447357,0.0
1165,27,1,1.2612288314205813,2.7777777777777777,5.914814814814821,10.699999999999992,52.425925925925924,27.870370370370377,0.7870996342239778,102.03703703703704,3.495579611527868,7.0,6.400000000000002,10.879999999999999,54.5,0.7870996342239778,106,0.2550966025028073,1.0,5.600000000000005,10.459999999999996,50.0,0.7870996342239778,100,34.053178448355695,0.7870996342239778,34.84027808257967,23.700000000000017
1166,26,1,1.254383358142424,2.730769230769231,5.919230769230774,10.695384615384608,52.44230769230769,30.207692307692312,1.4392111366526716,102.07692307692308,3.495579611527868,7.0,6.400000000000002,10.879999999999999,54.5,1.4392111366526716,106,0.2550966025028073,1.0,5.600000000000005,10.459999999999996,50.0,1.4392111366526716,100,32.61396731170302,1.4392111366526716,34.053178448355695,63.90000000000005
1167,26,0,1.2712760941675267,2.730769230769231,5.919230769230774,10.69538461538461,52.44230769230769,32.77307692307693,0.0,102.07692307692308,3.495579611527868,7.0,6.400000000000002,10.879999999999999,54.5,0.0,106,0.2550966025028073,1.0,5.600000000000005,10.459999999999996,50.0,0.0,100,33.053178448355695,0.0,33.053178448355695,40.70000000000003
1168,24,2,1.222165336781537,2.625,5.9166666666666705,10.699999999999996,52.416666666666664,33.54166666666667,1.8606051827994075,102.16666666666667,3.495579611527868,7.0,6.400000000000002,10.879999999999999,54.5,2.0136393968429163,106,0.2550966025028073,1.0,5.600000000000005,10.459999999999996,50.0,1.7075709687558986,100,29.331968082756887,3.721210365598815,33.0531784483557,34.90000000000003
1169,23,3,1.2153967945377326,2.652173913043478,5.904347826086959,10.69739130434782,52.391304347826086,35.00000000000001,1.0330173913292826,102.21739130434783,3.495579611527868,7.0,6.400000000000002,10.879999999999999,54.5,1.3778418083890325,106,0.2550966025028073,1.0,5.600000000000005,10.459999999999996,50.0,0.7075709687558986,100,27.95412627436785,3.0990521739878476,31.0531784483557,29.00000000000002
1170,20,4,1.2376796116037796,2.65,5.885000000000003,10.690999999999997,52.5,34.94500000000001,0.8980038118810525,102.1,3.495579611527868,7.0,6.3000000000000025,10.879999999999999,54.5,1.5906745250373089,106,0.27101669291982167,1.0,5.600000000000005,10.459999999999996,51.0,0.2550966025028073,100,24.75359223207559,3.59201524752421,28.3456074795998,34.800000000000026
1171,19,2,1.2685056912452326,2.6842105263157894,5.88947368421053,10.690526315789468,52.578947368421055,35.11578947368421,0.805530467524269,102.10526315789474,3.495579611527868,7.0,6.3000000000000025,10.879999999999999,54.5,1.0203864100112292,106,0.27101669291982167,1.0,5.600000000000005,10.459999999999996,51.0,0.5906745250373089,100,24.10160813365942,1.611060935048538,25.712669068707957,0.0
1172,19,0,1.2695786601931922,2.6842105263157894,5.88947368421053,10.690526315789468,52.578947368421055,37.03684210526317,0.0,102.10526315789474,3.495579611527868,7.0,6.3000000000000025,10.879999999999999,54.5,0.0,106,0.27101669291982167,1.0,5.600000000000005,10.459999999999996,51.0,0.0,100,24.121994543670652,0.0,24.121994543670652,17.500000000000014
1173,18,1,1.268696774894921,2.7222222222222223,5.86666666666667,10.679999999999994,52.583333333333336,38.16666666666667,1.2854525955620781,101.88888888888889,3.495579611527868,7.0,6.3000000000000025,10.879999999999999,54.5,1.2854525955620781,106,0.27101669291982167,1.0,5.600000000000005,10.459999999999996,51.0,1.2854525955620781,100,22.836541948108575,1.2854525955620781,24.121994543670652,17.500000000000014
1174,16,3,1.3096802347245498,2.75,5.8625000000000025,10.692499999999995,52.65625,39.50625000000001,0.7223702626926185,101.9375,3.495579611527868,7.0,6.3000000000000025,10.879999999999999,54.5,1.149588918191567,106,0.27101669291982167,1.0,5.600000000000005,10.519999999999996,51.0,0.28545259556207814,100,20.954883755592796,2.1671107880778555,23.121994543670652,34.800000000000026
1175,13,4,1.227059180016033,2.769230769230769,5.884615384615389,10.695384615384613,52.65384615384615,39.00769230769231,1.2881758333939826,101.92307692307692,3.495579611527868,7.0,6.3000000000000025,10.879999999999999,54.5,2.5160978729212142,106,0.27101669291982167,1.0,5.700000000000005,10.519999999999996,51.0,0.14958891819156706,100,15.95176934020843,5.15270333357593,21.10447267378436,29.100000000000023
1176,11,3,1.252015897948941,2.5454545454545454,5.900000000000003,10.694545454545452,52.77272727272727,37.75454545454546,1.394236292718147,101.81818181818181,3.8133862647812156,7.0,6.3000000000000025,10.879999999999999,54.5,1.966821501006581,106,0.27101669291982167,1.0,5.700000000000005,10.519999999999996,51.0,0.6997895042266458,100,13.772174877438353,4.1827088781544415,17.954883755592796,0.0
1177,11,2,1.252015897948941,2.5454545454545454,5.900000000000003,10.694545454545452,52.77272727272727,38.75454545454546,0.7414596869638976,101.81818181818181,3.8133862647812156,7.0,6.3000000000000025,10.879999999999999,54.5,0.966821501006581,106,0.27101669291982167,1.0,5.700000000000005,10.519999999999996,51.0,0.5160978729212142,100,13.772174877438353,1.4829193739277953,15.255094251366149,0.0
1178,9,2,1.0684695671717783,2.111111111111111,5.944444444444447,10.693333333333332,52.77777777777778,36.81111111111112,2.0779743864461735,102.0,3.8133862647812156,6.0,6.3000000000000025,10.879999999999999,54.5,3.4948822537581106,106,0.27101669291982167,1.0,5.800000000000004,10.519999999999996,51.0,0.6610665191342362,100,9.616226104546005,4.155948772892347,13.772174877438353,0.0
1179,9,1,1.0684695671717783,2.111111111111111,5.944444444444447,10.693333333333332,52.77777777777778,37.81111111111112,2.4948822537581106,102.0,3.8133862647812156,6.0,6.3000000000000025,10.879999999999999,54.5,2.4948822537581106,106,0.27101669291982167,1.0,5.800000000000004,10.519999999999996,51.0,2.4948822537581106,100,9.616226104546005,2.4948822537581106,12.111108358304115,0.0
1180,9,1,1.0684695671717783,2.111111111111111,5.944444444444447,10.693333333333332,52.77777777777778,38.81111111111112,1.4948822537581106,102.0,3.8133862647812156,6.0,6.3000000000000025,10.879999999999999,54.5,1.4948822537581106,106,0.27101669291982167,1.0,5.800000000000004,10.519999999999996,51.0,1.4948822537581106,100,9.616226104546005,1.4948822537581106,11.111108358304115,0.0
1181,9,1,1.0684695671717783,2.111111111111111,5.944444444444448,10.693333333333332,52.77777777777778,39.81111111111112,0.49488225375811057,102.0,3.8133862647812156,6.0,6.3000000000000025,10.879999999999999,54.5,0.49488225375811057,106,0.27101669291982167,1.0,5.800000000000004,10.519999999999996,51.0,0.49488225375811057,100,9.616226104546005,0.49488225375811057,10.111108358304115,0.0
1182,9,0,1.0684695671717783,2.111111111111111,5.944444444444448,10.693333333333332,52.77777777777778,40.81111111111112,0.0,102.0,3.8133862647812156,6.0,6.3000000000000025,10.879999999999999,54.5,0.0,106,0.27101669291982167,1.0,5.800000000000004,10.519999999999996,51.0,0.0,100,9.616226104546005,0.0,9.616226104546005,0.0
1183,8,1,1.0299991609470223,2.125,5.962500000000004,10.707499999999998,52.8125,40.42500000000001,1.3762328169698268,102.25,3.8133862647812156,6.0,6.3000000000000025,10.879999999999999,54.5,1.3762328169698268,106,0.27101669291982167,1.0,5.800000000000004,10.519999999999996,51.0,1.3762328169698268,101,8.239993287576178,1.3762328169698268,9.616226104546005,0.0
1184,8,1,1.0299991609470223,2.125,5.962500000000004,10.707499999999998,52.8125,41.42500000000001,0.3762328169698268,102.25,3.8133862647812156,6.0,6.3000000000000025,10.879999999999999,54.5,0.3762328169698268,106,0.27101669291982167,1.0,5.800000000000004,10.519999999999996,51.0,0.3762328169698268,101,8.239993287576178,0.3762328169698268,8.616226104546005,0.0
1185,8,0,1.0299991609470223,2.125,5.962500000000004,10.707499999999998,52.8125,42.42500000000001,0.0,102.25,3.8133862647812156,6.0,6.3000000000000025,10.879999999999999,54.5,0.0,106,0.27101669291982167,1.0,5.800000000000004,10.519999999999996,51.0,0.0,101,8.239993287576178,0.0,8.239993287576178,0.0
1186,8,0,1.0299991609470223,2.125,5.962500000000004,10.707499999999998,52.8125,43.42500000000001,0.0,102.25,3.8133862647812156,6.0,6.3000000000000025,10.879999999999999,54.5,0.0,106,0.27101669291982167,1.0,5.800000000000004,10.519999999999996,51.0,0.0,101,8.239993287576178,0.0,8.239993287576178,0.0
1187,8,0,1.0299991609470223,2.125,5.962500000000004,10.707499999999998,52.8125,44.425000000000004,0.0,102.25,3.8133862647812156,6.0,6.3000000000000025,10.879999999999999,54.5,0.0,106,0.27101669291982167,1.0,5.800000000000004,10.519999999999996,51.0,0.0,101,8.239993287576178,0.0,8.239993287576178,0.0
1188,6,2,0.6925983883125237,1.5,5.9166666666666705,10.669999999999996,53.0,43.01666666666667,2.0422014788505187,101.83333333333333,1.0753937175440575,3.0,6.100000000000003,10.879999999999999,54.5,3.8133862647812156,103,0.355004177946324,1.0,5.800000000000004,10.519999999999996,51.0,0.27101669291982167,101,4.155590329875142,4.0844029577010375,8.23999328757618,0.0
1189,5,3,0.616039322466217,1.2,5.940000000000003,10.627999999999997,53.4,42.620000000000005,26.629593327441757,101.6,1.0068196984214581,2.0,6.100000000000003,10.879999999999999,54.5,76.0,102,0.355004177946324,1.0,5.800000000000004,10.519999999999996,52.5,1.0753937175440575,101,3.080196612331085,79.88877998232527,82.96897659465635,0.0
1190,5,4,0.616039322466217,1.2,5.940000000000003,10.627999999999997,53.4,43.620000000000005,20.72219499558132,101.6,1.0068196984214581,2.0,6.100000000000003,10.879999999999999,54.5,75.0,102,0.355004177946324,1.0,5.800000000000004,10.519999999999996,52.5,0.07539371754405755,101,3.080196612331085,82.88877998232527,85.96897659465635,0.0
1191,4,4,0.8846446747914941,1.25,5.900000000000004,10.624999999999996,53.125,42.025000000000006,37.838751044486585,101.5,1.3979912093861167,2.0,6.0000000000000036,10.879999999999999,54.5,74.0,102,0.545333935419702,1.0,5.800000000000004,10.519999999999996,52.5,0.355004177946324,101,3.5385786991659764,151.35500417794634,154.89358287711232,0.0
1192,3,6,0.7647497196844054,1.3333333333333333,5.933333333333337,10.659999999999997,53.166666666666664,39.366666666666674,25.982471956294372,101.66666666666667,1.0068196984214581,2.0,6.0000000000000036,10.879999999999999,54.5,73.0,102,0.5884338559386998,1.0,5.800000000000004,10.519999999999996,52.5,0.34949780234652916,101,2.294249159053216,155.89483173776622,158.18908089681943,0.0
1193,3,5,0.7647497196844054,1.3333333333333333,5.933333333333337,10.659999999999997,53.166666666666664,40.03333333333334,47.4,101.66666666666667,1.0068196984214581,2.0,6.0000000000000036,10.879999999999999,54.5,86.0,102,0.5884338559386998,1.0,5.800000000000004,10.519999999999996,52.5,3.0,101,2.294249159053216,237.0,239.2942491590532,0.0
1194,3,6,0.7647497196844054,1.3333333333333333,5.933333333333337,10.659999999999997,53.166666666666664,41.03333333333334,41.166666666666664,101.66666666666667,1.0068196984214581,2.0,6.0000000000000036,10.879999999999999,54.5,85.0,102,0.5884338559386998,1.0,5.800000000000004,10.519999999999996,52.5,2.0,101,2.294249159053216,247.0,249.2942491590532,0.0
1195,2,8,0.7976267771800789,1.5,6.0000000000000036,10.549999999999997,52.5,35.45,33.58737445058664,101.5,1.0068196984214581,2.0,6.0000000000000036,10.579999999999997,52.5,84.0,102,0.5884338559386998,1.0,6.0000000000000036,10.519999999999996,52.5,0.6989956046930583,101,1.5952535543601578,268.6989956046931,270.29424915905327,0.0
1196,2,7,0.7976267771800789,1.5,6.0000000000000036,10.549999999999997,52.5,36.45,40.285714285714285,101.5,1.0068196984214581,2.0,6.0000000000000036,10.579999999999997,52.5,83.0,102,0.5884338559386998,1.0,6.0000000000000036,10.519999999999996,52.5,3.0,101,1.5952535543601578,282.0,283.59525355436017,0.0
1197,2,8,0.7976267771800789,1.5,6.0000000000000036,10.549999999999997,52.5,37.45,37.5,101.5,1.0068196984214581,2.0,6.0000000000000036,10.579999999999997,52.5,82.0,102,0.5884338559386998,1.0,6.0000000000000036,10.519999999999996,52.5,2.0,101,1.5952535543601578,300.0,301.59525355436017,0.0
1198,2,9,0.7976267771800789,1.5,6.0000000000000036,10.549999999999997,52.5,38.45,33.888888888888886,101.5,1.0068196984214581,2.0,6.0000000000000036,10.579999999999997,52.5,81.0,102,0.5884338559386998,1.0,6.0000000000000036,10.519999999999996,52.5,1.0,101,1.5952535543601578,305.0,306.59525355436017,0.0
1199,2,8,5.797626777180079,1.5,6.0000000000000036,10.549999999999997,52.5,39.45,36.0,101.5,10.5884338559387,2.0,6.0000000000000036,10.579999999999997,52.5,80.0,102,1.0068196984214581,1.0,6.0000000000000036,10.519999999999996,52.5,2.0,101,11.595253554360157,288.0,299.59525355436017,0.0
1200,3,8,29.316048363458492,1.6666666666666667,6.033333333333336,10.539999999999997,52.333333333333336,26.633333333333336,31.875,101.66666666666667,80.00681969842145,2.0,6.100000000000003,10.579999999999997,52.5,65.0,102,2.647108463984675,1.0,6.0000000000000036,10.519999999999996,52.0,1.0,101,87.94814509037548,255.0,342.9481450903755,0.0
1201,5,9,12.927510917157855,1.4,6.080000000000003,10.567999999999998,52.3,15.98,38.36928380355471,102.2,40.003409849210726,2.0,6.200000000000003,10.639999999999997,52.5,97.0,103,0.6617771159961687,1.0,6.0000000000000036,10.519999999999996,52.0,1.3235542319923375,101,64.63755458578927,345.3235542319924,409.9611088177817,0.0
1202,8,10,6.121812347042384,1.625,6.062500000000002,10.572499999999998,52.3125,10.1125,42.132355423199236,102.5,20.001704924605363,2.0,6.200000000000003,10.639999999999997,52.5,96.0,104,0.6617771159961687,1.0,6.0000000000000036,10.519999999999996,52.0,0.32355423199233746,101,48.974498776339075,421.3235542319924,470.29805300833146,0.0
1203,12,11,2.907703173556234,1.9166666666666667,6.050000000000003,10.589999999999998,52.291666666666664,6.991666666666667,41.40911028323415,102.83333333333333,10.000852462302682,3.0,6.200000000000003,10.699999999999998,52.5,95.0,105,0.33088855799808436,1.0,5.900000000000004,10.519999999999996,52.0,2.5002131155756704,101,34.89243808267481,455.50021311557566,490.39265119825046,0.0
1204,16,12,1.829184910789347,2.0,6.037500000000004,10.591249999999995,52.3125,5.61875,44.625017759631305,103.125,5.000426231151341,3.0,6.200000000000003,10.699999999999998,53.0,94.0,105,0.33088855799808436,1.0,5.900000000000004,10.519999999999996,51.5,1.5002131155756704,101,29.26695857262955,535.5002131155757,564.7671716882052,0.0
1205,18,13,1.549556213973526,1.9444444444444444,6.038888888888892,10.58666666666666,52.30555555555556,5.550000000000001,51.07692307692308,103.22222222222223,5.000426231151341,3.0,6.200000000000003,10.699999999999998,53.0,93.0,105,0.33088855799808436,1.0,5.900000000000004,10.519999999999996,51.5,6.0,101,27.892011851523467,664.0,691.8920118515234,0.0
1206,19,14,5.698260977506818,1.894736842105263,6.031578947368424,10.583157894736836,52.28947368421053,6.6684210526315795,49.57142857142857,103.26315789473684,81.33088855799808,3.0,6.200000000000003,10.699999999999998,53.0,97.0,105,0.6250532788939176,1.0,5.900000000000004,10.519999999999996,51.5,5.0,101,108.26695857262955,694.0,802.2669585726295,11.800000000000008
1207,20,16,4.396711821656501,1.85,6.030000000000003,10.582999999999993,52.25,8.995000000000001,52.75,103.25,40.66544427899904,3.0,6.200000000000003,10.699999999999998,53.0,96.0,105,0.6250532788939176,1.0,5.900000000000004,10.519999999999996,51.5,4.0,101,87.93423643313001,844.0,931.93423643313,36.20000000000002
1208,20,18,8.380054403123957,1.9,6.035000000000004,10.585999999999993,52.225,9.395000000000001,44.33797815366812,103.3,81.25010655778783,3.0,6.200000000000003,10.699999999999998,53.0,95.0,105,0.6250532788939176,1.0,5.900000000000004,10.519999999999996,51.5,2.0,101,167.60108806247914,798.0836067660262,965.6846948285053,54.20000000000003
1209,24,18,5.346254164374451,1.9583333333333333,6.025000000000003,10.587499999999991,52.166666666666664,9.975000000000003,43.47163576969991,103.45833333333333,40.625053278893915,4.0,6.200000000000003,10.699999999999998,53.0,94.0,106,0.6250532788939176,1.0,5.800000000000004,10.519999999999996,51.5,1.0,101,128.31009994498683,782.4894438545983,910.7995437995852,36.50000000000002
1210,31,20,3.265707142474764,2.064516129032258,6.01935483870968,10.593548387096765,52.11290322580645,7.787096774193551,39.64115446553664,103.80645161290323,20.312526639446958,4.0,6.200000000000003,10.699999999999998,53.0,93.0,106,0.6250532788939176,1.0,5.800000000000004,10.459999999999996,51.5,0.6617771159961687,102,101.23692141671768,792.8230893107327,894.0600107274504,42.40000000000002
1211,38,18,5.879618012333909,2.0526315789473686,6.010526315789477,10.597368421052622,52.10526315789474,7.62105263157895,40.98220541609959,104.07894736842105,92.66177711599617,4.0,6.200000000000003,10.759999999999998,53.0,89.0,107,0.31769878342968,1.0,5.700000000000005,10.459999999999996,51.5,1.60156582993087,102,223.42548446868852,737.6796974897926,961.1051819584811,30.200000000000017
1212,46,22,3.8473603137995664,2.0652173913043477,5.986956521739134,10.603478260869554,52.108695652173914,8.280434782608697,36.77184970546971,104.3695652173913,46.33088855799809,4.0,6.200000000000003,10.759999999999998,53.0,88.0,108,0.31769878342968,1.0,5.600000000000005,10.459999999999996,51.5,0.6015658299308699,102,176.97857443478006,808.9806935203337,985.9592679551138,120.60000000000007
1213,54,17,4.282494615038396,2.0555555555555554,5.979629629629631,10.603333333333326,52.06481481481482,9.400000000000002,41.47824879656188,104.48148148148148,64.62505327889392,4.0,6.200000000000003,10.759999999999998,53.0,87.0,108,0.281316598617397,1.0,5.600000000000005,10.459999999999996,51.0,0.3173832287413587,102,231.25470921207338,705.1302295415519,936.3849387536253,150.60000000000008
1214,61,16,4.6911658140252905,2.098360655737705,5.9950819672131175,10.601639344262288,52.0655737704918,10.813114754098365,38.161462103153156,104.55737704918033,84.63476645748271,4.0,6.200000000000003,10.759999999999998,53.0,86.0,108,0.281316598617397,1.0,5.600000000000005,10.459999999999996,51.0,2.5002131155756704,102,286.16111465554275,610.5833936504505,896.7445083059932,226.30000000000013
1215,75,14,4.359801804553105,2.066666666666667,6.013333333333335,10.599199999999998,52.06,12.00266666666667,37.10715807968398,104.64,76.79136106974975,4.0,6.3000000000000025,10.759999999999998,53.0,85.0,108,0.281316598617397,1.0,5.600000000000005,10.459999999999996,51.0,1.5002131155756704,102,326.9851353414829,519.5002131155757,846.4853484570585,195.60000000000014
1216,78,18,3.731848593615454,2.076923076923077,6.01794871794872,10.595384615384615,52.083333333333336,12.855128205128212,27.004865807078552,104.67948717948718,49.76563165986174,4.0,6.3000000000000025,10.759999999999998,53.5,84.0,109,0.281316598617397,1.0,5.600000000000005,10.459999999999996,51.0,0.36196006685936005,102,291.0841903020054,486.0875845274139,777.1717748294193,268.40000000000015
1217,81,15,4.161963733289551,2.0617283950617282,6.029629629629632,10.592592592592593,52.123456790123456,14.24197530864198,25.97552708229356,104.80246913580247,78.63476645748271,4.0,6.3000000000000025,10.819999999999999,53.5,83.0,109,0.281316598617397,1.0,5.600000000000005,10.459999999999996,51.0,1.6640924693778287,102,337.1190623964536,389.6329062344034,726.7519686308569,316.7000000000002
1218,82,20,3.5424182883795847,2.073170731707317,6.036585365853661,10.599756097560977,52.146341463414636,12.113414634146347,18.832099552245815,105.1951219512195,39.317383228741356,4.0,6.3000000000000025,10.819999999999999,53.5,82.0,110,0.281316598617397,1.0,5.500000000000005,10.459999999999996,51.0,0.28904817514451997,102,290.47829964712594,376.6419910449163,667.1202906920423,299.4000000000002
1219,94,11,2.9161589360498015,2.127659574468085,6.0265957446808525,10.600425531914897,52.170212765957444,13.352127659574467,31.776508206130675,105.46808510638297,38.39568053487488,5.0,6.3000000000000025,10.819999999999999,53.5,81.0,110,0.281316598617397,1.0,5.500000000000005,10.459999999999996,51.0,1.0,102,274.11893998868135,349.5415902674374,623.6605302561188,199.80000000000013
1220,95,16,2.6743370573530494,2.136842105263158,6.021052631578947,10.598947368421058,52.18421052631579,15.866315789473681,21.610857963828646,105.62105263157895,38.39568053487488,5.0,6.400000000000002,10.819999999999999,53.5,80.0,111,0.281316598617397,1.0,5.400000000000006,10.459999999999996,51.0,0.25244161437067936,102,254.0620204485397,345.77372742125834,599.8357478697981,343.9000000000002
1221,96,16,2.3473746519188396,2.1458333333333335,6.014583333333337,10.598125000000005,52.177083333333336,18.201041666666658,21.849063817782028,105.80208333333333,38.39568053487488,5.0,6.400000000000002,10.879999999999999,53.5,79.0,111,0.281316598617397,1.0,5.400000000000006,10.459999999999996,51.0,0.92964452543356,102,225.34796658420862,349.58502108451245,574.9329876687211,438.4000000000002
1222,93,16,2.206085232219441,2.118279569892473,6.013978494623658,10.598064516129039,52.16129032258065,20.281720430107526,21.910474576228236,105.88172043010752,38.39568053487488,5.0,6.400000000000002,10.879999999999999,53.5,78.0,111,0.281316598617397,1.0,5.400000000000006,10.459999999999996,51.0,0.22866822589816738,102,205.165926596408,350.56759321965177,555.7335198160598,443.7000000000002
1223,90,18,2.2976236715726626,2.022222222222222,6.00777777777778,10.598000000000004,52.205555555555556,22.279999999999998,18.262325063621496,106.08888888888889,38.39568053487488,5.0,6.400000000000002,10.879999999999999,54.0,77.0,111,0.281316598617397,1.0,5.400000000000006,10.459999999999996,51.0,0.29996625417871,103,206.78613044153963,328.7218511451869,535.5079815867266,440.2000000000003
1224,85,19,2.040312820313544,2.0,6.0094117647058845,10.592705882352945,52.241176470588236,22.54352941176471,17.71285325613948,106.10588235294118,38.39568053487488,5.0,6.400000000000002,10.879999999999999,54.0,76.0,111,0.281316598617397,1.0,5.400000000000006,10.459999999999996,51.0,0.5048832287413587,103,173.42658972665123,336.5442118666501,509.9708015933013,330.8000000000002
1225,82,18,1.6524231472982447,2.0365853658536586,6.002439024390245,10.587317073170732,52.25,24.13048780487805,19.52468821598023,106.1219512195122,6.595718468338087,5.0,6.400000000000002,10.819999999999999,54.0,75.0,111,0.281316598617397,1.0,5.400000000000006,10.459999999999996,51.0,0.29996625417871,103,135.49869807845607,351.44438788764415,486.9430859661002,263.50000000000017
1226,81,13,2.0461254949098295,2.074074074074074,5.993827160493828,10.582222222222223,52.26543209876543,26.59876543209877,23.36786348594439,106.12345679012346,38.84352080231232,5.0,6.400000000000002,10.819999999999999,54.0,74.0,111,0.281316598617397,1.0,5.400000000000006,10.459999999999996,51.0,0.7324376921716318,103,165.73616508769618,303.7822253172771,469.5183904049733,316.7000000000002
1227,72,18,1.4908052331682553,2.111111111111111,6.005555555555556,10.58,52.236111111111114,28.097222222222232,19.413776440260403,106.04166666666667,6.595718468338087,5.0,6.400000000000002,10.819999999999999,54.0,73.0,111,0.281316598617397,1.0,5.400000000000006,10.459999999999996,51.0,0.36974399698568916,103,107.33797678811437,349.4479759246872,456.7859527128016,333.40000000000026
1228,69,16,2.063630493880893,2.072463768115942,6.00144927536232,10.578260869565213,52.2463768115942,27.69275362318842,18.327239327673496,106.18840579710145,38.20548086917168,5.0,6.400000000000002,10.879999999999999,54.0,72.0,111,0.2883499857199884,1.0,5.400000000000006,10.459999999999996,51.0,0.46482226271678,103,142.3905040777816,293.23582924277594,435.62633332055753,155.8000000000001
1229,68,15,1.9391653910878228,2.0588235294117645,6.000000000000002,10.579117647058823,52.26470588235294,27.722058823529423,18.40394285455809,106.26470588235294,19.10274043458584,5.0,6.400000000000002,10.879999999999999,54.0,71.0,111,0.2883499857199884,1.0,5.400000000000006,10.459999999999996,50.5,0.4003914574827175,103,131.86324659397195,276.05914281837136,407.9223894123433,190.5000000000001
1230,64,14,1.8725991610761734,2.125,6.014062500000002,10.578124999999998,52.2734375,27.03750000000001,19.269948940171332,106.265625,19.10274043458584,5.0,6.400000000000002,10.879999999999999,54.0,70.0,111,0.2883499857199884,1.0,5.400000000000006,10.459999999999996,50.5,0.8320462346889144,103,119.8463463088751,269.77928516239865,389.6256314712738,166.5000000000001
1231,65,14,1.5831662106899493,2.1538461538461537,6.020000000000004,10.571692307692304,52.253846153846155,25.22769230769232,19.156098570626597,106.47692307692307,19.10274043458584,5.0,6.400000000000002,10.879999999999999,54.0,69.0,111,0.25068691216243294,1.0,5.400000000000006,10.399999999999995,50.0,0.27079513371872,103,102.90580369484671,268.18537998877235,371.0911836836191,196.70000000000013
1232,63,12,1.6356465746993458,2.2063492063492065,6.014285714285718,10.570476190476187,52.24603174603175,28.517460317460337,21.093707079043316,106.55555555555556,19.10274043458584,5.0,6.400000000000002,10.879999999999999,54.0,68.0,111,0.25068691216243294,1.0,5.400000000000006,10.399999999999995,50.0,0.2801964414017952,103,103.04573420605878,253.12448494851978,356.17021915457855,262.40000000000015
1233,55,18,1.5123628387367858,2.1454545454545455,6.001818181818185,10.562545454545447,52.19090909090909,28.176363636363646,14.442869533380023,106.6,19.10274043458584,5.0,6.400000000000002,10.879999999999999,54.0,67.0,111,0.25068691216243294,1.0,5.400000000000006,10.399999999999995,50.0,0.5013738243248659,103,83.17995613052322,259.9716516008404,343.15160773136364,326.1000000000002
1234,55,13,1.522061767612833,2.1272727272727274,6.003636363636366,10.567999999999994,52.18181818181818,28.861818181818187,18.55867076582376,106.9090909090909,19.10274043458584,5.0,6.400000000000002,10.879999999999999,54.0,66.0,112,0.25068691216243294,1.0,5.400000000000006,10.399999999999995,50.0,0.36196006685936005,103,83.71339721870581,241.26271995570886,324.97611717441464,157.00000000000009
1235,52,11,1.389744852056548,2.1346153846153846,6.023076923076925,10.567307692307683,52.13461538461539,30.728846153846156,21.43580761574306,106.92307692307692,9.55137021729292,5.0,6.400000000000002,10.879999999999999,54.0,65.0,112,0.25068691216243294,1.0,5.400000000000006,10.399999999999995,50.0,0.5358352823727093,103,72.2667323069405,235.79388377317363,308.06061608011413,258.8000000000001
1236,47,14,1.2543849432648593,2.127659574468085,5.989361702127662,10.573617021276585,52.244680851063826,30.342553191489383,16.908717520679122,107.40425531914893,6.031380863411203,5.0,6.400000000000002,10.879999999999999,54.0,64.0,112,0.25068691216243294,1.0,5.400000000000006,10.399999999999995,50.5,0.5309125417871,103,58.95609233344838,236.7220452895077,295.67813762295606,230.60000000000014
1237,35,20,1.4031358184182057,2.2285714285714286,6.005714285714289,10.588571428571422,52.15714285714286,25.148571428571437,11.59369463674907,108.0,9.15130272565034,6.0,6.400000000000002,10.94,54.0,63.0,112,0.25068691216243294,1.0,5.400000000000006,10.399999999999995,50.5,0.3274500835742001,104,49.1097536446372,231.8738927349814,280.9836463796186,204.80000000000013
1238,32,13,1.2044751624213372,2.28125,6.018750000000005,10.587499999999991,52.125,26.59062500000001,17.273642354352305,108.21875,4.516423998244338,6.0,6.400000000000002,10.94,54.0,62.0,112,0.25068691216243294,1.0,5.400000000000006,10.399999999999995,50.5,0.3643341129490837,104,38.54320519748279,224.55735060657994,263.10055580406276,166.50000000000009
1239,27,12,1.5862373911222434,2.3703703703703702,5.96666666666667,10.58666666666666,52.27777777777778,27.640740740740753,17.339005578418572,108.33333333333333,8.813060317581959,6.0,6.400000000000002,10.94,54.0,61.0,112,0.29294010028904005,1.0,5.400000000000006,10.399999999999995,51.0,0.5969606385808075,104,42.82840956030057,208.06806694102286,250.89647650132343,155.50000000000006
1240,28,10,1.3170552749238058,2.3214285714285716,5.957142857142862,10.59714285714285,52.375,26.04642857142858,19.95660372285017,108.35714285714286,4.516423998244338,6.0,6.400000000000002,10.94,54.0,60.0,112,0.2707573312531814,1.0,5.400000000000006,10.399999999999995,51.0,0.043769420965809935,104,36.87754769786656,199.56603722850167,236.44358492636823,72.40000000000003
1241,25,13,1.1326805311066652,2.4,5.960000000000004,10.618399999999994,52.54,23.660000000000014,15.186950262937627,108.68,4.516423998244338,6.0,6.3000000000000025,10.94,54.0,59.0,112,0.2707573312531814,1.0,5.400000000000006,10.399999999999995,51.0,0.4478402674374402,104,28.317013277666632,197.43035341818916,225.7473666958558,134.00000000000006
1242,23,11,0.9929629926624395,2.347826086956522,5.95652173913044,10.619130434782605,52.56521739130435,24.53478260869566,17.354958287457716,108.78260869565217,2.7930024992571743,6.0,6.3000000000000025,10.94,54.0,58.0,112,0.2707573312531814,1.0,5.400000000000006,10.399999999999995,51.0,0.2754081349244362,104,22.838148831236108,190.90454116203486,213.74268999327097,60.10000000000004
1243,24,7,0.95287901636967,2.375,5.966666666666671,10.619999999999997,52.645833333333336,27.83750000000002,25.788060571177763,108.66666666666667,2.7930024992571743,6.0,6.3000000000000025,10.94,54.5,57.0,112,0.2707573312531814,1.0,5.400000000000006,10.399999999999995,51.0,1.0,104,22.86909639287208,180.51642399824433,203.38552039111642,82.80000000000005
1244,19,11,0.9145355285476576,2.3684210526315788,5.97368421052632,10.636842105263153,52.94736842105263,28.668421052631594,16.273576849882808,108.6842105263158,2.7930024992571743,6.0,6.3000000000000025,10.879999999999999,54.5,56.0,112,0.2707573312531814,1.0,5.400000000000006,10.399999999999995,51.5,0.29294010028904005,105,17.376175042405496,179.0093453487109,196.3855203911164,119.20000000000007
1245,16,10,1.1177111506989552,2.375,6.012500000000004,10.643749999999995,52.96875,26.812500000000014,16.864074850772575,108.3125,2.7930024992571743,6.0,6.3000000000000025,10.879999999999999,54.5,55.0,112,0.3220531075942341,1.0,5.500000000000005,10.399999999999995,51.5,0.28314502533342933,105,17.883378411183283,168.64074850772576,186.52412691890905,34.60000000000002
1246,16,7,0.8980541631155674,2.375,6.000000000000003,10.632499999999997,52.90625,22.38125000000001,23.36602086364137,108.875,2.7930024992571743,6.0,6.3000000000000025,10.879999999999999,54.5,54.0,112,0.3220531075942341,1.0,5.500000000000005,10.399999999999995,51.5,1.1016325396977449,106,14.368866609849078,163.56214604548958,177.93101265533866,24.80000000000001
1247,16,5,0.933188290958668,2.375,6.000000000000003,10.632499999999999,52.90625,23.25625000000001,31.2,108.875,2.7930024992571743,6.0,6.3000000000000025,10.879999999999999,54.5,53.0,112,0.3220531075942341,1.0,5.500000000000005,10.399999999999995,51.5,16.0,106,14.931012655338687,156.0,170.9310126553387,0.0
1248,14,7,0.8375555537007416,2.357142857142857,6.014285714285718,10.627142857142855,53.035714285714285,24.24285714285715,22.029319271932614,108.5,1.5078452158528008,6.0,6.3000000000000025,10.879999999999999,54.5,52.0,112,0.3220531075942341,1.0,5.700000000000005,10.399999999999995,51.5,0.41223240427113045,106,11.725777751810384,154.2052349035283,165.9310126553387,69.50000000000006
1249,14,5,0.9656271607905401,2.357142857142857,6.014285714285718,10.627142857142855,53.035714285714285,26.07142857142858,29.2,108.5,3.1588535214702254,6.0,6.3000000000000025,10.879999999999999,54.5,51.0,112,0.3220531075942341,1.0,5.700000000000005,10.399999999999995,51.5,14.0,106,13.518780251067561,146.0,159.51878025106757,11.600000000000009
1250,13,7,0.888173213504399,2.5384615384615383,6.00769230769231,10.626153846153844,53.23076923076923,23.55384615384616,20.311830727877545,108.38461538461539,1.5794267607351127,6.0,6.3000000000000025,10.699999999999998,54.5,50.0,112,0.44679533237437996,1.0,5.700000000000005,10.399999999999995,51.5,0.3220531075942341,106,11.546251775557188,142.18281509514281,153.7290668707,35.00000000000003
1251,13,5,0.888173213504399,2.5384615384615383,6.00769230769231,10.626153846153844,53.23076923076923,24.47692307692308,27.2,108.38461538461539,1.5794267607351127,6.0,6.3000000000000025,10.699999999999998,54.5,49.0,112,0.44679533237437996,1.0,5.700000000000005,10.399999999999995,51.5,12.0,106,11.546251775557188,136.0,147.54625177555718,0.0
1252,13,5,0.888173213504399,2.5384615384615383,6.00769230769231,10.626153846153844,53.23076923076923,27.71538461538463,26.2,108.38461538461539,1.5794267607351127,6.0,6.3000000000000025,10.699999999999998,54.5,48.0,112,0.44679533237437996,1.0,5.700000000000005,10.399999999999995,51.5,11.0,106,11.546251775557188,131.0,142.54625177555718,29.100000000000023
1253,12,6,0.8365338799753653,2.25,5.991666666666671,10.624999999999998,53.375,28.733333333333338,21.251307535975467,108.41666666666667,1.5794267607351127,4.0,6.3000000000000025,10.699999999999998,54.5,47.0,112,0.44679533237437996,1.0,5.700000000000005,10.399999999999995,52.0,1.5078452158528008,106,10.038406559704384,127.5078452158528,137.54625177555718,23.30000000000002
1254,10,8,0.7953409375499056,2.1,6.030000000000004,10.633999999999999,53.3,26.55000000000001,15.449105300007266,108.0,1.2107247284119067,4.0,6.3000000000000025,10.699999999999998,54.5,46.0,111,0.44679533237437996,1.0,5.700000000000005,10.399999999999995,52.0,0.5055704234702141,106,7.9534093754990565,123.59284240005813,131.54625177555718,23.30000000000002
1255,10,6,0.7953409375499056,2.1,6.030000000000004,10.633999999999999,53.3,27.55000000000001,19.42990446012252,108.0,1.2107247284119067,4.0,6.3000000000000025,10.699999999999998,54.5,45.0,111,0.44679533237437996,1.0,5.700000000000005,10.399999999999995,52.0,0.5794267607351127,106,7.9534093754990565,116.57942676073512,124.53283613623418,0.0
1256,10,5,0.7953409375499056,2.1,6.030000000000004,10.633999999999999,53.3,28.55000000000001,22.2,108.0,1.2107247284119067,4.0,6.3000000000000025,10.699999999999998,54.5,44.0,111,0.44679533237437996,1.0,5.700000000000005,10.399999999999995,52.0,7.0,106,7.9534093754990565,111.0,118.95340937549906,0.0
1257,10,5,0.7953409375499056,2.1,6.030000000000004,10.633999999999999,53.3,29.55000000000001,21.2,108.0,1.2107247284119067,4.0,6.3000000000000025,10.699999999999998,54.5,43.0,111,0.44679533237437996,1.0,5.700000000000005,10.399999999999995,52.0,6.0,106,7.9534093754990565,106.0,113.95340937549906,0.0
1258,10,5,0.7953409375499056,2.1,6.030000000000004,10.633999999999999,53.3,32.260000000000005,20.2,108.0,1.2107247284119067,4.0,6.3000000000000025,10.699999999999998,54.5,42.0,111,0.44679533237437996,1.0,5.700000000000005,10.399999999999995,52.0,5.0,106,7.9534093754990565,101.0,108.95340937549906,17.100000000000016
1259,7,8,0.7597744444162765,2.2857142857142856,6.128571428571432,10.63142857142857,53.357142857142854,26.771428571428576,12.329373533073138,107.28571428571429,1.2107247284119067,4.0,6.3000000000000025,10.699999999999998,54.5,41.0,110,0.44679533237437996,1.0,5.900000000000004,10.399999999999995,52.0,0.7302567528959326,106,5.318421110913936,98.6349882645851,103.95340937549904,17.100000000000016
1260,7,5,0.7613659939791948,2.2857142857142856,6.128571428571432,10.63142857142857,53.357142857142854,27.771428571428576,18.2,107.28571428571429,1.2107247284119067,4.0,6.3000000000000025,10.699999999999998,54.5,40.0,110,0.44679533237437996,1.0,5.900000000000004,10.399999999999995,52.0,3.0,106,5.329561957854364,91.0,96.32956195785437,0.0
1261,7,5,0.7613659939791948,2.2857142857142856,6.128571428571432,10.63142857142857,53.357142857142854,28.771428571428572,17.2,107.28571428571429,1.2107247284119067,4.0,6.3000000000000025,10.699999999999998,54.5,39.0,110,0.44679533237437996,1.0,5.900000000000004,10.399999999999995,52.0,2.0,106,5.329561957854364,86.0,91.32956195785437,0.0
1262,7,5,0.7613659939791948,2.2857142857142856,6.128571428571432,10.63142857142857,53.357142857142854,29.771428571428572,16.2,107.28571428571429,1.2107247284119067,4.0,6.3000000000000025,10.699999999999998,54.5,38.0,110,0.44679533237437996,1.0,5.900000000000004,10.399999999999995,52.0,1.0,106,5.329561957854364,81.0,86.32956195785437,0.0
1263,7,4,0.7613659939791948,2.2857142857142856,6.128571428571432,10.63142857142857,53.357142857142854,30.771428571428572,19.0,107.28571428571429,1.2107247284119067,4.0,6.3000000000000025,10.699999999999998,54.5,37.0,110,0.44679533237437996,1.0,5.900000000000004,10.399999999999995,52.0,2.0,106,5.329561957854364,76.0,81.32956195785437,0.0
1264,7,4,0.7613659939791948,2.2857142857142856,6.128571428571432,10.63142857142857,53.357142857142854,31.771428571428572,18.0,107.28571428571429,1.2107247284119067,4.0,6.3000000000000025,10.699999999999998,54.5,36.0,110,0.44679533237437996,1.0,5.900000000000004,10.399999999999995,52.0,1.0,106,5.329561957854364,72.0,77.32956195785437,0.0
1265,7,3,0.7613659939791948,2.2857142857142856,6.128571428571432,10.63142857142857,53.357142857142854,32.77142857142857,22.666666666666668,107.28571428571429,1.2107247284119067,4.0,6.3000000000000025,10.699999999999998,54.5,35.0,110,0.44679533237437996,1.0,5.900000000000004,10.399999999999995,52.0,6.0,106,5.329561957854364,68.0,73.32956195785437,0.0
1266,7,3,0.7613659939791948,2.2857142857142856,6.128571428571432,10.63142857142857,53.357142857142854,33.77142857142857,21.666666666666668,107.28571428571429,1.2107247284119067,4.0,6.3000000000000025,10.699999999999998,54.5,34.0,110,0.44679533237437996,1.0,5.900000000000004,10.399999999999995,52.0,5.0,106,5.329561957854364,65.0,70.32956195785437,0.0
1267,7,3,0.7613659939791948,2.2857142857142856,6.128571428571432,10.63142857142857,53.357142857142854,34.77142857142857,20.666666666666668,107.28571428571429,1.2107247284119067,4.0,6.3000000000000025,10.699999999999998,54.5,33.0,110,0.44679533237437996,1.0,5.900000000000004,10.399999999999995,52.0,4.0,106,5.329561957854364,62.0,67.32956195785437,0.0
1268,7,3,0.7613659939791948,2.2857142857142856,6.128571428571432,10.63142857142857,53.357142857142854,35.77142857142857,19.666666666666668,107.28571428571429,1.2107247284119067,4.0,6.3000000000000025,10.699999999999998,54.5,32.0,110,0.44679533237437996,1.0,5.900000000000004,10.399999999999995,52.0,3.0,106,5.329561957854364,59.0,64.32956195785437,0.0
1269,7,3,0.7613659939791948,2.2857142857142856,6.128571428571432,10.63142857142857,53.357142857142854,36.771428571428565,18.666666666666668,107.28571428571429,1.2107247284119067,4.0,6.3000000000000025,10.699999999999998,54.5,31.0,110,0.44679533237437996,1.0,5.900000000000004,10.399999999999995,52.0,2.0,106,5.329561957854364,56.0,61.32956195785437,0.0
1270,7,3,0.7613659939791948,2.2857142857142856,6.128571428571432,10.63142857142857,53.357142857142854,37.771428571428565,17.666666666666668,107.28571428571429,1.2107247284119067,4.0,6.3000000000000025,10.699999999999998,54.5,30.0,110,0.44679533237437996,1.0,5.900000000000004,10.399999999999995,52.0,1.0,106,5.329561957854364,53.0,58.32956195785437,0.0
1271,7,2,0.7613659939791948,2.2857142857142856,6.128571428571432,10.63142857142857,53.357142857142854,38.771428571428565,25.0,107.28571428571429,1.2107247284119067,4.0,6.3000000000000025,10.699999999999998,54.5,29.0,110,0.44679533237437996,1.0,5.900000000000004,10.399999999999995,52.0,21.0,106,5.329561957854364,50.0,55.32956195785437,0.0
1272,6,3,0.6864728715737428,2.3333333333333335,6.11666666666667,10.67,53.5,37.5,16.403574909470635,107.5,1.1016325396977449,4.0,6.3000000000000025,10.699999999999998,54.5,28.0,110,0.44679533237437996,1.0,5.900000000000004,10.639999999999997,52.0,1.2107247284119067,106,4.118837229442457,49.210724728411904,53.32956195785436,0.0
1273,6,3,0.6864728715737428,2.3333333333333335,6.11666666666667,10.67,53.5,38.5,15.403574909470635,107.5,1.1016325396977449,4.0,6.3000000000000025,10.699999999999998,54.5,27.0,110,0.44679533237437996,1.0,5.900000000000004,10.639999999999997,52.0,0.2107247284119067,106,4.118837229442457,46.210724728411904,50.32956195785436,0.0
1274,6,2,0.6864728715737428,2.3333333333333335,6.11666666666667,10.67,53.5,39.5,22.0,107.5,1.1016325396977449,4.0,6.3000000000000025,10.699999999999998,54.5,26.0,110,0.44679533237437996,1.0,5.900000000000004,10.639999999999997,52.0,18.0,106,4.118837229442457,44.0,48.118837229442455,0.0
1275,6,2,0.6864728715737428,2.3333333333333335,6.11666666666667,10.67,53.5,40.5,21.0,107.5,1.1016325396977449,4.0,6.3000000000000025,10.699999999999998,54.5,25.0,110,0.44679533237437996,1.0,5.900000000000004,10.639999999999997,52.0,17.0,106,4.118837229442457,42.0,46.118837229442455,0.0
1276,5,3,0.6635966004268947,2.0,6.160000000000003,10.663999999999998,53.4,38.839999999999996,13.600284742435996,107.0,1.1016325396977449,3.0,6.3000000000000025,10.699999999999998,54.5,24.0,110,0.44679533237437996,1.0,6.0000000000000036,10.639999999999997,52.0,0.8008542273079845,106,3.3179830021344734,40.80085422730799,44.11883722944246,0.0
1277,5,2,0.6635966004268947,2.0,6.160000000000003,10.663999999999998,53.4,39.839999999999996,19.0,107.0,1.1016325396977449,3.0,6.3000000000000025,10.699999999999998,54.5,23.0,110,0.44679533237437996,1.0,6.0000000000000036,10.639999999999997,52.0,15.0,106,3.3179830021344734,38.0,41.317983002134476,0.0
1278,5,2,0.6635966004268947,2.0,6.160000000000003,10.663999999999998,53.4,40.839999999999996,18.0,107.0,1.1016325396977449,3.0,6.3000000000000025,10.699999999999998,54.5,22.0,110,0.44679533237437996,1.0,6.0000000000000036,10.639999999999997,52.0,14.0,106,3.3179830021344734,36.0,39.317983002134476,0.0
1279,5,2,0.6635966004268947,2.0,6.160000000000003,10.663999999999998,53.4,41.839999999999996,17.0,107.0,1.1016325396977449,3.0,6.3000000000000025,10.699999999999998,54.5,21.0,110,0.44679533237437996,1.0,6.0000000000000036,10.639999999999997,52.0,13.0,106,3.3179830021344734,34.0,37.317983002134476,0.0
1280,5,3,0.6635966004268947,2.0,6.160000000000003,10.663999999999998,53.4,42.839999999999996,19.333333333333332,107.0,1.1016325396977449,3.0,6.3000000000000025,10.699999999999998,54.5,26.0,110,0.44679533237437996,1.0,6.0000000000000036,10.639999999999997,52.0,12.0,106,3.3179830021344734,58.0,61.317983002134476,0.0
1281,5,4,0.6635966004268947,2.0,6.160000000000003,10.663999999999998,53.4,43.839999999999996,20.0,107.0,1.1016325396977449,3.0,6.3000000000000025,10.699999999999998,54.5,25.0,110,0.44679533237437996,1.0,6.0000000000000036,10.639999999999997,52.0,11.0,106,3.3179830021344734,80.0,83.31798300213447,0.0
1282,5,5,0.6635966004268947,2.0,6.160000000000003,10.663999999999998,53.4,44.839999999999996,26.8,107.0,1.1016325396977449,3.0,6.3000000000000025,10.699999999999998,54.5,58.0,110,0.44679533237437996,1.0,6.0000000000000036,10.639999999999997,52.0,10.0,106,3.3179830021344734,134.0,137.31798300213447,0.0
1283,4,7,0.5540876156091821,2.0,6.1750000000000025,10.669999999999998,53.375,43.925000000000004,23.87166179138539,107.25,0.6524488095466173,3.0,6.3000000000000025,10.699999999999998,54.5,57.0,110,0.44679533237437996,1.0,6.0000000000000036,10.639999999999997,52.0,1.1016325396977449,106,2.2163504624367283,167.10163253969773,169.31798300213447,0.0
1284,4,8,0.5540876156091821,2.0,6.1750000000000025,10.669999999999998,53.375,44.925,27.887704067462217,107.25,0.6524488095466173,3.0,6.3000000000000025,10.699999999999998,54.5,63.0,110,0.44679533237437996,1.0,6.0000000000000036,10.639999999999997,52.0,0.10163253969774488,106,2.2163504624367283,223.10163253969773,225.31798300213447,0.0
1285,4,8,0.5540876156091821,2.0,6.1750000000000025,10.669999999999998,53.375,45.925,39.375,107.25,0.6524488095466173,3.0,6.3000000000000025,10.699999999999998,54.5,99.0,110,0.44679533237437996,1.0,6.0000000000000036,10.639999999999997,52.0,7.0,106,2.2163504624367283,315.0,317.2163504624367,0.0
1286,4,9,0.5540876156091821,2.0,6.1750000000000025,10.669999999999998,53.375,46.925,43.666666666666664,107.25,0.6524488095466173,3.0,6.3000000000000025,10.699999999999998,54.5,98.0,110,0.44679533237437996,1.0,6.0000000000000036,10.639999999999997,52.0,6.0,106,2.2163504624367283,393.0,395.2163504624367,0.0
1287,4,10,0.5540876156091821,2.0,6.1750000000000025,10.669999999999998,53.375,47.925,39.3,107.25,0.6524488095466173,3.0,6.3000000000000025,10.699999999999998,54.5,97.0,110,0.44679533237437996,1.0,6.0000000000000036,10.639999999999997,52.0,5.0,106,2.2163504624367283,393.0,395.2163504624367,0.0
1288,4,11,0.5540876156091821,2.0,6.1750000000000025,10.669999999999998,53.375,48.925,36.90909090909091,107.25,0.6524488095466173,3.0,6.3000000000000025,10.699999999999998,54.5,96.0,110,0.44679533237437996,1.0,6.0000000000000036,10.639999999999997,52.0,4.0,106,2.2163504624367283,406.0,408.2163504624367,0.0
1289,3,13,0.5213005509633702,1.6666666666666667,6.166666666666669,10.659999999999998,53.333333333333336,48.5,36.74249606227282,107.33333333333333,0.5662900506668587,3.0,6.3000000000000025,10.699999999999998,54.5,95.0,110,0.44679533237437996,1.0,6.0000000000000036,10.639999999999997,52.0,0.6524488095466173,106,1.5639016528901108,477.6524488095466,479.21635046243676,0.0
1290,3,13,0.5213005509633702,1.6666666666666667,6.166666666666669,10.659999999999998,53.333333333333336,49.5,42.53846153846154,107.33333333333333,0.5662900506668587,3.0,6.3000000000000025,10.699999999999998,54.5,94.0,110,0.44679533237437996,1.0,6.0000000000000036,10.639999999999997,52.0,2.0,106,1.5639016528901108,553.0,554.5639016528901,0.0
1291,3,14,0.5213005509633702,1.6666666666666667,6.166666666666669,10.659999999999998,53.333333333333336,50.5,40.857142857142854,107.33333333333333,0.5662900506668587,3.0,6.3000000000000025,10.699999999999998,54.5,93.0,110,0.44679533237437996,1.0,6.0000000000000036,10.639999999999997,52.0,1.0,106,1.5639016528901108,572.0,573.5639016528901,0.0
1292,2,15,0.5065426915206193,1.0,6.150000000000003,10.669999999999998,52.75,49.650000000000006,40.103387751323254,108.0,0.5662900506668587,1.0,6.3000000000000025,10.699999999999998,53.5,92.0,110,0.44679533237437996,1.0,6.0000000000000036,10.639999999999997,52.0,0.5508162698488724,106,1.0130853830412385,601.5508162698488,602.5639016528901,0.0
1293,1,17,0.44679533237437996,1.0,6.0000000000000036,10.639999999999997,52.0,47.0,41.73919353239217,110.0,0.44679533237437996,1.0,6.0000000000000036,10.639999999999997,52.0,91.0,110,0.44679533237437996,1.0,6.0000000000000036,10.639999999999997,52.0,0.5662900506668587,110,0.44679533237437996,709.5662900506669,710.0130853830412,0.0
1294,1,18,0.44679533237437996,1.0,6.0000000000000036,10.639999999999997,52.0,48.0,45.333333333333336,110.0,0.44679533237437996,1.0,6.0000000000000036,10.639999999999997,52.0,91.0,110,0.44679533237437996,1.0,6.0000000000000036,10.639999999999997,52.0,2.0,110,0.44679533237437996,816.0,816.4467953323743,0.0
1295,1,20,0.44679533237437996,1.0,6.0000000000000036,10.639999999999997,52.0,49.0,47.5,110.0,0.44679533237437996,1.0,6.0000000000000036,10.639999999999997,52.0,90.0,110,0.44679533237437996,1.0,6.0000000000000036,10.639999999999997,52.0,1.0,110,0.44679533237437996,950.0,950.4467953323743,0.0
1296,1,21,0.44679533237437996,1.0,6.0000000000000036,10.639999999999997,52.0,50.0,49.80952380952381,110.0,0.44679533237437996,1.0,6.0000000000000036,10.639999999999997,52.0,89.0,110,0.44679533237437996,1.0,6.0000000000000036,10.639999999999997,52.0,4.0,110,0.44679533237437996,1046.0,1046.4467953323744,0.0
1297,1,23,0.44679533237437996,1.0,6.0000000000000036,10.639999999999997,52.0,51.0,49.0,110.0,0.44679533237437996,1.0,6.0000000000000036,10.639999999999997,52.0,88.0,110,0.44679533237437996,1.0,6.0000000000000036,10.639999999999997,52.0,3.0,110,0.44679533237437996,1127.0,1127.4467953323744,0.0
1298,0,27,0.0,0.0,0.0,0.0,0.0,0.0,47.312844271569425,0.0,0.0,0.0,0.0,0.0,0.0,87.0,0,0.0,0.0,0.0,0.0,0.0,0.44679533237437996,0,0.0,1277.4467953323744,1277.4467953323744,0.0
