Turn,#animals,#food,avgAE,avgET,avgH,avgV,avgML,avgL,avgFE,avgGen,maxAE,maxET,maxH,maxV,maxML,maxFE,maxGen,minAE,minET,minH,minV,minML,minFE,minGen,totalAE,totalFE,totalE,totalCombat
0,100,600,12.6525,50.61,4.87,11.94,25.52,0.0,51.406666666666666,0.0,24.75,99.0,9.0,14.0,49.0,99.0,0,0.25,1.0,1.0,10.0,1.0,1.0,0,1265.25,30844.0,32109.25,0.0
1,96,1133,52.2265625,50.40625,4.947916666666667,11.9375,26.416666666666668,1.7083333333333333,49.851279788172995,0.0,112.5,99.0,9.0,14.0,49.0,106.5,0,0.75,1.0,1.0,10.0,2.0,1.0,0,5013.75,56481.5,61495.25,93.0
2,118,1120,55.32309322033898,49.83050847457627,4.938135593220339,11.915762711864406,27.36864406779661,2.9661016949152543,48.84553571428572,0.211864406779661,203.25,100.0,9.1,14.06,49.5,136.5,1,0.75,1.0,0.9,9.94,2.0,1.0,0,6528.125,54707.0,61235.125,140.0
3,139,1104,55.29417715827338,50.719424460431654,4.943884892086332,11.88402877697842,28.16187050359712,3.5899280575539567,48.47169384057971,0.39568345323741005,177.0,100.0,9.1,14.06,49.5,135.5,2,1.0,1.0,0.9,9.94,2.0,0.75,0,7685.890625,53512.75,61198.640625,166.0
4,170,1093,54.70965073529412,48.417647058823526,4.95294117647059,12.035999999999998,29.270588235294117,3.7852941176470583,48.000543229643185,0.611764705882353,182.4375,100.0,9.1,14.06,49.5,154.25,2,1.0,1.0,0.9,9.94,2.0,1.0,0,9300.640625,52464.59375,61765.234375,210.5
5,212,1082,50.40466538915094,47.43396226415094,5.035377358490568,12.112358490566042,29.433962264150942,3.861320754716982,47.86203211645102,0.8301886792452831,136.8125,100.0,9.1,14.06,50.0,153.25,3,1.0,1.0,0.8,9.879999999999999,2.0,0.75,0,10685.7890625,51786.71875,62472.5078125,243.1
6,252,1039,55.26649305555556,46.12301587301587,4.976984126984127,12.139841269841268,29.59722222222222,4.60515873015873,47.93253729547642,1.0198412698412698,193.3125,100.0,9.1,14.120000000000001,50.0,152.25,3,1.0,1.0,0.8,9.879999999999999,1.5,0.5,0,13927.15625,49801.90625,63729.0625,333.7
7,301,1006,53.51313655004153,45.65448504983389,5.023920265780731,12.19966777408638,29.714285714285715,4.435548172757476,47.620045352882705,1.2624584717607974,283.3125,100.0,9.2,14.120000000000001,50.0,151.25,4,0.853515625,2.0,0.8,9.879999999999999,1.5,0.75,0,16107.4541015625,47905.765625,64013.2197265625,445.7
8,347,962,56.29883656790346,44.7492795389049,5.074639769452449,12.21233429394813,30.030259365994237,5.0270893371757905,47.11403245192308,1.4524495677233429,191.6015625,100.0,9.2,14.120000000000001,50.0,150.25,4,1.0,2.0,0.8,9.879999999999999,2.0,1.0,0,19535.6962890625,45323.69921875,64859.3955078125,576.3
9,391,940,53.80169287484016,44.94373401534527,5.111764705882355,12.266496163682865,30.539641943734015,5.330690537084396,47.23331948138298,1.6828644501278773,226.71875,99.0,9.2,14.120000000000001,50.5,173.71875,4,1.7509765625,2.0,0.8,9.879999999999999,2.0,1.0,0,21036.4619140625,44399.3203125,65435.7822265625,957.8
10,441,824,53.757060148278065,44.090702947845806,5.1859410430839015,12.302947845804983,30.998866213151928,6.456689342403625,47.72017928929005,1.8412698412698412,208.359375,99.0,9.299999999999999,14.120000000000001,50.5,172.71875,4,1.7509765625,2.0,0.8,9.879999999999999,2.0,1.0,0,23706.863525390625,39321.427734375,63028.291259765625,1106.8
11,499,734,49.28909797133329,43.37875751503006,5.032464929859723,12.305370741482973,31.382765531062123,7.336072144288575,48.85540156143563,2.038076152304609,184.8125,99.0,9.299999999999999,14.120000000000001,50.5,198.203125,5,1.878662109375,2.0,0.8,9.879999999999999,2.0,1.0,0,24595.259887695312,35859.86474609375,60455.12463378906,1414.7
12,528,666,47.51066999724417,41.81818181818182,5.043560606060607,12.346325757575746,32.46780303030303,8.283143939393934,49.81763465125282,2.2386363636363638,184.8125,98.0,9.299999999999999,14.120000000000001,50.5,197.203125,6,2.002197265625,5.0,0.8,9.879999999999999,2.0,0.529296875,0,25085.633758544922,33178.544677734375,58264.1784362793,1846.5
13,553,578,49.149586599946666,41.22423146473779,5.011211573236887,12.395985533453878,32.62296564195298,10.161482820976493,50.788839901194855,2.4050632911392404,214.640625,98.0,9.299999999999999,14.120000000000001,50.5,184.8125,6,1.3007965087890625,5.0,0.8,9.879999999999999,2.5,1.0,0,27179.721389770508,29355.949462890625,56535.67085266113,2003.7
14,564,556,46.48608125186136,40.141843971631204,5.041666666666669,12.461134751773047,33.159574468085104,11.477127659574473,50.81813411575427,2.595744680851064,194.10205078125,93.0,9.299999999999999,14.120000000000001,50.5,168.71875,6,1.3007965087890625,5.0,0.7000000000000001,9.879999999999999,2.5,0.9375,0,26218.149826049805,28254.882568359375,54473.03239440918,2645.4
15,566,517,45.71853566253986,39.886925795053,5.149823321554767,12.47236749116606,33.50706713780919,12.066961130742042,51.62424963355295,2.7508833922261484,218.45654296875,93.0,9.299999999999999,14.120000000000001,50.5,172.6328125,6,1.3007965087890625,4.0,0.8,9.879999999999999,2.0,0.294189453125,0,25876.69118499756,26689.737060546875,52566.42824554443,2279.6
16,560,476,45.514101478031705,39.47857142857143,5.191785714285712,12.448749999999993,33.558035714285715,12.149642857142851,52.9577356226304,2.8946428571428573,218.45654296875,93.0,9.299999999999999,14.120000000000001,51.0,171.6328125,6,2.601593017578125,4.0,0.8,9.879999999999999,2.0,0.578125,0,25487.896827697754,25207.88215637207,50695.778984069824,2303.0
17,596,421,43.360205586324604,38.54865771812081,5.285234899328854,12.4943288590604,33.92197986577181,12.906543624161062,54.33117777264883,3.085570469798658,218.45654296875,93.0,9.299999999999999,14.180000000000001,51.0,170.6328125,6,1.8983726501464844,4.0,0.8,9.879999999999999,1.5,0.3359375,0,25842.682529449463,22873.425842285156,48716.10837173462,2218.0
18,593,394,43.914846417071644,37.89376053962901,5.404384485666101,12.54752107925799,34.806913996627316,12.8866779089376,52.42074640148182,3.205733558178752,218.45654296875,93.0,9.299999999999999,14.180000000000001,51.0,200.52734375,6,1.8983726501464844,5.0,0.8,9.879999999999999,2.0,0.3544921875,0,26041.503925323486,20653.774082183838,46695.278007507324,2572.8
19,612,336,43.302153013890084,37.1437908496732,5.427941176470588,12.57006535947711,34.575980392156865,13.129084967320257,54.734496672948204,3.388888888888889,214.408203125,93.0,9.299999999999999,14.180000000000001,51.0,218.45654296875,7,2.5892333984375,5.0,0.7000000000000001,9.819999999999999,2.0,0.83837890625,0,26500.917644500732,18390.790882110596,44891.70852661133,2277.4
20,601,342,40.60444228859392,35.92179700499168,5.4004991680532415,12.62222961730447,35.455074875207984,13.379034941763724,54.799585163941856,3.574043261231281,237.150146484375,93.0,9.299999999999999,14.180000000000001,51.0,183.798583984375,7,2.5892333984375,5.0,0.7000000000000001,9.819999999999999,2.5,0.0498046875,0,24403.269815444946,18741.458126068115,43144.72794151306,2706.7
21,596,321,40.49246492481872,35.26677852348993,5.3592281879194585,12.668187919463072,35.59647651006711,14.061577181208055,54.337949437887126,3.709731543624161,237.150146484375,93.0,9.299999999999999,14.180000000000001,51.0,206.259765625,7,2.474593162536621,5.0,0.6000000000000001,9.819999999999999,2.5,0.934326171875,1,24133.509095191956,17442.481769561768,41575.99086475372,2754.6
22,601,282,40.85379534672183,34.036605657237935,5.308818635607313,12.707920133111475,36.08901830282862,14.949251247920133,54.49498339916797,3.875207986688852,212.34503173828125,93.0,9.299999999999999,14.180000000000001,50.5,237.150146484375,8,2.0747241973876953,5.0,0.6000000000000001,9.819999999999999,3.5,2.0,1,24553.13100337982,15367.585318565369,39920.71632194519,2638.7
23,597,277,38.995763984756856,32.54773869346734,5.238525963149077,12.704288107202682,36.65996649916248,14.499664991624789,54.4457120654385,4.035175879396985,244.26119995117188,93.0,9.299999999999999,14.180000000000001,50.5,236.150146484375,9,2.0747241973876953,5.0,0.6000000000000001,9.819999999999999,3.5,1.2969970703125,1,23280.47109889984,15081.462242126465,38361.933341026306,2647.2
24,600,251,38.80313731273015,31.886666666666667,5.306499999999998,12.735166666666645,37.3325,14.760999999999997,54.77499381289539,4.171666666666667,258.2711181640625,93.0,9.299999999999999,14.180000000000001,51.0,212.34503173828125,9,2.0747241973876953,5.0,0.6000000000000001,9.879999999999999,3.5,0.2969970703125,1,23281.882387638092,13748.523447036743,37030.405834674835,2160.6
25,597,252,37.110976532675714,31.072026800670017,5.433668341708544,12.74676716917921,37.62562814070352,14.84572864321607,52.99113663037618,4.355108877721943,258.2711181640625,93.0,9.299999999999999,14.180000000000001,51.0,235.955078125,9,2.0747241973876953,5.0,0.6000000000000001,9.879999999999999,6.5,0.17779541015625,1,22155.2529900074,13353.766430854797,35509.0194208622,2552.7999999999997
26,600,239,36.43815540075302,29.823333333333334,5.470333333333333,12.740199999999984,37.9325,15.441666666666675,51.48246605126928,4.5633333333333335,253.4017333984375,93.0,9.299999999999999,14.180000000000001,51.0,244.26119995117188,9,2.0747241973876953,5.0,0.6000000000000001,9.879999999999999,6.5,0.9491863250732422,1,21862.893240451813,12304.309386253357,34167.20262670517,2573.7
27,588,234,36.0510440764784,29.06122448979592,5.608333333333332,12.759727891156448,38.197278911564624,15.957482993197281,49.61316250837766,4.724489795918367,253.4017333984375,91.0,9.299999999999999,14.180000000000001,51.0,243.26119995117188,9,1.486269474029541,5.0,0.7000000000000001,9.879999999999999,7.0,0.14944839477539062,1,21198.0139169693,11609.480026960373,32807.49394392967,2847.0
28,586,229,33.561421115548946,28.795221843003414,5.6105802047781586,12.714266211604087,38.44539249146758,15.850682593856668,50.74774819378249,4.868600682593857,244.6934814453125,91.0,9.299999999999999,14.180000000000001,50.5,242.26119995117188,9,1.486269474029541,4.0,0.7000000000000001,9.819999999999999,7.0,2.3304443359375,1,19666.99277371168,11621.23433637619,31288.22711008787,2667.2
29,572,218,33.945668195927894,28.947552447552447,5.653496503496501,12.707657342657342,38.68793706293706,15.490734265734261,48.9893016060558,5.010489510489511,244.6934814453125,91.0,9.299999999999999,14.240000000000002,50.5,241.26119995117188,9,1.486269474029541,4.0,0.7000000000000001,9.819999999999999,7.0,1.3304443359375,2,19416.922208070755,10679.667750120163,30096.589958190918,2496.7
30,574,205,33.11442630756192,28.519163763066203,5.739721254355401,12.73379790940765,39.000871080139376,15.469860627177711,48.30674004089541,5.120209059233449,244.6934814453125,91.0,9.299999999999999,14.240000000000002,51.0,240.26119995117188,10,1.0654029846191406,3.0,0.7000000000000001,9.819999999999999,7.5,0.3304443359375,2,19007.680700540543,9902.88170838356,28910.562408924103,2333.1
31,575,193,32.52438505696214,28.339130434782607,5.757565217391299,12.719686956521725,39.11565217391304,15.325913043478263,46.324373416641215,5.267826086956521,244.6934814453125,91.0,9.299999999999999,14.240000000000002,51.0,239.26119995117188,10,1.0654029846191406,3.0,0.7000000000000001,9.819999999999999,7.5,0.07472419738769531,2,18701.52140775323,8940.604069411755,27642.125477164984,2340.2999999999997
32,561,182,32.002636086972636,28.279857397504458,5.8556149732620355,12.705739750445613,39.35115864527629,15.183422459893045,47.29086156762563,5.429590017825312,234.84675407409668,91.0,9.299999999999999,14.240000000000002,51.0,244.6934814453125,10,1.0654029846191406,3.0,0.7000000000000001,9.819999999999999,8.5,1.2726288437843323,2,17953.47884479165,8606.936805307865,26560.415650099516,2398.5
33,569,170,31.400795443222478,27.82425307557118,5.979964850615111,12.737504393673092,39.7609841827768,15.744639718804931,45.05433073078885,5.578207381370826,305.26092529296875,91.0,9.299999999999999,14.240000000000002,51.0,237.26119995117188,10,1.0654029846191406,3.0,0.7000000000000001,9.819999999999999,8.5,0.2726288437843323,2,17867.05260719359,7659.236224234104,25526.288831427693,2074.6
34,555,166,30.786717526748912,28.102702702702704,6.099639639639642,12.742918918918907,39.795495495495494,15.848288288288288,44.33736499820847,5.7405405405405405,219.86386489868164,91.0,9.299999999999999,14.300000000000002,51.0,236.26119995117188,10,1.0654029846191406,3.0,0.7000000000000001,9.879999999999999,8.5,0.14117646217346191,2,17086.628227345645,7360.002589702606,24446.63081704825,2447.6
35,557,168,28.262057027547108,27.85278276481149,6.166247755834828,12.758204667863541,39.88420107719928,15.871813285457804,45.18415607582955,5.960502692998205,216.34414386749268,91.0,9.299999999999999,14.300000000000002,51.0,235.26119995117188,10,1.0654029846191406,3.0,0.7000000000000001,9.819999999999999,8.5,0.058849334716796875,2,15741.965764343739,7590.938220739365,23332.903985083103,2376.2999999999997
36,525,174,29.174971891833202,27.754285714285714,6.171238095238104,12.787199999999995,40.364761904761906,15.203999999999999,39.844124452307305,6.148571428571429,247.62710762023926,91.0,9.299999999999999,14.300000000000002,51.0,181.4724006652832,10,1.292482651770115,4.0,0.7000000000000001,9.819999999999999,16.5,1.0654029846191406,3,15316.860243212432,6932.877654701471,22249.737897913903,2528.2
37,553,140,28.114566380166487,26.851717902350813,6.231103074141053,12.842857142857133,40.82911392405063,16.02585895117541,40.380171936750415,6.314647377938517,216.34414386749268,91.0,9.299999999999999,14.300000000000002,51.0,247.62710762023926,10,1.292482651770115,4.0,0.7000000000000001,9.819999999999999,16.5,0.06540298461914062,3,15547.355208232068,5653.224071145058,21200.579279377125,2055.2999999999997
38,535,157,26.005105415632443,26.02429906542056,6.293271028037391,12.89319626168224,40.816822429906544,15.73831775700935,40.74485041326873,6.514018691588785,176.26162314414978,90.0,9.399999999999999,14.300000000000002,51.0,276.6472568511963,10,1.292482651770115,4.0,0.7000000000000001,9.879999999999999,16.0,1.1536079347133636,3,13912.731397363357,6396.94151488319,20309.672912246548,2654.7
39,528,153,25.290914886428226,25.21590909090909,6.319128787878795,12.880265151515163,40.92329545454545,15.873106060606064,39.56712602892148,6.7102272727272725,228.4178729057312,90.0,9.399999999999999,14.300000000000002,51.0,275.6472568511963,10,1.292482651770115,4.0,0.7000000000000001,9.879999999999999,16.0,0.15360793471336365,3,13353.603060034104,6053.770282424986,19407.37334245909,2337.5
40,528,126,26.16796842022626,25.009469696969695,6.375946969696974,12.855530303030301,40.8125,16.699053030303038,37.88485255970487,6.823863636363637,221.9755039215088,89.0,9.399999999999999,14.300000000000002,51.0,274.6472568511963,10,1.6410625576972961,4.0,0.9,9.879999999999999,16.0,1.0129971504211426,3,13816.687325879466,4773.491422522813,18590.17874840228,2252.2
41,518,131,24.964139756777154,24.615830115830114,6.379150579150579,12.843436293436286,41.036679536679536,17.200579150579145,36.13653296848603,6.9903474903474905,311.5796709060669,89.0,9.299999999999999,14.300000000000002,51.0,218.0566291809082,10,1.6410625576972961,4.0,0.9,9.879999999999999,16.0,0.012997150421142578,3,12931.424394010566,4733.8858188716695,17665.310212882236,2599.7
42,504,137,24.24741512932445,24.65277777777778,6.451587301587303,12.867341269841274,41.47123015873016,17.854960317460318,34.14223629726355,7.134920634920635,311.5796709060669,89.0,9.299999999999999,14.240000000000002,51.0,217.0566291809082,10,1.8105670511722565,5.0,0.9,9.879999999999999,16.0,2.4353728890419006,3,12220.697225179523,4677.486372725107,16898.18359790463,2664.2999999999997
43,505,126,23.137813765343537,24.46930693069307,6.521386138613857,12.896118811881191,41.57227722772277,17.46554455445544,33.584630376932814,7.25940594059406,215.26165294647217,89.0,9.299999999999999,14.240000000000002,51.0,216.0566291809082,10,1.5352017432451248,4.0,0.9,9.879999999999999,16.0,1.8105670511722565,3,11684.595951498486,4231.663427493535,15916.259378992021,2015.3
44,486,129,22.239056082243827,23.95267489711934,6.447942386831275,12.897242798353908,41.69238683127572,17.30905349794239,34.32733005489216,7.390946502057613,195.1468322724104,87.0,9.299999999999999,14.240000000000002,51.0,215.0566291809082,11,1.5352017432451248,4.0,0.9,9.879999999999999,16.0,1.9454673826694489,3,10808.1812559705,4428.225577081088,15236.406833051587,2262.2
45,449,140,21.733750424144546,23.224944320712694,6.498886414253899,12.89006681514478,42.22160356347439,17.38418708240534,34.823021421252214,7.574610244988864,196.8034676015377,87.0,9.299999999999999,14.240000000000002,51.0,214.0566291809082,11,1.6490817070007324,4.0,0.8,9.879999999999999,16.0,1.8581957072019577,4,9758.4539404409,4875.2229989753105,14633.676939416211,2332.6
46,446,124,22.333650028191204,23.118834080717487,6.436547085201794,12.895336322869955,42.49887892376682,17.486547085201796,32.429972128550176,7.668161434977579,196.8034676015377,86.0,9.299999999999999,14.240000000000002,51.0,213.0566291809082,11,1.6490817070007324,4.0,0.7000000000000001,9.879999999999999,16.5,0.8581957072019577,4,9960.807912573277,4021.316543940222,13982.124456513498,1980.1
47,434,124,21.1571910195687,23.20046082949309,6.4564516129032254,12.88935483870967,42.50691244239631,18.0258064516129,34.68765402608927,7.797235023041475,196.8034676015377,87.0,9.299999999999999,14.240000000000002,51.0,212.0566291809082,11,1.6462281439453363,4.0,0.7000000000000001,9.879999999999999,16.5,0.6507644653320312,4,9182.220902492816,4301.269099235069,13483.490001727885,2023.7
48,424,130,20.852704028560662,23.443396226415093,6.4004716981132095,12.89334905660378,42.35966981132076,17.943160377358485,30.915902640323083,7.8915094339622645,182.9651900618337,87.0,9.299999999999999,14.240000000000002,51.0,211.0566291809082,11,1.6462281439453363,4.0,0.7000000000000001,9.879999999999999,16.5,1.5384798049926758,4,8841.54650810972,4019.067343242001,12860.613851351722,1987.1999999999998
49,418,115,21.596199334443742,22.9688995215311,6.467464114832534,12.889425837320573,42.6255980861244,18.024880382775116,28.475589682287335,8.02153110047847,241.32231474108994,87.0,9.299999999999999,14.240000000000002,51.0,139.06429272238165,11,1.6462281439453363,4.0,0.7000000000000001,9.879999999999999,16.5,0.5384798049926758,4,9027.211321797484,3274.6928134630434,12301.904135260527,1594.1
50,425,108,19.76608352150001,22.43294117647059,6.553647058823523,12.884376470588228,42.92941176470588,17.160235294117648,30.64516362293809,8.195294117647059,241.32231474108994,87.0,9.299999999999999,14.240000000000002,51.0,173.1974091110751,12,1.502394001930952,4.0,0.7000000000000001,9.879999999999999,16.5,2.1715872660279274,4,8400.585496637505,3309.6776712773135,11710.263167914818,1563.5
51,433,80,20.443194606726358,22.288683602771364,6.616397228637417,12.927898383371828,43.03695150115473,16.44272517321017,29.137014794384594,8.362586605080832,241.32231474108994,87.0,9.299999999999999,14.240000000000002,51.0,137.06429272238165,12,1.301037804223597,4.0,0.6000000000000001,9.879999999999999,16.5,1.1715872660279274,4,8851.903264712513,2330.9611835507676,11182.86444826328,1298.0
52,422,87,19.32716743547113,22.028436018957347,6.661611374407581,12.951184834123227,43.226303317535546,16.35853080568721,28.878040802868448,8.509478672985782,241.32231474108994,87.0,9.299999999999999,14.240000000000002,51.0,136.06429272238165,12,1.301037804223597,4.0,0.6000000000000001,9.879999999999999,16.5,1.6735036671161652,5,8156.064657768817,2512.389549849555,10668.454207618372,1652.8999999999999
53,399,82,20.30589764947137,22.140350877192983,6.720300751879698,12.956591478696748,43.2406015037594,17.488220551378458,26.856834677873582,8.61654135338346,241.32231474108994,86.0,9.299999999999999,14.240000000000002,51.0,135.6272588521242,12,1.301037804223597,4.0,0.6000000000000001,9.879999999999999,16.5,0.6735036671161652,5,8102.053162139076,2202.2604435856338,10304.31360572471,1875.6
54,380,85,19.990191120358883,21.610526315789475,6.769210526315797,13.016789473684227,43.59605263157895,18.534999999999997,27.049230423617615,8.721052631578948,161.09740503132343,58.0,9.299999999999999,14.240000000000002,51.0,241.32231474108994,12,1.301037804223597,4.0,0.6000000000000001,9.879999999999999,16.5,1.502394001930952,5,7596.272625736376,2299.1845860074973,9895.457211743873,1820.1
55,380,69,19.779234187556302,21.58157894736842,6.874736842105266,13.04505263157895,43.80131578947368,19.527368421052646,27.947731290672284,8.826315789473684,161.09740503132343,58.0,9.299999999999999,14.240000000000002,51.0,240.32231474108994,13,1.301037804223597,4.0,0.6000000000000001,10.06,16.5,2.1956710647791624,5,7516.108991271394,1928.3934590563877,9444.502450327782,1416.0
56,361,85,19.227209564597473,22.409972299168974,6.9786703601108035,13.013351800554021,43.83656509695291,19.48282548476455,24.33424465651932,8.994459833795014,252.07474152965005,59.0,9.299999999999999,14.240000000000002,51.0,107.76749588130042,13,1.301037804223597,4.0,0.6000000000000001,10.06,17.0,2.4454026371240616,5,6941.022652819687,2068.4107958041423,9009.43344862383,1720.5
57,359,75,19.087025184013157,22.459610027855152,7.079944289693598,13.012869080779963,44.09610027855153,19.34038997214485,23.241831813864216,9.116991643454039,201.652832142252,59.0,9.399999999999999,14.240000000000002,51.0,161.09740503132343,13,1.0405167123535648,4.0,0.8,10.06,17.5,1.4658505767583847,5,6852.242041060723,1743.1373860398162,8595.379427100539,1254.8999999999999
58,349,78,17.2129778524791,22.25214899713467,7.104011461318052,12.999713467048734,44.383954154727796,18.484813753581655,27.279657954000776,9.30945558739255,100.826416071126,59.0,9.399999999999999,14.240000000000002,51.0,160.09740503132343,12,1.0405167123535648,4.0,0.8,10.06,31.5,0.778868779540062,5,6007.329270515205,2127.8133204120604,8135.142590927266,1159.2
59,340,79,17.210805877802834,22.455882352941178,7.135588235294123,12.986823529411781,44.55735294117647,17.93235294117647,23.989245567588956,9.394117647058824,172.614756539464,59.0,9.399999999999999,14.240000000000002,51.0,97.2423514292168,13,1.0405167123535648,4.0,0.7000000000000001,10.06,31.5,1.301037804223597,5,5851.673998452963,1895.1503998395274,7746.8243982924905,1238.0
60,341,68,16.427688148045597,22.052785923753667,7.152492668621698,12.971847507331388,44.65395894428153,18.284457478005873,27.120714522890385,9.539589442815249,172.614756539464,59.0,9.399999999999999,14.240000000000002,51.0,150.83476924967545,13,1.0405167123535648,4.0,0.7000000000000001,10.06,31.5,1.0810334247071296,5,5601.841658483549,1844.2085875565463,7446.050246040095,1310.1
61,324,80,16.133905976459943,22.256172839506174,7.186728395061729,12.936358024691367,44.72222222222222,19.10030864197531,24.88278324705643,9.62037037037037,172.614756539464,59.0,9.399999999999999,14.180000000000001,51.0,149.83476924967545,14,1.4714632697287016,4.0,0.7000000000000001,10.120000000000001,31.5,0.0810334247071296,5,5227.385536373021,1990.6226597645145,7218.008196137535,1485.3
62,297,79,17.23690870324663,22.272727272727273,7.207407407407412,12.923434343434359,44.81649831649832,19.679797979797982,24.12749655270832,9.744107744107744,172.614756539464,59.0,9.399999999999999,14.180000000000001,51.0,148.83476924967545,14,1.4714632697287016,4.0,0.7000000000000001,10.120000000000001,31.5,0.9730940200388432,6,5119.361884864249,1906.0722276639572,7025.434112528206,1374.8999999999999
63,293,68,16.64431727719633,22.43344709897611,7.346075085324238,12.903754266211621,45.05460750853242,18.664163822525584,26.947567344329453,9.948805460750853,102.41374827469554,59.0,9.399999999999999,14.180000000000001,51.0,172.614756539464,14,1.4714632697287016,4.0,0.7000000000000001,10.120000000000001,31.5,2.527641143358778,6,4876.784962218525,1832.4345794144028,6709.219541632928,897.6999999999999
64,291,59,16.809358539440385,22.106529209621993,7.365292096219932,12.90268041237114,44.98969072164948,18.130240549828173,25.601127181137244,10.075601374570446,205.37878584116697,59.0,9.399999999999999,14.180000000000001,50.5,151.85007815808058,14,1.6028087050653994,4.0,0.7000000000000001,10.120000000000001,31.5,1.5276411433587782,6,4891.523334977152,1510.4665036870974,6401.98983866425,968.3
65,292,48,17.05396579887636,21.982876712328768,7.438013698630139,12.92520547945206,45.00342465753425,17.94417808219179,23.01154125756163,10.226027397260275,164.39345316096296,59.0,9.399999999999999,14.180000000000001,50.5,150.85007815808058,14,1.6028087050653994,5.0,0.7000000000000001,10.120000000000001,34.5,2.665407242544461,6,4979.758013271897,1104.553980362958,6084.311993634855,908.4
66,288,47,15.933294333006138,21.930555555555557,7.4190972222222245,12.903402777777794,45.045138888888886,18.45694444444445,26.180691043744833,10.35763888888889,164.39345316096296,59.0,9.399999999999999,14.180000000000001,50.5,149.85007815808058,14,1.6028087050653994,5.0,0.7000000000000001,10.120000000000001,34.5,2.1374653758248314,6,4588.788767905768,1230.4924790560071,5819.281246961775,1187.8
67,284,46,15.263155763252637,21.598591549295776,7.370774647887326,12.896408450704243,45.139084507042256,19.04507042253521,27.780256454229413,10.503521126760564,164.39345316096296,59.0,9.399999999999999,14.180000000000001,50.5,148.85007815808058,14,1.5591111337416805,4.0,0.7000000000000001,10.120000000000001,34.5,1.1374653758248314,6,4334.736236763749,1277.891796894553,5612.628033658302,1057.7
68,271,44,16.062532793242884,21.081180811808117,7.358671586715872,12.902804428044293,45.156826568265686,19.719557195571966,24.842612953159996,10.612546125461254,168.8802188221598,59.0,9.399999999999999,14.180000000000001,50.5,164.39345316096296,14,1.4508046653791098,4.0,0.7000000000000001,10.180000000000001,34.5,0.13746537582483143,6,4352.946386968822,1093.0749699390399,5446.021356907861,1134.6
69,260,43,16.57458354314477,20.634615384615383,7.373846153846157,12.906461538461553,45.215384615384615,19.63076923076924,21.437900166665354,10.796153846153846,183.79076155854636,57.0,9.399999999999999,14.180000000000001,50.5,88.09448395692743,14,1.4508046653791098,4.0,0.7000000000000001,10.180000000000001,34.5,2.7667535671498626,6,4309.39172121764,921.8297071666102,5231.22142838425,962.6
70,253,45,15.729345618814413,20.541501976284586,7.399604743083004,12.920711462450605,45.21343873517787,19.48142292490118,21.925514035100505,10.932806324110672,115.22853750286959,57.0,9.399999999999999,14.180000000000001,50.5,72.67366090789437,14,1.4508046653791098,4.0,0.7000000000000001,10.180000000000001,34.5,1.7667535671498626,6,3979.5244415600464,986.6481315795227,4966.172573139569,896.4
71,240,52,14.368032338247604,19.816666666666666,7.34833333333334,12.891250000000012,45.354166666666664,19.579583333333343,24.803736223173612,11.1875,84.4401094110799,57.0,9.399999999999999,14.180000000000001,50.5,71.67366090789437,14,1.4508046653791098,4.0,0.7000000000000001,10.180000000000001,35.0,3.2090248032473028,6,3448.3277611794247,1289.7942836050279,4738.122044784453,1055.4
72,243,46,14.473051884399313,19.79423868312757,7.338683127572016,12.865596707818941,45.41975308641975,19.509465020576137,21.587730691165728,11.358024691358025,84.4401094110799,42.0,9.399999999999999,14.120000000000001,50.5,70.67366090789437,15,1.4508046653791098,4.0,0.7000000000000001,10.180000000000001,38.0,2.2090248032473028,6,3516.951607909033,993.0356117936235,4509.987219702656,807.6
73,238,50,13.564168441572802,19.857142857142858,7.428151260504203,12.916218487394973,45.38865546218487,18.693277310924366,21.817020605738165,11.46218487394958,84.4401094110799,42.0,9.399999999999999,14.180000000000001,51.0,70.27736675962979,15,1.4508046653791098,4.0,0.7000000000000001,10.180000000000001,38.0,1.976877656110446,6,3228.272089094327,1090.8510302869083,4319.1231193812355,760.1
74,229,43,14.158973360544309,19.733624454148472,7.499563318777294,12.921659388646304,45.3231441048035,18.864628820960704,21.579628392715048,11.606986899563319,115.01748221302114,42.0,9.399999999999999,14.180000000000001,51.0,84.4401094110799,15,1.3951582966892602,4.0,0.8,10.120000000000001,38.0,0.976877656110446,6,3242.4048995646467,927.924020886747,4170.328920451394,797.1999999999999
75,224,45,13.319179667011525,19.517857142857142,7.420535714285715,12.895535714285723,45.310267857142854,17.68794642857143,21.339959944642825,11.727678571428571,104.55013676384988,42.0,9.399999999999999,14.180000000000001,51.0,73.54140746362918,15,1.3951582966892602,4.0,0.8,10.120000000000001,38.0,4.040420346071187,6,2983.4962454105817,960.298197508927,3943.7944429195086,750.1999999999999
76,224,34,14.130905744173488,19.361607142857142,7.4370535714285735,12.886517857142863,45.310267857142854,17.678125000000005,18.036022231644374,11.875,104.55013676384988,42.0,9.399999999999999,14.180000000000001,51.0,62.39652114756154,15,1.3951582966892602,4.0,0.8,10.120000000000001,38.0,3.13714597139915,7,3165.322886694861,613.2247558759087,3778.5476425707698,612.1999999999999
77,219,30,13.902540805429563,19.095890410958905,7.447488584474887,12.907397260273976,45.28767123287671,19.057534246575344,19.884343201834586,11.954337899543379,77.87770694815845,41.0,9.399999999999999,14.180000000000001,51.0,85.82018408845124,15,1.3951582966892602,4.0,0.8,10.120000000000001,38.0,1.840816973868641,7,3044.6564363890743,596.5302960550375,3641.186732444112,785.1
78,215,37,12.988503366040284,19.232558139534884,7.489302325581397,12.914046511627907,45.253488372093024,19.11627906976744,18.9346066375086,12.088372093023256,77.87770694815845,41.0,9.399999999999999,14.180000000000001,51.0,84.82018408845124,15,1.3951582966892602,4.0,0.8,10.120000000000001,38.0,1.5649818798556225,7,2792.528223698661,700.5804455878183,3493.108669286479,806.5
79,214,31,13.116375222868339,19.018691588785046,7.477102803738317,12.90747663551403,45.28738317757009,19.493925233644866,17.316237750510524,12.261682242990654,84.91686905393726,42.0,9.399999999999999,14.180000000000001,51.0,83.82018408845124,15,1.3951582966892602,4.0,0.8,10.120000000000001,37.5,3.4424114337080027,7,2806.9042976938244,536.8033702658263,3343.7076679596507,680.8
80,201,35,12.848933548680773,18.45273631840796,7.409950248756219,12.907661691542302,45.14179104477612,20.579601990049753,18.827594648543048,12.398009950248756,63.461079642216646,42.0,9.399999999999999,14.180000000000001,51.0,82.82018408845124,15,1.1577717457985273,4.0,0.8,10.120000000000001,37.5,4.291357330491792,7,2582.635643284835,658.9658126990067,3241.601455983842,1045.7
81,189,35,12.262647889662905,17.978835978835978,7.4455026455026445,12.92613756613758,44.976190476190474,21.018518518518512,23.533846636752624,12.507936507936508,61.83008205830993,42.0,9.399999999999999,14.180000000000001,51.0,81.82018408845124,15,1.1577717457985273,4.0,1.0,10.120000000000001,37.5,3.1277447526990727,7,2317.640451146289,823.6846322863419,3141.325083432631,762.4
82,190,28,13.019077801225173,17.710526315789473,7.466842105263156,12.921789473684214,44.84473684210526,21.37526315789474,19.427935217270782,12.742105263157894,76.91411351777788,42.0,9.399999999999999,14.180000000000001,50.5,80.82018408845124,16,1.1577717457985273,4.0,3.6999999999999997,10.120000000000001,37.5,2.2853929357925153,8,2473.6247822327828,543.982186083582,3017.6069683163646,593.0
83,180,35,12.095752264473683,16.766666666666666,7.340555555555553,12.923777777777785,44.82222222222222,21.35833333333333,20.49150076699364,12.911111111111111,76.91411351777788,42.0,9.399999999999999,14.180000000000001,50.5,79.82018408845124,16,1.1577717457985273,4.0,3.6999999999999997,10.120000000000001,37.5,3.5750471184387607,8,2177.235407605263,717.2025268447774,2894.4379344500403,718.6999999999999
84,168,44,11.618744284891239,16.44047619047619,7.3982142857142845,12.972500000000004,44.88392857142857,19.836904761904755,18.6761210568967,12.994047619047619,86.68779719644863,42.0,9.399999999999999,14.120000000000001,50.5,49.028442363888644,16,1.1577717457985273,4.0,3.6999999999999997,10.120000000000001,37.5,3.0538634195654595,8,1951.9490398617281,821.7493265034548,2773.6983663651827,643.4
85,163,38,11.939034389937275,16.429447852760735,7.440490797546009,12.996687116564429,44.874233128834355,19.68711656441717,18.184281296628043,13.085889570552148,60.22513012329931,32.0,9.399999999999999,14.120000000000001,50.5,76.91411351777788,16,1.1577717457985273,4.0,3.7999999999999994,10.120000000000001,39.0,2.0538634195654595,8,1946.0626055597759,691.0026892718656,2637.0652948316415,525.0
86,164,32,12.612984051357005,16.554878048780488,7.364634146341463,12.944878048780494,44.859756097560975,19.278048780487797,13.170261818390252,13.24390243902439,94.81468546426186,32.0,9.399999999999999,14.180000000000001,50.5,34.931449462803926,17,1.3951582966892602,4.0,3.6999999999999993,10.120000000000001,39.0,1.423047076119019,9,2068.529384422549,421.44837818848805,2489.977762611037,445.59999999999997
87,164,27,11.801532776019945,15.823170731707316,7.308536585365853,12.953658536585369,44.7469512195122,18.248780487804872,16.070714044669806,13.414634146341463,94.81468546426186,32.0,9.399999999999999,14.180000000000001,50.5,33.931449462803926,17,1.3951582966892602,4.0,3.6999999999999993,10.120000000000001,38.5,3.846094152238038,9,1935.451375267271,433.90927920608476,2369.3606544733557,420.5
88,165,26,11.226883961533066,16.21818181818182,7.347878787878789,12.938909090909096,44.82121212121212,17.32848484848484,14.672038414445787,13.539393939393939,50.5842905814045,32.0,9.399999999999999,14.180000000000001,50.5,55.8207648502497,17,1.3951582966892602,4.0,3.6999999999999993,10.06,38.5,2.032597426637949,9,1852.4358536529558,381.47299877559044,2233.908852428546,349.99999999999994
89,161,16,12.391185083167493,16.434782608695652,7.367080745341617,12.937515527950323,44.88509316770186,17.95465838509316,9.88653036436047,13.571428571428571,74.03044109628257,32.0,9.399999999999999,14.180000000000001,50.5,21.229217263484315,17,1.418956666107647,4.0,3.6999999999999993,10.06,38.5,3.865166083346594,9,1994.9807983899664,158.1844858297675,2153.165284219734,461.5
90,159,20,10.720928253650452,16.30188679245283,7.351572327044027,12.942012578616358,44.87106918238994,17.777987421383646,16.97341720713647,13.616352201257861,43.46687845053623,32.0,9.1,14.180000000000001,50.5,50.5842905814045,17,1.418956666107647,4.0,3.6999999999999993,10.06,38.5,2.865166083346594,10,1704.627592330422,339.4683441427294,2044.0959364731514,563.4
91,159,18,10.902096052552837,16.666666666666668,7.39245283018868,12.955723270440258,44.9559748427673,18.539622641509432,12.73515269546096,13.622641509433961,64.83458775816678,32.0,9.1,14.180000000000001,50.5,39.60699312211668,17,1.418956666107647,4.0,3.6999999999999993,10.06,38.5,1.865166083346594,10,1733.433272355901,229.23274851829726,1962.6660208741982,432.59999999999997
92,148,23,11.433025718713589,16.68918918918919,7.365540540540545,12.936351351351355,45.020270270270274,19.833783783783783,10.65239833491725,13.662162162162161,64.83458775816678,32.0,9.1,14.180000000000001,50.5,25.246470840643454,18,1.418956666107647,4.0,3.6999999999999993,10.06,38.5,0.865166083346594,10,1692.0878063696111,245.00516170309675,1937.092968072708,513.6999999999999
93,141,22,11.581716663199776,16.70212765957447,7.32695035460993,12.906524822695038,45.0177304964539,21.307092198581554,10.543371095775386,13.73758865248227,64.83458775816678,32.0,9.1,14.180000000000001,50.5,28.810161635545228,18,1.418956666107647,4.0,3.6999999999999993,10.06,38.5,1.4998269428508593,10,1633.0220495111685,231.9541641070585,1864.976213618227,552.1
94,139,24,10.220783204755389,16.848920863309353,7.343884892086334,12.886187050359718,45.0863309352518,20.793525179856108,14.116894497448008,13.83453237410072,30.754190764772744,32.0,9.1,14.180000000000001,50.5,64.83458775816678,18,1.6512321780523962,4.0,3.6999999999999993,10.06,38.5,0.49982694285085927,10,1420.688865460999,338.8054679387522,1759.4943333997512,488.79999999999995
95,133,19,10.793938202013056,16.81203007518797,7.32556390977444,12.858496240601507,45.161654135338345,20.942105263157888,14.488277345923153,13.977443609022556,72.22245581930432,32.0,9.2,14.180000000000001,50.5,50.099345220133685,18,1.633560838964855,4.0,3.6999999999999993,10.06,38.5,2.922318391967565,10,1435.5937808677365,275.2772695725399,1710.8710504402766,296.79999999999995
96,126,17,11.102153479771786,16.706349206349206,7.280158730158734,12.836666666666668,45.107142857142854,21.120634920634917,16.186531181278827,14.031746031746032,72.22245581930432,32.0,9.2,14.180000000000001,50.5,52.56507734240598,18,1.6512321780523962,4.0,3.6999999999999993,10.06,38.5,1.9223183919675648,10,1398.871338451245,275.17103008174007,1674.0423685329852,296.0
97,113,22,11.572083201597403,17.27433628318584,7.315929203539825,12.810973451327431,45.19911504424779,20.902654867256636,14.820887119232026,14.132743362831858,64.44253519583636,32.0,9.2,14.180000000000001,50.5,72.22245581930432,18,1.6512321780523962,4.0,3.6999999999999993,10.06,39.5,0.9223183919675648,10,1307.6454017805065,326.05951662310457,1633.7049184036111,421.9
98,107,19,12.031388784305136,17.233644859813083,7.321495327102805,12.804859813084112,45.13551401869159,20.53457943925233,15.559128467866689,14.25233644859813,86.59955120169069,31.0,9.2,14.180000000000001,50.5,62.85101486022657,18,1.2782938930660457,4.0,3.6999999999999993,10.06,39.5,0.7455571331124133,10,1287.3585999206496,295.6234408894671,1582.9820408101166,353.4
99,106,18,11.354388227706599,17.71698113207547,7.333962264150945,12.770188679245287,45.33018867924528,20.762264150943395,16.66678366868947,14.415094339622641,86.59955120169069,32.0,9.2,14.180000000000001,50.5,61.85101486022657,17,1.1632360548078395,4.0,3.6999999999999993,10.06,42.0,2.2833534327517384,11,1203.5651521368995,300.00210603641045,1503.56725817331,302.0
100,106,16,10.813839114553458,18.18867924528302,7.419811320754718,12.796792452830188,45.301886792452834,19.12264150943396,16.3710028391153,14.566037735849056,43.299775600845344,32.0,9.2,14.180000000000001,50.5,60.85101486022657,18,1.1632360548078395,4.0,3.6999999999999993,10.06,42.0,2.037796299639325,11,1146.2669461426665,261.9360454258448,1408.2029915685112,180.89999999999998
101,104,12,11.030708270879908,17.971153846153847,7.44519230769231,12.841153846153846,45.26442307692308,19.61730769230769,18.314436516734972,14.682692307692308,43.299775600845344,32.0,9.2,14.180000000000001,50.5,59.85101486022657,18,1.1632360548078395,4.0,3.6999999999999993,10.06,41.5,3.628229925593814,11,1147.1936601715104,219.77323820081966,1366.96689837233,266.9
102,103,15,10.425506820962081,17.446601941747574,7.433980582524273,12.875728155339806,45.27669902912621,19.519417475728147,15.645300375876184,14.79611650485437,82.26740142755688,32.0,9.2,14.180000000000001,50.5,43.299775600845344,18,1.1632360548078395,4.0,3.6999999999999993,10.06,41.5,2.614653259986653,11,1073.8272025590943,234.67950563814276,1308.506708197237,344.09999999999997
103,101,17,9.771083165311353,16.96039603960396,7.449504950495052,12.911089108910895,45.133663366336634,20.906930693069306,16.635085479152842,14.92079207920792,56.35711068576731,32.0,9.2,14.180000000000001,50.5,82.26740142755688,18,1.1521805587301897,3.0,4.1,10.06,41.5,3.488638456368162,11,986.8793996964467,282.7964531455983,1269.675852842045,435.2
104,92,22,9.903703546814294,17.26086956521739,7.507608695652174,12.923913043478265,45.141304347826086,22.922826086956523,14.349998586513879,15.054347826086957,56.35711068576731,32.0,9.299999999999999,14.180000000000001,50.5,81.26740142755688,18,1.1521805587301897,3.0,4.1,10.06,41.5,1.7514835870896377,11,911.140726306915,315.6999689033053,1226.8406952102202,526.9
105,78,27,10.467778511971108,18.153846153846153,7.583333333333335,12.918461538461539,45.28846153846154,22.611538461538455,13.713485313069631,14.935897435897436,34.06164978920424,32.0,9.299999999999999,14.180000000000001,50.5,80.26740142755688,18,1.1521805587301897,3.0,4.1,10.06,41.5,1.3103962909990514,11,816.4867239337465,370.26410345288,1186.7508273866265,431.9
106,74,17,11.456976446303514,17.283783783783782,7.514864864864865,12.955405405405408,45.21621621621622,22.53378378378378,17.92818581745624,15.121621621621621,64.035692648528,32.0,9.299999999999999,14.180000000000001,50.5,79.26740142755688,18,1.18596731039122,3.0,4.199999999999999,10.120000000000001,41.5,2.0763800787721927,11,847.81625702646,304.77915889675603,1152.595415923216,183.79999999999998
107,62,22,11.411868448274427,16.612903225806452,7.3741935483870975,12.910000000000002,45.03225806451613,21.999999999999996,18.726505967730407,15.387096774193548,49.79480102833827,32.0,9.299999999999999,14.180000000000001,50.5,78.26740142755688,18,1.18596731039122,3.0,4.199999999999999,10.120000000000001,41.5,3.0706937803826033,11,707.5358437930145,411.98313129006897,1119.5189750830834,427.7
108,59,17,11.793663630534747,16.033898305084747,7.442372881355934,12.98440677966102,44.91525423728814,21.816949152542374,21.814147245635596,15.525423728813559,73.28646920480888,31.0,9.299999999999999,14.180000000000001,50.5,77.26740142755688,18,1.1795941589375587,3.0,4.199999999999999,10.120000000000001,41.5,2.37193462078244,11,695.82615420155,370.8405031758051,1066.666657377355,240.1
109,60,17,11.292956947621152,15.566666666666666,7.428333333333334,12.990333333333338,44.833333333333336,20.40166666666666,19.769258442310687,15.783333333333333,73.28646920480888,31.0,9.299999999999999,14.180000000000001,50.5,76.26740142755688,18,1.1795941589375587,3.0,4.199999999999999,10.120000000000001,41.5,1.5381900393860963,11,677.5774168572691,336.07739351928166,1013.6548103765508,214.7
110,56,18,11.478231659983331,14.821428571428571,7.316071428571428,12.99071428571429,44.625,18.41428571428571,18.49097401047881,15.892857142857142,69.79007638078437,31.0,9.299999999999999,14.06,50.5,75.26740142755688,19,1.1795941589375587,3.0,4.199999999999999,10.120000000000001,41.5,0.5381900393860963,11,642.7809729590665,332.8375321886186,975.618505147685,188.39999999999998
111,56,14,14.051819492584437,14.535714285714286,7.405357142857142,13.07678571428572,44.49107142857143,17.948214285714286,10.444428682912376,16.125,96.8756455921446,31.0,9.299999999999999,14.06,50.5,28.19103457123004,19,1.1795941589375587,3.0,5.700000000000001,12.519999999999996,41.5,1.6234020195389007,11,786.9018915847284,146.22200156077326,933.1238931455017,174.49999999999997
112,56,13,12.832594456446035,14.035714285714286,7.394642857142861,13.09142857142857,44.419642857142854,18.839285714285715,12.676366727979062,16.232142857142858,96.8756455921446,31.0,9.299999999999999,14.06,50.0,40.50839742076618,19,1.18596731039122,3.0,5.700000000000001,12.519999999999996,41.5,0.6234020195389007,12,718.625289560978,164.7927674637278,883.4180570247058,217.39999999999998
113,53,11,10.932454569829165,14.037735849056604,7.411320754716981,13.117735849056606,44.45283018867924,19.615094339622647,24.36141275193879,16.132075471698112,63.190813868390855,31.0,9.299999999999999,14.06,50.0,96.8756455921446,19,1.18596731039122,3.0,5.700000000000001,12.519999999999996,41.5,2.1354339642719395,12,579.4200922009458,267.9755402713267,847.3956324722724,235.1
114,57,10,9.11813865871739,14.017543859649123,7.394736842105263,13.101052631578947,44.56140350877193,17.55087719298246,27.149237352253806,16.31578947368421,31.595406934195427,31.0,9.299999999999999,14.06,50.0,95.8756455921446,19,0.8179671371405179,3.0,5.700000000000001,12.519999999999996,41.5,1.1354339642719395,12,519.7339035468913,271.49237352253806,791.2262770694293,128.79999999999998
115,56,10,9.010176616338992,14.535714285714286,7.442857142857141,13.103928571428572,44.714285714285715,17.148214285714285,25.475391738067966,16.160714285714285,40.09790542338124,31.0,9.299999999999999,14.06,50.0,94.8756455921446,19,0.8179671371405179,3.0,5.700000000000001,12.519999999999996,41.5,1.5836888108825857,12,504.5698905149835,254.75391738067967,759.3238078956632,165.29999999999998
116,57,6,9.978344436928992,14.298245614035087,7.419298245614034,13.111578947368422,44.70175438596491,16.52280701754386,26.755542589498678,16.24561403508772,82.58777984788209,31.0,9.299999999999999,14.06,50.0,109.32460919774289,19,0.8179671371405179,3.0,5.700000000000001,12.519999999999996,41.5,2.773140081918358,12,568.7656329049526,160.53325553699207,729.2988884419447,73.39999999999999
117,56,3,12.55567610364596,14.553571428571429,7.4624999999999995,13.117857142857144,44.80357142857143,18.833928571428572,3.8739308459187582,16.267857142857142,112.37690666237465,31.0,9.299999999999999,14.06,50.0,7.05258191863085,19,0.8179671371405179,3.0,6.0,12.519999999999996,41.5,1.4358731590914542,12,703.1178618041737,11.621792537756274,714.73965434193,151.2
118,53,8,10.411116852819536,13.924528301886792,7.4415094339622625,13.137735849056606,44.70754716981132,19.881132075471704,14.509718838727267,16.50943396226415,82.58777984788209,31.0,9.299999999999999,14.06,50.0,40.58143267753627,20,0.8179671371405179,3.0,6.0,12.519999999999996,41.5,2.500639859588654,12,551.7891931994354,116.07775070981813,667.8669439092536,299.79999999999995
119,50,12,7.928759576201848,12.5,7.335999999999999,13.19,44.25,19.220000000000002,20.240736294944757,16.7,30.31316392501099,31.0,9.299999999999999,14.06,50.0,82.58777984788209,20,0.8179671371405179,3.0,6.1,12.639999999999997,41.0,1.18596731039122,12,396.43797881009243,242.8888355393371,639.3268143494295,190.9
120,50,9,8.144974752592127,12.16,7.354,13.240800000000002,44.13,19.520000000000003,23.06721895579831,16.84,33.591791946382315,31.0,9.299999999999999,14.06,50.0,81.58777984788209,21,1.003934447531738,3.0,6.1,12.699999999999998,40.5,1.2754399080796333,12,407.2487376296063,207.60497060218478,614.8537082317911,109.39999999999999
121,45,11,10.531169956583609,12.355555555555556,7.37111111111111,13.229777777777777,44.28888888888889,18.184444444444445,11.232101108993922,16.8,105.40995967082512,31.0,9.299999999999999,14.06,50.0,23.118271981632212,21,1.003934447531738,3.0,6.1,12.699999999999998,40.5,0.27543990807963326,12,473.9026480462624,123.55311219893314,597.4557602451955,87.89999999999999
122,46,6,10.305718960447674,12.021739130434783,7.247826086956519,13.181304347826087,44.42391304347826,17.904347826086955,13.246868271286372,16.97826086956522,52.70497983541256,31.0,8.8,14.06,50.0,33.818708468392806,21,1.003934447531738,3.0,6.1,12.699999999999998,40.5,3.987712769680104,12,474.063072180593,79.48120962771823,553.5442818083112,106.89999999999999
123,50,5,9.083152467349105,13.1,7.373999999999999,13.208000000000002,44.63,16.99,8.40126309117397,16.88,39.84226513479122,31.0,8.8,14.06,50.5,24.305112746902488,21,1.003934447531738,3.0,6.1,12.699999999999998,40.5,2.987712769680104,12,454.15762336745524,42.00631545586985,496.1639388233251,89.89999999999998
124,51,4,8.763323640751736,13.529411764705882,7.398039215686272,13.202745098039218,44.705882352941174,17.5921568627451,5.9641681939672635,16.941176470588236,31.864346846917073,31.0,8.8,14.06,50.5,14.047113332796831,21,1.003934447531738,3.0,6.1,12.699999999999998,40.5,1.8034127367825858,12,446.9295056783385,23.856672775869054,470.7861784542076,102.29999999999997
125,53,1,7.9626881279566675,12.962264150943396,7.350943396226414,13.212830188679247,44.660377358490564,19.173584905660377,30.31316392501099,17.18867924528302,26.35248991770628,31.0,8.700000000000001,14.06,50.5,30.31316392501099,21,1.003934447531738,3.0,6.1,12.699999999999998,40.5,30.31316392501099,12,422.02247078170336,30.31316392501099,452.33563470671436,117.29999999999997
126,48,7,8.098889073509243,13.125,7.4104166666666655,13.25,44.614583333333336,18.545833333333334,7.4273052754553675,17.375,37.36973695498334,31.0,8.700000000000001,14.06,50.5,15.915172686981968,22,1.003934447531738,3.0,6.1,12.699999999999998,40.5,1.7713682385529754,12,388.74667552844363,51.99113692818757,440.7378124566312,177.19999999999996
127,46,6,8.029883986283249,12.847826086956522,7.341304347826087,13.217391304347826,44.68478260869565,18.319565217391304,9.588232569442752,17.434782608695652,37.36973695498334,31.0,8.700000000000001,14.06,50.5,17.574476518812855,22,1.003934447531738,3.0,6.1,12.699999999999998,41.0,0.7713682385529754,12,369.37466336902946,57.52939541665651,426.90405878568595,96.49999999999997
128,48,2,8.035884182611856,12.625,7.291666666666663,13.207083333333335,44.59375,18.987499999999997,12.60343469694609,17.583333333333332,37.36973695498334,31.0,8.700000000000001,14.06,50.5,12.916198667168267,22,1.003934447531738,3.0,6.0,12.699999999999998,41.0,12.290670726723913,12,385.7224407653691,25.20686939389218,410.92931015926126,75.89999999999996
129,47,5,7.589052689116199,13.127659574468085,7.323404255319144,13.203829787234044,44.680851063829785,18.21276595744681,5.863334512540119,17.5531914893617,26.35248991770628,31.0,8.700000000000001,14.06,50.5,7.966086711729268,22,1.003934447531738,3.0,6.0,12.699999999999998,41.0,4.2796170500072925,12,356.6854763884614,29.316672562700596,386.002148951162,130.09999999999997
130,48,6,7.069957403976055,13.125,7.329166666666665,13.194583333333336,44.666666666666664,17.75833333333333,4.731764647720925,17.833333333333332,26.35248991770628,31.0,8.700000000000001,14.06,50.5,8.159026952820776,23,1.003934447531738,3.0,6.0,12.699999999999998,41.0,1.7801780572260066,12,339.35795539085063,28.390587886325548,367.74854327717617,117.39999999999998
131,46,4,7.2790610681432275,13.065217391304348,7.341304347826085,13.209565217391306,44.66304347826087,19.126086956521736,5.901155920349123,17.847826086956523,26.35248991770628,31.0,8.700000000000001,14.06,50.5,8.303583541489823,23,1.003934447531738,3.0,6.0,12.699999999999998,41.0,3.4467885297118643,12,334.83680913458846,23.604623681396493,358.44143281598497,135.69999999999996
132,40,7,7.165627544691274,13.2,7.3649999999999975,13.2045,44.675,21.442499999999995,9.304720824006763,18.1,26.35248991770628,31.0,8.700000000000001,14.06,50.5,26.35248991770628,23,1.003934447531738,3.0,6.0,12.699999999999998,41.0,3.0011584095470942,13,286.625101787651,65.13304576804734,351.7581475556983,290.69999999999993
133,37,9,7.861219433597623,13.621621621621621,7.4108108108108075,13.187567567567564,44.729729729729726,22.24864864864864,5.374131658327671,18.18918918918919,32.73154490976323,31.0,8.700000000000001,14.06,50.5,11.466766050383493,23,1.003934447531738,3.0,6.0,12.699999999999998,41.0,2.0011584095470942,13,290.86511904311203,48.367184924949036,339.23230396806105,166.49999999999997
134,36,5,8.137590941244152,14.277777777777779,7.358333333333331,13.101111111111107,44.986111111111114,22.224999999999998,5.197262687602797,18.11111111111111,26.35248991770628,31.0,8.700000000000001,14.06,50.5,9.960566283697805,23,1.1340218670504572,3.0,6.0,12.699999999999998,41.0,2.3899283152296302,13,292.9532738847895,25.986313438013987,318.9395873228035,87.39999999999999
135,39,1,7.599215162632058,13.743589743589743,7.351282051282049,13.106666666666664,44.88461538461539,22.087179487179483,8.960566283697805,18.358974358974358,26.35248991770628,31.0,8.700000000000001,14.06,50.5,8.960566283697805,23,1.2433497029484621,3.0,6.0,12.699999999999998,41.0,8.960566283697805,13,296.36939134265026,8.960566283697805,305.32995762634806,30.299999999999997
136,36,4,7.331743972829724,13.805555555555555,7.305555555555553,13.061666666666662,45.166666666666664,23.222222222222214,9.77672794775155,18.333333333333332,26.35248991770628,31.0,8.700000000000001,14.06,50.5,15.12413468583344,23,1.2433497029484621,3.0,6.0,12.699999999999998,41.0,4.551009412353348,13,263.94278302187007,39.1069117910062,303.0496948128763,130.7
137,34,3,8.16509738262532,13.882352941176471,7.255882352941175,13.008235294117645,45.3235294117647,25.882352941176464,7.14546126787183,18.41176470588235,26.35248991770628,31.0,8.700000000000001,14.06,50.5,9.329748868112716,23,1.2433497029484621,3.0,6.0,12.699999999999998,41.0,4.940746475915383,14,277.6133110092608,21.436383803615488,299.04969481287634,104.19999999999997
138,31,6,7.854753502852384,13.67741935483871,7.216129032258061,13.026451612903221,45.25806451612903,25.52903225806451,8.23947355939932,18.387096774193548,26.35248991770628,31.0,8.700000000000001,14.06,50.5,11.508595755844333,23,1.2433497029484621,3.0,6.0,12.699999999999998,41.0,6.165888459587389,14,243.4973585884239,49.436841356395924,292.93419994481985,74.89999999999998
139,28,5,8.069802020621076,13.428571428571429,7.114285714285712,12.962142857142855,45.392857142857146,26.203571428571422,12.195948673485942,18.285714285714285,17.70591888690126,31.0,8.700000000000001,14.06,50.5,26.35248991770628,23,1.2433497029484621,3.0,6.0,12.699999999999998,41.0,6.624031736202116,14,225.95445657739012,60.97974336742971,286.93419994481985,57.49999999999999
140,27,7,8.423518255845156,13.592592592592593,7.192592592592589,13.008888888888887,45.18518518518518,25.262962962962956,6.7462153951928885,18.51851851851852,33.53537614514708,31.0,8.700000000000001,14.06,50.5,9.508595755844333,24,1.2433497029484621,3.0,6.0,12.699999999999998,40.5,2.4866994058969243,14,227.4349929078192,47.22350776635022,274.65850067416943,67.39999999999998
141,26,8,8.346391505405608,13.76923076923077,7.276923076923073,13.068461538461538,45.03846153846154,25.899999999999995,6.054885209095119,18.653846153846153,33.53537614514708,31.0,8.700000000000001,14.06,50.5,10.353487377317308,24,1.2433497029484621,3.0,6.0,12.699999999999998,40.5,1.4866994058969243,14,217.0061791405458,48.43908167276095,265.44526081330673,64.69999999999999
142,23,6,8.317134981273842,13.478260869565217,7.2913043478260855,13.095652173913043,45.02173913043478,26.226086956521737,11.025192707334732,18.782608695652176,19.46824432673285,31.0,8.700000000000001,14.06,50.5,33.53537614514708,24,1.7300491088453864,3.0,6.0,12.699999999999998,40.5,3.6240317362021157,14,191.29410456929838,66.15115624400839,257.4452608133068,52.099999999999994
143,24,4,8.387156979096389,12.5,7.249999999999999,13.099166666666664,44.75,23.166666666666668,9.57542572575693,19.541666666666668,47.29348612926098,31.0,8.700000000000001,14.06,50.5,16.365772454881615,24,1.7300491088453864,3.0,6.0,12.699999999999998,40.5,2.6240317362021157,14,201.29176749831333,38.30170290302772,239.59347040134105,35.39999999999999
144,26,1,8.170300931431438,12.961538461538462,7.269230769230768,13.08230769230769,44.92307692307692,22.68846153846153,7.921057532435487,19.46153846153846,37.41406740484914,31.0,8.700000000000001,14.06,50.5,7.921057532435487,24,1.7300491088453864,3.0,6.0,12.699999999999998,40.5,7.921057532435487,14,212.4278242172174,7.921057532435487,220.3488817496529,14.899999999999997
145,27,2,6.661211177023977,12.851851851851851,7.229629629629629,13.074814814814815,44.870370370370374,21.125925925925927,13.508039553451015,19.62962962962963,23.64674306463049,31.0,8.700000000000001,14.06,50.0,20.095021574466543,24,1.7300491088453864,3.0,6.0,12.699999999999998,40.5,6.921057532435487,14,179.85270177964736,27.01607910690203,206.8687808865494,14.899999999999997
146,26,2,7.53703812199934,13.153846153846153,7.269230769230768,13.084615384615383,44.86538461538461,21.376923076923074,4.452894857283271,19.692307692307693,23.64674306463049,31.0,8.700000000000001,14.06,50.0,5.921057532435487,24,1.7300491088453864,3.0,6.0,12.699999999999998,40.5,2.9847321821310553,14,195.96299117198285,8.905789714566541,204.8687808865494,12.499999999999998
147,24,3,7.625601349587274,13.416666666666666,7.316666666666666,13.091666666666667,44.916666666666664,22.441666666666663,6.618116165484923,19.625,23.64674306463049,31.0,8.700000000000001,14.06,50.0,8.680122940236794,24,1.7300491088453864,3.0,6.0,12.699999999999998,40.5,4.921057532435487,14,183.01443239009458,19.85434849645477,202.86878088654936,47.89999999999999
148,21,5,7.509697906222418,14.285714285714286,7.46190476190476,13.10190476190476,45.11904761904762,22.938095238095237,8.433024971175719,19.523809523809526,23.64674306463049,31.0,8.700000000000001,14.06,50.0,22.204851992283317,24,1.7300491088453864,3.0,6.299999999999999,12.699999999999998,40.5,3.5089269926035667,14,157.70365603067077,42.165124855878595,199.86878088654936,72.79999999999998
149,20,5,5.833913236161274,12.65,7.334999999999998,13.124999999999996,44.575,21.564999999999994,15.133747244922848,20.15,11.974277646634416,31.0,8.700000000000001,14.06,50.0,39.91188569470789,24,1.7300491088453864,3.0,6.299999999999999,12.699999999999998,40.5,2.5089269926035667,14,116.67826472322548,75.66873622461424,192.34700094783972,41.199999999999996
150,17,6,6.751917900294536,12.058823529411764,7.358823529411763,13.164705882352939,44.23529411764706,19.11176470588235,12.094066107138767,20.352941176470587,34.470114596945734,31.0,8.700000000000001,14.06,50.0,38.91188569470789,24,1.7300491088453864,3.0,6.299999999999999,12.699999999999998,40.5,1.921057532435487,14,114.78260430500711,72.5643966428326,187.34700094783972,16.5
151,17,4,6.821091762585398,11.764705882352942,7.341176470588234,13.161176470588234,44.61764705882353,17.464705882352945,14.192728083662878,20.41176470588235,17.235057298472867,28.0,8.499999999999998,14.06,50.0,37.91188569470789,24,1.7300491088453864,3.0,6.299999999999999,12.699999999999998,40.5,0.921057532435487,14,115.95855996395177,56.77091233465151,172.7294722986033,0.0
152,18,1,8.552222112166959,11.722222222222221,7.311111111111111,13.138888888888888,44.638888888888886,17.327777777777776,10.974277646634416,20.5,45.529414343944325,28.0,8.499999999999998,14.06,50.0,10.974277646634416,24,1.7300491088453864,3.0,6.299999999999999,12.699999999999998,40.5,10.974277646634416,14,153.93999801900526,10.974277646634416,164.91427566563968,0.0
153,17,2,8.047014288728622,10.764705882352942,7.24705882352941,13.154117647058822,44.3235294117647,17.61764705882353,13.557516378626564,20.88235294117647,45.529414343944325,27.0,8.499999999999998,14.06,50.0,17.140755110618713,24,1.7300491088453864,3.0,6.299999999999999,12.699999999999998,40.5,9.974277646634416,15,136.7992429083866,27.11503275725313,163.9142756656397,25.199999999999996
154,18,2,6.967604962355583,11.555555555555555,7.311111111111109,13.145555555555553,44.611111111111114,18.227777777777778,12.557516378626564,20.666666666666668,22.764707171972162,27.0,8.499999999999998,14.06,50.0,16.140755110618713,24,1.7300491088453864,3.0,6.299999999999999,12.699999999999998,40.5,8.974277646634416,15,125.41688932240051,25.11503275725313,150.53192207965364,12.599999999999998
155,17,2,8.076297247553264,11.588235294117647,7.335294117647058,13.168235294117645,44.64705882352941,20.035294117647055,5.6174344356240695,20.705882352941178,37.905462282590875,27.0,8.499999999999998,14.06,50.0,7.974277646634416,24,1.7300491088453864,3.0,6.299999999999999,12.699999999999998,40.5,3.2605912246137225,15,137.2970532084055,11.234868871248139,148.5319220796536,45.09999999999999
156,17,2,7.484734730703302,12.705882352941176,7.458823529411763,13.178823529411762,44.94117647058823,19.052941176470586,4.907533043524904,20.647058823529413,18.952731141295438,27.0,8.499999999999998,14.06,50.0,6.974277646634416,24,1.7300491088453864,3.0,6.299999999999999,12.699999999999998,40.5,2.840788440415391,15,127.24049042195614,9.815066087049807,137.05555650900595,25.199999999999996
157,16,2,7.635494462865074,13.0,7.399999999999999,13.123749999999998,45.1875,18.662499999999998,6.443822551582383,20.5,18.952731141295438,27.0,8.499999999999998,14.0,50.0,6.9133674565303505,24,1.7300491088453864,3.0,6.299999999999999,12.699999999999998,40.5,5.974277646634416,15,122.16791140584118,12.887645103164767,135.05555650900595,0.0
158,17,1,7.397041994257167,12.705882352941176,7.3352941176470585,13.12705882352941,45.14705882352941,20.41176470588235,4.974277646634416,20.647058823529413,18.952731141295438,27.0,8.499999999999998,14.0,50.0,4.974277646634416,24,1.7300491088453864,3.0,6.299999999999999,12.699999999999998,40.5,4.974277646634416,15,125.74971390237184,4.974277646634416,130.72399154900626,33.39999999999999
159,17,2,6.263706163208864,11.529411764705882,7.341176470588234,13.192941176470587,44.588235294117645,20.035294117647055,10.604667472553642,21.235294117647058,18.952731141295438,26.0,8.499999999999998,14.0,50.0,17.235057298472867,25,1.7300491088453864,3.0,6.299999999999999,12.699999999999998,40.5,3.974277646634416,16,106.4830047745507,21.209334945107283,127.69233971965798,41.8
160,17,1,7.218709533707269,11.529411764705882,7.341176470588233,13.192941176470587,44.588235294117645,22.088235294117645,2.974277646634416,21.235294117647058,20.661537020198182,26.0,8.499999999999998,14.0,50.0,2.974277646634416,25,1.7300491088453864,3.0,6.299999999999999,12.699999999999998,40.5,2.974277646634416,16,122.71806207302357,2.974277646634416,125.692339719658,18.9
161,15,3,6.467531011693738,12.066666666666666,7.339999999999999,13.147999999999998,44.9,22.666666666666664,9.226458181417305,21.066666666666666,18.952731141295438,26.0,8.499999999999998,14.0,50.0,20.661537020198182,25,1.7300491088453864,3.0,6.299999999999999,12.699999999999998,40.5,1.974277646634416,16,97.01296517540607,27.679374544251914,124.69233971965798,44.099999999999994
162,15,1,8.047870804868237,12.066666666666666,7.339999999999999,13.147999999999998,44.9,23.666666666666664,0.9742776466344161,21.066666666666666,29.1379025908459,26.0,8.499999999999998,14.0,50.0,0.9742776466344161,25,1.7300491088453864,3.0,6.299999999999999,12.699999999999998,40.5,0.9742776466344161,16,120.71806207302357,0.9742776466344161,121.692339719658,0.0
163,15,0,8.047870804868237,12.066666666666666,7.339999999999999,13.147999999999998,44.9,26.346666666666668,0.0,21.066666666666666,29.1379025908459,26.0,8.499999999999998,14.0,50.0,0.0,25,1.7300491088453864,3.0,6.299999999999999,12.699999999999998,40.5,0.0,16,120.71806207302357,0.0,120.71806207302357,25.199999999999996
164,13,2,8.274558134631533,12.538461538461538,7.499999999999998,13.16153846153846,45.03846153846154,26.03846153846154,6.574403161406815,20.923076923076923,29.1379025908459,26.0,8.499999999999998,14.0,50.0,8.485676402814242,25,1.7300491088453864,3.0,6.299999999999999,12.699999999999998,40.5,4.663129919999387,16,107.56925575020993,13.14880632281363,120.71806207302356,16.799999999999997
165,12,2,6.841206923280286,11.5,7.424999999999998,13.179999999999998,44.625,25.75833333333333,18.311789496830073,21.25,18.952731141295438,26.0,8.499999999999998,14.0,50.0,29.1379025908459,25,1.7300491088453864,3.0,6.299999999999999,12.699999999999998,40.5,7.485676402814242,16,82.09448307936343,36.623578993660146,118.71806207302357,16.799999999999997
166,13,1,8.28637092160421,11.153846153846153,7.33076923076923,13.179999999999998,44.61538461538461,24.62307692307692,6.485676402814242,21.46153846153846,30.169554420194153,26.0,8.499999999999998,14.0,50.0,6.485676402814242,25,1.7300491088453864,3.0,6.199999999999999,12.699999999999998,40.5,6.485676402814242,16,107.72282198085473,6.485676402814242,114.20849838366897,0.0
167,14,0,7.54757926990146,10.928571428571429,7.399999999999998,13.234285714285713,44.357142857142854,23.65,0.0,21.785714285714285,18.952731141295438,26.0,8.499999999999998,14.0,50.0,0.0,26,1.7300491088453864,3.0,6.199999999999999,12.699999999999998,40.5,0.0,16,105.66610977862044,0.0,105.66610977862044,0.0
168,15,1,6.502577694791327,11.0,7.4799999999999995,13.317333333333332,44.03333333333333,19.819999999999997,1.7300491088453864,22.4,18.952731141295438,26.0,8.499999999999998,14.0,50.0,1.7300491088453864,26,2.509563689354599,6.0,6.199999999999999,12.759999999999998,40.5,1.7300491088453864,16,97.53866542186991,1.7300491088453864,99.2687145307153,0.0
169,16,1,5.978316766912986,10.75,7.543749999999999,13.35625,43.84375,19.924999999999997,0.7300491088453864,22.625,18.952731141295438,26.0,8.499999999999998,14.0,50.0,0.7300491088453864,26,1.8855971512621346,6.0,6.199999999999999,12.759999999999998,40.5,0.7300491088453864,16,95.65306827060778,0.7300491088453864,96.38311737945317,8.499999999999998
170,15,1,6.125458264538901,11.0,7.486666666666666,13.313333333333333,44.06666666666667,23.479999999999997,3.771194302524269,22.466666666666665,18.952731141295438,26.0,8.499999999999998,14.0,50.0,3.771194302524269,26,1.8855971512621346,6.0,6.199999999999999,12.759999999999998,40.5,3.771194302524269,16,91.88187396808351,3.771194302524269,95.65306827060778,67.39999999999999
171,12,3,6.4045710434944425,10.5,7.241666666666666,13.225,44.125,23.075,5.9327385828914885,22.5,18.952731141295438,26.0,8.499999999999998,14.0,50.0,11.382353585986081,26,2.509563689354599,7.0,6.199999999999999,12.759999999999998,41.0,2.6446678601641174,16,76.85485252193331,17.798215748674465,94.65306827060778,50.599999999999994
172,11,2,6.459606297195293,9.090909090909092,7.136363636363635,13.25090909090909,43.59090909090909,21.66363636363636,10.298699500729777,23.09090909090909,17.924742191034618,12.0,8.499999999999998,14.0,45.5,18.952731141295438,26,2.509563689354599,7.0,6.199999999999999,12.759999999999998,41.0,1.6446678601641174,21,71.05566926914823,20.597399001459554,91.65306827060778,0.0
173,13,2,4.97826825248553,8.76923076923077,7.33076923076923,13.352307692307692,43.11538461538461,19.02307692307692,9.298699500729777,23.692307692307693,9.020184410355192,12.0,8.599999999999998,14.0,45.5,17.952731141295438,27,1.8569964390776683,7.0,6.199999999999999,12.759999999999998,40.5,0.6446678601641174,21,64.7174872823119,18.597399001459554,83.31488628377144,0.0
174,14,1,4.462635322030898,8.642857142857142,7.407142857142857,13.394285714285713,42.92857142857143,18.449999999999996,16.952731141295438,23.928571428571427,9.020184410355192,12.0,8.599999999999998,14.0,45.5,16.952731141295438,27,1.8569964390776683,7.0,6.199999999999999,12.759999999999998,40.5,16.952731141295438,21,62.476894508432565,16.952731141295438,79.429625649728,0.0
175,14,0,5.602116117837715,8.642857142857142,7.407142857142857,13.394285714285715,42.92857142857143,19.378571428571426,0.0,23.928571428571427,18.193323915174766,12.0,8.599999999999998,14.0,45.5,0.0,27,1.8569964390776683,7.0,6.199999999999999,12.759999999999998,40.5,0.0,21,78.42962564972801,0.0,78.42962564972801,0.0
176,14,1,4.986999358016987,8.571428571428571,7.407142857142856,13.385714285714284,42.92857142857143,19.17142857142857,4.063303658696504,24.214285714285715,9.096661957587383,12.0,8.599999999999998,13.94,45.5,4.063303658696504,28,1.8569964390776683,6.0,6.199999999999999,12.759999999999998,40.5,4.063303658696504,21,69.81799101223781,4.063303658696504,73.88129467093431,25.699999999999996
177,15,0,4.707141945435832,8.466666666666667,7.48,13.422666666666665,42.8,20.459999999999997,0.0,24.466666666666665,9.020184410355192,12.0,8.599999999999998,13.94,45.5,0.0,28,2.2741654893968457,6.0,6.199999999999999,12.759999999999998,40.5,0.0,21,70.60712918153747,0.0,70.60712918153747,25.499999999999993
178,13,2,4.487512725594052,8.307692307692308,7.4692307692307685,13.429230769230768,42.80769230769231,20.623076923076926,6.134731874407392,24.615384615384617,9.020184410355192,12.0,8.599999999999998,13.94,45.5,7.78827820105613,28,2.2741654893968457,6.0,6.199999999999999,12.759999999999998,40.5,4.481185547758654,21,58.33766543272267,12.269463748814784,70.60712918153746,33.99999999999999
179,13,1,4.7552962292677945,8.307692307692308,7.4692307692307685,13.429230769230768,42.80769230769231,24.238461538461536,6.78827820105613,24.615384615384617,9.020184410355192,12.0,8.599999999999998,13.94,45.5,6.78827820105613,28,2.2741654893968457,6.0,6.199999999999999,12.759999999999998,40.5,6.78827820105613,21,61.81885098048133,6.78827820105613,68.60712918153746,33.99999999999999
180,13,2,4.30803743776483,8.307692307692308,7.484615384615383,13.429230769230768,42.73076923076923,23.807692307692307,4.751135539605733,24.76923076923077,9.020184410355192,12.0,8.699999999999998,13.94,45.5,5.78827820105613,28,2.1003714113832066,6.0,6.199999999999999,12.759999999999998,40.0,3.7139928781553366,21,56.00448669094279,9.502271079211466,65.50675777015425,25.499999999999993
181,13,0,4.885135213088788,8.307692307692308,7.484615384615383,13.429230769230768,42.73076923076923,24.73076923076923,0.0,24.76923076923077,13.808462611411322,12.0,8.699999999999998,13.94,45.5,0.0,28,2.1003714113832066,6.0,6.199999999999999,12.759999999999998,40.0,0.0,21,63.50675777015425,0.0,63.50675777015425,0.0
182,14,1,3.7540894863626804,8.142857142857142,7.592857142857141,13.465714285714284,42.642857142857146,20.542857142857144,5.68180834398664,25.071428571428573,6.904231305705661,12.0,8.699999999999998,13.94,45.5,5.68180834398664,29,1.815580964237257,6.0,6.199999999999999,12.759999999999998,40.0,5.68180834398664,21,52.557252809077525,5.68180834398664,58.23906115306416,0.0
183,14,0,4.088504368076012,8.142857142857142,7.592857142857141,13.465714285714284,42.642857142857146,23.24285714285714,0.0,25.071428571428573,7.308009289367501,12.0,8.699999999999998,13.94,45.5,0.0,29,1.815580964237257,6.0,6.199999999999999,12.759999999999998,40.0,0.0,21,57.23906115306416,0.0,57.23906115306416,25.799999999999994
184,11,3,4.078075038457232,8.545454545454545,7.345454545454543,13.341818181818184,43.18181818181818,21.909090909090907,4.126745243344873,24.454545454545453,7.308009289367501,12.0,8.699999999999998,13.94,45.5,4.548330978793691,29,1.815580964237257,7.0,6.199999999999999,12.759999999999998,40.0,3.631161928474514,21,44.85882542302956,12.380235730034618,57.23906115306418,42.999999999999986
185,11,1,4.691627202235423,8.545454545454545,7.345454545454543,13.341818181818184,43.18181818181818,22.909090909090907,2.631161928474514,24.454545454545453,8.029516526552346,12.0,8.699999999999998,13.94,45.5,2.631161928474514,29,2.1003714113832066,7.0,6.199999999999999,12.759999999999998,40.0,2.631161928474514,21,51.60789922458965,2.631161928474514,54.23906115306416,0.0
186,11,0,4.83991465027856,8.545454545454545,7.345454545454543,13.341818181818182,43.18181818181818,26.963636363636365,0.0,24.454545454545453,8.029516526552346,12.0,8.699999999999998,13.94,45.5,0.0,29,2.1003714113832066,7.0,6.199999999999999,12.759999999999998,40.0,0.0,21,53.23906115306416,0.0,53.23906115306416,33.599999999999994
187,10,1,5.113868974168096,8.7,7.209999999999999,13.282000000000002,43.5,29.160000000000004,2.1003714113832066,24.1,8.029516526552346,12.0,8.599999999999998,13.94,45.5,2.1003714113832066,29,2.509563689354599,7.0,6.199999999999999,12.759999999999998,40.5,2.1003714113832066,21,51.138689741680956,2.1003714113832066,53.23906115306416,25.399999999999995
188,8,3,4.761606178515618,9.125,6.912499999999998,13.1325,44.1875,28.725,4.715403908313075,23.125,7.308009289367501,12.0,8.499999999999998,13.94,45.5,8.029516526552346,28,2.509563689354599,7.0,6.199999999999999,12.759999999999998,41.0,1.1003714113832066,21,38.09284942812494,14.146211724939224,52.23906115306417,16.799999999999997
189,7,4,4.746541192348819,8.714285714285714,6.899999999999998,13.168571428571429,44.0,27.400000000000002,4.003318201655609,23.428571428571427,7.308009289367501,11.0,8.499999999999998,13.94,45.0,7.029516526552346,28,2.509563689354599,7.0,6.199999999999999,12.759999999999998,41.0,0.1003714113832066,21,33.22578834644173,16.013272806622435,49.23906115306417,0.0
190,6,3,5.39184559454807,8.5,6.883333333333332,13.196666666666667,43.916666666666664,25.633333333333336,4.595872058130848,23.833333333333332,9.934843944423704,11.0,8.499999999999998,13.94,45.0,6.904231305705661,28,2.509563689354599,7.0,6.199999999999999,12.759999999999998,41.0,3.01632378700367,22,32.351073567288424,13.787616174392543,46.13868974168096,0.0
191,7,2,4.676346237552244,8.428571428571429,7.099999999999999,13.294285714285715,43.57142857142857,22.685714285714287,3.9602775463546656,24.571428571428573,7.308009289367501,11.0,8.499999999999998,13.94,45.0,5.904231305705661,29,2.483710986105926,7.0,6.199999999999999,12.759999999999998,41.0,2.01632378700367,22,32.73442366286571,7.920555092709331,40.65497875557504,0.0
192,7,0,5.522139822225006,8.428571428571429,7.099999999999999,13.294285714285715,43.57142857142857,23.542857142857144,0.0,24.571428571428573,8.798370406233726,11.0,8.499999999999998,13.94,45.0,0.0,29,2.483710986105926,7.0,6.199999999999999,12.759999999999998,41.0,0.0,22,38.654978755575044,0.0,38.654978755575044,0.0
193,7,0,5.522139822225006,8.428571428571429,7.099999999999999,13.294285714285715,43.57142857142857,24.542857142857144,0.0,24.571428571428573,8.798370406233726,11.0,8.499999999999998,13.94,45.0,0.0,29,2.483710986105926,7.0,6.199999999999999,12.759999999999998,41.0,0.0,22,38.654978755575044,0.0,38.654978755575044,0.0
194,6,1,5.5670961441355535,8.5,7.233333333333332,13.313333333333333,43.416666666666664,24.616666666666664,5.25240189076172,24.833333333333332,8.798370406233726,11.0,8.499999999999998,13.94,45.0,5.25240189076172,29,2.483710986105926,7.0,6.199999999999999,12.759999999999998,41.0,5.25240189076172,22,33.40257686481332,5.25240189076172,38.65497875557504,13.499999999999995
195,6,1,5.5670961441355535,8.5,7.233333333333332,13.313333333333333,43.416666666666664,27.866666666666664,4.25240189076172,24.833333333333332,8.798370406233726,11.0,8.499999999999998,13.94,45.0,4.25240189076172,29,2.483710986105926,7.0,6.199999999999999,12.759999999999998,41.0,4.25240189076172,22,33.40257686481332,4.25240189076172,37.65497875557504,13.499999999999995
196,5,2,5.218913515089164,8.4,7.399999999999997,13.339999999999998,43.3,27.479999999999997,5.280205590064611,25.0,8.798370406233726,11.0,8.499999999999998,13.94,45.0,7.308009289367501,29,2.483710986105926,7.0,6.199999999999999,12.759999999999998,41.0,3.2524018907617203,22,26.09456757544582,10.560411180129222,36.654978755575044,13.499999999999995
197,4,2,5.901051614644898,7.75,7.549999999999998,13.485,42.875,24.349999999999998,5.525386148497724,25.75,12.627186023903544,9.0,8.499999999999998,13.94,44.5,8.798370406233726,29,2.483710986105926,7.0,6.199999999999999,12.94,41.0,2.2524018907617203,22,23.604206458579593,11.050772296995447,34.654978755575044,0.0
198,5,2,4.089481990520741,8.0,7.479999999999999,13.388,43.1,20.08,4.525386148497724,25.2,6.313593011951772,9.0,8.499999999999998,13.94,44.5,7.798370406233726,29,2.483710986105926,7.0,6.199999999999999,12.94,41.0,1.2524018907617203,22,20.447409952603707,9.050772296995447,29.498182249599154,0.0
199,5,2,4.089481990520741,8.0,7.479999999999999,13.388,43.1,20.88,3.525386148497723,25.2,6.313593011951772,9.0,8.499999999999998,13.94,44.5,6.798370406233726,29,2.483710986105926,7.0,6.199999999999999,12.94,41.0,0.25240189076172026,22,20.447409952603707,7.050772296995446,27.498182249599154,0.0
200,5,1,4.089481990520741,8.0,7.479999999999999,13.388,43.1,21.88,5.798370406233726,25.2,6.313593011951772,9.0,8.499999999999998,13.94,44.5,5.798370406233726,29,2.483710986105926,7.0,6.199999999999999,12.94,41.0,5.798370406233726,22,20.447409952603707,5.798370406233726,26.245780358837433,0.0
201,5,1,4.089481990520741,8.0,7.479999999999999,13.388,43.1,22.88,4.798370406233726,25.2,6.313593011951772,9.0,8.499999999999998,13.94,44.5,4.798370406233726,29,2.483710986105926,7.0,6.199999999999999,12.94,41.0,4.798370406233726,22,20.447409952603707,4.798370406233726,25.245780358837433,0.0
202,5,1,4.089481990520741,8.0,7.479999999999999,13.388,43.1,23.88,3.798370406233726,25.2,6.313593011951772,9.0,8.499999999999998,13.94,44.5,3.798370406233726,29,2.483710986105926,7.0,6.199999999999999,12.94,41.0,3.798370406233726,22,20.447409952603707,3.798370406233726,24.245780358837433,0.0
203,5,0,4.649156071767487,8.0,7.479999999999999,13.388,43.1,24.880000000000003,0.0,25.2,9.111963418185498,9.0,8.499999999999998,13.94,44.5,0.0,29,2.483710986105926,7.0,6.199999999999999,12.94,41.0,0.0,22,23.245780358837433,0.0,23.245780358837433,0.0
204,6,0,3.4946315840485096,8.166666666666666,7.399999999999999,13.303333333333335,43.25,21.400000000000002,0.0,24.833333333333332,5.983745759215522,9.0,8.499999999999998,13.94,44.5,0.0,29,2.2779908545463745,7.0,6.199999999999999,12.879999999999999,41.0,0.0,22,20.96778950429106,0.0,20.96778950429106,0.0
205,6,0,3.4946315840485096,8.166666666666666,7.399999999999999,13.303333333333335,43.25,22.233333333333334,0.0,24.833333333333332,5.983745759215522,9.0,8.499999999999998,13.94,44.5,0.0,29,2.2779908545463745,7.0,6.199999999999999,12.879999999999999,41.0,0.0,22,20.96778950429106,0.0,20.96778950429106,0.0
206,6,0,3.4946315840485096,8.166666666666666,7.399999999999999,13.303333333333333,43.25,23.23333333333333,0.0,24.833333333333332,5.983745759215522,9.0,8.499999999999998,13.94,44.5,0.0,29,2.2779908545463745,7.0,6.199999999999999,12.879999999999999,41.0,0.0,22,20.96778950429106,0.0,20.96778950429106,0.0
207,6,0,3.4946315840485096,8.166666666666666,7.399999999999999,13.303333333333333,43.25,24.23333333333333,0.0,24.833333333333332,5.983745759215522,9.0,8.499999999999998,13.94,44.5,0.0,29,2.2779908545463745,7.0,6.199999999999999,12.879999999999999,41.0,0.0,22,20.96778950429106,0.0,20.96778950429106,0.0
208,6,0,3.4946315840485096,8.166666666666666,7.399999999999999,13.303333333333333,43.25,25.23333333333333,0.0,24.833333333333332,5.983745759215522,9.0,8.499999999999998,13.94,44.5,0.0,29,2.2779908545463745,7.0,6.199999999999999,12.879999999999999,41.0,0.0,22,20.96778950429106,0.0,20.96778950429106,0.0
209,6,0,3.4946315840485096,8.166666666666666,7.399999999999999,13.303333333333333,43.25,26.23333333333333,0.0,24.833333333333332,5.983745759215522,9.0,8.499999999999998,13.94,44.5,0.0,29,2.2779908545463745,7.0,6.199999999999999,12.879999999999999,41.0,0.0,22,20.96778950429106,0.0,20.96778950429106,0.0
210,6,0,3.4946315840485096,8.166666666666666,7.399999999999999,13.303333333333333,43.25,27.23333333333333,0.0,24.833333333333332,5.983745759215522,9.0,8.499999999999998,13.94,44.5,0.0,29,2.2779908545463745,7.0,6.199999999999999,12.879999999999999,41.0,0.0,22,20.96778950429106,0.0,20.96778950429106,0.0
211,5,1,3.6916451629872915,8.4,7.639999999999998,13.327999999999998,43.0,24.88,2.509563689354599,25.0,5.983745759215522,9.0,8.499999999999998,13.94,44.5,2.509563689354599,29,2.2779908545463745,7.0,6.9999999999999964,12.879999999999999,41.0,2.509563689354599,22,18.45822581493646,2.509563689354599,20.96778950429106,0.0
212,3,3,2.6394994488760624,8.666666666666666,7.5333333333333306,13.253333333333332,43.166666666666664,14.333333333333334,4.016430385887624,25.0,3.156796505975886,9.0,8.399999999999999,13.879999999999999,44.0,5.983745759215522,29,2.2779908545463745,8.0,6.9999999999999964,12.879999999999999,41.5,1.5095636893545992,23,7.918498346628187,12.049291157662871,19.96778950429106,0.0
213,3,3,2.6394994488760624,8.666666666666666,7.5333333333333306,13.253333333333332,43.166666666666664,15.333333333333334,3.016430385887624,25.0,3.156796505975886,9.0,8.399999999999999,13.879999999999999,44.0,4.983745759215522,29,2.2779908545463745,8.0,6.9999999999999964,12.879999999999999,41.5,0.5095636893545992,23,7.918498346628187,9.049291157662871,16.96778950429106,0.0
214,3,2,2.6394994488760624,8.666666666666666,7.5333333333333306,13.253333333333332,43.166666666666664,16.333333333333332,3.2698637341541357,25.0,3.156796505975886,9.0,8.399999999999999,13.879999999999999,44.0,3.9837457592155223,29,2.2779908545463745,8.0,6.9999999999999964,12.879999999999999,41.5,2.555981709092749,23,7.918498346628187,6.539727468308271,14.458225814936458,0.0
215,3,2,3.158160018573645,8.666666666666666,7.5333333333333306,13.253333333333332,43.166666666666664,17.333333333333332,24.99187287960776,25.0,4.712778215068635,9.0,8.399999999999999,13.879999999999999,44.0,47.0,29,2.2779908545463745,8.0,6.9999999999999964,12.879999999999999,41.5,2.9837457592155223,23,9.474480055720935,49.98374575921552,59.458225814936455,0.0
216,3,3,3.158160018573645,8.666666666666666,7.5333333333333306,13.253333333333332,43.166666666666664,18.333333333333332,29.994581919738508,25.0,4.712778215068635,9.0,8.399999999999999,13.879999999999999,44.0,46.0,29,2.2779908545463745,8.0,6.9999999999999964,12.879999999999999,41.5,1.9837457592155223,23,9.474480055720935,89.98374575921552,99.45822581493645,0.0
217,3,4,3.158160018573645,8.666666666666666,7.5333333333333306,13.253333333333332,43.166666666666664,19.333333333333332,33.995936439803884,25.0,4.712778215068635,9.0,8.399999999999999,13.879999999999999,44.0,49.0,29,2.2779908545463745,8.0,6.9999999999999964,12.879999999999999,41.5,0.9837457592155223,23,9.474480055720935,135.98374575921554,145.45822581493647,0.0
218,3,4,3.158160018573645,8.666666666666666,7.5333333333333306,13.253333333333332,43.166666666666664,20.333333333333332,53.5,25.0,4.712778215068635,9.0,8.399999999999999,13.879999999999999,44.0,82.0,29,2.2779908545463745,8.0,6.9999999999999964,12.879999999999999,41.5,40.0,23,9.474480055720935,214.0,223.47448005572093,0.0
219,3,5,3.158160018573645,8.666666666666666,7.5333333333333306,13.253333333333332,43.166666666666664,21.333333333333332,47.4,25.0,4.712778215068635,9.0,8.399999999999999,13.879999999999999,44.0,81.0,29,2.2779908545463745,8.0,6.9999999999999964,12.879999999999999,41.5,27.0,23,9.474480055720935,237.0,246.47448005572093,0.0
220,3,6,3.158160018573645,8.666666666666666,7.5333333333333306,13.253333333333332,43.166666666666664,22.333333333333332,53.0,25.0,4.712778215068635,9.0,8.399999999999999,13.879999999999999,44.0,86.0,29,2.2779908545463745,8.0,6.9999999999999964,12.879999999999999,41.5,26.0,23,9.474480055720935,318.0,327.47448005572096,0.0
221,3,7,3.158160018573645,8.666666666666666,7.5333333333333306,13.253333333333332,43.166666666666664,23.333333333333332,52.142857142857146,25.0,4.712778215068635,9.0,8.399999999999999,13.879999999999999,44.0,85.0,29,2.2779908545463745,8.0,6.9999999999999964,12.879999999999999,41.5,25.0,23,9.474480055720935,365.0,374.47448005572096,0.0
222,3,8,3.158160018573645,8.666666666666666,7.5333333333333306,13.253333333333332,43.166666666666664,24.333333333333332,53.75,25.0,4.712778215068635,9.0,8.399999999999999,13.879999999999999,44.0,84.0,29,2.2779908545463745,8.0,6.9999999999999964,12.879999999999999,41.5,24.0,23,9.474480055720935,430.0,439.47448005572096,0.0
223,3,8,16.158160018573643,8.666666666666666,7.5333333333333306,13.253333333333332,43.166666666666664,25.333333333333332,54.75,25.0,41.483710986105926,9.0,8.399999999999999,13.879999999999999,44.0,83.0,29,2.2779908545463745,8.0,6.9999999999999964,12.879999999999999,41.5,23.0,23,48.47448005572093,438.0,486.47448005572096,0.0
224,4,9,9.525888077298614,8.25,7.774999999999998,13.425,42.75,19.5,54.22222222222222,26.25,20.741855493052963,9.0,8.499999999999998,13.94,44.0,82.0,30,2.2779908545463745,7.0,6.9999999999999964,12.879999999999999,41.5,22.0,23,38.103552309194455,488.0,526.1035523091945,0.0
225,6,10,5.054226083216599,8.166666666666666,8.016666666666664,13.596666666666666,42.416666666666664,13.333333333333334,56.8,27.666666666666668,10.370927746526482,9.0,8.599999999999998,13.94,44.0,89.0,31,2.2779908545463745,7.0,6.9999999999999964,12.879999999999999,41.5,21.0,23,30.32535649929959,568.0,598.3253564992996,0.0
226,7,11,3.9618035089525674,8.0,8.057142857142855,13.645714285714286,42.285714285714285,12.0,54.36363636363637,28.0,5.185463873263241,9.0,8.599999999999998,13.94,44.0,88.0,31,2.2779908545463745,7.0,6.9999999999999964,12.879999999999999,41.5,20.0,23,27.732624562667972,598.0,625.732624562668,0.0
227,7,12,3.9618035089525674,8.0,8.057142857142855,13.645714285714286,42.285714285714285,12.857142857142858,53.083333333333336,28.0,5.185463873263241,9.0,8.599999999999998,13.94,44.0,87.0,31,2.2779908545463745,7.0,6.9999999999999964,12.879999999999999,41.5,19.0,23,27.732624562667972,637.0,664.732624562668,0.0
228,7,12,10.53323208038114,8.0,8.057142857142855,13.645714285714286,42.285714285714285,13.857142857142858,52.083333333333336,28.0,50.71277821506864,9.0,8.599999999999998,13.94,44.0,86.0,31,2.2779908545463745,7.0,6.9999999999999964,12.879999999999999,41.5,18.0,23,73.73262456266798,625.0,698.732624562668,0.0
229,7,13,20.124138019376797,8.0,7.899999999999998,13.528571428571427,42.642857142857146,14.685714285714283,44.16811260563563,27.285714285714285,90.18546387326325,9.0,8.599999999999998,13.94,44.0,77.0,31,2.2779908545463745,7.0,6.9999999999999964,12.879999999999999,41.5,5.185463873263241,23,140.86896613563758,574.1854638732632,715.0544300089008,42.39999999999999
230,10,14,11.299941812525963,8.1,7.839999999999998,13.470000000000002,42.75,10.680000000000001,42.5,27.1,45.09273193663162,10.0,8.599999999999998,13.94,44.5,76.0,31,2.2779908545463745,7.0,6.9999999999999964,12.879999999999999,41.0,16.0,23,112.99941812525964,595.0,707.9994181252596,0.0
231,14,16,6.469811648139241,8.0,7.964285714285713,13.532857142857143,42.535714285714285,7.985714285714287,40.875,27.785714285714285,22.54636596831581,10.0,8.699999999999998,14.0,44.5,75.0,32,2.2779908545463745,6.0,6.9999999999999964,12.879999999999999,41.0,15.0,23,90.57736307394937,654.0,744.5773630739494,0.0
232,17,18,4.664951769987733,7.764705882352941,8.064705882352937,13.594117647058823,42.35294117647059,8.570588235294117,37.55555555555556,28.470588235294116,11.273182984157906,10.0,8.699999999999998,14.0,44.5,74.0,32,2.2779908545463745,6.0,6.9999999999999964,12.879999999999999,40.5,8.0,23,79.30418008979147,676.0,755.3041800897914,24.9
233,17,20,4.664951769987733,7.764705882352941,8.06470588235294,13.594117647058823,42.35294117647059,12.370588235294115,42.45,28.470588235294116,11.273182984157906,10.0,8.699999999999998,14.0,44.5,99.0,32,2.2779908545463745,6.0,6.9999999999999964,12.879999999999999,40.5,7.0,23,79.30418008979147,849.0,928.3041800897914,50.599999999999994
234,17,20,6.229008965124727,7.647058823529412,8.052941176470584,13.59764705882353,42.3235294117647,14.317647058823525,39.97963659683158,28.470588235294116,34.818295746039475,10.0,8.699999999999998,14.0,44.5,98.0,32,2.2779908545463745,6.0,6.9999999999999964,12.879999999999999,40.5,2.5927319366316204,23,105.89315240712035,799.5927319366316,905.485884343752,59.399999999999984
235,14,25,5.7307094009420965,7.714285714285714,7.978571428571426,13.519999999999998,42.42857142857143,8.314285714285713,35.02205515176211,28.214285714285715,17.409147873019737,10.0,8.699999999999998,14.0,44.5,97.0,33,2.2779908545463745,6.0,6.9999999999999964,12.879999999999999,40.5,2.5927319366316204,23,80.22993161318935,875.5513787940528,955.7813104072421,42.39999999999999
236,16,24,7.3706765368448455,7.5625,8.062499999999996,13.56875,42.15625,8.024999999999999,34.97175230688926,28.875,41.16954863844179,10.0,8.799999999999997,14.0,44.5,96.0,34,2.176143484127467,6.0,6.9999999999999964,12.879999999999999,40.0,3.6854638732632408,23,117.93082458951753,839.3220553653422,957.2528799548597,0.0
237,20,23,8.55148248934967,7.5,8.084999999999997,13.598999999999998,41.975,6.969999999999999,39.46458538579405,29.25,42.34273193663162,10.0,8.799999999999997,14.0,44.5,95.0,34,1.8637218095296073,6.0,6.9999999999999964,12.879999999999999,40.0,2.6854638732632408,23,171.0296497869934,907.6854638732632,1078.7151136602565,0.0
238,25,24,5.791978296029639,7.56,8.031999999999996,13.563999999999998,42.1,6.76,43.5,29.08,21.17136596831581,10.0,8.799999999999997,14.06,44.5,96.0,34,1.8637218095296073,6.0,6.9999999999999964,12.879999999999999,40.0,2.0,23,144.79945740074098,1044.0,1188.799457400741,17.599999999999994
239,29,24,8.849686372169474,7.620689655172414,8.006896551724134,13.559310344827585,42.172413793103445,7.675862068965517,40.291666666666664,29.06896551724138,99.35228696825493,10.0,8.799999999999997,14.06,44.5,93.0,34,1.8637218095296073,6.0,6.9999999999999964,12.879999999999999,40.0,1.0,23,256.64090479291474,967.0,1223.6409047929146,34.599999999999994
240,32,25,6.878745747183131,7.65625,8.009374999999995,13.573125,42.140625,8.7625,44.76,29.25,49.676143484127465,10.0,8.799999999999997,14.06,44.5,93.0,34,1.8637218095296073,6.0,6.9999999999999964,12.879999999999999,40.0,6.0,23,220.1198639098602,1119.0,1339.1198639098602,34.79999999999999
241,36,27,6.436497189086081,7.694444444444445,7.991666666666662,13.571666666666665,42.138888888888886,9.266666666666666,47.2962962962963,29.444444444444443,44.29238715961045,10.0,8.799999999999997,14.06,44.5,94.0,35,1.8637218095296073,5.0,6.9999999999999964,12.879999999999999,40.0,5.0,23,231.71389880709893,1277.0,1508.713898807099,26.199999999999992
242,36,33,5.3438627441807816,7.777777777777778,7.952777777777772,13.540555555555555,42.27777777777778,9.552777777777775,44.119620191618615,29.333333333333332,22.146193579805225,10.0,8.699999999999998,14.06,44.5,93.0,35,1.8637218095296073,5.0,6.9999999999999964,12.819999999999999,40.0,2.176143484127467,23,192.37905879050814,1455.9474663234143,1648.3265251139226,116.49999999999994
243,40,33,4.783631767905349,7.75,7.939999999999998,13.529,42.2875,12.692499999999995,44.591770619769164,29.475,17.6285538065478,10.0,8.699999999999998,14.06,44.5,92.0,35,1.5523794838789833,5.0,6.9999999999999964,12.819999999999999,40.0,1.1761434841274672,23,191.34527071621395,1471.5284304523825,1662.8737011685964,132.79999999999993
244,37,38,4.056769983285554,7.5675675675675675,8.03243243243243,13.5827027027027,42.04054054054054,10.556756756756755,38.71172156984314,30.16216216216216,8.8142769032739,10.0,8.699999999999998,14.06,44.5,91.0,35,1.5523794838789833,4.0,6.9999999999999964,12.819999999999999,40.0,0.17614348412746716,23,150.10048938156552,1471.0454196540393,1621.1459090356047,162.89999999999992
245,38,37,4.358802229550803,7.578947368421052,8.042105263157893,13.590526315789472,42.0,14.289473684210526,41.78734355683049,30.289473684210527,15.609645184853917,10.0,8.699999999999998,14.06,44.5,90.0,35,1.5523794838789833,4.0,6.9999999999999964,12.819999999999999,40.0,1.0,23,165.63448472293052,1546.1317116027283,1711.7661963256587,118.39999999999998
246,33,39,4.222978344981016,7.515151515151516,8.078787878787876,13.619393939393937,41.89393939393939,15.61212121212121,39.36943361387911,30.666666666666668,15.609645184853917,10.0,8.699999999999998,14.06,44.0,89.0,35,1.5523794838789833,4.0,6.9999999999999964,12.819999999999999,40.0,0.6464207460394764,23,139.35828538437352,1535.4079109412853,1674.7661963256587,167.49999999999994
247,32,38,5.928525416252912,7.59375,8.028125,13.581874999999998,41.96875,16.7,43.05519923994027,30.5625,57.29238715961045,10.0,8.699999999999998,14.06,44.0,94.0,35,1.5523794838789833,4.0,6.9999999999999964,12.819999999999999,40.0,1.0,23,189.71281332009318,1636.0975711177302,1825.8103844378234,90.89999999999998
248,33,35,5.6100913303350435,7.606060606060606,8.015151515151514,13.560606060606059,42.03030303030303,17.703030303030303,45.24620251804086,30.484848484848484,28.646193579805225,10.0,8.699999999999998,14.06,44.0,93.0,35,1.8637218095296073,4.0,7.199999999999996,12.819999999999999,40.0,2.0,24,185.13301390105644,1583.6170881314301,1768.7501020324867,64.79999999999998
249,33,41,7.174568577312378,7.757575757575758,7.909090909090909,13.471515151515149,42.28787878787879,16.830303030303025,40.62444890965766,29.848484848484848,95.10475896775796,10.0,8.699999999999998,14.06,44.0,90.0,35,1.8637218095296073,4.0,7.099999999999996,12.819999999999999,40.0,1.0,24,236.7607630513085,1665.602405295964,1902.3631683472724,120.89999999999995
250,31,40,10.46358877926898,7.709677419354839,7.864516129032256,13.425806451612901,42.32258064516129,15.283870967741931,41.50284748121171,29.70967741935484,95.10475896775796,10.0,8.699999999999998,14.06,44.0,85.0,36,1.297242743989484,3.0,7.099999999999996,12.819999999999999,40.0,1.8637218095296073,24,324.37125215733835,1660.1138992484684,1984.4851514058068,87.89999999999996
251,32,42,9.71906696736082,7.65625,7.909374999999998,13.476874999999998,42.21875,13.903124999999996,42.54098676758365,30.125,47.55237948387898,10.0,8.699999999999998,14.06,44.0,99.0,36,1.297242743989484,3.0,7.099999999999996,12.819999999999999,40.0,0.8637218095296073,24,311.01014295554626,1786.7214442385132,2097.7315871940596,30.799999999999983
252,35,44,8.967961488785187,7.542857142857143,7.9742857142857115,13.536571428571426,42.142857142857146,12.157142857142853,42.95286979282668,30.82857142857143,53.646420746039475,10.0,8.599999999999998,14.06,44.0,98.0,37,1.297242743989484,3.0,7.099999999999996,12.819999999999999,40.0,0.5730967899026118,24,313.87865210748157,1889.9262708843742,2203.8049229918556,46.699999999999974
253,42,45,10.061566479773031,7.595238095238095,8.073809523809523,13.620476190476191,41.98809523809524,10.488095238095235,42.275168254145036,31.69047619047619,84.81829574603948,10.0,8.599999999999998,14.06,44.0,97.0,38,1.297242743989484,3.0,7.099999999999996,12.819999999999999,40.0,2.0,24,422.58579215046734,1902.3825714365266,2324.968363586994,82.09999999999995
254,48,49,8.938474878473022,7.5,8.158333333333331,13.697083333333337,41.8125,10.224999999999996,38.046789209612704,32.354166666666664,70.64619357980523,10.0,8.599999999999998,14.06,44.0,96.0,38,1.297242743989484,3.0,7.099999999999996,12.819999999999999,40.0,1.0,24,429.04679416670507,1864.2926712710225,2293.3394654377275,121.49999999999994
255,52,49,7.316232213102244,7.596153846153846,8.21153846153846,13.746153846153852,41.75,9.092307692307688,38.320134501506395,32.73076923076923,35.323096789902614,10.0,8.599999999999998,14.06,44.0,95.0,38,1.297242743989484,3.0,7.199999999999996,12.819999999999999,40.0,0.2928414920789528,24,380.44407508131667,1877.6865905738134,2258.13066565513,93.09999999999997
256,58,52,6.686584755555609,7.655172413793103,8.208620689655174,13.746896551724145,41.741379310344826,8.639655172413791,37.32571141060656,32.706896551724135,62.70580259325494,10.0,8.599999999999998,14.06,44.0,94.0,38,1.4860118588712181,3.0,7.199999999999996,12.819999999999999,40.0,1.0,24,387.8219158222253,1940.9369933515409,2328.7589091737664,144.59999999999997
257,68,50,6.16031832376816,7.588235294117647,8.17205882352941,13.713823529411771,41.8014705882353,9.108823529411765,40.894116650701214,32.5735294117647,52.580774197475655,10.0,8.699999999999998,14.06,44.5,98.0,38,1.4860118588712181,3.0,7.099999999999996,12.759999999999998,40.0,1.0,24,418.9016460162349,2044.7058325350606,2463.6074785512956,75.29999999999998
258,76,48,7.662997046197979,7.657894736842105,8.161842105263151,13.698157894736847,41.85526315789474,9.626315789473685,39.87577404966317,32.48684210526316,94.63415129662746,11.0,8.699999999999998,14.06,44.5,97.0,38,1.0028448692767935,3.0,7.099999999999996,12.759999999999998,40.0,4.0,24,582.3877755110464,1914.0371543838323,2496.424929894879,109.39999999999998
259,82,53,6.21485410136894,7.695121951219512,8.136585365853657,13.680000000000009,41.896341463414636,10.314634146341461,40.358766663059946,32.41463414634146,47.31707564831373,12.0,8.699999999999998,14.06,44.5,96.0,38,1.0028448692767935,3.0,7.099999999999996,12.759999999999998,39.5,2.4041640967882207,24,509.6180363122531,2139.014633142177,2648.63266945443,143.79999999999998
260,88,57,6.209864250649956,7.738636363636363,8.128409090909088,13.681818181818185,41.92045454545455,9.98522727272727,39.60698407396912,32.47727272727273,94.25503803881121,12.0,8.699999999999998,14.06,44.5,98.0,38,1.0028448692767935,3.0,7.099999999999996,12.759999999999998,39.5,2.0,24,546.4680540571961,2257.59809221624,2804.066146273436,109.09999999999998
261,93,55,8.690650259651854,7.666666666666667,8.13333333333333,13.686236559139791,41.93010752688172,10.53763440860215,38.23610452203107,32.54838709677419,103.17589230645461,12.0,8.699999999999998,14.06,44.5,77.0,38,1.0028448692767935,2.0,7.099999999999996,12.759999999999998,39.5,4.0,24,808.2304741476224,2102.9857487117088,2911.216222859331,121.99999999999997
262,96,58,9.177364893515579,7.583333333333333,8.149999999999993,13.707708333333342,41.911458333333336,10.007291666666665,37.15388801046553,32.875,103.17589230645461,12.0,8.699999999999998,14.120000000000001,44.5,98.0,39,1.0028448692767935,2.0,7.099999999999996,12.759999999999998,39.5,3.0,25,881.0270297774956,2154.9255046070007,3035.952534384496,134.89999999999995
263,107,56,9.482380199919222,7.5514018691588785,8.140186915887844,13.703551401869165,41.89252336448598,10.690654205607474,39.741546464249616,33.0,103.17589230645461,12.0,8.699999999999998,14.120000000000001,44.5,98.0,39,1.0028448692767935,2.0,7.099999999999996,12.759999999999998,39.5,2.0,25,1014.6146813913567,2225.5266019979786,3240.1412833893355,190.69999999999993
264,119,63,7.899367441122931,7.4033613445378155,8.135294117647055,13.699159663865549,41.84453781512605,10.808403361344533,38.22336227019179,33.252100840336134,69.33822532415687,12.0,8.699999999999998,14.120000000000001,44.5,97.0,39,0.5951324644838705,1.0,6.9999999999999964,12.759999999999998,39.5,1.0,25,940.0247254936288,2408.0718230220828,3348.0965485157117,336.3999999999999
265,126,58,8.63243812822115,7.261904761904762,8.141269841269839,13.707936507936514,41.78174603174603,11.15,36.460024587869064,33.53968253968254,80.91463445603921,12.0,8.699999999999998,14.120000000000001,44.5,96.0,39,0.5951324644838705,1.0,6.9999999999999964,12.759999999999998,39.5,2.946651296627467,25,1087.687204155865,2114.6814260964056,3202.3686302522706,385.9999999999999
266,136,59,8.816724694828038,7.345588235294118,8.120588235294115,13.700000000000005,41.83455882352941,11.220588235294118,34.17998230846121,33.51470588235294,76.28963445603921,12.0,8.699999999999998,14.120000000000001,45.0,95.0,39,0.5951324644838705,1.0,6.9999999999999964,12.699999999999998,39.5,1.190264928967741,25,1199.074558496613,2016.6189561992114,3215.6935146958244,374.8999999999999
267,150,55,7.776379912556299,7.326666666666667,8.10933333333333,13.697733333333336,41.88666666666666,12.162666666666667,33.98078466403408,33.68666666666667,62.13338445603922,12.0,8.699999999999998,14.120000000000001,45.0,94.0,40,0.5951324644838705,1.0,6.9999999999999964,12.699999999999998,39.5,1.0,25,1166.4569868834449,1868.9431565218747,3035.40014340532,384.2999999999999
268,160,46,8.89734334290797,7.40625,8.116249999999996,13.717375000000004,41.875,13.186874999999997,31.98915075691291,33.94375,97.52904047010918,12.0,8.699999999999998,14.120000000000001,45.0,93.0,40,0.8982189352948627,2.0,6.9999999999999964,12.699999999999998,39.5,0.5951324644838705,25,1423.5749348652753,1471.5009348179938,2895.075869683269,534.7999999999998
269,166,47,10.054743378451272,7.493975903614458,8.104216867469878,13.714578313253023,41.93072289156626,12.56204819277108,25.276054225055375,34.024096385542165,95.55192338734223,12.0,8.699999999999998,14.120000000000001,45.0,87.0,40,0.8982189352948627,2.0,6.9999999999999964,12.699999999999998,39.5,1.0,25,1669.0874008229111,1187.9745485776027,2857.061949400514,481.3999999999999
270,189,41,7.87909056763284,7.518518518518518,8.091005291005288,13.697883597883608,41.925925925925924,12.43492063492063,27.664418546506777,34.0,95.55192338734223,13.0,8.699999999999998,14.180000000000001,45.0,86.0,40,0.8982189352948627,1.0,6.9999999999999964,12.699999999999998,39.5,0.9611671479545576,25,1489.1481172826068,1134.241160406778,2623.3892776893845,482.4999999999999
271,204,47,6.429604381131085,7.534313725490196,8.083333333333329,13.68480392156864,41.90196078431372,12.124509803921562,24.611365127248867,34.11274509803921,95.55192338734223,13.0,8.699999999999998,14.180000000000001,45.0,85.0,40,0.8982189352948627,1.0,6.9999999999999964,12.699999999999998,39.5,1.0,25,1311.6392937507414,1156.7341609806967,2468.373454731438,691.8999999999999
272,210,39,6.301385219991194,7.442857142857143,8.093333333333332,13.687047619047638,41.878571428571426,13.442857142857138,26.841539062057684,34.333333333333336,95.55192338734223,13.0,8.699999999999998,14.180000000000001,45.0,84.0,40,0.8280379431886563,1.0,6.9999999999999964,12.699999999999998,39.5,1.0,26,1323.2908961981507,1046.8200234202498,2370.1109196184007,815.3999999999997
273,203,46,6.3854819365967055,7.354679802955665,8.091133004926101,13.678325123152712,41.91379310344828,13.778817733990145,20.870413479356863,34.389162561576356,95.55192338734223,14.0,8.699999999999998,14.180000000000001,45.0,83.0,40,0.8280379431886563,1.0,6.9999999999999964,12.699999999999998,39.5,0.011638381069157155,26,1296.2528331291312,960.0390200504156,2256.2918531795467,1005.3999999999997
274,202,42,6.316639075722004,7.306930693069307,8.090099009900987,13.679405940594071,41.90594059405941,13.973267326732673,19.880490439313228,34.54455445544554,51.31123613534498,14.0,8.799999999999997,14.180000000000001,45.0,82.0,40,0.8280379431886563,1.0,6.9999999999999964,12.699999999999998,39.5,0.41401897159432816,26,1275.9610932958449,834.9805984511555,2110.9416917470003,722.5999999999998
275,208,30,6.668921324175618,7.177884615384615,8.093269230769232,13.683750000000007,41.87019230769231,14.615865384615374,20.464659021917335,34.74038461538461,86.4573172280196,14.0,8.799999999999997,14.180000000000001,45.0,67.0,40,0.41401897159432816,1.0,6.9999999999999964,12.699999999999998,39.5,0.4277714942040829,26,1387.1356354285285,613.9397706575201,2001.0754060860486,670.1999999999998
276,207,32,6.339993443030338,7.072463768115942,8.089371980676328,13.688792270531412,41.8792270531401,15.062801932367146,17.582995508123496,34.91304347826087,51.31123613534498,14.0,8.799999999999997,14.180000000000001,45.0,66.0,41,0.41401897159432816,1.0,6.899999999999997,12.699999999999998,39.5,2.1545014823589024,26,1312.37864270728,562.6558562599519,1875.034498967232,810.6999999999998
277,217,26,5.864314716854966,7.119815668202765,8.068202764976958,13.687281105990797,41.91244239631337,15.34193548387097,18.154006981707262,34.986175115207374,47.93192420615111,14.0,8.799999999999997,14.240000000000002,45.0,65.0,41,0.41401897159432816,1.0,6.899999999999997,12.699999999999998,39.5,1.4956433172566856,26,1272.5562935575276,472.0041815243888,1744.5604750819164,714.8999999999997
278,224,25,5.968592038788662,7.200892857142857,8.058035714285712,13.684732142857156,41.935267857142854,16.211607142857137,12.030003446026912,35.075892857142854,66.88694562867273,14.0,8.799999999999997,14.240000000000002,45.0,51.0,41,0.41401897159432816,1.0,6.899999999999997,12.699999999999998,39.5,0.44372602946301254,26,1336.9646166886603,300.7500861506728,1637.714702839333,737.3999999999999
279,211,39,5.374414371965212,7.2559241706161135,8.029857819905214,13.661421800947876,42.01184834123223,15.830805687203794,10.633795808533568,35.023696682464454,66.88694562867273,14.0,8.799999999999997,14.240000000000002,45.0,50.0,41,0.41401897159432816,1.0,6.899999999999997,12.699999999999998,39.5,0.8997762966274672,26,1134.0014324846597,414.71803653280915,1548.7194690174688,814.9999999999998
280,205,35,5.494615524783124,7.282926829268293,8.01268292682927,13.64634146341465,42.08048780487805,16.563414634146334,9.674668831988244,34.98048780487805,66.88694562867273,14.0,8.799999999999997,14.240000000000002,45.5,49.0,41,0.41401897159432816,1.0,6.899999999999997,12.699999999999998,39.5,1.0,26,1126.3961825805404,338.61340911958854,1465.009591700129,769.4999999999998
281,199,32,5.178216622033716,7.201005025125628,8.021608040201004,13.654271356783925,42.07537688442211,17.59849246231156,11.240060792874573,35.19095477386934,47.30692420615111,14.0,8.799999999999997,14.240000000000002,45.5,66.88694562867273,41,0.41401897159432816,1.0,6.899999999999997,12.699999999999998,39.5,0.5587084060349268,26,1030.4651077847095,359.68194537198633,1390.1470531566958,784.8999999999997
282,191,30,5.50071845402795,7.183246073298429,8.029842931937175,13.667958115183255,42.089005235602095,18.74921465968586,9.06544402988252,35.35602094240838,68.98835014559086,14.0,8.799999999999997,14.240000000000002,45.5,47.0,41,0.41401897159432816,1.0,6.899999999999997,12.699999999999998,39.5,0.11741681206985355,26,1050.6372247193385,271.96332089647564,1322.600545615814,777.0999999999998
283,183,32,5.006552433977075,7.180327868852459,8.010382513661206,13.65704918032788,42.10928961748634,18.67978142076503,10.439518977715274,35.322404371584696,68.98835014559086,14.0,8.699999999999998,14.240000000000002,45.5,46.0,41,0.41401897159432816,1.0,6.899999999999997,12.699999999999998,39.5,0.9429966345767069,26,916.1990954178048,334.06460728688876,1250.2637027046935,633.3999999999999
284,166,35,5.3359541253372464,7.156626506024097,7.981325301204816,13.63192771084338,42.13855421686747,18.51626506024097,8.659124741663511,35.204819277108435,38.165428779241715,13.0,8.699999999999998,14.240000000000002,45.5,45.0,41,0.41401897159432816,1.0,6.899999999999997,12.699999999999998,39.5,0.018812177345527203,26,885.7683848059829,303.0693659582229,1188.8377507642058,651.1999999999998
285,164,28,5.481443564080144,7.2560975609756095,7.981097560975609,13.640121951219518,42.09451219512195,19.430487804878055,7.547978608226439,35.33536585365854,38.165428779241715,13.0,8.699999999999998,14.300000000000002,45.5,44.0,41,0.41401897159432816,1.0,6.899999999999997,12.699999999999998,39.5,0.8280379431886563,27,898.9567445091436,211.3434010303403,1110.300145539484,604.3999999999999
286,149,43,4.627574938260785,7.194630872483222,7.981879194630871,13.658657718120809,42.057046979865774,16.969127516778528,9.158940258006549,35.52348993288591,25.66813027541017,13.0,8.599999999999998,14.360000000000003,45.5,46.0,41,0.41401897159432816,1.0,6.899999999999997,12.699999999999998,39.5,0.13642697943841942,27,689.5086658008569,393.83443109428157,1083.3430968951384,583.1999999999998
287,155,26,5.0864456703541165,7.148387096774194,7.989032258064519,13.670451612903223,42.02903225806452,17.304516129032258,10.909004879802028,35.67741935483871,50.08803197005264,13.0,8.699999999999998,14.360000000000003,45.5,45.0,41,0.41401897159432816,1.0,6.899999999999997,12.699999999999998,39.5,0.27490411785205016,27,788.399078904888,283.6341268748527,1072.0332057797407,303.5999999999999
288,160,24,4.729877261913307,7.25,7.9799999999999995,13.663874999999999,42.0625,17.218750000000007,11.470077128249613,35.69375,25.04401598502632,13.0,8.699999999999998,14.360000000000003,45.5,48.0,42,0.27464312441161565,1.0,6.899999999999997,12.699999999999998,39.5,0.41401897159432816,27,756.7803619061291,275.2818510779907,1032.06221298412,443.39999999999986
289,152,28,4.564069549731115,7.157894736842105,7.996052631578946,13.675131578947367,41.98026315789474,17.521052631578957,10.192293008155366,35.86842105263158,43.578037943188654,13.0,8.699999999999998,14.360000000000003,45.0,47.0,42,0.27464312441161565,1.0,6.899999999999997,12.699999999999998,39.5,0.4573172280196083,27,693.7385715591295,285.38420422835026,979.1227757874797,586.6999999999998
290,150,16,5.376867292288069,7.093333333333334,8.027333333333331,13.691866666666671,41.98,17.970666666666673,7.141179033792877,36.04666666666667,49.208516284426274,13.0,8.699999999999998,14.360000000000003,45.0,36.0,42,0.27464312441161565,1.0,6.9999999999999964,12.699999999999998,39.5,0.5492862488232313,27,806.5300938432104,114.25886454068603,920.7889583838964,381.39999999999986
291,141,23,4.875782461772015,7.049645390070922,7.98014184397163,13.642836879432625,42.10283687943262,18.010638297872344,7.679696166554985,35.751773049645394,38.97173640716818,13.0,8.699999999999998,14.360000000000003,45.0,43.70179116337561,42,0.27464312441161565,1.0,6.9999999999999964,12.699999999999998,39.5,0.27379751989793866,27,687.4853271098542,176.63301183076464,864.1183389406189,578.9999999999999
292,141,22,4.787004191296102,7.035460992907802,7.946099290780139,13.599716312056742,42.173758865248224,17.82482269503546,5.927483822620558,35.60283687943262,46.63192370819345,13.0,8.699999999999998,14.360000000000003,45.5,23.694281113458384,42,0.27464312441161565,1.0,6.9999999999999964,12.699999999999998,39.5,1.1558859420497143,27,674.9675909727504,130.40464409765227,805.3722350704027,368.9999999999999
293,136,25,4.585279077816774,6.955882352941177,7.964705882352938,13.604852941176471,42.13235294117647,17.85882352941176,5.707424635826108,35.720588235294116,46.63192370819345,12.0,8.699999999999998,14.360000000000003,45.5,22.694281113458384,42,0.5475950397958773,1.0,6.9999999999999964,12.699999999999998,39.5,1.121863786884933,27,623.5979545830813,142.6856158956527,766.283570478734,425.99999999999983
294,135,28,4.23926722279366,6.688888888888889,8.000740740740738,13.63288888888889,42.08148148148148,18.964444444444435,5.372595142087645,36.1037037037037,46.63192370819345,12.0,8.699999999999998,14.360000000000003,45.5,21.694281113458384,42,0.5475950397958773,1.0,6.9999999999999964,12.699999999999998,39.5,0.12186378688493305,27,572.3010750771441,150.43266397845406,722.7337390555981,448.0999999999998
295,125,31,3.897210459735052,6.664,8.009599999999995,13.649280000000005,42.06,19.7848,6.366585192022817,36.288,21.567336263316985,12.0,8.699999999999998,14.360000000000003,45.5,46.63192370819345,42,0.5475950397958773,1.0,6.9999999999999964,12.699999999999998,39.0,0.37821334335268375,27,487.1513074668815,197.36414095270732,684.5154484195889,504.8999999999998
296,115,25,4.488368961103375,6.791304347826087,7.984347826086954,13.639826086956525,42.12173913043478,21.086956521739125,5.187394217927228,36.28695652173913,48.617821616428664,12.0,8.699999999999998,14.360000000000003,45.5,21.567336263316985,42,0.5475950397958773,1.0,6.9999999999999964,12.699999999999998,39.0,0.06310105854444625,27,516.1624305268881,129.68485544818068,645.8472859750688,472.29999999999984
297,112,24,4.252045059692699,6.723214285714286,7.989285714285709,13.648571428571426,42.111607142857146,20.334821428571423,4.926270281826231,36.517857142857146,24.308910808214332,12.0,8.699999999999998,14.360000000000003,45.5,20.567336263316985,42,0.34045342143116136,1.0,6.9999999999999964,12.699999999999998,39.0,0.5475950397958773,28,476.2290466855822,118.23048676382956,594.4595334494118,299.8999999999999
298,106,26,3.5417790563723925,6.415094339622642,8.01603773584905,13.668490566037729,42.14150943396226,19.703773584905655,6.704264983411694,36.89622641509434,16.73717276894199,12.0,8.699999999999998,14.360000000000003,45.5,19.567336263316985,43,0.34045342143116136,1.0,6.9999999999999964,12.699999999999998,39.0,0.587285297961226,28,375.4285799754736,174.31088956870403,549.7394695441776,365.49999999999983
299,103,22,3.844574399070357,6.271844660194175,8.044660194174753,13.702912621359221,42.14563106796116,18.749514563106796,5.157914483968083,37.398058252427184,16.65044874381275,13.0,8.699999999999998,14.420000000000003,45.5,18.567336263316985,43,0.34045342143116136,1.0,6.9999999999999964,12.699999999999998,39.0,0.2419969802536759,28,395.99116310424677,113.47411864729783,509.4652817515446,260.99999999999994
300,99,21,3.7601000514781364,6.111111111111111,8.07070707070707,13.736767676767682,42.08585858585859,18.17070707070707,4.962510926704295,37.77777777777778,20.99350067423757,13.0,8.699999999999998,14.420000000000003,45.5,11.630895197898276,44,0.34045342143116136,1.0,6.899999999999997,12.699999999999998,39.0,0.45529111077918216,28,372.2499050963355,104.21272946079019,476.4626345571257,224.6999999999999
301,94,17,3.869360716181095,6.01063829787234,8.080851063829787,13.75106382978724,42.08510638297872,18.260638297872344,4.867322439461566,37.96808510638298,17.91770339521779,13.0,8.699999999999998,14.420000000000003,45.5,16.967263096828905,44,0.34045342143116136,1.0,6.899999999999997,12.699999999999998,39.5,0.20541070481301738,28,363.7199073210229,82.74448147084662,446.4643887918695,212.39999999999995
302,93,15,3.480862062240564,6.021505376344086,8.078494623655917,13.76494623655914,42.03763440860215,18.79892473118279,6.112418050731416,38.215053763440864,17.91770339521779,13.0,8.699999999999998,14.420000000000003,45.5,15.967263096828905,44,0.34045342143116136,1.0,6.899999999999997,12.819999999999999,39.5,0.8280379431886563,28,323.72017178837245,91.68627076097124,415.4064425493437,340.49999999999994
303,85,14,3.865881096699535,6.117647058823529,8.061176470588235,13.763764705882357,42.088235294117645,20.335294117647056,4.938102747693875,38.188235294117646,18.23755170978685,13.0,8.699999999999998,14.420000000000003,45.5,17.91770339521779,44,0.34045342143116136,1.0,6.899999999999997,12.819999999999999,39.5,0.5780379431886563,28,328.59989321946045,69.13343846771424,397.7333316871747,313.9999999999999
304,81,15,3.82341328162153,6.08641975308642,8.043209876543205,13.749876543209874,42.02469135802469,19.693827160493818,3.8899340488420586,38.135802469135804,19.861111049068928,13.0,8.699999999999998,14.420000000000003,45.5,13.961063738627455,44,0.34045342143116136,1.0,6.899999999999997,12.819999999999999,39.5,0.008944786050979037,28,309.69647581134393,58.34901073263088,368.0454865439748,262.5999999999999
305,76,11,3.7030898682360727,5.894736842105263,8.038157894736841,13.741052631578944,42.00657894736842,19.677631578947363,5.9322219583618,38.26315789473684,19.861111049068928,14.0,8.699999999999998,14.420000000000003,45.5,12.961063738627455,44,0.34045342143116136,1.0,6.899999999999997,12.819999999999999,39.5,0.5764811109165304,28,281.4348299859415,65.2544415419798,346.68927152792133,223.49999999999994
306,66,13,3.7332028715917214,5.575757575757576,8.048484848484849,13.720303030303029,42.053030303030305,20.681818181818183,6.850938962473368,38.31818181818182,17.081818153006793,14.0,8.699999999999998,14.420000000000003,45.5,19.861111049068928,44,0.34045342143116136,1.0,6.899999999999997,12.819999999999999,39.5,1.3515305583039188,28,246.3913895250536,89.06220651215378,335.4535960372074,301.99999999999994
307,63,11,3.417031616448727,5.380952380952381,8.047619047619047,13.72095238095238,41.96031746031746,19.87460317460318,8.89665249674931,38.57142857142857,16.39906570678764,14.0,8.699999999999998,14.360000000000003,45.5,18.861111049068928,44,0.32959718989874226,1.0,6.899999999999997,12.879999999999999,39.5,3.810792188842584,29,215.2729918362698,97.8631774642424,313.13616930051217,180.29999999999993
308,63,8,3.6626031497053817,5.238095238095238,8.050793650793652,13.713333333333335,41.904761904761905,20.517460317460316,8.169398325785588,38.63492063492063,20.1075203990853,14.0,8.699999999999998,14.360000000000003,45.5,17.861111049068928,44,0.32959718989874226,1.0,6.899999999999997,12.879999999999999,39.5,3.488191793281774,29,230.74399843143905,65.3551866062847,296.09918503772377,134.09999999999997
309,60,12,3.631205419162714,5.466666666666667,8.065,13.707666666666665,41.875,18.56,4.722986137502999,38.46666666666667,19.564172165676766,14.0,8.699999999999998,14.180000000000001,45.5,8.931170176335504,43,0.32959718989874226,1.0,6.9999999999999964,12.879999999999999,39.5,0.6809068428623227,29,217.87232514976284,56.67583365003598,274.54815879979884,117.49999999999997
310,63,8,3.4105282181516805,5.492063492063492,8.092063492063492,13.738412698412702,41.86507936507937,17.950793650793653,4.151305299153051,38.74603174603175,14.415408805357771,14.0,8.699999999999998,14.180000000000001,45.5,7.931170176335504,43,0.32959718989874226,1.0,6.9999999999999964,12.94,39.5,0.36181368572464545,30,214.86327774355587,33.210442393224405,248.07372013678028,14.499999999999991
311,66,5,3.134332950590327,5.454545454545454,8.121212121212118,13.76727272727273,41.82575757575758,17.801515151515154,5.236405059234175,39.03030303030303,14.415408805357771,14.0,8.699999999999998,14.180000000000001,45.5,6.931170176335504,43,0.32959718989874226,1.0,6.9999999999999964,12.94,39.5,1.6428268888176776,31,206.86597473896157,26.182025296170877,233.04800003513245,30.299999999999983
312,63,6,2.9785414725870107,5.412698412698413,8.106349206349206,13.760952380952382,41.86507936507937,17.94920634920635,6.529521083632659,39.04761904761905,14.394523104227778,14.0,8.699999999999998,14.180000000000001,45.5,14.415408805357771,43,0.32959718989874226,1.0,6.9999999999999964,12.94,39.5,3.0418651395641287,31,187.64811277298168,39.177126501795954,226.82523927477763,68.79999999999998
313,57,9,3.2142584082505508,5.473684210526316,8.112280701754386,13.75543859649123,41.80701754385965,16.852631578947367,3.7793199142710328,39.21052631578947,19.930693924827125,14.0,8.699999999999998,14.180000000000001,45.5,5.440565767659445,43,0.32959718989874226,1.0,6.9999999999999964,12.94,39.5,0.6809068428623227,31,183.2127292702814,34.01387922843929,217.22660849872068,88.39999999999998
314,59,5,3.1222791255163664,5.52542372881356,8.113559322033897,13.769830508474577,41.78813559322034,17.00677966101695,3.1984206236907715,39.3728813559322,11.439454730438143,14.0,8.699999999999998,14.180000000000001,45.5,3.9311701763355043,43,0.32959718989874226,1.0,6.9999999999999964,12.94,39.5,1.888390156096027,31,184.21446840546562,15.992103118453857,200.20657152391948,30.79999999999999
315,54,8,3.1141099356174777,5.62962962962963,8.129629629629628,13.795555555555556,41.74074074074074,16.687037037037037,3.22487976530001,39.68518518518518,11.439454730438143,14.0,8.699999999999998,14.180000000000001,45.5,6.8184235399464095,44,0.32959718989874226,1.0,6.9999999999999964,12.94,39.5,1.2758326573189738,31,168.1619365233438,25.79903812240008,193.96097464574387,138.69999999999996
316,52,8,3.1442570182203085,5.730769230769231,8.121153846153845,13.767307692307694,41.71153846153846,18.038461538461537,2.5031333801416897,39.51923076923077,11.439454730438143,14.0,8.699999999999998,14.180000000000001,45.5,7.479179618686237,44,0.32959718989874226,1.0,6.9999999999999964,12.94,39.5,0.2758326573189738,31,163.50136494745604,20.025067041133518,183.52643198858956,129.2
317,53,2,3.2542806629046583,5.660377358490566,8.122641509433961,13.772830188679245,41.70754716981132,19.83207547169811,1.67275949440344,39.54716981132076,11.439454730438143,14.0,8.699999999999998,14.180000000000001,45.5,2.414348812471376,44,0.32959718989874226,1.0,6.9999999999999964,12.94,39.5,0.9311701763355043,31,172.4768751339469,3.34551898880688,175.82239412275376,63.09999999999998
318,52,5,2.9027134477240506,5.384615384615385,8.11346153846154,13.773076923076921,41.67307692307692,19.088461538461537,3.7205020434896077,39.63461538461539,11.439454730438143,14.0,8.699999999999998,14.180000000000001,45.5,9.965346962413562,44,0.32959718989874226,1.0,7.099999999999996,12.94,39.5,1.414348812471376,31,150.94109928165062,18.60251021744804,169.54360949909866,89.49999999999999
319,53,2,2.908667623485683,5.3584905660377355,8.111320754716981,13.779622641509432,41.65094339622642,19.96981132075472,4.689847887442469,39.716981132075475,11.439454730438143,14.0,8.699999999999998,14.180000000000001,45.5,8.965346962413562,44,0.32959718989874226,1.0,7.099999999999996,12.94,39.5,0.4143488124713759,31,154.1593840447412,9.379695774884938,163.53907981962612,16.799999999999997
320,48,8,2.500027047884483,5.041666666666667,8.129166666666665,13.797083333333333,41.552083333333336,19.404166666666665,12.085838735476859,40.020833333333336,7.840518780952365,14.0,8.699999999999998,14.180000000000001,45.0,56.0,44,0.32959718989874226,1.0,7.099999999999996,12.94,39.5,1.2091060126167912,31,120.00129829845518,96.68670988381487,216.68800818227004,114.49999999999997
321,45,7,2.886719882602559,5.088888888888889,8.148888888888887,13.801777777777776,41.56666666666667,20.01111111111111,11.826516209307838,40.13333333333333,12.415641717626979,14.0,8.699999999999998,14.180000000000001,45.0,55.0,44,0.32959718989874226,1.0,7.099999999999996,12.94,39.5,3.0386138510267915,31,129.90239471711516,82.78561346515487,212.68800818227004,55.99999999999999
322,47,4,2.9967542822839315,5.23404255319149,8.151063829787232,13.806382978723402,41.61702127659574,20.268085106382976,29.711639517885704,40.234042553191486,14.97490054339167,14.0,8.699999999999998,14.180000000000001,45.0,61.0,44,0.32959718989874226,1.0,7.099999999999996,12.94,40.5,0.8465580715428163,31,140.84745126734478,118.84655807154282,259.6940093388876,53.299999999999976
323,44,6,5.284833161205426,5.204545454545454,8.136363636363631,13.82272727272727,41.625,20.543181818181818,10.507580874798764,40.40909090909091,62.3713837871715,14.0,8.699999999999998,14.180000000000001,45.0,41.0,44,0.32959718989874226,1.0,7.099999999999996,12.94,40.5,0.5044723930254895,31,232.53265909303875,63.04548524879258,295.5781443418313,86.09999999999997
324,47,5,4.602694700129715,5.1063829787234045,8.136170212765956,13.831489361702129,41.648936170212764,22.061702127659576,18.713222462475084,40.53191489361702,31.18569189358575,14.0,8.699999999999998,14.180000000000001,45.0,50.0,44,0.32959718989874226,1.0,7.099999999999996,12.94,40.5,0.2018394126443872,31,216.32665090609657,93.56611231237542,309.892763218472,92.99999999999997
325,42,12,3.4720094196259637,4.857142857142857,8.14285714285714,13.861904761904757,41.69047619047619,20.92142857142857,12.483912591937028,41.023809523809526,15.592845946792876,14.0,8.699999999999998,14.120000000000001,45.0,49.0,44,0.32959718989874226,1.0,7.199999999999996,13.0,40.5,0.4926154284476675,32,145.82439562429047,149.80695110324433,295.63134672753483,199.79999999999995
326,45,10,3.5223331422232604,4.622222222222222,8.146666666666667,13.878666666666668,41.733333333333334,18.34666666666667,15.99297077453071,41.4,21.259423202897672,9.0,8.699999999999998,14.120000000000001,43.5,48.0,44,0.32959718989874226,1.0,7.199999999999996,13.0,40.5,0.5633623912207772,33,158.50499140004672,159.9297077453071,318.4346991453538,62.29999999999998
327,46,13,2.8143478909748185,4.739130434782608,8.171739130434782,13.936521739130436,41.79347826086956,14.999999999999998,18.723675420072517,41.95652173913044,10.629711601448836,10.0,8.699999999999998,14.120000000000001,43.5,75.0,45,0.32959718989874226,1.0,7.399999999999995,13.0,40.5,0.5585049532796158,36,129.46000298484165,243.40778046094272,372.86778344578437,71.59999999999998
328,50,8,2.5455199289527037,4.76,8.165999999999997,13.944,41.83,14.54,32.61212844121043,42.04,7.462498026728089,10.0,8.699999999999998,14.120000000000001,43.5,74.0,45,0.32959718989874226,1.0,7.399999999999995,13.0,40.5,3.2078208588134896,36,127.2759964476352,260.89702752968344,388.1730239773186,0.0
329,48,7,4.404671564906972,4.729166666666667,8.166666666666666,13.942916666666664,41.791666666666664,15.912500000000001,24.821255551683418,42.104166666666664,45.637916328659486,10.0,8.699999999999998,14.120000000000001,43.5,73.0,45,0.3625689356189084,1.0,7.399999999999995,13.0,40.5,3.8505773750857246,36,211.42423511553469,173.74878886178394,385.1730239773186,87.10000000000001
330,47,11,3.8602367738766215,4.829787234042553,8.16595744680851,13.908936170212764,41.851063829787236,16.404255319148938,22.292008277370755,41.97872340425532,22.818958164329743,10.0,8.699999999999998,14.120000000000001,43.5,73.0,45,0.3625689356189084,1.0,7.399999999999995,13.0,40.5,0.6591943797974845,36,181.43112837220121,245.21209105107832,426.64321942327956,135.9
331,49,11,4.0373379679521735,4.551020408163265,8.177551020408162,13.87142857142857,41.80612244897959,15.871428571428572,18.158387584944027,41.89795918367347,45.51344004988566,10.0,8.699999999999998,14.120000000000001,43.5,72.0,45,0.3625689356189084,1.0,7.399999999999995,12.94,40.5,0.9431080946828219,36,197.8295604296565,199.7422634343843,397.5718238640408,152.9
332,55,8,3.311375844229083,4.345454545454546,8.209090909090907,13.867999999999999,41.736363636363635,15.270909090909093,31.28459528254454,41.92727272727273,22.75672002494283,10.0,8.699999999999998,14.120000000000001,43.5,71.0,45,0.5207749560921678,1.0,7.399999999999995,12.94,40.5,0.8505773750857246,36,182.12567143259957,250.27676226035632,432.4024336929559,24.2
333,60,13,2.562331558331188,3.933333333333333,8.275,13.862666666666671,41.61666666666667,12.541666666666668,23.58893468080144,42.016666666666666,11.378360012471415,10.0,8.699999999999998,14.120000000000001,43.5,70.0,45,0.5207749560921678,1.0,7.499999999999995,12.94,40.0,0.42618488527060894,37,153.73989349987127,306.6561508504187,460.39604435029,88.2
334,62,9,2.4833904966401996,3.967741935483871,8.275806451612903,13.86806451612903,41.62903225806452,13.312903225806453,35.005368183605064,41.96774193548387,6.909961745465419,10.0,8.699999999999998,14.180000000000001,43.5,69.0,45,0.351029711950811,1.0,7.499999999999995,12.94,40.0,0.2603874780460839,37,153.97021079169238,315.0483136524456,469.01852444413794,24.9
335,60,10,3.61112040253361,3.966666666666667,8.281666666666668,13.867666666666667,41.61666666666667,16.433333333333334,31.603407886914873,41.983333333333334,69.24559687817559,10.0,8.699999999999998,14.180000000000001,43.5,73.0,45,0.351029711950811,1.0,7.499999999999995,12.94,40.0,1.9491057433491095,37,216.66722415201662,316.03407886914874,532.7013030211654,242.09999999999997
336,55,14,4.636664829045955,4.036363636363636,8.276363636363635,13.867636363636363,41.627272727272725,18.047272727272723,22.955238443149565,42.054545454545455,71.6891800062357,10.0,8.699999999999998,14.180000000000001,43.5,72.0,45,0.351029711950811,1.0,7.499999999999995,12.94,40.0,0.7251378712378168,37,255.01656559752752,321.3733382040939,576.3899038016214,252.69999999999996
337,52,17,4.050161354482876,4.3076923076923075,8.265384615384615,13.87730769230769,41.625,16.963461538461537,28.253613018887847,42.15384615384615,35.84459000311785,10.0,8.699999999999998,14.180000000000001,43.5,93.0,46,0.351029711950811,1.0,7.499999999999995,12.94,40.0,0.5207749560921678,37,210.60839043310955,480.3114213210934,690.919811754203,172.39999999999998
338,58,12,3.7338505459189393,4.172413793103448,8.287931034482758,13.884827586206894,41.577586206896555,15.894827586206892,45.885940492952074,42.293103448275865,27.092268338052577,10.0,8.699999999999998,14.180000000000001,43.5,92.0,47,0.351029711950811,1.0,7.499999999999995,12.94,40.0,2.131406169116821,37,216.56333166329847,550.6312859154249,767.1946175787234,39.899999999999984
339,67,14,2.8334948973103526,4.029850746268656,8.307462686567161,13.892238805970152,41.44776119402985,13.914925373134327,40.88374890881788,42.64179104477612,13.546134169026288,10.0,8.699999999999998,14.180000000000001,43.5,91.0,47,0.351029711950811,1.0,7.499999999999995,12.94,39.5,0.28481933197647835,37,189.84415811979363,572.3724847234503,762.2166428432439,92.49999999999999
340,69,16,3.170910818450466,3.927536231884058,8.304347826086955,13.913333333333336,41.5,14.139130434782606,34.96674573196061,42.79710144927536,44.52077495609217,10.0,8.699999999999998,14.180000000000001,43.5,90.0,47,0.2704906128053734,1.0,7.499999999999995,13.0,39.5,0.7130924426353045,37,218.79284647308216,559.4679317113697,778.2607781844519,139.59999999999997
341,70,16,2.74057124491258,3.6857142857142855,8.299999999999999,13.91371428571429,41.41428571428571,13.624285714285714,34.697106286225925,43.128571428571426,22.260387478046084,10.0,8.699999999999998,14.180000000000001,43.5,89.0,47,0.2704906128053734,1.0,7.499999999999995,13.0,39.5,1.8523697705412179,37,191.83998714388062,555.1537005796148,746.9936877234954,147.99999999999997
342,72,19,2.8843792939454787,3.638888888888889,8.305555555555555,13.925000000000002,41.423611111111114,13.408333333333335,30.832246918401523,43.291666666666664,43.270490612805375,10.0,8.699999999999998,14.180000000000001,43.5,88.0,47,0.3925796241351467,1.0,7.700000000000001,13.639999999999997,39.5,0.5207749560921678,38,207.67530916407446,585.8126914496289,793.4880006137034,81.89999999999999
343,72,22,2.6204720906499803,3.4583333333333335,8.312499999999998,13.915833333333335,41.375,14.261111111111108,33.10285756977865,43.52777777777778,21.635245306402688,10.0,8.699999999999998,14.180000000000001,43.5,92.0,48,0.34328618165834646,1.0,7.700000000000001,13.639999999999997,39.5,1.3912742173778803,38,188.67399052679858,728.2628665351303,916.9368570619289,200.89999999999998
344,76,20,3.4907019985891146,3.4078947368421053,8.327631578947365,13.915526315789473,41.35526315789474,14.50921052631579,31.53084392923368,43.776315789473685,86.92618488527062,10.0,8.699999999999998,14.180000000000001,43.5,91.0,49,0.34328618165834646,1.0,7.700000000000001,13.639999999999997,39.5,0.39127421737788026,38,265.2933518927727,630.6168785846736,895.9102304774462,141.1
345,80,17,3.0107253913267593,3.425,8.338749999999997,13.917500000000008,41.29375,14.431249999999997,40.096245413387884,44.025,43.46309244263531,10.0,8.699999999999998,14.180000000000001,43.5,90.0,50,0.34328618165834646,1.0,7.700000000000001,13.639999999999997,39.5,0.34781855434447007,38,240.85803130614073,681.6361720275941,922.4942033337347,75.79999999999998
346,81,22,2.923847434301562,3.419753086419753,8.350617283950616,13.91407407407408,41.27160493827161,14.41358024691358,33.68750060224946,44.0,37.693266771128286,10.0,8.699999999999998,14.180000000000001,43.5,89.0,50,0.338050707912542,1.0,7.700000000000001,13.639999999999997,39.5,0.338050707912542,38,236.83164217842653,741.1250132494881,977.9566554279147,216.69999999999996
347,83,19,3.350431360015974,3.1204819277108435,8.353012048192772,13.911084337349404,41.2289156626506,14.628915662650604,34.51770119450062,44.2289156626506,54.693266771128286,10.0,8.699999999999998,14.180000000000001,43.5,88.0,50,0.338050707912542,1.0,7.700000000000001,13.639999999999997,39.5,0.7274904363663548,38,278.08580288132583,655.8363226955117,933.9221255768375,214.09999999999997
348,87,19,2.8826172356988486,3.1839080459770117,8.357471264367813,13.908965517241384,41.189655172413794,14.603448275862064,33.127099221198705,44.333333333333336,27.346633385564143,10.0,8.799999999999997,14.180000000000001,43.0,87.0,50,0.338050707912542,1.0,7.700000000000001,13.639999999999997,39.5,1.0819624512214936,38,250.78769950579982,629.4148852027754,880.2025847085752,227.49999999999994
349,87,22,2.464559922976253,3.2873563218390807,8.360919540229883,13.913793103448274,41.189655172413794,14.081609195402297,28.3394844031629,44.57471264367816,13.673316692782072,10.0,8.799999999999997,14.180000000000001,43.0,86.0,50,0.338050707912542,1.0,7.700000000000001,13.639999999999997,39.5,0.6956371086889401,38,214.41671329893404,623.4686568695838,837.8853701685179,250.39999999999998
350,91,18,3.4971440988613747,3.2967032967032965,8.34945054945055,13.926153846153843,41.20879120879121,15.45714285714286,27.050216236697295,44.79120879120879,64.31485580072442,10.0,8.799999999999997,14.180000000000001,43.0,85.0,50,0.338050707912542,1.0,7.700000000000001,13.639999999999997,39.5,0.6956371086889401,38,318.2401129963851,486.90389226055134,805.1440052569365,210.29999999999995
351,95,19,2.8172761288339667,3.305263157894737,8.328421052631576,13.93494736842105,41.26842105263158,15.70210526315789,25.342503739589603,45.05263157894737,32.15742790036221,10.0,8.799999999999997,14.180000000000001,43.0,84.0,50,0.338050707912542,1.0,7.700000000000001,13.639999999999997,39.5,0.34328618165834646,38,267.64123223922684,481.5075710522024,749.1488032914292,338.99999999999994
352,93,20,3.1758949932187335,3.4838709677419355,8.330107526881719,13.930967741935483,41.30107526881721,14.205376344086021,20.54744681129413,45.0,42.17791458659776,10.0,8.799999999999997,14.180000000000001,43.0,83.0,50,0.29447864664943973,1.0,7.700000000000001,13.639999999999997,39.5,0.36003495556586507,38,295.3582343693422,410.94893622588256,706.3071705952248,118.29999999999998
353,100,13,2.764818502548564,3.67,8.330000000000002,13.9286,41.325,14.402000000000003,29.074603093593677,44.97,21.08895729329888,11.0,8.799999999999997,14.180000000000001,43.0,82.0,51,0.29447864664943973,1.0,7.700000000000001,13.639999999999997,39.5,0.17546133854581925,38,276.4818502548564,377.9698402167178,654.4516904715742,81.5
354,96,20,3.0882779533118665,3.8333333333333335,8.323958333333335,13.937499999999998,41.369791666666664,12.694791666666669,16.535474482687558,45.114583333333336,54.09906450026979,11.0,8.799999999999997,14.180000000000001,42.5,81.0,51,0.29447864664943973,1.0,7.700000000000001,13.639999999999997,39.5,0.007447134786598308,38,296.4746835179392,330.7094896537512,627.1841731716904,261.79999999999995
355,103,11,2.7196570658101744,3.7184466019417477,8.316504854368931,13.941747572815537,41.4126213592233,13.921359223300973,28.292368114171396,45.320388349514566,27.049532250134895,11.0,8.799999999999997,14.180000000000001,43.0,80.0,51,0.29447864664943973,1.0,7.700000000000001,13.639999999999997,39.5,0.39127421737788026,38,280.12467777844796,311.21604925588537,591.3407270343333,177.79999999999998
356,102,15,2.5552698276981296,3.7254901960784315,8.330392156862745,13.951176470588234,41.38725490196079,15.077450980392163,20.51827829776052,45.529411764705884,21.08895729329888,11.0,8.799999999999997,14.180000000000001,43.0,79.0,52,0.31767457106289015,1.0,7.700000000000001,13.639999999999997,39.5,0.29447864664943973,38,260.6375224252092,307.7741744664078,568.4116968916171,371.7
357,98,17,2.6324862216951614,3.7857142857142856,8.358163265306125,13.954693877551017,41.33163265306123,17.108163265306118,20.06864589422625,45.642857142857146,37.42778687519487,11.0,8.799999999999997,14.180000000000001,43.0,78.0,53,0.31767457106289015,1.0,7.700000000000001,13.639999999999997,39.5,0.3891952164516175,38,257.9836497261258,341.1669802018463,599.1506299279721,382.9
358,89,21,3.215172627230728,3.730337078651685,8.387640449438205,13.953483146067414,41.32022471910113,15.574157303370791,18.08461074799181,45.86516853932584,52.85557375038973,11.0,8.799999999999997,14.180000000000001,43.0,94.0,53,0.31767457106289015,1.0,7.700000000000001,13.639999999999997,39.5,0.7251378712378168,38,286.1503638235348,379.77682570782804,665.9271895313628,280.09999999999997
359,93,15,2.8999405088053485,3.78494623655914,8.3752688172043,13.943870967741933,41.38172043010753,16.89677419354839,30.65243712408386,45.75268817204301,26.427786875194865,11.0,8.799999999999997,14.180000000000001,43.0,93.0,53,0.329514957707795,1.0,7.700000000000001,13.639999999999997,39.5,0.42264894140835774,38,269.6944673188974,459.7865568612579,729.4810241801554,193.49999999999997
360,92,15,3.084811560808799,3.9347826086956523,8.383695652173913,13.934782608695654,41.40760869565217,17.471739130434784,27.654490004308958,45.70652173913044,58.35694671879872,11.0,8.799999999999997,14.240000000000002,43.0,92.0,53,0.329514957707795,1.0,7.600000000000001,13.579999999999997,39.5,0.846633385564143,38,283.8026635944095,414.81735006463435,698.6200136590439,275.59999999999997
361,91,16,3.6848254680344295,4.021978021978022,8.370329670329669,13.918241758241761,41.532967032967036,17.970329670329672,20.328198214278817,45.2967032967033,76.39305306381915,11.0,8.799999999999997,14.240000000000002,43.0,91.0,53,0.329514957707795,1.0,7.600000000000001,13.579999999999997,39.5,0.6229436768322404,38,335.3191175911331,325.2511714284611,660.5702890195942,272.59999999999997
362,83,19,4.968757461314708,4.048192771084337,8.366265060240965,13.9089156626506,41.566265060240966,17.185542168674697,10.631224877318603,45.25301204819277,93.4373870362678,11.0,8.799999999999997,14.240000000000002,43.0,84.0,53,0.329514957707795,1.0,7.600000000000001,13.579999999999997,39.5,0.039652812035040785,38,412.4068692891208,201.99327266905345,614.4001419581742,270.79999999999995
363,85,10,4.405472733201776,4.105882352941176,8.375294117647055,13.910352941176466,41.576470588235296,17.925882352941176,17.05173061412362,45.294117647058826,46.7186935181339,11.0,8.799999999999997,14.240000000000002,43.5,83.0,53,0.329514957707795,1.0,7.600000000000001,13.579999999999997,39.5,0.051937390230419656,38,374.465182322151,170.51730614123622,544.9824884633872,210.69999999999996
364,92,12,3.451242155480929,4.239130434782608,8.383695652173914,13.917173913043474,41.505434782608695,16.331521739130434,14.26594812507701,45.43478260869565,23.35934675906695,11.0,8.799999999999997,14.240000000000002,43.5,82.0,53,0.329514957707795,1.0,7.600000000000001,13.579999999999997,39.5,0.35822163883235336,38,317.51427830424547,171.19137750092412,488.7056558051696,295.19999999999993
365,96,10,3.472311931716814,4.302083333333333,8.389583333333329,13.913125,41.46875,15.282291666666664,12.118106770087085,45.375,54.57586833984984,11.0,8.799999999999997,14.240000000000002,43.5,81.0,53,0.329514957707795,1.0,7.600000000000001,13.579999999999997,39.5,0.6517366796996791,38,333.34194544481414,121.18106770087084,454.523013145685,176.99999999999997
366,97,7,3.262680003122651,4.402061855670103,8.384536082474227,13.90164948453609,41.50515463917526,17.534020618556692,15.283203379676346,45.103092783505154,27.28793416992492,11.0,8.799999999999997,14.240000000000002,43.5,80.0,53,0.329514957707795,1.0,7.600000000000001,13.579999999999997,39.5,0.33018917720181096,38,316.47996030289715,106.98242365773442,423.46238396063154,282.4
367,93,13,2.914081176033624,4.440860215053763,8.403225806451614,13.895483870967745,41.53225806451613,18.454838709677418,9.975600614198859,45.02150537634409,13.64396708496246,11.0,8.799999999999997,14.240000000000002,43.5,79.0,53,0.329514957707795,1.0,7.600000000000001,13.579999999999997,39.5,0.33018917720181096,38,271.00954937112704,129.68280798458517,400.6923573557122,443.5999999999999
368,91,13,2.8093952346896107,4.285714285714286,8.405494505494506,13.89384615384615,41.53846153846154,20.08131868131868,9.586907448158561,45.20879120879121,9.544857005676889,11.0,8.799999999999997,14.240000000000002,43.5,78.0,53,0.329514957707795,1.0,7.600000000000001,13.579999999999997,39.5,0.24826872482026552,38,255.65496635675458,124.6297968260613,380.2847631828159,382.19999999999993
369,83,18,2.6433908506998165,4.132530120481928,8.414457831325299,13.893734939759037,41.43975903614458,18.232530120481925,7.720976628540567,45.6144578313253,8.320410440156468,11.0,8.799999999999997,14.180000000000001,43.5,77.0,53,0.329514957707795,1.0,7.600000000000001,13.579999999999997,39.5,0.45726397095055893,38,219.40144060808478,138.97757931373022,358.37901992181503,286.4
370,80,17,2.3980269815749446,3.9625,8.421249999999999,13.886750000000001,41.45,16.775,8.347632738645483,45.525,8.039356975090552,11.0,8.799999999999997,14.180000000000001,43.5,76.0,53,0.329514957707795,1.0,7.600000000000001,13.579999999999997,39.5,0.5448727185378126,38,191.84215852599556,141.9097565569732,333.75191508296876,178.49999999999997
371,80,11,2.477802896914901,3.9875,8.428749999999999,13.885249999999996,41.43125,17.359999999999996,10.622982007255704,45.5125,12.078713950181104,11.0,8.799999999999997,14.180000000000001,43.5,75.0,53,0.329514957707795,1.0,7.600000000000001,13.579999999999997,39.5,0.5448727185378126,38,198.22423175319207,116.85280207981275,315.0770338330048,58.999999999999986
372,78,9,2.6345020023405166,3.9743589743589745,8.433333333333334,13.891538461538461,41.42948717948718,19.48461538461538,11.002369604929047,45.717948717948715,12.914527941901119,11.0,8.799999999999997,14.180000000000001,43.5,74.0,53,0.329514957707795,1.0,7.600000000000001,13.579999999999997,39.5,0.1184799777744181,39,205.4911561825603,99.02132644436142,304.5124826269217,211.09999999999997
373,74,13,2.5823726659465938,3.972972972972973,8.416216216216215,13.884864864864868,41.439189189189186,20.21621621621621,7.486288062624867,45.689189189189186,8.059035462635828,11.0,8.799999999999997,14.180000000000001,43.0,73.0,54,0.329514957707795,1.0,7.600000000000001,13.579999999999997,39.5,0.019678487545276013,39,191.09557728004793,97.32174481412328,288.4173220941712,257.79999999999995
374,64,17,2.338083338766481,3.890625,8.393749999999999,13.877187500000002,41.546875,18.948437499999994,7.291527033677752,46.0,8.059035462635828,11.0,8.799999999999997,14.180000000000001,43.0,72.0,54,0.329514957707795,1.0,7.600000000000001,13.579999999999997,39.5,0.11324470704178857,41,149.63733368105477,123.95595957252178,273.5932932535766,195.49999999999997
375,64,11,2.3865976891391982,3.640625,8.404687499999996,13.899687500000002,41.484375,18.726562499999996,17.555560963471024,46.75,8.059035462635828,11.0,8.799999999999997,14.180000000000001,43.0,90.0,55,0.329514957707795,1.0,7.600000000000001,13.579999999999997,39.5,0.87521743576531,41,152.7422521049087,193.11117059818125,345.8534227030899,126.99999999999997
376,63,11,2.32895294248601,3.6666666666666665,8.398412698412697,13.920000000000005,41.3968253968254,17.51904761904762,18.124116037034476,47.04761904761905,12.357347290996135,11.0,8.799999999999997,14.180000000000001,43.0,89.0,55,0.329514957707795,1.0,7.700000000000001,13.579999999999997,39.5,0.6720413038011972,41,146.72403537661862,199.36527640737924,346.08931178399786,84.09999999999998
377,62,11,2.3408351845433906,3.7903225806451615,8.393548387096772,13.907096774193551,41.45161290322581,16.72903225806452,25.62908568996147,46.82258064516129,8.799816817130907,11.0,8.799999999999997,14.180000000000001,43.0,98.0,55,0.329514957707795,1.0,7.700000000000001,13.579999999999997,39.5,0.46581117676044714,41,145.1317814416902,281.9199425895762,427.0517240312664,102.49999999999997
378,61,9,2.0464601815192314,3.622950819672131,8.391803278688528,13.894754098360657,41.4344262295082,17.73934426229508,40.249245652208984,46.91803278688525,8.059035462635828,11.0,8.799999999999997,14.180000000000001,43.0,97.0,55,0.329514957707795,1.0,7.700000000000001,13.579999999999997,39.5,3.7867063466923216,42,124.83407107267311,362.24321086988084,487.07728194255395,184.49999999999997
379,53,15,1.9612573228349106,3.358490566037736,8.371698113207549,13.891320754716977,41.45283018867924,19.6811320754717,24.878182285551684,47.283018867924525,8.268010468247102,11.0,8.799999999999997,14.180000000000001,43.0,96.0,55,0.329514957707795,1.0,7.700000000000001,13.579999999999997,39.5,2.453896652639598,42,103.94663811025026,373.17273428327525,477.1193723935255,340.69999999999993
380,53,13,3.6624282615636248,3.490566037735849,8.364150943396227,13.895849056603772,41.43396226415094,18.8,20.100291747416296,47.22641509433962,95.85274794281015,11.0,8.799999999999997,14.180000000000001,43.0,85.0,55,0.329514957707795,1.0,7.700000000000001,13.579999999999997,39.5,1.3459923112549166,42,194.1086978628721,261.30379271641186,455.41249057928394,83.89999999999999
381,52,11,3.173616450498175,3.3653846153846154,8.373076923076924,13.894999999999994,41.36538461538461,19.401923076923076,23.714180409584017,47.36538461538461,47.92637397140508,11.0,8.799999999999997,14.180000000000001,43.0,84.0,55,0.329514957707795,1.0,7.700000000000001,13.579999999999997,39.5,1.5628079102221437,42,165.0280554259051,260.8559845054242,425.8840399313293,102.29999999999998
382,51,16,2.8827428270528705,3.3529411764705883,8.358823529411767,13.895294117647056,41.35294117647059,17.69411764705882,21.424859785452107,47.27450980392157,23.96318698570254,11.0,8.799999999999997,14.180000000000001,43.0,96.0,55,0.329514957707795,1.0,7.700000000000001,13.579999999999997,39.5,0.2826318311260523,42,147.0198841796964,342.7977565672337,489.8176407469301,85.29999999999998
383,53,13,2.597342182096072,3.2830188679245285,8.330188679245284,13.895849056603772,41.424528301886795,16.31132075471698,29.202776248253773,47.37735849056604,11.98159349285127,11.0,8.799999999999997,14.180000000000001,43.0,95.0,55,0.329514957707795,1.0,7.700000000000001,13.579999999999997,39.5,0.19364145412217426,42,137.65913565109182,379.63609122729906,517.2952268783908,50.999999999999986
384,57,11,3.3203127586778955,3.2982456140350878,8.343859649122809,13.877894736842105,41.473684210526315,15.964912280701757,29.56706038938481,47.1578947368421,69.84529788281671,11.0,8.799999999999997,14.180000000000001,43.0,94.0,55,0.329514957707795,1.0,7.600000000000001,13.579999999999997,40.0,0.1927340503789825,42,189.25782724464005,325.2376642832329,514.4954915278729,84.99999999999999
385,57,12,3.865437815047931,3.280701754385965,8.36842105263158,13.87157894736842,41.43859649122807,15.040350877192983,26.89153810199372,47.175438596491226,62.49769918660641,11.0,8.799999999999997,14.180000000000001,43.0,93.0,55,0.329514957707795,1.0,7.600000000000001,13.579999999999997,39.5,0.957909549028355,42,220.32995545773207,322.69845722392466,543.0284126816567,149.49999999999997
386,56,11,3.5496269186073053,3.142857142857143,8.367857142857142,13.891785714285712,41.32142857142857,14.850000000000003,28.94968661311709,47.642857142857146,62.49769918660641,11.0,8.799999999999997,14.180000000000001,43.0,92.0,55,0.329514957707795,1.0,7.600000000000001,13.579999999999997,39.0,1.051488196875224,42,198.7791074420091,318.446552744288,517.2256601862971,118.69999999999997
387,59,14,2.76948453465962,3.0677966101694913,8.371186440677967,13.912542372881358,41.228813559322035,15.077966101694917,22.530696487330697,48.25423728813559,31.248849593303206,11.0,8.799999999999997,14.180000000000001,43.0,91.0,55,0.329514957707795,1.0,7.600000000000001,13.639999999999997,39.0,0.40894972986727574,42,163.39958754491758,315.4297508226298,478.8293383675474,178.49999999999997
388,62,13,2.4261256714693515,3.0161290322580645,8.374193548387098,13.918709677419356,41.12903225806452,15.898387096774192,23.25210670006684,48.596774193548384,15.624424796651603,11.0,8.699999999999998,14.180000000000001,43.0,90.0,55,0.329514957707795,1.0,7.600000000000001,13.639999999999997,39.0,0.3379385702581288,42,150.4197916310998,302.2773871008689,452.69717873196873,144.69999999999996
389,61,14,2.192603374158361,2.9836065573770494,8.4,13.913442622950814,41.15573770491803,15.175409836065574,23.573175131150343,48.65573770491803,15.624424796651603,11.0,8.699999999999998,14.240000000000002,43.5,89.0,55,0.329514957707795,1.0,7.600000000000001,13.579999999999997,39.0,0.24777899995352293,42,133.74880582366,330.0244518361048,463.7732576597648,118.89999999999998
390,61,11,4.736740506509632,2.9836065573770494,8.398360655737706,13.907540983606557,41.16393442622951,17.050819672131148,20.357169994521605,48.57377049180328,89.93993875866252,11.0,8.699999999999998,14.240000000000002,43.5,66.0,55,0.329514957707795,1.0,7.600000000000001,13.579999999999997,39.0,0.5652636622521046,42,288.94117089708755,223.92886993973767,512.8700408368252,154.29999999999995
391,55,14,3.9949639314582575,3.018181818181818,8.385454545454547,13.90181818181818,41.163636363636364,17.027272727272727,17.13713329244847,48.56363636363636,44.96996937933126,8.0,8.699999999999998,14.240000000000002,43.5,65.0,55,0.40357899818440995,1.0,7.600000000000001,13.579999999999997,39.0,0.40357899818440995,42,219.72301623020417,239.9198660942786,459.6428823244828,223.39999999999995
392,57,13,3.2794688325439294,3.245614035087719,8.380701754385965,13.886315789473683,41.280701754385966,15.584210526315788,17.29522665320367,48.228070175438596,22.48498468966563,8.0,8.799999999999997,14.240000000000002,43.5,64.0,55,0.40357899818440995,1.0,7.600000000000001,13.579999999999997,39.0,0.2513480245560131,42,186.92972345500397,224.83794649164773,411.7676699466517,85.69999999999997
393,65,7,3.1079845876640135,3.4153846153846152,8.379999999999997,13.885538461538465,41.26923076923077,13.986153846153847,28.35150181476547,48.09230769230769,32.08316865632716,9.0,8.799999999999997,14.240000000000002,43.5,63.0,55,0.40357899818440995,1.0,7.600000000000001,13.579999999999997,39.0,1.4408342158130374,42,202.0189981981609,198.4605127033583,400.4795109015192,25.699999999999996
394,65,13,2.7026084596234634,3.6923076923076925,8.375384615384613,13.88646153846154,41.37692307692308,12.656923076923078,17.11496110212212,47.90769230769231,17.507057545605228,9.0,8.799999999999997,14.240000000000002,43.5,62.0,55,0.45105241402386986,1.0,7.600000000000001,13.579999999999997,39.0,0.40357899818440995,42,175.66954987552512,222.49449432758757,398.16404420311267,137.49999999999997
395,65,10,2.5784542743486023,3.6307692307692307,8.378461538461538,13.891076923076923,41.42307692307692,14.129230769230771,21.35864049374481,48.06153846153846,17.507057545605228,9.0,8.799999999999997,14.240000000000002,43.5,61.0,55,0.3046695248953626,1.0,7.600000000000001,13.579999999999997,39.0,0.49769918660640866,43,167.59952783265916,213.58640493744812,381.1859327701073,178.29999999999995
396,62,13,3.1579159889963977,3.629032258064516,8.374193548387096,13.879999999999997,41.53225806451613,13.896774193548387,13.152283709042166,47.67741935483871,42.49769681200751,9.0,8.799999999999997,14.240000000000002,43.5,60.0,55,0.3046695248953626,1.0,7.600000000000001,13.579999999999997,39.5,0.49769918660640866,43,195.79079131777667,170.97968821754816,366.77047953532485,161.99999999999997
397,64,8,2.8310561288697964,3.515625,8.390624999999998,13.8678125,41.53125,16.421875,19.679041716842224,47.671875,21.248848406003756,9.0,8.799999999999997,14.240000000000002,43.5,59.0,55,0.3046695248953626,1.0,7.600000000000001,13.519999999999996,39.5,1.1826655588380222,43,181.18759224766697,157.4323337347378,338.61992598240477,183.59999999999997
398,65,10,2.9458314297028845,3.5384615384615383,8.413846153846155,13.845846153846153,41.56923076923077,16.4523076923077,12.443078637544378,47.46153846153846,20.091332779419012,9.0,8.899999999999997,14.240000000000002,43.5,58.0,55,0.3046695248953626,1.0,7.600000000000001,13.519999999999996,39.5,0.5652636622521046,43,191.47904293068748,124.43078637544377,315.90982930613126,286.19999999999993
399,72,6,3.105816172462355,3.2916666666666665,8.445833333333331,13.826666666666668,41.59722222222222,14.863888888888892,10.635748170290894,47.65277777777778,59.00519804102045,9.0,8.899999999999997,14.240000000000002,43.5,46.0,55,0.3046695248953626,1.0,7.600000000000001,13.519999999999996,39.5,1.1826655588380222,43,223.61876441728955,63.81448902174536,287.4332534390349,83.6
400,79,8,2.499716134835803,3.3417721518987342,8.468354430379746,13.821518987341776,41.63291139240506,13.60126582278481,7.056754212099624,47.74683544303797,29.502599020510225,9.0,8.899999999999997,14.240000000000002,43.5,45.0,56,0.3046695248953626,1.0,7.600000000000001,13.519999999999996,39.5,0.2735477741500817,43,197.47757465202844,56.45403369679699,253.93160834882542,84.19999999999999
401,76,8,2.252383435627618,3.3552631578947367,8.468421052631578,13.824736842105267,41.625,13.389473684210527,7.727743213607128,47.8421052631579,14.751299510255112,9.0,8.899999999999997,14.240000000000002,43.5,44.0,56,0.3320132563438087,1.0,7.600000000000001,13.519999999999996,39.5,0.3046695248953626,43,171.18114110769898,61.82194570885702,233.003086816556,245.69999999999996
402,80,5,2.0577601001755323,3.375,8.46875,13.832750000000008,41.63125,14.303749999999999,10.32492905379082,47.975,7.375649755127556,9.0,8.899999999999997,14.240000000000002,43.5,43.0,56,0.2735477741500817,1.0,7.600000000000001,13.519999999999996,39.5,0.27399833825703324,43,164.62080801404258,51.6246452689541,216.24545328299666,143.89999999999998
403,73,13,1.9664231864928794,3.547945205479452,8.463013698630139,13.841369863013703,41.75342465753425,13.794520547945199,4.971886521252203,48.082191780821915,8.800723605521277,9.0,8.899999999999997,14.240000000000002,43.5,42.0,56,0.2735477741500817,1.0,7.600000000000001,13.519999999999996,39.5,0.31392707467842207,43,143.5488926139802,64.63452477627864,208.18341739025885,237.79999999999995
404,67,13,1.8316730894150348,3.4925373134328357,8.462686567164178,13.835223880597015,41.791044776119406,13.382089552238803,5.562852699996299,48.08955223880597,6.65352488542767,9.0,8.899999999999997,14.120000000000001,43.5,41.0,56,0.2735477741500817,1.0,7.600000000000001,13.519999999999996,39.5,0.09419109660032676,43,122.72209699080733,72.31708509995188,195.0391820907592,144.39999999999998
405,64,10,2.0464610793146,3.5625,8.456250000000002,13.832187500000003,41.8359375,14.799999999999999,12.097148191802445,48.0625,9.221562179459774,9.0,8.899999999999997,14.120000000000001,43.5,69.0,56,0.3320132563438087,1.0,7.600000000000001,13.519999999999996,39.5,0.09133277941901108,43,130.9735090761344,120.97148191802445,251.94499099415884,129.19999999999996
406,66,8,1.8919623964866272,3.5757575757575757,8.459090909090907,13.833636363636368,41.85606060606061,15.275757575757572,19.6808489596796,48.10606060606061,6.735507646135935,9.0,8.899999999999997,14.120000000000001,44.0,68.0,56,0.32867057768853625,1.0,7.600000000000001,13.519999999999996,39.5,0.4373561991629007,44,124.8695181681174,157.4467916774368,282.3163098455542,42.49999999999999
407,66,5,1.9506003665220941,3.5757575757575757,8.459090909090907,13.833636363636366,41.85606060606061,17.915151515151518,39.636533111767605,48.10606060606061,6.735507646135935,9.0,8.899999999999997,14.120000000000001,44.0,67.0,56,0.32867057768853625,1.0,7.600000000000001,13.519999999999996,39.5,0.18266555883802216,44,128.73962419045822,198.18266555883804,326.9222897492963,111.19999999999997
408,64,9,1.9064336093816336,3.5625,8.46875,13.8340625,41.8359375,18.728124999999995,24.703547124569365,48.15625,6.735507646135935,9.0,8.899999999999997,14.120000000000001,44.0,66.0,56,0.32867057768853625,1.0,7.600000000000001,13.519999999999996,39.5,0.8738495933032042,44,122.01175100042455,222.33192412112427,344.3436751215488,127.69999999999997
409,59,12,2.4451800048798424,3.3559322033898304,8.471186440677965,13.831186440677966,41.78813559322034,19.450847457627116,19.072717782742583,48.355932203389834,39.68782487756378,9.0,8.899999999999997,14.120000000000001,44.0,65.0,56,0.32867057768853625,1.0,7.600000000000001,13.519999999999996,39.5,0.6318809023522096,44,144.2656202879107,228.872613392911,373.1382336808217,186.99999999999997
410,53,15,2.2412130953481166,3.150943396226415,8.460377358490565,13.839245283018869,41.70754716981132,17.999999999999996,20.46593603426662,48.660377358490564,19.84391243878189,7.0,8.899999999999997,14.120000000000001,43.5,74.0,56,0.32867057768853625,1.0,7.600000000000001,13.519999999999996,39.5,0.6640265126876174,45,118.78429405345018,306.98904051399927,425.77333456744947,85.19999999999999
411,51,13,2.7399045671341913,3.1372549019607843,8.462745098039214,13.838823529411762,41.63725490196079,17.062745098039212,23.699138117507154,48.666666666666664,39.656106050750466,7.0,8.899999999999997,14.120000000000001,43.5,73.0,56,0.32867057768853625,1.0,7.600000000000001,13.519999999999996,39.5,0.7589697116723312,45,139.73513292384376,308.088795527593,447.82392845143676,42.79999999999999
412,52,14,3.217012049972133,3.230769230769231,8.474999999999998,13.825769230769227,41.68269230769231,16.346153846153847,18.191196612254195,48.46153846153846,44.84391243878189,7.0,8.899999999999997,14.120000000000001,43.5,72.0,56,0.32867057768853625,1.0,7.600000000000001,13.519999999999996,39.5,0.6561060507504695,45,167.28462659855091,254.67675257155875,421.9613791701097,59.899999999999984
413,55,9,3.825394510088073,3.4363636363636365,8.476363636363635,13.825454545454543,41.80909090909091,16.62363636363636,26.39990636112459,48.36363636363637,64.68782487756378,7.0,8.899999999999997,14.120000000000001,43.5,71.0,56,0.32867057768853625,1.0,7.600000000000001,13.519999999999996,39.5,0.43186925862461134,45,210.396698054844,237.5991572501213,447.9958553049653,68.09999999999998
414,59,9,3.8016537903104335,3.6610169491525424,8.484745762711864,13.819999999999997,41.90677966101695,17.101694915254235,29.68923736686285,48.186440677966104,46.32805302537523,8.0,8.899999999999997,14.120000000000001,43.5,81.0,56,0.32867057768853625,1.0,7.600000000000001,13.519999999999996,39.5,0.6195073283788627,45,224.29757362831558,267.20313630176565,491.50070993008126,144.2
415,61,10,3.343058879855546,3.8360655737704916,8.475409836065575,13.831803278688524,41.959016393442624,16.845901639344255,30.56914006786773,48.18032786885246,46.32805302537523,8.0,8.899999999999997,14.120000000000001,43.5,80.0,56,0.2712651966530346,1.0,7.600000000000001,13.519999999999996,39.5,0.3315918474240115,45,203.9265916711883,305.69140067867727,509.6179923498656,109.79999999999998
416,60,12,3.8989278544950277,4.116666666666666,8.483333333333334,13.822,42.11666666666667,17.543333333333333,26.688729260253695,47.766666666666666,46.32805302537523,8.0,8.899999999999997,14.120000000000001,43.5,79.0,55,0.2712651966530346,1.0,7.600000000000001,13.519999999999996,40.0,0.5456663897095055,45,233.93567126970166,320.26475112304433,554.200422392746,153.49999999999997
417,59,13,3.7517460391509148,4.254237288135593,8.486440677966101,13.812881355932204,42.186440677966104,17.269491525423724,29.7606475831418,47.59322033898305,23.164026512687617,8.0,8.899999999999997,14.120000000000001,43.5,90.0,55,0.2712651966530346,1.0,7.600000000000001,13.519999999999996,40.0,0.2557082987136883,45,221.35301630990398,386.8884185808434,608.2414348907473,94.09999999999998
418,59,11,3.7235832958331603,4.254237288135593,8.527118644067794,13.79050847457627,42.20338983050848,16.350847457627115,32.64096108902183,47.440677966101696,31.511416597427377,8.0,8.899999999999997,14.120000000000001,43.5,89.0,55,0.2712651966530346,1.0,7.600000000000001,13.459999999999996,40.0,0.9021048280477397,45,219.69141445415644,359.05057197924015,578.7419864333966,69.19999999999999
419,69,7,3.7325584110905567,4.057971014492754,8.543478260869563,13.763478260869565,42.18115942028985,15.67246376811594,41.81827750711523,47.53623188405797,59.97420164464646,8.0,8.899999999999997,14.120000000000001,43.5,88.0,56,0.2712651966530346,1.0,7.600000000000001,13.459999999999996,40.0,1.8324392357206944,45,257.54653036524843,292.72794254980664,550.2744729150551,67.69999999999999
420,75,9,3.04028140147223,4.0,8.538666666666664,13.7536,42.11333333333334,14.714666666666666,35.460743720802384,47.78666666666667,29.98710082232323,8.0,8.899999999999997,14.120000000000001,43.5,87.0,57,0.32867057768853625,1.0,7.600000000000001,13.399999999999995,40.0,0.2712651966530346,45,228.02110511041724,319.14669348722146,547.1677985976387,59.39999999999999
421,78,6,2.8314034335840326,4.0,8.51025641025641,13.761538461538462,42.09615384615385,15.778205128205128,52.166666666666664,48.01282051282051,14.993550411161616,8.0,8.899999999999997,14.120000000000001,43.5,86.0,57,0.32867057768853625,1.0,7.500000000000002,13.399999999999995,39.5,8.0,45,220.84946781955455,313.0,533.8494678195545,61.09999999999998
422,75,13,3.6564024534402644,4.1866666666666665,8.469333333333331,13.764000000000003,42.17333333333333,14.281333333333334,19.32230962924933,48.22666666666667,55.7483876027904,8.0,8.899999999999997,14.120000000000001,43.5,85.0,57,0.32867057768853625,1.0,7.400000000000002,13.399999999999995,39.5,0.6278541493568441,45,274.2301840080198,251.1900251802413,525.4202091882611,137.79999999999995
423,74,11,3.270342709603817,4.121621621621622,8.456756756756755,13.764054054054059,42.182432432432435,15.209459459459463,37.74996518472533,48.310810810810814,55.7483876027904,8.0,8.899999999999997,14.120000000000001,43.5,84.0,57,0.32867057768853625,1.0,7.400000000000002,13.399999999999995,39.5,0.8240300114013073,45,242.00536051068246,415.2496170319787,657.2549775426612,75.79999999999998
424,74,8,4.8009364074069225,4.04054054054054,8.462162162162162,13.757567567567571,42.16216216216216,16.60810810810811,40.54072995504567,48.32432432432432,87.96097810969547,8.0,8.899999999999997,14.120000000000001,43.5,83.0,57,0.32867057768853625,1.0,7.400000000000002,13.399999999999995,39.5,5.0,45,355.26929414811224,324.32583964036536,679.5951337884776,75.6
425,75,11,4.2297232500180595,4.066666666666666,8.458666666666666,13.764800000000001,42.126666666666665,17.084000000000003,35.075441276916315,48.4,55.7483876027904,8.0,8.899999999999997,14.120000000000001,43.5,82.0,57,0.32867057768853625,1.0,7.400000000000002,13.399999999999995,39.5,0.473875828521488,45,317.22924375135443,385.8298540460795,703.0590977974339,74.79999999999998
426,79,10,3.8093977399684094,4.2025316455696204,8.455696202531646,13.772911392405065,42.12658227848101,17.29746835443038,41.03320132563438,48.43037974683544,55.7483876027904,8.0,8.899999999999997,14.120000000000001,43.5,81.0,57,0.32867057768853625,1.0,7.400000000000002,13.399999999999995,39.5,0.3320132563438087,45,300.94242145750434,410.3320132563438,711.2744347138482,67.39999999999999
427,76,14,3.016897252444777,4.276315789473684,8.471052631578948,13.773421052631582,42.05921052631579,18.15789473684211,36.45799204099409,48.38157894736842,10.995122263711934,8.0,8.899999999999997,14.120000000000001,43.5,80.0,57,0.32867057768853625,1.0,7.400000000000002,13.399999999999995,39.5,0.8399388427170992,45,229.28419118580305,510.4118885739173,739.6960797597203,191.89999999999998
428,70,17,3.4902859635441077,4.214285714285714,8.45857142857143,13.77714285714286,41.957142857142856,19.090000000000003,28.163961347234572,48.5,46.44775165704298,8.0,8.899999999999997,14.120000000000001,43.5,79.0,57,0.32867057768853625,1.0,7.400000000000002,13.399999999999995,39.5,1.0,45,244.32001744808753,478.78734290298775,723.1073603510753,252.89999999999995
429,70,19,3.9376481595799753,4.257142857142857,8.444285714285716,13.782285714285718,41.97142857142857,20.30142857142857,28.942368476344864,48.614285714285714,57.96946353733921,8.0,8.999999999999996,14.120000000000001,43.5,89.0,57,0.32867057768853625,1.0,7.400000000000002,13.399999999999995,39.5,0.02149452742386826,45,275.63537117059826,549.9050010505524,825.5403722211506,204.19999999999996
430,67,19,4.2063980059594615,4.134328358208955,8.491044776119406,13.769850746268661,41.91044776119403,20.24179104477612,26.490944713040044,48.71641791044776,55.9967752055808,8.0,9.099999999999996,14.120000000000001,43.5,88.0,58,0.32867057768853625,1.0,7.500000000000002,13.399999999999995,39.5,0.45105241402386986,45,281.8286663992839,503.32794954776085,785.1566159470448,166.99999999999997
431,67,20,4.213102644798334,4.149253731343284,8.477611940298507,13.76716417910448,41.83582089552239,17.949253731343283,24.773439229091966,49.149253731343286,37.835813742782236,8.0,9.099999999999996,14.120000000000001,43.5,87.0,59,0.32867057768853625,1.0,7.500000000000002,13.399999999999995,39.5,0.5470955483001634,45,282.27787720148837,495.4687845818393,777.7466617833277,59.899999999999984
432,71,18,3.5890535703526067,4.380281690140845,8.447887323943663,13.781971830985917,41.809859154929576,16.325352112676054,32.58087366578905,49.83098591549296,18.917906871391118,8.0,9.199999999999996,14.120000000000001,43.5,86.0,59,0.32867057768853625,1.0,7.500000000000002,13.399999999999995,39.5,0.799034814958345,45,254.8228034950351,586.4557259842029,841.2785294792379,87.39999999999998
433,79,15,3.4067113612623285,4.468354430379747,8.41392405063291,13.778227848101277,41.848101265822784,16.036708860759493,43.3758690067778,50.0253164556962,28.904133784697297,9.0,9.199999999999996,14.120000000000001,43.5,85.0,59,0.32867057768853625,1.0,7.500000000000002,13.339999999999995,39.5,0.09419109660032676,45,269.13019753972395,650.638035101667,919.768232641391,102.99999999999997
434,78,21,3.0482002631005995,4.538461538461538,8.412820512820513,13.7723076923077,41.87179487179487,19.032051282051277,34.028155055847506,50.08974358974359,14.452066892348649,9.0,9.199999999999996,14.120000000000001,43.5,84.0,59,0.6736345322610743,1.0,7.500000000000002,13.339999999999995,39.5,0.32867057768853625,45,237.75962052184676,714.5912561727977,952.3508766946444,331.69999999999993
435,69,28,3.864358776155959,4.565217391304348,8.376811594202897,13.76260869565218,41.98550724637681,19.83478260869565,29.277291654619795,49.98550724637681,38.50462330834993,9.0,9.099999999999996,14.120000000000001,43.5,90.0,59,0.5911845897309724,1.0,7.500000000000002,13.339999999999995,39.5,0.7257461196412965,45,266.64075555476114,819.7641663293542,1086.4049218841153,370.29999999999995
436,67,30,3.5671886271672135,4.641791044776119,8.376119402985074,13.771641791044782,42.02238805970149,19.864179104477607,30.679556444276553,49.88059701492537,19.252311654174964,9.0,9.099999999999996,14.120000000000001,43.5,89.0,59,0.5911845897309724,1.0,7.500000000000002,13.339999999999995,39.5,0.44775165704297604,45,239.0016380202033,920.3866933282966,1159.3883313484998,125.69999999999997
437,68,31,3.354217405412243,4.573529411764706,8.383823529411764,13.770588235294126,42.0735294117647,20.745588235294115,35.4973451704062,49.76470588235294,9.910445674978153,9.0,9.099999999999996,14.120000000000001,43.5,96.0,59,0.5911845897309724,1.0,7.500000000000002,13.279999999999994,39.5,0.47850662817190415,45,228.08678356803253,1100.4177002825923,1328.5044838506249,214.2
438,70,28,5.1318017114633205,4.314285714285714,8.407142857142857,13.764285714285721,41.95,20.155714285714286,34.10126825788394,49.97142857142857,95.91033065378937,9.0,9.199999999999996,14.120000000000001,43.5,95.0,59,0.5911845897309724,1.0,7.500000000000002,13.279999999999994,39.5,0.44775165704297604,45,359.22611980243244,954.8355112207502,1314.0616310231826,183.49999999999997
439,73,30,4.727987835764964,4.219178082191781,8.424657534246574,13.769041095890417,41.917808219178085,17.541095890410958,29.855620507083245,50.342465753424655,53.84391243878189,9.0,9.199999999999996,14.120000000000001,44.0,94.0,59,0.3008173695964838,1.0,7.500000000000002,13.279999999999994,39.5,0.35122666606518593,46,345.14311201084234,895.6686152124973,1240.8117272233396,185.49999999999997
440,76,25,5.656504668385552,4.0,8.44078947368421,13.748157894736849,41.94736842105263,16.384210526315787,29.52084504525291,50.14473684210526,81.0644835822716,8.0,9.199999999999996,14.120000000000001,44.0,93.0,59,0.5911845897309724,1.0,7.500000000000002,13.219999999999994,39.5,0.5046233083499281,46,429.89435479730196,738.0211261313227,1167.9154809286247,204.69999999999996
441,88,25,4.367996876207606,3.9318181818181817,8.451136363636362,13.723863636363639,42.00568181818182,13.988636363636363,27.80753021629435,49.93181818181818,40.5322417911358,8.0,9.199999999999996,14.06,44.0,92.0,59,0.3008173695964838,1.0,7.500000000000002,13.219999999999994,40.0,0.23880570937226908,46,384.3837251062693,695.1882554073587,1079.571980513628,163.29999999999995
442,97,20,4.724842804617254,3.979381443298969,8.462886597938144,13.719793814432997,41.98969072164948,13.897938144329894,31.267729918005593,50.04123711340206,64.87419380139521,8.0,9.199999999999996,14.06,44.0,91.0,59,0.3008173695964838,1.0,7.500000000000002,13.219999999999994,40.0,0.6016347391929676,46,458.3097520478737,625.3545983601118,1083.6643504079855,141.29999999999995
443,107,24,3.882396114420195,4.102803738317757,8.452336448598128,13.73813084112151,41.9392523364486,14.051401869158877,27.261436343639904,50.271028037383175,32.437096900697604,8.0,9.199999999999996,14.06,44.0,90.0,59,0.3008173695964838,1.0,7.500000000000002,13.219999999999994,40.0,0.12309147108370055,46,415.4163842429609,654.2744722473577,1069.6908564903185,314.79999999999995
444,105,26,3.199714629300305,4.114285714285714,8.447619047619046,13.75542857142858,41.91904761904762,14.083809523809519,26.274155333377305,50.49523809523809,24.010064999661665,8.0,9.199999999999996,14.06,44.0,89.0,59,0.3008173695964838,1.0,7.500000000000002,13.219999999999994,40.0,0.575204342399121,46,335.97003607653204,683.12803866781,1019.0980747443421,417.19999999999993
445,109,21,4.3926293023497305,4.155963302752293,8.425688073394493,13.763853211009184,41.972477064220186,14.495412844036695,29.299653134369116,50.56880733944954,78.187195141482,8.0,9.199999999999996,14.06,44.0,88.0,59,0.3008173695964838,1.0,7.500000000000002,13.219999999999994,40.0,0.020129999323334147,46,478.79659395612066,615.2927158217515,1094.0893097778721,195.69999999999996
446,117,18,5.019517104702271,4.230769230769231,8.397435897435898,13.766153846153859,41.97863247863248,15.298290598290597,26.86092236057175,50.77777777777778,87.90040868479824,8.0,9.199999999999996,14.06,44.0,79.0,59,0.3008173695964838,1.0,7.500000000000002,13.219999999999994,40.0,0.5001483962531865,46,587.2835012501657,483.4966024902915,1070.7801037404572,266.3999999999999
447,119,19,4.943949476176206,4.277310924369748,8.390756302521005,13.765546218487406,41.9327731092437,15.440336134453778,20.50177013506405,50.89915966386555,84.73048905484774,9.0,9.199999999999996,14.06,44.0,78.0,59,0.25007419812659326,1.0,7.500000000000002,13.219999999999994,40.0,0.23925331408595207,46,588.3299876649685,389.5336325662169,977.8636202311855,342.2999999999999
448,117,26,4.449042731204053,4.512820512820513,8.375213675213672,13.764615384615395,41.97435897435897,15.7991452991453,14.351959589877398,50.837606837606835,42.36524452742387,9.0,9.199999999999996,14.06,44.0,77.0,59,0.25007419812659326,1.0,7.500000000000002,13.219999999999994,40.0,0.31214972911636474,46,520.5379995508742,373.15094933681235,893.6889488876866,479.8999999999999
449,115,25,4.3743812808664995,4.51304347826087,8.357391304347821,13.776173913043493,41.96521739130435,14.558260869565215,12.962347510245229,51.02608695652174,59.918453269888765,9.0,9.199999999999996,14.06,44.0,76.0,59,0.25007419812659326,1.0,7.500000000000002,13.219999999999994,40.0,0.3008173695964838,46,503.0538472996475,324.0586877561307,827.1125350557782,354.29999999999995
450,117,23,4.1648137159574015,4.47008547008547,8.368376068376064,13.788205128205139,41.965811965811966,14.053846153846155,11.843194546473576,51.36752136752137,47.221674924085654,9.0,9.199999999999996,14.120000000000001,44.0,75.0,59,0.25007419812659326,1.0,7.600000000000001,13.219999999999994,40.0,0.20149223928259308,46,487.28320476701595,272.39347456889226,759.6766793359081,290.79999999999995
451,122,20,4.629940507709,4.311475409836065,8.374590163934423,13.785081967213127,41.90163934426229,13.615573770491807,6.885960830814701,51.73770491803279,75.811585424446,9.0,9.099999999999996,14.120000000000001,44.0,32.0,60,0.25007419812659326,1.0,7.600000000000001,13.279999999999994,40.0,0.48586227235819757,46,564.8527419404979,137.71921661629403,702.571958556792,376.49999999999994
452,132,15,3.7971130360378487,4.1893939393939394,8.400757575757574,13.781363636363649,41.80681818181818,14.3,8.017422451019227,51.96212121212121,37.905792712223,9.0,9.199999999999996,14.120000000000001,44.0,31.0,61,0.25007419812659326,1.0,7.600000000000001,13.279999999999994,39.5,0.040577743520348486,46,501.218920756996,120.2613367652884,621.4802575222844,372.9
453,127,23,3.2293332715001757,3.9291338582677167,8.432283464566925,13.781259842519695,41.673228346456696,14.9992125984252,7.6568235045394735,52.2992125984252,23.610837462042827,9.0,9.199999999999996,14.120000000000001,44.0,37.905792712223,61,0.25007419812659326,1.0,7.600000000000001,13.219999999999994,39.5,0.5332651119459877,46,410.1253254805223,176.1069406044079,586.2322660849302,604.8999999999999
454,130,19,3.415463583246373,4.023076923076923,8.424615384615379,13.779384615384625,41.707692307692305,16.50769230769231,4.949005276986508,52.36153846153846,30.647789675649243,9.0,9.199999999999996,14.120000000000001,44.5,36.905792712223,61,0.25007419812659326,1.0,7.600000000000001,13.219999999999994,39.5,0.0005904182411744507,46,444.0102658220285,94.03110026274365,538.0413660847721,460.19999999999993
455,128,20,3.082962616378731,3.8203125,8.438281249999998,13.75812500000001,41.6953125,15.796093750000004,4.662863179094794,52.6328125,40.64401680125087,10.0,9.199999999999996,14.120000000000001,44.5,15.0,61,0.25007419812659326,1.0,7.600000000000001,13.159999999999993,39.5,0.27139375259826837,46,394.61921489647756,93.25726358189587,487.87647847837343,453.29999999999995
456,120,29,2.9239646444579033,3.908333333333333,8.424999999999995,13.766000000000007,41.7,14.366666666666667,4.18914222993199,53.016666666666666,20.322008400625435,10.0,9.199999999999996,14.120000000000001,44.5,30.0,61,0.25007419812659326,1.0,7.600000000000001,13.159999999999993,39.5,0.0546371125872005,46,350.8757573349484,121.48512466802772,472.3608820029761,470.9999999999999
457,129,14,2.843523237321925,4.0,8.431782945736435,13.761860465116282,41.68217054263566,16.007751937984494,12.707492316880732,53.07751937984496,16.142290541028235,10.0,9.199999999999996,14.120000000000001,44.5,71.0,61,0.25007419812659326,1.0,7.600000000000001,13.159999999999993,39.5,0.2501476045602936,46,366.8144976145283,177.90489243633024,544.7193900508586,285.19999999999993
458,118,18,3.286146016124642,4.059322033898305,8.422881355932203,13.766610169491532,41.71186440677966,19.15169491525424,7.86929978569787,53.16101694915254,71.15040868479824,10.0,9.199999999999996,14.120000000000001,44.5,47.0,61,0.2501476045602936,1.0,7.600000000000001,13.159999999999993,39.5,0.25007419812659326,46,387.76522990270774,141.64739614256166,529.4126260452695,664.6999999999999
459,105,25,3.2147546215562324,4.038095238095238,8.42952380952381,13.770857142857146,41.67619047619048,19.887619047619047,6.0584108722222645,53.20952380952381,35.57520434239912,10.0,9.199999999999996,14.120000000000001,44.5,46.0,61,0.2501476045602936,1.0,7.600000000000001,13.159999999999993,39.5,0.3433609714249931,46,337.5492352634044,151.4602718055566,489.009507068961,622.5999999999999
460,97,24,3.2440484544511534,4.061855670103093,8.415463917525773,13.786597938144332,41.644329896907216,19.24329896907216,9.165120257793268,53.28865979381443,17.78760217119956,10.0,9.199999999999996,14.120000000000001,44.5,89.0,61,0.2501476045602936,1.0,7.600000000000001,13.159999999999993,39.5,0.43972756288794246,46,314.6727000817619,219.96288618703844,534.6355862688004,295.79999999999995
461,99,14,3.01042877422006,3.9797979797979797,8.420202020202018,13.791515151515162,41.66161616161616,18.71212121212121,18.703730531134504,53.37373737373738,16.196738353069982,10.0,9.199999999999996,14.180000000000001,44.5,88.0,62,0.2501476045602936,1.0,7.600000000000001,13.159999999999993,39.5,0.5767133640859077,46,298.03244864778594,261.85222743588304,559.884676083669,233.39999999999998
462,95,25,3.6033741925631584,3.9263157894736844,8.441052631578943,13.80231578947369,41.68421052631579,17.405263157894737,7.502875119378627,53.61052631578947,93.73013180046992,10.0,9.199999999999996,14.180000000000001,44.5,65.0,63,0.2501476045602936,1.0,7.600000000000001,13.219999999999994,39.5,0.2501476045602936,48,342.32054829350005,187.5718779844657,529.8924262779658,435.99999999999994
463,94,18,4.350391171331529,3.851063829787234,8.480851063829784,13.791276595744687,41.58510638297872,16.0531914893617,3.76235021344028,53.744680851063826,64.93622583234202,10.0,9.199999999999996,14.180000000000001,44.5,23.0,63,0.2501476045602936,1.0,7.700000000000001,13.219999999999994,39.5,0.013659278146800125,48,408.9367701051637,67.72230384192504,476.65907394708876,197.2
464,92,18,3.589942808693398,3.8369565217391304,8.478260869565213,13.790652173913049,41.59239130434783,17.553260869565214,4.5218686974878075,53.66304347826087,32.46811291617101,8.0,9.099999999999996,14.180000000000001,44.5,22.0,63,0.25222328970356617,1.0,7.700000000000001,13.219999999999994,39.0,0.2501476045602936,48,330.2747383997926,81.39363655478054,411.66837495457315,492.2999999999999
465,90,18,3.134087291102367,3.911111111111111,8.459999999999997,13.792,41.59444444444444,18.077777777777776,4.356488286756589,53.67777777777778,16.234056458085504,8.0,9.099999999999996,14.180000000000001,44.5,21.0,63,0.25222328970356617,1.0,7.700000000000001,13.219999999999994,39.0,0.02731855629360025,48,282.06785619921305,78.4167891616186,360.4846453608317,399.5999999999999
466,90,16,2.8093317513908804,3.7222222222222223,8.473333333333333,13.785333333333329,41.52777777777778,16.035555555555558,4.495202526525479,53.67777777777778,8.117028229042752,8.0,9.099999999999996,14.180000000000001,44.5,20.0,62,0.25222328970356617,1.0,7.700000000000001,13.219999999999994,39.0,0.2779312839249931,48,252.83985762517923,71.92324042440767,324.7630980495869,269.4
467,93,15,2.5578568830554946,3.4193548387096775,8.483870967741936,13.800645161290323,41.424731182795696,14.898924731182792,4.066007953482839,54.225806451612904,21.80380353016016,8.0,9.099999999999996,14.240000000000002,44.5,19.0,63,0.25222328970356617,1.0,7.700000000000001,13.219999999999994,39.0,0.2645567808735807,48,237.880690124161,60.99011930224259,298.8708094264036,204.59999999999997
468,91,14,2.502710415557555,3.3956043956043955,8.485714285714286,13.807472527472525,41.40659340659341,13.604395604395602,3.3010015762203957,54.38461538461539,14.588162810090058,9.0,9.099999999999996,14.240000000000002,44.5,18.0,63,0.25222328970356617,1.0,7.700000000000001,13.219999999999994,39.0,0.11172513569997244,48,227.7466478157375,46.21402206708554,273.960669882823,111.89999999999998
469,93,11,2.184470120164961,3.2580645161290325,8.494623655913978,13.805161290322584,41.435483870967744,15.38602150537634,4.835192012971334,54.43010752688172,10.71626647505874,9.0,9.099999999999996,14.240000000000002,44.5,17.0,63,0.2516641894182739,1.0,7.700000000000001,13.219999999999994,39.0,0.006656757673095592,48,203.15572117534134,53.187112142684676,256.342833318026,254.29999999999995
470,85,17,2.078535293595507,3.176470588235294,8.492941176470586,13.815058823529412,41.46470588235294,16.25764705882353,3.911502573773202,54.470588235294116,9.090070819077402,9.0,9.099999999999996,14.240000000000002,44.5,16.0,63,0.2516641894182739,1.0,7.700000000000001,13.519999999999996,39.0,0.21982839221150918,48,176.6754999556181,66.49554375414444,243.17104370976256,347.69999999999993
471,83,10,2.2804926335014617,3.2289156626506026,8.514457831325302,13.79831325301205,41.54216867469879,16.587951807228915,3.621643531686169,54.28915662650602,15.57439971258811,9.0,9.099999999999996,14.240000000000002,44.5,15.0,63,0.2516641894182739,1.0,7.700000000000001,13.519999999999996,39.0,0.006656757673095592,48,189.28088858062134,36.21643531686169,225.49732389748303,217.69999999999996
472,86,10,2.101539738816997,3.3488372093023258,8.504651162790696,13.808139534883729,41.47093023255814,17.048837209302324,4.133707914714433,54.48837209302326,13.948204056606773,9.0,9.099999999999996,14.240000000000002,44.5,17.0,63,0.2516641894182739,1.0,7.700000000000001,13.519999999999996,39.0,0.060165828549958666,48,180.73241753826176,41.33707914714433,222.06949668540608,159.29999999999998
473,78,18,2.0459044989279245,3.5128205128205128,8.510256410256408,13.796153846153851,41.506410256410255,16.883333333333333,4.516481361129379,54.14102564102564,7.787199856294055,9.0,9.099999999999996,14.240000000000002,44.5,33.0,63,0.25222328970356617,1.0,7.700000000000001,13.519999999999996,39.0,0.2516641894182739,48,159.58055091637812,81.29666450032882,240.87721541670692,279.69999999999993
474,75,9,1.9187522474023917,3.3066666666666666,8.519999999999998,13.786400000000004,41.42,17.64933333333333,11.186643503855713,54.25333333333333,7.787199856294055,9.0,9.099999999999996,14.240000000000002,44.5,32.0,64,0.2513790933245407,1.0,7.700000000000001,13.519999999999996,39.0,0.5598699734316939,48,143.90641855517939,100.67979153470142,244.5862100898808,175.99999999999997
475,67,16,1.7874679179239588,3.2238805970149254,8.51641791044776,13.782388059701494,41.37313432835821,18.677611940298505,7.205155168669679,54.44776119402985,8.29325934955473,9.0,9.099999999999996,14.240000000000002,44.5,31.0,64,0.2513790933245407,1.0,7.700000000000001,13.519999999999996,39.0,0.6390280138421712,48,119.76035050090523,115.28248269871486,235.04283319962008,344.9999999999999
476,64,12,2.096572533544644,3.359375,8.512500000000003,13.789062500000004,41.359375,18.8203125,6.840761357540626,54.421875,10.66650721350774,9.0,9.099999999999996,14.240000000000002,44.5,30.0,64,0.2513790933245407,1.0,7.700000000000001,13.519999999999996,39.0,0.5277533975179121,48,134.18064214685722,82.08913629048752,216.26977843734474,121.99999999999997
477,63,9,2.3221348020691077,3.2698412698412698,8.52063492063492,13.777142857142861,41.30952380952381,18.70634920634921,16.47253814678372,54.34920634920635,32.74646056418423,9.0,9.099999999999996,14.240000000000002,44.5,93.0,64,0.2513790933245407,1.0,7.700000000000001,13.519999999999996,39.0,0.5428863506466084,48,146.29449253035378,148.2528433210535,294.5473358514073,102.99999999999997
478,60,11,2.533695912137706,3.55,8.508333333333335,13.772000000000007,41.34166666666667,19.355000000000004,14.789162851894401,54.18333333333333,17.745244138687838,9.0,9.099999999999996,14.240000000000002,44.5,92.0,64,0.2513790933245407,1.0,7.700000000000001,13.519999999999996,39.0,0.28291418941827406,48,152.02175472826235,162.68079137083842,314.7025460991008,162.09999999999997
479,57,8,4.14569028433381,3.719298245614035,8.464912280701755,13.774736842105268,41.31578947368421,19.59298245614036,7.4648625089808345,54.36842105263158,92.10156992446025,9.0,8.999999999999996,14.240000000000002,44.5,38.0,64,0.2513790933245407,1.0,7.700000000000001,13.519999999999996,39.0,0.40808114164574355,48,236.30434620702715,59.718900071846676,296.02324627887384,205.19999999999996
480,58,7,3.632482604145209,3.7241379310344827,8.45689655172414,13.779655172413793,41.37068965517241,18.746551724137934,6.691644478404048,54.689655172413794,46.050784962230125,9.0,8.999999999999996,14.240000000000002,44.5,37.0,64,0.25222328970356617,1.0,7.700000000000001,13.519999999999996,39.0,0.38965641962496544,49,210.68399104042211,46.841511348828334,257.52550238925045,108.69999999999997
481,53,17,3.6520233269746685,3.5660377358490565,8.454716981132076,13.772452830188675,41.5,15.047169811320757,2.2424775041711946,54.679245283018865,37.3223291832182,9.0,8.999999999999996,14.240000000000002,44.5,12.80834046229543,64,0.3305822958045498,1.0,7.700000000000001,13.459999999999996,39.0,0.21795824434259092,49,193.55723632965743,38.12211757091031,231.67935390056775,232.19999999999993
482,61,9,2.7302965888343653,3.442622950819672,8.45245901639344,13.78360655737705,41.4344262295082,13.40655737704918,9.342550002743069,55.14754098360656,18.6611645916091,9.0,8.999999999999996,14.240000000000002,44.5,58.0,65,0.25921410333688005,1.0,7.700000000000001,13.459999999999996,39.0,0.48644076549520765,49,166.5480919188963,84.08295002468762,250.6310419435839,25.89999999999999
483,69,6,2.34152788250838,3.3333333333333335,8.434782608695647,13.817391304347836,41.2536231884058,11.633333333333333,11.770558680121416,55.971014492753625,12.865053846020654,9.0,8.999999999999996,14.240000000000002,44.5,57.0,65,0.25921410333688005,1.0,7.700000000000001,13.459999999999996,39.0,0.8161622832914871,49,161.56542389307822,70.6233520807285,232.1887759738067,34.599999999999994
484,68,11,2.0447510184747317,3.3088235294117645,8.422058823529412,13.835000000000008,41.23529411764706,10.582352941176469,11.801404893110403,56.35294117647059,6.432526923010327,9.0,8.999999999999996,14.240000000000002,44.5,56.0,65,0.25921410333688005,1.0,7.700000000000001,13.459999999999996,39.0,0.3305822958045498,49,139.04306925628177,129.81545382421444,268.8585230804962,134.89999999999998
485,70,7,1.9826094518205488,3.2714285714285714,8.42142857142857,13.838000000000008,41.19285714285714,11.687142857142854,24.305695620029724,56.57142857142857,6.432526923010327,9.0,8.999999999999996,14.240000000000002,44.5,55.0,65,0.25921410333688005,1.0,7.700000000000001,13.459999999999996,39.0,0.7399168867681578,49,138.78266162743842,170.13986934020807,308.9225309676465,83.99999999999999
486,68,7,2.784175628959642,3.2058823529411766,8.42941176470588,13.835882352941185,41.19117647058823,13.960294117647058,23.013089550139654,56.661764705882355,58.09330757052303,9.0,8.999999999999996,14.240000000000002,44.5,51.0,65,0.25921410333688005,1.0,7.700000000000001,13.459999999999996,39.0,1.2936330029168555,49,189.32394276925567,161.09162685097758,350.4155696202332,201.09999999999997
487,66,9,3.153865756390222,3.287878787878788,8.42121212121212,13.833636363636371,41.31060606060606,14.457575757575755,13.164273217015626,56.63636363636363,48.50275818664908,9.0,8.999999999999996,14.240000000000002,44.5,50.0,65,0.25921410333688005,1.0,7.700000000000001,13.459999999999996,39.0,0.6611645916090996,49,208.15513992175465,118.47845895314063,326.63359887489526,177.39999999999998
488,69,4,2.852976190145312,3.4347826086956523,8.421739130434782,13.834782608695662,41.32608695652174,15.318840579710145,37.88352223032253,56.72463768115942,24.25137909332454,10.0,8.999999999999996,14.240000000000002,44.5,54.0,65,0.25921410333688005,1.0,7.700000000000001,13.459999999999996,38.5,1.534088921290126,49,196.85535712002653,151.5340889212901,348.38944604131666,94.59999999999998
489,68,10,2.527916532175462,3.5588235294117645,8.411764705882351,13.845588235294128,41.279411764705884,16.011764705882353,24.052737371476546,57.0,12.12568954666227,10.0,8.999999999999996,14.240000000000002,44.5,83.0,65,0.25921410333688005,1.0,7.700000000000001,13.459999999999996,38.5,0.35977175751742285,49,171.89832418793142,240.52737371476547,412.4256979026969,160.19999999999996
490,65,9,2.5087804486644356,3.6307692307692307,8.406153846153844,13.844000000000008,41.284615384615385,17.13076923076923,26.053132311591806,56.89230769230769,7.261663446315379,10.0,8.999999999999996,14.240000000000002,44.5,82.0,65,0.25921410333688005,1.0,7.700000000000001,13.459999999999996,38.5,0.767044460645063,49,163.0707291631883,234.47819080432626,397.54891996751456,152.49999999999997
491,65,13,2.2096594455806526,3.5076923076923077,8.401538461538461,13.855076923076933,41.2,17.299999999999997,18.472313075106783,57.41538461538462,7.261663446315379,10.0,8.999999999999996,14.240000000000002,44.5,81.0,66,0.25921410333688005,1.0,7.700000000000001,13.459999999999996,38.0,0.4390870300696914,49,143.62786396274242,240.1400699763882,383.7679339391306,117.89999999999998
492,64,8,3.00280211843866,3.546875,8.3875,13.866875000000006,41.1640625,18.29375,23.87481889130173,57.765625,53.80279397496257,10.0,8.999999999999996,14.240000000000002,44.5,80.0,66,0.25921410333688005,1.0,7.700000000000001,13.459999999999996,38.0,0.5976267564496128,50,192.17933558007425,190.99855113041383,383.1778867104881,135.89999999999998
493,63,11,2.6072287763486024,3.4603174603174605,8.374603174603175,13.875238095238101,41.15079365079365,17.211111111111112,24.962670494076313,57.80952380952381,26.901396987481284,10.0,8.999999999999996,14.240000000000002,44.5,79.0,66,0.25921410333688005,1.0,7.700000000000001,13.459999999999996,38.0,0.550784962230125,50,164.25541290996196,274.58937543483944,438.8447883448014,125.89999999999998
494,64,5,5.042985706797423,3.609375,8.379687499999998,13.873437500000003,41.171875,16.809375000000003,19.063697550265598,57.625,79.42387512757327,10.0,8.999999999999996,14.180000000000001,44.5,78.0,66,0.25921410333688005,1.0,7.700000000000001,13.459999999999996,38.0,0.7578555966663919,50,322.7510852350351,95.318487751328,418.0695729863631,25.099999999999994
495,71,4,3.849772941132954,3.676056338028169,8.395774647887322,13.870704225352116,41.063380281690144,15.654929577464786,42.11950452856088,57.53521126760563,39.711937563786634,10.0,8.999999999999996,14.180000000000001,44.5,79.0,66,0.25921410333688005,1.0,7.700000000000001,13.459999999999996,38.0,3.478018114243537,50,273.33387882043974,168.47801811424353,441.81189693468326,25.599999999999994
496,77,5,4.111900332068497,3.5714285714285716,8.405194805194803,13.859740259740263,41.0,15.616883116883116,28.919652190782937,57.38961038961039,80.43631103467196,10.0,8.999999999999996,14.180000000000001,44.5,78.0,66,0.25921410333688005,1.0,7.700000000000001,13.459999999999996,38.0,0.6016599391817402,50,316.61632556927424,144.5982609539147,461.2145865231889,76.59999999999998
497,84,8,3.1570521835091023,3.4642857142857144,8.402380952380948,13.855714285714292,41.017857142857146,14.20595238095238,19.754592655197012,57.273809523809526,40.21815551733598,10.0,8.999999999999996,14.180000000000001,44.5,77.0,66,0.27212910596581213,1.0,7.700000000000001,13.459999999999996,38.0,0.25921410333688005,50,265.1923834147646,158.0367412415761,423.2291246563407,101.89999999999998
498,93,8,2.621244798255375,3.4193548387096775,8.404301075268812,13.838709677419358,41.17204301075269,14.889247311827958,19.183957773952947,57.086021505376344,20.10907775866799,10.0,8.999999999999996,14.180000000000001,44.5,76.0,66,0.27212910596581213,1.0,7.700000000000001,13.459999999999996,38.0,0.6204990244341662,50,243.77576623774988,153.47166219162358,397.2474284293735,168.19999999999996
499,91,17,2.3441768934331515,3.5054945054945055,8.401098901098898,13.821978021978024,41.34065934065934,13.587912087912088,12.281216707873817,56.81318681318681,10.054538879333995,10.0,8.999999999999996,14.180000000000001,44.5,75.0,65,0.27212910596581213,1.0,7.600000000000001,13.459999999999996,38.0,0.34683034617664643,50,213.3200973024168,208.7806840338549,422.10078133627167,289.9
500,92,12,2.799433595889403,3.5217391304347827,8.391304347826082,13.818695652173917,41.380434782608695,15.596739130434786,20.191616489229396,56.75,47.11528826061377,10.0,8.999999999999996,14.180000000000001,44.5,87.0,65,0.27212910596581213,1.0,7.600000000000001,13.459999999999996,38.0,0.4390870300696914,50,257.5478908218251,242.29939787075276,499.8472886925779,202.39999999999995
501,86,16,3.4600095904338666,3.5813953488372094,8.381395348837206,13.823488372093028,41.33720930232558,16.865116279069767,11.074497800569578,57.0,88.5136347198335,10.0,8.899999999999997,14.180000000000001,44.5,73.0,65,0.27212910596581213,1.0,7.600000000000001,13.459999999999996,38.0,0.3326455739511376,50,297.5608247773125,177.19196480911324,474.75278958642576,364.0999999999999
502,85,16,3.749971755580269,3.623529411764706,8.370588235294113,13.822823529411766,41.358823529411765,17.958823529411767,9.470997457322284,57.129411764705885,52.725748137570015,10.0,8.899999999999997,14.180000000000001,44.5,72.0,65,0.27212910596581213,1.0,7.600000000000001,13.459999999999996,38.0,0.03685641334752021,51,318.74759922432287,151.53595931715654,470.2835585414794,339.29999999999995
503,91,10,3.083360242655876,3.7252747252747254,8.338461538461534,13.827252747252752,41.532967032967036,16.442857142857147,18.01167435960727,57.2967032967033,26.362874068785008,10.0,8.899999999999997,14.180000000000001,44.5,71.0,65,0.27212910596581213,1.0,7.600000000000001,13.459999999999996,38.0,0.7988587875871143,51,280.5857820816847,180.1167435960727,460.7025256777574,84.99999999999999
504,98,7,3.100262320024009,3.63265306122449,8.34081632653061,13.826122448979596,41.62755102040816,15.369387755102041,26.42724832821802,57.37755102040816,47.04665378526151,10.0,8.899999999999997,14.180000000000001,44.5,70.0,65,0.27212910596581213,1.0,7.500000000000002,13.459999999999996,38.0,1.0,51,303.8257073623529,184.99073829752615,488.81644565987904,64.89999999999999
505,106,9,2.575511214940392,3.7547169811320753,8.316981132075467,13.829056603773584,41.75,15.514150943396224,25.206752811668665,57.509433962264154,23.523326892630756,10.0,8.899999999999997,14.180000000000001,44.5,69.0,65,0.27212910596581213,1.0,7.500000000000002,13.459999999999996,38.0,0.5188694620929866,51,273.0041887836815,226.86077530501797,499.8649640886995,189.29999999999998
506,101,16,3.4121978829007316,3.8415841584158414,8.320792079207916,13.818811881188116,41.727722772277225,13.780198019801983,12.122682906477651,57.40594059405941,70.5136347198335,10.0,8.899999999999997,14.180000000000001,45.0,61.0,65,0.27212910596581213,1.0,7.500000000000002,13.459999999999996,38.0,0.6204990244341662,51,344.6319861729739,193.96292650364242,538.5949126766163,222.09999999999997
507,101,12,2.7055960531646153,3.881188118811881,8.292079207920784,13.822376237623764,41.801980198019805,13.939603960396038,32.651947483930996,57.51485148514851,35.25681735991675,10.0,8.899999999999997,14.180000000000001,45.0,88.0,65,0.27212910596581213,1.0,7.500000000000002,13.459999999999996,38.0,0.565522204605788,51,273.26520136962614,391.82336980717196,665.088571176798,108.89999999999998
508,99,14,3.6197805784626906,3.9696969696969697,8.27474747474747,13.823030303030306,41.888888888888886,14.651515151515149,22.13817744084469,57.54545454545455,59.27212910596581,10.0,8.899999999999997,14.180000000000001,45.0,87.0,65,0.2783087243967266,1.0,7.500000000000002,13.459999999999996,38.0,0.5721311599807345,51,358.3582772678064,309.93448417182566,668.292761439632,206.29999999999998
509,101,12,3.3429030072964685,4.03960396039604,8.25544554455445,13.826534653465346,41.96534653465346,16.764356435643567,24.453597075463744,57.73267326732673,52.25495502850544,10.0,8.899999999999997,14.180000000000001,45.0,86.0,65,0.2783087243967266,1.0,7.500000000000002,13.459999999999996,38.0,0.27873697305430545,51,337.6332037369433,293.4431649055649,631.0763686425082,292.4
510,96,16,2.958317137245867,4.135416666666667,8.252083333333326,13.8275,41.947916666666664,17.960416666666667,19.203256605234227,58.052083333333336,26.12747751425272,10.0,8.899999999999997,14.180000000000001,45.0,85.0,66,0.2783087243967266,1.0,7.500000000000002,13.519999999999996,38.0,0.3226469795173813,51,283.99844517560325,307.25210568374763,591.2505508593508,455.8999999999999
511,89,22,3.1654375286389533,4.157303370786517,8.232584269662912,13.82741573033708,41.825842696629216,18.278651685393257,15.38605505454236,58.52808988764045,39.295359258598126,10.0,8.899999999999997,14.180000000000001,45.0,84.0,67,0.2783087243967266,1.0,7.500000000000002,13.519999999999996,38.0,0.29248150563763,51,281.72394004886684,338.4932111999319,620.2171512487987,422.3999999999999
512,89,20,3.187566129703701,4.179775280898877,8.261797752808981,13.822696629213485,41.79775280898876,16.786516853932582,15.983648304833341,58.71910112359551,27.726219920288628,10.0,8.899999999999997,14.180000000000001,45.0,83.0,67,0.2783087243967266,1.0,7.500000000000002,13.519999999999996,38.0,0.24099804886833232,51,283.6933855436294,319.6729660966668,603.3663516402962,206.1
513,94,12,3.47659206440009,4.1063829787234045,8.258510638297869,13.827659574468083,41.77127659574468,15.986170212765956,19.535813115226215,58.840425531914896,76.02286844491155,10.0,8.899999999999997,14.180000000000001,45.0,82.0,67,0.2783087243967266,1.0,7.500000000000002,13.519999999999996,38.0,0.8471968887397059,51,326.79965405360844,234.4297573827146,561.2294114363231,190.59999999999997
514,95,15,3.0053287490379565,4.042105263157895,8.245263157894732,13.833263157894738,41.73684210526316,16.152631578947368,15.5083789916792,59.06315789473684,38.011434222455776,10.0,8.899999999999997,14.180000000000001,45.0,81.0,67,0.2783087243967266,1.0,7.500000000000002,13.519999999999996,38.0,0.12960705166844,52,285.5062311586059,232.625684875188,518.1319160337939,293.99999999999994
515,92,18,2.7484869255883986,4.195652173913044,8.234782608695648,13.828478260869568,41.75,14.774999999999997,12.731876244423162,59.27173913043478,19.005717111227888,10.0,8.899999999999997,14.120000000000001,45.0,80.0,67,0.2783087243967266,1.0,7.400000000000002,13.519999999999996,38.5,0.016200881458555028,52,252.86079715413265,229.17377239961692,482.0345695537496,255.59999999999997
516,95,10,2.4364261422340765,4.2631578947368425,8.22105263157894,13.821894736842115,41.83157894736842,16.325263157894735,21.984782833408318,59.136842105263156,9.502858555613944,10.0,8.899999999999997,14.120000000000001,45.0,79.0,67,0.2783087243967266,1.0,7.400000000000002,13.519999999999996,38.5,0.9261270172807158,52,231.46048351223726,219.84782833408318,451.3083118463204,314.29999999999995
517,89,12,2.4543197008842776,4.247191011235955,8.238202247191003,13.819325842696635,41.78089887640449,18.168539325842698,18.224642810936565,59.19101123595506,8.29780406784477,10.0,8.899999999999997,14.120000000000001,45.0,78.0,67,0.2783087243967266,1.0,7.400000000000002,13.519999999999996,38.5,0.39942939379355713,52,218.4344533787007,218.69571373123878,437.1301671099395,405.09999999999997
518,87,9,2.45378362200193,4.160919540229885,8.242528735632176,13.819310344827588,41.7816091954023,19.780459770114934,23.218622205985053,59.310344827586206,5.880831723157689,10.0,8.899999999999997,14.120000000000001,45.0,77.0,68,0.2783087243967266,1.0,7.400000000000002,13.519999999999996,38.5,0.4630635086403579,52,213.47917511416793,208.96759985386547,422.4467749680334,198.49999999999997
519,81,15,2.385034521191484,4.0,8.254320987654312,13.832592592592595,41.69135802469136,19.681481481481477,14.583306061239888,59.82716049382716,7.0917217123040945,10.0,8.899999999999997,14.120000000000001,45.0,76.0,69,0.2783087243967266,1.0,7.400000000000002,13.519999999999996,38.5,0.8664443725090196,52,193.18779621651018,218.74959091859833,411.9373871351085,245.89999999999998
520,72,19,2.611040418708085,4.083333333333333,8.255555555555553,13.822500000000003,41.729166666666664,19.936111111111106,10.974023018560885,59.763888888888886,19.203551084994796,10.0,8.899999999999997,14.120000000000001,45.0,75.0,69,0.2783087243967266,1.0,7.500000000000002,13.519999999999996,38.5,0.5004072255242766,52,187.99491014698214,208.50643735265683,396.501347499639,234.49999999999997
521,70,12,2.674565683649335,4.071428571428571,8.234285714285713,13.82428571428572,41.8,20.748571428571427,15.412195001485353,59.857142857142854,9.601775542497398,10.0,8.899999999999997,14.120000000000001,45.0,74.0,69,0.2783087243967266,1.0,7.500000000000002,13.519999999999996,38.5,0.7783810518421475,52,187.21959785545343,184.94634001782424,372.1659378732777,150.89999999999998
522,70,8,3.6269565853313748,4.171428571428572,8.227142857142855,13.819142857142863,41.82857142857143,21.061428571428568,12.460936154811373,59.785714285714285,77.75142927780698,10.0,8.899999999999997,14.120000000000001,45.0,47.0,69,0.2783087243967266,1.0,7.500000000000002,13.519999999999996,38.5,0.6047558655756852,52,253.88696097319624,99.68748923849098,353.57445021168724,150.7
523,68,10,3.0522713458609556,4.102941176470588,8.213235294117643,13.817352941176475,41.85294117647059,19.68235294117647,11.525929984924563,59.8235294117647,38.87571463890349,10.0,8.899999999999997,14.120000000000001,45.0,46.0,69,0.2783087243967266,1.0,7.500000000000002,13.519999999999996,38.5,0.6844864544142014,52,207.554451518545,115.25929984924562,322.8137513677906,91.1
524,67,10,2.81910725789642,4.223880597014926,8.197014925373134,13.816417910447763,41.95522388059702,19.410447761194035,10.841241868063287,59.940298507462686,19.437857319451744,10.0,8.899999999999997,14.120000000000001,45.0,45.0,69,0.2783087243967266,1.0,7.500000000000002,13.519999999999996,38.5,1.1036395829614456,52,188.88018627906015,108.41241868063287,297.292604959693,75.39999999999999
525,63,13,2.8356538651513077,4.396825396825397,8.17460317460317,13.808571428571431,42.19047619047619,18.55079365079365,7.815603963652828,59.76190476190476,19.437857319451744,10.0,8.899999999999997,14.120000000000001,45.0,44.0,69,0.2783087243967266,1.0,7.600000000000001,13.519999999999996,38.5,0.35977175751742285,52,178.6461935045324,101.60285152748676,280.2490450320191,117.59999999999998
526,62,6,4.145462455598694,4.467741935483871,8.164516129032258,13.803548387096777,42.266129032258064,18.580645161290327,1.3398090958862532,59.54838709677419,45.40044388562435,10.0,8.899999999999997,14.120000000000001,45.0,2.4657774900360785,67,0.2783087243967266,1.0,7.600000000000001,13.519999999999996,38.5,0.3023779327878426,52,257.018672247119,8.038854575317519,265.05752682243656,57.099999999999994
527,65,2,3.509797674875882,4.476923076923077,8.173846153846151,13.800615384615387,42.276923076923076,19.515384615384615,2.755757189929586,59.58461538461538,22.700221942812174,10.0,8.899999999999997,14.120000000000001,45.0,4.045736889823093,67,0.2783087243967266,1.0,7.600000000000001,13.519999999999996,38.5,1.4657774900360785,52,228.13684886693233,5.511514379859172,233.6483632467915,112.1
528,61,10,3.147164594222402,4.524590163934426,8.155737704918032,13.777704918032788,42.442622950819676,18.84426229508197,2.17385186965744,59.114754098360656,11.350110971406087,10.0,8.899999999999997,14.120000000000001,45.0,5.610653254984391,66,0.3226469795173813,1.0,7.600000000000001,13.519999999999996,39.0,0.37892779833319595,52,191.97704024756652,21.7385186965744,213.71555894414092,290.8
529,64,5,2.846826216483046,4.359375,8.171875,13.764687500000003,42.296875,18.6734375,14.566871597333485,59.078125,10.49148497814208,10.0,8.899999999999997,14.120000000000001,45.0,60.0,66,0.3226469795173813,1.0,7.600000000000001,13.519999999999996,39.0,1.192076847911407,52,182.19687785491493,72.83435798666743,255.03123584158237,144.2
530,64,9,2.5307899546014028,4.25,8.187499999999998,13.749687500000006,42.0859375,17.3,9.008570824384647,58.90625,5.724139293680718,10.0,8.799999999999997,14.120000000000001,45.0,59.0,66,0.2912703712151876,1.0,7.600000000000001,13.459999999999996,38.5,0.6503286600966836,52,161.97055709448978,81.07713741946182,243.0476945139516,138.7
531,62,7,2.535166017149435,4.258064516129032,8.191935483870967,13.73677419354839,42.13709677419355,18.60806451612903,10.644728667889922,58.83870967741935,8.610893607669908,10.0,8.799999999999997,14.120000000000001,45.5,58.0,66,0.2912703712151876,1.0,7.600000000000001,13.459999999999996,38.5,0.6329673446407951,52,157.18029306326497,74.51310067522945,231.69339373849442,176.1
532,53,12,2.364964100883948,4.0,8.207547169811322,13.730566037735851,42.0,19.075471698113205,8.225003983560795,58.9811320754717,7.718928659725872,10.0,8.799999999999997,14.120000000000001,45.5,57.0,66,0.2912703712151876,1.0,7.600000000000001,13.459999999999996,38.5,0.3226469795173813,52,125.34309734684923,98.70004780272954,224.04314514957878,294.79999999999995
533,54,10,2.3461283037971197,3.8518518518518516,8.240740740740742,13.725555555555559,41.861111111111114,20.022222222222226,8.333950455707102,58.888888888888886,7.718928659725872,10.0,8.799999999999997,14.120000000000001,45.5,56.0,67,0.254320311068719,1.0,7.600000000000001,13.459999999999996,38.5,1.1017755424973985,52,126.69092840504446,83.33950455707102,210.03043296211547,173.8
534,51,9,2.5672932868500773,3.803921568627451,8.250980392156864,13.725882352941179,41.81372549019608,21.335294117647056,7.565824743372177,58.84313725490196,9.040625772601377,10.0,8.799999999999997,14.120000000000001,45.5,55.0,67,0.254320311068719,1.0,7.600000000000001,13.459999999999996,38.5,0.1840955978109271,52,130.93195762935395,68.0924226903496,199.02438031970354,104.2
535,50,9,2.1402236947695634,3.66,8.270000000000001,13.7,41.86,20.131999999999998,8.76321637891611,58.66,6.868613733606559,10.0,8.799999999999997,14.120000000000001,45.5,54.0,67,0.254320311068719,1.0,7.600000000000001,13.459999999999996,38.5,0.0060526424119689,52,107.01118473847818,78.868947410245,185.8801321487232,114.49999999999999
536,47,9,2.2711823352017917,3.6595744680851063,8.238297872340429,13.697446808510636,42.0531914893617,21.63191489361702,7.720650054790301,58.659574468085104,11.23924154602656,7.0,8.799999999999997,14.06,45.5,53.0,67,0.254320311068719,1.0,7.600000000000001,13.459999999999996,38.5,0.3681911956218542,53,106.74556975448421,69.48585049311271,176.23142024759693,142.39999999999998
537,47,6,3.241732050814055,3.765957446808511,8.246808510638298,13.692340425531913,42.0,21.868085106382978,1.9222565378145757,58.680851063829785,54.65701532854327,7.0,8.799999999999997,14.06,45.5,3.18116144273844,67,0.2515131606029922,1.0,7.600000000000001,13.459999999999996,38.5,0.014011700699248397,53,152.36140638826058,11.533539226887454,163.89494561514803,113.89999999999999
538,47,3,2.9241352797551134,3.723404255319149,8.27021276595745,13.68595744680851,41.9468085106383,22.044680851063827,1.9933608272371135,58.53191489361702,27.328507664271633,7.0,8.799999999999997,14.06,45.5,2.8375277428515218,67,0.2515131606029922,1.0,7.600000000000001,13.459999999999996,38.5,1.5307335111688196,53,137.43435814849033,5.9800824817113405,143.41444063020168,65.3
539,48,6,2.413334384891095,3.7083333333333335,8.302083333333337,13.681249999999999,41.875,21.31041666666667,1.892053290378439,58.395833333333336,13.664253832135817,7.0,8.799999999999997,14.06,45.5,5.122846260280063,67,0.2515131606029922,1.0,7.600000000000001,13.459999999999996,38.5,0.2583177295342969,53,115.84005047477255,11.352319742270634,127.19237021704319,55.1
540,50,4,2.13583633286695,3.64,8.372000000000003,13.6664,41.66,19.486,1.9443273547598872,57.84,8.874275538087035,7.0,8.899999999999997,14.06,45.5,3.250478390839107,67,0.2515131606029922,1.0,7.600000000000001,13.459999999999996,38.5,1.1687638714257609,53,106.7918166433475,7.777309419039549,114.56912606238706,55.300000000000004
541,52,3,1.9237684541828801,3.6346153846153846,8.373076923076924,13.667692307692304,41.68269230769231,18.767307692307693,1.9175166556100212,57.75,4.96965164267446,7.0,8.899999999999997,14.06,45.5,2.9815321620677966,67,0.2515131606029922,1.0,7.500000000000002,13.459999999999996,38.5,0.5205394139231594,53,100.03595961750976,5.752549966830063,105.78850958433982,0.0
542,53,0,1.9323387604888336,3.6226415094339623,8.381132075471701,13.664905660377354,41.66981132075472,19.318867924528302,0.0,57.698113207547166,6.37087165041941,7.0,8.899999999999997,14.06,45.5,0.0,67,0.2515131606029922,1.0,7.500000000000002,13.459999999999996,38.5,0.0,53,102.41395430590818,0.0,102.41395430590818,0.0
543,52,2,1.8027855191505076,3.6346153846153846,8.373076923076924,13.669999999999996,41.72115384615385,19.096153846153847,3.538194698738478,57.82692307692308,4.96965164267446,7.0,8.899999999999997,14.06,45.5,3.660325939443002,67,0.2515131606029922,1.0,7.500000000000002,13.459999999999996,38.5,3.416063458033954,53,93.74484699582639,7.076389397476956,100.82123639330335,0.0
544,49,5,1.8051544785183702,3.63265306122449,8.367346938775512,13.669387755102035,41.734693877551024,19.469387755102044,4.273733389180639,57.89795918367347,4.96965164267446,7.0,8.899999999999997,14.06,45.5,11.0,67,0.2515131606029922,1.0,7.500000000000002,13.459999999999996,38.5,0.5030263212059845,53,88.45256944740014,21.368666945903193,109.82123639330334,42.79999999999999
545,47,7,1.7271466994710591,3.574468085106383,8.389361702127662,13.665531914893615,41.638297872340424,18.917021276595744,9.444470200027835,57.787234042553195,4.96965164267446,7.0,8.899999999999997,14.06,45.5,43.0,67,0.2515131606029922,1.0,7.500000000000002,13.459999999999996,38.5,0.7860655799903673,53,81.17589487513978,66.11129140019484,147.28718627533462,17.399999999999995
546,44,8,1.756582993170844,3.590909090909091,8.404545454545456,13.66863636363636,41.51136363636363,18.490909090909092,11.276433624478386,57.75,4.96965164267446,7.0,8.899999999999997,14.06,45.5,42.0,67,0.2515131606029922,1.0,7.500000000000002,13.459999999999996,38.5,0.508640622137438,53,77.28965169951714,90.21146899582709,167.50112069534424,17.399999999999995
547,45,5,1.835968247213829,3.533333333333333,8.400000000000002,13.670666666666664,41.48888888888889,19.035555555555558,24.58007822157517,57.82222222222222,5.200122997442443,7.0,8.899999999999997,14.06,45.5,46.0,67,0.2515131606029922,1.0,7.500000000000002,13.459999999999996,38.5,1.9003911078758602,53,82.6185711246223,122.90039110787586,205.51896223249815,0.0
548,46,5,1.7873680757203818,3.5652173913043477,8.384782608695653,13.669999999999993,41.52173913043478,19.55652173913044,33.8,57.91304347826087,4.96965164267446,7.0,8.899999999999997,14.06,45.5,52.0,67,0.2515131606029922,1.0,7.500000000000002,13.459999999999996,38.5,7.0,53,82.21893148313757,169.0,251.21893148313757,0.0
549,44,7,2.687995487606788,3.5454545454545454,8.4,13.661818181818177,41.5,20.106818181818184,28.706732861205555,57.72727272727273,39.90309159890619,7.0,8.899999999999997,14.06,45.5,73.0,67,0.2515131606029922,1.0,7.500000000000002,13.459999999999996,38.5,1.320746225907639,53,118.27180145469868,200.9471300284389,319.21893148313757,33.0
550,43,9,2.3539186246357735,3.4651162790697674,8.416279069767443,13.646976744186043,41.395348837209305,20.91860465116279,23.224961969341418,57.48837209302326,19.951545799453093,7.0,8.899999999999997,13.94,45.5,72.0,64,0.2515131606029922,1.0,7.500000000000002,13.459999999999996,38.0,0.320746225907639,53,101.21850085933826,209.02465772407277,310.24315858341106,59.09999999999999
551,43,7,3.4833659329491584,3.3488372093023258,8.42558139534884,13.644186046511624,41.2906976744186,21.851162790697675,23.236549652270668,57.53488372093023,50.03102379676273,7.0,8.899999999999997,13.94,45.5,71.0,64,0.2515131606029922,1.0,7.500000000000002,13.459999999999996,37.5,1.1650814848607505,53,149.7847351168138,162.65584756589467,312.4405826827085,91.79999999999998
552,46,12,2.5193889531632396,3.152173913043478,8.43695652173913,13.638695652173908,41.03260869565217,16.858695652173914,15.717773043195644,57.45652173913044,25.015511898381366,7.0,8.899999999999997,13.94,45.5,70.0,64,0.2515131606029922,1.0,7.500000000000002,13.459999999999996,37.5,0.4907660810338983,53,115.89189184550902,188.61327651834773,304.50516836385674,33.3
553,47,18,2.0557830924140266,3.2127659574468086,8.429787234042553,13.6463829787234,40.8936170212766,13.287234042553191,12.192092957711528,57.851063829787236,12.507755949190683,7.0,8.899999999999997,13.94,45.5,69.0,64,0.2515131606029922,1.0,7.500000000000002,13.459999999999996,37.5,0.2767766595803782,54,96.62180534345926,219.4576732388075,316.07947858226674,24.699999999999996
554,51,11,1.8767943216704013,3.156862745098039,8.452941176470588,13.639999999999997,40.86274509803921,13.162745098039215,29.73023107967889,57.8235294117647,6.2538779745953414,7.0,8.899999999999997,13.94,45.5,95.0,64,0.2515131606029922,1.0,7.500000000000002,13.459999999999996,37.5,0.07445101696119272,54,95.71651040519046,327.0325418764678,422.74905228165824,8.799999999999997
555,54,11,2.9499376246248263,3.111111111111111,8.479629629629628,13.62888888888889,40.81481481481482,12.605555555555556,28.98578334546311,57.72222222222222,39.16508148486075,7.0,8.899999999999997,13.94,45.5,94.0,64,0.2515131606029922,1.0,7.500000000000002,13.459999999999996,37.5,0.1799371216920278,54,159.29663172974062,318.8436168000942,478.1402485298348,51.19999999999999
556,54,12,1.9336284081180048,3.111111111111111,8.48333333333333,13.627777777777775,40.870370370370374,13.116666666666665,31.312779293040176,57.77777777777778,18.187857319451744,7.0,8.899999999999997,13.94,45.5,93.0,64,0.2515131606029922,1.0,7.500000000000002,13.459999999999996,37.5,1.2469716124658183,54,104.41593403837226,375.7533515164821,480.16928555485435,111.89999999999998
557,55,9,2.5207419514735085,3.272727272727273,8.443636363636362,13.641090909090904,40.981818181818184,15.056363636363635,35.85644796989077,58.0,38.788567291093656,8.0,8.899999999999997,14.0,45.5,92.0,64,0.2515131606029922,1.0,7.500000000000002,13.459999999999996,37.5,1.708031729016977,54,138.64080733104296,322.70803172901697,461.34883906005996,111.89999999999998
558,57,9,3.3613832167883926,3.3157894736842106,8.419298245614035,13.651578947368423,41.00877192982456,16.65614035087719,35.36983418491907,58.26315789473684,70.23960106622602,8.0,8.899999999999997,14.0,45.5,91.0,64,0.2515131606029922,1.0,7.500000000000002,13.459999999999996,37.5,1.3285076642716347,54,191.59884335693837,318.3285076642716,509.92735102121003,112.29999999999997
559,57,12,3.0914378834439664,3.280701754385965,8.396491228070175,13.664210526315792,41.026315789473685,16.74561403508772,25.073552919272274,58.473684210526315,35.11980053311301,8.0,8.899999999999997,14.0,45.5,90.0,64,0.2515131606029922,1.0,7.500000000000002,13.459999999999996,37.5,0.3285076642716347,54,176.2119593563061,300.8826350312673,477.09459438757335,77.49999999999999
560,58,14,2.5037918456551194,3.2586206896551726,8.358620689655172,13.679310344827586,41.043103448275865,14.90172413793103,25.49576241368862,58.96551724137931,17.559900266556504,8.0,8.899999999999997,14.0,45.5,89.0,64,0.2515131606029922,1.0,7.500000000000002,13.459999999999996,37.5,0.5203075654808604,54,145.21992704799692,356.9406737916407,502.1606008396376,77.89999999999998
561,63,12,2.1382002480759144,3.2222222222222223,8.334920634920632,13.698095238095236,41.22222222222222,13.879365079365078,35.187331436396775,59.22222222222222,8.779950133278252,8.0,8.899999999999997,14.0,45.5,88.0,64,0.2515131606029922,1.0,7.500000000000002,13.459999999999996,37.5,0.3117429031164546,54,134.7066156287826,422.2479772367613,556.9545928655439,42.69999999999999
562,64,13,3.257594427143919,3.171875,8.310937499999996,13.713125,41.234375,14.0609375,26.11538073612713,59.46875,84.20067394477704,8.0,8.899999999999997,14.06,45.5,87.0,64,0.2515131606029922,1.0,7.500000000000002,13.459999999999996,37.5,0.49543799576589026,54,208.48604333721082,339.4999495696527,547.9859929068635,57.39999999999999
563,65,12,4.485518861354159,3.1846153846153844,8.292307692307691,13.71753846153846,41.34615384615385,14.543076923076923,26.573681969400536,59.69230769230769,61.57516165676231,8.0,8.899999999999997,14.06,45.5,98.0,65,0.2515131606029922,1.0,7.500000000000002,13.459999999999996,37.5,1.5634694936488354,54,291.5587259880203,318.8841836328064,610.4429096208266,112.8
564,66,14,3.639888184373637,3.242424242424242,8.309090909090907,13.72181818181818,41.46969696969697,13.91212121212121,28.315474544107968,59.72727272727273,30.787580828381156,8.0,8.899999999999997,14.06,46.0,97.0,66,0.2515131606029922,1.0,7.500000000000002,13.399999999999995,37.5,0.6234858062329092,54,240.23262016866002,396.41664361751157,636.6492637861716,159.1
565,73,13,2.8819835068361135,3.4246575342465753,8.316438356164378,13.714794520547951,41.63013698630137,13.4,37.058454922290224,59.73972602739726,15.393790414190578,8.0,8.899999999999997,14.06,46.0,96.0,66,0.2515131606029922,1.0,7.500000000000002,13.339999999999995,37.5,0.6234858062329092,54,210.38479599903627,481.75991398977294,692.1447099888092,89.19999999999999
566,81,13,2.469576225862388,3.4814814814814814,8.337037037037032,13.69925925925927,41.617283950617285,14.203703703703704,46.93939559444974,59.58024691358025,15.393790414190578,8.0,8.899999999999997,14.06,46.0,99.0,66,0.2515131606029922,1.0,7.500000000000002,13.339999999999995,37.0,1.0,54,200.03567429485344,610.2121427278466,810.2478170227,166.99999999999997
567,82,15,2.9145991348881344,3.524390243902439,8.348780487804873,13.691219512195127,41.68292682926829,14.154878048780485,36.55452771430013,59.52439024390244,49.60607136392334,8.0,8.899999999999997,14.06,46.0,98.0,66,0.2515131606029922,1.0,7.500000000000002,13.339999999999995,37.0,0.3030356819616692,54,238.99712906082704,548.317915714502,787.3150447753289,212.59999999999997
568,81,12,3.898858156287888,3.6419753086419755,8.322222222222216,13.700740740740743,41.81481481481482,15.25925925925926,36.57231114346446,59.7037037037037,93.99087599153178,8.0,8.899999999999997,14.06,46.0,97.0,66,0.2515131606029922,1.0,7.500000000000002,13.339999999999995,37.0,0.5587145155822729,54,315.80751065931895,438.86773372157353,754.6752443808925,195.69999999999996
569,85,13,3.8711492267213856,3.6823529411764704,8.31882352941176,13.695764705882358,41.923529411764704,14.998823529411766,31.902571977864127,59.61176470588235,62.84844760354765,8.0,8.899999999999997,14.06,46.0,96.0,66,0.2515131606029922,1.0,7.500000000000002,13.339999999999995,37.0,0.27935725779113646,54,329.0476842713178,414.73343571223364,743.7811199835514,148.89999999999998
570,85,12,3.576332977138823,3.623529411764706,8.322352941176465,13.695764705882358,41.858823529411765,16.221176470588233,38.471153507778844,59.49411764705882,31.424223801773824,8.0,8.899999999999997,14.06,46.0,95.0,66,0.3030356819616692,1.0,7.500000000000002,13.339999999999995,37.0,0.06204759352546585,54,303.98830305679996,461.6538420933461,765.642145150146,215.89999999999998
571,85,14,3.224236465488855,3.7176470588235295,8.331764705882351,13.692941176470592,41.858823529411765,16.762352941176466,32.420902146857145,59.54117647058823,23.497718997882945,8.0,8.899999999999997,14.06,46.0,94.0,66,0.5487468833298907,1.0,7.500000000000002,13.339999999999995,37.0,0.3030356819616692,54,274.06009956655265,453.89263005600003,727.9527296225526,245.99999999999994
572,80,20,3.084709697653399,3.7,8.389999999999997,13.670000000000005,41.85,14.952499999999997,22.723007073991074,59.2875,38.73489485809589,7.0,8.899999999999997,14.06,46.0,93.0,66,0.5487468833298907,1.0,7.500000000000002,13.339999999999995,37.0,0.4578189635896788,54,246.77677581227195,454.46014147982146,701.2369172920934,205.49999999999997
573,82,14,3.1191775021715267,3.768292682926829,8.39512195121951,13.665609756097563,41.81707317073171,15.373170731707322,29.41826297674457,59.23170731707317,23.497718997882945,7.0,8.899999999999997,14.06,46.0,92.0,66,0.5391097862688435,1.0,7.500000000000002,13.339999999999995,37.0,0.07821957253768708,54,255.77255517806518,411.855681674424,667.6282368524892,88.19999999999997
574,85,11,4.315190947138637,3.9411764705882355,8.423529411764703,13.652705882352944,41.870588235294115,13.510588235294119,27.022990508037676,59.10588235294118,75.86744742904794,7.0,8.899999999999997,14.06,46.0,91.0,67,0.4005855717859601,1.0,7.500000000000002,13.339999999999995,37.0,0.26955489313442177,54,366.79123050678413,297.25289558841445,664.0441260951986,30.300000000000004
575,93,7,4.361849879410122,3.849462365591398,8.447311827956987,13.646451612903231,41.725806451612904,13.558064516129031,35.13970378061028,59.075268817204304,76.34016285959935,7.0,8.899999999999997,14.06,46.0,90.0,67,0.4005855717859601,1.0,7.500000000000002,13.339999999999995,37.0,0.24697161246581834,54,405.6520387851413,245.97792646427197,651.6299652494133,41.49999999999999
576,95,12,4.503154813053743,3.778947368421053,8.47473684210526,13.63621052631579,41.536842105263155,11.910526315789474,18.926678997646523,59.04210526315789,53.86744742904795,7.0,8.899999999999997,14.06,46.0,89.0,67,0.4005855717859601,1.0,7.500000000000002,13.339999999999995,37.0,1.3000307493606107,54,427.7997072401056,227.12014797175826,654.9198552118638,117.89999999999998
577,105,8,3.8820873345846882,3.7523809523809524,8.486666666666666,13.62857142857143,41.43809523809524,12.499999999999998,34.86354476251447,59.03809523809524,29.63127106077428,7.0,8.899999999999997,14.06,46.0,95.0,67,0.5391097862688435,1.0,7.500000000000002,13.339999999999995,37.0,0.6252391954195535,54,407.61917013139225,278.9083581001158,686.5275282315081,151.39999999999998
578,114,11,3.194116195144541,3.745614035087719,8.507894736842102,13.618947368421065,41.41228070175438,13.893859649122806,30.71264822198957,59.05263157894737,19.085040714899836,8.0,8.999999999999996,14.06,46.0,94.0,67,0.5391097862688435,1.0,7.500000000000002,13.339999999999995,37.0,0.347716493830947,54,364.1292462464777,337.8391304418853,701.9683766883629,343.0999999999999
579,119,14,2.698197744828662,3.672268907563025,8.5453781512605,13.60168067226891,41.33613445378151,14.407563025210084,28.18067918412342,59.08403361344538,19.085040714899836,8.0,8.999999999999996,14.06,46.0,93.0,67,0.5211485009805019,1.0,7.500000000000002,13.279999999999994,37.0,0.04229700196100383,55,321.08553163461073,394.5295085777279,715.6150402123386,353.19999999999993
580,113,19,4.643560264505013,3.7168141592920354,8.540707964601765,13.607079646017702,41.349557522123895,14.246902654867254,8.974497152700577,59.47787610619469,93.43553796483548,8.0,8.999999999999996,14.06,46.0,61.0,67,0.2963572165197185,1.0,7.500000000000002,13.279999999999994,37.0,0.5391097862688435,55,524.7223098890665,170.51544590131095,695.2377557903775,371.19999999999993
581,113,17,4.492640906974142,3.752212389380531,8.534513274336279,13.60867256637169,41.424778761061944,13.981415929203534,10.672193669484201,59.56637168141593,63.85463898761086,8.0,8.999999999999996,14.06,46.5,75.0,67,0.26057425049025096,1.0,7.500000000000002,13.279999999999994,37.0,0.028143299118311038,55,507.668422488078,181.42729238123144,689.0957148693094,136.09999999999997
582,117,15,3.832697708410361,3.8974358974358974,8.507692307692304,13.620000000000008,41.52564102564103,13.549572649572644,13.220953925721163,59.93162393162393,31.92731949380543,8.0,8.999999999999996,14.06,46.5,74.0,67,0.2963572165197185,1.0,7.500000000000002,13.279999999999994,37.0,0.09749376665978149,55,448.42563188401226,198.31430888581744,646.7399407698297,249.79999999999993
583,124,12,3.3030273095126783,4.032258064516129,8.47177419354838,13.639516129032257,41.69758064516129,14.019354838709674,14.933273586305473,60.29032258064516,26.509382214711906,8.0,8.999999999999996,14.120000000000001,47.0,73.0,67,0.2963572165197185,1.0,7.500000000000002,13.279999999999994,37.0,0.1854288660788741,55,409.57538637957214,179.19928303566567,588.7746694152378,336.7999999999999
584,124,17,3.3568558110052025,4.161290322580645,8.454032258064512,13.649677419354848,41.74596774193548,13.466935483870959,7.991026587910754,60.45161290322581,72.86547742590308,8.0,8.999999999999996,14.120000000000001,47.0,42.0,67,0.31893033057704734,1.0,7.400000000000002,13.279999999999994,37.0,0.17008142979967378,55,416.2501205646451,135.8474519944828,552.0975725591279,395.4999999999999
585,121,21,2.9773944517347743,4.082644628099174,8.467768595041317,13.642975206611577,41.68181818181818,15.806611570247927,7.308957769054278,60.33057851239669,36.43273871295154,8.0,8.999999999999996,14.120000000000001,47.0,41.0,67,0.31893033057704734,1.0,7.400000000000002,13.279999999999994,37.0,0.09749376665978149,55,360.2647286599077,153.48811315013984,513.7528418100476,424.7999999999999
586,121,15,2.8018931501409057,3.975206611570248,8.473553719008263,13.6404958677686,41.68181818181818,18.21652892561983,9.304939778650768,60.45454545454545,18.21636935647577,8.0,8.999999999999996,14.120000000000001,47.0,40.0,67,0.3140108397690989,1.0,7.400000000000002,13.279999999999994,37.0,0.49501828268017345,55,339.0290711670496,139.5740966797615,478.6031678468111,534.3
587,119,17,2.63946313768929,3.9831932773109244,8.478991596638652,13.632436974789918,41.71848739495798,18.231092436974787,7.734868736629572,60.470588235294116,9.108184678237885,8.0,8.999999999999996,14.120000000000001,47.0,39.0,68,0.3140108397690989,1.0,7.400000000000002,13.279999999999994,37.0,0.6052327321577483,55,314.0961133850255,131.49276852270273,445.58888190772825,393.69999999999993
588,115,15,2.667744953469751,3.9130434782608696,8.506086956521735,13.620695652173914,41.61304347826087,17.98347826086956,7.495963617929323,60.44347826086957,24.068216065244695,8.0,8.999999999999996,14.120000000000001,47.0,38.0,68,0.3140108397690989,1.0,7.400000000000002,13.279999999999994,37.0,0.2846307711949339,55,306.79066964902137,112.43945426893985,419.23012391796124,314.49999999999994
589,106,20,2.630875874290147,3.9150943396226414,8.494339622641505,13.622452830188681,41.7877358490566,17.430188679245276,6.06093560958206,60.679245283018865,24.068216065244695,8.0,8.999999999999996,14.120000000000001,47.0,37.0,68,0.3140108397690989,1.0,7.400000000000002,13.279999999999994,39.5,0.5692615423898678,55,278.8728426747556,121.2187121916412,400.0915548663968,359.9999999999999
590,107,15,2.520764933506829,3.9158878504672896,8.499065420560743,13.622616822429906,41.799065420560744,17.116822429906545,6.405647613431243,60.598130841121495,12.034108032622347,8.0,8.999999999999996,14.120000000000001,47.0,36.0,68,0.2846307711949339,1.0,7.400000000000002,13.279999999999994,39.5,0.390865975323788,55,269.7218478852307,96.08471420146864,365.8065620866994,123.49999999999999
591,105,11,2.3942762176453707,3.980952380952381,8.499047619047614,13.62685714285715,41.84285714285714,17.559047619047618,8.575103505934623,60.55238095238095,7.6578220347430745,8.0,8.999999999999996,14.120000000000001,47.0,35.0,68,0.2846307711949339,1.0,7.400000000000002,13.279999999999994,39.5,0.695432987661894,55,251.39900285276394,94.32613856528086,345.7251414180448,183.09999999999994
592,100,12,2.4930347649541966,4.1,8.463,13.641200000000005,41.935,18.331000000000003,6.8101486801243825,60.72,12.226923077303587,8.0,8.999999999999996,14.120000000000001,47.0,34.0,68,0.2846307711949339,1.0,7.400000000000002,13.279999999999994,39.5,0.3466473260324824,55,249.30347649541966,81.7217841614926,331.0252606569122,259.5999999999999
593,98,12,2.30582832373269,3.9693877551020407,8.473469387755099,13.640612244897966,41.83163265306123,18.120408163265306,10.683824730704009,60.59183673469388,12.286373485533009,8.0,9.099999999999996,14.120000000000001,47.0,37.0,67,0.2846307711949339,1.0,7.400000000000002,13.279999999999994,39.5,0.38658930412992953,55,225.97117572580362,128.2058967684481,354.1770724942517,83.79999999999998
594,92,14,2.1556140397265855,3.891304347826087,8.454347826086957,13.645869565217398,41.90217391304348,18.316304347826087,16.77472660756968,60.67391304347826,7.185784916636336,8.0,9.099999999999996,14.120000000000001,47.0,91.0,67,0.2846307711949339,1.0,7.400000000000002,13.279999999999994,39.5,1.468607437367684,55,198.31649165484586,234.8461725059755,433.16266416082135,165.79999999999995
595,88,14,2.2899055117434313,3.909090909090909,8.4625,13.639318181818185,41.90909090909091,19.318181818181813,15.870436074492064,60.61363636363637,12.790636989610801,8.0,9.099999999999996,14.0,47.0,90.0,68,0.2846307711949339,1.0,7.400000000000002,13.279999999999994,39.5,0.5668090256097624,55,201.51168503342197,222.1861050428889,423.69779007631087,205.19999999999996
596,78,19,2.4278293548581997,3.9743589743589745,8.435897435897434,13.643846153846157,42.01923076923077,19.66410256410256,11.525539724922362,60.93589743589744,12.790636989610801,8.0,9.099999999999996,14.0,47.0,89.0,68,0.2846307711949339,1.0,7.400000000000002,13.279999999999994,39.5,0.6932946520649648,57,189.37068967893958,218.9852547735249,408.3559444524645,260.99999999999994
597,74,17,3.5652748671756087,3.972972972972973,8.429729729729731,13.641621621621622,42.027027027027025,20.205405405405404,7.160133133610593,61.027027027027025,93.45718994442423,8.0,9.099999999999996,14.0,47.0,33.0,69,0.2846307711949339,1.0,7.400000000000002,13.279999999999994,39.5,0.3698085039881467,57,263.83034017099504,121.72226327138007,385.55260344237513,213.19999999999996
598,66,16,3.397972369599404,3.9545454545454546,8.409090909090908,13.637272727272723,42.17424242424242,20.27424242424242,7.685503057304867,61.09090909090909,46.728594972212115,8.0,9.099999999999996,14.0,47.0,32.0,69,0.2846307711949339,1.0,7.400000000000002,13.279999999999994,39.5,0.43553796483548024,57,224.26617639356067,122.96804891687788,347.23422531043855,230.29999999999995
599,66,11,2.920514089411166,4.045454545454546,8.360606060606061,13.651818181818182,42.34090909090909,20.318181818181813,10.881399236950175,61.45454545454545,23.364297486106057,8.0,9.099999999999996,14.0,47.0,31.0,69,0.2846307711949339,1.0,7.400000000000002,13.279999999999994,39.5,1.2352264589631443,58,192.75392990113696,119.69539160645192,312.4493215075889,137.29999999999995
600,67,12,2.6609559771283005,4.223880597014926,8.346268656716418,13.657910447761195,42.507462686567166,18.72686567164179,16.217776952916044,61.701492537313435,11.682148743053029,9.0,8.999999999999996,14.0,47.0,87.0,69,0.2846307711949339,1.0,7.400000000000002,13.279999999999994,40.0,0.5743496427844144,58,178.28405046759613,194.6133234349925,372.89737390258864,91.79999999999998
601,66,10,3.463593964391258,4.287878787878788,8.319696969696968,13.663636363636362,42.621212121212125,18.30757575757576,14.369820317294932,61.84848484848485,31.277046169559473,9.0,8.899999999999997,14.0,47.0,86.0,69,0.2846307711949339,1.0,7.400000000000002,13.279999999999994,40.0,0.6932946520649648,58,228.59720164982303,143.69820317294932,372.29540482277235,67.49999999999999
602,66,10,3.0703958103280677,4.257575757575758,8.303030303030305,13.667272727272726,42.65151515151515,18.549999999999997,15.423193493202385,62.06060606060606,15.638523084779736,9.0,8.899999999999997,14.0,47.0,85.0,69,0.2846307711949339,1.0,7.400000000000002,13.279999999999994,40.0,1.0,58,202.64612348165247,154.23193493202385,356.8780584136763,144.09999999999997
603,66,10,2.8518362351550115,4.363636363636363,8.265151515151517,13.67818181818182,42.77272727272727,18.404545454545456,24.537718867443367,62.31818181818182,10.298264315950739,9.0,8.899999999999997,14.0,47.0,98.0,69,0.2846307711949339,1.0,7.400000000000002,13.279999999999994,40.0,0.804407559112856,58,188.22119152023075,245.37718867443365,433.5983801946644,113.19999999999996
604,66,10,4.141895082941932,4.4393939393939394,8.228787878787879,13.691818181818183,42.89393939393939,18.33636363636363,22.47537590775376,62.59090909090909,99.44935931984169,9.0,8.899999999999997,14.0,47.0,83.0,69,0.2846307711949339,1.0,7.400000000000002,13.279999999999994,40.0,0.5692615423898678,58,273.36507547416755,224.7537590775376,498.11883455170516,127.39999999999998
605,62,13,4.022725849049428,4.467741935483871,8.248387096774193,13.696129032258064,42.903225806451616,16.824193548387097,21.29082655248229,62.53225806451613,49.724679659920845,9.0,8.899999999999997,14.0,47.0,82.0,69,0.2846307711949339,1.0,7.400000000000002,13.279999999999994,40.0,0.5692615423898678,58,249.40900264106455,276.78074518226975,526.1897478233343,81.6
606,64,11,3.4449265244657488,4.4375,8.268749999999999,13.696250000000003,42.8515625,15.9421875,32.200806586928316,62.53125,24.862339829960423,9.0,8.899999999999997,14.0,47.0,87.0,69,0.2846307711949339,1.0,7.400000000000002,13.279999999999994,40.0,0.36137240508851853,59,220.47529756580792,354.20887245621145,574.6841700220193,56.8
607,72,8,3.912926354807499,4.291666666666667,8.29027777777778,13.693333333333335,42.708333333333336,15.083333333333334,33.17004353499517,62.56944444444444,80.13852308477973,9.0,8.899999999999997,14.0,47.0,86.0,69,0.2846307711949339,1.0,7.400000000000002,13.279999999999994,39.5,1.6821280331378952,59,281.73069754613994,265.3603482799614,547.0910458261013,61.10000000000001
608,79,4,5.224711992155389,4.265822784810126,8.29367088607595,13.69924050632912,42.72784810126582,15.221518987341772,31.75,62.65822784810127,85.88386236279374,9.0,8.899999999999997,14.0,47.0,79.0,69,0.2846307711949339,1.0,7.400000000000002,13.279999999999994,39.5,1.0,59,412.7522473802757,127.0,539.7522473802758,57.49999999999999
609,81,7,4.4429202961950764,4.209876543209877,8.288888888888891,13.69481481481482,42.67901234567901,15.57283950617284,25.793437395787823,62.67901234567901,42.94193118139687,9.0,8.899999999999997,14.0,47.0,78.0,69,0.2846307711949339,1.0,7.400000000000002,13.279999999999994,39.5,0.5692615423898678,59,359.87654399180116,180.55406177051475,540.430605762316,182.39999999999998
610,87,8,3.639756684043118,4.195402298850575,8.270114942528737,13.693103448275869,42.764367816091955,16.55172413793103,21.440782218979137,62.81609195402299,21.470965590698434,9.0,8.899999999999997,14.0,47.5,77.0,70,0.2846307711949339,1.0,7.400000000000002,13.279999999999994,39.5,0.402203779556428,59,316.65883151175126,171.5262577518331,488.18508926358436,248.59999999999994
611,96,12,2.7108068177896527,4.083333333333333,8.270833333333337,13.682500000000006,42.723958333333336,14.916666666666663,15.78751179698345,62.979166666666664,10.735482795349217,9.0,8.899999999999997,14.06,47.5,76.0,70,0.2846307711949339,1.0,7.400000000000002,13.279999999999994,39.5,0.08513125039432934,59,260.23745450780666,189.4501415638014,449.687596071608,204.29999999999995
612,96,12,2.6477757659656946,4.010416666666667,8.273958333333336,13.673125000000006,42.682291666666664,13.842708333333329,20.597665476813894,63.145833333333336,13.460467218082236,9.0,8.899999999999997,14.06,47.5,75.0,70,0.2846307711949339,1.0,7.400000000000002,13.219999999999994,39.5,0.31304110579992084,59,254.18647353270669,247.17198572176673,501.3584592544734,132.7
613,89,20,2.5325904838585362,3.898876404494382,8.265168539325844,13.66292134831461,42.62359550561798,12.551685393258424,15.328460244988033,63.247191011235955,26.92053718576326,9.0,8.899999999999997,14.06,47.5,74.0,70,0.31304110579992084,1.0,7.400000000000002,13.159999999999993,39.5,0.13852308477973563,59,225.40055306340972,306.5692048997607,531.9697579631704,312.79999999999995
614,91,10,4.184087142855303,3.923076923076923,8.271428571428574,13.66505494505495,42.64835164835165,12.725274725274721,16.74939267065501,63.417582417582416,77.05753357411021,9.0,8.999999999999996,14.06,47.5,57.0,70,0.31304110579992084,1.0,7.400000000000002,13.159999999999993,39.5,0.27704616955947126,59,380.7519299998325,167.4939267065501,548.2458567063826,99.69999999999999
615,95,5,4.714773824150512,3.9473684210526314,8.25263157894737,13.664631578947377,42.67368421052632,15.421052631578945,27.401881227520608,63.55789473684211,60.0575335741102,9.0,8.999999999999996,14.06,47.5,86.0,70,0.31304110579992084,1.0,7.400000000000002,13.159999999999993,39.5,0.7202008369727406,59,447.90351329429865,137.00940613760304,584.9129194319016,267.99999999999994
616,94,14,3.7389119952938588,4.297872340425532,8.160638297872342,13.70829787234044,43.005319148936174,15.189361702127664,12.057123587082703,64.24468085106383,30.0287667870551,9.0,8.999999999999996,14.06,48.0,85.0,71,0.31304110579992084,1.0,7.400000000000002,13.219999999999994,39.5,0.33548383735466303,59,351.4577275576227,168.79973021915785,520.2574577767806,403.7999999999999
617,104,4,3.0750244694536066,4.576923076923077,8.100961538461542,13.730000000000011,43.22115384615385,14.280769230769229,36.198280902727284,64.75,15.01438339352755,10.0,8.999999999999996,14.06,48.5,84.0,72,0.31304110579992084,1.0,7.400000000000002,13.219999999999994,39.5,0.6709676747093261,59,319.8025448231751,144.79312361090913,464.59566843408425,69.29999999999998
618,105,10,2.839417362192727,4.561904761904762,8.097142857142861,13.730857142857152,43.23809523809524,13.372380952380954,23.144248510107417,64.84761904761905,16.868422474787998,10.0,8.999999999999996,14.06,48.5,83.0,72,0.2997058822000617,1.0,7.400000000000002,13.219999999999994,39.5,0.6709676747093261,59,298.1388230302363,231.44248510107417,529.5813081313105,197.79999999999998
619,102,11,3.228732192523198,4.627450980392157,8.089215686274514,13.735882352941188,43.32843137254902,14.855882352941174,19.632227570577,64.99019607843137,43.95481538559747,10.0,8.999999999999996,14.06,48.5,82.0,72,0.2997058822000617,1.0,7.400000000000002,13.219999999999994,39.5,0.5994117644001234,59,329.33068363736623,215.954503276347,545.2851869137132,259.40000000000003
620,100,11,3.38879737733451,4.62,8.081,13.75100000000001,43.39,15.478999999999996,16.39585223108077,65.09,31.670967674709328,10.0,8.999999999999996,14.06,48.5,81.0,72,0.2997058822000617,1.0,7.400000000000002,13.219999999999994,39.5,0.6709676747093261,59,338.879737733451,180.35437454188846,519.2341122753395,257.5
621,98,11,4.045192101024871,4.6938775510204085,8.085714285714287,13.753877551020418,43.41836734693877,17.07244897959183,8.565720889616351,65.13265306122449,81.53939397404758,10.0,8.999999999999996,14.06,48.5,78.0,72,0.2997058822000617,1.0,7.400000000000002,13.279999999999994,39.5,0.5064515120639891,59,396.4288259004374,94.22292978577987,490.65175568621726,331.7
622,103,8,3.4578916273368576,4.689320388349515,8.121359223300972,13.740194174757296,43.25242718446602,17.09514563106796,11.232848643861422,65.06796116504854,40.76969698702379,10.0,8.999999999999996,14.06,48.5,77.0,72,0.2997058822000617,1.0,7.400000000000002,13.279999999999994,39.5,0.0874021891229102,59,356.16283761569633,89.86278915089137,446.0256267665877,136.0
623,102,7,3.135793473256889,4.676470588235294,8.118627450980394,13.73764705882354,43.21568627450981,17.243137254901956,14.417699338222423,65.1078431372549,20.384848493511896,10.0,8.999999999999996,14.06,48.5,76.0,72,0.2997058822000617,1.0,7.400000000000002,13.279999999999994,39.5,1.6463106066272892,59,319.85093427220266,100.92389536755697,420.7748296397596,159.5
624,100,9,3.6775450590522367,4.6,8.142999999999999,13.735400000000013,43.25,17.721000000000007,8.972506382840946,65.22,76.18822475155334,10.0,8.999999999999996,14.06,48.5,44.0,72,0.2997058822000617,1.0,7.400000000000002,13.219999999999994,39.5,2.7561024519536406,59,367.75450590522365,80.75255744556851,448.5070633507922,218.49999999999997
625,100,9,3.4372535141638543,4.4,8.146,13.738400000000015,43.18,17.652,8.99763328673449,65.24,38.09411237577667,9.0,8.999999999999996,14.06,48.0,43.0,72,0.2997058822000617,1.0,7.3000000000000025,13.219999999999994,39.5,1.6930777969076154,59,343.7253514163854,80.97869958061041,424.7040509969958,162.1
626,104,13,2.989039781392861,4.365384615384615,8.124999999999998,13.746153846153858,43.24519230769231,16.281730769230773,7.464867413948752,65.51923076923077,19.047056187888334,9.0,8.999999999999996,14.120000000000001,48.0,42.0,72,0.2997058822000617,1.0,7.3000000000000025,13.219999999999994,39.5,0.47581748927841405,60,310.86013726485754,97.04327638133377,407.9034136461913,125.29999999999998
627,106,10,2.989473178645439,4.443396226415095,8.084905660377359,13.764528301886806,43.405660377358494,16.170754716981133,10.576894324455097,65.70754716981132,18.18822475155334,9.0,8.999999999999996,14.120000000000001,48.0,41.0,72,0.2997058822000617,1.0,7.3000000000000025,13.219999999999994,39.5,0.6709676747093261,60,316.88415693641656,105.76894324455097,422.6531001809675,117.79999999999998
628,105,9,3.317031063378381,4.514285714285714,8.04761904761905,13.783428571428582,43.57142857142857,16.917142857142856,14.377821375242256,65.91428571428571,41.37358798079992,9.0,8.999999999999996,14.120000000000001,48.0,71.0,72,0.31304110579992084,1.0,7.3000000000000025,13.219999999999994,39.5,0.28753533604574777,60,348.28826165473,129.4003923771803,477.6886540319103,189.7
629,101,16,3.0363643202728126,4.623762376237623,8.02277227722772,13.787326732673272,43.67326732673267,15.699999999999998,13.500394430779933,66.14851485148515,20.68679399039996,9.0,8.799999999999997,14.120000000000001,48.0,73.0,72,0.34939507305599043,1.0,7.3000000000000025,13.219999999999994,39.5,0.25216442319968335,60,306.6727963475541,216.00631089247892,522.679107240033,150.49999999999997
630,103,9,2.9783600480215924,4.621359223300971,8.024271844660195,13.783300970873796,43.6747572815534,17.249514563106796,26.139986864204857,66.12621359223301,10.93863616864972,9.0,8.899999999999997,14.120000000000001,48.0,72.0,72,0.34939507305599043,1.0,7.3000000000000025,13.219999999999994,39.5,0.14376766802287388,60,306.771084946224,235.2598817778437,542.0309667240676,187.5
631,100,13,2.870894243240147,4.76,7.989000000000002,13.80260000000001,43.8,18.499000000000002,20.065610276661985,66.28,10.34339699519998,9.0,8.899999999999997,14.120000000000001,48.0,71.0,72,0.6260822115998417,1.0,7.3000000000000025,13.219999999999994,39.5,0.34939507305599043,60,287.0894243240147,260.8529335966058,547.9423579206205,311.9
632,98,12,3.851943729229648,4.785714285714286,7.977551020408165,13.804081632653075,43.857142857142854,19.242857142857144,14.391100427301803,66.40816326530613,70.90963077119494,9.0,8.899999999999997,14.120000000000001,48.0,70.0,71,0.6260822115998417,1.0,7.3000000000000025,13.219999999999994,39.5,1.2740530308444935,60,377.4904854645055,172.69320512762164,550.1836905921272,254.9
633,93,14,4.05609902791313,4.903225806451613,7.952688172043014,13.814193548387104,43.96774193548387,19.778494623655916,13.863194019830047,66.64516129032258,36.747175961599844,9.0,8.899999999999997,14.120000000000001,48.0,69.0,71,0.6260822115998417,1.0,7.3000000000000025,13.219999999999994,39.5,0.37358798079992095,60,377.2172095959211,194.08471627762066,571.3019258735417,176.2
634,88,18,3.504196536485092,4.8977272727272725,7.952272727272729,13.811136363636365,43.89772727272727,18.326136363636365,14.803144239239733,66.5909090909091,18.373587980799922,9.0,8.899999999999997,14.120000000000001,48.0,68.0,71,0.6260822115998417,1.0,7.3000000000000025,13.219999999999994,39.5,0.02082573296952428,60,308.3692952106881,266.4565963063152,574.8258915170034,143.2
635,95,14,3.2556685423473146,4.852631578947369,7.99263157894737,13.79726315789474,43.72631578947368,18.00421052631579,25.228151231821965,66.36842105263158,15.910080779536337,9.0,8.999999999999996,14.120000000000001,48.0,84.0,71,0.5815054587032245,1.0,7.3000000000000025,13.219999999999994,39.5,1.408047924190944,60,309.2885115229949,353.1941172455075,662.4826287685024,115.69999999999999
636,97,16,3.7448211690611717,4.814432989690721,8.00412371134021,13.79278350515464,43.649484536082475,17.369072164948452,19.087475324829885,66.4020618556701,68.54810606168898,9.0,8.999999999999996,14.120000000000001,48.0,83.0,72,0.3114782950552671,1.0,7.3000000000000025,13.219999999999994,39.5,0.2907527293516122,61,363.24765339893366,305.39960519727816,668.6472585962118,188.49999999999997
637,96,16,4.1595125707678156,4.822916666666667,8.006250000000003,13.783125000000004,43.5625,18.28333333333333,21.284310539144403,66.375,68.54810606168898,9.0,8.999999999999996,14.120000000000001,48.0,82.0,72,0.3114782950552671,1.0,7.3000000000000025,13.219999999999994,39.5,1.747175961599842,61,399.31320679371026,340.54896862631045,739.8621754200208,184.8
638,92,22,3.883793472334813,4.9021739130434785,7.99021739130435,13.793913043478266,43.54347826086956,19.205434782608695,18.773196112889526,66.6195652173913,34.27405303084449,9.0,8.999999999999996,14.120000000000001,48.0,81.0,72,0.3114782950552671,1.0,7.3000000000000025,13.219999999999994,39.5,0.6260822115998417,61,357.3089994548028,413.0103144835696,770.3193139383724,289.49999999999994
639,90,21,4.3322814853354235,5.033333333333333,7.954444444444445,13.800000000000008,43.583333333333336,19.72888888888889,21.43214302578728,66.75555555555556,43.29669849759999,9.0,8.999999999999996,14.120000000000001,48.0,80.0,73,0.3114782950552671,1.0,7.3000000000000025,13.219999999999994,39.5,0.29292462439999745,61,389.9053336801881,450.0750035415329,839.980337221721,224.89999999999998
640,95,20,4.034238359759458,5.11578947368421,7.974736842105262,13.801052631578958,43.48947368421052,18.194736842105264,22.984899024761095,66.76842105263158,43.380882023486045,9.0,8.999999999999996,14.120000000000001,48.0,79.0,73,0.3114782950552671,1.0,7.3000000000000025,13.219999999999994,39.5,1.1716984975999898,61,383.2526441771485,459.6979804952219,842.9506246723704,102.10000000000001
641,97,23,3.7187413264217897,5.22680412371134,7.978350515463921,13.799587628865988,43.46907216494845,17.74226804123711,24.228654434529794,66.83505154639175,21.690441011743022,9.0,8.999999999999996,14.120000000000001,48.0,79.0,73,0.6229565901105342,1.0,7.3000000000000025,13.219999999999994,39.5,0.3114782950552671,61,360.7179086629136,557.2590519941853,917.9769606570989,201.59999999999997
642,92,25,4.665579515371328,5.184782608695652,7.961956521739134,13.796521739130442,43.494565217391305,16.001086956521732,21.89561393559861,66.92391304347827,80.54810606168898,9.0,8.999999999999996,14.06,48.0,97.0,73,0.6229565901105342,1.0,7.3000000000000025,13.219999999999994,39.5,0.548106061688987,61,429.2333154141622,547.3903483899653,976.6236638041275,184.19999999999996
643,93,20,6.066049006832815,5.129032258064516,7.988172043010756,13.78580645161291,43.45161290322581,15.11827956989247,18.03953063786823,66.97849462365592,100.43185192319969,9.0,8.999999999999996,14.06,48.0,76.0,73,0.6229565901105342,1.0,7.3000000000000025,13.219999999999994,39.0,0.09621212337797402,61,564.1425576354518,360.79061275736456,924.9331703928164,47.8
644,99,18,5.174651997254825,4.94949494949495,8.004040404040406,13.786666666666678,43.398989898989896,14.339393939393938,20.923903921569337,67.08080808080808,50.215925961599844,9.0,8.999999999999996,14.06,48.0,75.0,74,0.6229565901105342,1.0,7.200000000000003,13.219999999999994,39.0,0.005798012426710741,61,512.2905477282277,376.6302705882481,888.9208183164758,129.2
645,108,18,4.894084921804185,4.768518518518518,8.039814814814816,13.774444444444448,43.36574074074074,13.29074074074074,21.426599893187905,67.24074074074075,44.48227764499802,9.0,8.999999999999996,14.06,48.0,88.0,74,0.6229565901105342,1.0,7.200000000000003,13.219999999999994,39.0,0.06689051484969877,61,528.561171554852,385.6787980773823,914.2399696322343,120.5
646,123,19,3.7291922507559674,4.699186991869919,8.069105691056915,13.780000000000012,43.46341463414634,12.12764227642276,24.242422831936132,67.72357723577235,22.24113882249901,9.0,8.999999999999996,14.06,48.0,87.0,74,0.3604569950984374,1.0,7.200000000000003,13.219999999999994,39.0,1.2521644231996834,62,458.690646842984,460.6060338067865,919.2966806497705,202.0
647,130,21,3.194725796913136,4.623076923076923,8.080769230769233,13.778923076923087,43.465384615384615,13.597692307692306,29.16161545463747,67.8076923076923,11.120569411249505,9.0,8.999999999999996,14.06,48.0,92.0,74,0.30036334926353464,1.0,7.200000000000003,13.219999999999994,39.0,1.2735280939441673,62,415.31435359870767,612.3939245473869,1027.7082781460945,413.4
648,129,23,4.032182637211065,4.682170542635659,8.076744186046513,13.788837209302333,43.44961240310077,13.957364341085272,23.76661460807831,67.79069767441861,89.53682583879728,9.0,9.099999999999996,14.06,48.0,91.0,74,0.30036334926353464,1.0,7.200000000000003,13.219999999999994,39.0,0.6007266985270693,62,520.1515602002274,546.6321359858011,1066.7836961860285,346.09999999999997
649,128,22,4.465807673991416,4.6484375,8.0890625,13.78906250000001,43.37109375,15.461718750000001,20.728093454039126,67.8515625,89.53682583879728,9.0,9.099999999999996,14.06,48.0,90.0,74,0.30036334926353464,1.0,7.200000000000003,13.219999999999994,39.0,1.1367640469720837,62,571.6233822709013,456.01805598886074,1027.641438259762,467.90000000000003
650,118,29,4.356191317321593,4.601694915254237,8.106779661016953,13.784406779661024,43.317796610169495,15.60847457627119,18.061635115320314,67.88135593220339,89.53682583879728,9.0,9.099999999999996,14.06,48.0,89.0,74,0.30036334926353464,1.0,7.200000000000003,13.219999999999994,39.0,0.13676404697208366,62,514.030575443948,523.7874183442891,1037.8179937882371,465.1
651,114,29,4.086109404103864,4.508771929824562,8.115789473684213,13.784736842105271,43.223684210526315,16.28859649122807,17.800142285009493,68.0,89.53682583879728,9.0,9.099999999999996,14.06,48.0,88.0,74,0.30036334926353464,1.0,7.200000000000003,13.219999999999994,39.0,1.2585641572138904,62,465.8164720678405,516.2041262652752,982.0205983331157,501.4
652,117,32,3.5312846965695717,4.487179487179487,8.111965811965817,13.795897435897448,43.22649572649573,15.63760683760684,19.10232969142295,68.1880341880342,63.57106415721389,9.0,9.099999999999996,14.06,48.0,89.53682583879728,74,0.3604569950984374,1.0,7.200000000000003,13.339999999999995,39.5,0.44424489970567776,62,413.1603094986399,611.2745501255343,1024.4348596241744,337.7
653,110,32,3.802493492071875,4.472727272727273,8.105454545454545,13.802000000000005,43.18181818181818,15.516363636363636,17.197533549990247,68.32727272727273,54.57106415721389,9.0,9.099999999999996,14.06,48.0,88.53682583879728,74,0.3604569950984374,1.0,7.200000000000003,13.339999999999995,39.5,0.3808820234860417,62,418.27428412790624,550.3210735996879,968.5953577275941,364.69999999999993
654,105,28,5.289003080136071,4.476190476190476,8.064761904761907,13.815428571428583,43.285714285714285,16.56095238095238,13.634368604551344,68.73333333333333,92.07365167759457,9.0,8.999999999999996,14.06,48.0,85.0,74,0.3604569950984374,1.0,7.200000000000003,13.339999999999995,39.5,0.25856415721389037,63,555.3453234142875,381.76232092743766,937.1076443417251,415.49999999999994
655,106,26,6.604354706554365,4.3584905660377355,8.076415094339623,13.820566037735855,43.33018867924528,16.822641509433964,5.492659196058629,68.9245283018868,87.79725064648898,9.0,8.999999999999996,14.06,47.5,33.0,75,0.3604569950984374,1.0,7.200000000000003,13.339999999999995,40.0,0.10083198372845814,63,700.0615988947627,142.80913909752434,842.8707379922871,443.2
656,114,22,5.381763680816611,4.421052631578948,8.075438596491228,13.82894736842106,43.46052631578947,15.851754385964913,9.33061755301121,69.3859649122807,87.79725064648898,9.0,8.999999999999996,14.120000000000001,47.5,88.0,75,0.44424489970567776,1.0,7.200000000000003,13.339999999999995,39.5,0.3604569950984374,63,613.5210596130937,205.27358616624662,818.7946457793403,382.8
657,127,22,4.167193416103616,4.433070866141732,8.10472440944882,13.820000000000006,43.44881889763779,14.519685039370083,9.515959640736398,69.55905511811024,87.79725064648898,9.0,8.999999999999996,14.120000000000001,47.5,87.0,76,0.44424489970567776,1.0,7.100000000000003,13.339999999999995,39.5,0.07717851289338373,63,529.2335638451592,209.35111209620075,738.5846759413599,360.20000000000005
658,137,25,3.5057756298913967,4.306569343065694,8.149635036496353,13.798540145985406,43.31386861313869,13.989051094890513,8.307849840774518,69.5912408759124,87.79725064648898,9.0,9.099999999999996,14.120000000000001,47.5,86.0,76,0.42013265311580245,1.0,7.100000000000003,13.339999999999995,39.5,0.0058622746499730205,63,480.29126129512133,207.69624601936295,687.9875073144842,368.00000000000006
659,141,22,2.569045515585192,4.177304964539007,8.178723404255322,13.789787234042558,43.234042553191486,13.712056737588652,13.03108524572902,69.63829787234043,16.879361794216408,9.0,9.099999999999996,14.120000000000001,47.5,87.79725064648898,76,0.42013265311580245,1.0,7.100000000000003,13.339999999999995,39.5,0.10796298079992095,63,362.23541769751205,286.68387540603845,648.9192931035504,318.6
660,140,17,3.2771087760715876,4.121428571428571,8.204285714285714,13.782714285714292,43.27857142857143,14.872857142857141,9.437827531978932,69.8,88.44587596973346,9.0,9.099999999999996,14.120000000000001,47.5,84.0,76,0.42013265311580245,1.0,7.100000000000003,13.339999999999995,39.5,0.2972506464889726,63,458.79522865002224,160.44306804364186,619.2382966936641,311.6
661,132,23,3.0985304349634872,4.25,8.203030303030303,13.783636363636369,43.31439393939394,15.047727272727272,6.943933557431058,69.88636363636364,44.22293798486673,10.0,9.099999999999996,14.120000000000001,47.5,83.0,76,0.42013265311580245,1.0,7.100000000000003,13.339999999999995,39.5,0.44424489970567776,63,409.00601741518034,159.71047182091434,568.7164892360947,381.49999999999994
662,134,14,2.861105225150719,4.291044776119403,8.178358208955226,13.798059701492543,43.42164179104478,16.36044776119403,9.730357996121565,70.08955223880596,22.111468992433366,10.0,9.099999999999996,14.120000000000001,47.5,82.0,76,0.42013265311580245,1.0,7.100000000000003,13.339999999999995,39.5,0.2675261194246552,63,383.38810017019637,136.2250119457019,519.6131121158983,327.79999999999995
663,139,14,2.5967806943651106,4.273381294964029,8.151798561151079,13.802733812949647,43.410071942446045,16.10647482014389,8.868447601059348,70.20143884892086,11.055734496216683,10.0,9.099999999999996,14.120000000000001,47.5,81.0,77,0.26374002803463137,1.0,7.100000000000003,13.339999999999995,39.5,0.4966489387282335,63,360.9525165167504,124.15826641483086,485.11078293158124,280.09999999999997
664,134,15,3.056632761187089,4.3059701492537314,8.10820895522388,13.817313432835826,43.47761194029851,15.44626865671642,3.5656883572411764,70.47014925373135,81.70534575491294,10.0,9.099999999999996,14.120000000000001,47.5,24.0,77,0.26374002803463137,1.0,7.100000000000003,13.339999999999995,39.5,0.20048394118124913,63,409.58878999906995,53.485325358617644,463.07411535768756,248.49999999999997
665,127,15,3.061617402194794,4.346456692913386,8.10708661417323,13.810551181102367,43.42125984251968,16.19291338582677,3.8392047097264252,70.43307086614173,81.70534575491294,10.0,9.099999999999996,14.120000000000001,47.5,23.0,77,0.26374002803463137,1.0,7.100000000000003,13.279999999999994,39.5,0.03278429425622331,64,388.82541007873886,57.58807064589638,446.41348072463524,359.5
666,122,8,3.2380934902160736,4.434426229508197,8.101639344262296,13.807704918032787,43.43032786885246,18.131147540983598,4.3120484859769235,70.42622950819673,81.70534575491294,10.0,9.099999999999996,14.120000000000001,48.0,22.0,77,0.26374002803463137,1.0,7.100000000000003,13.279999999999994,39.5,0.852672877456467,64,395.047405806361,34.49638788781539,429.5437936941764,365.7
667,123,5,3.2857097401473756,4.430894308943089,8.108130081300812,13.81707317073171,43.5,20.060975609756092,2.470998614949111,70.6910569105691,81.70534575491294,10.0,9.099999999999996,14.120000000000001,48.0,3.686724310656734,77,0.26374002803463137,1.0,7.100000000000003,13.279999999999994,39.5,1.9136749355883085,64,404.1422980381272,12.354993074745556,416.49729111287274,316.3
668,113,15,3.0889368666826513,4.601769911504425,8.09203539823009,13.83327433628319,43.61946902654867,20.8716814159292,2.2591351465834246,70.96460176991151,40.85267287745647,10.0,9.099999999999996,14.120000000000001,48.0,10.89627669115232,77,0.26374002803463137,1.0,7.100000000000003,13.279999999999994,39.5,0.4966489387282335,64,349.0498659351396,33.88702719875137,382.936893133891,465.2
669,108,14,2.9307349155503153,4.518518518518518,8.103703703703705,13.831666666666669,43.592592592592595,20.755555555555556,2.3564871073411697,70.99074074074075,20.426336438728235,10.0,9.099999999999996,14.120000000000001,48.0,5.7546032298496606,77,0.26374002803463137,1.0,7.100000000000003,13.279999999999994,39.5,0.054960112138525474,64,316.51937087943406,32.990819502776375,349.51019038221045,270.4
670,110,7,2.7945016602634847,4.554545454545455,8.109090909090911,13.846181818181813,43.695454545454545,20.424545454545452,1.8761514124523007,71.3,10.509206459699321,10.0,9.099999999999996,14.120000000000001,48.0,4.386158860027166,77,0.26374002803463137,1.0,7.3000000000000025,13.339999999999995,39.5,0.5404256815493335,64,307.3951826289833,13.133059887166105,320.5282425161494,130.6
671,107,12,2.5812217188205517,4.654205607476635,8.12429906542056,13.840747663551403,43.728971962616825,19.82336448598131,2.11912929935033,71.35514018691589,6.8018565152238555,10.0,9.099999999999996,14.120000000000001,48.0,5.506877541286305,77,0.26374002803463137,1.0,7.3000000000000025,13.339999999999995,39.5,0.4966489387282335,64,276.19072391379905,25.42955159220396,301.620275506003,294.19999999999993
672,95,19,2.6343244170136626,4.705263157894737,8.08105263157895,13.870526315789471,43.97894736842105,19.41473684210526,2.0225561902885523,71.84210526315789,7.817058214165685,10.0,9.099999999999996,14.120000000000001,48.0,6.8018565152238555,77,0.38019897967370364,1.0,7.3000000000000025,13.339999999999995,40.0,0.20926911327730258,64,250.26081961629794,38.42856761548249,288.6893872317804,291.9
673,89,15,2.5217662826580436,4.730337078651686,8.067415730337082,13.877977528089884,43.949438202247194,19.68426966292135,2.8521409596601073,71.9438202247191,8.868757516892725,10.0,9.099999999999996,14.120000000000001,48.0,6.8018565152238555,77,0.38019897967370364,1.0,7.3000000000000025,13.339999999999995,40.0,0.3772690595325665,64,224.4371991565659,42.78211439490161,267.2193135514675,254.89999999999998
674,85,15,2.507919065212117,4.847058823529411,8.054117647058826,13.883529411764702,43.98823529411764,20.51411764705882,2.3489268816360354,72.01176470588236,7.675951359417256,10.0,9.099999999999996,14.120000000000001,48.0,5.8018565152238555,77,0.38019897967370364,1.0,7.3000000000000025,13.339999999999995,40.0,0.278914692276123,65,213.17312054302994,35.23390322454053,248.40702376757048,241.69999999999996
675,79,12,2.7057872789592574,4.962025316455696,8.046835443037976,13.88759493670886,44.01898734177215,21.120253164556964,1.5811735039851493,72.0379746835443,7.423899898232778,10.0,9.099999999999996,14.120000000000001,48.0,4.8018565152238555,77,0.38019897967370364,1.0,7.3000000000000025,13.339999999999995,40.0,0.0746897242626936,65,213.75719503778134,18.974082047821792,232.73127708560312,175.2
676,76,9,2.7282064977673626,5.0394736842105265,8.046052631578947,13.889473684210522,44.01973684210526,21.37894736842105,1.5649442334073411,72.03947368421052,7.423899898232778,10.0,9.099999999999996,14.120000000000001,48.0,3.8018565152238555,77,0.38019897967370364,1.0,7.3000000000000025,13.339999999999995,40.0,0.23435507109763432,65,207.34369383031955,14.084498100666071,221.42819193098563,70.5
677,70,8,2.8742595319259325,5.1,8.054285714285713,13.890285714285714,44.02857142857143,21.728571428571424,1.5091421646406613,72.08571428571429,7.423899898232778,10.0,9.099999999999996,14.120000000000001,48.0,2.8773016149248303,77,0.38019897967370364,1.0,7.3000000000000025,13.339999999999995,40.0,0.020795918694814564,65,201.1981672348153,12.07313731712529,213.27130455194057,104.7
678,68,4,2.863008148145829,5.088235294117647,8.063235294117646,13.88705882352941,43.98529411764706,22.617647058823525,2.938257441990225,72.05882352941177,7.423899898232778,10.0,9.099999999999996,14.120000000000001,48.0,5.705547180184505,77,0.38019897967370364,1.0,7.3000000000000025,13.339999999999995,40.0,0.9328608806472523,65,194.6845540739164,11.7530297679609,206.43758384187728,95.8
679,67,3,2.9009891326721537,5.1940298507462686,8.035820895522384,13.895223880597015,44.08955223880597,23.917910447761194,2.3306914387489925,72.29850746268657,7.423899898232778,10.0,8.899999999999997,14.120000000000001,48.0,4.705547180184505,77,0.38019897967370364,1.0,7.3000000000000025,13.339999999999995,40.0,0.6744925496684323,65,194.3662718890343,6.992074316246978,201.35834620528126,83.69999999999999
680,63,4,2.924886948112703,5.126984126984127,8.04444444444444,13.898095238095237,44.07936507936508,25.012698412698416,3.6039939811281467,72.33333333333333,11.129447078417282,10.0,8.899999999999997,14.120000000000001,48.0,5.456180241511613,77,0.38019897967370364,1.0,7.3000000000000025,13.339999999999995,40.0,1.6121434235276717,65,184.26787773110027,14.415975924512587,198.68385365561286,90.3
681,59,8,2.9437300993820656,5.254237288135593,8.01694915254237,13.900338983050847,44.09322033898305,25.72203389830509,2.277677002808335,72.2542372881356,8.353368643821028,10.0,8.899999999999997,14.120000000000001,48.0,4.7390939771214455,77,0.38019897967370364,1.0,7.3000000000000025,13.339999999999995,40.0,0.6121434235276717,65,173.68007586354187,18.22141602246668,191.90149188600856,122.8
682,58,7,2.9699385927045476,5.275862068965517,8.001724137931033,13.907931034482758,44.12931034482759,26.17758620689655,1.420652560665978,72.27586206896552,6.741111390248757,10.0,8.899999999999997,14.120000000000001,48.0,3.7390939771214455,77,0.602672877456467,1.0,7.3000000000000025,13.459999999999996,40.0,0.01683091426395933,65,172.25643837686377,9.944567924661845,182.2010063015256,33.49999999999999
683,54,7,2.9942495327843717,5.333333333333333,7.9944444444444445,13.897777777777776,44.120370370370374,26.07037037037037,2.2167197859875967,72.14814814814815,6.741111390248757,10.0,8.899999999999997,14.120000000000001,48.0,4.618100129596595,77,0.602672877456467,1.0,7.3000000000000025,13.459999999999996,40.0,0.9243306535523657,65,161.68947477035607,15.517038501913177,177.20651327226926,72.89999999999999
684,52,6,3.0227921376561726,5.423076923076923,7.9923076923076914,13.90076923076923,44.20192307692308,26.00769230769231,1.9180851259174478,72.23076923076923,6.741111390248757,10.0,8.899999999999997,14.120000000000001,48.0,3.8368838420947986,77,0.602672877456467,1.0,7.3000000000000025,13.459999999999996,40.0,0.2766460274205147,65,157.18519115812097,11.508510755504687,168.69370191362566,40.2
685,49,6,3.01775617172874,5.469387755102041,7.973469387755101,13.903265306122444,44.12244897959184,25.822448979591837,2.35339881647649,72.18367346938776,6.741111390248757,10.0,8.899999999999997,14.120000000000001,48.0,5.550097331070843,76,0.602672877456467,1.0,7.3000000000000025,13.459999999999996,40.0,0.33082134520934225,66,147.87005241470825,14.120392898858938,161.9904453135672,65.1
686,47,6,2.853282271851852,5.297872340425532,7.942553191489363,13.909361702127654,44.223404255319146,24.970212765957445,3.408763807503018,72.29787234042553,7.9146329504939725,10.0,8.899999999999997,14.120000000000001,48.0,4.550097331070843,76,0.602672877456467,1.0,7.3000000000000025,13.459999999999996,40.0,1.8368838420947986,66,134.10426677703703,20.45258284501811,154.55684962205513,40.5
687,46,5,2.9172080238656672,5.3478260869565215,7.956521739130436,13.909999999999998,44.26086956521739,25.91086956521739,2.4773244573221893,72.41304347826087,8.054700560920503,10.0,8.899999999999997,14.120000000000001,48.0,3.506877541286305,76,1.0069668120270854,1.0,7.3000000000000025,13.459999999999996,40.0,1.7091686114241362,66,134.1915690978207,12.386622286610947,146.57819138443165,64.89999999999999
688,45,5,2.9096172340501143,5.555555555555555,7.94888888888889,13.903999999999996,44.27777777777778,26.40666666666666,1.5552886060851772,72.35555555555555,6.741111390248757,10.0,8.899999999999997,14.120000000000001,48.0,2.506877541286305,76,1.0069668120270854,1.0,7.3000000000000025,13.459999999999996,40.0,0.8552976815204959,66,130.93277553225514,7.776443030425886,138.70921856268103,49.599999999999994
689,42,8,2.878992042593016,5.428571428571429,7.878571428571429,13.909999999999995,44.392857142857146,25.933333333333334,6.430136814044495,72.54761904761905,6.741111390248757,10.0,8.899999999999997,14.06,48.0,40.0,76,0.8552976815204959,1.0,7.3000000000000025,13.459999999999996,40.0,0.031037670516511184,66,120.91766578890667,51.44109451235596,172.35876030126263,50.099999999999994
690,39,6,2.856918151209626,5.358974358974359,7.892307692307693,13.901538461538458,44.32051282051282,25.879487179487175,24.246710982135074,72.46153846153847,6.741111390248757,10.0,8.899999999999997,14.06,48.0,91.0,76,1.0069668120270854,1.0,7.3000000000000025,13.459999999999996,40.0,2.7639336240541708,66,111.41980789717542,145.48026589281045,256.90007378998587,17.099999999999994
691,33,11,3.0002797867360647,5.363636363636363,7.866666666666665,13.919999999999998,44.60606060606061,26.78787878787879,20.808258257063247,72.84848484848484,6.741111390248757,10.0,8.899999999999997,14.06,48.0,90.0,76,1.0069668120270854,1.0,7.3000000000000025,13.459999999999996,40.5,2.0139336240541708,66,99.00923296229013,228.8908408276957,327.90007378998587,137.6
692,30,10,3.3719581348980996,5.6,7.806666666666668,13.925999999999997,44.65,27.613333333333333,25.77413297430429,72.96666666666667,8.175490148695118,10.0,8.899999999999997,14.06,48.0,89.0,76,1.0069668120270854,3.0,7.3000000000000025,13.459999999999996,41.5,1.3621752228068007,66,101.15874404694299,257.7413297430429,358.90007378998587,56.4
693,31,9,3.129553325583417,5.645161290322581,7.835483870967742,13.909032258064515,44.483870967741936,26.36774193548387,38.42635071915255,72.83870967741936,5.564723539208641,10.0,8.899999999999997,14.06,48.0,98.0,76,1.4420165013976756,3.0,7.3000000000000025,13.459999999999996,41.5,1.0666972736336957,66,97.01615309308593,345.83715647237295,442.85330956545886,15.9
694,30,7,3.206844764620313,5.666666666666667,7.850000000000002,13.905999999999999,44.56666666666667,26.786666666666665,57.37828094669278,72.9,6.918327035615208,10.0,8.899999999999997,14.06,48.0,97.0,76,1.4420165013976756,3.0,7.3000000000000025,13.459999999999996,41.5,4.647966626849522,66,96.20534293860939,401.6479666268495,497.85330956545886,0.0
695,26,10,6.136203598814636,5.8076923076923075,7.880769230769232,13.91230769230769,44.73076923076923,28.192307692307693,39.63120159962783,73.23076923076923,75.77504866553542,10.0,8.899999999999997,14.06,48.0,96.0,76,1.4420165013976756,3.0,7.3000000000000025,13.459999999999996,41.5,2.202535217412967,66,159.54129356918054,396.3120159962783,555.8533095654589,84.50000000000001
696,27,11,5.116784687705681,5.888888888888889,7.877777777777779,13.917777777777777,44.77777777777778,27.02592592592593,41.26796801943505,73.33333333333333,37.88752433276771,10.0,8.899999999999997,14.06,48.0,95.0,76,1.4420165013976756,3.0,7.3000000000000025,13.459999999999996,41.5,1.2025352174129669,66,138.15318656805337,453.94764821378556,592.1008347818389,16.5
697,28,11,6.522368427100219,5.892857142857143,7.871428571428572,13.909999999999998,44.607142857142854,23.442857142857147,35.14355804884462,73.42857142857143,69.95731647524698,10.0,8.899999999999997,14.06,48.0,94.0,76,1.4420165013976756,3.0,7.3000000000000025,13.459999999999996,41.5,1.1034515546294532,66,182.62631595880615,386.57913853729076,569.2054544960969,0.0
698,30,10,7.346245203579544,6.1,7.836666666666668,13.924,44.8,22.67666666666667,32.82248584575049,73.86666666666666,66.9183270356152,10.0,8.799999999999997,14.06,48.0,93.0,76,1.4420165013976756,3.0,7.3000000000000025,13.459999999999996,42.0,0.10345155462945321,67,220.38735610738632,328.2248584575049,548.6122145648912,48.699999999999996
699,29,14,6.524147442224221,6.275862068965517,7.8724137931034495,13.9151724137931,44.89655172413793,18.155172413793103,25.273290224538478,74.3103448275862,33.4591635178076,10.0,8.799999999999997,14.06,47.0,92.0,77,1.4579827570824442,3.0,7.400000000000002,13.459999999999996,42.0,0.03366182852791866,67,189.2002758245024,353.8260631435387,543.026338968041,62.300000000000004
700,34,12,5.193051718338488,6.352941176470588,7.882352941176474,13.917058823529409,44.970588235294116,16.800000000000004,38.78415551243111,74.61764705882354,33.4591635178076,10.0,8.799999999999997,14.06,47.0,91.0,78,1.4579827570824442,3.0,7.400000000000002,13.459999999999996,42.0,1.0,67,176.56375842350857,465.40986614917335,641.973624572682,22.700000000000003
701,36,11,6.256852622065239,6.333333333333333,7.919444444444445,13.909999999999998,45.013888888888886,15.20277777777778,40.315942152626825,74.75,68.47188108319193,10.0,8.799999999999997,14.06,47.0,90.0,78,1.014860433967459,3.0,7.400000000000002,13.399999999999995,42.0,0.853221145275926,67,225.2466943943486,443.47536367889506,668.7220580732437,46.2
702,40,9,5.961738351323356,6.25,7.92,13.914499999999999,45.1,15.362500000000002,51.78151798094754,74.85,44.735940541595966,10.0,8.799999999999997,14.06,47.5,89.0,78,0.9337049342075618,2.0,7.400000000000002,13.399999999999995,42.0,3.0336618285279187,67,238.46953405293422,466.0336618285279,704.5031958814621,39.2
703,43,12,4.5192852253942535,6.511627906976744,7.911627906976744,13.91488372093023,45.2093023255814,14.051162790697676,41.239822932618566,75.11627906976744,22.367970270797983,11.0,8.799999999999997,14.06,47.5,88.0,78,0.9337049342075618,2.0,7.400000000000002,13.399999999999995,42.0,2.0336618285279187,67,194.3292646919529,494.8778751914228,689.2071398833757,62.900000000000006
704,46,8,6.446514314437542,6.695652173913044,7.895652173913046,13.915217391304346,45.28260869565217,13.93913043478261,54.375,75.19565217391305,79.55329205484102,11.0,8.799999999999997,14.06,47.5,87.0,78,0.9337049342075618,2.0,7.400000000000002,13.399999999999995,42.0,23.0,67,296.53965846412694,435.0,731.5396584641269,0.0
705,52,7,5.965666829185315,6.75,7.894230769230768,13.913461538461535,45.31730769230769,13.06153846153846,59.142857142857146,75.36538461538461,39.77664602742051,11.0,8.799999999999997,14.06,47.5,86.0,78,0.9337049342075618,2.0,7.400000000000002,13.399999999999995,42.0,29.0,67,310.2146751176364,414.0,724.2146751176364,0.0
706,57,8,6.26384437145966,6.5964912280701755,7.901754385964912,13.912631578947364,45.280701754385966,11.871929824561402,45.62572292183829,75.54385964912281,90.59199256769949,11.0,8.799999999999997,14.06,47.5,81.0,78,0.9337049342075618,2.0,7.400000000000002,13.399999999999995,42.0,4.005783374706302,67,357.03912917320065,365.0057833747063,722.044912547907,0.0
707,64,9,5.47750381733981,6.390625,7.896874999999999,13.918437499999996,45.3671875,11.3890625,43.99160753180212,75.859375,45.295996283849746,11.0,8.699999999999998,14.06,47.5,80.0,78,0.9337049342075618,2.0,7.400000000000002,13.399999999999995,42.0,3.0057833747063016,68,350.5602443097478,395.92446778621905,746.4847120959669,47.0
708,72,11,4.304904087786054,6.305555555555555,7.899999999999998,13.915000000000001,45.361111111111114,10.340277777777775,40.49148982150274,76.06944444444444,22.647998141924873,11.0,8.699999999999998,14.120000000000001,47.5,79.0,78,0.6215100941784455,1.0,7.400000000000002,13.399999999999995,42.0,1.4579827570824442,68,309.9530943205959,445.40638803653013,755.359482357126,54.900000000000006
709,74,13,3.8134815635468158,6.405405405405405,7.899999999999999,13.909999999999998,45.41891891891892,10.958108108108105,34.80661899873249,76.20270270270271,11.323999070962437,11.0,8.699999999999998,14.120000000000001,47.5,78.0,78,0.6215100941784455,1.0,7.500000000000002,13.399999999999995,42.5,1.029720867934918,68,282.19763570246437,452.4860469835224,734.6836826859867,140.0
710,73,13,4.888983370932613,6.315068493150685,7.899999999999998,13.905479452054799,45.38356164383562,12.4972602739726,38.67391868355053,76.21917808219177,63.78393353339226,11.0,8.699999999999998,14.120000000000001,47.5,77.0,78,0.6215100941784455,1.0,7.500000000000002,13.399999999999995,42.5,0.029720867934917905,68,356.89578607808073,502.76094288615695,859.6567289642377,188.0
711,77,10,4.750705823954257,6.35064935064935,7.903896103896104,13.901818181818182,45.41558441558441,13.74155844155844,52.26069581596808,76.27272727272727,34.34961317699496,11.0,8.699999999999998,14.120000000000001,47.5,76.0,78,0.6215100941784455,1.0,7.500000000000002,13.399999999999995,42.5,3.6069581596806755,68,365.80434844447774,522.6069581596807,888.4113066041584,133.10000000000002
712,82,11,4.920036206195558,6.390243902439025,7.921951219512197,13.899756097560974,45.4390243902439,15.170731707317076,44.57427637676858,76.3780487804878,71.51163538374071,11.0,8.699999999999998,14.120000000000001,48.0,75.0,78,0.6215100941784455,1.0,7.500000000000002,13.399999999999995,42.5,2.486040376713782,68,403.44296890803577,490.3170401444544,893.7600090524902,219.00000000000003
713,87,10,4.315164840187369,6.333333333333333,7.9413793103448285,13.90344827586207,45.48850574712644,16.697701149425285,47.794913538374075,76.45977011494253,35.755817691870355,11.0,8.699999999999998,14.180000000000001,48.0,74.0,78,0.6215100941784455,1.0,7.500000000000002,13.399999999999995,42.5,1.9491353837407168,68,375.4193410963011,477.9491353837407,853.3684764800419,195.9
714,85,17,3.8778916417383757,6.317647058823529,7.958823529411765,13.903294117647059,45.588235294117645,16.997647058823528,29.14063529370352,76.5764705882353,17.877908845935178,11.0,8.699999999999998,14.180000000000001,48.0,73.0,79,0.6215100941784455,1.0,7.500000000000002,13.399999999999995,42.5,0.9491353837407168,68,329.62078954776194,495.39079999295984,825.0115895407218,283.3
715,83,16,4.631569046335483,6.132530120481928,7.9662650602409615,13.894457831325301,45.59036144578313,16.838554216867475,27.53661872408108,76.75903614457832,75.55898513539898,11.0,8.699999999999998,14.180000000000001,48.0,72.0,80,0.6215100941784455,1.0,7.500000000000002,13.399999999999995,42.5,0.9132103580638729,68,384.4202308458451,440.5858995852973,825.0061304311423,183.3
716,76,23,4.889826111368468,6.434210526315789,7.9605263157894735,13.884736842105264,45.671052631578945,15.738157894736844,17.975173471997767,76.9342105263158,43.091197719862976,12.0,8.699999999999998,14.180000000000001,48.0,71.0,80,0.6215100941784455,1.0,7.500000000000002,13.399999999999995,42.5,1.243020188356891,68,371.62678446400355,413.42898985594866,785.0557743199522,277.90000000000003
717,76,23,5.318067822293842,6.394736842105263,7.969736842105266,13.886315789473683,45.69736842105263,17.164473684210524,17.8319671974565,77.03947368421052,71.2430201883569,12.0,8.699999999999998,14.180000000000001,48.0,69.0,80,0.8072651412676682,1.0,7.500000000000002,13.399999999999995,42.5,0.243020188356891,68,404.173154494332,410.1352455414995,814.3084000358315,245.0
718,80,19,5.59951228848871,6.3625,7.966249999999998,13.892750000000001,45.76875,17.060000000000002,19.012449750247107,77.3125,61.93370493420756,12.0,8.399999999999999,14.180000000000001,48.0,68.0,80,0.6822651412676682,1.0,7.500000000000002,13.579999999999997,44.0,0.14096841272285587,75,447.9609830790968,361.23654525469505,809.1975283337919,191.1
719,84,13,5.8296845555180665,6.166666666666667,7.9833333333333325,13.895714285714288,45.80952380952381,17.726190476190478,20.24083014864935,77.38095238095238,61.735940541595966,12.0,8.399999999999999,14.180000000000001,48.0,67.0,80,0.6822651412676682,1.0,7.500000000000002,13.579999999999997,44.0,0.00854522407997571,75,489.6935026635176,263.1307919324416,752.8242945959591,157.8
720,91,13,4.759258895373016,6.021978021978022,7.997802197802199,13.904395604395605,45.824175824175825,17.0,23.484059359115065,77.50549450549451,30.867970270797983,12.0,8.499999999999998,14.180000000000001,48.0,66.0,80,0.8072651412676682,1.0,7.500000000000002,13.579999999999997,44.0,0.6822651412676682,75,433.0925594789444,305.29277166849585,738.3853311474402,182.8
721,99,12,4.486358756433734,5.787878787878788,8.012121212121212,13.911515151515154,45.803030303030305,15.361616161616164,22.5659619487857,77.62626262626263,33.44487314192487,12.0,8.499999999999998,14.180000000000001,48.0,65.0,80,0.8072651412676682,1.0,7.500000000000002,13.579999999999997,44.0,0.9830227507628182,75,444.1495168869397,270.7915433854284,714.9410602723681,102.80000000000001
722,104,11,4.870972391980721,5.875,8.01730769230769,13.923846153846162,45.89423076923077,14.52596153846154,20.44341466934179,77.6923076923077,64.85849628384975,13.0,8.499999999999998,14.180000000000001,48.5,64.0,80,0.5268876177230568,1.0,7.500000000000002,13.639999999999997,44.0,1.243020188356891,75,506.58112876599495,224.8775613627597,731.4586901287546,113.89999999999999
723,105,12,4.6547336452654395,5.9714285714285715,8.016190476190474,13.92571428571429,45.923809523809524,14.662857142857144,19.580428174581268,77.77142857142857,64.85849628384975,13.0,8.499999999999998,14.180000000000001,48.5,63.0,80,0.5268876177230568,1.0,7.500000000000002,13.639999999999997,44.0,1.0537752354461136,75,488.7470327528711,234.96513809497523,723.7121708478463,136.3
724,109,9,4.466296115081785,5.981651376146789,8.008256880733946,13.927339449541295,45.88990825688074,15.684403669724771,32.4911739388605,77.81651376146789,64.85849628384975,13.0,8.499999999999998,14.180000000000001,48.5,83.0,80,0.5268876177230568,1.0,7.500000000000002,13.639999999999997,44.0,0.6145302825353365,75,486.82627654391456,292.42056544974446,779.246841993659,121.0
725,114,6,4.832391140071988,5.964912280701754,8.000877192982458,13.92473684210527,45.84649122807018,16.817543859649124,41.95283209461658,77.8859649122807,64.85849628384975,13.0,8.499999999999998,14.180000000000001,48.5,82.0,80,0.5268876177230568,1.0,7.500000000000002,13.579999999999997,44.0,1.0,75,550.8925899682066,251.7169925676995,802.6095825359062,169.0
726,114,11,4.917931188639628,5.885964912280702,8.00789473684211,13.924210526315791,45.85526315789474,16.842105263157894,21.62502222372119,78.0,82.4135445697985,13.0,8.499999999999998,14.180000000000001,48.5,60.0,80,0.5268876177230568,1.0,7.500000000000002,13.579999999999997,44.0,3.17590030008839,76,560.6441555049175,237.87524446093306,798.5193999658507,208.2
727,119,11,4.720387779369482,5.932773109243698,8.019327731092437,13.931932773109242,45.88655462184874,17.01344537815126,18.126291738850103,78.10924369747899,46.464964792140236,13.0,8.499999999999998,14.180000000000001,48.5,59.0,80,0.5268876177230568,1.0,7.500000000000002,13.579999999999997,44.0,0.9677141395969932,76,561.7261457449684,199.38920912735114,761.1153548723196,198.5
728,124,12,4.28242004409683,5.75,8.029032258064515,13.94,45.88709677419355,17.59758064516129,18.545306711996083,78.24193548387096,23.232482396070118,13.0,8.499999999999998,14.240000000000002,48.5,58.0,81,0.7067722848992483,1.0,7.500000000000002,13.579999999999997,44.0,0.5268876177230568,76,531.020085468007,222.543680543953,753.56376601196,303.7
729,127,13,4.243660960015211,5.566929133858268,8.03070866141732,13.932440944881892,45.79527559055118,19.183464566929135,13.144602630354832,78.33858267716535,58.935428279193985,13.0,8.499999999999998,14.240000000000002,48.5,50.0,82,0.6957089501291966,1.0,7.500000000000002,13.519999999999996,44.0,0.3814616339031015,76,538.9449419219318,170.8798341946128,709.8247761165446,411.59999999999997
730,129,17,3.774482395223379,5.496124031007752,8.026356589147284,13.935813953488372,45.75581395348837,19.227906976744187,12.718176635948826,78.45736434108527,29.467714139596993,13.0,8.499999999999998,14.240000000000002,48.5,49.0,82,0.6438558169515508,1.0,7.500000000000002,13.519999999999996,43.5,0.2877116339031016,76,486.9082289838159,216.20900281113003,703.117231794946,415.2
731,125,19,4.35266574353452,5.352,8.030399999999998,13.937119999999998,45.756,18.284800000000004,9.853482720322768,78.648,52.72243657096244,13.0,8.499999999999998,14.300000000000002,48.5,52.0,82,0.6438558169515508,1.0,7.500000000000002,13.519999999999996,43.5,0.8083565583879726,76,544.0832179418151,187.2161716861326,731.2993896279477,303.4
732,123,18,3.921810654900964,5.341463414634147,8.027642276422764,13.93658536585366,45.77235772357724,18.665853658536587,10.522559584765679,78.78048780487805,26.36121828548122,13.0,8.499999999999998,14.300000000000002,48.5,51.0,82,0.6438558169515508,1.0,7.500000000000002,13.519999999999996,43.5,0.3219279084757754,76,482.38271055281854,189.4060725257822,671.7887830786008,381.2
733,132,16,3.4046236085577593,5.287878787878788,8.034848484848482,13.945,45.79545454545455,18.332575757575764,18.694177689348916,78.96212121212122,15.317975342388735,13.0,8.499999999999998,14.300000000000002,48.5,68.0,82,0.3219279084757754,1.0,7.500000000000002,13.519999999999996,43.5,0.525846535612406,76,449.4103163296242,299.10684302958265,748.5171593592069,337.9
734,132,15,3.1071072895796954,5.204545454545454,8.049999999999999,13.957272727272727,45.81060606060606,18.901515151515152,20.3118573495641,79.08333333333333,10.89385581695155,13.0,8.499999999999998,14.300000000000002,48.5,67.0,82,0.3219279084757754,1.0,7.500000000000002,13.519999999999996,43.5,1.5459835677230356,76,410.1381622245198,304.6778602434615,714.8160224679814,426.0
735,124,22,3.5428181535030556,5.120967741935484,8.053225806451614,13.952096774193548,45.76209677419355,18.41290322580645,14.269399331115068,79.33064516129032,68.36121828548121,13.0,8.499999999999998,14.300000000000002,48.5,66.0,82,0.3219279084757754,1.0,7.500000000000002,13.519999999999996,43.5,0.6438558169515508,76,439.3094510343789,313.9267852845315,753.2362363189104,373.5
736,122,19,3.5437456533589233,5.155737704918033,8.050000000000002,13.95622950819673,45.75,18.3327868852459,16.666334637299418,79.40983606557377,34.18060914274061,14.0,8.499999999999998,14.300000000000002,48.0,65.0,82,0.3219279084757754,1.0,7.500000000000002,13.519999999999996,43.5,0.11317219044307647,76,432.33696970978866,316.6603581086889,748.9973278184775,243.1
737,116,21,3.8502273861322447,5.431034482758621,8.047413793103447,13.952413793103453,45.793103448275865,18.67758620689655,17.32168973255932,79.38793103448276,37.18060914274061,15.0,8.499999999999998,14.300000000000002,48.0,96.0,82,0.3219279084757754,1.0,7.500000000000002,13.519999999999996,43.5,0.993247922918508,76,446.62637679134036,363.75548438374574,810.3818611750861,323.3
738,110,22,3.71003620352674,5.5181818181818185,8.054545454545458,13.959090909090918,45.82272727272727,17.485454545454548,16.255661441489096,79.49090909090908,19.594162848694168,15.0,8.499999999999998,14.300000000000002,48.0,95.0,82,0.25626601575800645,1.0,7.500000000000002,13.519999999999996,43.5,0.2877116339031016,77,408.1039823879414,357.6245517127601,765.7285341007015,266.9
739,115,12,4.002026663999198,5.426086956521739,8.053913043478264,13.956173913043486,45.81739130434783,17.35478260869565,24.962327782463024,79.57391304347826,70.54515228568515,15.0,8.499999999999998,14.300000000000002,48.0,94.0,82,0.25626601575800645,1.0,7.500000000000002,13.519999999999996,43.5,0.6303516627885668,77,460.23306635990775,299.5479333895563,759.7809997494641,121.5
740,121,12,4.221413527512908,5.429752066115703,8.061157024793388,13.962314049586784,45.87603305785124,16.64710743801653,21.401504202928134,79.65289256198348,44.46767912425277,15.0,8.499999999999998,14.300000000000002,48.0,93.0,82,0.25626601575800645,1.0,7.500000000000002,13.519999999999996,43.5,0.2347386057418972,77,510.7910368290619,256.8180504351376,767.6090872641995,113.19999999999999
741,127,8,3.9350096468784765,5.519685039370079,8.058267716535433,13.95748031496064,45.87007874015748,16.448031496062992,37.12035398780799,79.66141732283465,29.2877116339031,15.0,8.499999999999998,14.300000000000002,48.0,92.0,82,0.25626601575800645,1.0,7.500000000000002,13.519999999999996,43.5,0.3649274674114079,77,499.7462251535665,296.9628319024639,796.7090570560304,73.69999999999999
742,131,9,3.8742956299795464,5.557251908396947,8.061068702290079,13.945954198473292,45.83206106870229,16.35496183206107,31.499352374223236,79.6793893129771,64.29515228568515,15.0,8.499999999999998,14.300000000000002,48.0,91.0,82,0.25626601575800645,1.0,7.500000000000002,13.519999999999996,43.5,1.1986755881409894,77,507.53272752732056,283.4941713680091,791.0268988953296,135.7
743,136,11,3.428280780140278,5.463235294117647,8.066176470588234,13.938235294117659,45.8125,16.44779411764706,30.21581246333576,79.72058823529412,32.147576142842574,15.0,8.499999999999998,14.300000000000002,48.0,90.0,83,0.25626601575800645,1.0,7.500000000000002,13.519999999999996,43.5,0.6202454523457687,77,466.2461860990778,332.37393709669334,798.6201231957712,226.6
744,141,8,4.370849290896496,5.375886524822695,8.065248226950356,13.93063829787235,45.819148936170215,17.801418439716308,24.791372461569775,79.73049645390071,90.9147469177986,14.0,8.499999999999998,14.300000000000002,48.0,54.0,83,0.25626601575800645,1.0,7.500000000000002,13.519999999999996,43.5,4.272576142842576,77,616.289750016406,198.3309796925582,814.6207297089642,297.0
745,136,13,4.252064390258421,5.404411764705882,8.059558823529413,13.92014705882354,45.75735294117647,18.921323529411765,13.812913579375058,79.82352941176471,62.29515228568515,14.0,8.499999999999998,14.300000000000002,48.0,45.0,83,0.25626601575800645,1.0,7.500000000000002,13.519999999999996,43.5,1.1131721904430765,77,578.2807570751453,179.56787653187575,757.848633607021,454.9
746,130,18,4.105712463474837,5.615384615384615,8.058461538461541,13.908615384615393,45.753846153846155,18.933846153846154,13.372475347820773,79.93846153846154,62.29515228568515,14.0,8.499999999999998,14.300000000000002,48.0,65.0,83,0.25626601575800645,1.0,7.500000000000002,13.519999999999996,43.5,0.542769807592066,77,533.7426202517288,240.7045562607739,774.4471765125027,404.9
747,133,12,4.309862439840642,5.631578947368421,8.056390977443613,13.904812030075199,45.72932330827068,19.242857142857147,20.456332266140755,80.0,62.29515228568515,14.0,8.499999999999998,14.300000000000002,48.0,89.0,82,0.25626601575800645,1.0,7.400000000000002,13.519999999999996,43.5,0.7885824856993399,77,573.2117044988054,245.47598719368906,818.6876916924945,239.6
748,140,12,3.9460425766338543,5.5928571428571425,8.061428571428573,13.906571428571445,45.77142857142857,19.565714285714286,18.91702380100509,80.04285714285714,62.29515228568515,14.0,8.499999999999998,14.300000000000002,48.0,88.0,83,0.31012272617288433,1.0,7.400000000000002,13.519999999999996,43.5,0.31012272617288433,77,552.4459607287396,227.00428561206107,779.4502463408006,199.3
749,144,10,3.870801529290519,5.430555555555555,8.06527777777778,13.912083333333342,45.798611111111114,19.863194444444442,24.867554869161626,80.10416666666667,88.51635168062013,14.0,8.499999999999998,14.300000000000002,48.0,62.29515228568515,83,0.31012272617288433,1.0,7.400000000000002,13.519999999999996,43.5,0.10145281987662536,77,557.3954202178347,248.67554869161626,806.070968909451,198.5
750,144,12,4.302982743588599,5.291666666666667,8.063194444444445,13.915000000000013,45.80555555555556,20.331250000000004,17.20132304152666,80.20138888888889,69.3320463213958,14.0,8.499999999999998,14.300000000000002,48.0,61.0,83,0.31012272617288433,1.0,7.400000000000002,13.519999999999996,43.5,0.6202454523457687,78,619.6295150767583,206.4158764983199,826.0453915750782,362.8
751,143,14,4.210383824962333,5.118881118881119,8.07762237762238,13.914405594405604,45.78671328671329,20.395804195804192,11.67371696170503,80.2937062937063,63.829493835597184,14.0,8.499999999999998,14.300000000000002,48.0,60.0,83,0.31012272617288433,1.0,7.400000000000002,13.519999999999996,43.5,0.07716497139867973,78,602.0848869696136,163.43203746387042,765.5169244334841,397.5
752,141,17,3.9418705583432136,5.25531914893617,8.074468085106382,13.904255319148952,45.716312056737586,20.23758865248227,8.497023725371312,80.47517730496453,42.01844701785532,14.0,8.499999999999998,14.300000000000002,48.0,59.0,84,0.3284400845127238,1.0,7.400000000000002,13.519999999999996,43.5,0.31012272617288433,78,555.8037487263931,144.4494033313123,700.2531520577054,455.59999999999997
753,142,19,3.6954850581474252,5.471830985915493,8.071830985915497,13.881690140845087,45.71478873239437,19.94084507042254,6.169022927170017,80.62676056338029,22.129087920155033,14.0,8.499999999999998,14.240000000000002,48.0,58.0,84,0.3284400845127238,1.0,7.400000000000002,13.519999999999996,43.5,0.11216325730548249,78,524.7588782569344,117.21143561623033,641.9703138731647,333.3
754,139,16,3.468748300273721,5.568345323741007,8.068345323741006,13.867050359712247,45.71582733812949,21.098561151079135,7.816356286324099,80.66906474820144,22.129087920155033,14.0,8.499999999999998,14.240000000000002,48.0,57.0,84,0.3437342354197251,1.0,7.400000000000002,13.519999999999996,43.5,0.08553961518413189,78,482.15601373804725,125.06170058118559,607.2177143192329,420.2
755,133,19,3.366483204361259,5.368421052631579,8.077443609022554,13.861954887218058,45.69172932330827,21.01052631578947,7.163572704043307,80.7218045112782,20.627314935587588,14.0,8.499999999999998,14.240000000000002,48.0,56.0,84,0.3437342354197251,1.0,7.400000000000002,13.519999999999996,43.5,0.3437342354197251,78,447.74226618004747,136.10788137682283,583.8501475568703,336.2
756,132,16,3.5094969804041294,5.454545454545454,8.068939393939393,13.863181818181829,45.72348484848485,20.712878787878783,5.702806027225712,80.74242424242425,26.811259602517445,15.0,8.499999999999998,14.240000000000002,48.0,55.0,84,0.3437342354197251,1.0,7.400000000000002,13.519999999999996,43.5,0.16884491789869704,78,463.25360141334505,91.2448964356114,554.4984978489565,162.39999999999998
757,125,15,3.221487521816343,5.336,8.0752,13.864640000000014,45.7,22.045599999999986,9.10855375612236,80.8,10.50461175446383,15.0,8.499999999999998,14.240000000000002,48.0,54.0,84,0.3437342354197251,1.0,7.400000000000002,13.519999999999996,43.5,0.6874684708394502,78,402.68594022704286,136.6283063418354,539.3142465688783,522.6
758,122,12,3.5016971753083137,5.286885245901639,8.088524590163937,13.87852459016395,45.73770491803279,21.691803278688518,11.665851422026577,80.89344262295081,28.577395592536824,15.0,8.499999999999998,14.240000000000002,48.0,53.0,84,0.30466779427465634,1.0,7.400000000000002,13.519999999999996,43.5,0.9466506219482681,78,427.2070553876143,139.99021706431893,567.1972724519333,281.59999999999997
759,120,19,3.167595352925765,5.275,8.079166666666666,13.872000000000016,45.704166666666666,20.917499999999997,7.825545924346066,81.025,14.288697796268412,15.0,8.499999999999998,14.240000000000002,48.0,52.0,84,0.30466779427465634,1.0,7.400000000000002,13.519999999999996,43.5,0.4213626511410655,78,380.1114423510918,148.68537256257525,528.796814913667,372.9
760,116,21,2.943602426617034,5.060344827586207,8.078448275862074,13.8644827586207,45.67672413793103,19.889655172413793,7.505648354222951,81.12931034482759,15.318040133914913,15.0,8.499999999999998,14.240000000000002,48.0,51.0,85,0.30466779427465634,1.0,7.400000000000002,13.459999999999996,43.0,0.252233210656331,78,341.45788148757595,157.61861543868199,499.07649692625796,322.4
761,109,17,2.920170611672065,4.871559633027523,8.083486238532112,13.861284403669735,45.62385321100918,19.902752293577983,9.143141760935313,81.14678899082568,13.436101299668012,15.0,8.499999999999998,14.240000000000002,48.0,50.0,85,0.25576879017055193,1.0,7.400000000000002,13.459999999999996,43.0,0.37493694167890035,78,318.2985966722551,155.43340993590033,473.7320066081554,290.4
762,90,27,2.92420385509463,5.122222222222222,8.081111111111113,13.87000000000001,45.58888888888889,19.06777777777778,7.033076808996414,81.3,18.725790090775703,15.0,8.499999999999998,14.240000000000002,48.0,49.0,85,0.25576879017055193,1.0,7.400000000000002,13.459999999999996,43.0,0.32958685945109595,79,263.1783469585167,189.8930738429032,453.0714208014199,540.6
763,87,9,3.443105825869738,5.080459770114943,8.082758620689656,13.866206896551734,45.55172413793103,21.105747126436782,14.219572308279279,81.34482758620689,18.725790090775703,15.0,8.399999999999999,14.240000000000002,47.5,48.0,85,0.25576879017055193,1.0,7.400000000000002,13.459999999999996,43.0,0.9426877916068945,79,299.5502068506672,127.97615077451351,427.5263576251807,233.2
764,85,15,2.8090413785730775,4.894117647058824,8.09764705882353,13.856000000000005,45.46470588235294,21.17411764705883,11.088222978219829,81.52941176470588,21.82302914936387,15.0,8.399999999999999,14.240000000000002,47.5,47.0,85,0.25576879017055193,1.0,7.500000000000002,13.459999999999996,43.0,0.6322063244044509,79,238.7685171787116,166.32334467329744,405.09186185200906,329.5
765,82,12,2.8109013663184794,4.670731707317073,8.104878048780488,13.863170731707319,45.457317073170735,20.703658536585365,12.724418031687676,81.46341463414635,10.999276055785135,15.0,8.399999999999999,14.240000000000002,47.5,46.0,85,0.25576879017055193,1.0,7.500000000000002,13.519999999999996,43.0,0.4197582856646147,79,230.49391203811533,152.69301638025212,383.1869284183674,185.3
766,78,12,3.4686014612903078,4.743589743589744,8.11025641025641,13.871538461538462,45.42948717948718,19.634615384615383,7.99902735222588,81.52564102564102,46.77239923843982,15.0,8.399999999999999,14.240000000000002,47.5,42.0,85,0.25576879017055193,1.0,7.500000000000002,13.519999999999996,43.0,0.9757234044059113,79,270.550913980644,95.98832822671056,366.53924220735456,114.49999999999999
767,78,10,3.2764515928607656,4.6923076923076925,8.116666666666665,13.884615384615385,45.455128205128204,19.66666666666666,8.120084154161974,81.5,23.38619961921991,15.0,8.399999999999999,14.240000000000002,47.5,41.0,85,0.25576879017055193,1.0,7.500000000000002,13.519999999999996,43.0,0.12810823923395276,79,255.56322424313973,81.20084154161974,336.76406578475945,127.6
768,79,8,2.9582631639604746,4.632911392405063,8.121518987341771,13.886835443037977,45.40506329113924,20.11518987341772,10.45678543419933,81.59493670886076,14.649496075939304,15.0,8.399999999999999,14.240000000000002,47.5,40.0,85,0.25576879017055193,1.0,7.500000000000002,13.519999999999996,43.0,0.36674716421822096,79,233.70278995287748,83.65428347359465,317.35707342647214,145.5
769,76,13,2.5281626638216927,4.5394736842105265,8.140789473684208,13.899736842105265,45.39473684210526,18.332894736842103,10.685091280166205,81.57894736842105,10.911514574681934,15.0,8.399999999999999,14.240000000000002,47.5,39.0,85,0.25576879017055193,1.0,7.500000000000002,13.519999999999996,43.0,0.48786170220295566,79,192.14036245044866,138.90618664216066,331.0465490926093,120.3
770,74,13,2.547805186442067,4.5,8.15,13.893783783783782,45.28378378378378,18.510810810810813,12.416629950934665,81.70270270270271,17.236262612651586,15.0,8.399999999999999,14.240000000000002,47.5,38.0,85,0.25576879017055193,1.0,7.500000000000002,13.519999999999996,43.0,0.5115375803411039,79,188.53758379671297,161.41618936215065,349.9537731588636,154.1
771,75,11,2.4031729170680247,4.626666666666667,8.14,13.884000000000002,45.28666666666667,18.331999999999997,16.4650673643634,81.82666666666667,9.488530100436185,15.0,8.399999999999999,14.240000000000002,47.5,37.0,85,0.25576879017055193,1.0,7.500000000000002,13.519999999999996,43.0,0.841732133724812,79,180.23796878010185,181.1157410079974,361.35370978809925,82.79999999999998
772,70,9,4.171670608556545,4.828571428571428,8.139999999999999,13.874857142857142,45.26428571428571,19.085714285714285,7.847507169899078,81.95714285714286,37.02307516068221,15.0,8.399999999999999,14.240000000000002,47.5,30.0,85,0.25576879017055193,1.0,7.500000000000002,13.519999999999996,43.0,0.319464225591767,79,292.01694259895817,70.6275645290917,362.6445071280499,147.99999999999997
773,68,10,3.8829652434820434,4.75,8.15294117647059,13.890588235294116,45.330882352941174,19.45588235294118,5.998146833573489,81.98529411764706,19.069665748066505,15.0,8.399999999999999,14.240000000000002,47.5,29.0,85,0.25576879017055193,1.0,7.500000000000002,13.519999999999996,43.5,0.31972381753799284,79,264.04163655677894,59.98146833573489,324.02310489251386,220.99999999999997
774,73,6,3.5814451436283714,4.63013698630137,8.139726027397261,13.88904109589041,45.33561643835616,19.124657534246573,4.70033965064521,82.15068493150685,29.259864355496447,15.0,8.399999999999999,14.240000000000002,47.5,10.0,86,0.25576879017055193,1.0,7.400000000000002,13.519999999999996,43.5,1.2343335662327082,79,261.4454954848711,28.20203790387126,289.6475333887424,164.79999999999998
775,82,4,2.9825585708393407,4.487804878048781,8.126829268292685,13.896829268292677,45.426829268292686,17.832926829268295,3.6710326459892197,82.36585365853658,14.629932177748223,15.0,8.399999999999999,14.240000000000002,47.5,6.642318548250134,86,0.30466779427465634,1.0,7.400000000000002,13.519999999999996,43.5,2.2144076358979983,79,244.56980280882593,14.684130583956879,259.2539333927828,156.1
776,87,4,2.73603822486728,4.32183908045977,8.129885057471263,13.90206896551724,45.44252873563219,17.111494252873563,1.8252572381274965,82.4367816091954,14.413777422647083,15.0,8.499999999999998,14.240000000000002,47.5,3.312393018201072,86,0.30466779427465634,1.0,7.400000000000002,13.519999999999996,43.5,0.6394476350759857,79,238.03532556345337,7.301028952509986,245.33635451596336,164.1
777,87,6,2.3381645675892684,4.057471264367816,8.131034482758619,13.910344827586202,45.43103448275862,17.093103448275862,14.302228942019989,82.48275862068965,9.488530100436185,15.0,8.499999999999998,14.240000000000002,47.5,54.0,86,0.30466779427465634,1.0,7.400000000000002,13.519999999999996,43.5,2.312393018201072,79,203.42031738026637,85.81337365211994,289.23369103238633,131.29999999999998
778,83,11,2.303632996351691,4.0843373493975905,8.126506024096384,13.906024096385543,45.3855421686747,16.868674698795182,14.593743987988175,82.59036144578313,9.488530100436185,15.0,8.499999999999998,14.240000000000002,47.5,71.0,86,0.3375199561262066,1.0,7.400000000000002,13.519999999999996,43.5,0.30466779427465634,79,191.20153869719033,160.5311838678699,351.73272256506027,131.39999999999998
779,84,10,2.1591015356221765,3.9047619047619047,8.123809523809523,13.900714285714281,45.357142857142854,17.404761904761905,23.997287671105887,82.69047619047619,9.488530100436185,14.0,8.499999999999998,14.240000000000002,47.5,84.0,86,0.2631833474284332,1.0,7.400000000000002,13.519999999999996,43.5,1.0562479887838765,79,181.36452899226285,239.9728767110589,421.33740570332174,139.1
780,84,8,2.230355978455941,3.892857142857143,8.125,13.897857142857138,45.36904761904762,19.200000000000006,29.97960138253891,82.67857142857143,9.488530100436185,14.0,8.499999999999998,14.240000000000002,47.5,83.0,86,0.2631833474284332,1.0,7.400000000000002,13.519999999999996,43.5,0.8332528950872371,79,187.34990219029905,239.83681106031128,427.1867132506103,122.8
781,78,15,2.4411515841117133,3.923076923076923,8.120512820512818,13.895384615384609,45.41025641025641,19.81794871794872,20.986738979391664,82.7051282051282,16.564054119616976,14.0,8.499999999999998,14.240000000000002,47.5,88.0,86,0.2631833474284332,1.0,7.400000000000002,13.519999999999996,43.5,0.5115375803411039,79,190.40982356071365,314.801084690875,505.21090825158865,251.89999999999998
782,74,15,2.3294293089627187,3.7837837837837838,8.12297297297297,13.897027027027022,45.42567567567568,19.186486486486487,27.4616994880826,82.6891891891892,9.488530100436185,14.0,8.499999999999998,14.240000000000002,47.5,98.0,86,0.2631833474284332,1.0,7.400000000000002,13.519999999999996,43.5,0.4616374762012443,79,172.3777688632412,411.925492321239,584.3032611844802,97.19999999999999
783,75,10,3.357194843846855,3.7866666666666666,8.116,13.898399999999995,45.446666666666665,19.200000000000003,39.55737439022648,82.69333333333333,81.1506924527114,14.0,8.499999999999998,14.240000000000002,47.5,97.0,86,0.2631833474284332,1.0,7.400000000000002,13.519999999999996,43.5,1.1559335303756413,79,251.78961328851412,395.57374390226477,647.3633571907789,40.599999999999994
784,75,13,3.057460869165422,3.7066666666666666,8.106666666666667,13.909600000000001,45.526666666666664,19.553333333333335,31.716829117118227,82.62666666666667,40.5753462263557,14.0,8.499999999999998,14.240000000000002,47.5,96.0,86,0.2631833474284332,1.0,7.400000000000002,13.519999999999996,43.5,0.15593353037564128,79,229.30956518740666,412.31877852253695,641.6283437099436,145.9
785,74,15,2.6741464156457324,3.689189189189189,8.116216216216214,13.908378378378378,45.57432432432432,19.14189189189189,34.30740067496475,82.55405405405405,20.28767311317785,14.0,8.499999999999998,14.240000000000002,47.5,97.0,85,0.2631833474284332,1.0,7.400000000000002,13.519999999999996,43.5,0.35007982450482644,79,197.88683475778421,514.6110101244712,712.4978448822554,73.3
786,74,11,3.0590551349086215,3.7432432432432434,8.121621621621621,13.906756756756753,45.57432432432432,20.432432432432435,55.526681278500455,82.60810810810811,26.351500349349063,14.0,8.499999999999998,14.240000000000002,47.5,96.0,85,0.2631833474284332,1.0,7.400000000000002,13.519999999999996,43.5,1.603002061649159,79,226.37007998323799,610.793494063505,837.163574046743,120.9
787,75,16,2.7249109758671795,3.7066666666666666,8.114666666666666,13.90639999999999,45.61333333333334,20.393333333333338,43.01596413476287,82.68,20.28767311317785,14.0,8.499999999999998,14.240000000000002,47.5,95.0,85,0.2631833474284332,1.0,7.400000000000002,13.519999999999996,43.5,0.6030020616491589,79,204.36832319003847,688.2554261562059,892.6237493462444,155.0
788,76,14,4.862767754932068,3.6052631578947367,8.126315789473685,13.900526315789465,45.703947368421055,19.344736842105267,40.10562170029572,82.64473684210526,81.87706270555083,14.0,8.499999999999998,14.240000000000002,47.5,94.0,85,0.2631833474284332,1.0,7.400000000000002,13.519999999999996,43.5,0.13129910029360903,80,369.5703493748371,561.4787038041401,931.0490531789771,57.699999999999996
789,77,18,5.891278887960095,3.3636363636363638,8.142857142857144,13.89714285714285,45.77272727272727,18.557142857142857,28.265168459089796,82.7012987012987,93.97238859141521,14.0,8.499999999999998,14.240000000000002,47.5,91.0,85,0.2631833474284332,1.0,7.500000000000002,13.519999999999996,44.0,0.5176266912380305,80,453.6284743729273,508.77303226361636,962.4015066365437,242.29999999999998
790,82,19,4.514662179493024,3.3902439024390243,8.140243902439027,13.906341463414634,45.8109756097561,16.223170731707317,30.21191430490213,82.82926829268293,46.986194295707605,14.0,8.599999999999998,14.240000000000002,47.5,90.0,86,0.2631833474284332,1.0,7.500000000000002,13.519999999999996,44.0,0.31186706075128257,80,370.202298718428,574.0263717931405,944.2286705115685,98.3
791,89,18,4.358788764318965,3.191011235955056,8.146067415730338,13.924494382022472,45.81460674157304,14.106741573033707,31.808681569840157,83.0561797752809,78.15593353037565,11.0,8.599999999999998,14.240000000000002,47.5,89.0,87,0.2631833474284332,1.0,7.700000000000001,13.519999999999996,43.5,1.6574830444370559,80,387.9322000243879,572.5562682571228,960.4884682815107,169.29999999999998
792,100,20,3.6004289455271414,3.15,8.155999999999999,13.942999999999993,45.73,14.392999999999999,31.88152924495015,83.43,41.686505636179824,11.0,8.599999999999998,14.240000000000002,47.5,88.0,88,0.2631833474284332,1.0,7.700000000000001,13.519999999999996,43.0,1.156971098771319,80,360.04289455271413,637.630584899003,997.6734794517172,325.4
793,114,18,2.858629909522199,3.1228070175438596,8.159649122807018,13.961052631578942,45.64473684210526,14.952631578947368,35.16328114968916,83.71929824561404,20.843252818089912,12.0,8.599999999999998,14.300000000000002,47.5,87.0,88,0.2631833474284332,1.0,7.700000000000001,13.519999999999996,43.0,0.1569710987713191,81,325.8838096855307,632.9390606944049,958.8228703799357,236.89999999999998
794,115,23,3.9700447935743983,3.2,8.171304347826087,13.97652173913043,45.56086956521739,13.754782608695653,19.77500913915739,84.1304347826087,72.27932910477423,12.0,8.599999999999998,14.300000000000002,47.5,86.0,88,0.2631833474284332,1.0,7.700000000000001,13.519999999999996,43.0,0.3198322761935579,81,456.5551512610558,454.82521020062,911.3803614616759,423.29999999999995
795,127,17,3.8549643454028533,3.1102362204724407,8.178740157480313,13.991968503936999,45.468503937007874,13.311811023622047,28.59190233123936,84.39370078740157,72.27932910477423,12.0,8.599999999999998,14.300000000000002,47.5,88.0,89,0.3198322761935579,1.0,7.700000000000001,13.519999999999996,43.0,0.2631833474284332,81,489.5804718661624,486.0623396310691,975.6428114972315,220.79999999999998
796,133,25,3.231707198090924,2.962406015037594,8.185714285714283,14.016691729323302,45.43609022556391,12.872180451127816,24.45031260671799,84.6842105263158,72.27932910477423,12.0,8.599999999999998,14.300000000000002,47.5,87.0,90,0.3198322761935579,1.0,7.700000000000001,13.519999999999996,43.0,0.2679795695736156,81,429.8170573460929,611.2578151679497,1041.0748725140427,456.9
797,136,19,3.1623214347667163,2.963235294117647,8.192647058823521,14.027794117647048,45.44485294117647,15.761764705882356,34.52447557890156,84.81617647058823,72.27932910477423,12.0,8.599999999999998,14.300000000000002,47.5,86.0,90,0.3052966153530299,1.0,7.700000000000001,13.519999999999996,43.0,0.3375199561262066,81,430.07571512827343,655.9650359991297,1086.0407511274032,524.8
798,126,36,3.3460713355295764,3.111111111111111,8.190476190476192,14.029047619047606,45.357142857142854,15.48253968253968,17.586174831953755,85.08730158730158,72.27932910477423,12.0,8.599999999999998,14.300000000000002,47.5,85.0,90,0.2540060829007281,1.0,7.700000000000001,13.519999999999996,43.0,0.1569710987713191,82,421.6049882767266,633.1022939503351,1054.7072822270618,837.3
799,126,24,4.445559644448833,3.0952380952380953,8.198412698412696,14.028571428571421,45.32539682539682,17.14920634920635,25.154233858128123,85.15079365079364,86.8417699107338,12.0,8.599999999999998,14.300000000000002,47.5,81.0,90,0.2540060829007281,1.0,7.700000000000001,13.519999999999996,43.0,0.05273338971373276,82,560.140515200553,603.701612595075,1163.842127795628,313.99999999999994
800,120,28,3.926477086107202,3.158333333333333,8.196666666666665,14.018999999999988,45.30833333333333,18.10916666666667,22.362053596853876,85.3,71.88474584564848,12.0,8.599999999999998,14.300000000000002,47.5,80.0,90,0.2540060829007281,1.0,7.700000000000001,13.519999999999996,43.0,0.17803164454892384,82,471.1772503328642,626.1375007119085,1097.3147510447727,591.1999999999999
801,123,26,3.6448597491112285,3.1219512195121952,8.200813008130078,14.017073170731697,45.34146341463415,16.84065040650406,25.966920416514313,85.47967479674797,71.7873412705757,11.0,8.599999999999998,14.360000000000003,47.5,79.0,91,0.2540060829007281,1.0,7.600000000000001,13.519999999999996,43.0,1.0160243316029125,82,448.3177491406811,675.1399308293721,1123.4576799700533,360.79999999999995
802,128,28,2.9845138692722935,3.2734375,8.199999999999996,14.018281249999989,45.3125,16.582812500000003,23.39951252001553,85.8828125,35.89367063528785,11.0,8.599999999999998,14.420000000000003,47.5,78.0,92,0.2540060829007281,1.0,7.600000000000001,13.519999999999996,43.0,0.0160243316029125,82,382.01777526685356,655.1863505604349,1037.2041258272884,439.0
803,124,28,2.43748889823083,3.0725806451612905,8.212096774193544,14.027580645161278,45.28629032258065,17.26451612903226,24.429382555975444,86.08870967741936,17.946835317643924,11.0,8.599999999999998,14.420000000000003,47.5,77.0,92,0.2540060829007281,1.0,7.600000000000001,13.519999999999996,43.5,0.2793291047742317,83,302.2486233806229,684.0227115673124,986.2713349479353,581.1999999999999
804,130,18,3.3563659571564637,3.1615384615384614,8.21461538461538,14.022153846153838,45.30384615384615,19.306923076923066,27.827059071153954,86.15384615384616,44.84862292282424,11.0,8.599999999999998,14.420000000000003,47.5,76.0,92,0.2841167980295448,1.0,7.600000000000001,13.519999999999996,43.5,0.2540060829007281,83,436.3275744303403,500.8870632807712,937.2146377111114,463.99999999999994
805,132,24,3.1103703000785545,3.227272727272727,8.21666666666666,14.023636363636358,45.321969696969695,18.36515151515151,19.158366303376106,86.34848484848484,56.60993600963083,11.0,8.599999999999998,14.420000000000003,47.5,75.0,92,0.2841167980295448,1.0,7.600000000000001,13.519999999999996,43.5,0.12319915383825752,83,410.5688796103692,459.80079128102653,870.3696708913958,489.8999999999999
806,135,17,2.668995174515912,3.251851851851852,8.219999999999994,14.017777777777773,45.2962962962963,18.309629629629626,26.57829807643386,86.43703703703704,28.304968004815414,11.0,8.599999999999998,14.420000000000003,47.5,74.0,92,0.2841167980295448,1.0,7.600000000000001,13.519999999999996,43.5,0.5495806904838948,83,360.3143485596481,451.8310672993756,812.1454158590237,317.59999999999997
807,131,26,2.242005502737284,3.3587786259541983,8.212977099236639,14.014656488549614,45.30916030534351,18.31832061068702,18.40047464332556,86.51908396946565,14.152484002407707,11.0,8.599999999999998,14.420000000000003,47.5,73.0,92,0.2841167980295448,1.0,7.600000000000001,13.519999999999996,43.5,0.3560778653530299,83,293.7027208585842,478.41234072646455,772.1150615850488,613.3
808,133,19,2.694732649773431,3.4586466165413534,8.203007518796989,14.00180451127819,45.28195488721804,18.206015037593982,19.717167878837767,86.56390977443608,54.9042699107338,11.0,8.599999999999998,14.360000000000003,47.5,72.0,91,0.2841167980295448,1.0,7.600000000000001,13.519999999999996,43.5,0.101238928805647,83,358.3994424198664,374.62618969791754,733.025632117784,305.4
809,128,22,2.752730041461402,3.4921875,8.202343749999994,14.001874999999988,45.28515625,17.10078125,15.456146965479498,86.765625,30.71215573070606,11.0,8.599999999999998,14.360000000000003,47.5,71.0,91,0.2841167980295448,1.0,7.600000000000001,13.519999999999996,43.5,0.35690265485521566,83,352.34944530705945,340.03523324054896,692.3846785476085,238.39999999999998
810,130,20,2.4841515057771217,3.5307692307692307,8.200769230769225,14.016615384615376,45.276923076923076,17.70923076923076,18.96134913368174,87.06923076923077,22.175441960178894,11.0,8.599999999999998,14.360000000000003,47.5,70.0,92,0.2841167980295448,1.0,7.600000000000001,13.519999999999996,43.5,0.1721928076251884,84,322.93969575102585,379.2269826736348,702.1666784246606,303.29999999999995
811,126,20,2.616854493565563,3.4206349206349205,8.218253968253963,14.02142857142856,45.23015873015873,17.9547619047619,17.084919181267775,87.23015873015873,69.53812100060193,10.0,8.599999999999998,14.360000000000003,47.5,69.0,92,0.2841167980295448,1.0,7.600000000000001,13.519999999999996,43.5,0.12167720735274523,84,329.72366618926094,341.6983836253555,671.4220498146165,385.4
812,126,14,2.882576163939204,3.4365079365079363,8.224603174603171,14.027142857142849,45.19047619047619,18.350000000000005,19.02677237665609,87.31746031746032,37.769634531393976,11.0,8.599999999999998,14.360000000000003,47.5,68.0,92,0.2841167980295448,1.0,7.600000000000001,13.519999999999996,43.5,0.09056429377662134,84,363.2045966563397,266.3748132731853,629.5794099295249,302.59999999999997
813,131,12,2.4600103444689805,3.519083969465649,8.223664122137397,14.022900763358766,45.213740458015266,17.961832061068705,21.54206507708024,87.3587786259542,18.884817265696988,11.0,8.599999999999998,14.360000000000003,47.5,67.0,92,0.2841167980295448,1.0,7.600000000000001,13.519999999999996,43.5,0.5608386036763726,84,322.26135512543647,258.5047809249629,580.7661360503994,295.09999999999997
814,131,17,2.200147518466687,3.572519083969466,8.21145038167938,14.014198473282432,45.24045801526717,18.058778625954204,15.399191227521094,87.42748091603053,9.442408632848494,11.0,8.599999999999998,14.360000000000003,47.5,66.0,92,0.2649496826893466,1.0,7.600000000000001,13.519999999999996,43.5,0.5608386036763726,84,288.219324919136,261.7862508678586,550.0055757869945,367.7
815,132,13,2.090582011997109,3.5,8.20757575757575,14.022727272727264,45.234848484848484,18.795454545454547,19.337071371836426,87.43181818181819,8.692265125075242,11.0,8.599999999999998,14.360000000000003,47.5,65.0,92,0.2649496826893466,1.0,7.600000000000001,13.519999999999996,43.5,0.17324050625752552,84,275.9568255836184,251.38192783387353,527.338753417492,189.7
816,127,16,2.0265824261394436,3.409448818897638,8.203937007874009,14.034960629921251,45.25984251968504,19.594488188976385,15.927424505860003,87.51968503937007,8.692265125075242,11.0,8.599999999999998,14.360000000000003,47.5,64.0,92,0.2649496826893466,1.0,7.600000000000001,13.519999999999996,43.5,0.18030107910606175,84,257.37596811970934,254.83879209376005,512.2147602134694,351.0
817,120,20,2.413557897150409,3.3666666666666667,8.200833333333328,14.031499999999994,45.24583333333333,19.845000000000006,10.168542550804595,87.675,68.69226512507524,11.0,8.499999999999998,14.360000000000003,47.5,63.0,92,0.2649496826893466,1.0,7.600000000000001,13.519999999999996,43.5,0.4015194663382575,84,289.62694765804906,203.3708510160919,492.997798674141,383.5
818,119,16,2.2515180109337374,3.3445378151260505,8.186554621848735,14.033781512605039,45.28151260504202,19.700000000000003,11.579228574824938,87.69747899159664,34.34613256253762,11.0,8.499999999999998,14.360000000000003,47.5,62.0,92,0.254594817259327,1.0,7.600000000000001,13.519999999999996,43.5,0.3262657355501225,84,267.93064330111474,185.26765719719901,453.19830049831376,327.29999999999995
819,116,12,2.7827760311947367,3.3879310344827585,8.175862068965511,14.040344827586196,45.293103448275865,20.300000000000008,8.466251921981275,87.76724137931035,46.86019895921428,11.0,8.499999999999998,14.360000000000003,47.5,61.0,92,0.254594817259327,1.0,7.600000000000001,13.519999999999996,43.5,0.934851377319493,84,322.80201961858944,101.5950230637753,424.3970426823647,292.59999999999997
820,110,19,2.6235446603085575,3.4727272727272727,8.176363636363632,14.033818181818178,45.28636363636364,21.35636363636364,5.4863715513405324,87.85454545454546,38.34613256253762,11.0,8.499999999999998,14.360000000000003,47.5,60.0,92,0.254594817259327,1.0,7.600000000000001,13.519999999999996,43.5,0.4549580690483895,84,288.5899126339413,104.24105947547012,392.83097210941145,509.5
821,99,21,2.5805062748775667,3.5656565656565657,8.183838383838376,14.033333333333328,45.26767676767677,21.745454545454553,5.302286117164301,87.91919191919192,38.34613256253762,11.0,8.499999999999998,14.360000000000003,47.5,59.0,92,0.254594817259327,1.0,7.600000000000001,13.519999999999996,43.5,0.47047139901396395,84,255.47012121287912,111.34800846045032,366.81812967332945,385.3
822,94,16,2.068051310946717,3.372340425531915,8.201063829787225,14.049787234042551,45.265957446808514,21.4436170212766,9.162754117652538,87.96808510638297,8.692265125075242,11.0,8.499999999999998,14.360000000000003,48.0,58.0,92,0.254594817259327,1.0,7.600000000000001,13.519999999999996,43.5,0.29217951936469355,84,194.3968232289914,146.6040658824406,341.000889111432,298.4
823,89,14,2.260080787068317,3.4831460674157304,8.213483146067409,14.049213483146065,45.2247191011236,20.82359550561798,8.661598418402804,87.98876404494382,12.038397687612862,11.0,8.499999999999998,14.360000000000003,48.0,57.0,92,0.254594817259327,1.0,7.600000000000001,13.519999999999996,43.5,0.18030107910606175,84,201.14719004908022,121.26237785763925,322.4095679067195,208.6
824,86,11,1.9997921459517327,3.558139534883721,8.218604651162783,14.048837209302324,45.23837209302326,20.003488372093027,11.866556160595241,88.03488372093024,8.692265125075242,11.0,8.499999999999998,14.360000000000003,48.0,56.0,92,0.2649496826893466,1.0,7.600000000000001,13.519999999999996,43.5,0.509189634518654,84,171.982124551849,130.53211776654766,302.51424231839667,145.79999999999998
825,84,6,2.629772198235034,3.607142857142857,8.222619047619043,14.05071428571428,45.226190476190474,21.60000000000001,11.593201006569876,88.11904761904762,41.121037387851175,11.0,8.499999999999998,14.360000000000003,48.0,55.0,92,0.2649496826893466,1.0,7.600000000000001,13.519999999999996,43.5,0.3468684700193768,84,220.90086465174286,69.55920603941925,290.4600706911621,156.29999999999998
826,80,11,2.4021021235036897,3.825,8.211249999999998,14.032999999999996,45.2375,21.63500000000001,7.029677113838907,88.1375,20.560518693925587,11.0,8.499999999999998,14.360000000000003,48.0,54.0,93,0.2649496826893466,1.0,7.600000000000001,13.519999999999996,43.5,0.2841167980295448,84,192.16816988029518,77.32644825222798,269.49461813252316,237.2
827,76,13,2.3306994509935905,3.9473684210526314,8.21315789473684,14.029210526315785,45.23684210526316,22.321052631578954,12.006034725446726,88.17105263157895,16.278798265709646,11.0,8.499999999999998,14.360000000000003,48.0,79.0,93,0.2649496826893466,1.0,7.600000000000001,13.519999999999996,43.5,0.2704516186590926,84,177.13315827551287,156.07845143080743,333.2116097063203,137.6
828,69,16,2.3267985905867943,4.043478260869565,8.227536231884056,14.046956521739125,45.17391304347826,22.378260869565224,15.193818585088327,88.44927536231884,16.278798265709646,11.0,8.499999999999998,14.360000000000003,48.0,84.0,93,0.2649496826893466,1.0,7.600000000000001,13.519999999999996,43.5,0.10690265485521566,84,160.5491027504888,243.10109736141322,403.650200111902,218.39999999999998
829,65,11,3.2849965092297606,3.8615384615384616,8.250769230769228,14.066461538461533,45.11538461538461,23.52461538461539,23.545523927103492,88.49230769230769,77.26494968268935,11.0,8.499999999999998,14.360000000000003,48.0,83.0,93,0.29507526977651544,1.0,7.600000000000001,13.519999999999996,43.5,0.18345196883250026,84,213.52477309993444,259.00076319813843,472.5255362980729,151.9
830,64,8,3.4016571654597834,3.859375,8.248437499999996,14.066562499999993,45.0625,24.837500000000006,29.318667087560353,88.453125,38.632474841344674,11.0,8.499999999999998,14.360000000000003,47.0,82.0,93,0.29507526977651544,1.0,7.600000000000001,13.519999999999996,43.5,0.6521149892981538,84,217.70605858942614,234.54933670048283,452.25539528990896,97.8
831,59,16,2.6661816091374084,4.11864406779661,8.240677966101693,14.056949152542368,45.110169491525426,23.35932203389831,17.447665301406435,88.54237288135593,12.77952880633622,11.0,8.499999999999998,14.360000000000003,47.0,81.0,93,0.39416394615320033,1.0,7.600000000000001,13.519999999999996,43.5,0.29507526977651544,84,157.3047149391071,279.16264482250295,436.46735976161006,139.7
832,61,14,3.732381002816734,4.262295081967213,8.227868852459014,14.056065573770487,45.09016393442623,22.368852459016395,25.617232241610417,88.67213114754098,80.56566371652518,12.0,8.499999999999998,14.360000000000003,47.0,93.0,93,0.39416394615320033,1.0,7.600000000000001,13.519999999999996,43.5,0.5298993653786932,84,227.67524117182077,358.6412513825458,586.3164925543666,82.79999999999998
833,57,14,3.876228619651886,4.43859649122807,8.23333333333333,14.052631578947366,45.06140350877193,23.01228070175439,30.22997921124169,88.89473684210526,40.28283185826259,12.0,8.599999999999998,14.360000000000003,47.0,92.0,93,0.4844715765841119,1.0,7.600000000000001,13.519999999999996,43.5,0.39416394615320033,84,220.9450313201575,423.21970895738366,644.1647402775411,149.2
834,54,14,5.382115801621229,4.407407407407407,8.229629629629628,14.05111111111111,44.9537037037037,22.037037037037038,23.43834177855629,89.07407407407408,96.38976440316812,12.0,8.599999999999998,14.360000000000003,47.0,91.0,93,0.4844715765841119,1.0,7.600000000000001,13.519999999999996,43.5,0.6570374218076285,84,290.63425328754636,328.13678489978804,618.7710381873344,124.89999999999998
835,54,11,4.524264686393021,4.296296296296297,8.211111111111109,14.051111111111108,44.96296296296296,21.298148148148144,32.17998227175212,89.27777777777777,100.52989407664951,12.0,8.699999999999998,14.360000000000003,47.0,90.0,93,0.4844715765841119,1.0,7.600000000000001,13.519999999999996,43.0,0.41950973316912865,85,244.31029306522314,353.97980498927325,598.2900980544964,125.39999999999998
836,52,14,4.757777082325531,4.576923076923077,8.18846153846154,14.050769230769232,45.01923076923077,20.17307692307692,22.250739988298154,89.51923076923077,50.264947038324756,12.0,8.699999999999998,14.360000000000003,47.0,89.0,93,0.4844715765841119,1.0,7.600000000000001,13.519999999999996,43.0,0.5217955576508517,85,247.40440828092764,311.51035983617413,558.9147681171017,150.49999999999997
837,51,13,4.312832791528303,4.901960784313726,8.141176470588235,14.036470588235296,45.1078431372549,18.182352941176465,23.509084388564638,89.80392156862744,44.31818584054541,12.0,8.699999999999998,14.360000000000003,47.0,88.0,93,0.3460202621225066,1.0,7.600000000000001,13.519999999999996,43.0,0.30181620969800527,86,219.95447236794342,305.61809705134027,525.5725694192837,92.59999999999998
838,51,10,5.341488630880516,4.9411764705882355,8.14705882352941,14.041176470588239,45.07843137254902,17.35490196078431,22.494297755515444,90.03921568627452,76.14359269293203,12.0,8.699999999999998,14.360000000000003,47.0,87.0,94,0.3460202621225066,1.0,7.600000000000001,13.519999999999996,43.0,0.3794466993895556,86,272.4159201749063,224.94297755515444,497.3588977300608,66.29999999999998
839,52,7,4.695316716132977,5.115384615384615,8.16730769230769,14.06,45.01923076923077,15.949999999999998,30.45678921219388,90.38461538461539,38.071796346466016,12.0,8.699999999999998,14.360000000000003,47.0,86.0,94,0.3460202621225066,1.0,7.700000000000001,13.519999999999996,43.0,0.7321906087377231,87,244.1564692389148,213.19752448535715,457.35399372427196,39.8
840,62,7,4.642067612597734,4.951612903225806,8.203225806451611,14.086129032258066,44.903225806451616,15.04354838709677,19.533315097504012,90.69354838709677,73.59237714288027,12.0,8.699999999999998,14.420000000000003,47.0,85.0,95,0.3460202621225066,1.0,7.700000000000001,13.519999999999996,42.5,0.2678718059086422,87,287.8081919810595,136.73320568252808,424.5413976635876,64.3
841,65,6,3.9794574742376914,4.923076923076923,8.216923076923075,14.101538461538459,44.93076923076923,16.199999999999996,27.8102373570607,90.73846153846154,36.79618857144013,12.0,8.699999999999998,14.420000000000003,47.0,84.0,95,0.3460202621225066,1.0,7.700000000000001,13.519999999999996,42.5,2.6021397169435074,87,258.66473582544995,166.8614241423642,425.5261599678141,120.6
842,63,13,2.9789425070835738,4.73015873015873,8.234920634920634,14.116190476190475,44.94444444444444,15.12222222222222,21.949715226070907,90.98412698412699,18.398094285720067,12.0,8.699999999999998,14.420000000000003,47.0,83.0,95,0.3460202621225066,1.0,7.700000000000001,13.519999999999996,42.5,1.4643812174754463,88,187.67337794626513,285.3462979389218,473.0196758851869,237.1
843,62,13,3.368480584409693,4.903225806451613,8.21774193548387,14.109354838709676,44.983870967741936,16.177419354838705,24.200201129674834,91.11290322580645,26.702538355903076,12.0,8.699999999999998,14.420000000000003,47.0,82.0,95,0.3460202621225066,1.0,7.700000000000001,13.519999999999996,42.5,0.9689431531682238,88,208.84579623340096,314.60261468577283,523.4484109191737,190.29999999999998
844,62,11,2.9113466646447574,4.870967741935484,8.224193548387095,14.123870967741933,45.03225806451613,16.60483870967742,30.4093555271785,91.14516129032258,14.280199736169287,12.0,8.699999999999998,14.420000000000003,47.0,81.0,95,0.3460202621225066,1.0,7.700000000000001,13.699999999999998,42.5,1.1415591898952973,88,180.50349320797497,334.5029107989635,515.0064040069385,113.3
845,65,11,3.0676746000859487,4.938461538461539,8.215384615384613,14.127384615384619,45.04615384615385,16.246153846153838,32.788248276163046,91.26153846153846,28.844097545798373,12.0,8.699999999999998,14.420000000000003,47.0,80.0,95,0.3768695766695145,1.0,7.600000000000001,13.699999999999998,42.5,0.6321445999959242,89,199.39884900558667,360.6707310377935,560.0695800433801,117.69999999999997
846,67,9,4.0241200994311255,4.985074626865671,8.202985074626865,14.120895522388059,45.05223880597015,16.80298507462686,38.64217785733882,91.3731343283582,79.69247165375852,12.0,8.699999999999998,14.420000000000003,47.0,77.0,95,0.3768695766695145,1.0,7.600000000000001,13.699999999999998,42.5,0.2951291394653273,89,269.6160466618854,347.7796007160494,617.3956473779348,66.3
847,67,11,3.527208393156774,4.970149253731344,8.214925373134326,14.129850746268657,45.007462686567166,17.779104477611934,37.20152942218989,91.56716417910448,39.84623582687926,12.0,8.799999999999997,14.420000000000003,47.0,76.0,96,0.3768695766695145,1.0,7.600000000000001,13.699999999999998,42.5,1.3141674936472367,89,236.32296234150385,409.21682364408883,645.5397859855927,171.29999999999998
848,65,13,3.39624536769441,5.046153846153846,8.216923076923074,14.132000000000003,44.99230769230769,17.769230769230766,30.987807588490487,91.64615384615385,19.92311791343963,12.0,8.799999999999997,14.480000000000004,47.0,75.0,97,0.3768695766695145,1.0,7.600000000000001,13.699999999999998,42.5,0.6036324193960105,89,220.75594890013664,402.8414986503763,623.5974475505129,97.1
849,64,15,3.1020055825096713,4.65625,8.224999999999998,14.154687500000001,44.8203125,17.175,32.449939584224545,91.9375,12.564777437770536,12.0,8.799999999999997,14.480000000000004,47.0,83.0,98,0.3768695766695145,1.0,7.600000000000001,13.699999999999998,42.0,0.9465472835069653,89,198.52835728061896,486.74909376336814,685.2774510439871,88.6
850,70,15,2.6651784928640985,4.457142857142857,8.221428571428566,14.182571428571428,44.6,15.684285714285712,39.57330347306822,92.47142857142858,12.600788789617702,12.0,8.799999999999997,14.540000000000004,47.0,82.0,99,0.3112987173974942,1.0,7.600000000000001,13.699999999999998,42.0,1.0952611392565113,89,186.5624945004869,593.5995520960233,780.1620465965102,33.3
851,69,18,4.322770936017913,4.391304347826087,8.228985507246374,14.187826086956518,44.572463768115945,17.766666666666666,27.577803459560794,92.55072463768116,67.90383285158602,12.0,8.799999999999997,14.540000000000004,47.0,81.0,99,0.3112987173974942,1.0,7.600000000000001,13.699999999999998,42.0,0.3112987173974942,89,298.271194585236,496.4004622720943,794.6716568573303,170.29999999999998
852,69,18,3.816653342135928,4.391304347826087,8.22173913043478,14.189565217391298,44.55072463768116,18.375362318840576,26.47886991184536,92.7536231884058,33.95191642579301,12.0,8.799999999999997,14.540000000000004,47.5,80.0,99,0.3112987173974942,1.0,7.600000000000001,13.699999999999998,42.0,1.2049949986651667,89,263.34908060737905,476.6196584132165,739.9687390205955,223.2
853,71,19,3.4238086401862033,4.746478873239437,8.207042253521124,14.168169014084501,44.640845070422536,19.332394366197178,27.467991250338688,92.73239436619718,16.975958212896504,13.0,8.799999999999997,14.540000000000004,47.5,79.0,99,0.3112987173974942,1.0,7.700000000000001,13.699999999999998,42.0,0.20499499866516668,89,243.09041345322044,521.8918337564351,764.9822472096555,199.39999999999998
854,71,21,3.0845932896981716,5.098591549295775,8.18732394366197,14.147887323943658,44.816901408450704,18.57183098591549,24.311791449719596,92.45070422535211,13.963028418678787,13.0,8.699999999999998,14.540000000000004,47.5,78.0,98,0.3768695766695145,1.0,7.700000000000001,13.699999999999998,42.0,0.3112987173974942,89,219.0061235685702,510.5476204441115,729.5537440126817,192.19999999999996
855,70,16,3.005049252899587,5.057142857142857,8.185714285714283,14.151714285714279,44.80714285714286,19.889999999999997,33.40050068898707,92.44285714285714,13.963028418678787,13.0,8.699999999999998,14.540000000000004,47.5,77.0,98,0.3768695766695145,1.0,7.700000000000001,13.699999999999998,42.0,0.757001656575538,89,210.3534477029711,534.4080110237932,744.7614587267642,105.89999999999999
856,62,22,3.201435005220255,5.112903225806452,8.182258064516127,14.145161290322577,44.87096774193548,19.704838709677418,26.167292107770777,92.48387096774194,22.02159317181348,13.0,8.699999999999998,14.540000000000004,47.5,76.0,98,0.3768695766695145,1.0,7.700000000000001,13.699999999999998,42.0,0.695231259012538,89,198.4889703236558,575.6804263709571,774.1693966946129,196.1
857,61,16,5.458702934915046,5.459016393442623,8.14918032786885,14.120983606557372,45.02459016393443,19.395081967213113,31.159411468515678,92.40983606557377,77.49038973917996,14.0,8.699999999999998,14.540000000000004,47.5,81.0,98,0.3768695766695145,1.0,7.600000000000001,13.639999999999997,42.0,0.8248852333088448,89,332.98087902981786,498.55058349625085,831.5314625260687,50.89999999999999
858,62,18,4.736820364366971,5.580645161290323,8.133870967741935,14.121935483870965,45.016129032258064,19.349999999999998,34.186359401874356,92.51612903225806,38.74519486958998,14.0,8.699999999999998,14.540000000000004,47.5,96.0,99,0.2782467934937355,1.0,7.600000000000001,13.639999999999997,41.5,0.556493586987471,89,293.6828625907522,615.3544692337384,909.0373318244906,109.99999999999997
859,62,21,4.491095062453771,5.419354838709677,8.1258064516129,14.132580645161287,44.92741935483871,19.448387096774194,36.046669697378206,92.79032258064517,38.74519486958998,14.0,8.699999999999998,14.540000000000004,47.5,98.0,100,0.2782467934937355,1.0,7.600000000000001,13.639999999999997,41.5,0.8753330466969977,89,278.44789387213376,756.9800636449423,1035.427957517076,89.3
860,64,21,4.699645705311486,5.265625,8.115624999999998,14.151875,44.7265625,20.315625,34.64043538468592,93.34375,38.74519486958998,14.0,8.599999999999998,14.540000000000004,47.5,97.0,101,0.2782467934937355,1.0,7.600000000000001,13.639999999999997,41.0,0.695231259012538,89,300.7773251399351,727.4491430784044,1028.2264682183395,187.89999999999998
861,64,21,4.920714531789567,5.1875,8.1296875,14.180937499999999,44.4765625,20.589062499999997,31.751784475208822,93.6875,39.02159317181348,14.0,8.599999999999998,14.540000000000004,47.5,96.0,101,0.28057185070155977,1.0,7.600000000000001,13.639999999999997,41.0,0.2782467934937355,89,314.9257300345323,666.7874739793853,981.7132040139176,226.5
862,67,22,4.715434802670801,5.597014925373134,8.13283582089552,14.195223880597014,44.44776119402985,17.37910447761194,31.792625611737932,93.91044776119404,28.535743611817285,14.0,8.699999999999998,14.600000000000005,48.0,95.0,101,0.28057185070155977,1.0,7.600000000000001,13.639999999999997,41.0,0.5611437014031195,89,315.93413177894365,699.4377634582345,1015.3718952371781,105.89999999999999
863,68,22,4.330716284569164,5.397058823529412,8.154411764705882,14.220588235294112,44.23529411764706,15.380882352941171,34.84851762198248,94.20588235294117,29.511539982293076,14.0,8.699999999999998,14.600000000000005,48.0,94.0,101,0.39548904245933586,1.0,7.600000000000001,13.639999999999997,41.0,0.43052487533075845,90,294.4887073507031,766.6673876836146,1061.1560950343178,128.6
864,70,17,5.592045439942766,5.357142857142857,8.155714285714284,14.219428571428567,44.2,17.117142857142852,41.32248325587458,94.25714285714285,60.75539829295337,14.0,8.699999999999998,14.600000000000005,48.0,93.0,101,0.39548904245933586,1.0,7.600000000000001,13.639999999999997,41.0,1.189743635827063,90,391.44318079599367,702.4822153498678,1093.9253961458614,138.4
865,69,26,4.748107674804705,5.579710144927536,8.143478260869564,14.199999999999994,44.38405797101449,15.77101449275362,31.798309650694275,93.94202898550725,51.58195616983734,14.0,8.699999999999998,14.600000000000005,48.0,92.0,101,0.5565835087800577,1.0,7.600000000000001,13.639999999999997,41.0,0.189743635827063,90,327.6194295615246,826.7560509180512,1154.3754804795758,234.5
866,71,23,5.666479214768271,5.802816901408451,8.140845070422534,14.19859154929577,44.42253521126761,14.991549295774643,33.38124708408716,94.14084507042253,43.8087367250634,14.0,8.699999999999998,14.600000000000005,48.0,91.0,101,0.4458709939346451,1.0,7.600000000000001,13.639999999999997,41.0,0.11316701756011538,90,402.32002424854727,767.7686829340046,1170.0887071825518,106.6
867,73,20,6.668941196079951,5.465753424657534,8.145205479452054,14.213698630136985,44.25342465753425,14.539726027397256,38.931205404947214,94.3972602739726,69.35993590895677,14.0,8.699999999999998,14.660000000000005,48.0,90.0,101,0.4458709939346451,1.0,7.600000000000001,13.639999999999997,40.5,0.6225974347949884,90,486.8327073138364,778.6241080989442,1265.4568154127805,202.0
868,78,23,6.184458686492188,5.4743589743589745,8.137179487179484,14.20230769230769,44.243589743589745,14.130769230769229,30.153948272138614,94.42307692307692,70.79097808491868,14.0,8.799999999999997,14.660000000000005,48.0,89.0,102,0.29073266878203397,1.0,7.600000000000001,13.639999999999997,40.5,0.6225974347949884,90,482.3877775463906,693.5408102591881,1175.9285878055787,296.09999999999997
869,89,22,5.833564711523959,5.415730337078652,8.141573033707862,14.18539325842696,44.3876404494382,13.170786516853934,26.83812463615186,94.52808988764045,96.48797910644825,14.0,8.899999999999997,14.660000000000005,48.5,85.0,102,0.29073266878203397,1.0,7.600000000000001,13.579999999999997,40.5,1.3690230226582312,90,519.1872593256323,590.4387419953409,1109.6260013209733,203.5
870,99,21,4.898565960071871,5.111111111111111,8.151515151515152,14.18242424242424,44.39393939393939,12.584848484848484,26.022855824326452,94.6969696969697,48.243989553224125,14.0,8.899999999999997,14.660000000000005,48.5,84.0,102,0.29073266878203397,1.0,7.600000000000001,13.579999999999997,40.5,0.36902302265823117,90,484.9580300471153,546.4799723108555,1031.4380023579708,203.7
871,108,19,4.640860810108518,5.092592592592593,8.137962962962964,14.185000000000006,44.2962962962963,11.683333333333334,28.931528894064503,95.26851851851852,48.783483975738584,14.0,8.899999999999997,14.660000000000005,48.5,93.0,103,0.2639920162884271,1.0,7.600000000000001,13.579999999999997,40.5,1.189743635827063,90,501.21296749171995,549.6990489872255,1050.9120164789456,184.89999999999998
872,122,18,4.049294617532882,4.819672131147541,8.13688524590164,14.197213114754096,44.114754098360656,11.490983606557375,28.864354765662572,95.8360655737705,57.074940446428755,13.0,8.899999999999997,14.660000000000005,48.5,92.0,104,0.2639920162884271,1.0,7.600000000000001,13.579999999999997,40.5,0.8444712488933173,90,494.01394333901163,519.5583857819263,1013.5723291209379,204.39999999999998
873,124,18,5.100334922722561,4.75,8.110483870967743,14.181935483870967,44.125,11.725,20.35267281892292,96.03225806451613,94.0152493470765,13.0,8.799999999999997,14.660000000000005,48.5,81.0,104,0.2639920162884271,1.0,7.600000000000001,13.579999999999997,40.5,0.35993590895676597,90,632.4415304175975,366.3481107406125,998.7896411582101,313.09999999999997
874,131,11,5.430571434261538,4.877862595419847,8.100763358778627,14.166717557251905,44.232824427480914,12.674809160305342,18.57666313502314,96.04580152671755,83.69019914647669,13.0,8.799999999999997,14.660000000000005,48.5,59.0,104,0.2639920162884271,1.0,7.600000000000001,13.579999999999997,40.5,1.3690230226582312,90,711.4048578882615,204.34329448525452,915.7481523735161,275.0
875,133,21,4.03047980043418,4.969924812030075,8.107518796992483,14.15293233082707,44.29323308270677,12.996992481203007,13.814748971318787,96.1203007518797,41.84509957323834,14.0,8.799999999999997,14.660000000000005,48.5,58.0,104,0.2639920162884271,1.0,7.600000000000001,13.579999999999997,40.5,0.5902582789306546,90,536.053813457746,290.10972839769454,826.1635418554405,510.0
876,138,14,4.139438099579845,5.239130434782608,8.097101449275364,14.123478260869561,44.44565217391305,13.818115942028987,13.598078348609159,95.9927536231884,56.75945195775787,14.0,8.799999999999997,14.660000000000005,48.5,57.0,105,0.2765272581442136,1.0,7.600000000000001,13.519999999999996,40.5,0.2639920162884271,90,571.2424577420186,190.3730968805282,761.6155546225468,310.29999999999995
877,139,13,3.823342093368972,5.251798561151079,8.1,14.115251798561149,44.50359712230216,15.199280575539568,13.944286463252864,96.05755395683454,28.379725978878934,14.0,8.799999999999997,14.660000000000005,48.5,56.0,105,0.2765272581442136,1.0,7.600000000000001,13.519999999999996,40.5,0.29073266878203397,90,531.4445509782871,181.27572402228722,712.7202750005744,488.0
878,136,12,3.9381875576238135,5.5,8.094117647058825,14.091764705882353,44.63970588235294,17.557352941176468,12.06512794365298,95.80147058823529,23.750083771500766,14.0,8.799999999999997,14.660000000000005,48.5,55.0,105,0.2765272581442136,1.0,7.600000000000001,13.519999999999996,40.5,0.5530545162884272,90,535.5935078368386,144.78153532383575,680.3750431606744,479.4
879,135,14,4.076982893374221,5.42962962962963,8.087407407407406,14.084000000000001,44.65555555555556,18.06074074074074,7.066376899566402,95.96296296296296,59.87595308419228,14.0,8.799999999999997,14.660000000000005,48.5,41.0,105,0.2765272581442136,1.0,7.500000000000002,13.519999999999996,40.5,0.5814653375640679,90,550.3926906055199,98.92927659392963,649.3219671994495,462.3
880,134,18,3.6162983120187375,5.485074626865671,8.082835820895523,14.071194029850751,44.708955223880594,17.55,9.781561553769999,95.91791044776119,29.93797654209614,14.0,8.799999999999997,14.660000000000005,48.5,59.0,105,0.2765272581442136,1.0,7.500000000000002,13.579999999999997,40.5,0.2765272581442136,90,484.5839738105108,176.06810796786,660.6520817783708,361.8
881,134,13,3.7197618490119604,5.537313432835821,8.082089552238804,14.052388059701494,44.86194029850746,18.04850746268657,10.253299589191784,95.90298507462687,29.93797654209614,14.0,8.799999999999997,14.660000000000005,48.5,58.0,106,0.2765272581442136,1.0,7.500000000000002,13.579999999999997,40.5,0.5530545162884272,90,498.4480877676027,133.2928946594932,631.7409824270959,341.0
882,121,21,3.7513371904720563,5.512396694214876,8.085123966942149,14.05355371900826,44.917355371900825,18.47933884297521,7.542556361559504,95.8099173553719,46.1498808928575,14.0,8.799999999999997,14.660000000000005,48.5,57.0,107,0.34025823840850333,1.0,7.500000000000002,13.579999999999997,40.5,0.07414774689691894,90,453.9118000471188,158.3936835927496,612.3054836398684,505.8
883,112,18,3.955228927279292,5.642857142857143,8.082142857142857,14.047142857142857,44.99107142857143,19.380357142857154,7.69937146023655,95.75,29.93797654209614,14.0,8.799999999999997,14.660000000000005,48.5,56.0,107,0.26229202790467876,1.0,7.500000000000002,13.579999999999997,40.5,0.5279840325768542,90,442.9856398552807,138.5886862842579,581.5743261395386,387.8
884,110,15,3.794258705336511,5.618181818181818,8.067272727272725,14.041999999999993,44.981818181818184,19.815454545454553,8.73861833750433,95.93636363636364,29.93797654209614,14.0,8.799999999999997,14.660000000000005,48.5,55.0,107,0.26229202790467876,1.0,7.500000000000002,13.579999999999997,40.5,0.27371358896869413,90,417.3684575870162,131.07927506256493,548.4477326495812,310.0
885,108,13,3.618478243652499,5.833333333333333,8.057407407407405,14.018333333333329,45.10648148148148,20.15555555555556,9.679818789333945,95.81481481481481,21.642998088183298,14.0,8.799999999999997,14.660000000000005,48.5,54.0,107,0.26229202790467876,1.0,7.500000000000002,13.579999999999997,40.0,0.5530545162884272,90,390.7956503144699,125.83764426134128,516.6332945758112,347.09999999999997
886,97,15,4.599544573110508,6.195876288659794,8.058762886597941,14.019793814432989,45.18556701030928,21.698969072164957,3.2456632853795364,95.89690721649484,53.34225575566456,14.0,8.799999999999997,14.660000000000005,48.5,15.455647554958546,107,0.26229202790467876,1.0,7.500000000000002,13.579999999999997,40.0,0.44343321841998334,91,446.1558235917193,48.68494928069305,494.84077287241234,450.59999999999997
887,89,18,4.445833709166428,6.561797752808989,8.03932584269663,13.977078651685389,45.49438202247191,23.748314606741577,3.3381048772302164,95.66292134831461,26.67112787783228,14.0,8.799999999999997,14.660000000000005,48.5,13.33556393891614,107,0.26229202790467876,1.0,7.500000000000002,13.579999999999997,40.0,0.33029965525995,91,395.67920011581214,60.08588779014389,455.765087905956,488.6
888,85,14,4.199080726649772,6.623529411764705,8.038823529411767,13.973176470588228,45.60588235294118,22.97058823529412,4.422933029988253,95.62352941176471,13.33556393891614,14.0,8.799999999999997,14.660000000000005,48.5,12.33556393891614,107,0.26229202790467876,1.0,7.500000000000002,13.579999999999997,40.0,0.2655810364191325,91,356.9218617652306,61.92106241983555,418.8429241850661,206.0
889,88,10,3.9921493471112117,6.511363636363637,8.039772727272727,13.972727272727269,45.61363636363637,22.175,3.6396015429136908,95.64772727272727,14.305757801316387,14.0,8.799999999999997,14.660000000000005,48.5,6.499486965201086,107,0.26229202790467876,1.0,7.500000000000002,13.579999999999997,40.0,0.3313814923965004,91,351.30914254578664,36.39601542913691,387.70515797492357,181.70000000000002
890,81,14,4.072859246924283,6.790123456790123,8.035802469135804,13.959999999999999,45.72839506172839,21.50864197530864,2.722350889973748,95.46913580246914,11.684511511329116,14.0,8.799999999999997,14.660000000000005,48.5,6.66778196945807,104,0.26229202790467876,1.0,7.500000000000002,13.579999999999997,40.0,0.36902302265823117,91,329.9015990008669,38.112912459632476,368.01451146049936,246.20000000000002
891,76,12,3.974063876380489,6.565789473684211,8.040789473684208,13.957368421052632,45.67763157894737,21.749999999999993,3.924235806293293,95.35526315789474,14.043801245119619,14.0,8.799999999999997,14.660000000000005,48.0,8.898606196654793,104,0.26229202790467876,1.0,7.500000000000002,13.579999999999997,40.0,0.36902302265823117,91,302.02885460491717,47.090829675519515,349.1196842804367,245.70000000000002
892,73,9,3.859566374337953,6.465753424657534,8.036986301369863,13.962191780821922,45.61643835616438,23.86438356164383,5.708223741408943,95.5068493150685,17.472491803976283,14.0,8.799999999999997,14.660000000000005,48.0,9.92559766142164,104,0.26229202790467876,1.0,7.500000000000002,13.579999999999997,40.0,1.2122180651537087,91,281.7483453266706,51.37401367268049,333.12235899935104,263.0
893,64,18,3.482542459996998,6.375,8.025000000000002,13.953125000000005,45.640625,23.1609375,5.249114985267746,95.4375,11.684511511329116,14.0,8.799999999999997,14.660000000000005,48.0,12.233602190964591,104,0.2986078634013347,1.0,7.500000000000002,13.579999999999997,40.0,0.26229202790467876,91,222.88271743980786,94.48406973481943,317.3667871746273,297.2
894,58,18,3.6327523693226498,6.551724137931035,8.032758620689657,13.946206896551727,45.706896551724135,22.232758620689655,4.89053022483883,95.37931034482759,10.61005262037322,13.0,8.799999999999997,14.660000000000005,48.0,11.684511511329116,104,0.2986078634013347,1.0,7.500000000000002,13.579999999999997,40.0,0.0843724964436241,91,210.69963742071369,88.02954404709894,298.7291814678126,88.5
895,56,10,4.071983194581957,6.517857142857143,8.053571428571432,13.959285714285718,45.714285714285715,22.44464285714286,4.990668511891636,95.46428571428571,14.108977820700149,13.0,8.899999999999997,14.660000000000005,48.0,10.684511511329116,104,0.2986078634013347,1.0,7.500000000000002,13.579999999999997,40.0,0.6845115113291156,91,228.0310588965896,49.906685118916364,277.937744015506,118.0
896,57,6,4.161171767995396,6.7894736842105265,8.031578947368423,13.936842105263162,45.85964912280702,20.78070175438597,3.2993250033918406,95.50877192982456,14.422569412750065,13.0,8.899999999999997,14.660000000000005,48.0,9.684511511329116,104,0.2986078634013347,1.0,7.500000000000002,13.519999999999996,40.0,0.4458709939346451,91,237.18679077573753,19.795950020351043,256.9827407960886,63.8
897,61,3,3.750564489547631,6.639344262295082,8.057377049180332,13.940000000000005,45.84426229508197,20.714754098360658,4.273440740473672,95.62295081967213,10.61005262037322,13.0,8.899999999999997,14.660000000000005,48.0,6.639303956164419,104,0.2986078634013347,1.0,7.500000000000002,13.519999999999996,40.0,0.7376159709919294,91,228.7844338624055,12.820322221421016,241.60475608382652,79.2
898,61,6,3.4190288061149032,6.39344262295082,8.072131147540984,13.94786885245902,45.75409836065574,20.757377049180324,4.209285606367415,95.81967213114754,10.61005262037322,13.0,8.899999999999997,14.660000000000005,48.0,5.768735111607188,104,0.2986078634013347,1.0,7.500000000000002,13.519999999999996,40.0,0.3963944890736493,91,208.5607571730091,25.255713638204494,233.8164708112136,103.9
899,58,6,3.6111599735049595,6.362068965517241,8.081034482758621,13.929655172413796,45.91379310344828,20.25862068965517,2.867297956769047,95.62068965517241,14.355669007030098,13.0,8.899999999999997,14.660000000000005,48.0,6.121679230228407,104,0.3751045596366941,1.0,7.500000000000002,13.519999999999996,41.5,0.2986078634013347,91,209.44727846328766,17.20378774061428,226.65106620390193,88.89999999999999
900,58,5,3.582795765465191,6.327586206896552,8.070689655172414,13.92344827586207,45.89655172413793,21.315517241379315,19.793108005085372,95.48275862068965,14.355669007030098,13.0,8.899999999999997,14.660000000000005,48.0,89.0,104,0.3751045596366941,1.0,7.500000000000002,13.519999999999996,41.5,0.29483501970632825,91,207.80215439698108,98.96554002542686,306.76769442240794,104.7
901,59,5,3.335433870846307,6.186440677966102,8.061016949152544,13.917627118644068,45.90677966101695,20.46949152542373,25.13297533135239,95.72881355932203,10.61005262037322,13.0,8.899999999999997,14.660000000000005,48.0,88.0,104,0.29483501970632825,1.0,7.500000000000002,13.519999999999996,41.5,2.884367555803594,91,196.79059837993213,125.66487665676195,322.4554750366941,64.8
902,58,4,3.496353957660854,6.258620689655173,8.058620689655173,13.914137931034482,45.939655172413794,21.689655172413794,41.916736373091126,95.72413793103448,10.61005262037322,13.0,8.899999999999997,14.660000000000005,48.0,87.0,104,0.29483501970632825,1.0,7.500000000000002,13.519999999999996,41.5,1.6669454923645175,91,202.78852954432955,167.6669454923645,370.45547503669405,47.7
903,54,9,3.3415462984644106,6.277777777777778,8.059259259259262,13.907777777777776,46.02777777777778,22.505555555555564,23.515570983053408,95.62962962962963,10.61005262037322,13.0,8.899999999999997,14.540000000000004,48.0,86.0,104,0.29483501970632825,1.0,7.500000000000002,13.519999999999996,42.0,0.5245840558093575,91,180.44350011707817,211.64013884748067,392.0836389645589,138.1
904,51,8,3.8053211468829624,6.137254901960785,8.082352941176472,13.916470588235292,46.009803921568626,23.670588235294122,27.439035248766807,95.76470588235294,28.74367214427044,13.0,8.899999999999997,14.540000000000004,48.0,85.0,104,0.29483501970632825,1.0,7.500000000000002,13.519999999999996,42.0,1.141921681401706,91,194.07137849103108,219.51228199013445,413.58366048116557,96.3
905,54,7,3.610970640489928,6.037037037037037,8.094444444444447,13.920000000000003,46.00925925925926,23.381481481481476,34.39171510959271,95.72222222222223,14.37183607213522,13.0,8.899999999999997,14.540000000000004,48.0,84.0,104,0.29483501970632825,1.0,7.500000000000002,13.519999999999996,42.0,0.5896700394126565,91,194.99241458645614,240.74200576714898,435.7344203536051,56.699999999999996
906,59,9,2.9605399152655125,5.932203389830509,8.111864406779663,13.926779661016955,46.0,21.0864406779661,37.70100864619653,95.72881355932203,10.61005262037322,13.0,8.899999999999997,14.540000000000004,48.0,97.0,104,0.29483501970632825,1.0,7.500000000000002,13.519999999999996,42.0,0.9708240519648623,91,174.67185500066523,339.3090778157688,513.980932816434,40.5
907,58,8,3.59343392105429,5.827586206896552,8.110344827586209,13.925517241379316,45.96551724137931,21.90344827586206,46.53818261537125,95.84482758620689,31.148860136893283,13.0,8.899999999999997,14.540000000000004,48.0,96.0,104,0.2854804203504265,1.0,7.500000000000002,13.519999999999996,42.0,0.5367258113627461,91,208.4191674211488,372.30546092297,580.7246283441189,71.7
908,59,9,3.8376062349360405,5.796610169491525,8.115254237288138,13.926779661016953,46.0,22.17796610169491,38.986517204790964,95.88135593220339,45.655840265101205,13.0,8.899999999999997,14.540000000000004,48.0,95.0,104,0.2854804203504265,1.0,7.500000000000002,13.519999999999996,42.0,4.441436489251331,91,226.4187678612264,350.8786548431187,577.2974227043451,88.9
909,57,13,3.4369149696333645,6.0,8.131578947368421,13.940000000000003,46.07017543859649,20.519298245614028,28.779915237946202,95.80701754385964,22.827920132550602,13.0,8.899999999999997,14.540000000000004,48.0,94.0,104,0.2854804203504265,1.0,7.500000000000002,13.519999999999996,42.0,1.1984307515470791,92,195.90415326910178,374.1388980933006,570.0430513624024,70.4
910,57,12,3.3554408487008347,6.280701754385965,8.133333333333333,13.927368421052634,46.13157894736842,19.47719298245614,30.92975769763957,95.85964912280701,12.588922362764087,13.0,8.899999999999997,14.540000000000004,48.0,93.0,104,0.29483501970632825,1.0,7.500000000000002,13.519999999999996,42.0,0.570960840700853,92,191.26012837594757,371.1570923716748,562.4172207476224,31.400000000000002
911,55,11,3.4849865481209257,6.290909090909091,8.14181818181818,13.937818181818185,46.1,19.787272727272725,33.37927270547914,95.85454545454546,15.312586809438647,13.0,8.899999999999997,14.540000000000004,48.0,92.0,104,0.29483501970632825,1.0,7.500000000000002,13.519999999999996,42.0,2.5237635765118114,92,191.6742601466509,367.1719997602705,558.8462599069214,31.5
912,54,12,3.7199119160700405,6.388888888888889,8.137037037037038,13.932222222222224,46.138888888888886,20.71481481481481,35.81864882070402,95.85185185185185,15.312586809438647,13.0,8.899999999999997,14.540000000000004,48.0,91.0,104,0.29483501970632825,1.0,7.500000000000002,13.519999999999996,42.0,0.7881007909597356,92,200.87524346778218,429.8237858484482,630.6990293162304,72.2
913,53,12,3.465167112614652,6.226415094339623,8.139622641509435,13.940000000000001,46.06603773584906,21.796226415094335,39.22305422140447,95.84905660377359,10.61005262037322,13.0,8.899999999999997,14.540000000000004,48.0,90.0,104,0.29483501970632825,1.0,7.500000000000002,13.519999999999996,42.0,4.36406384741497,92,183.65385696857655,470.6766506568536,654.3305076254302,90.6
914,54,12,3.5578261444380863,6.074074074074074,8.137037037037036,13.946666666666669,45.99074074074074,22.688888888888886,40.04354834590776,95.88888888888889,23.84543774327836,13.0,8.899999999999997,14.540000000000004,48.0,89.0,104,0.29483501970632825,1.0,7.500000000000002,13.579999999999997,42.0,5.0,92,192.12261179965665,480.5225801508931,672.6451919505497,81.3
915,50,16,4.213028035870763,5.52,8.126,13.946000000000002,45.96,21.102000000000004,33.79069576997321,96.08,43.5929590180338,13.0,8.899999999999997,14.540000000000004,48.0,92.0,104,0.29483501970632825,1.0,7.500000000000002,13.579999999999997,42.0,1.4028134266715862,92,210.65140179353816,540.6511323195714,751.3025341131096,89.3
916,52,14,4.33123908766386,5.653846153846154,8.115384615384615,13.934230769230775,46.02884615384615,20.626923076923074,43.62546956634539,96.0,28.55241777641601,13.0,8.899999999999997,14.540000000000004,48.0,91.0,104,0.29483501970632825,1.0,7.500000000000002,13.579999999999997,42.0,0.9030839122666162,92,225.22443255852073,610.7565739288355,835.9810064873561,15.600000000000001
917,53,16,4.568228945630656,5.69811320754717,8.139622641509435,13.938867924528308,46.0188679245283,20.050943396226415,41.38462775299587,96.09433962264151,33.89360751711166,13.0,8.899999999999997,14.540000000000004,48.0,90.0,104,0.29483501970632825,1.0,7.500000000000002,13.579999999999997,42.0,0.570960840700853,92,242.11613411842478,662.1540440479339,904.2701781663586,146.4
918,55,15,3.903929433103041,5.254545454545455,8.145454545454545,13.959636363636372,45.89090909090909,19.64181818181818,43.97320386524645,96.41818181818182,35.92765253427363,13.0,8.899999999999997,14.600000000000005,48.0,89.0,105,0.29483501970632825,1.0,7.500000000000002,13.579999999999997,42.0,0.7972350381869475,92,214.71611882066728,659.5980579786967,874.314176799364,125.80000000000001
919,55,14,3.6392067861174415,4.909090909090909,8.185454545454544,13.985818181818189,45.77272727272727,17.94909090909091,45.903805783286806,96.7090909090909,17.963826267136817,13.0,8.899999999999997,14.600000000000005,48.5,88.0,105,0.29483501970632825,1.0,7.500000000000002,13.579999999999997,42.0,0.44755261248006867,92,200.15637323645927,642.6532809660152,842.8096542024746,119.7
920,60,12,3.7453163703509986,5.05,8.196666666666667,13.988000000000005,45.825,16.465,54.06801981661741,96.66666666666667,35.799618716617246,13.0,8.899999999999997,14.600000000000005,48.5,87.0,105,0.29483501970632825,1.0,7.500000000000002,13.579999999999997,42.0,0.5896700394126565,92,224.71898222105992,648.8162377994089,873.5352200204688,0.0
921,60,17,4.094185016310239,5.066666666666666,8.215,14.003000000000005,45.80833333333333,13.796666666666669,36.990700006281614,96.76666666666667,79.72455993862711,13.0,8.999999999999996,14.600000000000005,48.5,86.0,105,0.29483501970632825,1.0,7.500000000000002,13.579999999999997,42.0,0.6433671987243956,92,245.65110097861432,628.8419001067874,874.4930010854017,80.5
922,63,17,5.317891398982813,5.174603174603175,8.236507936507936,14.00666666666667,45.857142857142854,13.915873015873018,30.75013839448484,96.6984126984127,80.92765253427363,13.0,8.999999999999996,14.600000000000005,48.5,85.0,105,0.29483501970632825,1.0,7.500000000000002,13.579999999999997,42.0,0.179340078825313,92,335.02715813591726,522.7523527062423,857.7795108421595,48.4
923,65,16,5.491405216579549,5.107692307692307,8.258461538461539,14.00738461538462,45.83076923076923,13.132307692307695,31.98717997103184,96.73846153846154,81.94680375855583,11.0,8.999999999999996,14.600000000000005,48.5,84.0,105,0.29483501970632825,1.0,7.500000000000002,13.579999999999997,42.0,1.0234440349772933,92,356.9413390776707,511.7948795365094,868.7362186141802,64.5
924,73,15,4.2795461019677,5.328767123287672,8.272602739726024,14.003287671232881,45.897260273972606,12.460273972602742,39.58281647118414,96.79452054794521,40.973401879277915,11.0,8.999999999999996,14.600000000000005,48.5,83.0,105,0.29483501970632825,1.0,7.500000000000002,13.579999999999997,42.0,0.7422470677620177,92,312.4068654436421,593.742247067762,906.1491125114042,0.0
925,80,15,3.684553848789988,5.275,8.295,14.01875,45.95,12.945000000000002,48.724790561318734,96.8875,25.883375877636286,11.0,8.999999999999996,14.600000000000005,48.5,89.0,105,0.29483501970632825,1.0,7.500000000000002,13.639999999999997,42.0,2.0,92,294.76430790319904,730.871858419781,1025.63616632298,119.4
926,86,15,4.623249988715249,5.3604651162790695,8.294186046511628,14.017441860465116,46.03488372093023,15.203488372093027,41.1509663047232,96.84883720930233,63.85860099818699,11.0,8.999999999999996,14.600000000000005,49.0,88.0,105,0.29483501970632825,1.0,7.500000000000002,13.639999999999997,42.0,1.0,92,397.5994990295114,617.264494570848,1014.8639936003594,202.89999999999998
927,90,16,3.9420835111220778,5.411111111111111,8.308888888888887,14.031333333333334,46.05,15.732222222222223,37.63124762590954,96.93333333333334,31.929300499093497,11.0,8.999999999999996,14.600000000000005,49.0,87.0,106,0.29483501970632825,1.0,7.500000000000002,13.639999999999997,42.0,0.6322472854240128,92,354.787516000987,602.0999620145526,956.8874780155396,195.2
928,89,17,4.013998966575063,5.112359550561798,8.33595505617977,14.059325842696623,45.89887640449438,15.48876404494382,32.959416679518775,97.14606741573034,51.731996286471,11.0,9.099999999999996,14.600000000000005,49.0,86.0,106,0.29483501970632825,1.0,7.500000000000002,13.639999999999997,41.5,1.7964795090169026,93,357.2459080251806,560.3100835518192,917.5559915769998,213.49999999999997
929,90,17,3.7061087199006555,5.011111111111111,8.35222222222222,14.071999999999997,45.87777777777778,15.344444444444445,31.86088044488588,97.22222222222223,25.8659981432355,11.0,9.099999999999996,14.600000000000005,49.0,85.0,106,0.29483501970632825,1.0,7.500000000000002,13.639999999999997,41.5,0.5896700394126565,93,333.549784791059,541.63496756306,875.1847523541189,205.7
930,98,18,2.9538454764817295,4.857142857142857,8.360204081632654,14.096122448979585,45.734693877551024,15.327551020408162,29.98682911943598,97.65306122448979,12.93299907161775,11.0,9.099999999999996,14.600000000000005,49.0,84.0,107,0.29483501970632825,1.0,7.500000000000002,13.639999999999997,41.5,0.7172019963739911,93,289.4768566952095,539.7629241498477,829.2397808450571,257.2
931,90,22,4.130283676665987,4.688888888888889,8.370000000000001,14.111999999999995,45.57222222222222,15.305555555555559,19.719932491339943,97.96666666666667,54.118350469819475,11.0,9.099999999999996,14.600000000000005,49.0,83.0,107,0.29483501970632825,1.0,7.500000000000002,13.639999999999997,41.5,0.6027104499202747,93,371.7255308999388,433.83851480947874,805.5640457094175,416.49999999999994
932,88,19,5.433318124867018,4.784090909090909,8.362499999999997,14.108409090909083,45.53977272727273,15.279545454545456,14.086731704358732,98.22727272727273,79.47051436721608,11.0,9.099999999999996,14.600000000000005,49.0,82.0,107,0.29483501970632825,1.0,7.500000000000002,13.639999999999997,41.5,0.3161236427120064,93,478.13199498829755,267.6479023828159,745.7798973711135,242.79999999999995
933,94,12,5.282599368559504,4.9787234042553195,8.35212765957447,14.087446808510634,45.63297872340426,14.579787234042554,14.77495907740932,98.12765957446808,70.66266940312002,12.0,9.099999999999996,14.540000000000004,49.0,81.0,107,0.29483501970632825,1.0,7.500000000000002,13.639999999999997,41.5,0.9827849961641943,93,496.56434064459336,177.29950892891185,673.8638495735051,151.59999999999997
934,104,8,5.581699349372341,4.855769230769231,8.3375,14.08134615384615,45.64903846153846,14.372115384615382,4.22618014228315,98.25,81.04688806995459,12.0,9.099999999999996,14.540000000000004,49.0,10.0,108,0.29483501970632825,1.0,7.500000000000002,13.639999999999997,41.5,0.7172019963739911,93,580.4967323347234,33.8094411382652,614.3061734729887,202.79999999999995
935,113,6,4.676158742180183,4.911504424778761,8.322123893805308,14.079115044247786,45.70796460176991,15.6787610619469,14.74818288411595,98.31858407079646,70.66266940312002,12.0,9.099999999999996,14.540000000000004,49.0,70.0,108,0.29483501970632825,1.0,7.500000000000002,13.639999999999997,41.5,1.1216752349097394,93,528.4059378663607,88.4890973046957,616.8950351710564,241.19999999999996
936,114,13,4.092651469378897,4.859649122807017,8.307894736842107,14.076842105263156,45.73245614035088,16.514912280701754,8.360845214744325,98.47368421052632,70.66266940312002,11.0,9.099999999999996,14.540000000000004,49.0,69.0,108,0.29483501970632825,1.0,7.500000000000002,13.639999999999997,41.5,0.12167523490973942,93,466.5622675091942,108.69098779167622,575.2532553008705,385.49999999999994
937,114,14,3.5238100181397036,4.728070175438597,8.30263157894737,14.081052631578947,45.70614035087719,15.757894736842104,8.991086758410514,98.65789473684211,35.33133470156001,10.0,9.099999999999996,14.540000000000004,49.0,68.0,108,0.5117220174886467,1.0,7.500000000000002,13.639999999999997,41.5,0.29483501970632825,93,401.7143420679262,125.87521461774719,527.5895566856734,248.79999999999995
938,117,13,3.1905314601588652,4.735042735042735,8.284615384615385,14.065128205128206,45.75213675213675,14.715384615384615,8.650988229620017,98.71794871794872,17.665667350780005,10.0,9.099999999999996,14.540000000000004,49.0,67.0,108,0.5117220174886467,1.0,7.500000000000002,13.639999999999997,41.5,0.2644945708480255,93,373.2921808385872,112.46284698506022,485.7550278236474,164.79999999999998
939,120,11,3.575962716860008,4.616666666666666,8.288333333333334,14.070500000000004,45.708333333333336,14.743333333333332,6.657136516446985,98.84166666666667,66.83133470156001,10.0,9.099999999999996,14.540000000000004,49.0,44.0,108,0.5117220174886467,1.0,7.500000000000002,13.639999999999997,41.5,1.0468880699545866,93,429.11552602320097,73.22850168091684,502.3440277041178,143.9
940,126,11,3.494865532876173,4.4523809523809526,8.269841269841272,14.059523809523819,45.67460317460318,15.569047619047616,8.953558186844695,98.94444444444444,44.08133470156001,10.0,8.999999999999996,14.540000000000004,49.0,73.0,108,0.5117220174886467,1.0,7.500000000000002,13.639999999999997,41.5,0.04688806995458661,93,440.3530571423978,98.48914005529164,538.8421971976894,229.39999999999995
941,119,13,3.3810986268550307,4.38655462184874,8.273109243697482,14.059495798319334,45.609243697478995,16.377310924369745,11.741227653711425,99.09243697478992,33.415667350780005,10.0,8.999999999999996,14.540000000000004,49.0,72.0,108,0.2928460187581241,1.0,7.600000000000001,13.639999999999997,41.5,0.6322472854240128,93,402.35073659574863,152.63595949824852,554.9866960939971,396.79999999999995
942,116,18,3.308069706165265,4.267241379310345,8.245689655172415,14.04448275862069,45.560344827586206,17.618965517241374,7.877667786688979,99.3103448275862,40.58061821356003,10.0,8.999999999999996,14.540000000000004,49.0,71.0,108,0.2928460187581241,1.0,7.600000000000001,13.639999999999997,41.5,0.023444034977293304,93,383.73608591517075,141.79802016040162,525.5341060755724,521.9
943,118,16,3.213047048508552,4.127118644067797,8.223728813559323,14.031525423728816,45.48728813559322,18.502542372881354,12.463969826538602,99.46610169491525,33.415667350780005,10.0,9.099999999999996,14.540000000000004,49.0,90.0,108,0.2760260523559376,1.0,7.600000000000001,13.639999999999997,41.5,0.855492787576573,93,379.1395517240091,199.42351722461763,578.5630689486268,354.9
944,120,19,2.9288633260009305,4.016666666666667,8.2325,14.036,45.479166666666664,18.451666666666664,11.828118218741071,99.53333333333333,33.415667350780005,10.0,9.099999999999996,14.540000000000004,49.0,89.0,108,0.2610599011779688,1.0,7.600000000000001,13.639999999999997,41.5,0.2454782833921021,93,351.46359912011167,224.73424615608036,576.1978452761921,286.0
945,116,18,3.9712705338552414,3.7844827586206895,8.26551724137931,14.052241379310342,45.42672413793103,18.10948275862069,4.32789165332079,99.6896551724138,91.24682275154642,10.0,9.099999999999996,14.540000000000004,49.0,33.0,108,0.2610599011779688,1.0,7.800000000000001,13.639999999999997,41.5,0.6331788130465202,94,460.667381927208,77.90204975977421,538.5694316869822,455.59999999999997
946,111,26,3.504467657319022,3.765765765765766,8.25495495495495,14.035135135135137,45.531531531531535,17.620720720720723,3.803136415590427,99.69369369369369,69.81060911375774,10.0,9.099999999999996,14.540000000000004,49.0,32.0,108,0.2610599011779688,1.0,7.800000000000001,13.639999999999997,41.5,0.2681443191737509,94,388.9959099624114,98.88154680535109,487.8774567677625,499.09999999999997
947,102,26,2.890433213025195,3.8823529411764706,8.272549019607842,14.027647058823531,45.6764705882353,15.9156862745098,5.631384691286406,99.51960784313725,22.811705687886604,10.0,9.099999999999996,14.540000000000004,49.0,69.81060911375774,108,0.2610599011779688,1.0,7.800000000000001,13.639999999999997,41.5,0.014494570848025523,94,294.8241877285699,146.41600197344655,441.24018970201644,385.2
948,106,13,3.339138178975472,3.839622641509434,8.302830188679243,14.043584905660387,45.679245283018865,16.54433962264151,3.9577338542182705,99.60377358490567,69.80839975435441,10.0,9.099999999999996,14.540000000000004,49.0,30.0,108,0.2610599011779688,1.0,7.800000000000001,13.639999999999997,41.5,0.7934837125440763,94,353.9486469714,51.450540104837515,405.3991870762375,294.0
949,112,7,2.8442124132649846,3.7857142857142856,8.304464285714285,14.04767857142858,45.575892857142854,17.16875,5.990047679989784,99.85714285714286,34.904199877177206,10.0,9.099999999999996,14.480000000000004,49.0,29.0,109,0.2610599011779688,1.0,7.800000000000001,13.639999999999997,41.5,0.2667736125437674,95,318.5517902856783,41.93033375992849,360.4821240456068,256.7
950,113,10,2.5240261187905477,3.743362831858407,8.320353982300885,14.063716814159301,45.508849557522126,17.822123893805312,4.648188012765046,100.0,17.452099938588603,10.0,9.099999999999996,14.540000000000004,49.0,28.0,110,0.2610599011779688,1.0,7.800000000000001,13.639999999999997,41.5,0.2760260523559376,95,285.2149514233319,46.48188012765046,331.6968315509824,373.9
951,116,8,2.260894467972026,3.663793103448276,8.325,14.083793103448285,45.39655172413793,17.6,5.608467519390779,100.26724137931035,8.985038557093826,10.0,9.099999999999996,14.540000000000004,49.0,27.0,111,0.2610599011779688,1.0,7.800000000000001,13.639999999999997,41.5,1.1187807931469225,95,262.263758284755,44.867740155126235,307.1314984398812,239.39999999999998
952,115,7,2.2162503137059337,3.634782608695652,8.327826086956518,14.094956521739137,45.35217391304348,18.986956521739135,5.3815503926833435,100.51304347826087,8.985038557093826,10.0,9.099999999999996,14.600000000000005,49.0,26.0,111,0.2610599011779688,1.0,7.700000000000001,13.639999999999997,41.5,0.3573451865734537,95,254.8687860761824,37.6708527487834,292.5396388249658,290.2
953,111,11,2.0914630398019467,3.5855855855855854,8.303603603603602,14.09351351351352,45.310810810810814,18.916216216216213,4.476826543976985,100.67567567567568,8.985038557093826,10.0,8.999999999999996,14.600000000000005,49.0,25.0,111,0.31703607979343773,1.0,7.700000000000001,13.639999999999997,41.5,0.3995364391395606,95,232.1523974180161,49.24509198374684,281.3974894017629,265.79999999999995
954,108,10,2.1002569884931805,3.509259259259259,8.298148148148146,14.095000000000006,45.30555555555556,20.296296296296287,4.263507586180748,100.62037037037037,8.985038557093826,10.0,8.999999999999996,14.600000000000005,49.0,24.0,111,0.31703607979343773,1.0,7.700000000000001,13.639999999999997,41.5,0.2726890615404469,95,226.8277547572635,42.63507586180748,269.462830619071,294.99999999999994
955,101,14,2.080977228080766,3.5742574257425743,8.296039603960393,14.080792079207924,45.42574257425743,20.72376237623762,3.2869828573891344,100.55445544554455,8.985038557093826,10.0,8.999999999999996,14.600000000000005,49.0,23.0,111,0.31703607979343773,1.0,7.700000000000001,13.639999999999997,42.0,0.09075624616178768,95,210.17870003615738,46.01776000344788,256.19646003960526,281.79999999999995
956,96,10,2.097624151637653,3.5729166666666665,8.283333333333331,14.076875000000006,45.442708333333336,22.279166666666665,4.249165507140749,100.72916666666667,8.985038557093826,10.0,8.999999999999996,14.600000000000005,49.0,22.0,111,0.31703607979343773,1.0,7.700000000000001,13.639999999999997,42.0,0.7146903731469074,95,201.37191855721468,42.491655071407486,243.86357362862216,317.4
957,80,22,2.336266439394513,3.5625,8.273749999999998,14.069750000000004,45.48125,24.557499999999997,2.1323814857121417,100.55,22.53271525218608,10.0,8.999999999999996,14.600000000000005,49.0,7.654156220988055,111,0.31703607979343773,1.0,7.700000000000001,13.639999999999997,42.0,0.11878079314692247,95,186.90131515156102,46.912392685667115,233.81370783722815,559.9
958,73,15,2.386292390540054,3.6027397260273974,8.279452054794518,14.087123287671231,45.37671232876713,26.48904109589041,2.5624042464963868,100.79452054794521,22.53271525218608,10.0,8.999999999999996,14.600000000000005,49.0,6.654156220988055,111,0.31703607979343773,1.0,7.700000000000001,13.639999999999997,42.0,0.24061022253585485,95,174.19934450942395,38.4360636974458,212.63540820686976,277.2
959,69,14,2.355897415932341,3.449275362318841,8.266666666666666,14.073913043478262,45.333333333333336,28.49275362318841,2.5291327819034772,100.78260869565217,22.53271525218608,10.0,8.999999999999996,14.600000000000005,49.0,6.450360721926508,111,0.31703607979343773,1.0,7.700000000000001,13.639999999999997,42.5,0.10109858020698503,95,162.55692169933153,35.40785894664868,197.9647806459802,212.2
960,61,17,2.3472016489481557,3.459016393442623,8.262295081967213,14.085573770491806,45.14754098360656,26.301639344262302,2.2927018973700073,101.09836065573771,22.53271525218608,10.0,8.999999999999996,14.600000000000005,49.0,5.83948409938652,111,0.31703607979343773,1.0,7.800000000000001,13.639999999999997,42.5,0.3246767452118788,95,143.1793005858375,38.975932255290125,182.15523284112763,187.79999999999998
961,58,15,1.9541371751594319,3.5172413793103448,8.30344827586207,14.111724137931034,45.1551724137931,24.848275862068967,3.3392049335357745,101.22413793103448,8.985038557093826,10.0,8.999999999999996,14.600000000000005,48.5,22.53271525218608,112,0.31703607979343773,1.0,7.800000000000001,13.639999999999997,42.5,0.2148826314951724,95,113.33995615924705,50.08807400303662,163.42803016228368,64.0
962,55,11,1.94590656472931,3.4545454545454546,8.3,14.121090909090913,45.03636363636364,25.607272727272733,3.8249778943820227,101.56363636363636,10.468492131069329,10.0,8.999999999999996,14.600000000000005,48.5,21.53271525218608,112,0.31703607979343773,1.0,7.800000000000001,13.639999999999997,42.5,0.8514632109858256,95,107.02486106011204,42.07475683820225,149.0996178983143,106.49999999999999
963,51,11,1.8857298849104394,3.5686274509803924,8.288235294117646,14.098823529411765,45.245098039215684,26.641176470588242,3.586459937752063,101.05882352941177,9.99049965185666,10.0,8.999999999999996,14.600000000000005,49.0,20.53271525218608,112,0.31703607979343773,1.0,7.800000000000001,13.639999999999997,42.5,0.023749060036406533,95,96.17222413043241,39.451059315272694,135.6232834457051,131.89999999999998
964,48,7,1.8555407424804968,3.5208333333333335,8.327083333333333,14.128750000000004,45.21875,27.92708333333334,5.199769445057355,101.02083333333333,7.890364930665163,10.0,8.999999999999996,14.600000000000005,49.0,19.53271525218608,112,0.31703607979343773,1.0,7.800000000000001,13.639999999999997,42.5,0.009265636803199362,95,89.06595563906384,36.398386115401486,125.46434175446532,123.89999999999999
965,41,9,2.0673559664638432,3.4146341463414633,8.326829268292684,14.105365853658538,45.31707317073171,29.595121951219515,3.854831276960508,100.60975609756098,12.985147690442412,9.0,8.999999999999996,14.540000000000004,49.0,18.53271525218608,111,0.31703607979343773,1.0,7.800000000000001,13.639999999999997,42.5,0.07945934144047229,95,84.76159462501758,34.69348149264457,119.45507611766214,168.89999999999998
966,34,13,2.007406541887155,3.6176470588235294,8.282352941176471,14.098823529411767,45.411764705882355,27.691176470588236,3.119595119085307,101.05882352941177,7.890364930665163,9.0,8.999999999999996,14.540000000000004,49.0,17.53271525218608,111,0.31703607979343773,1.0,7.800000000000001,13.639999999999997,42.5,0.41671104960865213,95,68.25182242416328,40.55473654810899,108.80655897227227,132.79999999999998
967,31,7,2.240745088718998,3.6129032258064515,8.25806451612903,14.092903225806454,45.306451612903224,28.603225806451615,3.9804154246777124,101.09677419354838,7.890364930665163,9.0,8.999999999999996,14.540000000000004,49.0,16.53271525218608,111,0.5081597225054442,1.0,7.800000000000001,13.639999999999997,42.5,0.04423960471187516,95,69.46309775028894,27.862907972743987,97.32600572303292,67.79999999999998
968,27,6,2.6371292850692476,3.962962962962963,8.307407407407407,14.08,45.53703703703704,28.26666666666667,3.411193600861091,100.48148148148148,9.726083766945099,9.0,9.099999999999996,14.540000000000004,49.0,15.53271525218608,111,0.5221198023559376,1.0,7.800000000000001,13.639999999999997,42.5,0.5453781230808938,95,71.20249069686969,20.467161605166545,91.66965230203624,90.6
969,23,8,2.025685460014849,3.6956521739130435,8.278260869565216,14.028695652173914,45.58695652173913,24.234782608695657,4.540430631716528,100.21739130434783,6.492573845221206,9.0,9.099999999999996,14.420000000000003,49.0,14.53271525218608,104,0.5221198023559376,1.0,7.800000000000001,13.639999999999997,43.5,0.27080347313763303,95,46.59076558034153,36.32344505373222,82.91421063407375,57.599999999999994
970,22,6,2.3208950004385334,3.772727272727273,8.268181818181818,14.01909090909091,45.63636363636363,25.668181818181814,4.097286191881401,100.27272727272727,6.492573845221206,9.0,9.099999999999996,14.420000000000003,49.0,13.53271525218608,104,0.5221198023559376,1.0,7.800000000000001,13.639999999999997,43.5,0.8992002009687403,95,51.05969000964773,24.583717151288408,75.64340716093614,32.0
971,18,8,2.615208694635505,3.611111111111111,8.355555555555554,14.060000000000002,45.611111111111114,23.08333333333333,2.764530321561212,100.55555555555556,13.090632600398521,9.0,9.099999999999996,14.420000000000003,49.0,6.244444907101675,104,0.5416069462752661,1.0,7.800000000000001,13.639999999999997,43.5,0.4834535739755026,96,47.07375650343909,22.116242572489696,69.1899990759288,81.3
972,19,4,2.600654975191484,3.4210526315789473,8.373684210526312,14.094736842105263,45.578947368421055,20.294736842105266,2.2931283033014807,100.57894736842105,7.8487618745710535,9.0,9.099999999999996,14.420000000000003,49.0,4.2086339349387565,104,0.34207315497397395,1.0,7.800000000000001,13.639999999999997,43.5,0.7163856970706216,96,49.4124445286382,9.172513213205923,58.58495774184412,0.0
973,19,5,2.3616653715455165,3.4210526315789473,8.336842105263155,14.082105263157898,45.578947368421055,20.05263157894737,1.5084872745667917,100.73684210526316,7.8487618745710535,9.0,9.099999999999996,14.420000000000003,49.0,3.2086339349387565,104,0.34207315497397395,1.0,7.800000000000001,13.639999999999997,43.5,0.004428335825700902,96,44.87164205936482,7.542436372833959,52.41407843219878,24.699999999999996
974,19,3,1.6934556179160363,2.789473684210526,8.321052631578945,14.091578947368422,45.28947368421053,16.78421052631579,5.062860670718703,101.47368421052632,6.492573845221206,9.0,9.099999999999996,14.420000000000003,48.5,7.8487618745710535,104,0.34207315497397395,1.0,7.800000000000001,13.639999999999997,43.5,0.2681443191737509,98,32.17565674040469,15.18858201215611,47.3642387525608,24.5
975,20,1,1.9083009031930462,2.75,8.304999999999998,14.09,45.3,16.744999999999997,6.071675818411306,101.55,9.280282816307327,9.0,9.099999999999996,14.420000000000003,48.5,6.071675818411306,104,0.34207315497397395,1.0,7.800000000000001,13.639999999999997,43.5,6.071675818411306,98,38.166018063860925,6.071675818411306,44.23769388227223,0.0
976,20,2,1.7328833974116216,2.95,8.325,14.09,45.45,15.334999999999999,3.1299776149814855,101.35,6.492573845221206,9.0,9.099999999999996,14.420000000000003,48.5,5.071675818411306,104,0.34207315497397395,1.0,7.9,13.639999999999997,43.5,1.1882794115516648,98,34.65766794823243,6.259955229962971,40.9176231781954,0.0
977,20,2,1.7328833974116216,2.95,8.325,14.09,45.45,16.285,2.1299776149814855,101.35,6.492573845221206,9.0,9.099999999999996,14.420000000000003,48.5,4.071675818411306,104,0.34207315497397395,1.0,7.9,13.639999999999997,43.5,0.18827941155166483,98,34.65766794823243,4.259955229962971,38.9176231781954,0.0
978,20,0,1.8864671883321869,2.95,8.325,14.09,45.45,17.285,0.0,101.35,6.492573845221206,9.0,9.099999999999996,14.420000000000003,48.5,0.0,104,0.34207315497397395,1.0,7.9,13.639999999999997,43.5,0.0,98,37.72934376664374,0.0,37.72934376664374,0.0
979,19,1,1.9426936436378335,3.0526315789473686,8.34736842105263,14.08842105263158,45.473684210526315,17.847368421052632,0.8181645375249076,101.3157894736842,6.492573845221206,9.0,9.099999999999996,14.420000000000003,48.5,0.8181645375249076,104,0.34207315497397395,1.0,7.9,13.639999999999997,43.5,0.8181645375249076,98,36.91117922911884,0.8181645375249076,37.729343766643744,23.700000000000003
980,19,1,1.9426936436378335,3.0526315789473686,8.34736842105263,14.08842105263158,45.473684210526315,18.847368421052632,81.0,101.3157894736842,6.492573845221206,9.0,9.099999999999996,14.420000000000003,48.5,81.0,104,0.34207315497397395,1.0,7.9,13.639999999999997,43.5,81.0,98,36.91117922911884,81.0,117.91117922911883,0.0
981,19,2,1.9426936436378335,3.0526315789473686,8.34736842105263,14.08842105263158,45.473684210526315,19.847368421052632,48.5,101.3157894736842,6.492573845221206,9.0,9.099999999999996,14.420000000000003,48.5,80.0,104,0.34207315497397395,1.0,7.9,13.639999999999997,43.5,17.0,98,36.91117922911884,97.0,133.91117922911883,0.0
982,19,3,1.9426936436378335,3.0526315789473686,8.34736842105263,14.08842105263158,45.473684210526315,20.84736842105263,52.0,101.3157894736842,6.492573845221206,9.0,9.099999999999996,14.420000000000003,48.5,79.0,104,0.34207315497397395,1.0,7.9,13.639999999999997,43.5,16.0,98,36.91117922911884,156.0,192.91117922911883,0.0
983,19,4,1.9426936436378335,3.0526315789473686,8.34736842105263,14.08842105263158,45.473684210526315,21.84736842105263,41.25,101.3157894736842,6.492573845221206,9.0,9.099999999999996,14.420000000000003,48.5,78.0,104,0.34207315497397395,1.0,7.9,13.639999999999997,43.5,12.0,98,36.91117922911884,165.0,201.91117922911883,0.0
984,18,6,2.0205317934913096,3.1666666666666665,8.31111111111111,14.076666666666666,45.55555555555556,21.616666666666667,36.92360115771255,101.44444444444444,6.492573845221206,9.0,9.099999999999996,14.420000000000003,48.5,77.0,104,0.34207315497397395,1.0,7.9,13.639999999999997,43.5,0.5416069462752661,98,36.36957228284357,221.54160694627527,257.91117922911883,0.0
985,18,6,2.0205317934913096,3.1666666666666665,8.31111111111111,14.076666666666668,45.55555555555556,22.616666666666667,50.5,101.44444444444444,6.492573845221206,9.0,9.099999999999996,14.420000000000003,48.5,87.0,104,0.34207315497397395,1.0,7.9,13.639999999999997,43.5,10.0,98,36.36957228284357,303.0,339.3695722828436,0.0
986,18,6,5.187198460157976,3.1666666666666665,8.31111111111111,14.076666666666666,45.55555555555556,23.616666666666667,46.0,101.44444444444444,57.81816453752491,9.0,9.099999999999996,14.420000000000003,48.5,86.0,104,0.34207315497397395,1.0,7.9,13.639999999999997,43.5,9.0,98,93.36957228284356,276.0,369.3695722828436,0.0
987,17,9,4.289023841156606,2.823529411764706,8.276470588235293,14.067058823529411,45.44117647058823,20.48235294117647,34.33351398320001,101.94117647058823,28.909082268762454,9.0,9.099999999999996,14.360000000000003,48.0,85.0,104,0.34207315497397395,1.0,7.9,13.639999999999997,43.5,1.3614844406463837,98,72.9134052996623,309.0016258488001,381.9150311484624,0.0
988,18,11,3.410464063273802,2.8333333333333335,8.216666666666665,14.063333333333334,45.52777777777778,17.733333333333334,27.607797468977093,102.44444444444444,14.454541134381227,9.0,9.099999999999996,14.360000000000003,48.0,84.0,105,0.34207315497397395,1.0,7.9,13.639999999999997,43.5,0.36148444064638374,99,61.38835313892844,303.685772158748,365.07412529767646,0.0
989,20,10,2.7983950106767734,2.7,8.19,14.072000000000003,45.475,17.16,35.66401414081537,102.65,7.2272705671906134,9.0,9.099999999999996,14.360000000000003,48.0,83.0,105,0.34207315497397395,1.0,7.800000000000001,13.639999999999997,43.5,2.0,99,55.96790021353547,356.6401414081537,412.60804162168915,8.0
990,22,12,2.5380554920657286,2.6818181818181817,8.172727272727272,14.07636363636364,45.47727272727273,17.78181818181818,35.11253065590418,102.86363636363636,8.89863656470472,9.0,9.099999999999996,14.360000000000003,48.0,82.0,105,0.34207315497397395,1.0,7.800000000000001,13.639999999999997,43.5,0.9034088208988267,99,55.837220825446025,421.35036787085016,477.1875886962962,32.0
991,23,11,2.2300570158257598,2.608695652173913,8.156521739130431,14.080869565217393,45.45652173913044,20.156521739130437,41.98770914084817,102.95652173913044,6.492573845221206,9.0,9.099999999999996,14.360000000000003,48.0,81.0,105,0.34207315497397395,1.0,7.800000000000001,13.639999999999997,43.5,0.6401414081536636,99,51.29131136399248,461.86480054932986,513.1561119133223,55.400000000000006
992,23,12,2.087204522805706,2.652173913043478,8.199999999999998,14.080869565217393,45.391304347826086,20.6,37.74551937496666,102.95652173913044,6.492573845221206,9.0,9.099999999999996,14.360000000000003,48.0,80.0,105,0.34207315497397395,1.0,7.800000000000001,13.639999999999997,43.5,0.8181645375249076,99,48.00570402453124,452.94623249959994,500.95193652413116,95.4
993,26,11,1.8176991857672264,2.5,8.203846153846152,14.090000000000002,45.28846153846154,20.49230769230769,46.161893084224566,103.1923076923077,8.492573845221205,9.0,9.099999999999996,14.360000000000003,48.0,79.0,106,0.2780823926470225,1.0,7.800000000000001,13.639999999999997,43.5,0.22465914117618002,99,47.26017882994789,507.78082392647025,555.0410027564182,40.0
994,27,8,4.486556865505281,2.7037037037037037,8.196296296296296,14.073333333333336,45.351851851851855,22.59259259259259,56.875,103.22222222222223,51.212680060120825,9.0,9.099999999999996,14.360000000000003,48.0,78.0,106,0.2780823926470225,1.0,7.800000000000001,13.639999999999997,43.5,28.0,99,121.13703536864259,455.0,576.1370353686426,56.2
995,26,11,3.6395595548740642,2.8461538461538463,8.203846153846154,14.060000000000002,45.34615384615385,23.68076923076923,41.27788927276753,103.3076923076923,25.606340030060412,9.0,9.099999999999996,14.360000000000003,48.0,77.0,106,0.2780823926470225,1.0,7.800000000000001,13.639999999999997,43.5,1.6363290750498152,99,94.62854842672567,454.0567820004428,548.6853304271685,125.99999999999999
996,26,13,3.0013660487403033,2.8076923076923075,8.11153846153846,14.055384615384618,45.34615384615385,21.4,35.44024370657122,103.6923076923077,12.803170015030206,9.0,9.099999999999996,14.360000000000003,48.0,76.0,106,0.2780823926470225,1.0,7.800000000000001,13.639999999999997,44.0,0.8068176417976534,99,78.03551726724788,460.7231681854259,538.7586854526737,70.39999999999998
997,32,12,2.1478485715863167,2.78125,8.078125,14.046875000000002,45.296875,19.0125,45.56700174775335,104.0,6.648534926443958,9.0,9.099999999999996,14.360000000000003,48.0,99.0,107,0.27200837137480716,1.0,7.800000000000001,13.639999999999997,44.0,0.5577340504295598,99,68.73115429076213,546.8040209730402,615.5351752638023,32.0
998,29,17,2.041918830105326,2.793103448275862,8.048275862068964,14.039310344827587,45.241379310344826,17.289655172413795,33.442070284800586,104.27586206896552,6.648534926443958,9.0,9.099999999999996,14.360000000000003,47.5,98.0,107,0.27200837137480716,1.0,7.800000000000001,13.639999999999997,44.0,0.2780823926470225,99,59.21564607305446,568.51519484161,627.7308409146644,73.3
999,29,16,5.815847327896891,2.6206896551724137,8.017241379310345,14.04344827586207,45.13793103448276,15.17241379310345,29.870930437227468,104.62068965517241,97.40908226876246,9.0,9.099999999999996,14.360000000000003,47.5,73.0,107,0.27200837137480716,1.0,7.800000000000001,13.639999999999997,44.0,0.6621337316109894,99,168.65957250900982,477.9348869956395,646.5944595046493,55.7
1000,31,15,4.500896100514895,2.806451612903226,8.029032258064516,14.032903225806454,45.274193548387096,14.441935483870969,33.78704780292223,104.6774193548387,48.70454113438123,10.0,9.099999999999996,14.360000000000003,48.0,72.0,107,0.27200837137480716,1.0,7.800000000000001,13.639999999999997,44.0,0.08096543657294664,99,139.52777911596175,506.80571704383345,646.3334961597952,31.9
1001,32,17,3.8005381633651982,2.96875,8.028125000000003,14.01875,45.4375,13.228125,34.906319649938716,105.0,48.70454113438123,10.0,9.099999999999996,14.180000000000001,48.0,92.0,107,0.27024135914323666,1.0,7.800000000000001,13.639999999999997,44.0,0.41553343290274736,102,121.61722122768634,593.4074340489582,715.0246552766446,57.3
