Turn,#animals,#food,avgAE,avgET,avgH,avgV,avgML,avgL,avgFE,avgGen,maxAE,maxET,maxH,maxV,maxML,maxFE,maxGen,minAE,minET,minH,minV,minML,minFE,minGen,totalAE,totalFE,totalE,totalCombat
0,100,600,12.485,49.94,5.31,12.14,26.54,0.0,50.535,0.0,24.75,99.0,9.0,14.0,47.0,99.0,0,0.25,1.0,1.0,10.0,1.0,1.0,0,1248.5,30321.0,31569.5,0.0
1,98,1129,48.81377551020408,49.785714285714285,5.326530612244898,12.13265306122449,27.051020408163264,1.816326530612245,49.671169176262175,0.0,102.25,99.0,9.0,14.0,47.0,99.0,0,0.5,1.0,1.0,10.0,3.0,1.0,0,4783.75,56078.75,60862.5,82.0
2,125,1121,44.08,44.936,5.5736,12.098879999999998,27.444,3.112,49.31422836752899,0.248,152.5,99.0,9.1,14.06,47.0,98.0,1,0.5,1.0,1.0,9.94,3.0,1.0,0,5510.0,55281.25,60791.25,178.0
3,143,1093,56.49060314685315,42.46853146853147,5.687412587412586,12.082377622377617,27.153846153846153,3.958041958041958,48.73010064043916,0.3916083916083916,210.25,100.0,9.1,14.06,47.0,110.75,2,0.5,1.0,1.0,9.94,2.5,1.0,0,8078.15625,53262.0,61340.15625,182.0
4,184,1087,50.45626698369565,40.91304347826087,5.69619565217391,12.101413043478258,27.39945652173913,3.788586956521739,48.21989995400184,0.625,180.5,100.0,9.1,14.06,47.0,109.75,2,0.5,1.0,1.0,9.94,2.5,1.0,0,9283.953125,52415.03125,61698.984375,258.1
5,215,1055,57.58270348837209,40.051162790697674,5.696279069767445,12.135534883720926,27.676744186046513,3.7093023255813953,47.62147511848341,0.8046511627906977,178.75,100.0,9.1,14.120000000000001,47.0,108.75,3,0.5,1.0,0.9,9.94,2.5,0.75,0,12380.28125,50240.65625,62620.9375,215.4
6,274,1038,49.90235087819343,39.916058394160586,5.770437956204382,12.164744525547443,27.536496350364963,4.5478102189781024,47.75847859465318,1.0291970802919708,175.0,100.0,9.2,14.120000000000001,47.0,122.828125,3,0.5,1.0,0.9,9.94,2.5,0.75,0,13673.244140625,49573.30078125,63246.544921875,443.7
7,307,1007,51.83768067996743,39.63192182410423,5.845602605863194,12.196677524429965,27.648208469055376,5.176547231270358,48.218476523709036,1.1921824104234529,170.375,101.0,9.2,14.120000000000001,46.0,121.828125,3,0.423828125,1.0,0.9,9.94,2.5,1.0,0,15914.16796875,48556.005859375,64470.173828125,601.1
8,349,973,53.548427986210605,38.65042979942693,5.840687679083095,12.177077363896844,27.597421203438394,6.515759312320922,48.19495720387975,1.4011461318051577,170.375,101.0,9.2,14.180000000000001,46.0,157.8125,4,0.423828125,1.0,0.9,9.94,7.0,1.0,0,18688.4013671875,46893.693359375,65582.0947265625,913.6999999999999
9,373,888,54.73691916785355,38.22252010723861,5.896246648793573,12.156246648793568,27.769436997319033,7.624932975871312,48.5138720263232,1.5924932975871313,170.8125,101.0,9.2,14.180000000000001,46.0,170.375,5,0.5,1.0,0.9,9.94,6.5,0.03125,0,20416.870849609375,43080.318359375,63497.189208984375,1185.8
10,415,828,50.940687358810244,37.850602409638554,6.003373493975908,12.185831325301196,27.548192771084338,7.711807228915665,48.86149707738904,1.7855421686746988,214.375,101.0,9.299999999999999,14.180000000000001,46.0,170.8125,5,0.80517578125,1.0,0.9,9.879999999999999,6.5,0.5,0,21140.38525390625,40457.319580078125,61597.704833984375,1233.3
11,468,742,48.69834443442842,38.01923076923077,6.071581196581201,12.165683760683761,27.392094017094017,8.037179487179488,48.80259716928487,1.9722222222222223,239.828125,102.0,9.299999999999999,14.180000000000001,46.0,169.8125,5,2.609375,1.0,0.9,9.879999999999999,6.5,0.80517578125,0,22790.8251953125,36211.527099609375,59002.352294921875,1311.8000000000002
12,496,660,49.33811766101468,37.84274193548387,5.994556451612903,12.19657258064516,27.52016129032258,7.903629032258062,48.9493378610322,2.1370967741935485,208.916015625,102.0,9.299999999999999,14.180000000000001,46.0,168.8125,5,1.66845703125,1.0,0.9,9.879999999999999,6.5,0.6103515625,0,24471.70635986328,32306.56298828125,56778.26934814453,1557.9
13,533,600,45.460073675044704,37.96435272045028,6.059474671669797,12.158461538461546,27.857410881801126,8.671669793621016,50.3644883219401,2.2889305816135086,208.916015625,103.0,9.299999999999999,14.240000000000002,45.5,169.080078125,5,1.3077392578125,1.0,0.9,9.879999999999999,6.0,0.0859375,0,24230.219268798828,30218.692993164062,54448.91226196289,1781.6
14,540,555,45.376193322075736,38.24814814814815,6.120555555555558,12.101851851851853,28.353703703703705,9.26814814814815,50.323282712644286,2.4185185185185185,247.7314453125,103.0,9.299999999999999,14.180000000000001,45.5,208.916015625,6,1.029541015625,1.0,0.9,9.879999999999999,6.0,1.0,0,24503.1443939209,27929.421905517578,52432.56629943848,2040.9
15,562,503,43.9335927046915,37.61565836298932,6.224199288256227,12.12074733096086,28.759786476868328,9.909252669039137,50.52013959941523,2.601423487544484,235.75830078125,103.0,9.299999999999999,14.240000000000002,45.5,178.0087890625,6,1.648590087890625,1.0,0.9,9.879999999999999,6.0,0.02734375,0,24690.67910003662,25411.63021850586,50102.30931854248,2108.4
16,559,488,41.30966516129659,37.30590339892665,6.286225402504478,12.153202146690523,28.821109123434706,9.99803220035778,51.25094448152136,2.7728085867620753,179.4423828125,100.0,9.399999999999999,14.240000000000002,45.0,235.75830078125,6,0.5147705078125,1.0,0.9,9.879999999999999,6.0,1.0,0,23092.102825164795,25010.460906982422,48102.56373214722,2325.4
17,554,433,44.71962365863125,37.805054151624546,6.349277978339351,12.146498194945849,29.162454873646208,10.327256317689523,49.86752171329208,2.8772563176895307,258.82977294921875,100.0,9.399999999999999,14.240000000000002,45.0,176.0087890625,6,0.5147705078125,1.0,0.9,9.879999999999999,6.0,0.21875,0,24774.671506881714,21592.63690185547,46367.30840873718,2156.9
18,577,382,43.34750945687914,37.70883882149047,6.330849220103983,12.163466204506074,29.560658578856152,10.167417677642987,50.09871180269731,3.0,226.068115234375,96.0,9.399999999999999,14.240000000000002,45.0,258.82977294921875,7,0.6750869750976562,1.0,0.9,9.879999999999999,6.0,0.5,0,25011.512956619263,19137.70790863037,44149.220865249634,2157.8
19,595,357,41.32525827744428,37.23193277310924,6.276638655462181,12.164067226890754,29.73781512605042,10.45831932773109,49.464123968984566,3.173109243697479,226.068115234375,95.0,9.399999999999999,14.240000000000002,45.0,257.82977294921875,7,1.17791748046875,1.0,0.8,9.819999999999999,6.0,0.17236328125,0,24588.528675079346,17658.69225692749,42247.220932006836,2297.3
20,598,334,39.63227515914368,36.2943143812709,6.396655518394647,12.165518394648828,29.84113712374582,11.617558528428093,50.4757732716863,3.3545150501672243,199.23587036132812,95.0,9.499999999999998,14.240000000000002,45.0,256.82977294921875,8,0.5216903686523438,1.0,0.8,9.819999999999999,5.5,0.02313232421875,0,23700.100545167923,16858.908272743225,40559.00881791115,2684.1
21,573,331,38.208999185661995,34.84467713787085,6.421815008726,12.130855148342043,30.042757417102965,11.809075043630022,51.54061374059256,3.5235602094240837,199.23587036132812,95.0,9.499999999999998,14.240000000000002,45.0,255.82977294921875,8,0.5216903686523438,1.0,0.8,9.819999999999999,5.5,0.377349853515625,0,21893.756533384323,17059.94314813614,38953.69968152046,2832.7
22,558,331,37.18056070484141,35.437275985663085,6.365232974910393,12.102365591397845,30.439068100358423,11.729569892473124,49.66384320964986,3.6272401433691757,189.7559814453125,96.0,9.399999999999999,14.240000000000002,45.0,254.82977294921875,8,0.588958740234375,1.0,0.8,9.819999999999999,5.0,0.5216903686523438,0,20746.752873301506,16438.732102394104,37185.48497569561,2681.4
23,538,326,37.62156442483562,34.7546468401487,6.401301115241634,12.062044609665428,30.943308550185872,12.476951672862452,47.673942993023644,3.778810408921933,215.2493896484375,96.0,9.399999999999999,14.300000000000002,45.0,253.82977294921875,8,0.5422182083129883,1.0,0.8,9.819999999999999,5.0,0.01318359375,0,20240.40166056156,15541.705415725708,35782.10707628727,2688.1
24,530,308,37.601020131808404,34.62075471698113,6.445283018867927,12.020452830188677,30.87264150943396,11.97283018867925,46.23969104189377,3.9754716981132074,241.2433624267578,96.0,9.399999999999999,14.300000000000002,44.5,252.82977294921875,8,0.32686954736709595,1.0,0.8,9.819999999999999,5.0,0.3074781894683838,0,19928.540669858456,14241.824840903282,34170.36551076174,2245.2
25,533,298,34.84458319867977,34.14071294559099,6.4476547842401555,12.001125703564721,31.374296435272043,12.12307692307692,46.89536378887676,4.136960600375234,241.2433624267578,96.0,9.399999999999999,14.240000000000002,44.5,251.82977294921875,8,0.32686954736709595,1.0,0.9,9.819999999999999,5.5,0.08443641662597656,1,18572.162844896317,13974.818409085274,32546.98125398159,2374.3
26,529,259,35.347314761581856,32.80907372400756,6.294706994328922,11.964650283553885,31.52930056710775,12.112854442344045,48.36033638425776,4.313799621928166,268.1917419433594,96.0,9.399999999999999,14.300000000000002,44.5,241.2433624267578,8,0.4526987075805664,1.0,0.9,9.819999999999999,5.5,0.16887283325195312,1,18698.7295088768,12525.327123522758,31224.05663239956,2071.5
27,539,236,35.1593272067565,32.01484230055659,6.361038961038963,11.95769944341374,31.603896103896105,12.494248608534319,46.22159810856743,4.484230055658627,268.1917419433594,95.0,9.399999999999999,14.300000000000002,44.5,184.60706043243408,9,0.4526987075805664,1.0,0.9,9.819999999999999,5.5,0.2578721046447754,1,18950.877364441752,10908.297153621912,29859.174518063664,2230.0
28,528,237,31.9669624735446,30.797348484848484,6.42291666666667,12.027916666666668,31.613636363636363,12.410227272727278,49.21677631102031,4.640151515151516,268.1917419433594,95.0,9.299999999999999,14.300000000000002,44.0,183.60706043243408,10,0.381746768951416,1.0,0.9,9.819999999999999,5.5,0.14989709854125977,1,16878.55618603155,11664.375985711813,28542.932171743363,2311.0
29,520,235,31.5616464552577,30.33653846153846,6.3942307692307665,12.035384615384613,31.58076923076923,12.82192307692308,46.55751626808593,4.819230769230769,268.1917419433594,95.0,9.299999999999999,14.300000000000002,44.0,190.17181396484375,10,0.381746768951416,1.0,0.9,9.819999999999999,12.0,0.33902662992477417,1,16412.056156734005,10941.016323000193,27353.072479734197,2494.7
30,496,211,33.932763286492595,30.048387096774192,6.361290322580646,12.009838709677418,31.787298387096776,13.487701612903216,44.65879885223804,4.981854838709677,261.50042724609375,88.0,9.299999999999999,14.300000000000002,44.0,268.1917419433594,10,0.3415855774655938,1.0,0.9,9.819999999999999,12.0,0.42965054512023926,1,16830.650590100326,9423.006557822227,26253.657147922553,2373.2
31,474,228,31.112240007491035,31.168776371308017,6.336497890295359,11.97345991561181,32.0253164556962,13.776582278481017,44.896158308076686,5.139240506329114,199.29005432128906,88.0,9.299999999999999,14.300000000000002,44.0,267.1917419433594,10,0.3415855774655938,1.0,0.9,9.819999999999999,12.0,0.5517444610595703,1,14747.201763550751,10236.324094241485,24983.525857792236,2459.4
32,440,236,31.615652341357517,31.5,6.297727272727275,11.986090909090917,31.990909090909092,13.218863636363645,42.76788562905217,5.3136363636363635,273.6059031486511,79.0,9.299999999999999,14.360000000000003,44.0,228.08606910705566,10,0.381746768951416,1.0,0.9,9.819999999999999,12.0,0.1098843514919281,2,13910.887030197307,10093.221008456312,24004.10803865362,2105.4
33,417,219,32.8351017954699,31.72661870503597,6.360671462829735,12.009976019184663,32.07553956834533,13.592086330935253,42.55212692216413,5.479616306954436,183.60211086273193,79.0,9.299999999999999,14.420000000000003,44.0,262.8395185470581,10,0.4204089641571045,1.0,0.9,9.819999999999999,15.0,0.02412271499633789,2,13692.237448710948,9318.915795953944,23011.153244664893,2021.5
34,407,212,32.322613071641115,31.84275184275184,6.493611793611801,12.026633906633904,32.2997542997543,13.099017199017206,41.212224669974155,5.6265356265356266,244.85957956314087,78.0,9.299999999999999,14.420000000000003,44.0,261.8395185470581,10,0.4204089641571045,1.0,0.9,9.819999999999999,15.0,0.681635856628418,2,13155.303520157933,8736.991630034521,21892.295150192454,1776.8
35,419,191,31.06436982516617,30.548926014319807,6.636038186157516,12.052887828162287,32.63961813842482,12.32601431980907,40.334621611407215,5.809069212410501,221.28398609161377,78.0,9.299999999999999,14.420000000000003,44.0,260.8395185470581,10,0.3792933374643326,1.0,0.9,9.759999999999998,15.0,0.5779032707214355,2,13015.970956744626,7703.9127277787775,20719.883684523404,1380.1
36,421,181,29.295963916914303,30.31353919239905,6.79904988123515,12.059477434679332,32.894299287410924,11.908551068883614,40.49942638921598,6.007125890736342,172.5473747253418,78.0,9.299999999999999,14.420000000000003,44.0,259.8395185470581,10,0.3792933374643326,1.0,0.9,9.759999999999998,15.0,0.17751916125416756,2,12333.600809020922,7330.396176448092,19663.996985469013,1564.0
37,425,169,29.051764019039624,29.656470588235294,6.772000000000003,12.023247058823534,32.86470588235294,11.627764705882367,37.541102227694275,6.143529411764706,187.81669640541077,78.0,9.299999999999999,14.420000000000003,44.0,258.8395185470581,10,0.26236292719841003,1.0,1.0,9.759999999999998,15.0,0.3792933374643326,2,12346.99970809184,6344.446276480332,18691.445984572172,1731.8999999999999
38,425,148,30.5437130834732,29.837647058823528,6.697882352941174,11.939952941176461,33.06117647058824,12.725411764705882,32.69970136644268,6.225882352941176,286.5237545967102,78.0,9.299999999999999,14.420000000000003,43.5,212.9725341796875,10,0.26236292719841003,1.0,1.1,9.759999999999998,15.5,0.3449449483305216,2,12981.07806047611,4839.555802233517,17820.633862709627,1921.9
39,413,156,28.479255213060014,29.307506053268764,6.7043583535108935,11.9236803874092,33.17433414043583,12.65133171912833,33.19271467226104,6.4309927360774815,230.56844329833984,78.0,9.299999999999999,14.420000000000003,43.5,166.48309326171875,10,0.5247258543968201,1.0,1.1,9.759999999999998,19.5,0.26236292719841003,2,11761.932402993785,5178.063488872722,16939.995891866507,2004.8
40,412,147,26.807622439096324,28.133495145631066,6.745873786407764,11.948252427184464,33.529126213592235,12.212135922330098,33.92373612976069,6.640776699029126,230.56844329833984,78.0,9.399999999999999,14.420000000000003,43.5,176.43971800804138,10,0.5247258543968201,1.0,2.5999999999999996,9.819999999999999,19.5,0.37977979332208633,2,11044.740444907686,4986.789211074822,16031.529655982507,1618.3
41,426,117,26.24093456060296,28.11737089201878,6.796009389671358,11.999671361502351,33.38380281690141,12.51032863849766,34.21102015953511,6.833333333333333,187.88833713531494,77.0,9.399999999999999,14.480000000000004,43.5,230.56844329833984,11,0.5247258543968201,1.0,2.5999999999999996,9.819999999999999,19.5,0.4339756965637207,3,11178.638122816861,4002.689358665608,15181.327481482469,1601.9
42,414,117,25.2515874371209,27.570048309178745,6.795169082125608,12.11135265700483,33.207729468599034,13.231642512077299,35.50386975208918,7.038647342995169,238.68015885353088,78.0,9.399999999999999,14.480000000000004,43.5,174.43971800804138,11,0.7618332228157669,1.0,2.5999999999999996,9.819999999999999,20.0,0.23948762193322182,3,10454.157198968052,4153.952760994434,14608.109959962487,1915.2
43,402,116,24.4350146918696,27.039800995024876,6.860199004975127,12.152238805970148,32.907960199004975,14.025870646766174,35.95346475183434,7.218905472636816,193.23459577560425,78.0,9.499999999999998,14.480000000000004,43.0,187.88833713531494,11,0.7618332228157669,1.0,2.5999999999999996,9.819999999999999,20.0,0.7210530024021864,3,9822.87590613158,4170.601911212783,13993.477817344363,1939.7
44,404,109,23.08383159703734,26.294554455445546,7.0804455445544585,12.242475247524748,32.274752475247524,13.670297029702972,36.34751322411787,7.3861386138613865,193.23459577560425,78.0,9.499999999999998,14.480000000000004,43.0,186.88833713531494,11,0.5043813921511173,1.0,2.5999999999999996,9.819999999999999,19.5,0.740142822265625,3,9325.867965203084,3961.8789414288476,13287.746906631932,1597.1
45,407,105,22.65426852556791,25.98034398034398,7.058968058968063,12.243734643734644,32.27272727272727,13.419901719901732,31.458283795568388,7.498771498771498,193.23459577560425,78.0,9.499999999999998,14.480000000000004,43.0,183.4418962597847,11,0.5043813921511173,1.0,2.4999999999999996,9.819999999999999,19.5,0.20838500745594501,3,9220.28728990614,3303.1197985346807,12523.407088440821,1483.1
46,389,106,22.30743258126613,26.31362467866324,7.003598971722365,12.175167095115675,32.623393316195376,13.434961439588694,30.589828893052328,7.570694087403599,192.03282016515732,78.0,9.499999999999998,14.480000000000004,43.0,182.4418962597847,11,0.5043813921511173,1.0,2.4999999999999996,9.819999999999999,19.5,0.5236664456315339,3,8677.591274112525,3242.521862663547,11920.113136776072,1542.9
47,363,115,22.46862292064809,26.677685950413224,6.873278236914605,12.089696969696963,33.117079889807165,13.525068870523414,29.07840130201885,7.677685950413223,164.7261144593358,78.0,9.499999999999998,14.480000000000004,43.0,181.4418962597847,11,0.5043813921511173,1.0,2.4999999999999996,9.759999999999998,19.5,0.00876278430223465,3,8156.110120195257,3344.016149732168,11500.126269927425,1493.7
48,351,102,21.6404329858121,26.64957264957265,6.937321937321945,12.08678062678062,33.534188034188034,13.24700854700855,33.70896088739655,7.763532763532764,190.52638480067253,78.0,9.499999999999998,14.480000000000004,42.5,164.7261144593358,12,0.36063017202195624,1.0,2.4999999999999996,9.759999999999998,19.0,0.00876278430223465,3,7595.791978020047,3438.3140105144485,11034.105988534495,1122.7
49,349,88,23.15633841982355,25.822349570200572,6.937535816618911,12.084068767908299,33.627507163323784,13.088538681948421,28.020905822306553,7.9312320916905446,188.7835487127304,78.0,9.499999999999998,14.420000000000003,42.5,163.7261144593358,12,0.36063017202195624,1.0,2.6999999999999997,9.759999999999998,19.0,0.45518696220824495,4,8081.562108518418,2465.8397123629766,10547.401820881394,1065.6
50,340,86,22.921265555533665,25.673529411764704,6.954117647058825,12.06764705882353,33.70441176470588,13.36117647058823,26.560391892841672,8.091176470588236,188.7835487127304,78.0,9.399999999999999,14.420000000000003,42.5,106.23501536995173,12,0.36063017202195624,1.0,2.6999999999999997,9.759999999999998,19.0,0.6387033457867801,4,7793.2302888814465,2284.1937027843837,10077.42399166583,1317.0
51,329,90,20.98234183677377,24.838905775075986,6.987841945288753,12.029787234042553,34.05015197568389,12.99969604863222,29.858449294969454,8.25835866261398,158.64738791860873,78.0,9.399999999999999,14.180000000000001,42.5,188.7835487127304,11,0.5342343936790712,1.0,2.6999999999999997,9.759999999999998,19.0,0.06621982036131158,4,6903.19046429857,2687.2604365472507,9590.45090084582,1208.7
52,320,89,21.57688116426217,24.55625,7.0603125,12.083187499999998,34.1953125,13.220625000000002,25.300835745408722,8.415625,252.46736392378807,78.0,9.399999999999999,14.180000000000001,42.5,95.255521312356,12,0.5331099101806558,1.0,2.6999999999999997,9.699999999999998,21.0,0.2665549550903279,4,6904.601972563894,2251.7743813413763,9156.37635390527,1190.1
53,315,78,20.668313107025472,24.892063492063492,7.033968253968249,12.025460317460317,34.43333333333333,13.611428571428572,26.94270203307324,8.517460317460317,126.23368196189404,78.0,9.399999999999999,14.180000000000001,42.5,158.64738791860873,12,0.5331099101806558,1.0,2.5999999999999996,9.699999999999998,21.0,0.5394743795040995,4,6510.518628713024,2101.5307585797127,8612.049387292736,1028.6
54,309,84,19.23715395429845,24.796116504854368,6.9588996763754025,12.025889967637541,34.33980582524272,13.227184466019422,25.975293269458895,8.653721682847896,107.6066767713055,78.0,9.399999999999999,14.180000000000001,42.5,157.64738791860873,12,0.46446242963293116,1.0,2.4999999999999996,9.699999999999998,21.0,0.8578497185317246,4,5944.280571878221,2181.924634634547,8126.205206512768,1205.0
55,306,74,19.831558724255125,23.88235294117647,6.92222222222222,12.003398692810459,34.30392156862745,12.570588235294112,23.175676162974998,8.816993464052288,158.50523763714045,78.0,9.399999999999999,14.180000000000001,42.5,105.74586581811309,12,0.46446242963293116,1.0,2.4999999999999996,9.699999999999998,20.5,0.4933776542893611,4,6068.456969622068,1715.0000360601498,7783.457005682218,885.3000000000001
56,312,64,18.636615655423512,23.064102564102566,7.0653846153846125,12.06025641025641,34.07371794871795,12.646474358974363,24.075544531259315,9.025641025641026,145.9115013126284,77.0,9.399999999999999,14.180000000000001,42.5,99.46475100517273,12,0.46446242963293116,1.0,2.4999999999999996,9.699999999999998,20.5,0.5331099101806558,4,5814.624084492136,1540.8348500005961,7355.458934492732,952.6
57,313,61,17.496494015921385,22.690095846645367,7.178913738019169,12.132076677316295,33.88977635782748,13.187859424920134,25.597820355713846,9.178913738019169,145.9115013126284,77.0,9.499999999999998,14.240000000000002,42.5,98.46475100517273,13,0.39883701013786776,1.0,2.4999999999999996,9.699999999999998,20.5,1.2995604652387556,4,5476.402626983394,1561.4670416985446,7037.8696686819385,1227.3
58,313,65,16.64042473568854,22.792332268370608,7.230990415335458,12.189968051118207,33.843450479233226,14.23610223642173,22.934016012443703,9.284345047923322,101.74722978280624,77.0,9.499999999999998,14.240000000000002,42.0,97.46475100517273,14,0.39883701013786776,1.0,2.4999999999999996,9.699999999999998,20.0,0.45557803704116395,4,5208.452942270513,1490.7110408088406,6699.163983079354,1321.5
59,301,72,14.190365138686062,21.568106312292358,7.270099667774084,12.223189368770761,33.69269102990033,14.194684385382061,29.035201203169386,9.511627906976743,106.62446827063104,77.0,9.499999999999998,14.240000000000002,42.0,91.12707173544914,14,0.39883701013786776,1.0,2.4999999999999996,9.699999999999998,20.0,0.27387514943256974,5,4271.299906744504,2090.5344866281957,6361.8343933727,1259.4
60,289,63,16.58218883299512,21.508650519031143,7.32214532871972,12.234878892733553,33.63321799307958,14.669550173010375,20.832516031630597,9.640138408304498,106.62446827063104,77.0,9.499999999999998,14.240000000000002,42.0,90.12707173544914,14,0.39883701013786776,1.0,2.4999999999999996,9.699999999999998,20.0,0.47516237903619185,5,4792.25257273559,1312.4485099927276,6104.7010827283175,1092.2
61,259,90,15.098515888183137,22.47104247104247,7.193436293436293,12.137915057915059,33.87065637065637,13.713127413127413,21.153550174077733,9.749034749034749,92.04428405090584,75.0,9.399999999999999,14.240000000000002,42.0,93.70776475034654,15,0.6191610845200799,1.0,2.4999999999999996,9.639999999999997,19.5,0.39883701013786776,6,3910.5156150394323,1903.819515666996,5814.335130706429,1191.4
62,255,68,17.31189427260693,21.88235294117647,7.172941176470587,12.11349019607842,33.78823529411765,13.557254901960777,17.302736738915137,9.874509803921569,124.07237565814285,75.0,9.399999999999999,14.240000000000002,42.0,84.78365763423744,15,0.647564821633523,1.0,2.4999999999999996,9.639999999999997,19.5,0.18048678195600587,6,4414.533039514768,1176.5860982462293,5591.119137760997,626.6
63,245,66,15.390815040374864,21.885714285714286,7.155102040816332,12.107836734693874,34.14489795918367,13.586530612244887,22.911162149103504,9.955102040816326,92.04428405090584,75.0,9.399999999999999,14.240000000000002,42.0,104.62867036042735,15,0.647564821633523,1.0,2.4999999999999996,9.639999999999997,19.5,0.4766443380803196,6,3770.7496848918418,1512.1367018408312,5282.886386732673,857.8000000000001
64,227,67,15.241397180385635,21.792951541850222,6.906167400881062,11.997797356828189,34.39647577092511,12.714537444933912,23.945161574613703,10.026431718061675,145.25929511897266,75.0,9.499999999999998,14.240000000000002,42.0,103.62867036042735,16,0.6182476561798724,1.0,2.4999999999999996,9.639999999999997,19.0,0.6629810065833226,6,3459.797159947539,1604.325825499118,5064.122985446657,735.5
65,231,53,15.92999338908298,20.965367965367964,6.776190476190476,11.946926406926396,34.46320346320346,12.211688311688308,22.42380928878652,10.112554112554113,171.88618546747603,75.0,9.499999999999998,14.240000000000002,42.0,97.49806304719277,16,0.5870027782713123,1.0,2.4999999999999996,9.639999999999997,19.0,0.598092075160821,6,3679.8284728781687,1188.4618923056855,4868.290365183854,529.9
66,237,51,14.882056465560513,21.160337552742615,6.927848101265825,12.027763713080173,34.666666666666664,12.435443037974679,21.001849087338552,10.185654008438819,171.88618546747603,75.0,9.499999999999998,14.300000000000002,42.0,96.49806304719277,16,0.5870027782713123,1.0,2.4999999999999996,9.639999999999997,19.0,0.0122837305880239,6,3527.0473823378416,1071.094303454266,4598.141685792108,601.2
67,229,48,13.505076418009622,20.572052401746724,7.047161572052399,12.104366812227063,34.5174672489083,13.113973799126631,28.284889771557914,10.336244541484715,148.79155475321022,75.0,9.499999999999998,14.300000000000002,42.0,171.88618546747603,16,0.7182727069457542,1.0,2.4999999999999996,9.639999999999997,19.0,0.09253256854844949,6,3092.6624997242034,1357.6747090347799,4450.337208758983,858.6
68,231,45,13.097909336432403,18.796536796536795,7.006060606060607,12.144588744588741,34.07575757575758,13.938528138528131,28.184528037451017,10.532467532467532,180.15614236169495,75.0,9.599999999999998,14.240000000000002,42.0,148.79155475321022,17,0.5819333983147768,1.0,2.4999999999999996,9.639999999999997,18.5,0.544278927747655,6,3025.617056715885,1268.3037616852957,4293.92081840118,803.9
69,221,46,13.746878892069573,18.524886877828056,7.1009049773755635,12.213574660633475,33.540723981900456,14.270588235294117,23.863176322605124,10.701357466063348,151.66334923833347,75.0,9.599999999999998,14.240000000000002,41.5,176.65936880093068,17,0.2909666991573884,1.0,2.4999999999999996,9.639999999999997,18.5,0.2707301729340088,6,3038.0602351473754,1097.7061108398357,4135.766345987211,722.5
70,225,37,13.205307599639871,17.96,7.019111111111109,12.210666666666668,32.84222222222222,14.755999999999995,25.607824728761997,10.848888888888888,89.83909628185575,75.0,9.599999999999998,14.240000000000002,41.5,175.65936880093068,17,0.2741928392415165,1.0,2.4999999999999996,9.579999999999997,18.5,0.3315666465842142,6,2971.194209918971,947.4895149641939,3918.683724883165,734.5
71,206,51,14.734515706333713,18.106796116504853,6.924271844660196,12.085436893203878,33.657766990291265,13.982038834951453,14.21643892083519,10.898058252427184,219.69840439135442,65.0,9.599999999999998,14.240000000000002,41.5,150.66334923833347,17,0.2909666991573884,1.0,2.4999999999999996,9.579999999999997,18.5,0.2741928392415165,6,3035.310235504745,725.0383849625947,3760.3486204673395,644.3
72,215,36,13.356197944693447,18.493023255813952,6.799069767441859,11.995069767441858,33.81627906976744,13.110697674418597,17.706001954224273,10.962790697674418,109.84920219567721,65.0,9.499999999999998,14.240000000000002,41.5,149.66334923833347,15,0.30890795599044907,1.0,2.4999999999999996,9.579999999999997,19.5,0.2909666991573884,6,2871.582558109091,637.4160703520738,3508.998628461165,332.1
73,220,36,12.297849043828723,17.668181818181818,6.5499999999999945,11.871909090909087,33.81136363636364,12.858636363636354,17.70800553547545,11.104545454545455,178.2497543583122,65.0,9.599999999999998,14.240000000000002,41.5,79.91351489972294,15,0.30890795599044907,1.0,2.4999999999999996,9.579999999999997,19.5,0.19354271393213196,7,2705.5267896423193,637.4881992771162,3343.0149889194354,470.6
74,217,29,12.236532371096276,17.59447004608295,6.485714285714284,11.829677419354839,33.83870967741935,13.451612903225795,18.928162589878607,11.19815668202765,89.1248771791561,65.0,9.599999999999998,14.240000000000002,41.5,78.91351489972294,15,0.254261891077161,1.0,2.4999999999999996,9.579999999999997,19.5,0.8101139281322958,7,2655.327524527892,548.9167151064796,3204.2442396343713,500.4
75,201,39,11.556039968666997,17.437810945273633,6.462686567164172,11.836119402985075,33.77363184079602,14.044278606965168,19.883047964410416,11.298507462686567,87.58085493162798,65.0,9.599999999999998,14.240000000000002,41.5,77.91351489972294,15,0.254261891077161,1.0,2.4999999999999996,9.579999999999997,19.5,0.2628483501180199,7,2322.7640337020666,775.4388706120062,3098.202904314073,799.5
76,195,27,13.12096185122008,17.584615384615386,6.421025641025636,11.782769230769235,33.95384615384615,14.763589743589744,15.816029450173339,11.353846153846154,72.08917848591227,65.0,9.599999999999998,14.240000000000002,41.5,87.58085493162798,15,0.254261891077161,1.0,2.4999999999999996,9.579999999999997,19.5,0.33289166164605355,7,2558.587560987916,427.0327951546802,2985.620356142596,444.40000000000003
77,196,22,11.885301464190569,17.20408163265306,6.381122448979586,11.787857142857147,34.191326530612244,15.676020408163263,24.06151705523752,11.474489795918368,100.31200520608763,65.0,9.599999999999998,14.240000000000002,41.5,93.1356969934152,16,0.254261891077161,1.0,2.4999999999999996,9.579999999999997,19.0,0.5445397799522453,7,2329.5190869813514,529.3533752152255,2858.8724621965766,486.1
78,183,33,12.002059525300318,17.442622950819672,6.102185792349722,11.589398907103831,34.00273224043716,15.624590163934432,17.271645717878684,11.568306010928962,100.23246292879048,65.0,9.599999999999998,14.240000000000002,41.5,92.1356969934152,16,0.2803263451118667,1.0,2.4999999999999996,9.579999999999997,19.0,0.6178159119808981,7,2196.3768931299583,569.9643086899965,2766.3412018199547,648.0
79,171,37,11.991808959616119,17.70175438596491,5.766666666666664,11.39298245614035,34.698830409356724,15.764912280701758,16.223301536722296,11.573099415204679,104.95504456840263,65.0,9.599999999999998,14.240000000000002,41.5,91.1356969934152,16,0.29632222171246525,1.0,2.4999999999999996,9.579999999999997,19.0,0.2803263451118667,7,2050.599332094356,600.262156858725,2650.8614889530813,466.4
80,163,42,11.057268141039689,17.05521472392638,5.727607361963189,11.411533742331292,34.306748466257666,14.992638036809815,16.849382478913626,11.742331288343559,115.19381272561282,65.0,9.599999999999998,14.300000000000002,41.0,67.90028268211245,16,0.29632222171246525,1.0,2.4999999999999996,9.579999999999997,19.0,1.7504330392574161,8,1802.3347069894692,707.6740641143723,2510.0087711038414,428.6
81,160,28,12.456379176466896,17.68125,5.7375,11.382125000000002,34.80625,15.683125,14.83957053888487,11.75,115.19381272561282,65.0,9.599999999999998,14.300000000000002,41.0,66.90028268211245,17,0.3202098573332357,1.0,2.4999999999999996,9.579999999999997,18.5,0.29632222171246525,8,1993.0206682347034,415.50797508877633,2408.5286433234796,281.40000000000003
82,159,27,12.000479711101987,17.238993710691823,5.8264150943396205,11.46402515723271,34.64150943396226,16.546540880503155,15.979933871492964,11.874213836477987,115.19381272561282,65.0,9.499999999999998,14.300000000000002,41.0,65.90028268211245,18,0.3202098573332357,1.0,2.4999999999999996,9.579999999999997,18.0,0.2242413155688343,8,1908.0762740652158,431.45821453031004,2339.534488595526,468.90000000000003
83,145,33,12.971525432223633,18.393103448275863,5.728275862068966,11.357655172413796,34.889655172413796,16.232413793103447,10.250107387328347,11.917241379310346,81.40461549789416,65.0,9.499999999999998,14.300000000000002,41.0,46.59751909673378,18,0.3202098573332357,1.0,2.4999999999999996,9.579999999999997,18.0,0.4063575672093661,8,1880.8711876724267,338.25354378183545,2219.124731454262,404.1
84,142,26,12.301210824069734,18.35211267605634,5.704225352112675,11.30267605633803,35.320422535211264,15.86338028169014,13.652346187308845,12.035211267605634,64.92416156892725,65.0,9.499999999999998,14.300000000000002,41.0,73.05981964565308,18,0.3202098573332357,1.0,2.4999999999999996,9.639999999999997,18.0,1.4830657451211664,8,1746.7719370179022,354.96100087003,2101.732937887932,223.1
85,133,24,12.808789668288018,18.218045112781954,5.554887218045111,11.240000000000007,34.8984962406015,16.34285714285714,13.690917926217347,12.172932330827068,99.52212019457238,65.0,9.499999999999998,14.300000000000002,41.0,59.90403336135955,18,0.3202098573332357,1.0,2.4999999999999996,9.639999999999997,18.0,1.2127166387874793,8,1703.5690258823063,328.58203022921634,2032.1510561115226,402.8
86,138,20,11.472570752455134,17.17391304347826,5.580434782608695,11.311159420289858,34.583333333333336,16.03985507246377,16.631397445460685,12.398550724637682,99.52212019457238,65.0,9.499999999999998,14.360000000000003,40.5,62.50144075171579,18,0.3202098573332357,1.0,2.4999999999999996,9.639999999999997,18.0,0.21271663878747926,9,1583.2147638388085,332.6279489092137,1915.8427127480222,291.3
87,126,24,11.946328689147979,17.1984126984127,5.663492063492061,11.39126984126984,34.611111111111114,15.390476190476189,14.813162405053475,12.444444444444445,99.52212019457238,65.0,9.499999999999998,14.360000000000003,40.5,61.50144075171579,18,0.3202098573332357,1.0,2.4999999999999996,9.639999999999997,18.0,0.7501283975203878,9,1505.2374148326453,355.5158977212834,1860.7533125539287,325.5
88,119,25,10.591577950198452,16.34453781512605,5.814285714285713,11.470756302521009,34.924369747899156,15.068907563025208,21.255845714817454,12.672268907563025,95.62783575636314,65.0,9.299999999999999,14.360000000000003,40.5,99.52212019457238,18,0.3202098573332357,1.0,2.4999999999999996,9.639999999999997,18.0,1.3486142108928583,9,1260.397776073616,531.3961428704364,1791.7939189440522,262.2
89,112,25,10.623025080128022,15.294642857142858,5.702678571428572,11.41321428571428,35.142857142857146,15.928571428571427,22.49430909579223,12.767857142857142,95.62783575636314,65.0,9.299999999999999,14.360000000000003,40.5,98.52212019457238,18,0.3202098573332357,1.0,2.4999999999999996,9.639999999999997,18.0,1.5002567950407757,9,1189.7788089743385,562.3577273948057,1752.1365363691443,273.90000000000003
90,112,22,11.289151633124305,15.732142857142858,5.7491071428571425,11.418928571428566,35.3125,17.467857142857135,19.02134227411575,12.803571428571429,95.62783575636314,65.0,9.299999999999999,14.300000000000002,40.5,97.52212019457238,19,0.3202098573332357,1.0,2.4999999999999996,9.639999999999997,17.5,1.583776270972964,9,1264.3849829099222,418.4695300305465,1682.8545129404688,285.6
91,102,33,9.82263957088519,14.852941176470589,5.78627450980392,11.487254901960782,34.90686274509804,16.105882352941173,18.838792266454064,12.970588235294118,70.9612904819052,60.0,9.299999999999999,14.300000000000002,40.5,96.52212019457238,19,0.3202098573332357,1.0,2.3999999999999995,9.639999999999997,17.5,0.5837762709729639,9,1001.9092362302894,621.6801447929842,1623.5893810232735,300.8
92,98,23,11.111434758513276,15.295918367346939,6.008163265306122,11.616530612244894,34.77040816326531,15.697959183673465,20.89514868816894,13.071428571428571,123.16020252377439,60.0,9.299999999999999,14.300000000000002,40.5,94.62783575636314,20,0.3202098573332357,1.0,2.3999999999999995,9.639999999999997,17.0,2.9485463602225366,9,1088.920606334301,480.5884198278856,1569.5090261621867,99.4
93,101,19,10.844573910348755,15.722772277227723,6.114851485148514,11.684356435643563,34.55940594059406,15.754455445544554,20.383323121086864,13.118811881188119,70.9612904819052,60.0,9.299999999999999,14.300000000000002,40.5,93.62783575636314,20,0.3202098573332357,1.0,2.3999999999999995,9.639999999999997,17.0,1.756547463861807,9,1095.3019649452242,387.2831393006504,1482.5851042458746,71.4
94,101,19,10.692235156211705,15.277227722772277,6.0,11.634257425742579,34.83168316831683,15.545544554455452,17.527338523519784,13.108910891089108,73.10252787810832,59.0,9.299999999999999,14.300000000000002,40.5,92.62783575636314,20,0.3202098573332357,1.0,2.3999999999999995,9.639999999999997,17.0,0.756547463861807,9,1079.9157507773823,333.0194319468759,1412.935182724258,172.3
95,104,10,10.444509522434402,15.48076923076923,5.901923076923074,11.569423076923075,34.74519230769231,15.113461538461543,23.95033628171126,13.182692307692308,84.46647563408942,59.0,9.299999999999999,14.300000000000002,40.0,91.62783575636314,20,0.3202098573332357,1.0,2.3999999999999995,9.639999999999997,17.0,2.929401923712028,9,1086.2289903331778,239.5033628171126,1325.7323531502902,68.30000000000001
96,100,13,10.367039527826575,15.99,5.728999999999998,11.432799999999997,34.93,15.564000000000004,18.68846469638497,13.14,60.34971712045736,59.0,9.299999999999999,14.300000000000002,40.0,90.62783575636314,19,0.3202098573332357,1.0,2.3999999999999995,9.639999999999997,17.5,2.7216627343012383,9,1036.7039527826576,242.95004105300458,1279.653993835662,210.60000000000002
97,96,20,9.033351483332671,16.625,5.9104166666666655,11.514166666666663,34.932291666666664,15.07291666666667,18.06410081847219,13.302083333333334,43.209701793685355,59.0,9.299999999999999,14.300000000000002,40.0,95.69313831527789,20,0.3202098573332357,1.0,2.3999999999999995,9.639999999999997,17.0,0.6404197146664714,10,867.2017423999364,361.2820163694438,1228.48375876938,183.3
98,89,12,12.307809440553381,17.146067415730336,5.896629213483144,11.500449438202244,34.73033707865169,15.428089887640452,9.199255245620305,13.348314606741573,100.02543900078172,59.0,9.299999999999999,14.300000000000002,40.0,22.038389680536373,20,0.3202098573332357,1.0,2.3999999999999995,9.639999999999997,17.0,2.117176491421011,10,1095.395040209251,110.39106294744366,1205.7861031566947,182.60000000000002
99,90,7,11.889161157478068,17.211111111111112,5.898888888888887,11.496888888888892,34.955555555555556,16.19777777777778,12.072923567637162,13.355555555555556,100.02543900078172,59.0,9.299999999999999,14.300000000000002,40.0,43.209701793685355,20,0.3202098573332357,1.0,2.3999999999999995,9.639999999999997,17.0,1.2470194839033542,10,1070.0245041730261,84.51046497346013,1154.5349691464862,128.8
100,84,14,11.490336847037257,17.345238095238095,5.747619047619048,11.434285714285712,34.529761904761905,14.95833333333333,11.226234026851577,13.511904761904763,100.02543900078172,59.0,9.299999999999999,14.300000000000002,40.0,42.209701793685355,20,0.3202098573332357,1.0,2.3999999999999995,9.639999999999997,17.0,1.805381514949545,10,965.1882951511296,157.16727637592209,1122.3555715270518,173.60000000000002
101,77,18,11.829009701710442,17.805194805194805,5.705194805194803,11.374285714285717,35.12987012987013,15.668831168831169,10.351793272720647,13.506493506493506,100.02543900078172,59.0,9.299999999999999,14.300000000000002,40.0,34.79955937105485,20,0.6235097419516771,1.0,2.3999999999999995,9.639999999999997,17.0,0.3202098573332357,10,910.833747031704,186.33227890897163,1097.1660259406756,221.60000000000002
102,72,11,13.820376419719938,18.11111111111111,5.7319444444444425,11.346388888888894,35.666666666666664,17.991666666666674,7.407356846445307,13.444444444444445,100.02543900078172,59.0,9.299999999999999,13.180000000000001,40.0,28.536750211090066,16,2.2794476252840496,7.0,2.3999999999999995,9.639999999999997,27.0,0.6235097419516771,10,995.0671022198355,81.48092531089837,1076.5480275307339,222.50000000000003
103,65,18,11.943479971862587,18.23076923076923,5.875384615384613,11.439076923076925,35.73076923076923,17.36769230769231,14.918695408401517,13.492307692307692,100.02543900078172,59.0,9.399999999999999,13.180000000000001,40.0,63.91862511283913,16,2.2794476252840496,7.0,2.3999999999999995,9.699999999999998,27.0,0.40347626981692963,11,776.3261981710682,268.5365173512273,1044.8627155222955,212.50000000000003
104,67,11,13.011588376573593,17.925373134328357,5.795522388059702,11.399701492537316,35.67164179104478,16.943283582089553,10.291903501520098,13.64179104477612,82.07555638029308,59.0,9.399999999999999,13.180000000000001,39.5,41.23323781704471,17,2.2794476252840496,7.0,2.3999999999999995,9.699999999999998,27.0,2.301918240091254,11,871.7764212304307,113.21093851672107,984.9873597471518,68.2
105,68,10,10.794179215924224,17.073529411764707,5.69705882352941,11.352352941176472,35.544117647058826,15.814705882352946,18.45394374484119,13.764705882352942,48.378466559710255,59.0,9.399999999999999,13.180000000000001,39.5,82.07555638029308,17,2.2794476252840496,7.0,2.3999999999999995,9.639999999999997,27.0,1.3019182400912541,11,734.0041866828473,184.53943744841192,918.5436241312592,73.8
106,70,7,11.318779504671664,17.228571428571428,5.472857142857144,11.235428571428573,35.17857142857143,16.04142857142857,13.325996593128078,13.814285714285715,102.19217528881543,59.0,9.399999999999999,13.180000000000001,39.5,39.23323781704471,17,2.4357585873736562,7.0,2.3999999999999995,9.579999999999997,27.0,2.2794476252840496,11,792.3145653270165,93.28197615189654,885.596541478913,102.7
107,67,12,9.937940350259327,17.47761194029851,5.317910447761194,11.148358208955228,34.917910447761194,15.889552238805965,14.311031131497872,13.895522388059701,51.09608764440772,59.0,9.399999999999999,13.180000000000001,39.5,48.378466559710255,17,2.1089854095381533,7.0,2.3999999999999995,9.579999999999997,27.0,1.2794476252840496,11,665.8420034673749,171.73237357797447,837.5743770453494,162.00000000000003
108,67,6,10.857249577728771,17.28358208955224,5.223880597014926,11.089253731343288,34.74626865671642,15.998507462686568,14.463056231540913,13.970149253731343,88.32932546145243,59.0,9.399999999999999,13.120000000000001,39.5,25.61133426372212,17,2.1089854095381533,7.0,2.3999999999999995,9.579999999999997,27.0,6.040143247518401,11,727.4357217078276,86.77833738924548,814.2140590970731,58.0
109,72,4,9.897422557267507,17.5,5.309722222222222,11.11666666666667,34.916666666666664,15.683333333333334,11.918181324611165,14.027777777777779,44.164662730726214,59.0,9.399999999999999,13.180000000000001,39.5,22.971569771842624,17,2.1089854095381533,7.0,2.3999999999999995,9.579999999999997,27.0,4.947200122572442,11,712.6144241232605,47.67272529844466,760.2871494217052,34.199999999999996
110,74,4,8.83223460467926,16.72972972972973,5.2648648648648635,11.091891891891892,34.9527027027027,14.97297297297297,19.744338717447274,14.202702702702704,44.164662730726214,59.0,9.399999999999999,13.180000000000001,39.5,27.076893558719753,17,2.1089854095381533,7.0,2.3999999999999995,9.579999999999997,27.0,4.922531789031292,11,653.5853607462652,78.9773548697891,732.5627156160543,23.8
111,74,2,9.565160882366634,16.62162162162162,5.285135135135135,11.09027027027027,34.972972972972975,15.424324324324326,6.73745350941474,14.243243243243244,65.13623250256884,59.0,9.399999999999999,13.180000000000001,39.5,7.515364300392333,17,2.1089854095381533,7.0,2.4999999999999996,9.579999999999997,27.0,5.959542718437147,11,707.8219052951309,13.47490701882948,721.2968123139605,35.3
112,75,2,8.961455593577032,16.973333333333333,5.250666666666666,11.05786666666667,34.88,15.766666666666667,10.257857475435825,14.266666666666667,40.06118547555417,59.0,9.399999999999999,13.180000000000001,39.5,10.53920652692638,17,2.1089854095381533,7.0,2.4999999999999996,9.579999999999997,27.0,9.97650842394527,11,672.1091695182774,20.51571495087165,692.624884469149,49.5
113,72,5,8.676622788940866,16.84722222222222,5.169444444444445,11.013055555555557,34.86805555555556,16.033333333333335,12.02112502902273,14.319444444444445,40.06118547555417,59.0,9.299999999999999,13.180000000000001,39.5,22.512930370340086,17,2.1089854095381533,7.0,2.4999999999999996,9.579999999999997,27.0,7.1212774847964955,11,624.7168408037423,60.105625145113656,684.822465948856,93.6
114,69,8,8.180412651960411,16.420289855072465,5.195652173913044,11.042608695652175,34.77536231884058,15.798550724637684,13.379209555983625,14.36231884057971,40.06118547555417,59.0,9.299999999999999,13.180000000000001,39.5,32.56811625128442,17,2.1089854095381533,7.0,2.4999999999999996,9.579999999999997,27.0,5.790302831468727,11,564.4484729852684,107.033676447869,671.4821494331374,63.10000000000001
115,67,6,9.026127090838276,16.567164179104477,5.250746268656716,11.074626865671641,34.73134328358209,16.391044776119408,9.374738562467288,14.388059701492537,47.852174376926634,59.0,9.299999999999999,13.180000000000001,39.5,23.29381669142819,17,2.1089854095381533,7.0,2.4999999999999996,9.579999999999997,27.0,3.17072256454865,11,604.7505150861645,56.24843137480373,660.9989464609682,52.5
116,68,4,7.72609516461657,15.088235294117647,5.075,11.003235294117648,34.654411764705884,16.426470588235293,29.62628275967694,14.544117647058824,40.06118547555417,59.0,9.299999999999999,13.180000000000001,39.5,50.02289694147528,17,2.1089854095381533,7.0,2.4999999999999996,9.579999999999997,27.0,10.819041164601003,11,525.3744711939268,118.50513103870776,643.8796022326345,32.2
117,65,9,6.808608706790325,13.830769230769231,4.826153846153846,10.918153846153846,34.36923076923077,16.107692307692307,21.24884225048679,14.707692307692307,40.06118547555417,53.0,9.299999999999999,13.180000000000001,39.0,49.02289694147528,17,2.1089854095381533,7.0,2.4999999999999996,9.579999999999997,27.0,6.772391884743767,11,442.55956594137115,191.2395802543811,633.7991461957522,81.4
118,62,8,8.294674023589947,14.064516129032258,4.9145161290322585,10.973225806451614,34.395161290322584,16.68870967741936,13.816169591646927,14.725806451612904,51.19361950602393,53.0,9.299999999999999,13.180000000000001,39.0,33.36937624120329,17,2.1089854095381533,7.0,2.4999999999999996,9.579999999999997,27.0,2.586372236282139,11,514.2697894625767,110.52935673317542,624.7991461957521,29.9
119,61,7,8.405100075022544,13.62295081967213,4.842622950819673,10.928524590163935,34.442622950819676,17.703278688524588,13.041376677552993,14.819672131147541,58.16882196692684,53.0,9.299999999999999,13.180000000000001,39.0,32.36937624120329,17,2.1089854095381533,7.0,2.4999999999999996,9.579999999999997,27.0,1.586372236282139,11,512.7111045763752,91.28963674287095,604.0007413192461,55.9
120,61,4,8.668727302825259,13.557377049180328,4.750819672131149,10.876393442622948,34.368852459016395,18.306557377049174,15.600169032676197,14.868852459016393,58.16882196692684,53.0,9.299999999999999,13.180000000000001,39.0,31.36937624120329,17,2.1089854095381533,7.0,2.4999999999999996,9.579999999999997,27.0,4.346465064662129,11,528.7923654723407,62.40067613070479,591.1930416030456,61.00000000000001
121,58,5,8.818390192240953,13.793103448275861,4.748275862068967,10.874137931034479,34.327586206896555,19.487931034482752,15.145282090614003,14.827586206896552,58.16882196692684,53.0,9.299999999999999,13.180000000000001,39.0,30.36937624120329,17,2.1089854095381533,7.0,2.4999999999999996,9.579999999999997,27.0,5.216196994148366,11,511.4666311499753,75.72641045307002,587.1930416030453,71.9
122,56,6,7.5422177913132655,12.821428571428571,4.9250000000000025,10.968571428571428,34.55357142857143,19.88928571428571,25.444884682412695,15.0,40.06118547555417,53.0,9.299999999999999,13.180000000000001,39.0,58.16882196692684,17,2.1089854095381533,7.0,2.4999999999999996,9.579999999999997,27.0,7.845458126434092,11,422.3641963135429,152.66930809447618,575.0335044080191,67.7
123,52,12,7.360883609970855,11.788461538461538,4.851923076923079,10.892692307692304,34.60576923076923,19.513461538461538,14.558508477852362,15.288461538461538,63.568024405179834,53.0,9.299999999999999,13.180000000000001,39.0,38.6090917955446,17,2.1089854095381533,7.0,2.4999999999999996,9.579999999999997,27.0,4.177848121323265,12,382.7659477184844,174.70210173422834,557.4680494527128,107.80000000000001
124,52,8,7.475425582512965,11.673076923076923,4.751923076923078,10.832692307692305,34.56730769230769,20.311538461538458,17.247795417875565,15.365384615384615,41.16300442743227,53.0,9.299999999999999,13.180000000000001,39.0,37.6090917955446,17,2.1089854095381533,7.0,2.4999999999999996,9.579999999999997,27.0,3.177848121323265,12,388.7221302906742,137.98236334300452,526.7044936336788,68.0
125,49,10,8.150402690044519,12.10204081632653,4.267346938775511,10.591836734693874,33.97959183673469,19.130612244897957,10.215532607677012,15.428571428571429,54.38082195560188,53.0,9.299999999999999,13.180000000000001,39.0,26.36937624120329,18,2.1089854095381533,7.0,2.4999999999999996,9.579999999999997,26.5,2.177848121323265,12,399.36973181218144,102.15532607677012,501.52505788895155,89.3
126,49,6,8.573412064189526,12.612244897959183,4.291836734693879,10.609795918367345,33.826530612244895,18.06530612244898,7.301368088775422,15.448979591836734,40.06118547555417,53.0,9.299999999999999,13.180000000000001,39.0,25.36937624120329,18,2.1089854095381533,7.0,2.4999999999999996,9.579999999999997,26.5,1.1778481213232652,12,420.0971911452868,43.80820853265253,463.90539967793933,7.000000000000001
127,53,6,7.39520832986936,12.377358490566039,4.422641509433965,10.678113207547169,33.9811320754717,16.952830188679243,6.802925587770152,15.584905660377359,40.06118547555417,53.0,9.299999999999999,13.180000000000001,39.0,24.36937624120329,18,2.1089854095381533,7.0,2.4999999999999996,9.579999999999997,26.5,0.17784812132326522,12,391.94604148307604,40.81755352662091,432.7635950096969,10.3
128,53,2,7.230797542559075,11.81132075471698,4.411320754716984,10.66264150943396,34.12264150943396,17.77358490566038,20.477337880258858,15.679245283018869,63.43056171675746,53.0,9.299999999999999,13.180000000000001,39.0,37.484064872033684,18,2.1089854095381533,7.0,2.4999999999999996,9.579999999999997,26.5,3.4706108884840354,12,383.23226975563097,40.954675760517716,424.1869455161487,22.5
129,51,4,7.397548260266838,12.686274509803921,4.229411764705884,10.551372549019606,33.88235294117647,18.584313725490198,7.263585953337623,15.686274509803921,46.77481597889175,54.0,9.299999999999999,13.180000000000001,38.5,11.330465485011997,18,2.1089854095381533,7.0,2.4999999999999996,9.579999999999997,26.5,2.4706108884840354,12,377.2749612736087,29.054343813350492,406.3293050869592,85.80000000000001
130,52,0,7.51222309792762,13.153846153846153,4.2211538461538485,10.554230769230767,33.73076923076923,19.75,0.0,15.653846153846153,31.71528085837873,54.0,9.299999999999999,13.180000000000001,38.5,0.0,18,2.1089854095381533,7.0,2.4999999999999996,9.579999999999997,26.0,0.0,12,390.63560109223624,0.0,390.63560109223624,30.200000000000003
131,46,7,6.943696415951697,12.58695652173913,4.260869565217393,10.583043478260867,33.69565217391305,19.16086956521739,9.603805914511254,15.782608695652174,23.387407989445876,54.0,9.299999999999999,13.180000000000001,38.5,31.71528085837873,18,2.1089854095381533,7.0,2.4999999999999996,9.579999999999997,26.0,3.1257949687744286,12,319.4100351337781,67.22664140157877,386.63667653535686,52.6
132,45,5,7.259835448803131,12.666666666666666,4.300000000000002,10.604,33.733333333333334,20.788888888888888,10.58881626784321,15.777777777777779,23.387407989445876,54.0,9.299999999999999,13.180000000000001,38.5,30.71528085837873,18,2.1089854095381533,7.0,2.5999999999999996,9.579999999999997,26.0,2.1257949687744286,12,326.6925951961409,52.944081339216055,379.63667653535697,41.5
133,39,10,7.010020222715941,12.846153846153847,4.01794871794872,10.473846153846152,33.26923076923077,20.02307692307692,9.475189737375588,15.820512820512821,23.387407989445876,54.0,9.299999999999999,13.180000000000001,38.5,29.71528085837873,18,2.1089854095381533,7.0,2.5999999999999996,9.579999999999997,26.0,3.972745420827644,12,273.3907886859217,94.75189737375588,368.14268605967754,115.40000000000002
134,38,8,7.387644758614997,12.894736842105264,3.8684210526315796,10.42315789473684,32.98684210526316,19.5,8.980547324246258,15.81578947368421,23.387407989445876,54.0,9.299999999999999,13.180000000000001,38.5,28.71528085837873,18,2.1089854095381533,7.0,2.5999999999999996,9.579999999999997,26.0,2.9730015253237396,12,280.7305008273699,71.84437859397006,352.57487942134,44.1
135,38,7,6.5441163198496834,12.289473684210526,4.03421052631579,10.485263157894735,33.28947368421053,17.852631578947367,11.9899935731922,16.05263157894737,23.387407989445876,54.0,9.399999999999999,13.180000000000001,38.5,27.71528085837873,18,2.1089854095381533,7.0,2.5999999999999996,9.579999999999997,26.0,3.5172805648001244,13,248.67642015428797,83.9299550123454,332.60637516663337,0.0
136,40,2,7.31468576880508,12.075,4.127500000000001,10.544999999999998,33.4125,18.16,13.878095846475212,16.125,33.512883602828964,54.0,9.399999999999999,13.240000000000002,38.5,22.280186562351687,19,2.0861370795941254,7.0,2.5999999999999996,9.579999999999997,26.0,5.476005130598734,13,292.5874307522032,27.756191692950424,320.34362244515364,15.0
137,35,8,7.032233269281658,12.542857142857143,4.171428571428573,10.566285714285714,33.44285714285714,16.525714285714287,7.61345528699739,16.314285714285713,23.387407989445876,54.0,9.399999999999999,13.240000000000002,38.0,21.280186562351687,19,2.0861370795941254,7.0,2.6999999999999997,9.639999999999997,26.0,2.1089854095381533,13,246.12816442485803,60.90764229597912,307.0358067208372,60.5
138,36,4,7.059468061740464,12.527777777777779,4.311111111111113,10.633888888888889,33.513888888888886,16.425,8.92165868922564,16.416666666666668,25.00324469896334,54.0,9.399999999999999,13.240000000000002,38.0,20.280186562351687,19,2.0861370795941254,7.0,2.6999999999999997,9.639999999999997,26.0,1.1089854095381533,13,254.1408502226567,35.68663475690256,289.82748497955924,16.8
139,36,4,6.537405694469548,11.38888888888889,4.327777777777779,10.661666666666667,33.458333333333336,16.641666666666666,10.940587153496121,16.583333333333332,30.92027984352753,38.0,9.399999999999999,13.240000000000002,38.0,25.00324469896334,19,2.0861370795941254,7.0,2.6999999999999997,9.639999999999997,26.0,5.366636133871918,13,235.34660500090374,43.762348613984486,279.1089536148882,50.60000000000001
140,33,4,7.61882419558948,11.666666666666666,4.275757575757576,10.641818181818183,33.31818181818182,17.12121212121212,5.921938790108841,16.636363636363637,32.38146559967058,38.0,9.399999999999999,13.240000000000002,38.0,8.474929687478234,19,2.0861370795941254,7.0,2.6999999999999997,9.639999999999997,26.0,4.366636133871918,13,251.42119845445282,23.687755160435366,275.1089536148882,44.5
141,32,5,7.0777242176553,11.59375,3.9125,10.478124999999999,32.9375,16.70625,6.687377392061611,16.75,30.92027984352753,38.0,9.399999999999999,13.240000000000002,38.0,10.164238878322152,19,2.0861370795941254,7.0,2.6999999999999997,9.639999999999997,26.0,3.7687188818719193,13,226.4871749649696,33.43688696030806,259.92406192527767,82.49999999999999
142,31,4,7.06054818718824,11.516129032258064,3.7516129032258063,10.396774193548387,32.79032258064516,14.75483870967742,7.146525283258328,16.93548387096774,30.92027984352753,38.0,9.399999999999999,13.240000000000002,38.0,10.038422581848502,19,2.0861370795941254,7.0,2.6999999999999997,9.639999999999997,26.0,5.275146119256346,13,218.87699380283544,28.586101133033313,247.46309493586875,0.0
143,30,5,6.978784715803316,11.7,3.776666666666667,10.41,32.81666666666667,15.226666666666667,6.068739266076817,16.966666666666665,30.92027984352753,38.0,9.399999999999999,13.240000000000002,38.0,9.038422581848502,19,2.0861370795941254,7.0,2.6999999999999997,9.639999999999997,26.0,4.172274159188251,13,209.3635414740995,30.343696330384088,239.70723780448358,41.199999999999996
144,26,7,7.13107797278472,11.884615384615385,3.1999999999999997,10.11076923076923,32.30769230769231,14.473076923076926,7.04274435886869,17.0,30.92027984352753,38.0,3.9,10.759999999999998,34.5,14.150728905635287,19,2.637573059628173,7.0,2.6999999999999997,9.639999999999997,26.0,3.5048941108557536,13,185.40802729240272,49.29921051208083,234.70723780448355,54.4
145,26,6,7.301333961102495,11.923076923076923,3.196153846153846,10.11076923076923,32.28846153846154,15.334615384615386,6.006106213903611,17.03846153846154,30.92027984352753,38.0,3.9,10.759999999999998,34.5,13.150728905635287,19,1.835917532397021,7.0,2.6999999999999997,9.639999999999997,26.0,2.5048941108557536,13,189.83468298866487,36.03663728342167,225.87132027208654,29.2
146,28,6,6.617997132533165,11.678571428571429,3.189285714285714,10.105,32.267857142857146,16.54642857142857,5.006106213903611,17.178571428571427,30.92027984352753,38.0,3.9,10.759999999999998,34.5,12.150728905635287,20,1.835917532397021,7.0,2.6999999999999997,9.639999999999997,26.0,1.5048941108557536,13,185.30391971092862,30.03663728342167,215.3405569943503,40.6
147,25,8,6.632827171892012,11.96,3.2079999999999997,10.105599999999999,32.2,16.84,5.439984712131247,17.28,30.92027984352753,38.0,3.9,10.759999999999998,34.5,11.150728905635287,20,2.2640034958081525,7.0,2.6999999999999997,9.639999999999997,26.0,0.5048941108557536,13,165.8206792973003,43.51987769704998,209.34055699435027,39.4
148,24,5,7.530441195795118,12.083333333333334,3.204166666666666,10.115,32.104166666666664,17.912499999999998,4.221014836882347,17.291666666666668,30.92027984352753,38.0,3.9,10.759999999999998,34.5,10.150728905635287,20,2.2640034958081525,7.0,2.6999999999999997,9.639999999999997,26.0,0.47492968747823383,13,180.73058869908283,21.105074184411734,201.83566288349456,19.200000000000003
149,26,4,6.632200115180935,11.884615384615385,3.1884615384615382,10.108461538461539,32.09615384615385,18.23846153846154,4.157536124233376,17.423076923076923,30.92027984352753,38.0,3.9,10.759999999999998,34.5,9.150728905635287,20,2.2640034958081525,7.0,2.6999999999999997,9.639999999999997,26.0,2.195826932809851,13,172.4372029947043,16.630144496933504,189.0673474916378,22.3
150,24,5,6.841339990601704,12.125,3.1958333333333333,10.132499999999999,32.0,18.604166666666668,4.1750375434393705,17.5,30.92027984352753,38.0,3.9,10.759999999999998,34.5,8.150728905635287,20,2.2640034958081525,7.0,2.6999999999999997,9.879999999999999,26.0,1.195826932809851,13,164.1921597744409,20.87518771719685,185.06734749163775,18.900000000000002
151,23,4,7.2673412829342565,12.304347826086957,3.2043478260869565,10.138260869565217,32.02173913043478,19.047826086956523,3.2296244960374603,17.52173913043478,30.92027984352753,38.0,3.9,10.759999999999998,34.5,7.150728905635287,20,2.2640034958081525,7.0,2.6999999999999997,9.879999999999999,26.0,0.19582693280985097,13,167.1488495074879,12.918497984149841,180.06734749163775,0.0
152,22,3,7.44799097692927,12.454545454545455,3.1999999999999997,10.139090909090909,31.931818181818183,19.81818181818182,4.338573022127996,17.5,30.92027984352753,38.0,3.9,10.759999999999998,34.5,6.826567578900197,20,2.2640034958081525,7.0,2.6999999999999997,9.879999999999999,26.0,0.038422581848502446,13,163.85580149244393,13.015719066383987,176.8715205588279,10.3
153,17,6,6.814493133651932,12.058823529411764,3.1941176470588233,10.107058823529412,32.088235294117645,18.188235294117646,9.831119117482764,17.705882352941178,23.387407989445876,38.0,3.9,10.699999999999998,34.5,30.92027984352753,20,2.2640034958081525,7.0,2.6999999999999997,9.879999999999999,26.0,3.230820565004212,13,115.84638327208285,58.986714704896585,174.83309797697945,18.900000000000002
154,17,5,5.81325413060042,10.294117647058824,3.164705882352941,10.06235294117647,32.470588235294116,18.2235294117647,13.507843012411504,18.11764705882353,11.693703994722938,37.0,3.8,10.699999999999998,34.5,29.92027984352753,20,2.2640034958081525,7.0,2.6999999999999997,9.879999999999999,26.0,2.230820565004212,14,98.82532022020715,67.53921506205752,166.36453528226468,11.6
155,16,5,5.680013918517228,10.3125,3.1937499999999996,10.07375,32.625,17.40625,13.640632074797683,18.375,14.596036131534563,37.0,3.8,10.699999999999998,34.5,28.92027984352753,20,2.2640034958081525,7.0,2.6999999999999997,9.879999999999999,26.0,3.1507289056352867,14,90.88022269627565,68.20316037398841,159.08338307026406,21.1
156,16,6,5.04428764325959,8.5,3.125,10.03,32.90625,17.443749999999998,16.62096195753783,18.6875,9.596081502706681,10.0,3.4000000000000004,10.180000000000001,34.5,30.0,20,2.2640034958081525,7.0,2.6999999999999997,9.879999999999999,30.5,2.1507289056352867,17,80.70860229215344,99.72577174522698,180.43437403738042,12.600000000000001
157,16,6,6.419259148248877,8.5,3.09375,10.03375,32.6875,16.756249999999998,27.554534548286956,18.75,30.676136974912705,10.0,3.4000000000000004,10.180000000000001,34.5,96.0,20,2.2640034958081525,7.0,2.6999999999999997,9.879999999999999,30.5,1.1507289056352867,17,102.70814637198202,165.32720728972174,268.03535366170377,12.600000000000001
158,16,8,5.508896147122329,8.5625,3.0624999999999996,10.026250000000001,32.375,13.23125,26.98978950660295,19.0,15.338068487456352,10.0,3.4000000000000004,10.180000000000001,34.0,95.0,20,2.2811522120005905,8.0,2.6999999999999997,9.879999999999999,30.0,0.15072890563528674,18,88.14233835395726,215.9183160528236,304.0606544067808,0.0
159,17,8,4.761978188709249,8.588235294117647,3.064705882352941,10.038823529411767,32.35294117647059,11.205882352941176,29.347742087161595,19.176470588235293,9.342706854682852,10.0,3.4000000000000004,10.180000000000001,34.0,94.0,21,2.2811522120005905,8.0,2.6999999999999997,9.94,30.0,4.1891104503536205,18,80.95362920805724,234.78193669729276,315.73556590535,0.0
160,18,9,4.367664027465917,8.61111111111111,3.0777777777777775,10.040000000000001,32.388888888888886,11.361111111111107,30.30910407747697,19.22222222222222,7.736793650312443,10.0,3.4000000000000004,10.180000000000001,34.0,93.0,21,2.2811522120005905,8.0,2.6999999999999997,9.94,30.0,3.1891104503536205,18,78.61795249438651,272.78193669729274,351.3998891916792,0.0
161,18,8,5.896092597619825,8.61111111111111,3.077777777777777,10.040000000000001,32.388888888888886,12.755555555555556,41.40877780431531,19.22222222222222,27.611330022389495,10.0,3.4000000000000004,10.180000000000001,34.0,95.0,21,2.305665011194748,8.0,2.6999999999999997,9.94,30.0,2.1891104503536205,18,106.12966675715685,331.27022243452245,437.39988919167934,8.1
162,18,10,5.340961608992591,8.555555555555555,3.0777777777777775,10.036666666666669,32.333333333333336,12.383333333333333,37.83597477242153,19.333333333333332,13.805665011194748,10.0,3.4000000000000004,10.180000000000001,34.0,94.0,21,2.305665011194748,7.0,2.6999999999999997,9.94,30.0,1.1891104503536205,18,96.13730896186664,378.3597477242153,474.4970566860819,8.1
163,19,11,4.8782048794246275,8.526315789473685,3.052631578947368,10.034736842105264,32.21052631578947,13.052631578947368,36.12361342947412,19.36842105263158,7.736793650312443,10.0,3.4000000000000004,10.180000000000001,34.0,93.0,21,2.305665011194748,7.0,2.5999999999999996,9.94,30.0,0.1891104503536205,18,92.68589270906793,397.3597477242153,490.0456404332832,8.1
164,17,12,6.008885782788362,8.411764705882353,3.0588235294117645,10.038823529411767,32.205882352941174,12.535294117647059,39.14212263962729,19.470588235294116,25.83451712186409,10.0,3.4000000000000004,10.180000000000001,34.0,92.0,21,2.305665011194748,7.0,2.5999999999999996,9.94,30.0,1.0895252896928715,18,102.15105830740217,469.70547167552746,571.8565299829296,13.7
165,18,11,5.676898542945135,8.444444444444445,3.072222222222222,10.046666666666669,32.25,12.72777777777778,49.65579335722284,19.5,12.917258560932044,10.0,3.4000000000000004,10.180000000000001,34.0,95.0,21,2.335676713670713,7.0,2.5999999999999996,9.94,30.0,0.08952528969287155,18,102.18417377301242,546.2137269294512,648.3979007024636,0.0
166,20,11,4.818208728658331,8.5,3.085,10.048000000000002,32.35,12.665000000000001,53.4658365127053,19.5,7.669034243728176,10.0,3.4000000000000004,10.180000000000001,34.0,94.0,21,2.335676713670713,7.0,2.5999999999999996,9.94,30.0,5.736793650312443,18,96.36417457316662,588.1242016397583,684.488376212925,8.2
167,20,12,4.818208728658331,8.5,3.085,10.048000000000002,32.35,13.975,56.01035013664653,19.5,7.669034243728176,10.0,3.4000000000000004,10.180000000000001,34.0,95.0,21,2.335676713670713,7.0,2.5999999999999996,9.94,30.0,4.736793650312443,18,96.36417457316662,672.1242016397583,768.488376212925,8.2
168,19,13,9.31927139512628,8.526315789473685,3.1,10.047368421052633,32.421052631578945,14.5,46.109401515809665,19.57894736842105,94.45862928046603,10.0,3.4000000000000004,10.180000000000001,34.0,94.0,21,2.335676713670713,7.0,2.5999999999999996,9.94,30.0,3.7367936503124426,18,177.06615650739934,599.4222197055257,776.488376212925,8.2
169,19,11,13.070936496038671,8.578947368421053,3.1368421052631574,10.063157894736843,32.55263157894737,13.857894736842105,52.95690231527942,19.63157894736842,47.229314640233014,10.0,3.4000000000000004,10.240000000000002,34.0,93.0,21,2.335676713670713,7.0,2.5999999999999996,9.94,30.0,2.7367936503124426,18,248.34779342473476,582.5259254680736,830.8737188928084,0.0
170,24,12,8.48070950010761,8.5,3.1624999999999996,10.057500000000001,32.520833333333336,11.554166666666667,52.04382712233947,19.958333333333332,23.614657320116507,10.0,3.5000000000000004,10.240000000000002,34.0,92.0,22,2.335676713670713,7.0,2.5999999999999996,9.94,30.0,1.7367936503124426,18,203.53702800258264,624.5259254680736,828.0629534706563,0.0
171,32,12,5.730947937544124,8.5625,3.1874999999999996,10.05625,32.46875,9.362499999999999,53.76035013664653,20.3125,17.304556333912743,10.0,3.5000000000000004,10.240000000000002,34.0,91.0,22,2.335676713670713,7.0,2.5999999999999996,9.879999999999999,30.0,0.7367936503124426,18,183.39033400141196,645.1242016397583,828.5145356411703,6.300000000000001
172,34,12,6.329214912255158,8.470588235294118,3.1852941176470573,10.051176470588237,32.38235294117647,9.888235294117647,54.17225774477573,20.352941176470587,49.229314640233014,10.0,3.5000000000000004,10.240000000000002,34.0,90.0,22,2.335676713670713,6.0,2.5999999999999996,9.879999999999999,29.5,4.679684947862898,18,215.19330701667536,650.0670929373088,865.2603999539841,47.5
173,32,15,7.4127788427619965,8.34375,3.168749999999999,10.054375,32.171875,8.846875,45.77207191892019,20.53125,60.167480309241434,10.0,3.5000000000000004,10.240000000000002,33.5,89.0,22,2.163069541739093,6.0,2.5999999999999996,9.879999999999999,29.5,3.8683968251562213,19,237.2089229683839,686.5810787838028,923.7900017521868,60.900000000000006
174,34,15,8.806588762247367,8.323529411764707,3.1764705882352935,10.058235294117647,32.11764705882353,9.108823529411763,46.73957448422814,20.705882352941178,86.39902037567667,10.0,3.5000000000000004,10.240000000000002,33.5,97.0,23,2.163069541739093,6.0,2.5999999999999996,9.879999999999999,29.5,3.387407989445876,19,299.4240179164105,701.0936172634222,1000.5176351798327,32.6
175,37,18,6.9206767996611,8.324324324324325,3.167567567567567,10.050270270270271,31.972972972972972,8.372972972972974,46.39965357858587,20.91891891891892,43.199510187838335,10.0,3.5000000000000004,10.240000000000002,33.5,96.0,24,2.163069541739093,6.0,2.5999999999999996,9.879999999999999,29.5,2.387407989445876,19,256.0650415874607,835.1937644145456,1091.2588060020064,45.400000000000006
176,42,17,5.750789574879404,8.30952380952381,3.1547619047619047,10.047142857142859,31.833333333333332,8.954761904761904,54.66418072467499,21.047619047619047,21.599755093919168,10.0,3.5000000000000004,10.240000000000002,33.5,95.0,24,1.8802337596637948,6.0,2.5999999999999996,9.879999999999999,29.5,1.387407989445876,19,241.53316214493498,929.2910723194749,1170.82423446441,36.300000000000004
177,44,18,6.996127733362415,8.340909090909092,3.1318181818181814,10.043636363636365,31.65909090909091,10.215909090909092,50.78859648052801,21.045454545454547,89.93357033683934,10.0,3.5000000000000004,10.240000000000002,33.5,94.0,24,1.8802337596637948,6.0,2.5999999999999996,9.879999999999999,29.5,0.38740798944587596,19,307.82962026794627,914.1947366495041,1222.0243569174504,71.80000000000001
178,44,20,6.388438485149083,8.295454545454545,3.1249999999999996,10.032727272727273,31.568181818181817,10.788636363636364,50.91811468052475,21.09090909090909,44.96678516841967,10.0,3.5000000000000004,10.240000000000002,33.5,93.0,24,1.8802337596637948,6.0,2.5999999999999996,9.819999999999999,29.5,5.903664330029127,19,281.09129334655967,1018.362293610495,1299.4535869570548,61.6
179,43,21,7.672386258172719,8.209302325581396,3.1232558139534885,10.025116279069769,31.523255813953487,11.332558139534884,46.70759482653594,21.13953488372093,44.32613908347818,10.0,3.5000000000000004,10.240000000000002,33.5,92.0,24,1.8802337596637948,6.0,2.5999999999999996,9.819999999999999,29.5,5.903664330029127,19,329.91260910142694,980.8594913572547,1310.7721004586815,79.4
180,48,21,6.491704921524339,8.291666666666666,3.1208333333333336,10.020000000000001,31.541666666666668,12.262500000000003,49.804936396668054,21.166666666666668,22.483392584209835,10.0,3.5000000000000004,10.240000000000002,33.5,91.0,24,1.8802337596637948,6.0,2.5999999999999996,9.819999999999999,29.5,4.903664330029127,19,311.6018362331683,1045.9036643300292,1357.5055005631975,64.3
181,50,24,5.72428531390118,8.26,3.116,10.0228,31.42,12.294,45.67855160051618,21.36,22.483392584209835,10.0,3.5000000000000004,10.240000000000002,33.0,90.0,24,1.8802337596637948,6.0,2.5999999999999996,9.819999999999999,29.0,4.933570336839344,19,286.214265695059,1096.2852384123883,1382.4995041074471,96.9
182,53,26,5.112498070632787,8.264150943396226,3.116981132075472,10.014716981132077,31.41509433962264,12.39433962264151,45.626207790691645,21.358490566037737,15.248948523747664,10.0,3.5000000000000004,10.240000000000002,33.0,89.0,24,1.8802337596637948,6.0,2.5999999999999996,9.819999999999999,29.0,3.7604675193275896,19,270.96239774353774,1186.2814025579828,1457.2438003015204,64.60000000000001
183,48,33,7.365831962398917,8.145833333333334,3.1020833333333333,10.000000000000002,31.21875,10.2875,36.124224665686604,21.4375,85.62084814605245,10.0,3.5000000000000004,10.180000000000001,33.0,88.0,24,1.8802337596637948,5.0,2.5999999999999996,9.819999999999999,29.0,2.724417784975799,19,353.559934195148,1192.099413967658,1545.659348162806,74.10000000000001
184,52,34,6.263697169166779,8.134615384615385,3.0980769230769245,9.993076923076924,31.21153846153846,10.600000000000003,38.46916007714931,21.615384615384617,42.810424073026226,10.0,3.5000000000000004,10.180000000000001,33.0,87.0,25,1.8802337596637948,5.0,2.5999999999999996,9.819999999999999,29.0,1.724417784975799,19,325.7122527966725,1307.9514426230767,1633.6636954197493,48.5
185,54,34,5.647856160023353,8.12962962962963,3.094444444444446,9.986666666666668,31.12037037037037,11.342592592592597,40.85962388999954,21.75925925925926,21.405212036513113,10.0,3.5000000000000004,10.180000000000001,33.0,86.0,25,1.8802337596637948,5.0,2.5999999999999996,9.759999999999998,28.5,3.451416252798687,19,304.98423264126103,1389.2272122599843,1694.2114449012454,80.60000000000001
186,58,35,6.443194559044346,8.10344827586207,3.0758620689655185,9.988620689655173,30.939655172413794,11.218965517241383,38.125813737724144,21.948275862068964,78.46678516841968,10.0,3.5000000000000004,10.180000000000001,32.5,85.0,25,1.528621448634445,5.0,2.5999999999999996,9.759999999999998,28.5,4.188107876331481,19,373.7052844245721,1334.403480820345,1708.108765244917,96.30000000000001
187,61,36,7.034077910771436,8.114754098360656,3.052459016393443,9.992131147540986,30.827868852459016,12.200000000000001,40.92233507560039,21.983606557377048,78.46678516841968,10.0,3.5000000000000004,10.180000000000001,32.5,96.0,25,1.2521647875168942,4.0,2.5999999999999996,9.759999999999998,28.5,3.9872476422089864,19,429.0787525570576,1473.2040627216138,1902.2828152786715,77.60000000000001
188,63,39,6.967062976607701,8.047619047619047,3.0555555555555554,9.991428571428575,30.785714285714285,13.033333333333333,41.5614799156339,22.047619047619047,78.46678516841968,10.0,3.5000000000000004,10.180000000000001,32.5,95.0,25,1.2521647875168942,4.0,2.5999999999999996,9.759999999999998,28.5,2.493623821104493,19,438.9249675262852,1620.8977167097223,2059.8226842360073,94.60000000000001
189,62,42,7.492831850634462,7.983870967741935,3.0483870967741935,9.994193548387099,30.693548387096776,12.943548387096772,42.42979934736239,22.096774193548388,81.23037530773918,10.0,3.6000000000000005,10.180000000000001,32.5,98.0,25,1.2521647875168942,4.0,2.5999999999999996,9.759999999999998,28.5,2.4337272382349227,19,464.55557473933663,1782.0515725892203,2246.607147328557,63.50000000000001
190,66,46,6.813458532117605,7.803030303030303,3.0469696969696978,9.993636363636364,30.53787878787879,11.936363636363636,41.06269033633141,22.28787878787879,57.60167872181954,11.0,3.6000000000000005,10.180000000000001,32.5,97.0,25,1.2521647875168942,4.0,2.4999999999999996,9.759999999999998,28.0,2.0,19,449.6882631197619,1888.8837554712447,2338.572018591007,61.1
191,71,49,7.661878408780699,7.690140845070423,3.0281690140845074,9.992394366197178,30.37323943661972,11.377464788732397,40.02737749756503,22.464788732394368,83.26445688365489,11.0,3.6000000000000005,10.180000000000001,32.5,96.0,25,1.1720102992198058,3.0,2.4999999999999996,9.759999999999998,27.5,1.0,19,543.9933670234296,1961.3414973806862,2505.3348644041157,71.60000000000001
192,75,54,6.563379451571708,7.64,3.025333333333333,9.9968,30.266666666666666,10.362666666666668,42.00871314827235,22.666666666666668,41.63222844182744,11.0,3.6000000000000005,10.180000000000001,32.5,97.0,25,1.1720102992198058,3.0,2.4999999999999996,9.759999999999998,27.5,1.0,20,492.2534588678781,2268.4705100067067,2760.723968874585,83.0
193,83,55,6.3441720248186515,7.771084337349397,3.0542168674698793,9.996385542168674,30.33132530120482,10.249397590361447,42.47649689557043,22.80722891566265,81.5942076739483,11.0,3.6000000000000005,10.180000000000001,32.5,96.0,26,1.1720102992198058,3.0,2.4999999999999996,9.759999999999998,27.5,2.0,20,526.5662780599481,2336.2073292563737,2862.773607316322,76.0
194,92,57,6.86175957820145,7.75,3.056521739130433,9.996086956521738,30.277173913043477,10.317391304347831,42.28110609675106,22.902173913043477,83.52862144863444,11.0,3.6000000000000005,10.180000000000001,32.5,95.0,27,1.1720102992198058,3.0,2.4999999999999996,9.699999999999998,27.5,1.0,20,631.2818811945334,2410.0230475148105,3041.304928709344,106.3
195,94,57,8.509006333200139,7.819148936170213,3.0499999999999994,9.996808510638298,30.180851063829788,10.35744680851064,43.05171743435969,23.02127659574468,102.19259592317934,11.0,3.6000000000000005,10.180000000000001,32.5,94.0,27,1.1720102992198058,3.0,2.4999999999999996,9.699999999999998,27.5,2.0,20,799.8465953208131,2453.9478937585022,3253.794489079315,115.3
196,101,59,8.319873957312621,7.851485148514851,3.0544554455445554,10.001782178217823,30.153465346534652,10.431683168316834,44.27223386265559,23.138613861386137,77.34402059843961,11.0,3.6000000000000005,10.180000000000001,32.5,95.0,27,1.1720102992198058,3.0,2.4999999999999996,9.699999999999998,27.5,1.0,20,840.3072696885748,2612.0617978966798,3452.3690675852545,91.1
197,110,59,9.49933275623711,7.927272727272728,3.0300000000000002,10.009272727272725,30.01818181818182,9.82818181818182,46.63726863971701,23.236363636363638,88.34402059843961,11.0,3.6000000000000005,10.240000000000002,32.0,95.0,27,1.1720102992198058,3.0,2.3999999999999995,9.699999999999998,27.5,3.0,20,1044.926603186082,2751.5988497433036,3796.5254529293857,113.10000000000001
198,125,60,8.885163786104265,7.856,3.0040000000000004,10.01728,29.872,9.467999999999998,46.362910069481636,23.328,67.37139858290807,11.0,3.6000000000000005,10.240000000000002,32.0,94.0,27,1.1720102992198058,3.0,2.3999999999999995,9.699999999999998,27.0,1.8802337596637948,20,1110.6454732630332,2781.7746041688983,3892.4200774319315,113.3
199,136,70,8.082023250656455,7.757352941176471,2.985294117647058,10.019852941176461,29.738970588235293,8.681617647058822,42.352783128873824,23.522058823529413,100.02695451369242,11.0,3.6000000000000005,10.300000000000002,32.0,95.0,27,1.1720102992198058,3.0,2.3999999999999995,9.699999999999998,27.0,0.8802337596637948,20,1099.1551620892778,2964.694819021168,4063.8499811104457,160.7
200,152,67,7.965694571714559,7.6381578947368425,2.9914473684210523,10.014210526315791,29.67105263157895,8.49605263157895,46.51338592862049,23.736842105263158,93.35130300912827,11.0,3.7000000000000006,10.300000000000002,32.0,99.0,28,1.1720102992198058,3.0,2.3999999999999995,9.699999999999998,27.0,2.003009311299677,20,1210.785574900613,3116.3968572175727,4327.182432118186,131.9
201,166,70,8.805535333264523,7.530120481927711,2.9987951807228925,10.004337349397591,29.599397590361445,8.85180722891566,43.51714540205307,23.981927710843372,93.35130300912827,11.0,3.7000000000000006,10.300000000000002,32.0,98.0,28,1.1720102992198058,3.0,2.3999999999999995,9.699999999999998,27.0,2.003009311299677,21,1461.7188653219107,3046.2001781437148,4507.919043465626,216.3
202,177,71,9.00479933104996,7.440677966101695,2.989830508474577,10.001355932203392,29.508474576271187,9.348022598870063,44.81400331568985,24.135593220338983,93.35130300912827,11.0,3.7000000000000006,10.360000000000003,32.0,97.0,28,1.1720102992198058,3.0,2.2999999999999994,9.699999999999998,27.0,1.0030093112996772,21,1593.849481595843,3181.7942354139795,4775.6437170098225,254.0
203,191,75,8.632400569268302,7.366492146596858,2.979581151832461,10.003455497382198,29.38219895287958,9.237172774869112,41.86333740968743,24.31413612565445,101.18124429747107,11.0,3.7000000000000006,10.420000000000003,32.0,95.0,28,1.1720102992198058,3.0,2.2999999999999994,9.699999999999998,26.5,0.0030093112996771865,21,1648.7885087302457,3139.750305726557,4788.538814456802,255.6
204,208,75,8.554918636400815,7.3701923076923075,2.9783653846153877,10.002596153846147,29.31971153846154,8.743269230769233,43.083044084732585,24.504807692307693,97.45094098875005,11.0,3.7000000000000006,10.420000000000003,32.0,101.18124429747107,28,1.1720102992198058,2.0,2.2999999999999994,9.699999999999998,26.5,1.8065757522820696,21,1779.4230763713695,3231.228306354944,5010.651382726313,254.3
205,225,75,9.528292751005035,7.373333333333333,2.980000000000002,9.995466666666662,29.246666666666666,9.090666666666671,39.798471851786594,24.68,105.28088227709284,11.0,3.7000000000000006,10.420000000000003,32.0,96.0,28,1.1536562701156636,2.0,2.2999999999999994,9.699999999999998,26.5,2.0,21,2143.865868976133,2984.8853888839944,5128.751257860127,360.0
206,245,76,9.664336606222713,7.297959183673469,2.988163265306125,9.99534693877551,29.191836734693876,9.108163265306125,39.93863743761742,24.897959183673468,105.28088227709284,12.0,3.7000000000000006,10.420000000000003,32.0,93.0,29,0.5768281350578318,1.0,2.2999999999999994,9.639999999999997,26.5,1.0,21,2367.7624685245646,3035.336445258924,5403.098913783489,387.7
207,263,87,8.460435158235795,7.212927756653992,2.9790874524714837,10.000684410646384,29.05513307984791,8.8425855513308,36.81419654621456,25.129277566539923,105.28088227709284,12.0,3.7000000000000006,10.420000000000003,32.0,97.45094098875005,29,0.5768281350578318,1.0,2.2999999999999994,9.639999999999997,26.5,0.38037532185061895,21,2225.094446616014,3202.8350995206665,5427.92954613668,492.1
208,285,87,8.003382586702278,7.242105263157895,2.974385964912284,10.006947368421047,28.99298245614035,9.719298245614029,37.08572618548111,25.235087719298246,93.36256294617544,12.0,3.7000000000000006,10.420000000000003,32.0,98.0,29,0.5768281350578318,1.0,2.2999999999999994,9.639999999999997,26.0,1.0,22,2280.9640372101494,3226.458178136856,5507.4222153470055,582.6
209,300,90,8.221088346850816,7.206666666666667,2.965000000000003,10.010599999999995,28.885,9.80499999999999,30.689748581744304,25.41,100.83839573620277,12.0,3.7000000000000006,10.420000000000003,32.0,97.0,29,0.5768281350578318,1.0,2.2999999999999994,9.639999999999997,26.0,0.8128570306248948,22,2466.326504055245,2762.0773723569873,5228.403876412232,673.0
210,311,83,7.944452793830795,7.234726688102894,2.9643086816720277,10.013118971061086,28.808681672025724,9.908360128617357,29.7657903074766,25.54662379421222,100.83839573620277,12.0,3.7000000000000006,10.420000000000003,31.5,96.0,29,0.5768281350578318,1.0,2.2999999999999994,9.639999999999997,26.0,0.6863210235370283,22,2470.7248188813774,2470.560595520558,4941.285414401935,607.9
211,326,83,8.89261048813213,7.254601226993865,2.9585889570552166,10.01361963190183,28.700920245398773,9.277300613496928,24.902525986649888,25.726993865030675,100.83839573620277,12.0,3.7000000000000006,10.420000000000003,31.5,95.0,30,0.5768281350578318,1.0,2.2999999999999994,9.639999999999997,26.0,0.6211247798120114,22,2898.991019131074,2066.909656891941,4965.900676023015,480.4
212,343,85,8.889079720679941,7.282798833819242,2.962390670553938,10.008921282798822,28.64723032069971,8.88892128279883,23.61067808140884,25.854227405247812,100.83839573620277,12.0,3.7000000000000006,10.360000000000003,31.5,94.0,30,0.5768281350578318,1.0,2.2999999999999994,9.639999999999997,25.5,0.09118739047011548,22,3048.9543441932196,2006.9076369197514,5055.861981112971,446.5
213,384,67,8.57857759379296,7.177083333333333,2.93984375,10.017031249999986,28.48046875,8.865624999999996,28.569874582662475,25.9921875,100.83839573620277,12.0,3.7000000000000006,10.360000000000003,31.5,92.0,30,0.2795969849025697,1.0,2.2999999999999994,9.639999999999997,25.0,0.15365627011566363,22,3294.173796016497,1914.181597038386,5208.355393054882,441.3
214,415,66,7.714227400277378,7.171084337349398,2.919036144578312,10.020530120481922,28.327710843373495,9.035662650602406,30.71517097340968,26.120481927710845,87.64375327875355,12.0,3.7000000000000006,10.360000000000003,31.5,97.0,30,0.2795969849025697,1.0,2.2999999999999994,9.579999999999997,25.0,0.19351862259935437,22,3201.4043711151116,2027.201284245039,5228.60565536015,632.1
215,428,67,7.518595590048371,7.172897196261682,2.9158878504672914,10.020327102803725,28.285046728971963,10.164485981308404,32.604214538946714,26.19158878504673,97.99550775270848,12.0,3.7000000000000006,10.360000000000003,31.5,96.0,30,0.2795969849025697,1.0,2.1999999999999993,9.579999999999997,25.0,0.2519328614852786,22,3217.958912540703,2184.4823741094297,5402.4412866501325,905.1
216,427,60,8.416620679243183,7.180327868852459,2.918501170960192,10.017423887587814,28.215456674473067,11.111007025761115,25.83714459915013,26.30913348946136,96.37763668885424,12.0,3.7000000000000006,10.420000000000003,31.5,95.0,30,0.2795969849025697,1.0,2.1999999999999993,9.579999999999997,25.0,0.4170006437012379,22,3593.897030036839,1550.2286759490078,5144.125705985847,999.4
217,435,68,7.907910733893591,7.232183908045977,2.9202298850574713,10.015999999999996,28.21609195402299,11.282298850574703,19.84914006900797,26.395402298850573,96.37763668885424,12.0,3.7000000000000006,10.420000000000003,31.5,94.0,30,0.2795969849025697,1.0,2.1999999999999993,9.579999999999997,25.0,0.15365627011566363,22,3439.941169243712,1349.7415246925418,4789.682693936254,900.8
218,450,64,8.07475871966455,7.28,2.9164444444444455,10.015999999999993,28.166666666666668,11.275111111111105,12.481771616936957,26.52,89.5701205687146,12.0,3.7000000000000006,10.420000000000003,31.5,93.0,31,0.2795969849025697,1.0,2.1999999999999993,9.579999999999997,25.0,0.35516381883083614,22,3633.6414238490474,798.8333834839652,4432.474807333013,847.6
219,464,72,7.068810551436729,7.290948275862069,2.9198275862068988,10.014482758620675,28.126077586206897,10.909913793103442,15.721250489817274,26.64439655172414,87.19735172845422,12.0,3.7000000000000006,10.420000000000003,31.0,95.0,31,0.2795969849025697,1.0,2.1999999999999993,9.579999999999997,25.0,0.6624773737263605,22,3279.9280958666423,1131.9300352668438,4411.858131133486,777.0
220,469,77,7.119242535236185,7.309168443496802,2.9228144989339024,10.002814498933892,28.067164179104477,10.634328358208958,15.6750502419057,26.83368869936034,96.41553039870972,13.0,3.8000000000000007,10.420000000000003,31.0,97.0,32,0.2795969849025697,1.0,2.1999999999999993,9.579999999999997,25.0,0.5591939698051394,22,3338.924749025771,1206.9788686267389,4545.90361765251,752.5
221,468,69,6.823608028042472,7.3418803418803416,2.930982905982902,9.99935897435897,28.061965811965813,11.576282051282046,21.551006046998758,26.927350427350426,96.41553039870972,13.0,3.8000000000000007,10.420000000000003,31.0,96.0,32,0.2524160768565983,1.0,2.1999999999999993,9.519999999999996,25.0,0.353518563780566,22,3193.4485571238765,1487.0194172429144,4680.467974366791,927.0
222,456,77,7.2092961386634755,7.282894736842105,2.9353070175438574,9.99855263157894,27.980263157894736,12.615350877192983,20.430237198407728,27.06578947368421,98.09130844427119,13.0,3.8000000000000007,10.420000000000003,31.0,95.0,32,0.2795969849025697,1.0,2.1999999999999993,9.519999999999996,25.0,0.990831210700513,22,3287.439039230545,1573.1282642773951,4860.56730350794,1178.8
223,425,90,7.787981667073252,7.174117647058823,2.938352941176467,9.999576470588234,27.883529411764705,13.146117647058816,15.02076344615152,27.24,96.41553039870972,13.0,3.8000000000000007,10.420000000000003,31.0,98.09130844427119,32,0.5038657229705572,1.0,2.1999999999999993,9.519999999999996,25.0,0.2795969849025697,23,3309.892208506132,1351.8687101536368,4661.760918659769,1106.4
224,426,90,7.53353875328715,7.122065727699531,2.937793427230043,9.998450704225347,27.767605633802816,13.075821596244126,12.053026367306648,27.43661971830986,99.34428238994333,13.0,3.8000000000000007,10.420000000000003,31.0,93.0,32,0.5038657229705572,1.0,2.1999999999999993,9.519999999999996,24.5,0.08204690517349533,23,3209.287508900326,1084.7723730575983,4294.0598819579245,908.9
225,427,95,6.785295339196267,7.187353629976581,2.9423887587822013,9.997330210772834,27.68969555035129,12.215690866510535,11.323857161490492,27.585480093676814,99.34428238994333,13.0,3.8000000000000007,10.420000000000003,31.0,96.41553039870972,32,0.339135819305158,1.0,2.1999999999999993,9.519999999999996,24.0,0.13379640945141524,23,2897.321109836806,1075.7664303415968,3973.087540178403,860.0
226,421,91,6.9764924286978065,7.078384798099762,2.939904988123517,10.000427553444181,27.629453681710213,11.96508313539192,8.787478868054848,27.73396674584323,103.04039001598186,13.0,3.8000000000000007,10.420000000000003,31.0,91.0,32,0.339135819305158,1.0,2.2999999999999994,9.519999999999996,24.0,0.08204690517349533,23,2937.1033124817764,799.6605769929912,3736.7638894747674,783.6
227,407,101,6.507387249582609,6.972972972972973,2.934152334152333,10.006928746928743,27.495085995085994,11.66928746928747,11.066353562929415,27.914004914004913,92.76504071128292,13.0,3.8000000000000007,10.420000000000003,31.0,90.0,32,0.25196822548035375,1.0,2.2999999999999994,9.519999999999996,24.0,0.04337597719111441,23,2648.506610580122,1117.7017098558708,3766.208320435993,862.4
228,399,84,6.396048973262896,6.87719298245614,2.940601503759395,10.001654135338343,27.45739348370927,11.617042606516295,11.729635266322656,28.07769423558897,92.76504071128292,13.0,3.8000000000000007,10.420000000000003,31.0,89.0,32,0.25196822548035375,1.0,2.2999999999999994,9.519999999999996,24.0,0.05194679552988202,23,2552.023540331895,985.2893623711032,3537.312902702998,645.1999999999999
229,403,77,6.222710008132317,6.9181141439205955,2.932506203473943,10.00595533498758,27.36848635235732,11.778660049627794,14.816768913346309,28.181141439205955,73.22328168079936,13.0,3.8000000000000007,10.420000000000003,31.0,97.0,33,0.25196822548035375,1.0,2.2999999999999994,9.519999999999996,24.0,0.5001660411019841,23,2507.752133277324,1140.8912063276657,3648.6433396049897,754.6
230,395,74,6.703369660710978,6.837974683544304,2.9075949367088603,10.015493670886066,27.258227848101267,11.940506329113921,14.386248643629772,28.27848101265823,97.61237987020704,13.0,3.8000000000000007,10.480000000000004,31.0,97.0,33,0.25196822548035375,1.0,2.1999999999999993,9.519999999999996,24.0,0.9700045531554462,23,2647.831015980836,1064.582399628603,3712.413415609439,804.0
231,393,71,6.939945694252107,6.793893129770993,2.895165394402035,10.017099236641217,27.142493638676847,11.499491094147583,10.250452341969932,28.463104325699746,86.92320235705694,13.0,3.8000000000000007,10.480000000000004,31.0,96.0,33,0.25196822548035375,1.0,2.1999999999999993,9.519999999999996,23.5,0.15398891583086383,23,2727.398657841078,727.7821162798652,3455.180774120943,749.3
232,398,72,6.117766389195519,6.761306532663316,2.892713567839195,10.019748743718589,27.027638190954775,11.458040201005028,12.230597992014946,28.628140703517587,83.95103111406009,13.0,3.8000000000000007,10.480000000000004,30.5,95.0,33,0.25196822548035375,1.0,2.1999999999999993,9.579999999999997,23.5,0.2608439942977786,23,2434.8710228998166,880.6030554250761,3315.4740783248926,748.5
233,406,73,6.0280634964874835,6.768472906403941,2.890640394088669,10.016551724137921,26.89408866995074,11.43990147783252,13.478834936756074,28.8128078817734,83.95103111406009,13.0,3.8000000000000007,10.480000000000004,30.5,98.0,33,0.25196822548035375,1.0,2.1999999999999993,9.519999999999996,23.5,0.23828483613669915,23,2447.3937795739184,983.9549503831935,3431.348729957112,754.8
234,405,71,6.377508295340521,6.802469135802469,2.897777777777776,10.013777777777772,26.839506172839506,11.820493827160497,11.95734398286913,28.91358024691358,98.87326830846654,13.0,3.8000000000000007,10.480000000000004,30.5,86.0,34,0.25196822548035375,1.0,2.1999999999999993,9.519999999999996,23.0,0.01180114652669495,24,2582.890859612911,848.9714227837082,3431.862282396619,797.0
235,393,96,5.6122770598204434,6.786259541984733,2.908905852417301,10.020458015267167,26.76972010178117,11.345801526717556,12.081658941204742,29.08651399491094,88.55913280698857,12.0,3.8000000000000007,10.480000000000004,30.5,83.95103111406009,34,0.28617056370088434,1.0,2.1999999999999993,9.519999999999996,23.0,0.09592633098078274,24,2205.624884509434,1159.8392583556551,3365.4641428650893,872.3
236,384,87,5.9767789675483485,6.765625,2.9054687499999967,10.027187499999991,26.615885416666668,11.430729166666664,9.830921207390256,29.236979166666668,90.18595492701925,12.0,3.900000000000001,10.540000000000004,30.5,78.48046530047633,34,0.28617056370088434,1.0,2.1999999999999993,9.519999999999996,23.0,0.30123332800521374,24,2295.083123538566,855.2901450429523,3150.373268581518,784.4
237,384,78,5.626554546268987,6.778645833333333,2.9039062499999955,10.01984374999999,26.532552083333332,11.908333333333326,9.931335698277959,29.419270833333332,90.18595492701925,12.0,3.900000000000001,10.540000000000004,30.5,77.48046530047633,34,0.36098866066013036,1.0,2.1999999999999993,9.519999999999996,23.0,0.17509069762225238,24,2160.596945767291,774.6441844656807,2935.2411302329715,823.5
238,373,83,5.496869593159827,6.7962466487935655,2.8975871313672896,10.0167292225201,26.427613941018766,11.7343163538874,8.241696801783192,29.589812332439678,83.98522995821165,12.0,3.900000000000001,10.540000000000004,30.5,90.18595492701925,34,0.36098866066013036,1.0,2.1999999999999993,9.519999999999996,23.0,0.007872901921414988,24,2050.3323582486155,684.0608345480049,2734.3931927966205,802.1999999999999
239,364,78,5.692476100289607,6.835164835164835,2.9068681318681318,10.013351648351644,26.486263736263737,11.79285714285714,6.318960572135476,29.64835164835165,97.17883304532978,12.0,3.900000000000001,10.540000000000004,30.0,39.0,34,0.36098866066013036,1.0,2.1999999999999993,9.459999999999996,23.0,0.3889193217531366,24,2072.061300505417,492.8789246265671,2564.940225131984,740.6
240,355,66,5.552905620482332,6.6845070422535215,2.902535211267604,10.008957746478865,26.39154929577465,11.778873239436617,6.21940193779467,29.802816901408452,83.98522995821165,12.0,3.900000000000001,10.540000000000004,30.0,38.0,34,0.27575966727756634,1.0,2.1999999999999993,9.459999999999996,23.0,0.1554252514738219,24,1971.2814952712279,410.4805278944482,2381.762023165676,648.9
241,344,72,5.077352757643207,6.520348837209302,2.8994186046511614,9.997383720930227,26.219476744186046,11.73924418604651,6.595010106639253,30.055232558139537,83.98522995821165,12.0,3.900000000000001,10.540000000000004,30.0,37.0,35,0.27575966727756634,1.0,2.1999999999999993,9.459999999999996,22.5,0.09649782221585879,24,1746.6093486292632,474.8407276780262,2221.4500763072892,797.0
242,331,73,4.875476408346055,6.3927492447129906,2.892749244712989,9.994924471299095,26.051359516616316,11.618429003021147,6.371832072959071,30.27190332326284,83.98522995821165,12.0,3.900000000000001,10.540000000000004,29.5,36.0,35,0.27575966727756634,1.0,2.1999999999999993,9.459999999999996,22.5,0.5251934354719849,26,1613.782691162544,465.1437413260122,2078.926432488556,658.2
243,330,57,4.421914289187706,6.290909090909091,2.8724242424242425,9.999636363636366,25.966666666666665,11.965757575757577,8.320582338729855,30.375757575757575,25.67594436144708,12.0,3.900000000000001,10.540000000000004,29.5,83.98522995821165,35,0.27575966727756634,1.0,2.1999999999999993,9.459999999999996,22.5,0.5591242508074215,26,1459.2317154319428,474.27319330760173,1933.5049087395446,579.4
244,311,64,4.822458289410144,6.192926045016077,2.871382636655947,9.994212218649515,25.90353697749196,12.045337620578774,5.231070775161924,30.565916398713828,86.6926803296229,12.0,3.900000000000001,10.540000000000004,29.5,30.0,35,0.27575966727756634,1.0,2.1999999999999993,9.459999999999996,22.5,0.050386870943969875,27,1499.7845280065549,334.7885296103631,1834.573057616918,646.3
245,297,55,4.694306573819381,6.239057239057239,2.872390572390573,9.995151515151521,25.858585858585858,11.828956228956224,5.730430836862479,30.68686868686869,86.6926803296229,12.0,3.900000000000001,10.540000000000004,29.0,38.235988003293556,35,0.27575966727756634,1.0,2.1999999999999993,9.459999999999996,22.5,0.06691315575118661,27,1394.2090524243563,315.17369602743634,1709.3827484517926,463.4
246,291,44,4.719580407629558,6.0756013745704465,2.8883161512027504,9.994845360824737,25.84536082474227,12.12439862542955,5.471367692594698,30.783505154639176,86.6926803296229,12.0,3.900000000000001,10.540000000000004,29.0,37.235988003293556,35,0.2554422045522188,1.0,2.1999999999999993,9.459999999999996,22.5,0.4273236152913166,27,1373.3978986202014,240.74017847416673,1614.138077094368,424.79999999999995
247,284,46,4.116703605664148,6.045774647887324,2.895422535211268,9.994929577464783,25.79049295774648,12.157394366197176,7.450168468824624,30.869718309859156,27.71902694453251,12.0,3.900000000000001,10.540000000000004,29.0,86.6926803296229,35,0.2554422045522188,1.0,2.1999999999999993,9.459999999999996,22.5,0.24075872313445057,27,1169.1438240086181,342.7077495659327,1511.851573574551,463.4
248,274,43,4.497422170110482,5.989051094890511,2.8905109489051086,9.987956204379557,25.802919708029197,12.002554744525543,4.268553627372341,30.934306569343065,92.51057095678237,12.0,3.900000000000001,10.540000000000004,29.0,24.441295267555542,36,0.2554422045522188,1.0,2.1999999999999993,9.459999999999996,22.5,0.4965076215539269,27,1232.293674610272,183.54780597701063,1415.8414805872826,417.9
249,278,30,4.365871043145837,5.931654676258993,2.882733812949641,9.988345323741008,25.712230215827336,12.34244604316547,4.005121739036136,31.014388489208635,92.51057095678237,12.0,3.900000000000001,10.540000000000004,29.0,12.804423162827737,36,0.2554422045522188,1.0,2.1999999999999993,9.459999999999996,22.0,0.021768818208875107,27,1213.7121499945429,120.15365217108409,1333.865802165627,391.2
250,272,28,4.184377580329314,5.867647058823529,2.8805147058823533,9.989191176470584,25.652573529411764,12.811764705882348,5.518419635758145,31.143382352941178,92.51057095678237,12.0,3.900000000000001,10.540000000000004,29.0,27.0,36,0.2554422045522188,1.0,2.1999999999999993,9.459999999999996,22.0,0.27575966727756634,27,1138.1507018495734,154.51574980122808,1292.6664516508015,436.2
251,256,40,3.717925520722473,5.6796875,2.878515624999999,9.990624999999998,25.5625,13.029296875,8.35915052733498,31.265625,36.840734525884,12.0,3.900000000000001,10.540000000000004,29.0,92.51057095678237,36,0.2554422045522188,1.0,2.1999999999999993,9.459999999999996,22.0,0.1842841440412799,28,951.788933304953,334.36602109339924,1286.1549543983524,453.4
252,229,54,3.827452614764673,5.681222707423581,2.8716157205240167,9.998427947598255,25.534934497816593,13.058078602620089,8.185969071070515,31.314410480349345,44.557294400299014,12.0,3.900000000000001,10.540000000000004,29.0,95.45460569064237,36,0.2554422045522188,1.0,2.1999999999999993,9.459999999999996,22.0,0.5108844091044376,28,876.4866487811101,442.04232983780776,1318.5289786189178,410.7
253,215,50,4.0481986858318235,5.758139534883721,2.8837209302325575,10.000279069767435,25.527906976744188,12.815813953488368,10.263823692753013,31.372093023255815,36.840734525884,12.0,3.900000000000001,10.540000000000004,29.0,94.45460569064237,36,0.2554422045522188,1.0,2.099999999999999,9.459999999999996,22.0,0.5108844091044376,28,870.362717453842,513.1911846376506,1383.5539020914925,273.7
254,195,66,4.3674650207282575,5.682051282051282,2.8897435897435897,10.004000000000001,25.446153846153845,12.186666666666666,8.696006495950217,31.53846153846154,98.72000854619642,12.0,3.900000000000001,10.540000000000004,29.0,79.0,36,0.2554422045522188,1.0,2.099999999999999,9.459999999999996,22.0,0.04675648538962429,28,851.6556790420102,573.9364287327143,1425.5921077747244,314.3
255,182,59,3.7885388300824174,5.478021978021978,2.9104395604395608,10.005604395604397,25.39835164835165,12.028571428571425,14.568869055809794,31.74175824175824,28.150062650559587,12.0,3.900000000000001,10.540000000000004,29.0,98.72000854619642,36,0.2554422045522188,1.0,2.099999999999999,9.459999999999996,22.0,0.08602235986686324,28,689.514067075,859.5632742927778,1549.0773413677778,248.79999999999998
256,188,44,4.365338281772488,5.367021276595745,2.9085106382978725,10.008297872340425,25.38563829787234,11.788297872340427,19.723392445098145,31.94148936170213,78.39241545000934,12.0,3.900000000000001,10.540000000000004,29.0,105.51438496887941,37,0.2554422045522188,1.0,2.099999999999999,9.459999999999996,22.0,0.10302895127755418,28,820.6835969732277,867.8292675843185,1688.5128645575462,200.49999999999997
257,188,41,4.367352380504937,5.292553191489362,2.9234042553191486,10.006382978723401,25.430851063829788,11.32978723404255,22.275845356472463,32.07446808510638,65.4809599556277,12.0,3.900000000000001,10.540000000000004,29.0,104.51438496887941,37,0.2554422045522188,1.0,2.099999999999999,9.399999999999995,22.5,0.2633914046729424,28,821.0622475349282,913.309659615371,1734.3719071502992,207.89999999999998
258,191,35,5.8805444546236085,5.115183246073299,2.9282722513088997,10.00722513089005,25.397905759162303,10.803141361256543,17.121695615378076,32.21989528795812,93.56197997339751,12.0,3.900000000000001,10.420000000000003,29.0,103.51438496887941,37,0.2554422045522188,1.0,2.099999999999999,9.399999999999995,22.5,0.146890302265561,28,1123.1839908331092,599.2593465382326,1722.4433373713418,199.6
259,187,37,5.911960379447082,5.053475935828877,2.920855614973261,10.018930481283423,25.3048128342246,10.621390374331549,16.11164447420873,32.406417112299465,75.43270014731605,12.0,3.900000000000001,10.420000000000003,29.0,102.51438496887941,38,0.26861975197624643,1.0,2.099999999999999,9.399999999999995,22.5,0.23257610171686327,28,1105.5365909566044,596.1308455457231,1701.6674365023275,298.2
260,193,40,5.08550738907317,5.119170984455959,2.9098445595854923,10.019585492227975,25.23316062176166,11.030051813471502,19.098730199119593,32.4559585492228,58.527567664733134,12.0,3.900000000000001,10.420000000000003,29.0,101.51438496887941,38,0.26861975197624643,1.0,2.099999999999999,9.399999999999995,22.5,0.24887460711792864,28,981.5029260911218,763.9492079647837,1745.4521340559054,342.9
261,183,57,5.41080161761944,5.0,2.9098360655737685,10.028524590163931,25.174863387978142,10.108196721311472,13.719145832649097,32.60109289617486,101.15182321521883,12.0,3.900000000000001,10.420000000000003,29.0,100.51438496887941,38,0.26861975197624643,1.0,2.099999999999999,9.399999999999995,22.0,0.10540208927970252,28,990.1766960243575,781.9913124609985,1772.168008485356,396.9
262,192,49,5.280083938707993,4.71875,2.9265624999999997,10.027812500000001,25.098958333333332,9.215104166666665,12.398918631852743,32.895833333333336,85.36289752437743,11.0,3.900000000000001,10.420000000000003,29.0,99.51438496887941,38,0.2956694971924935,1.0,2.099999999999999,9.399999999999995,22.0,0.4958460149746148,28,1013.7761162319347,607.5470129607844,1621.323129192719,263.5
263,211,44,4.874506059155994,4.559241706161138,2.942654028436019,10.026445497630329,24.98341232227488,8.484360189573458,13.585607670598858,33.132701421800945,96.3053494036014,11.0,3.900000000000001,10.480000000000004,28.5,98.51438496887941,39,0.2956694971924935,1.0,2.1999999999999993,9.399999999999995,22.0,0.10171122511434416,29,1028.5207784819147,597.7667375063497,1626.2875159882644,221.2
264,233,38,4.048960652574256,4.523605150214593,2.957081545064379,10.02806866952789,24.92489270386266,8.736480686695275,19.24429086734174,33.291845493562235,48.1526747018007,11.0,4.000000000000001,10.480000000000004,28.5,98.0,39,0.2956694971924935,1.0,2.1999999999999993,9.399999999999995,22.0,0.24695898613931977,29,943.4078320498016,731.2830529589861,1674.6908850087877,281.2
265,249,39,3.676920256083033,4.506024096385542,2.959036144578315,10.024578313253011,24.811244979919678,9.06787148594377,20.784076237949577,33.46184738955823,50.73623290625017,11.0,4.000000000000001,10.480000000000004,28.5,97.0,39,0.2865265776505969,1.0,2.1999999999999993,9.399999999999995,21.5,0.31964644403056475,29,915.5531437646752,810.5789732800336,1726.1321170447086,393.9
266,256,37,3.349067175963103,4.44921875,2.935937500000002,10.014296875000007,24.6484375,9.619531249999994,24.388589627296078,33.5859375,42.80959284327751,11.0,4.000000000000001,10.480000000000004,28.5,96.0,39,0.2557849998266707,1.0,2.099999999999999,9.399999999999995,21.0,0.31964644403056475,29,857.3611970465544,902.3778162099549,1759.7390132565092,392.90000000000003
267,251,47,3.6996112934397383,4.442231075697211,2.943426294820716,10.010278884462153,24.53585657370518,9.570916334661344,20.288944780569548,33.79681274900398,83.90479642163875,11.0,4.000000000000001,10.480000000000004,28.5,95.0,39,0.2557849998266707,1.0,2.099999999999999,9.639999999999997,21.0,0.49376902246192217,29,928.6024346533743,953.5804046867688,1882.1828393401431,399.9
268,249,42,4.691395255173323,4.42570281124498,2.934939759036144,10.009879518072289,24.431726907630523,9.81204819277108,21.862902721905254,33.81124497991968,96.5869215677198,11.0,4.000000000000001,10.480000000000004,28.5,94.0,39,0.2557849998266707,1.0,2.099999999999999,9.639999999999997,21.0,0.07929136198292253,29,1168.1574185381576,918.2419143200207,2086.3993328581782,359.90000000000003
269,250,46,4.055643931520414,4.44,2.9211999999999985,10.017759999999996,24.378,10.068399999999993,23.69853608803516,33.836,83.90479642163875,10.0,4.000000000000001,10.480000000000004,28.5,93.0,39,0.2557849998266707,1.0,2.099999999999999,9.639999999999997,21.0,0.13369823168294515,29,1013.9109828801033,1090.1326600496172,2104.0436429297206,435.5
270,260,40,5.180155559581523,4.3961538461538465,2.9330769230769227,10.016615384615378,24.392307692307693,10.70307692307692,22.12641447893454,33.91538461538462,97.73623562296852,10.0,4.000000000000001,10.480000000000004,28.5,91.0,39,0.2557849998266707,1.0,2.099999999999999,9.639999999999997,21.0,0.002282455925527005,29,1346.840445491196,885.0565791573815,2231.897024648578,372.7
271,254,53,5.32246090944566,4.448818897637795,2.9326771653543298,10.013464566929127,24.36023622047244,10.599606299212596,18.628853626338685,33.94881889763779,89.74636073901662,10.0,4.000000000000001,10.480000000000004,28.5,94.0,39,0.2557849998266707,1.0,2.099999999999999,9.699999999999998,21.0,0.14859433493968788,29,1351.9050709991975,987.3292421959503,2339.234313195148,462.2
272,247,60,5.816245882735372,4.5465587044534415,2.9319838056680156,10.022834008097158,24.366396761133604,10.229554655870443,16.173204254478826,34.06072874493927,94.84762374833734,10.0,4.000000000000001,10.480000000000004,28.5,93.0,39,0.2557849998266707,1.0,2.1999999999999993,9.699999999999998,21.0,0.012540366263208647,29,1436.612733035637,970.3922552687296,2407.0049883043666,371.3
273,259,53,5.806263806059153,4.528957528957529,2.928185328185329,10.022934362934357,24.268339768339768,9.899999999999997,16.709018326111757,34.24324324324324,89.74636073901662,10.0,4.000000000000001,10.480000000000004,28.5,92.0,39,0.2557849998266707,1.0,2.1999999999999993,9.639999999999997,20.5,0.2673964633658903,29,1503.8223257693207,885.577971283923,2389.400297053244,306.8
274,260,46,6.396696510596245,4.573076923076923,2.941153846153847,10.026538461538458,24.273076923076925,10.10499999999999,19.755841382498083,34.315384615384616,93.94631166015557,10.0,4.000000000000001,10.480000000000004,28.0,98.0,39,0.2708408535107451,1.0,2.1999999999999993,9.639999999999997,20.5,0.2557849998266707,30,1663.1410927550237,908.7687035949118,2571.9097963499353,413.09999999999997
275,260,52,5.620831691548828,4.6,2.920769230769231,10.023769230769233,24.209615384615386,9.981538461538461,21.79650357954267,34.35,87.95472363039107,10.0,4.000000000000001,10.480000000000004,28.0,97.0,40,0.2708408535107451,1.0,2.099999999999999,9.639999999999997,20.0,0.14098656248916686,30,1461.4162398026951,1133.4181861362188,2594.834425938914,450.4
276,272,51,5.179701047732576,4.694852941176471,2.9143382352941187,10.023161764705877,24.167279411764707,9.827941176470581,25.30382308476451,34.400735294117645,91.95469249891345,10.0,4.000000000000001,10.480000000000004,28.0,96.0,41,0.2708408535107451,1.0,2.099999999999999,9.639999999999997,19.5,0.012540366263208647,30,1408.8786849832607,1290.49497732299,2699.3736623062505,363.8
277,273,61,5.521100887312719,4.714285714285714,2.894505494505495,10.027472527472524,24.054945054945055,9.354945054945055,21.03029033553122,34.57142857142857,91.95469249891345,10.0,4.000000000000001,10.480000000000004,28.0,95.0,42,0.2708408535107451,1.0,1.9999999999999991,9.639999999999997,19.0,0.17559955270484418,30,1507.2605422363722,1282.8477104674043,2790.1082527037765,434.5
278,280,57,5.767038135222258,4.7178571428571425,2.8764285714285704,10.02614285714285,23.9625,9.193928571428566,23.77767915258889,34.71071428571429,91.95469249891345,10.0,4.000000000000001,10.480000000000004,28.0,94.0,42,0.2708408535107451,1.0,1.9999999999999991,9.639999999999997,19.0,0.012304227172267979,30,1614.770677862232,1355.3277116975669,2970.098389559799,325.4
279,279,61,6.520829853043942,4.745519713261649,2.8702508960573474,10.03505376344085,23.9247311827957,9.30035842293907,17.839039924230924,34.774193548387096,93.34500639048586,11.0,4.000000000000001,10.480000000000004,28.0,93.0,42,0.2708408535107451,1.0,1.9999999999999991,9.639999999999997,19.0,0.09532748703258287,30,1819.31152899926,1088.1814353780865,2907.4929643773467,497.9
280,283,60,6.368738638122574,4.795053003533569,2.87102473498233,10.042826855123659,23.881625441696112,9.55017667844523,19.060421909229703,34.86572438162544,82.66079824603577,11.0,4.000000000000001,10.480000000000004,28.0,92.0,42,0.2717976061124793,1.0,1.9999999999999991,9.639999999999997,19.0,0.196311660155573,30,1802.3530345886884,1143.6253145537821,2945.9783491424705,471.4
281,293,63,6.636271715813334,4.877133105802048,2.861774744027301,10.05160409556312,23.80716723549488,9.281569965870315,16.68584185590147,34.924914675767916,93.12901628859376,11.0,4.000000000000001,10.420000000000003,28.0,92.0,42,0.2717976061124793,1.0,1.9999999999999991,9.639999999999997,19.0,0.05519796012819711,30,1944.4276127333067,1051.2080369217924,2995.635649655099,444.59999999999997
282,298,69,6.536866515326748,4.895973154362416,2.873489932885905,10.055369127516764,23.746644295302012,8.373825503355706,15.101992628333958,35.08389261744966,94.4865779150389,11.0,4.000000000000001,10.420000000000003,28.0,93.0,42,0.27919201496124135,1.0,1.9999999999999991,9.639999999999997,19.0,0.07430822083500654,30,1947.9862215673709,1042.0374913550431,2990.0237129224142,400.99999999999994
283,317,63,5.901940619059231,4.8107255520504735,2.8804416403785464,10.053753943217648,23.662460567823345,7.817350157728708,16.92952374124971,35.28706624605678,76.19631166015557,11.0,4.000000000000001,10.420000000000003,28.0,92.0,42,0.27919201496124135,1.0,1.9999999999999991,9.639999999999997,19.0,0.018341298991243704,30,1870.9151762417764,1066.5599956987317,2937.475171940508,359.29999999999995
284,334,59,5.704482742149507,4.811377245508982,2.8892215568862265,10.056946107784418,23.63622754491018,7.876646706586827,18.5051010462064,35.44011976047904,79.38602921330032,11.0,4.000000000000001,10.420000000000003,28.0,91.0,42,0.27919201496124135,1.0,1.899999999999999,9.639999999999997,19.0,0.009542168862543665,30,1905.2972358779352,1091.8009617261775,2997.098197604113,427.9
285,351,58,5.624567210166885,4.829059829059829,2.8843304843304867,10.058974358974336,23.58262108262108,8.319373219373224,19.4342774327011,35.58689458689459,91.48484860495472,11.0,4.000000000000001,10.420000000000003,28.0,90.0,42,0.27919201496124135,1.0,1.899999999999999,9.639999999999997,19.0,0.1710145566406358,30,1974.2230907685766,1127.1880910966638,3101.4111818652405,553.1999999999999
286,368,60,5.332083117453616,4.864130434782608,2.867391304347829,10.067173913043453,23.470108695652176,8.438043478260875,20.12913527862436,35.70108695652174,96.91519956150894,12.0,4.000000000000001,10.420000000000003,28.0,88.0,42,0.2675394738472517,1.0,1.899999999999999,9.639999999999997,19.0,0.20235176701106372,30,1962.2065872229307,1207.7481167174617,3169.9547039403924,605.9
287,385,66,5.014621394395999,4.945454545454545,2.874805194805199,10.06280519480517,23.463636363636365,8.784675324675325,19.366185717957375,35.753246753246756,80.37953353742752,12.0,4.000000000000001,10.420000000000003,28.0,95.0,42,0.2675394738472517,1.0,1.899999999999999,9.639999999999997,19.0,0.046166845305632975,30,1930.62923684246,1278.1682573851867,3208.797494227647,633.0
288,403,68,4.985909668194925,5.009925558312655,2.8990074441687343,10.059851116625287,23.44789081885856,9.00099255583127,20.361536874574206,35.903225806451616,70.17747098250703,12.0,4.1000000000000005,10.420000000000003,28.0,94.0,42,0.2675394738472517,1.0,1.899999999999999,9.699999999999998,19.0,0.11845910731273213,30,2009.3215962825545,1384.584507471046,3393.9061037536003,677.5999999999999
289,390,75,5.887459621182031,5.112820512820512,2.8956410256410274,10.064307692307674,23.385897435897437,9.318717948717953,14.592485331986087,36.02820512820513,87.48081341291564,12.0,4.1000000000000005,10.420000000000003,27.5,93.0,41,0.2675394738472517,1.0,1.899999999999999,9.699999999999998,19.5,0.0036752798018735433,31,2296.109252260992,1094.4363998989566,3390.5456521599485,785.4
290,391,69,5.942621760692906,5.153452685421995,2.8961636828644504,10.06245524296674,23.346547314578004,9.782352941176471,12.078029875553687,36.1764705882353,93.7015755871746,12.0,4.1000000000000005,10.420000000000003,27.5,87.0,41,0.2675394738472517,1.0,1.899999999999999,9.699999999999998,19.5,0.36266615585052797,31,2323.565108430926,833.3840614132044,3156.9491698441307,826.9
291,389,73,5.142206615676692,5.061696658097686,2.8845758354755793,10.063547557840607,23.24421593830334,9.825449871465302,12.295542515829432,36.34961439588689,77.71910461761647,12.0,4.1000000000000005,10.420000000000003,27.5,86.0,41,0.2675394738472517,1.0,1.899999999999999,9.699999999999998,19.5,0.05425736321776631,31,2000.318373498233,897.5746036555486,2897.8929771537814,729.0
292,382,97,5.130890960019077,5.0942408376963355,2.874083769633507,10.063141361256534,23.18979057591623,9.230366492146596,10.85089355453886,36.49476439790576,84.02859998629715,13.0,4.1000000000000005,10.420000000000003,27.0,90.0,42,0.2711807460743011,1.0,1.9999999999999991,9.699999999999998,19.5,0.05425736321776631,32,1960.0003467272873,1052.5366747902694,3012.5370215175567,651.0999999999999
293,399,70,5.4445727620968185,5.0551378446115285,2.8736842105263154,10.059999999999992,23.092731829573935,9.421303258145361,16.52087621808915,36.73182957393484,87.856679262169,13.0,4.1000000000000005,10.420000000000003,27.0,98.0,42,0.2711807460743011,1.0,1.9999999999999991,9.699999999999998,19.0,0.20235176701106372,32,2172.3845320766304,1156.4613352662404,3328.845867342871,556.0
294,394,82,4.9936342561834834,5.083756345177665,2.8791878172588827,10.051624365482226,23.021573604060915,9.328680203045685,18.174640643582496,36.8502538071066,99.0715476511144,13.0,4.1000000000000005,10.480000000000004,27.0,88.0,42,0.2711807460743011,1.0,1.899999999999999,9.699999999999998,19.0,0.0670291389879547,32,1967.4918969362925,1490.3205327737646,3457.812429710057,727.6999999999999
295,398,83,5.12397069922445,5.055276381909548,2.911055276381911,10.04130653266331,23.003768844221106,9.499748743718593,20.154878092021573,37.052763819095475,99.0715476511144,13.0,4.1000000000000005,10.480000000000004,27.0,87.0,43,0.25741342967980974,1.0,1.899999999999999,9.639999999999997,19.0,0.04678656959060756,32,2039.340338291331,1672.8548816377906,3712.195219929122,632.9
296,401,89,5.408859577912197,5.007481296758105,2.9236907730673347,10.034862842892762,22.98503740648379,9.226932668329182,17.357287404552277,37.18703241895262,99.0715476511144,13.0,4.1000000000000005,10.480000000000004,27.0,87.29068143701552,43,0.25741342967980974,1.0,1.899999999999999,9.639999999999997,19.0,0.24038379285506362,32,2168.9526907427908,1544.7985790051528,3713.7512697479433,609.3
297,413,83,5.245579593284403,4.891041162227603,2.927118644067797,10.030072639225175,22.860774818401936,9.01791767554479,20.719585467146562,37.50363196125908,99.0715476511144,13.0,4.1000000000000005,10.480000000000004,27.0,93.0,43,0.25741342967980974,1.0,1.899999999999999,9.639999999999997,19.0,0.06219131587939053,32,2166.4243720264585,1719.7255937731645,3886.149965799623,638.1999999999999
298,413,80,5.80245245212269,4.963680387409201,2.9401937046004853,10.026440677966104,22.80871670702179,9.251331719128329,20.81090500545968,37.68038740920097,86.45997559153322,13.0,4.1000000000000005,10.480000000000004,26.5,92.0,43,0.25741342967980974,1.0,1.899999999999999,9.639999999999997,19.0,0.2159679630030853,33,2396.412862726671,1664.8724004367743,4061.285263163445,681.6999999999999
299,412,86,6.047493600807285,4.95873786407767,2.937864077669903,10.025485436893199,22.74635922330097,9.24878640776699,18.469184425629678,37.827669902912625,89.11162526076143,13.0,4.1000000000000005,10.480000000000004,26.5,91.0,44,0.25741342967980974,1.0,1.899999999999999,9.639999999999997,19.0,0.09022046667919081,33,2491.5673635326016,1588.3498606041521,4079.9172241367537,708.0
300,415,93,5.540293294903724,4.966265060240964,2.9486746987951795,10.020385542168675,22.67590361445783,9.355903614457832,19.75388122484053,37.95903614457831,85.30749694894165,13.0,4.1000000000000005,10.480000000000004,26.5,90.0,44,0.26672838850365777,1.0,1.899999999999999,9.579999999999997,19.0,0.25741342967980974,33,2299.2217173850454,1837.1109539101692,4136.332671295215,788.5
301,425,100,5.9176904111355215,4.988235294117647,2.981411764705883,10.017223529411766,22.625882352941176,8.970352941176474,16.73959749650582,38.150588235294116,91.20498530266943,13.0,4.1000000000000005,10.480000000000004,26.5,94.0,44,0.26722837170099933,1.0,1.899999999999999,9.579999999999997,19.0,0.15738338435688126,33,2515.0184247325965,1673.959749650582,4188.978174383178,803.3
302,425,102,5.9661869297211085,4.934117647058824,2.9922352941176475,10.010729411764698,22.52,8.460470588235289,17.62162853084089,38.40470588235294,85.30749694894165,13.0,4.1000000000000005,10.540000000000004,26.5,93.0,44,0.26722837170099933,1.0,1.899999999999999,9.579999999999997,18.5,0.1652774984723533,33,2535.629445131471,1797.406110145771,4333.035555277242,698.3
303,443,78,6.0973705412033565,5.024830699774267,2.9957110609480804,10.007855530474039,22.470654627539503,8.556433408577881,22.759697052519545,38.44469525959368,95.62477059462364,13.0,4.1000000000000005,10.540000000000004,26.5,87.0,44,0.26722837170099933,1.0,1.899999999999999,9.579999999999997,18.0,0.329782821826051,33,2701.135149753087,1775.2563700965245,4476.3915198496115,587.8
304,442,94,5.894714422526803,4.952488687782806,3.0101809954751118,10.004072398190045,22.414027149321267,8.625565610859729,21.09108014792196,38.633484162895925,90.71528700141543,13.0,4.1000000000000005,10.540000000000004,26.5,93.0,45,0.43431298906188615,1.0,1.9999999999999991,9.579999999999997,18.0,0.19883463770210819,33,2605.463774756847,1982.5615339046642,4588.025308661511,828.5
305,447,95,5.636084525092729,4.845637583892618,2.9955257270693494,10.000805369127523,22.287472035794185,8.802908277404917,22.870495988595906,38.88814317673378,85.30749694894165,13.0,4.1000000000000005,10.540000000000004,26.5,92.0,46,0.2830471552748198,1.0,1.9999999999999991,9.579999999999997,18.0,0.37276061347139056,33,2519.3297827164497,2172.697118916611,4692.02690163306,824.0
306,463,95,6.385819309840375,4.859611231101512,2.973002159827215,9.999870410367171,22.21598272138229,8.846220302375809,21.567988768975077,38.96328293736501,93.45276314369768,13.0,4.1000000000000005,10.540000000000004,26.5,99.0,46,0.2830471552748198,1.0,1.899999999999999,9.579999999999997,18.0,0.06891348680399734,33,2956.634340456094,2048.9589330526323,5005.593273508726,787.1
307,480,97,6.406753836288518,4.797916666666667,3.0025000000000026,9.991125000000004,22.196875,8.796874999999996,19.800598188182047,39.19375,96.97654816216398,13.0,4.1000000000000005,10.600000000000005,26.5,98.0,46,0.2830471552748198,1.0,1.899999999999999,9.579999999999997,18.0,0.06691355401463106,33,3075.2418414184885,1920.6580242536584,4995.899865672147,847.0
308,480,108,6.638804889616102,4.814583333333333,3.0164583333333375,9.991875000000006,22.122916666666665,8.737291666666666,17.62859735760107,39.42916666666667,97.55775204184101,13.0,4.1000000000000005,10.600000000000005,26.0,91.0,46,0.2788760209205032,1.0,1.899999999999999,9.579999999999997,18.0,0.16216592091078974,34,3186.626347015729,1903.8885146209157,5090.514861636645,898.9
309,486,112,6.8094619129369,4.7860082304526745,3.018518518518519,9.986419753086421,21.970164609053498,8.769547325102883,16.823172227320846,39.71399176954733,97.55775204184101,13.0,4.1000000000000005,10.600000000000005,26.0,96.0,46,0.2788760209205032,1.0,1.899999999999999,9.579999999999997,18.0,0.1417257851516336,34,3309.3984896873335,1884.1952894599347,5193.593779147268,943.3
310,504,106,6.892690928032677,4.795634920634921,3.028571428571433,9.989642857142869,21.91765873015873,8.693650793650798,18.355909866989606,39.867063492063494,97.55775204184101,13.0,4.1000000000000005,10.600000000000005,26.0,97.0,47,0.2788760209205032,1.0,1.899999999999999,9.579999999999997,17.5,0.23003587517692958,34,3473.9162277284695,1945.7264459008984,5419.642673629368,810.2
311,527,97,6.74185121924297,4.717267552182163,3.0121442125237206,9.993282732447826,21.80550284629981,8.678937381404179,19.74409655012677,40.04364326375712,98.07757866900333,13.0,4.1000000000000005,10.660000000000005,26.0,96.0,47,0.2788760209205032,1.0,1.899999999999999,9.579999999999997,17.0,0.08960260317915192,34,3552.955592541045,1915.1773653622965,5468.132957903342,936.6
312,523,119,6.832085961541163,4.747609942638623,3.0202676864244746,9.984741873804973,21.817399617590823,8.395984703632886,16.231746156682895,40.12810707456979,91.90877256486718,12.0,4.1000000000000005,10.660000000000005,26.0,95.0,47,0.2788760209205032,1.0,1.899999999999999,9.579999999999997,17.0,0.16094162405193657,34,3573.1809578860284,1931.5777926452645,5504.758750531293,1059.0
313,541,107,6.587368612009631,4.659889094269871,3.0319778188539765,9.975822550831797,21.76155268022181,8.612569316081332,14.431705387250423,40.314232902033275,100.56875148045559,12.0,4.2,10.660000000000005,26.0,92.0,47,0.2788760209205032,1.0,1.899999999999999,9.579999999999997,17.0,0.13951455829239334,34,3563.7664190972105,1544.1924764357952,5107.9588955330055,1025.4
314,542,116,6.528840310767818,4.597785977859779,3.0182656826568253,9.979298892988936,21.739852398523986,9.036346863468635,15.482060896211312,40.32841328413284,97.56875148045559,12.0,4.2,10.660000000000005,26.0,99.0,47,0.2788760209205032,1.0,1.899999999999999,9.579999999999997,17.0,0.177827132190564,34,3538.6314484361574,1795.9190639605122,5334.55051239667,1176.7
315,541,122,6.517567287763901,4.480591497227357,3.0077634011090586,9.97937153419593,21.635859519408502,8.640110905730127,11.840786637160436,40.521256931608136,99.7936268068101,12.0,4.2,10.480000000000004,25.5,90.90877256486718,48,0.2788760209205032,1.0,1.899999999999999,9.579999999999997,17.0,0.034800129096117294,35,3526.0039026802706,1444.5759697335732,4970.579872413844,1150.5
316,568,101,5.917747768822914,4.505281690140845,3.0144366197183072,9.978450704225358,21.576584507042252,8.723767605633792,10.971902333758573,40.67077464788732,97.56875148045559,12.0,4.2,10.480000000000004,25.5,89.90877256486718,48,0.26311774761697065,1.0,1.799999999999999,9.579999999999997,16.5,0.08092491438431892,35,3361.2807326914153,1108.1621357096158,4469.442868401031,994.8
317,578,108,5.706937759779583,4.498269896193771,3.0193771626297594,9.980484429065744,21.51643598615917,8.867301038062278,11.638792894628695,40.77681660899654,97.56875148045559,12.0,4.2,10.480000000000004,25.5,86.0,48,0.25836381633667116,1.0,1.799999999999999,9.579999999999997,16.5,0.29266741057463275,35,3298.610025152599,1256.989632619899,4555.599657772498,1220.1
318,545,127,5.815134806292148,4.530275229357798,3.0058715596330297,9.979082568807334,21.446788990825688,9.118715596330276,8.744849363827022,40.84954128440367,87.07667405416865,11.0,4.3,10.480000000000004,25.5,97.56875148045559,48,0.25836381633667116,1.0,1.6999999999999988,9.579999999999997,16.5,0.05281135585311958,35,3169.2484694292207,1110.595869206032,4279.844338635253,1456.6
319,528,113,6.027138918928308,4.549242424242424,2.986742424242424,9.978522727272727,21.357007575757574,9.275189393939392,6.713643710535218,40.990530303030305,91.56838202032841,12.0,4.3,10.480000000000004,25.5,96.56875148045559,48,0.25836381633667116,1.0,1.6999999999999988,9.579999999999997,16.5,0.038550644211584384,35,3182.3293491941467,758.6417392904796,3940.9710884846263,1133.2
320,535,107,5.123062210121438,4.5514018691588785,2.9661682242990612,9.984635514018688,21.186915887850468,8.885607476635512,7.7645769251647225,41.271028037383175,91.56838202032841,12.0,4.2,10.480000000000004,25.5,95.56875148045559,48,0.25836381633667116,1.0,1.6999999999999988,9.579999999999997,16.5,0.03878933450166766,35,2740.838282414969,830.8097309926253,3571.648013407594,975.8
321,515,125,4.7040577975458016,4.502912621359223,2.983106796116503,9.983689320388347,21.142718446601943,8.57844660194175,11.067475484360115,41.45436893203883,101.99648631809796,12.0,4.2,10.480000000000004,25.5,92.0,48,0.25836381633667116,1.0,1.6999999999999988,9.579999999999997,16.5,0.060767744702387994,35,2422.589765736088,1383.4344355450144,3806.0242012811023,1023.1
322,517,123,4.67516696243721,4.475822050290136,2.9849129593810435,9.983752417794975,21.078336557059963,8.939458413926499,13.03679334508446,41.60348162475822,101.99648631809796,12.0,4.2,10.540000000000004,25.5,90.56838202032841,48,0.26311774761697065,1.0,1.6999999999999988,9.579999999999997,16.5,0.005050629338815504,35,2417.0613195800374,1603.5255814453885,4020.586901025426,1060.2
323,493,119,4.771318986182212,4.363083164300203,2.9864097363083157,9.975294117647056,21.010141987829616,9.254158215010138,11.92067656416751,41.72819472616633,101.99648631809796,12.0,4.3,10.540000000000004,25.5,89.56838202032841,48,0.26311774761697065,1.0,1.6999999999999988,9.579999999999997,16.5,0.20591524947051232,35,2352.2602601878307,1418.5605111359337,3770.8207713237643,1069.7
324,482,126,4.3449716413131565,4.3838174273858925,3.0006224066390046,9.966763485477177,20.973029045643152,9.60933609958505,11.061145471108977,41.80082987551867,67.64434003748158,12.0,4.3,10.540000000000004,25.0,101.99648631809796,48,0.2575429634999551,1.0,1.6999999999999988,9.519999999999996,16.5,0.24410319350641774,36,2094.2763311129415,1393.7043293597312,3487.9806604726728,1123.0
325,456,131,4.861374234485668,4.3464912280701755,2.987719298245615,9.970657894736854,20.89144736842105,9.481140350877181,7.853478449916925,41.901315789473685,103.22856643092115,12.0,4.3,10.540000000000004,25.0,87.56838202032841,49,0.25453000336746157,1.0,1.6999999999999988,9.519999999999996,16.5,0.03448148721927469,36,2216.7866509254645,1028.8056769391171,3245.5923278645814,1032.9
326,437,121,5.251886018113032,4.226544622425629,3.0032036613272335,9.966224256292918,20.814645308924486,9.440961098398164,5.587027253810419,42.11899313501144,103.22856643092115,12.0,4.3,10.600000000000005,25.0,42.3782332216042,49,0.25453000336746157,1.0,1.6999999999999988,9.519999999999996,16.5,0.05284572876007276,36,2295.074189915395,676.0302977110607,2971.104487626456,927.1999999999999
327,432,98,4.692864489052717,4.314814814814815,2.9814814814814827,9.98000000000001,20.74652777777778,9.315740740740743,6.994664800749311,42.1875,103.22856643092115,12.0,4.3,10.660000000000005,25.0,81.08431019477784,49,0.2575429634999551,1.0,1.6999999999999988,9.519999999999996,16.5,0.038550644211584384,36,2027.3174592707735,685.4771504734324,2712.794609744206,797.6
328,405,105,4.8425195336145785,4.506172839506172,2.9711111111111115,9.996000000000004,20.682716049382716,8.71283950617284,4.876534344430191,42.23456790123457,88.03087285388166,12.0,4.3,10.660000000000005,25.0,56.03051713006762,49,0.2575429634999551,1.0,1.6999999999999988,9.519999999999996,16.5,0.003720089958160422,36,1961.2204111139042,512.03610616517,2473.256517279074,745.4
329,386,89,4.428376407670373,4.572538860103627,2.943782383419689,9.999689119170979,20.60880829015544,8.740932642487053,6.357418651490929,42.32642487046632,54.07844344110693,12.0,4.3,10.660000000000005,25.0,88.03087285388166,49,0.2575429634999551,1.0,1.799999999999999,9.519999999999996,16.5,0.05056888984249919,36,1709.3532933607642,565.8102599826926,2275.163553343457,693.7
330,385,79,4.1954723966856,4.685714285714286,2.928831168831169,10.0014025974026,20.544155844155846,8.802597402597407,6.659462847648818,42.433766233766235,80.85845707773488,12.0,4.3,10.660000000000005,25.0,87.03087285388166,50,0.27625018024570985,1.0,1.799999999999999,9.459999999999996,16.5,0.08013100078001889,36,1615.256872723956,526.0975649642567,2141.354437688213,724.0
331,393,61,3.8767823628331697,4.648854961832061,2.9346055979643784,9.999847328244277,20.47328244274809,9.101272264631048,9.182034813686341,42.6412213740458,80.85845707773488,12.0,4.3,10.660000000000005,25.0,86.03087285388166,50,0.2750722944716348,1.0,1.799999999999999,9.459999999999996,16.0,0.2061793242972505,36,1523.5754685934357,560.1041236348668,2083.6795922283027,655.8
332,376,64,4.108129378797985,4.6888297872340425,2.9117021276595767,10.005585106382982,20.440159574468087,10.014095744680853,9.40602299330029,42.74202127659574,89.0252693532893,12.0,4.2,10.660000000000005,25.0,94.0,50,0.2750722944716348,1.0,1.799999999999999,9.459999999999996,16.0,0.014936411106595049,36,1544.6566464280424,601.9854715712186,2146.6421179992612,772.3
333,332,96,3.917940411694729,4.581325301204819,2.857831325301204,10.00090361445783,20.40963855421687,9.69397590361447,7.2085568121769406,42.75903614457831,44.51263467664465,12.0,4.2,10.660000000000005,25.0,93.0,50,0.2750722944716348,1.0,1.799999999999999,9.459999999999996,16.0,0.3688063602975573,36,1300.7562166826501,692.0214539689863,1992.7776706516365,798.8
334,334,76,3.8499849798696153,4.514970059880239,2.8727544910179628,9.9951497005988,20.372754491017965,9.350299401197603,6.6586838724776,43.00898203592814,81.45612501804595,12.0,4.2,10.600000000000005,25.0,92.0,51,0.2750722944716348,1.0,1.799999999999999,9.459999999999996,16.0,0.28932055150606506,36,1285.8949832764515,506.0599743082976,1791.954957584749,412.79999999999995
335,313,87,3.6186157519104047,4.453674121405751,2.8763578274760384,9.98581469648563,20.324281150159745,8.797763578274763,5.598652234217561,43.22364217252396,92.99719824970383,12.0,4.2,10.600000000000005,25.0,74.0,51,0.2776202712188175,1.0,1.799999999999999,9.459999999999996,16.0,0.0565622524655951,36,1132.6267303479567,487.08274437692785,1619.7094747248846,593.9
336,305,63,4.091447330282578,4.304918032786885,2.899016393442621,9.972852459016398,20.27377049180328,8.724262295081973,3.7337390910808175,43.445901639344264,92.99719824970383,12.0,4.2,10.600000000000005,25.0,15.429694583579057,51,0.26423570327141244,1.0,1.799999999999999,9.459999999999996,16.0,0.12382653756686102,36,1247.8914357361862,235.2255627380915,1483.1169984742776,376.29999999999995
337,297,63,3.720604919287759,4.124579124579125,2.8999999999999995,9.962020202020211,20.19023569023569,8.811447811447811,3.878775394441705,43.65993265993266,92.99719824970383,12.0,4.2,10.600000000000005,24.5,17.42577713963948,51,0.26423570327141244,1.0,1.799999999999999,9.459999999999996,16.0,0.42822396076224445,37,1105.0196610284645,244.36284984982743,1349.382510878292,440.3
338,288,67,3.4373850130799397,4.138888888888889,2.9031249999999975,9.964583333333339,20.18923611111111,9.15625,4.678239021620968,43.68402777777778,46.498599124851914,11.0,4.2,10.600000000000005,24.0,59.0,51,0.26185585664307093,1.0,1.799999999999999,9.459999999999996,16.0,0.05902069615430783,38,989.9668837670226,313.4420144486048,1303.4088982156275,439.2
339,278,71,3.1433724411830646,4.057553956834532,2.883453237410071,9.966546762589934,20.100719424460433,8.872302158273385,5.9946659828980575,43.76978417266187,26.63156005020005,12.0,4.2,10.600000000000005,24.0,91.0,51,0.254365007197484,1.0,1.799999999999999,9.459999999999996,16.0,0.056942813085649746,38,873.8575386488919,425.6212847857621,1299.478823434654,463.4
340,275,64,2.9694678601965774,4.065454545454545,2.8920000000000003,9.965527272727273,20.14727272727273,9.036727272727278,9.417506404983618,43.74181818181818,18.46069719721935,12.0,4.2,10.540000000000004,24.0,92.0,51,0.254365007197484,1.0,1.799999999999999,9.459999999999996,16.0,0.03457272519993593,38,816.6036615540588,602.7204099189515,1419.3240714730105,325.7
341,265,58,3.228315388622386,4.018867924528302,2.8871698113207533,9.961056603773592,20.116981132075473,9.214339622641512,9.733807352131203,43.886792452830186,68.15053908978605,12.0,4.1000000000000005,10.540000000000004,24.0,91.0,51,0.254365007197484,1.0,1.799999999999999,9.459999999999996,16.0,0.06147626549042351,38,855.5035779849323,564.5608264236098,1420.064404408542,351.5
342,257,63,3.192456498828865,4.019455252918288,2.885603112840465,9.962412451361864,20.087548638132297,9.422178988326849,11.808052776303136,44.05058365758755,34.075269544893025,12.0,4.1000000000000005,10.540000000000004,24.0,90.0,51,0.254365007197484,1.0,1.799999999999999,9.459999999999996,16.0,0.5085237810768388,38,820.4613201990182,743.9073249070975,1564.3686451061158,435.3
343,249,57,3.285182249184607,3.7389558232931726,2.8485943775100373,9.956626506024095,19.96987951807229,9.459437751004016,14.953585656811345,44.18072289156626,92.94445222231771,12.0,4.1000000000000005,10.540000000000004,24.0,94.0,51,0.254365007197484,1.0,1.799999999999999,9.459999999999996,16.0,0.017460028789936022,38,818.0103800469672,852.3543824382467,1670.3647624852138,376.8
344,243,64,3.7285572370918234,3.654320987654321,2.8518518518518507,9.967160493827159,19.829218106995885,8.755555555555556,13.038438445942544,44.465020576131685,81.99477245523063,12.0,4.1000000000000005,10.540000000000004,24.0,98.0,52,0.254365007197484,1.0,1.799999999999999,9.459999999999996,16.0,0.08617891703449931,38,906.0394086133131,834.4600605403228,1740.4994691536358,324.3
345,251,52,3.9255520699487323,3.5338645418326693,2.8605577689243016,9.973705179282867,19.719123505976096,8.62828685258964,16.93727110108229,44.625498007968126,103.04508479722882,12.0,4.1000000000000005,10.540000000000004,23.5,92.0,52,0.2532657042372025,1.0,1.799999999999999,9.459999999999996,16.0,0.05309479484671176,39,985.3135695571318,880.7380972562789,1866.0516668134107,212.7
346,255,52,4.624055956957205,3.627450980392157,2.8529411764705856,9.977411764705883,19.711764705882352,7.954117647058826,13.100523582576034,44.576470588235296,91.96256645064149,12.0,4.1000000000000005,10.540000000000004,23.5,90.0,52,0.2532657042372025,1.0,1.799999999999999,9.459999999999996,16.0,0.2893196090455789,39,1179.1342690240874,681.2272262939538,1860.3614953180413,200.9
347,247,70,4.429688942332235,3.688259109311741,2.8700404858299575,9.980080971659918,19.686234817813766,7.612550607287448,10.294825392040305,44.68421052631579,89.51093272787575,10.0,4.1000000000000005,10.540000000000004,23.5,90.0,52,0.2532657042372025,1.0,1.6999999999999988,9.459999999999996,16.0,0.2653690663726059,39,1094.133168756062,720.6377774428214,1814.7709461988834,355.4
348,256,62,3.986744512068799,3.8125,2.88984375,9.990624999999996,19.591796875,7.230468749999997,13.953563279603491,44.80078125,89.8913190257386,11.0,4.1000000000000005,10.540000000000004,23.5,89.0,52,0.2532657042372025,1.0,1.6999999999999988,9.459999999999996,15.5,0.022273816222279308,39,1020.6065950896126,865.1209233354165,1885.727518425029,261.0
349,269,51,3.5138488173337863,3.9144981412639406,2.8773234200743474,9.999107806691452,19.520446096654275,7.2427509293680306,20.595083549371054,44.817843866171,54.66079042499255,11.0,4.1000000000000005,10.540000000000004,23.5,97.0,53,0.2532657042372025,1.0,1.6999999999999988,9.459999999999996,15.5,0.04160273985559315,39,945.2253318627885,1050.3492610179237,1995.5745928807123,259.2
350,279,47,3.632070906486673,3.931899641577061,2.8874551971326143,10.000860215053766,19.442652329749105,7.536917562724015,25.90322060049746,44.89964157706093,64.1514973507386,11.0,4.2,10.540000000000004,23.5,99.0,53,0.2532657042372025,1.0,1.6999999999999988,9.459999999999996,15.5,0.36716814588876856,39,1013.3477829097817,1217.4513682233805,2230.799151133162,313.0
351,276,59,4.60903294976392,4.061594202898551,2.917391304347824,10.005000000000004,19.47463768115942,7.37717391304348,18.042814371283345,44.89855072463768,96.97084786311606,11.0,4.2,10.540000000000004,23.5,98.0,53,0.2532657042372025,1.0,1.6999999999999988,9.579999999999997,15.5,0.26652902302639747,39,1272.093094134842,1064.5260479057174,2336.6191420405594,342.09999999999997
352,280,48,5.174793201323214,4.1535714285714285,2.943571428571429,10.003214285714296,19.5,7.576071428571429,20.859805742623628,44.878571428571426,85.60965003444024,11.0,4.2,10.420000000000003,23.0,98.0,53,0.2532657042372025,1.0,1.6999999999999988,9.579999999999997,15.5,0.2653690663726059,40,1448.9420963705,1001.2706756459341,2450.212772016434,298.8
353,275,52,5.133061175107454,4.28,2.9709090909090907,10.0072,19.534545454545455,7.564000000000001,21.662335779572974,44.90181818181818,96.58458617109157,11.0,4.2,10.420000000000003,23.0,97.0,53,0.2532657042372025,1.0,1.6999999999999988,9.519999999999996,15.5,0.5636673497980482,40,1411.59182315455,1126.4414605377947,2538.0332836923444,350.9
354,269,59,4.903844308250866,4.237918215613383,2.994795539033456,10.007583643122679,19.516728624535315,8.077695167286246,21.334973614067138,45.09293680297398,65.97986818854854,11.0,4.2,10.420000000000003,23.0,96.0,54,0.2532657042372025,1.0,1.6999999999999988,9.519999999999996,15.5,0.16917234218314192,40,1319.134118919483,1258.7634432299612,2577.897562149444,423.9
355,277,54,5.140383546442705,4.133574007220217,3.0209386281588455,10.000433212996391,19.39350180505415,8.57111913357401,22.46247497033619,45.371841155234655,82.60899993402185,11.0,4.2,10.420000000000003,23.0,95.0,54,0.2532657042372025,1.0,1.6999999999999988,9.519999999999996,15.5,0.2875871909023488,40,1423.8862423646294,1212.9736483981542,2636.859890762784,401.5
356,274,65,4.96542780503733,3.9854014598540144,3.0423357664233563,9.981386861313872,19.2992700729927,8.307664233576645,22.29262405912134,45.693430656934304,74.43753300972256,11.0,4.3,10.420000000000003,22.5,94.0,54,0.2532657042372025,1.0,1.6999999999999988,9.579999999999997,15.5,0.2875871909023488,40,1360.5272185802285,1449.0205638428872,2809.5477824231157,451.8
357,290,67,5.01574213157101,3.872413793103448,3.050689655172412,9.97537931034484,19.18448275862069,8.266896551724138,20.183242650951083,45.97586206896552,94.19141014510328,11.0,4.3,10.420000000000003,22.5,86.0,55,0.2532657042372025,1.0,1.6999999999999988,9.579999999999997,15.5,0.10583974425347997,40,1454.5652181555927,1352.2772576137227,2806.8424757693156,369.3
358,295,78,4.826110664481836,3.772881355932203,3.0779661016949142,9.969288135593228,19.04237288135593,7.4233898305084765,17.57296830572259,46.41016949152542,87.0182683178466,11.0,4.3,10.360000000000003,22.5,94.19141014510328,56,0.2562234807953822,1.0,1.6999999999999988,9.579999999999997,15.0,0.2158175764157262,40,1423.7026460221416,1370.691527846362,2794.3941738685035,395.2
359,309,66,5.276438373394227,3.6957928802588995,3.083818770226536,9.968932038834957,18.919093851132686,7.220711974110033,20.576387912737587,46.68608414239482,94.02816643535587,11.0,4.3,10.360000000000003,22.5,96.0,56,0.28401009501554286,1.0,1.6999999999999988,9.579999999999997,15.0,0.4803531474879814,40,1630.419457378816,1358.0416022406807,2988.461059619497,347.3
360,317,70,5.199203985776284,3.630914826498423,3.083911671924289,9.969526813880126,18.83596214511041,7.193059936908517,20.089870262834463,46.94637223974763,87.0182683178466,11.0,4.3,10.360000000000003,22.5,95.0,56,0.28401009501554286,1.0,1.6999999999999988,9.579999999999997,15.0,0.454842573509727,40,1648.147663491082,1406.2909183984125,3054.4385818894943,394.5
361,315,78,5.248803833751618,3.6,3.0917460317460317,9.964380952380957,18.78253968253968,7.210793650793651,20.302142230091192,47.08253968253968,87.0182683178466,11.0,4.3,10.360000000000003,22.5,94.0,56,0.28401009501554286,1.0,1.6999999999999988,9.579999999999997,15.0,0.030935440446070883,41,1653.3732076317594,1583.5670939471129,3236.940301578872,479.5
362,326,77,4.9240257589131975,3.625766871165644,3.088957055214724,9.9615337423313,18.728527607361965,7.47883435582822,22.684212460349688,47.19938650306749,73.13271840426434,12.0,4.3,10.360000000000003,22.5,98.0,55,0.28401009501554286,1.0,1.6999999999999988,9.579999999999997,15.0,0.030935440446070883,41,1605.2323974057024,1746.684359446926,3351.916756852628,526.4
363,341,72,5.212933583050694,3.6392961876832843,3.077419354838712,9.962346041055728,18.686217008797655,7.822287390029327,24.60748448166965,47.219941348973606,93.11771840827342,12.0,4.3,10.420000000000003,22.5,99.0,53,0.28401009501554286,1.0,1.6999999999999988,9.579999999999997,15.0,0.2062388592358717,41,1777.6103518202867,1771.7388826802148,3549.3492345005016,532.0
364,332,95,5.424032830770157,3.7349397590361444,3.0855421686746984,9.961686746987958,18.66114457831325,7.651506024096385,18.228962478765077,47.286144578313255,97.13604038006217,12.0,4.3,10.420000000000003,22.0,98.0,53,0.27178813130170054,1.0,1.5999999999999988,9.579999999999997,15.0,0.02685089922493189,42,1800.7788998156923,1731.7514354826822,3532.5303352983747,633.8
365,332,104,4.531715190856137,3.7650602409638556,3.079819277108434,9.958975903614467,18.60090361445783,6.964457831325305,20.88581432962679,47.44277108433735,96.36856561331398,11.0,4.3,10.420000000000003,22.0,97.13604038006217,54,0.27178813130170054,1.0,1.5999999999999988,9.579999999999997,15.0,0.031826464405867894,42,1504.5294433642375,2172.1246902811863,3676.654133645424,495.4
366,356,79,6.277090033056867,3.688202247191011,3.0786516853932553,9.956853932584279,18.484550561797754,6.969662921348315,20.9742393670035,47.61516853932584,97.27208076012434,12.0,4.3,10.420000000000003,22.0,96.0,54,0.2589870997156984,1.0,1.5999999999999988,9.579999999999997,15.0,0.0718967977255871,42,2234.6440517682445,1656.9649099932763,3891.6089617615207,388.8
367,366,90,6.32037190436072,3.685792349726776,3.0762295081967186,9.960655737704927,18.35928961748634,7.003005464480869,18.629352218294173,47.7896174863388,84.93838020110488,12.0,4.3,10.420000000000003,22.0,96.0,54,0.2589870997156984,1.0,1.5999999999999988,9.579999999999997,14.5,0.2720807601243429,42,2313.2561169960236,1676.6416996464757,3989.8978166424995,656.3
368,391,86,6.637093422479489,3.662404092071611,3.0601023017902795,9.959028132992335,18.226342710997443,6.562659846547312,16.88281012503946,48.012787723785166,100.02303535083212,12.0,4.3,10.420000000000003,22.0,95.0,54,0.2589870997156984,1.0,1.6999999999999988,9.579999999999997,14.5,0.06080185977716557,42,2595.10352818948,1451.9216707533935,4047.0251989428734,499.2
369,417,93,6.13216238965474,3.565947242206235,3.04748201438849,9.947913669064754,18.075539568345324,6.111270983213429,15.872338295154947,48.32374100719424,97.44160414435895,11.0,4.3,10.420000000000003,22.0,85.0,55,0.2589870997156984,1.0,1.6999999999999988,9.519999999999996,14.0,0.19706211419698727,42,2557.1117164860266,1476.12746144941,4033.2391779354366,589.2
370,448,97,5.325043710346842,3.5870535714285716,3.0642857142857105,9.936116071428577,17.952008928571427,6.014285714285713,18.39418484733128,48.56919642857143,95.02936285071556,11.0,4.3,10.420000000000003,22.0,98.0,56,0.2589870997156984,1.0,1.6999999999999988,9.519999999999996,14.0,0.02936285071555167,42,2385.619582235385,1784.2359301911342,4169.855512426519,584.4
371,468,106,5.607486179125956,3.58974358974359,3.10833333333333,9.922948717948723,17.873931623931625,5.81474358974359,14.135825358596216,48.76495726495727,95.02936285071556,11.0,4.3999999999999995,10.420000000000003,21.5,97.0,56,0.29228448247361893,1.0,1.6999999999999988,9.459999999999996,14.0,0.07963116385841618,43,2624.303531830947,1498.397488011199,4122.701019842146,712.4
372,497,103,4.976331736774677,3.5754527162977867,3.1426559356136807,9.917665995975861,17.802816901408452,6.026961770623744,17.760424569508203,48.98189134808853,96.37166746114913,11.0,4.3999999999999995,10.420000000000003,21.5,98.0,56,0.29228448247361893,1.0,1.6999999999999988,9.459999999999996,14.0,0.2971557550893239,43,2473.2368731770143,1829.3237306593448,4302.560603836359,734.9
373,505,103,5.8161500180015295,3.5346534653465347,3.1671287128712864,9.913148514851487,17.745544554455446,6.548712871287131,15.32801162327256,49.16633663366336,100.08591257467502,12.0,4.3999999999999995,10.420000000000003,21.5,96.0,56,0.26618669373223114,1.0,1.6999999999999988,9.459999999999996,14.0,0.007729448005322048,43,2937.1557590907723,1578.7851971970738,4515.940956287846,1005.9
374,498,111,6.323965544793622,3.4718875502008033,3.1795180722891527,9.910963855421693,17.613453815261042,7.018273092369479,14.003292892640777,49.471887550200805,97.66653573080889,12.0,4.3999999999999995,10.420000000000003,21.0,97.0,56,0.30166332586881134,1.0,1.6999999999999988,9.459999999999996,13.5,0.07071997939964891,44,3149.334841307224,1554.3655110831262,4703.70035239035,1054.4
375,492,117,6.313293575602742,3.467479674796748,3.2028455284552835,9.91158536585367,17.492886178861788,7.268902439024395,10.183242964915625,49.74593495934959,98.12634514994397,12.0,4.3999999999999995,10.420000000000003,21.0,87.0,56,0.30166332586881134,1.0,1.6999999999999988,9.459999999999996,13.5,0.09459903632933364,44,3106.1404391965493,1191.439426895128,4297.579866091677,1012.2
376,483,130,5.5469099907177695,3.443064182194617,3.189026915113871,9.91031055900621,17.38095238095238,7.15734989648033,9.443766600507859,49.93374741200828,94.94280235780039,12.0,4.3999999999999995,10.420000000000003,21.0,86.0,56,0.33210176835029215,1.0,1.6999999999999988,9.459999999999996,14.0,0.10119294625214703,44,2679.1575255166827,1227.6896580660216,3906.847183582704,970.9
377,478,129,5.00632495413532,3.3953974895397487,3.2236401673640174,9.903849372384942,17.319037656903767,6.9271966527196716,9.406597817197826,50.15690376569037,66.26618669373224,12.0,4.3999999999999995,10.420000000000003,21.0,94.94280235780039,56,0.26873239738323745,1.0,1.6999999999999988,9.459999999999996,13.5,0.013378621583197692,44,2393.023328076683,1213.4511184185194,3606.4744464952023,837.1
378,487,122,4.711940130287476,3.3860369609856265,3.2523613963039004,9.900944558521575,17.227926078028748,7.021971252566735,12.161196268747076,50.496919917864474,72.60972230964616,12.0,4.499999999999999,10.420000000000003,21.0,93.94280235780039,56,0.26873239738323745,1.0,1.6999999999999988,9.399999999999995,13.5,0.013906006499240453,44,2294.714843450001,1483.6659447871434,3778.3807882371443,869.4
379,487,132,4.896653224438321,3.347022587268994,3.265092402464066,9.894907597535944,17.113963039014372,6.902464065708422,14.42701212677587,50.700205338809035,94.39177003890241,12.0,4.499999999999999,10.420000000000003,21.0,90.0,57,0.26269366352558043,1.0,1.899999999999999,9.399999999999995,13.5,0.0678695359171888,44,2384.6701203014622,1904.3656007344148,4289.035721035877,877.9
380,487,126,5.217208266827084,3.3963039014373715,3.2634496919917853,9.896262833675568,17.06365503080082,6.98542094455852,17.522597212514953,50.813141683778234,84.26726103668318,12.0,4.499999999999999,10.420000000000003,21.0,99.0,57,0.26269366352558043,1.0,1.899999999999999,9.399999999999995,13.5,0.0339347679585944,44,2540.78042594479,2207.847248776884,4748.627674721674,864.0
381,470,127,6.492756896214655,3.4638297872340424,3.288297872340424,9.891361702127648,17.088297872340426,6.880638297872338,14.220705806174404,50.87872340425532,99.56384238397929,11.0,4.499999999999999,10.420000000000003,21.0,84.0,57,0.25752250521631054,1.0,1.899999999999999,9.459999999999996,13.5,0.031084783494269352,44,3051.595741220888,1806.0296373841493,4857.625378605037,911.6
382,486,123,6.15986050470698,3.5185185185185186,3.280452674897118,9.894444444444444,16.99897119341564,6.78415637860082,15.018182294282514,50.965020576131685,99.56384238397929,12.0,4.499999999999999,10.420000000000003,21.0,90.0,57,0.25752250521631054,1.0,1.899999999999999,9.459999999999996,13.0,0.013906006499240453,44,2993.6922052875925,1847.2364221967493,4840.928627484342,802.9
383,496,142,5.478208897689909,3.600806451612903,3.25766129032258,9.890040322580651,16.9375,6.364112903225808,14.762444031829522,51.060483870967744,99.56384238397929,12.0,4.599999999999999,10.420000000000003,21.0,89.0,57,0.25752250521631054,1.0,1.9999999999999991,9.459999999999996,13.0,0.027812012998480906,44,2717.1916132541946,2096.2670525197923,4813.458665773987,828.6
384,511,123,5.834381525569041,3.6516634050880628,3.255381604696673,9.885636007827806,16.925636007827787,6.546771037181995,16.25736458774159,51.10371819960861,99.56384238397929,12.0,4.599999999999999,10.480000000000004,21.0,88.60332665173762,57,0.25752250521631054,1.0,1.9999999999999991,9.399999999999995,13.0,0.17345152165303035,44,2981.36895956578,1999.6558442922158,4981.024803857996,766.4
385,519,147,5.299856603114108,3.626204238921002,3.192292870905591,9.885433526011575,16.785163776493256,6.24739884393064,15.496537392507184,51.285163776493256,92.49134798016489,12.0,4.599999999999999,10.480000000000004,21.0,99.56384238397929,58,0.25298381891666066,1.0,1.9999999999999991,9.399999999999995,13.0,0.027435205369824356,44,2750.625577016222,2277.990996698556,5028.6165737147785,1051.3
386,538,114,5.964034277610299,3.5018587360594795,3.1851301115241637,9.876096654275104,16.67193308550186,6.44052044609665,12.730998927120304,51.485130111524164,103.23771245847864,12.0,4.599999999999999,10.540000000000004,21.0,98.0,58,0.25298381891666066,1.0,1.9999999999999991,9.399999999999995,12.5,0.04171801949772114,44,3208.6504413543407,1451.3338776917146,4659.984319046055,861.1
387,529,142,5.784157175884847,3.4120982986767485,3.1869565217391282,9.875009451795846,16.527410207939507,6.626465028355385,12.795858313929768,51.68620037807183,86.28454899110801,12.0,4.599999999999999,10.540000000000004,21.0,103.23771245847864,58,0.25298381891666066,1.0,1.9999999999999991,9.399999999999995,12.5,0.019437078963562282,44,3059.819146043084,1817.011880578027,4876.831026621111,1120.2
388,527,143,5.045234063536417,3.3946869070208727,3.2072106261859585,9.879886148007591,16.362428842504745,6.703795066413658,12.634134938942355,51.98861480075902,105.02392330796991,12.0,4.599999999999999,10.540000000000004,20.5,98.0,58,0.25298381891666066,1.0,1.9999999999999991,9.399999999999995,12.5,0.04046105248778775,45,2658.8383514836914,1806.6812962687566,4465.519647752448,1066.5
389,528,153,4.907505177559318,3.3446969696969697,3.210984848484847,9.888295454545455,16.168560606060606,6.4772727272727275,9.662981437524136,52.29924242424242,99.7500777107649,12.0,4.599999999999999,10.540000000000004,20.5,95.0,59,0.25298381891666066,1.0,1.9999999999999991,9.399999999999995,12.0,0.011897215258528382,45,2591.16273375132,1478.4361599411927,4069.598893692513,1076.9
390,522,143,4.647631564257579,3.310344827586207,3.2260536398467434,9.887701149425281,16.084291187739463,6.786590038314179,9.261792778108857,52.486590038314176,99.7500777107649,12.0,4.599999999999999,10.540000000000004,20.5,94.0,59,0.3152078031366379,1.0,1.9999999999999991,9.399999999999995,12.0,0.011935275666642653,45,2426.063676542456,1324.4363672695665,3750.5000438120223,981.7
391,497,165,4.82633783915644,3.2917505030181085,3.2142857142857166,9.887243460764576,15.971830985915492,6.794768611670016,10.045474253247235,52.643863179074444,99.7500777107649,12.0,4.699999999999998,10.480000000000004,20.5,93.0,59,0.3095599633790032,1.0,1.9999999999999991,9.399999999999995,12.0,0.12353433176279016,45,2398.6899060607507,1657.5032517857937,4056.1931578465446,1128.4
392,494,146,4.904792107592663,3.2388663967611335,3.2056680161943363,9.886315789473677,15.862348178137651,6.517813765182183,8.650764346404856,52.85425101214575,99.7500777107649,12.0,4.699999999999998,10.480000000000004,20.5,92.0,59,0.27942175259015034,1.0,1.9999999999999991,9.399999999999995,12.5,0.011935275666642653,45,2422.9673011507757,1263.011594575109,3685.9788957258847,796.3
393,481,134,4.060828669099952,3.2972972972972974,3.1937629937629923,9.879002079002076,15.803534303534304,6.693762993762996,14.6925801354167,52.97089397089397,99.7500777107649,12.0,4.699999999999998,10.480000000000004,20.5,97.0,60,0.27942175259015034,1.0,1.9999999999999991,9.399999999999995,12.0,0.09825627953475591,45,1953.258589837077,1968.8057381458377,3922.0643279829146,871.3
394,466,152,4.471858453800252,3.4206008583690988,3.1755364806866933,9.881802575107299,15.722103004291846,6.659012875536482,13.939508191354967,53.10085836909871,96.60129025201708,12.0,4.699999999999998,10.480000000000004,20.0,98.0,60,0.27942175259015034,1.0,1.899999999999999,9.399999999999995,12.0,0.1534484485662464,46,2083.8860394709172,2118.805245085955,4202.691284556872,871.4
395,436,153,5.6424021920346625,3.477064220183486,3.1394495412844017,9.883165137614673,15.704128440366972,6.771100917431195,12.136805831631229,53.21559633027523,96.3073099499926,12.0,4.799999999999998,10.480000000000004,20.0,97.0,59,0.25375825094070237,1.0,1.899999999999999,9.399999999999995,12.0,0.11380778235633437,46,2460.087355727113,1856.931292239578,4317.018647966691,879.9
396,435,138,5.299755263668932,3.3586206896551722,3.1480459770114964,9.878896551724132,15.674712643678161,6.428505747126438,11.266665740946642,53.45057471264368,70.82839531119359,12.0,4.799999999999998,10.480000000000004,20.0,96.0,60,0.27942175259015034,1.0,1.899999999999999,9.399999999999995,12.0,0.06608923894379504,46,2305.3935396959855,1554.7998722506366,3860.1934119466223,678.4
397,455,127,4.81720926054142,3.230769230769231,3.1725274725274737,9.872087912087897,15.56043956043956,5.998681318681312,13.587581773065128,53.70549450549451,84.66126293138396,12.0,4.799999999999998,10.480000000000004,20.0,98.0,60,0.27942175259015034,1.0,1.899999999999999,9.399999999999995,12.0,0.0067754531038426435,46,2191.830213546346,1725.6228851792714,3917.4530987256176,565.5
398,479,135,4.199722570101056,3.127348643006263,3.2020876826722353,9.862087682672232,15.421711899791232,5.730688935281835,15.326053365657035,53.92901878914405,76.96366080428167,12.0,4.799999999999998,10.420000000000003,20.0,97.0,60,0.27745815227013076,1.0,1.899999999999999,9.399999999999995,12.0,0.026373418817610794,46,2011.6671110784055,2069.0172043637,4080.6843154421053,697.0
399,494,127,4.382776422111709,3.0931174089068825,3.2070850202429173,9.8619028340081,15.316801619433198,5.92692307692308,16.621948354400153,54.15182186234818,90.0887588640199,12.0,4.799999999999998,10.480000000000004,20.0,96.0,60,0.27745815227013076,1.0,1.899999999999999,9.399999999999995,11.5,0.02491954758674808,46,2165.0915525231844,2110.9874410088196,4276.0789935320045,788.9
400,483,135,4.831648380764549,3.1552795031055902,3.225051759834367,9.860745341614916,15.271221532091097,5.8985507246376825,16.306494831530195,54.24016563146998,95.41375174154287,12.0,4.799999999999998,10.480000000000004,20.0,98.0,60,0.2565933547044027,1.0,1.899999999999999,9.399999999999995,11.5,0.01828672062021308,46,2333.686167909277,2201.3768022565764,4535.062970165854,879.8
401,487,114,5.634946842782313,3.1806981519507187,3.2496919917864497,9.860410677618072,15.247433264887064,6.230800821355231,15.935742113772772,54.3347022587269,98.4689609954675,12.0,4.799999999999998,10.480000000000004,20.0,97.0,60,0.2565933547044027,1.0,1.899999999999999,9.399999999999995,11.5,0.14764695382322168,46,2744.219112434986,1816.674600970096,4560.893713405082,771.4
402,475,136,5.876587243480681,3.311578947368421,3.2107368421052667,9.868884210526312,15.215789473684211,6.5132631578947295,14.892835847736592,54.33052631578948,98.4689609954675,12.0,4.699999999999998,10.480000000000004,20.0,96.0,61,0.2565933547044027,1.0,1.899999999999999,9.399999999999995,11.5,0.15953764494280875,46,2791.3789406533233,2025.4256752921765,4816.8046159455,938.2
403,463,154,5.874113734298824,3.423326133909287,3.189416846652269,9.85952483801296,15.22354211663067,6.203239740820737,15.05732056879601,54.37365010799136,95.83775554784023,12.0,4.499999999999999,10.480000000000004,20.0,95.0,61,0.2565933547044027,1.0,1.899999999999999,9.399999999999995,11.5,0.1604269142216037,46,2719.7146589803556,2318.8273675945857,5038.542026574942,805.5
404,465,137,6.132500653623839,3.324731182795699,3.178709677419354,9.84658064516128,15.125806451612902,6.133763440860213,17.264239137180457,54.561290322580646,95.83775554784023,12.0,4.499999999999999,10.480000000000004,20.0,94.0,61,0.2565933547044027,1.0,1.899999999999999,9.399999999999995,11.0,0.04806052935463678,46,2851.612803935085,2365.2007617937224,5216.813565728808,601.9
405,464,138,6.396706372446294,3.4202586206896552,3.1866379310344826,9.848836206896554,15.110991379310345,6.10409482758621,18.22006532750128,54.60129310344828,95.83775554784023,12.0,4.499999999999999,10.480000000000004,20.0,95.34058296774386,61,0.2565933547044027,1.0,1.899999999999999,9.399999999999995,11.0,0.09401256538563096,46,2968.0717568150803,2514.369015195177,5482.440772010257,804.3
406,480,122,6.6614348297844606,3.4854166666666666,3.198958333333336,9.840375000000007,15.098958333333334,6.195000000000003,20.639626244380477,54.75208333333333,99.15081176801147,12.0,4.499999999999999,10.480000000000004,20.0,99.32236963700578,62,0.2565933547044027,1.0,1.899999999999999,9.339999999999995,11.0,0.08282708108898618,46,3197.4887182965413,2518.0344018144183,5715.52312011096,653.5
407,457,177,5.968027757980272,3.426695842450766,3.210065645514223,9.831422319474846,15.12253829321663,5.89431072210066,16.3714573855764,54.95404814004377,98.77334988717168,12.0,4.499999999999999,10.420000000000003,20.0,98.32236963700578,62,0.2620595190281554,1.0,1.899999999999999,9.339999999999995,11.0,0.018790320375533742,46,2727.3886853969843,2897.7479572470224,5625.136642644007,958.4
408,494,133,6.236364259236773,3.3421052631578947,3.2178137651821834,9.82510121457491,15.024291497975709,5.699797570850205,15.53092646366877,55.23481781376518,89.91887777392012,12.0,4.499999999999999,10.480000000000004,20.0,97.32236963700578,62,0.2620595190281554,1.0,1.899999999999999,9.339999999999995,10.5,0.010415754261108745,46,3080.763944062966,2065.6132196679464,5146.377163730913,571.2
409,542,122,5.827516344519516,3.2767527675276753,3.234317343173432,9.827306273062746,14.878228782287822,5.428597785977863,17.20111356105692,55.535055350553506,98.23953208641059,12.0,4.499999999999999,10.480000000000004,19.5,95.0,62,0.2620595190281554,1.0,1.899999999999999,9.339999999999995,10.0,0.04463707365664504,47,3158.513858729578,2098.5358544489445,5257.049713178522,730.9
410,557,130,5.468975103530207,3.2495511669658885,3.2355475763016193,9.82754039497308,14.847396768402154,5.50520646319569,19.220919337262366,55.66965888689408,98.23953208641059,12.0,4.499999999999999,10.480000000000004,19.5,98.0,62,0.2682257753040894,1.0,1.799999999999999,9.399999999999995,10.0,0.2620595190281554,47,3046.219132666325,2498.7195138441075,5544.938646510433,893.3
411,535,166,5.502869826896164,3.1177570093457945,3.184299065420559,9.822691588785059,14.769158878504673,5.78448598130841,16.820495641638303,55.833644859813084,94.70436384829868,12.0,4.499999999999999,10.480000000000004,19.5,97.0,62,0.2682257753040894,1.0,1.799999999999999,9.399999999999995,10.0,0.013406611279699332,47,2944.035357389448,2792.202276511958,5736.237633901406,1263.5
412,509,183,5.222241348073102,3.0589390962671907,3.1715127701375203,9.818703339882134,14.699410609037328,5.929076620825154,14.539325183771949,56.047151277013754,97.13344053894515,12.0,4.599999999999999,10.480000000000004,19.5,93.0,62,0.2682257753040894,1.0,1.799999999999999,9.399999999999995,10.0,0.13344053894514607,47,2658.120846169209,2660.6965086302666,5318.817354799476,1186.9
413,505,171,5.832552719894143,3.0435643564356436,3.1540594059405946,9.8141782178218,14.631683168316831,5.954257425742578,11.526363319875719,56.2970297029703,92.71761687600203,11.0,4.599999999999999,10.480000000000004,19.5,91.0,62,0.27124211892713324,1.0,1.799999999999999,9.399999999999995,10.0,0.008593866066266331,47,2945.4391235465423,1971.0081276987478,4916.44725124529,960.3000000000001
414,498,165,5.148029373274714,3.0562248995983934,3.1311244979919683,9.814216867469886,14.57128514056225,5.903212851405624,14.502308017506442,56.44779116465863,84.12475134858141,12.0,4.599999999999999,10.480000000000004,19.5,92.54248423785427,61,0.25439994829670304,1.0,1.799999999999999,9.399999999999995,10.0,0.01289001414092139,47,2563.718627890808,2392.8808228885628,4956.599450779371,773.9
415,510,159,4.96427069645155,3.0313725490196077,3.1480392156862753,9.808941176470588,14.551960784313726,5.6768627450980444,15.208983361441394,56.601960784313725,95.1656396655831,12.0,4.599999999999999,10.420000000000003,19.5,89.0,61,0.2504290639020506,1.0,1.799999999999999,9.399999999999995,10.0,0.09064562246978003,47,2531.77805519029,2418.228354469182,4950.006409659472,711.0
416,527,143,5.567439654883953,3.0683111954459203,3.147248576850093,9.800872865275148,14.48956356736243,5.706261859582547,14.668261804592259,56.72485768500949,90.20954369969895,12.0,4.599999999999999,10.420000000000003,19.5,95.1656396655831,62,0.2504290639020506,1.0,1.799999999999999,9.399999999999995,9.5,0.05129812016243407,47,2934.040698123843,2097.561438056693,5031.602136180536,665.1
417,519,168,4.831906819105934,3.0886319845857417,3.161271676300575,9.80080924855492,14.440269749518304,5.987090558766861,16.90762763450037,56.81888246628131,95.18649452257797,12.0,4.599999999999999,10.300000000000002,19.5,97.0,62,0.2504290639020506,1.0,1.799999999999999,9.399999999999995,9.5,0.15852822191301108,47,2507.75963911598,2840.481442596062,5348.241081712042,961.6
418,507,165,5.890152187898101,3.138067061143984,3.1570019723865874,9.79668639053254,14.350098619329389,6.144773175542408,15.992409365020972,56.980276134122285,95.18649452257797,12.0,4.599999999999999,10.300000000000002,19.0,96.0,62,0.25439994829670304,1.0,1.799999999999999,9.399999999999995,9.0,0.0017162556082024327,48,2986.3071592643373,2638.7475452284602,5625.054704492797,852.3
419,513,172,5.6600290602121275,3.120857699805068,3.1717348927875255,9.79461988304093,14.195906432748538,5.754580896686163,17.274814631332433,57.24561403508772,100.76042742849744,12.0,4.599999999999999,10.300000000000002,19.0,93.21175097628208,62,0.25439994829670304,1.0,1.799999999999999,9.339999999999995,9.0,0.0034325112164048655,48,2903.5949078888216,2971.268116589178,5874.863024478,799.0
420,523,153,6.703430053272399,3.1625239005736137,3.1967495219885254,9.795793499043965,14.1434034416826,5.477055449330783,15.849602365500656,57.380497131931165,125.22391321465501,12.0,4.599999999999999,10.300000000000002,18.0,92.21175097628208,62,0.2901019947340368,1.0,1.799999999999999,9.339999999999995,9.0,0.25439994829670304,50,3505.8939178614646,2424.9891619216005,5930.883079783065,572.9
421,539,154,6.056512631868261,3.204081632653061,3.20816326530612,9.798181818181831,14.062152133580705,5.242857142857142,17.713481819721668,57.53061224489796,91.91682343437397,13.0,4.599999999999999,10.300000000000002,18.0,98.0,63,0.2734463651328206,1.0,1.6999999999999988,9.339999999999995,9.0,0.020854856994872994,50,3264.4603085769927,2727.876200237137,5992.336508814129,815.5
422,550,149,6.357757579518966,3.287272727272727,3.200727272727273,9.797309090909096,13.965454545454545,5.46563636363636,15.77664938483871,57.72,98.08965483292192,13.0,4.599999999999999,10.300000000000002,18.0,89.65352307725828,63,0.2677768246123149,1.0,1.6999999999999988,9.339999999999995,9.0,0.10118100101100169,50,3496.7666687354313,2350.7207583409677,5847.487427076399,933.7
423,580,164,6.0084516464842075,3.310344827586207,3.189827586206899,9.793931034482773,13.86896551724138,5.2798275862068955,16.16390844060575,57.93103448275862,98.08965483292192,13.0,4.599999999999999,10.360000000000003,18.0,97.0,64,0.2677768246123149,1.0,1.6999999999999988,9.339999999999995,8.5,0.13136087572553667,50,3484.90195496084,2650.8809842593428,6135.782939220183,911.9
424,609,172,5.581850102611358,3.2725779967159276,3.181937602627258,9.789753694581288,13.734811165845649,5.090311986863713,16.666820638118104,58.185550082101805,88.69048775483725,13.0,4.599999999999999,10.360000000000003,17.5,98.08965483292192,64,0.25524627316047166,1.0,1.6999999999999988,9.339999999999995,8.5,0.03902989443899152,51,3399.346712490317,2866.6931497563137,6266.039862246631,804.8000000000001
425,627,171,5.459258067487581,3.3301435406698565,3.1931419457735233,9.789952153110052,13.605263157894736,5.279106858054229,18.81458566156009,58.44497607655502,97.71939595761337,13.0,4.599999999999999,10.360000000000003,17.5,95.0,64,0.2619537405368092,1.0,1.6999999999999988,9.339999999999995,8.5,0.04366415773774479,51,3422.9548083147133,3217.2941481267753,6640.248956441488,1014.4000000000001
426,597,187,6.06213377650589,3.407035175879397,3.190117252931323,9.800904522613079,13.541876046901173,5.454103852596315,17.542595594325995,58.61474036850921,96.4120968223468,13.0,4.599999999999999,10.360000000000003,17.5,97.71939595761337,64,0.2542725994552003,1.0,1.6999999999999988,9.339999999999995,8.5,0.01709039782080124,51,3619.093864574016,3280.4653761389613,6899.559240712977,1188.2
427,577,203,6.532621800206221,3.2911611785095323,3.180935875216638,9.801698440207986,13.421143847487002,5.224090121317155,16.33054094358454,58.835355285961874,107.99939467805501,12.0,4.599999999999999,10.360000000000003,17.5,91.0306518005777,64,0.2542725994552003,1.0,1.6999999999999988,9.339999999999995,8.5,0.07110729844925956,51,3769.3227787189894,3315.099811547662,7084.422590266651,1099.4
428,606,185,6.561057182447143,3.2508250825082508,3.1603960396039588,9.791881188118829,13.351485148514852,5.242574257425745,18.427512291663536,58.98019801980198,89.4104098262369,12.0,4.599999999999999,10.360000000000003,17.5,96.4120968223468,64,0.2542725994552003,1.0,1.6999999999999988,9.339999999999995,8.0,0.032756934201335186,51,3976.0006525629683,3409.0897739577545,7385.090426520723,846.3
429,643,174,6.676137260432753,3.2037325038880247,3.1506998444790035,9.794898911353041,13.26827371695179,5.107309486780715,18.002164151360578,59.13685847589424,112.06286792962938,13.0,4.599999999999999,10.360000000000003,17.5,95.4120968223468,65,0.2542725994552003,1.0,1.6999999999999988,9.339999999999995,7.5,0.057839843670578484,51,4292.75625845826,3132.376562336741,7425.132820795001,801.8
430,671,175,6.333181020650681,3.254843517138599,3.1412816691505205,9.801579731743677,13.19672131147541,5.084798807749624,18.951210263843915,59.30253353204173,112.06286792962938,13.0,4.599999999999999,10.360000000000003,17.5,97.0,66,0.2564393851352011,1.0,1.6999999999999988,9.339999999999995,7.5,0.047814962147236795,51,4249.564464856607,3316.4617961726854,7566.026261029292,886.7
431,665,194,6.4657004905869995,3.1924812030075187,3.146766917293233,9.802225563909776,13.079699248120301,5.1422556390977485,17.934003858621434,59.55187969924812,112.06286792962938,13.0,4.599999999999999,10.420000000000003,17.5,96.0,66,0.2564393851352011,1.0,1.6999999999999988,9.339999999999995,7.0,0.06017238225072408,51,4299.690826240355,3479.196748572558,7778.887574812913,1118.7
432,673,201,6.785647140207978,3.2719167904903417,3.1635958395245196,9.81447251114415,13.0111441307578,5.160178306092124,18.035227646981394,59.710252600297174,112.06286792962938,13.0,4.699999999999998,10.420000000000003,17.5,95.0,67,0.2542725994552003,1.0,1.799999999999999,9.279999999999994,7.0,0.016471484900373756,51,4566.740525359969,3625.0807570432603,8191.821282403229,1052.5
433,674,201,7.381017309866461,3.3397626112759644,3.156824925816025,9.814391691394665,12.985163204747774,5.2513353115726975,18.394820243077046,59.80712166172107,92.81247162553383,13.0,4.699999999999998,10.420000000000003,17.5,112.9030369302525,66,0.2542725994552003,1.0,1.6999999999999988,9.279999999999994,7.5,0.09033926223676403,51,4974.805666849995,3697.3588688584864,8672.164535708482,1083.9
434,656,240,7.427749630528934,3.347560975609756,3.1486280487804885,9.812134146341467,12.970274390243903,5.238871951219512,17.240436373711514,59.8765243902439,114.58337493149874,13.0,4.699999999999998,10.420000000000003,17.0,94.0,66,0.2542725994552003,1.0,1.6999999999999988,9.279999999999994,8.0,0.1279387282054043,52,4872.603757626981,4137.704729690763,9010.308487317743,1258.2
435,641,257,7.995198495603112,3.4773790951638066,3.130733229329172,9.804836193447752,12.912636505460219,5.247425897035884,16.13322892497249,59.968798751950075,116.21146643367966,13.0,4.699999999999998,10.420000000000003,16.5,99.0,66,0.2542725994552003,1.0,1.5999999999999988,9.279999999999994,7.5,0.08545542395367933,53,5124.922235681594,4146.239833717929,9271.162069399525,1216.9
436,650,249,7.372777936224411,3.5707692307692307,3.127538461538458,9.816769230769234,12.816923076923077,5.142615384615386,20.179316998060397,60.11692307692308,116.21146643367966,13.0,4.699999999999998,10.420000000000003,16.5,98.0,67,0.2542725994552003,1.0,1.5999999999999988,9.279999999999994,7.5,0.09319325782902954,53,4792.305658545867,5024.649932517039,9816.955591062906,1094.6000000000001
437,642,266,7.905668115975171,3.677570093457944,3.145638629283487,9.822523364485999,12.751557632398754,5.088473520249225,19.87283002877453,60.26323987538941,98.65126994599342,14.0,4.699999999999998,10.420000000000003,16.5,107.12346592198487,68,0.2611301283766687,1.0,1.5999999999999988,9.279999999999994,7.5,0.10605821608999433,53,5075.43893045606,5286.172787654025,10361.611718110085,1115.0
438,647,290,8.019233421368407,3.7187017001545595,3.1639876352395704,9.829180834621356,12.671561051004637,5.078361669242664,19.70064166616205,60.4435857805255,95.04495763390949,14.0,4.699999999999998,10.360000000000003,16.0,106.12346592198487,68,0.2736093747722875,1.0,1.5999999999999988,9.279999999999994,7.5,0.023105821608999655,54,5188.4440236253595,5713.186083186994,10901.630106812354,1233.5
439,620,309,9.099784053400889,3.6806451612903226,3.133064516129031,9.810806451612903,12.591129032258065,4.789354838709681,19.267975466766785,60.653225806451616,148.90909774801025,14.0,4.699999999999998,10.360000000000003,16.0,97.0,68,0.2522300353399221,1.0,1.5999999999999988,9.279999999999994,7.5,0.022478816954741188,54,5641.866113108551,5953.804419230937,11595.670532339489,1210.3
440,671,270,9.839835225877934,3.694485842026826,3.1400894187779405,9.810163934426237,12.476154992548436,4.681073025335325,19.567851875572256,60.868852459016395,151.0606140393453,14.0,4.699999999999998,10.360000000000003,16.0,98.0,68,0.2522300353399221,1.0,1.4999999999999987,9.279999999999994,7.0,0.008920141359688438,54,6602.529436564094,5283.320006404509,11885.849442968603,895.7
441,715,272,7.943434183783474,3.646153846153846,3.1464335664335654,9.820000000000006,12.359440559440559,4.467552447552449,23.53896704134157,61.08811188811189,94.52727987320984,14.0,4.799999999999998,10.360000000000003,16.0,99.28543401288456,69,0.29157323004666685,1.0,1.3999999999999986,9.339999999999995,7.0,0.008920141359688438,54,5679.555441405184,6402.599035244907,12082.154476650092,1119.8
442,740,271,8.792473013286111,3.558108108108108,3.1578378378378376,9.820972972972976,12.244594594594595,4.510000000000001,21.54834590941501,61.34054054054054,96.4861462208482,14.0,4.799999999999998,10.360000000000003,16.0,100.57086802576913,69,0.29157323004666685,1.0,1.3999999999999986,9.339999999999995,7.0,0.04867896479941258,54,6506.430029831722,5839.601741451467,12346.03177128319,1327.9
443,727,305,9.863524176172776,3.639614855570839,3.1793672627235177,9.835928473177466,12.200137551581843,4.651719394773041,17.91597546627437,61.4181568088033,115.44238089627089,14.0,4.799999999999998,10.360000000000003,15.5,99.57086802576913,69,0.29157323004666685,1.0,1.3999999999999986,9.279999999999994,7.0,0.10006052082731376,55,7170.7820760776085,5464.372517213683,12635.154593291292,1547.7
444,731,272,10.060377620989101,3.630642954856361,3.1685362517099853,9.828700410396724,12.121067031463749,4.727359781121751,15.77582891305103,61.585499316005475,115.44238089627089,14.0,4.799999999999998,10.360000000000003,15.5,98.57086802576913,70,0.26531283007934203,1.0,1.4999999999999987,9.279999999999994,7.0,0.10047940468235161,55,7354.136040943033,4291.02546434988,11645.161505292912,1426.5
445,758,284,9.013132572274644,3.637203166226913,3.1555408970976253,9.821662269129291,12.029683377308707,4.751715039577836,17.680104962372475,61.806068601583114,91.6453873712326,13.0,4.799999999999998,10.360000000000003,15.5,115.44238089627089,70,0.26531283007934203,1.0,1.4999999999999987,9.279999999999994,7.0,0.010915967161078122,55,6831.954489784181,5021.149809313783,11853.104299097964,1312.4
446,736,302,8.56308021036819,3.702445652173913,3.114673913043477,9.821956521739148,11.932065217391305,4.768749999999998,19.22109454564122,62.02989130434783,98.16056041136511,14.0,4.799999999999998,10.420000000000003,15.5,114.44238089627089,70,0.26531283007934203,1.0,1.4999999999999987,9.279999999999994,7.0,0.017138246745757035,55,6302.427034830988,5804.770552783648,12107.197587614635,1568.2
447,741,299,8.210912392130522,3.7341430499325234,3.0975708502024295,9.817894736842124,11.804993252361674,4.691093117408909,17.272683366517107,62.29284750337382,104.50581935161142,14.0,4.799999999999998,10.420000000000003,15.5,113.44238089627089,71,0.264886897749652,1.0,1.3999999999999986,9.279999999999994,6.5,0.025529297967251896,55,6084.286082568717,5164.5323265886145,11248.818409157331,1372.6
448,739,325,8.011837113558155,3.6292286874154263,3.0968876860622463,9.816995940460089,11.641407307171853,4.472665764546684,17.812875608659176,62.61163734776725,92.24025800835221,14.0,4.799999999999998,10.420000000000003,15.0,112.44238089627089,71,0.264886897749652,1.0,1.3999999999999986,9.279999999999994,6.0,0.04783392576691181,56,5920.747626919476,5789.1845728142325,11709.932199733708,1338.3
449,719,332,8.969941804555772,3.56884561891516,3.1108484005563275,9.820834492350494,11.569541029207233,4.603755215577191,17.81873731107675,62.76077885952712,91.00553544568251,14.0,4.799999999999998,10.420000000000003,15.0,111.44238089627089,72,0.2506448819593009,1.0,1.3999999999999986,9.279999999999994,6.0,0.03427649349151407,56,6449.3881574756,5915.820787277481,12365.208944753082,1349.8
450,708,340,9.657015746071945,3.711864406779661,3.11426553672316,9.835423728813568,11.587570621468927,4.5646892655367255,17.810310816387133,62.73163841807909,96.91468183139764,14.0,4.799999999999998,10.420000000000003,15.0,110.44238089627089,72,0.2506448819593009,1.0,1.3999999999999986,9.279999999999994,6.5,0.009453044318894932,56,6837.167148218938,6055.505677571625,12892.672825790563,1175.8
451,724,343,9.341937442793418,3.657458563535912,3.1237569060773436,9.832762430939242,11.51450276243094,4.521823204419888,19.59127186615214,62.90469613259668,115.8757839056348,14.0,4.499999999999999,10.420000000000003,15.0,98.0,72,0.2506448819593009,1.0,1.3999999999999986,9.279999999999994,7.0,0.0027677228412557042,56,6763.562708582434,6719.806250090184,13483.368958672618,1213.0
452,729,356,9.040656883396835,3.615912208504801,3.125514403292185,9.839176954732523,11.409465020576132,4.283127572016462,20.751008713133718,63.10699588477366,125.33467050397253,14.0,4.499999999999999,10.420000000000003,15.0,96.0,73,0.26254028553755593,1.0,1.4999999999999987,9.279999999999994,6.5,0.04783392576691181,56,6590.638867996293,7387.359101875603,13977.997969871896,1241.8
453,758,328,10.07568825252644,3.598944591029024,3.1093667546174126,9.84667546174144,11.371372031662268,4.446042216358839,21.19010715250198,63.18601583113456,125.33467050397253,14.0,4.499999999999999,10.480000000000004,15.0,92.0,73,0.26254028553755593,1.0,1.3999999999999986,9.279999999999994,6.5,0.0725206719566256,56,7637.371695415042,6950.355146020649,14587.726841435691,1135.1000000000001
454,728,381,9.847686517166345,3.5508241758241756,3.1175824175824194,9.844313186813201,11.251373626373626,4.212912087912088,21.223262557703883,63.456043956043956,96.15113417704174,14.0,4.499999999999999,10.480000000000004,14.5,125.33467050397253,70,0.25833412623857355,1.0,1.3999999999999986,9.279999999999994,7.0,0.005979240720864087,57,7169.115784497099,8086.063034485179,15255.178818982278,1515.6
455,766,325,10.516412800238214,3.593994778067885,3.1315926892950356,9.843028720626645,11.150130548302872,4.190992167101827,19.038188329126292,63.67624020887728,100.59530024009902,14.0,4.599999999999999,10.480000000000004,14.5,124.33467050397253,70,0.25493003429903666,1.0,1.3999999999999986,9.279999999999994,7.0,0.030052894730208557,57,8055.572204982473,6187.411206966045,14242.983411948517,1084.9
456,764,344,9.966090567158588,3.575916230366492,3.11256544502618,9.836727748691112,11.068717277486911,4.474083769633509,20.20429265407939,63.839005235602095,97.27652585648087,14.0,4.599999999999999,10.480000000000004,14.5,123.33467050397253,71,0.25493003429903666,1.0,1.3999999999999986,9.279999999999994,7.0,0.03434391942287962,57,7614.093193309161,6950.27667300331,14564.36986631247,1453.2
457,726,377,9.664256542160224,3.517906336088154,3.0871900826446295,9.834214876033064,10.899449035812673,4.438429752066117,21.901009257898217,64.16804407713498,128.01813944459855,13.0,4.599999999999999,10.540000000000004,14.5,112.8757839056348,71,0.25833412623857355,1.0,1.4999999999999987,9.279999999999994,7.0,0.018512884706376687,57,7016.250249608323,8256.680490227627,15272.93073983595,1628.1
458,729,339,10.350922269984247,3.6035665294924555,3.0727023319615867,9.83259259259261,10.820987654320987,4.3606310013717415,20.11917713771504,64.32510288065843,128.01813944459855,13.0,4.499999999999999,10.540000000000004,14.5,98.0,72,0.2828296134994439,1.0,1.4999999999999987,9.219999999999994,7.0,0.02904146043314526,57,7545.8223348185165,6820.401049685399,14366.223384503915,1176.2
459,722,362,10.781701409389322,3.693905817174515,3.076869806094183,9.8345429362881,10.71606648199446,4.169806094182826,19.754071030637917,64.55124653739612,137.43710967078778,13.0,4.499999999999999,10.540000000000004,14.5,100.38271614251988,72,0.2735486857240522,1.0,1.4999999999999987,9.219999999999994,7.0,0.006273250940145303,57,7784.388417579091,7150.973713090926,14935.362130670017,1349.0
460,719,383,10.294722349938011,3.6995827538247568,3.0788595271210037,9.85454798331016,10.642559109874826,4.175382475660642,21.31972601945558,64.70653685674549,119.26966710856283,13.0,4.3999999999999995,10.600000000000005,14.5,137.43710967078778,72,0.2735486857240522,1.0,1.4999999999999987,9.219999999999994,7.0,0.008494647291765078,57,7401.90536960543,8165.455065451487,15567.360435056917,1364.7
461,683,421,11.1245742338284,3.8667642752562226,3.068667642752563,9.85882869692534,10.60614934114202,4.239970717423133,20.518575094231505,64.77891654465593,119.26966710856283,13.0,4.499999999999999,10.600000000000005,14.0,136.43710967078778,72,0.26478454916233485,1.0,1.4999999999999987,9.219999999999994,7.0,0.019720137196146625,58,7598.084201704796,8638.320114671464,16236.40431637626,1508.2
462,685,374,10.965000398410654,3.988321167883212,3.081605839416056,9.863970802919715,10.497080291970804,3.9423357664233563,20.57983841440073,65.0058394160584,105.32405918891257,13.0,4.499999999999999,10.600000000000005,14.0,135.43710967078778,72,0.2519850580042462,1.0,1.4999999999999987,9.219999999999994,7.0,0.016103882717189544,58,7511.025272911298,7696.859566985873,15207.884839897171,1050.8
463,734,318,11.47404790652426,4.024523160762943,3.1073569482288845,9.865449591280663,10.420299727520437,4.016076294277931,22.94045643676828,65.15940054495913,118.74133347226973,14.0,4.499999999999999,10.600000000000005,14.0,134.43710967078778,72,0.2519850580042462,1.0,1.5999999999999988,9.219999999999994,7.0,0.003227533866894561,58,8421.951163388807,7295.065146892313,15717.01631028112,913.7
464,761,317,10.989167315101772,4.0026281208935615,3.1040735873850194,9.86249671484889,10.314060446780552,3.9645203679369203,23.79023422729889,65.3718791064389,166.07978286603006,14.0,4.499999999999999,10.600000000000005,14.0,114.80084025230133,73,0.2519850580042462,1.0,1.5999999999999988,9.219999999999994,6.5,0.04694634894242844,58,8362.756326792449,7541.5042500537475,15904.260576846196,1217.9
465,742,372,10.862115538305884,4.014824797843666,3.0936657681940676,9.860188679245292,10.172506738544474,3.8853099730458243,21.488309103905422,65.65498652291105,120.40426425714288,14.0,4.499999999999999,10.540000000000004,14.0,139.74948294465682,73,0.2540259706792974,1.0,1.5999999999999988,9.159999999999993,6.5,0.1687422468273856,58,8059.689729422967,7993.650986652818,16053.340716075785,1487.1000000000001
466,746,333,11.005331682511517,4.044235924932976,3.1026809651474565,9.859812332439688,10.049597855227882,3.998123324396782,20.504664288119972,65.90080428954424,140.17531533768272,14.0,4.499999999999999,10.540000000000004,14.0,120.40426425714288,74,0.2624620119021632,1.0,1.5999999999999988,9.159999999999993,6.0,0.0031680584441236004,58,8209.977435153593,6828.053207943951,15038.030643097543,1179.8
467,710,412,10.722444366295678,3.9690140845070423,3.119859154929578,9.860225352112689,9.945070422535212,3.8707042253521124,18.730087208515922,66.10985915492958,220.89617563533605,14.0,4.499999999999999,10.540000000000004,14.0,116.3465167932667,74,0.2507920146110309,1.0,1.6999999999999988,9.219999999999994,6.0,0.1058730798522598,58,7612.935500069931,7716.79592990856,15329.73142997849,1502.1
468,712,352,11.088643172408123,3.8820224719101124,3.1280898876404475,9.855140449438204,9.832162921348315,3.825140449438201,18.23365357946758,66.33567415730337,220.89617563533605,14.0,4.499999999999999,10.540000000000004,14.0,115.3465167932667,75,0.2507920146110309,1.0,1.6999999999999988,9.159999999999993,5.5,0.040876379018304654,58,7895.113938754584,6418.246059972587,14313.35999872717,1153.4
469,732,365,10.403693879573598,3.7950819672131146,3.1337431693989077,9.850737704918034,9.799180327868852,3.5943989071038263,19.337333599515645,66.40163934426229,220.89617563533605,14.0,4.499999999999999,10.540000000000004,14.0,117.9199836574022,75,0.2507920146110309,1.0,1.6999999999999988,9.159999999999993,5.5,0.09520386292264593,58,7615.5039198478735,7058.126763823211,14673.630683671085,995.9
470,762,349,10.069399501071603,3.921259842519685,3.1509186351706036,9.85055118110237,9.721128608923884,3.651837270341208,21.380086605258494,66.55774278215223,221.85495163660258,14.0,4.599999999999999,10.540000000000004,13.5,116.9199836574022,75,0.2507920146110309,1.0,1.6999999999999988,9.159999999999993,5.5,0.024475432685905796,59,7672.882419816561,7461.650225235215,15134.532645051775,1124.4
471,778,369,9.749406438148647,3.861182519280206,3.1407455012853465,9.85478149100257,9.52956298200514,3.6611825192802048,21.504481248494418,66.94087403598972,116.28420895509457,14.0,4.599999999999999,10.540000000000004,13.0,221.85495163660258,75,0.2507920146110309,1.0,1.6999999999999988,9.159999999999993,5.5,0.027381989228878023,60,7585.038208879648,7935.15358069444,15520.191789574088,1240.0
472,790,343,10.598242275769119,3.8544303797468356,3.1454430379746827,9.853721518987344,9.454430379746835,3.906329113924053,22.544870812003946,67.09113924050632,158.7690750001866,14.0,4.499999999999999,10.540000000000004,13.0,220.85495163660258,75,0.25168429122509856,1.0,1.6999999999999988,9.159999999999993,5.5,0.02387521710517726,60,8372.611397857603,7732.890688517354,16105.502086374956,1198.0
473,730,433,11.427061621157911,3.878082191780822,3.1469863013698665,9.848356164383562,9.419178082191781,3.765068493150687,18.480231369357302,67.16164383561645,222.9286165747011,14.0,4.499999999999999,10.540000000000004,13.0,113.9199836574022,75,0.25168429122509856,1.0,1.6999999999999988,9.159999999999993,5.5,0.09475703065983776,60,8341.754983445275,8001.940182931711,16343.695166376987,1533.6000000000001
474,734,376,11.765681750741264,3.8474114441416893,3.1224795640327008,9.845095367847419,9.286103542234333,3.6579019073569494,17.49539049254673,67.42779291553134,116.39384811346412,15.0,4.499999999999999,10.600000000000005,13.0,112.9199836574022,75,0.25168429122509856,1.0,1.5999999999999988,9.159999999999993,5.5,0.027516711465864763,60,8636.010405044088,6578.26682519757,15214.277230241658,1026.6000000000001
475,742,413,10.754705507034028,3.9150943396226414,3.1293800539083576,9.846442048517526,9.183962264150944,3.628167115902964,18.748174288279984,67.63207547169812,135.77248075661703,15.0,4.499999999999999,10.600000000000005,13.0,135.4620176002918,75,0.25168429122509856,1.0,1.5999999999999988,9.159999999999993,5.5,0.055033422931729525,60,7979.991486219249,7742.995981059633,15722.987467278883,1273.6
476,750,398,10.706405028580413,3.8586666666666667,3.1416000000000026,9.84632000000001,9.079333333333333,3.561733333333334,20.03115299782981,67.84133333333334,141.83200787219698,15.0,4.499999999999999,10.540000000000004,12.5,107.68005378368613,76,0.25168429122509856,1.0,1.4999999999999987,9.159999999999993,5.0,0.04051051954132845,61,8029.8037714353095,7972.398893136265,16002.202664571574,1067.8
477,752,415,9.726854978719059,3.851063829787234,3.139893617021281,9.839707446808516,8.889627659574469,3.45784574468085,21.624093129294305,68.22074468085107,135.77248075661703,15.0,4.499999999999999,10.540000000000004,12.5,107.24612685406132,76,0.2695626451901583,1.0,1.4999999999999987,9.159999999999993,5.0,0.08932212049123356,61,7314.594943996733,8973.998648657136,16288.59359265387,1134.6000000000001
478,708,440,12.216887939243808,3.9533898305084745,3.123022598870061,9.837288135593218,8.811440677966102,3.4644067796610165,19.641328024915932,68.37711864406779,135.77248075661703,15.0,4.499999999999999,10.540000000000004,12.5,106.24612685406132,76,0.2735027279245802,1.0,1.4999999999999987,9.099999999999993,5.0,0.006737164900394221,61,8649.556660984616,8642.18433096301,17291.740991947627,1346.5
479,705,428,12.371883801938026,4.029787234042553,3.111063829787234,9.84102127659574,8.712056737588652,3.299999999999998,22.113972494450987,68.57588652482269,136.90810453277845,16.0,4.499999999999999,10.540000000000004,12.5,135.77248075661703,76,0.26669450269106915,1.0,1.4999999999999987,9.099999999999993,5.0,0.026049194182313773,61,8722.178080366308,9464.780227625022,18186.95830799133,1046.0
480,713,443,11.80713744988511,4.14726507713885,3.1248246844319825,9.860392706872366,8.635343618513325,3.193267882187939,23.46919071703045,68.72931276297335,98.98582186919532,16.0,4.499999999999999,10.540000000000004,12.5,151.9420870422943,77,0.26669450269106915,1.0,1.4999999999999987,9.099999999999993,4.5,0.02512953223691361,61,8418.489001768083,10396.85148764449,18815.34048941257,1148.8
481,743,424,13.071085757041212,4.048452220726784,3.1236877523553193,9.858196500672959,8.470390309555855,3.1386271870794085,22.86865103526913,69.0592193808883,110.64680600335441,16.0,4.499999999999999,10.540000000000004,12.5,150.9420870422943,77,0.30853080804428035,1.0,1.4999999999999987,9.099999999999993,4.5,0.008083463553989478,61,9711.81671748162,9696.308038954112,19408.124756435733,1018.6
482,714,471,13.6706594562018,3.9635854341736696,3.114425770308125,9.855546218487389,8.359943977591037,3.108263305322128,22.38409687815593,69.28011204481793,110.64680600335441,16.0,4.499999999999999,10.540000000000004,12.5,149.9420870422943,77,0.2926749707235421,1.0,1.4999999999999987,9.159999999999993,4.5,0.01670910799419989,61,9760.850851728086,10542.909629611442,20303.76048133953,1317.5
483,685,504,12.605032324412276,4.086131386861314,3.1175182481751817,9.859941605839419,8.287591240875912,2.9200000000000013,25.48626988849233,69.42481751824818,110.64680600335441,17.0,4.499999999999999,10.540000000000004,12.0,148.9420870422943,77,0.2926749707235421,1.0,1.4999999999999987,9.099999999999993,4.5,0.0458687706650629,62,8634.447142222409,12845.080023800134,21479.52716602254,1146.6
484,690,487,14.645357416361096,4.043478260869565,3.131159420289855,9.869217391304353,8.168840579710144,3.0495652173913053,26.01272297954916,69.66231884057972,147.22615652633453,17.0,4.499999999999999,10.600000000000005,12.0,147.9420870422943,78,0.2926749707235421,1.0,1.4999999999999987,9.099999999999993,4.0,0.026428617350668926,62,10105.296617289156,12668.196091040441,22773.4927083296,1033.5
485,692,496,14.76585166061549,3.9696531791907512,3.120664739884394,9.864739884393073,8.082369942196532,3.178612716763008,27.147855021766073,69.83526011560694,156.86427938219907,17.0,4.499999999999999,10.600000000000005,11.5,129.77248075661703,78,0.3135862826541685,1.0,1.4999999999999987,9.099999999999993,4.0,0.014169160109089418,63,10217.96934914592,13465.336090795972,23683.30543994189,1068.7
486,676,525,14.944480902623717,3.9038461538461537,3.0995562130177525,9.853461538461541,8.008136094674557,3.0392011834319526,27.60174702163052,69.98372781065089,147.22615652633453,18.0,4.3999999999999995,10.600000000000005,11.5,156.86427938219907,78,0.25199942251407137,1.0,1.3999999999999986,9.099999999999993,4.0,0.1277100602605996,63,10102.469090173632,14490.917186356022,24593.386276529654,1158.1000000000001
487,727,504,15.694401015646473,3.8665749656121045,3.0913342503438797,9.845997248968374,7.898899587345254,2.8273727647867943,27.811936928529878,70.20220082530949,147.22615652633453,18.0,4.3999999999999995,10.600000000000005,11.5,235.53908512917542,79,0.25199942251407137,1.0,1.3999999999999986,9.099999999999993,3.5,0.04060343267867372,63,11409.829538374986,14017.21621197906,25427.045750354046,867.7
488,723,494,17.184563269599575,3.9419087136929463,3.0857538035961265,9.836265560165982,7.869294605809128,2.998616874135545,27.769362181328255,70.26141078838174,162.76608596800423,18.0,4.3999999999999995,10.600000000000005,11.5,234.53908512917542,78,0.27555839623288225,1.0,1.3999999999999986,9.159999999999993,4.0,0.0015127296440091698,63,12424.439243920493,13718.064917576157,26142.50416149665,1137.8
489,695,549,16.139723961539783,3.971223021582734,3.102877697841722,9.848489208633104,7.8,2.9587050359712226,28.12021448273908,70.4,144.7825174333402,18.0,4.3,10.600000000000005,11.5,233.53908512917542,79,0.2678825093015544,1.0,1.3999999999999986,9.159999999999993,3.5,0.014169160109089418,63,11217.108153270148,15437.997751023755,26655.1059042939,1287.7
490,694,549,17.515480743910366,4.038904899135447,3.096109510086457,9.85207492795391,7.667867435158501,2.901440922190203,29.01096919490161,70.664265129683,247.54008864888348,18.0,4.3,10.600000000000005,11.0,145.80887589781796,80,0.2833041590579256,1.0,1.5999999999999988,9.159999999999993,3.0,0.07391539575593908,64,12155.743636273795,15927.022088000984,28082.76572427478,1038.8
491,714,550,16.122892268490393,3.969187675070028,3.0970588235294083,9.856890756302523,7.598739495798319,2.6641456582633047,31.628527539250527,70.80252100840336,179.78160226611067,17.0,4.3999999999999995,10.660000000000005,10.5,144.80887589781796,81,0.2818114368342084,1.0,1.5999999999999988,9.159999999999993,2.5,0.02378883135282761,65,11511.745079702141,17395.69014658779,28907.43522628993,975.0
492,722,546,18.389721863949458,3.9487534626038783,3.080609418282548,9.842770083102506,7.530470914127424,2.702631578947368,30.470140014950687,70.93905817174515,165.35919709849674,17.0,4.3999999999999995,10.600000000000005,10.5,179.78160226611067,80,0.25289328942380174,1.0,1.5999999999999988,9.159999999999993,3.0,0.05738328007908322,65,13277.37918577151,16636.696448163075,29914.075633934583,933.3000000000001
493,725,522,20.318391643358105,4.118620689655172,3.0879999999999996,9.860137931034494,7.4703448275862065,2.959172413793102,30.36394769352606,71.05931034482758,248.5401020162675,18.0,4.3,10.660000000000005,10.5,178.78160226611067,79,0.2622796232434542,1.0,1.5999999999999988,9.159999999999993,3.5,0.009000532988861387,65,14730.833941434626,15849.980696020604,30580.81463745523,1096.7
494,697,573,20.180509653637134,4.1506456241033,3.098134863701579,9.878622668579643,7.4418938307030125,2.8434720229555244,30.02798995900158,71.11621233859397,249.42076235123216,18.0,4.3,10.660000000000005,10.5,141.7275077254966,79,0.2622796232434542,1.0,1.5999999999999988,9.219999999999994,3.5,0.029731924064733573,65,14065.815228585083,17206.038246507906,31271.85347509299,1067.5
495,705,568,20.09611589300302,4.286524822695036,3.0990070921985793,9.87872340425532,7.309219858156029,2.8129078014184388,32.45825970078614,71.38156028368795,249.42076235123216,18.0,4.3,10.660000000000005,10.5,160.17923114062665,80,0.2622796232434542,1.0,1.5999999999999988,9.219999999999994,3.0,0.05078725622457325,65,14167.76170456713,18436.291510046525,32604.053214613654,993.6
496,698,586,19.970933762400126,4.306590257879656,3.080659025787966,9.863581661891127,7.196275071633238,2.7190544412607456,32.92774177660226,71.60744985673352,249.42076235123216,18.0,4.3,10.600000000000005,10.5,159.17923114062665,80,0.2717202068409026,1.0,1.6999999999999988,9.159999999999993,3.0,0.023452503719209705,65,13939.711766155287,19295.656681088924,33235.36844724421,1017.8000000000001
497,710,592,20.58550900498132,4.311267605633803,3.073802816901408,9.844422535211276,7.126760563380282,2.495915492957746,33.164950595181026,71.74647887323944,205.14585732768572,18.0,4.3,10.600000000000005,10.5,249.42076235123216,80,0.2824104585317087,1.0,1.6999999999999988,9.099999999999993,3.0,0.06413006280225275,65,14615.711393536736,19633.650752347166,34249.362145883904,773.2
498,753,559,21.521584852840853,4.330677290836653,3.0759628154050467,9.854581673306766,7.01726427622842,2.595750332005312,34.065289636190606,71.96547144754317,254.97568063646108,18.0,4.3,10.660000000000005,10.0,184.61235570636302,80,0.2824104585317087,1.0,1.5999999999999988,9.099999999999993,3.0,0.002576037097606898,66,16205.753394189162,19042.49690663055,35248.25030081971,779.0
499,697,608,21.623345342544226,4.397417503586801,3.093400286944046,9.865365853658542,6.936872309899569,2.7131994261119075,35.342496401094365,72.12625538020086,254.97568063646108,18.0,4.3999999999999995,10.720000000000006,10.0,205.14585732768572,81,0.29051307316463587,1.0,1.5999999999999988,9.159999999999993,2.5,0.018517107849821635,66,15071.471703753326,21488.237811865376,36559.7095156187,1273.4
500,683,648,21.66406699682623,4.4202049780380674,3.1096632503660318,9.865241581259154,6.890190336749634,2.600146412884335,35.16415411009679,72.21961932650073,154.4573241848277,18.0,4.3999999999999995,10.660000000000005,10.0,254.97568063646108,80,0.29051307316463587,1.0,1.6999999999999988,9.159999999999993,3.0,0.06446937902914396,66,14796.557758832314,22786.37186334272,37582.929622175034,1052.6
501,670,639,23.60113561384472,4.42089552238806,3.1247761194029815,9.87955223880597,6.893283582089552,2.6646268656716434,35.849219220765974,72.2134328358209,182.87130282537527,18.0,4.3999999999999995,10.720000000000006,10.0,253.97568063646108,80,0.3151382231688714,1.0,1.6999999999999988,9.099999999999993,3.0,0.007184868250134091,66,15812.760861275961,22907.651082069457,38720.41194334542,801.2
502,644,690,22.69168632772544,4.15527950310559,3.106211180124221,9.877111801242249,6.7437888198757765,2.586490683229813,36.631957136696414,72.51242236024845,228.8434142751285,18.0,4.3999999999999995,10.720000000000006,10.0,252.97568063646108,80,0.3746770219140913,1.0,1.6999999999999988,9.099999999999993,3.0,0.028871370308749977,66,14613.445995055183,25276.050424320525,39889.496419375704,1032.8
503,614,706,23.03219494996555,4.037459283387622,3.0843648208469037,9.872182410423456,6.567589576547231,2.5858306188925084,38.77684863110494,72.86482084690553,185.6582608455837,18.0,4.3999999999999995,10.660000000000005,9.5,251.97568063646108,80,0.25812076222090324,1.0,1.5999999999999988,9.099999999999993,3.0,0.07847062219175638,67,14141.767699278847,27376.455133560088,41518.22283283893,941.4000000000001
504,612,722,25.040023738878382,4.117647058823529,3.085130718954247,9.874411764705878,6.4566993464052285,2.5217320261437894,38.37586969860882,73.08660130718954,219.1086434994275,18.0,4.3999999999999995,10.660000000000005,9.5,250.97568063646108,80,0.2504933273150737,1.0,1.5999999999999988,9.039999999999992,3.0,0.04739575984189859,67,15324.49452819357,27707.377922395564,43031.87245058914,844.0
505,632,702,27.082619589532783,4.181962025316456,3.069462025316457,9.879525316455702,6.271360759493671,2.274841772151898,39.085097197454324,73.45727848101266,227.60462479717017,18.0,4.499999999999999,10.720000000000006,9.5,249.97568063646108,80,0.25812076222090324,1.0,1.4999999999999987,9.039999999999992,3.0,0.001973309260294709,67,17116.215580584718,27437.738232612934,44553.95381319765,586.6
506,645,689,27.42602223489005,4.105426356589147,3.0658914728682163,9.882139534883725,6.167441860465116,2.295968992248063,40.827048764145275,73.66511627906976,281.0399403558363,18.0,4.499999999999999,10.720000000000006,9.5,323.2266445837995,81,0.25812076222090324,1.0,1.4999999999999987,9.039999999999992,2.5,0.11561388029207587,67,17689.78434150408,28129.836598496095,45819.620940000175,725.3000000000001
