Turn,#animals,#food,avgAE,avgET,avgH,avgV,avgML,avgL,avgFE,avgGen,maxAE,maxET,maxH,maxV,maxML,maxFE,maxGen,minAE,minET,minH,minV,minML,minFE,minGen,totalAE,totalFE,totalE,totalCombat
0,100,600,11.68,46.72,5.11,11.98,27.75,0.0,50.906666666666666,0.0,24.75,99.0,9.0,14.0,49.0,99.0,0,0.25,1.0,1.0,10.0,1.0,1.0,0,1168.0,30544.0,31712.0,0.0
1,98,1138,44.93112244897959,47.357142857142854,5.061224489795919,11.979591836734693,28.285714285714285,1.9081632653061225,49.95760105448154,0.0,108.75,99.0,9.0,14.0,49.0,100.5,0,0.5,1.0,1.0,10.0,4.0,1.0,0,4403.25,56851.75,61255.0,96.0
2,114,1134,48.58826754385965,45.94736842105263,5.024561403508773,12.008771929824562,28.57894736842105,3.6842105263157894,49.29106040564374,0.18421052631578946,170.75,99.0,9.0,14.06,49.0,108.75,1,0.5,1.0,0.9,9.94,3.5,1.0,0,5539.0625,55896.0625,61435.125,215.0
3,144,1120,46.399197048611114,43.88194444444444,5.011111111111112,12.069444444444445,29.194444444444443,3.875,48.86501116071429,0.4027777777777778,178.5,99.0,9.1,14.06,49.0,107.75,2,0.5,1.0,0.9,9.94,3.0,1.0,0,6681.484375,54728.8125,61410.296875,164.0
4,168,1099,51.20517113095238,44.720238095238095,5.111904761904763,12.038571428571426,28.75297619047619,3.794642857142857,48.58851797088262,0.6011904761904762,166.125,100.0,9.1,14.06,49.5,119.125,3,1.109375,1.0,0.9,9.94,2.5,0.5,0,8602.46875,53398.78125,62001.25,229.6
5,203,1084,50.76568272783251,42.62068965517241,5.092118226600987,12.043251231527092,29.15024630541872,4.296059113300493,48.17387857472325,0.8374384236453202,162.5,100.0,9.1,14.120000000000001,49.5,118.125,3,1.109375,1.0,0.9,9.879999999999999,2.5,1.0,0,10305.43359375,52220.484375,62525.91796875,302.90000000000003
6,244,1046,53.45310098616803,41.971311475409834,5.242622950819673,12.08040983606557,29.223360655737704,4.34672131147541,47.620458891013385,1.0081967213114753,169.3125,100.0,9.1,14.120000000000001,49.5,117.125,3,2.703125,1.0,0.9,9.879999999999999,3.0,1.0,0,13042.556640625,49811.0,62853.556640625,323.40000000000003
7,300,997,53.72437174479167,40.156666666666666,5.157666666666665,12.035733333333331,29.041666666666668,4.201666666666666,47.52018555667001,1.2366666666666666,177.078125,100.0,9.1,14.120000000000001,49.5,120.21875,4,1.9921875,1.0,0.8,9.879999999999999,3.0,0.109375,0,16117.3115234375,47377.625,63494.9365234375,324.0
8,350,951,54.77558733258929,39.28,5.267714285714288,12.04845714285714,29.495714285714286,5.2782857142857145,46.88102983701367,1.4428571428571428,217.1875,100.0,9.1,14.120000000000001,49.5,132.25,4,2.703125,1.0,0.8,9.879999999999999,3.5,0.5,0,19171.45556640625,44583.859375,63755.31494140625,683.4000000000001
9,404,912,51.48977510055693,40.745049504950494,5.256930693069304,12.02900990099009,30.24009900990099,6.549752475247524,46.91602419133772,1.6237623762376239,197.5,100.0,9.2,14.180000000000001,49.5,188.375,4,2.703125,2.0,0.8,9.879999999999999,4.0,1.0,0,20801.869140625,42787.4140625,63589.283203125,1062.5
10,434,831,51.276914535030244,39.73271889400922,5.310599078341012,12.049354838709675,30.83294930875576,7.529493087557604,47.98015615598676,1.7649769585253456,192.328125,100.0,9.2,14.180000000000001,49.5,187.375,4,2.884765625,3.0,0.8,9.879999999999999,4.0,1.0,0,22254.180908203125,39871.509765625,62125.690673828125,1339.0
11,485,741,52.485052804848586,39.263917525773195,5.401855670103093,12.028865979381445,31.00618556701031,8.979587628865978,48.060225307860996,1.9484536082474226,205.8125,100.0,9.2,14.240000000000002,49.5,186.375,4,2.1204833984375,3.0,0.8,9.819999999999999,4.0,1.0,0,25455.250610351562,35612.626953125,61067.87756347656,1492.7
12,487,699,52.89757248018801,39.35318275154004,5.4903490759753595,12.05383983572895,32.00102669404517,10.658316221765915,48.41251173551502,2.106776180698152,205.8125,100.0,9.2,14.240000000000002,49.5,185.375,4,1.5908203125,3.0,0.8,9.819999999999999,4.0,0.96875,0,25761.117797851562,33840.345703125,59601.46350097656,2230.7999999999997
13,485,678,49.41144881100999,39.24742268041237,5.535876288659793,12.088123711340193,32.66907216494845,10.93711340206186,50.39504977876106,2.2494845360824742,189.6796875,100.0,9.2,14.240000000000002,49.5,205.8125,5,2.0126953125,3.0,0.8,9.819999999999999,4.0,0.181640625,0,23964.552673339844,34167.84375,58132.396423339844,2208.3
14,508,630,48.70663187822958,38.30708661417323,5.524212598425192,12.118307086614175,33.261811023622045,11.185039370078735,51.18978562127976,2.4350393700787403,220.86328125,100.0,9.2,14.240000000000002,49.5,204.8125,5,1.53509521484375,2.0,0.8,9.819999999999999,4.0,0.140625,0,24742.968994140625,32249.56494140625,56992.533935546875,1839.4
15,512,609,46.11813861131668,37.080078125,5.5914062499999915,12.117890625000001,33.958984375,10.906054687499992,52.616451871023195,2.611328125,165.322265625,100.0,9.2,14.240000000000002,49.5,203.8125,5,1.5673828125,2.0,0.8,9.819999999999999,4.0,1.0,0,23612.48696899414,32043.419189453125,55655.906158447266,2056.4
16,567,549,44.90189984572207,36.495590828924165,5.615520282186948,12.080388007054669,33.72927689594356,11.224162257495585,52.24831147185223,2.800705467372134,184.078125,100.0,9.2,14.240000000000002,49.5,202.8125,6,1.4272003173828125,3.0,0.7000000000000001,9.819999999999999,4.0,0.6240234375,0,25459.377212524414,28684.322998046875,54143.70021057129,1886.2
17,578,522,44.72260982025041,35.59688581314879,5.673356401384083,12.059965397923879,33.188581314878896,11.275259515570932,51.94087722018304,2.9965397923875434,281.5028076171875,100.0,9.299999999999999,14.240000000000002,49.5,184.078125,6,1.266021728515625,3.0,0.7000000000000001,9.819999999999999,4.0,1.0,0,25849.668476104736,27113.137908935547,52962.80638504028,2383.4
18,601,480,44.759724761404335,35.95341098169717,5.766555740432612,12.132778702163066,33.87271214642263,12.43910149750415,51.42561521530151,3.1430948419301163,255.796875,100.0,9.299999999999999,14.240000000000002,49.5,213.956298828125,7,1.330474853515625,3.0,0.7000000000000001,9.819999999999999,4.0,1.0,0,26900.594581604004,24684.295303344727,51584.88988494873,2628.7
19,591,463,46.12766241986941,36.98646362098139,5.809813874788501,12.125076142131977,34.89424703891709,12.959729272419628,49.40092182365401,3.245346869712352,218.785888671875,100.0,9.299999999999999,14.240000000000002,50.0,212.956298828125,7,1.4272003173828125,3.0,0.7000000000000001,9.819999999999999,4.0,1.0,0,27261.448490142822,22872.626804351807,50134.07529449463,2826.5
20,598,450,43.69695349919756,36.82775919732441,5.889464882943143,12.102809364548492,35.80434782608695,12.832943143812711,49.78825887891981,3.4448160535117056,224.619140625,100.0,9.2,14.240000000000002,50.0,214.0947265625,7,1.4272003173828125,2.0,0.7000000000000001,9.819999999999999,4.0,0.033050537109375,0,26130.77819252014,22404.716495513916,48535.49468803406,2615.6
21,595,427,42.372811482533685,36.22016806722689,5.872605042016802,12.072000000000006,36.17058823529412,11.965546218487399,51.722780991493956,3.650420168067227,235.79052734375,98.0,9.2,14.240000000000002,50.0,218.785888671875,8,1.4272003173828125,2.0,0.8,9.819999999999999,6.5,0.037109375,0,25211.822832107544,22085.62748336792,47297.450315475464,2544.7
22,639,376,41.533402077282354,35.6150234741784,5.9798122065727695,12.087480438184654,36.48982785602504,12.575273865414703,51.8053574308436,3.8137715179968703,198.578125,98.0,9.2,14.240000000000002,50.0,217.785888671875,8,0.9107437133789062,2.0,0.8,9.819999999999999,6.5,1.0,0,26539.843927383423,19478.814393997192,46018.658321380615,2337.3
23,656,339,40.90286426609609,34.795731707317074,6.053353658536581,12.097256097560972,37.270579268292686,13.923780487804882,52.185784790016555,3.951219512195122,205.78656005859375,98.0,9.2,14.300000000000002,50.0,216.785888671875,8,1.302978515625,2.0,0.7000000000000001,9.819999999999999,6.5,0.1646728515625,0,26832.278958559036,17690.981043815613,44523.26000237465,3110.1
24,653,347,38.81241558868706,34.53445635528331,6.049617151607963,12.075222052067383,37.72128637059724,14.60229709035223,51.54411167507556,4.073506891271057,259.88232421875,97.0,9.2,14.300000000000002,50.0,207.956298828125,8,1.302978515625,2.0,0.7000000000000001,9.819999999999999,7.0,0.1832427978515625,1,25344.50737941265,17885.80675125122,43230.31413066387,3597.3
25,650,330,38.23840943767474,33.78769230769231,6.046923076923075,12.085476923076921,37.90384615384615,15.066153846153851,51.92102719220248,4.272307692307693,193.03273010253906,96.0,9.2,14.300000000000002,50.0,259.88232421875,8,0.9107437133789062,2.0,0.7000000000000001,9.819999999999999,7.0,1.8013916015625,1,24854.966134488583,17133.93897342682,41988.9051079154,3280.5
26,668,293,39.58020771468828,33.456586826347305,6.104491017964073,12.093802395209583,37.87874251497006,15.152395209580835,48.33677091370671,4.4446107784431135,298.18212890625,96.0,9.2,14.300000000000002,50.0,185.26300048828125,8,0.8571000099182129,2.0,0.7000000000000001,9.819999999999999,10.0,0.9722900390625,1,26439.57875341177,14162.673877716064,40602.252631127834,2853.2
27,668,278,37.82009746758881,32.368263473053894,6.183982035928147,12.142395209580844,37.974550898203596,14.955089820359277,50.853254036937685,4.631736526946108,298.18212890625,95.0,9.2,14.300000000000002,50.0,184.26300048828125,8,0.8571000099182129,2.0,0.7000000000000001,9.819999999999999,11.0,0.8623199462890625,1,25263.825108349323,14137.204622268677,39401.029730618,2969.5
28,655,282,36.66750815924797,31.844274809160304,6.275114503816794,12.14268702290077,38.3206106870229,15.067633587786256,50.69565291311724,4.789312977099237,298.18212890625,95.0,9.2,14.300000000000002,50.0,202.7333984375,8,0.5193496942520142,2.0,0.8,9.819999999999999,11.0,0.3814210891723633,1,24017.217844307423,14296.174121499062,38313.391965806484,3238.8
29,648,263,36.84764718195355,31.699074074074073,6.2964506172839485,12.13555555555556,38.766975308641975,15.483333333333338,50.54247645325534,4.907407407407407,213.50244140625,92.0,9.299999999999999,14.300000000000002,50.0,184.31851196289062,9,0.5193496942520142,1.0,0.8,9.819999999999999,11.0,0.7142000198364258,1,23877.275373905897,13292.671307206154,37169.94668111205,3359.0
30,651,260,34.98543267814978,31.118279569892472,6.309677419354842,12.14470046082949,39.274961597542244,15.83548387096773,50.88186761461771,5.052227342549923,200.4784927368164,93.0,9.399999999999999,14.300000000000002,50.0,213.50244140625,9,0.5193496942520142,1.0,0.8,9.819999999999999,11.0,0.984619140625,1,22775.516673475504,13229.285579800606,36004.80225327611,3212.2
31,651,259,34.16455324158965,30.706605222734254,6.375115207373274,12.170476190476192,39.59216589861751,16.078033794162828,49.28761750804872,5.218125960061444,275.9530029296875,93.0,9.399999999999999,14.300000000000002,50.0,184.25804710388184,10,0.5193496942520142,1.0,0.8,9.819999999999999,11.0,0.5193496942520142,1,22241.124160274863,12765.492934584618,35006.61709485948,3286.8
32,636,266,34.48325868571798,31.254716981132077,6.364465408805027,12.175314465408809,39.84905660377358,15.96179245283019,44.69705433392883,5.366352201257862,242.4264430999756,93.0,9.399999999999999,14.300000000000002,50.0,183.25804710388184,10,0.5193496942520142,1.0,0.8,9.819999999999999,11.0,0.5039949417114258,1,21931.352524116635,11889.41645282507,33820.768976941705,3432.0
33,628,254,34.40717840770105,31.21815286624204,6.354299363057321,12.14194267515924,40.21337579617835,15.808121019108277,43.70027694710362,5.493630573248407,242.4264430999756,93.0,9.299999999999999,14.300000000000002,50.0,208.9854736328125,9,0.5193496942520142,1.0,0.8,9.759999999999998,17.0,0.03869938850402832,2,21607.70804003626,11099.870344564319,32707.57838460058,2996.7
34,634,238,32.76602151252517,30.51261829652997,6.458990536277605,12.143848580441643,40.50709779179811,16.108044164037857,46.99747800939724,5.673501577287066,242.4264430999756,93.0,9.299999999999999,14.300000000000002,50.0,205.455078125,9,0.5193496942520142,1.0,0.8,9.759999999999998,17.0,0.38836127519607544,2,20773.65763894096,11185.399766236544,31959.057405177504,2793.4
35,625,245,31.444957519811393,29.5152,6.524319999999999,12.171360000000002,40.6136,16.276479999999992,47.53396487077888,5.8448,231.72637939453125,91.0,9.399999999999999,14.300000000000002,50.0,242.4264430999756,9,0.9126455560326576,2.0,0.8,9.759999999999998,17.0,0.13005056977272034,2,19653.09844988212,11645.821393340826,31298.919843222946,3271.1
36,605,248,31.09484479115768,28.66611570247934,6.585785123966934,12.178082644628088,40.840495867768595,16.44446280991736,47.77368282406561,5.99504132231405,247.1769142150879,89.0,9.399999999999999,14.300000000000002,50.0,241.4264430999756,9,0.9126455560326576,2.0,0.8,9.759999999999998,17.0,1.1726776361465454,2,18812.381098650396,11847.87334036827,30660.254439018667,3088.7
37,607,233,30.268162357717557,27.67380560131796,6.55403624382207,12.160461285008237,40.64085667215816,16.062602965403602,50.37845540149017,6.130148270181219,231.72637939453125,89.0,9.399999999999999,14.300000000000002,50.0,247.1769142150879,10,0.9126455560326576,2.0,0.8,9.759999999999998,17.0,0.7599873542785645,2,18372.774551134557,11738.18010854721,30110.954659681767,2755.2
38,634,209,28.787323640699114,27.138801261829652,6.5840694006309155,12.1668454258675,40.723186119873816,15.469716088328083,52.160600492917894,6.304416403785489,188.83302879333496,89.0,9.499999999999998,14.300000000000002,50.5,246.1769142150879,10,1.069332554936409,2.0,0.8,9.759999999999998,17.0,0.009214073419570923,3,18251.163188203238,10901.56550301984,29152.728691223077,2282.3
39,631,199,29.65515446482321,26.68621236133122,6.5762282091917585,12.171854199683034,40.69017432646593,15.533914421553105,48.34387849187057,6.424722662440571,245.3209400177002,89.0,9.499999999999998,14.300000000000002,50.5,245.1769142150879,10,1.092115130275488,2.0,0.8,9.759999999999998,17.0,0.138665109872818,3,18712.402467303444,9620.431819882244,28332.834287185688,2956.0
40,617,196,30.84819226496007,27.030794165316046,6.5557536466774735,12.232901134521882,40.95542949756888,16.24084278768234,43.463734207679614,6.546191247974068,246.37757444381714,89.0,9.499999999999998,14.300000000000002,50.5,245.3209400177002,11,0.759296239935793,2.0,0.8,9.759999999999998,17.0,1.6191363036632538,3,19033.334627480363,8518.891904705204,27552.226532185567,3273.7
41,600,218,28.035973510663027,26.851666666666667,6.51716666666667,12.203033333333321,41.560833333333335,16.652833333333323,46.45696428765483,6.705,295.35876750946045,70.0,9.499999999999998,14.300000000000002,50.5,243.1769142150879,11,0.759296239935793,1.0,0.8,9.759999999999998,17.0,0.6191363036632538,3,16821.584106397815,10127.618214708753,26949.202321106568,3503.7
42,602,205,29.795739166966413,26.295681063122924,6.539867109634555,12.27920265780732,41.68106312292359,16.765448504983397,40.754820493886406,6.847176079734219,261.56800270080566,70.0,9.499999999999998,14.300000000000002,50.5,242.1769142150879,11,0.759296239935793,1.0,0.8,9.759999999999998,18.0,0.759296239935793,3,17937.03497851378,8354.738201246713,26291.773179760494,2781.8
43,583,215,28.376811238193035,25.92281303602058,6.567238421955406,12.322744425385945,41.715265866209265,17.08250428816467,42.76557068816646,7.018867924528302,260.15429501608014,70.0,9.499999999999998,14.300000000000002,50.5,261.56800270080566,12,0.759296239935793,1.0,0.9,9.759999999999998,18.0,0.6823196690529585,3,16543.68095186654,9194.597697955789,25738.27864982233,3070.8
44,570,201,31.246927355635073,26.319298245614036,6.5550877192982435,12.326912280701771,41.9280701754386,17.997017543859634,36.42442890512583,7.147368421052631,260.15429501608014,70.0,9.499999999999998,14.300000000000002,50.5,260.56800270080566,12,1.092115130275488,2.0,0.9,9.759999999999998,18.0,0.1006800178438425,3,17810.748592711992,7321.310209930292,25132.058802642285,3023.0
45,561,195,29.73705680929088,26.099821746880572,6.5889483065953725,12.325918003565077,41.76916221033868,17.525846702317267,39.100133215799,7.335115864527629,260.15429501608014,70.0,9.499999999999998,14.240000000000002,50.5,259.56800270080566,12,0.8518530074979935,2.0,0.9,9.699999999999998,18.0,0.518592479871586,4,16682.488870012185,7624.525977080804,24307.01484709299,2836.1
46,589,180,27.73517985718074,25.382003395585738,6.653650254668933,12.358981324278444,41.93039049235993,17.48030560271646,39.410398366086234,7.5636672325976235,271.15050104260445,70.0,9.499999999999998,14.240000000000002,50.5,260.15429501608014,12,0.8518530074979935,2.0,1.1,9.699999999999998,18.0,0.11768007278442383,4,16336.020935879456,7093.871705895523,23429.89264177498,2538.7
47,572,194,27.746374984756585,25.695804195804197,6.620104895104893,12.283706293706294,41.83741258741259,17.453496503496503,35.37612072957882,7.704545454545454,276.95602411031723,70.0,9.399999999999999,14.240000000000002,50.5,259.15429501608014,12,0.8518530074979935,2.0,1.1,9.699999999999998,18.0,0.4959822871023789,4,15870.926491280767,6862.967421538291,22733.893912819058,3089.5
48,540,210,27.383348765474235,25.762962962962963,6.58351851851852,12.262925925925927,41.93240740740741,17.970740740740748,35.83631896958288,7.844444444444444,276.95602411031723,70.0,9.399999999999999,14.240000000000002,50.5,258.15429501608014,12,0.8518530074979935,2.0,1.1,9.699999999999998,18.5,0.0921151302754879,4,14787.008333356087,7525.626983612405,22312.63531696849,3239.7
49,530,213,26.28295121489473,25.879245283018868,6.5562264150943435,12.265283018867926,42.25377358490566,17.937924528301888,36.62949374686385,8.00943396226415,271.6134311594069,70.0,9.399999999999999,14.240000000000002,50.5,200.7821830511093,13,0.7873619469464757,1.0,1.1,9.699999999999998,18.5,0.17619688808918,4,13929.964143894207,7802.082168082001,21732.046311976206,2681.0
50,516,211,26.06007772587744,25.364341085271317,6.498062015503881,12.329651162790714,42.15213178294574,17.412209302325582,37.338225146170565,8.222868217054264,170.36821483820677,70.0,9.399999999999999,14.180000000000001,50.5,199.7821830511093,13,0.4675595440676261,1.0,1.1,9.699999999999998,18.5,0.022671419486869127,4,13447.00010655276,7878.36550584199,21325.36561239475,2690.4
51,503,212,25.73592775819312,25.457256461232603,6.53320079522863,12.35773359840955,42.42942345924453,17.243737574552693,36.92324137363242,8.353876739562624,237.9951647222042,70.0,9.399999999999999,14.180000000000001,51.0,183.17039012908936,14,0.4675595440676261,1.0,1.1,9.699999999999998,18.5,0.5652433270588517,4,12945.17166237114,7827.727171210074,20772.898833581214,2529.8
52,498,199,26.00696579251721,25.413654618473895,6.538554216867473,12.32228915662651,42.454819277108435,17.268072289156635,36.94025031892681,8.524096385542169,180.20397147536278,70.0,9.399999999999999,14.180000000000001,51.0,182.17039012908936,14,0.4675595440676261,1.0,1.1,9.699999999999998,18.0,0.19086998887360096,5,12951.468964673571,7351.109813466435,20302.578778140007,2453.2000000000003
53,501,193,24.749844278961007,24.972055888223554,6.572455089820358,12.273053892215572,42.604790419161674,16.8500998003992,37.05628599828837,8.72055888223553,180.20397147536278,70.0,9.399999999999999,14.180000000000001,51.0,290.0099812638946,15,0.4675595440676261,1.0,1.0,9.699999999999998,18.0,0.2708600133191794,5,12399.671983759465,7151.863197669654,19551.53518142912,2343.4
54,518,184,23.97899886199127,24.590733590733592,6.658880308880309,12.288069498069499,42.71042471042471,16.793629343629362,36.373763745390185,8.884169884169884,180.20397147536278,70.0,9.399999999999999,14.180000000000001,51.0,289.0099812638946,15,1.152142821403686,1.0,1.0,9.699999999999998,18.0,0.6106378840631805,5,12421.121410511478,6692.7725291517945,19113.89393966327,2182.5
55,518,171,24.392838383627513,24.498069498069498,6.689382239382241,12.320888030888039,42.753861003861005,16.5357142857143,35.22465479057139,9.086872586872587,180.20397147536278,70.0,9.399999999999999,14.180000000000001,51.0,288.0099812638946,15,1.1915553716316936,3.0,1.0,9.699999999999998,18.0,0.33714213222265244,6,12635.490282719053,6023.4159691877085,18658.90625190676,2393.1
56,516,159,24.708475180745022,24.453488372093023,6.671124031007752,12.304418604651177,42.877906976744185,16.710465116279074,34.57680191468662,9.226744186046512,180.20397147536278,70.0,9.399999999999999,14.180000000000001,51.0,287.0099812638946,15,1.2344311749764643,4.0,1.0,9.699999999999998,18.0,0.10875078188837506,6,12749.573193264432,5497.711504435172,18247.284697699604,2328.8
57,504,148,25.463731303817177,23.5515873015873,6.709325396825396,12.309285714285704,43.00396825396825,17.161309523809507,32.38392229999942,9.382936507936508,295.2261385412421,70.0,9.399999999999999,14.180000000000001,51.0,180.20397147536278,15,1.6981970255183114,4.0,1.0,9.699999999999998,18.0,0.48324364438303746,6,12833.720577123857,4792.820500399914,17626.54107752377,2472.4
58,516,150,23.890527236063367,23.56782945736434,6.750193798449611,12.261744186046512,42.92829457364341,17.370930232558134,30.59303378380499,9.55232558139535,295.2261385412421,70.0,9.299999999999999,14.180000000000001,51.0,168.16897561517544,16,1.2257693212883396,3.0,1.0,9.699999999999998,17.5,0.9130014914553612,6,12327.512053808698,4588.955067570749,16916.467121379446,2535.8
59,498,159,22.826848914749977,23.311244979919678,6.803413654618468,12.26341365461848,42.950803212851405,16.885140562249003,31.818952331569236,9.726907630522089,295.2261385412421,70.0,9.299999999999999,14.180000000000001,51.0,185.7669203877449,16,1.2257693212883396,3.0,1.0,9.699999999999998,17.5,0.48324364438303746,6,11367.770759545489,5059.213420719509,16426.984180264997,2589.1
60,497,144,21.61541654454531,22.65995975855131,6.807444668008046,12.28571428571429,42.9466800804829,16.933601609657952,36.325940865857056,9.895372233400403,223.83455473557115,70.0,9.299999999999999,14.180000000000001,50.5,242.3054567873478,16,1.2257693212883396,3.0,1.0,9.759999999999998,17.5,1.500381854857551,6,10742.86202263902,5230.935484683416,15973.797507322435,2048.7
61,498,147,20.918080478934794,22.502008032128515,6.838152610441765,12.302931726907646,43.122489959839356,17.531726907630524,36.057428838930576,10.086345381526105,164.79394075728487,70.0,9.299999999999999,14.120000000000001,50.5,241.3054567873478,17,1.058607793744116,3.0,1.0,9.759999999999998,17.5,0.5003818548575509,7,10417.204078509527,5300.442039322795,15717.646117832322,2369.9
62,499,139,20.79097027282189,21.839679358717436,6.883767535070146,12.3285370741483,43.14929859719439,17.373346693386782,36.58200679163271,10.318637274549099,186.28124230494723,70.0,9.299999999999999,14.120000000000001,50.5,240.3054567873478,17,1.1033091868066336,3.0,1.0,9.759999999999998,17.5,0.4515386425766792,7,10374.694166138124,5084.898944036946,15459.59311017507,2143.0
63,480,153,20.363641284560554,21.78125,6.92395833333333,12.347875000000004,43.21458333333333,17.023125,35.51417169331596,10.464583333333334,186.28124230494723,70.0,9.299999999999999,14.120000000000001,50.5,239.3054567873478,17,1.1033091868066336,2.0,1.0,9.759999999999998,17.0,0.11721558748823213,7,9774.547816589065,5433.668269077341,15208.216085666407,2217.9
64,474,140,21.0582439621281,21.476793248945146,6.961603375527425,12.37970464135021,43.335443037974684,17.600210970464126,35.19034029062525,10.618143459915611,153.86238590623543,70.0,9.299999999999999,14.120000000000001,50.5,238.3054567873478,17,1.1033091868066336,2.0,1.1,9.699999999999998,17.0,0.6716419856411449,7,9981.60763804872,4926.647640687535,14908.255278736255,2260.0
65,486,133,20.989522919028914,21.045267489711936,6.926543209876546,12.403909465020586,43.44753086419753,17.71296296296296,32.31270331573081,10.800411522633745,256.33871734142303,70.0,9.299999999999999,14.120000000000001,50.5,161.79394075728487,17,1.2257693212883396,2.0,1.1,9.699999999999998,29.0,0.3432839712822897,7,10200.908138648052,4297.589540992198,14498.49767964025,2112.3
66,479,127,20.647257653689604,20.78705636743215,6.932985386221293,12.446889352818376,43.390396659707726,16.941962421711903,32.36834699786232,10.899791231732777,174.98593887037714,70.0,9.299999999999999,14.180000000000001,50.5,116.52716879011132,17,0.9188701808915489,2.0,1.1,9.699999999999998,29.0,0.027000828471500427,7,9890.03641611732,4110.780068728514,14000.816484845835,1977.8
67,499,108,19.00310481773013,20.416833667334668,6.962725450901805,12.42973947895793,43.243486973947896,16.249298597194382,37.16802663467959,11.07815631262525,152.9112354964018,65.0,9.299999999999999,14.180000000000001,50.5,174.98593887037714,18,0.9188701808915489,2.0,1.1,9.699999999999998,29.0,0.8377403617830979,7,9482.549304047334,4014.1468765453956,13496.69618059273,1848.8
68,496,116,18.676229142184358,19.981854838709676,7.014516129032263,12.492137096774183,43.18649193548387,15.96048387096774,33.34481073862595,11.316532258064516,158.87605441713868,65.0,9.399999999999999,14.180000000000001,51.0,173.98593887037714,19,0.9188701808915489,2.0,1.1,9.699999999999998,29.0,1.0,7,9263.40965452344,3867.9980456806106,13131.40770020405,2257.5
69,484,120,18.82833413101684,19.72107438016529,7.0280991735537155,12.514090909090905,43.16632231404959,16.478719008264473,31.556477110536996,11.520661157024794,193.6406333571358,64.0,9.399999999999999,14.180000000000001,51.0,139.53762888605706,19,0.9188701808915489,1.0,1.1,9.699999999999998,29.0,2.9236412343962,8,9112.913719412152,3786.7772532644394,12899.690972676592,2365.5
70,465,132,18.622711859739926,19.475268817204302,7.063440860215061,12.525978494623654,43.32043010752688,17.118494623655913,31.212751870391685,11.69247311827957,193.6406333571358,64.0,9.399999999999999,14.180000000000001,51.0,133.0242871709279,20,0.4909347479892146,1.0,1.1,9.699999999999998,29.5,1.2992668281175455,8,8659.561014779065,4120.083246891702,12779.644261670768,2578.9
71,461,131,18.3757078514104,19.125813449023862,7.125596529284165,12.576485900216925,43.38286334056399,17.513882863340584,30.14263452014504,11.859002169197398,193.6406333571358,64.0,9.399999999999999,14.240000000000002,51.0,132.0242871709279,20,0.4909347479892146,1.0,1.1,9.699999999999998,29.5,0.29926682811754546,8,8471.201319500195,3948.685122139,12419.886441639195,2501.4
72,462,138,17.793928924631615,18.8982683982684,7.151082251082253,12.624112554112552,43.553030303030305,17.485930735930737,27.08404555849382,12.071428571428571,145.13712271070108,64.0,9.399999999999999,14.240000000000002,51.0,193.6406333571358,20,0.4909347479892146,1.0,2.5999999999999996,9.699999999999998,29.5,0.19309273396027038,8,8220.795163179806,3737.5982870721473,11958.393450251953,2215.3
73,448,149,17.47646198994188,18.741071428571427,7.1750000000000105,12.661651785714284,43.583705357142854,17.035044642857148,25.94005513239146,12.263392857142858,139.03908476958168,64.0,9.399999999999999,14.240000000000002,51.0,192.6406333571358,20,0.4909347479892146,1.0,2.5999999999999996,9.699999999999998,30.0,0.12458005078883616,8,7829.454971493962,3865.0682147263274,11694.523186220289,2247.8
74,433,132,18.068861806269716,18.464203233256352,7.166743648960745,12.63612009237876,43.558891454965355,17.551501154734403,28.846312609194875,12.420323325635104,214.4962806615149,64.0,9.399999999999999,14.240000000000002,51.0,139.3202618219584,20,0.4909347479892146,1.0,2.5999999999999996,9.699999999999998,30.0,0.8484055917142541,8,7823.817162114787,3807.7132644137237,11631.53042652851,1985.9
75,452,121,16.97746826898426,18.172566371681416,7.1575221238937985,12.666858407079642,43.70464601769911,17.7608407079646,30.176023268153383,12.66150442477876,124.53880104951872,64.0,9.399999999999999,14.240000000000002,51.5,138.3202618219584,19,0.8310359653482635,1.0,2.5999999999999996,9.699999999999998,30.0,0.4909347479892146,9,7673.815657580885,3651.2988154465593,11325.114473027445,2040.3
76,441,134,16.76595778086672,17.485260770975056,7.187755102040818,12.690839002267577,43.84126984126984,16.872335600907018,26.692696981153308,12.909297052154194,119.60187791407407,55.0,9.399999999999999,14.240000000000002,51.5,137.3202618219584,19,0.6784041000608647,1.0,2.5999999999999996,9.759999999999998,30.0,0.8310359653482635,9,7393.787381362225,3576.8213954745434,10970.608776836769,2004.9
77,449,131,15.573636282866067,17.27839643652561,7.221603563474387,12.73358574610245,43.85968819599109,15.631625835189308,28.586932639931852,13.093541202672606,115.96723280881133,55.0,9.399999999999999,14.240000000000002,51.5,141.85040118657702,19,0.6784041000608647,1.0,2.5999999999999996,9.759999999999998,30.0,0.49758177344483556,9,6992.562691006864,3744.8881758310727,10737.450866837937,1689.5
78,453,112,16.196520481418197,16.91169977924945,7.190507726269314,12.758543046357618,43.95474613686534,15.71876379690949,27.82373541087427,13.331125827814569,121.70707680164924,55.0,9.399999999999999,14.240000000000002,51.5,148.53004930966654,20,0.6784041000608647,1.0,2.5999999999999996,9.759999999999998,29.5,0.6714496155813663,9,7337.023778082443,3116.2583660179184,10453.282144100362,1923.0
79,457,111,16.1978099091008,16.538293216630198,7.17374179431072,12.852997811816191,44.16083150984683,16.25886214442014,25.43845954049063,13.560175054704596,162.0534996048403,55.0,9.299999999999999,14.240000000000002,51.5,147.53004930966654,20,0.6784041000608647,1.0,2.5999999999999996,9.759999999999998,29.5,0.36761799200507994,9,7402.399128459067,2823.66900899446,10226.068137453527,2199.9
80,450,104,16.354843723095943,16.462222222222223,7.214888888888891,12.878977777777779,44.25666666666667,16.797777777777775,25.125338266963574,13.72,153.55463702191037,55.0,9.299999999999999,14.240000000000002,51.5,128.80011032343123,20,0.6784041000608647,1.0,2.5999999999999996,9.759999999999998,29.5,0.48625321201529914,9,7359.679675393174,2613.0351797642115,9972.714855157385,2123.6
81,464,97,15.649568735743541,16.163793103448278,7.2661637931034475,12.896077586206895,44.283405172413794,17.011422413793106,24.248626233852406,14.017241379310345,214.27221173136837,55.0,9.299999999999999,14.240000000000002,51.5,127.80011032343123,20,0.605096947558116,1.0,2.5999999999999996,9.759999999999998,30.0,0.2669854646239793,10,7261.399893385003,2352.1167446836835,9613.516638068686,2023.4
82,476,101,14.703466012448715,16.279411764705884,7.306092436974789,12.866890756302514,44.142857142857146,17.221428571428582,23.76741734231373,14.159663865546218,153.55463702191037,55.0,9.299999999999999,14.240000000000002,51.5,214.27221173136837,20,0.5822966478847497,1.0,2.5999999999999996,9.819999999999999,30.0,0.3568082001217294,10,6998.849821925588,2400.5091515736867,9399.358973499275,2063.6
83,460,101,14.67255620585806,16.23695652173913,7.313695652173907,12.837652173913058,44.16086956521739,17.820217391304347,24.76898960239781,14.230434782608695,122.96595736074309,54.0,9.299999999999999,14.240000000000002,51.5,223.11229757039789,20,0.5822966478847497,1.0,2.5999999999999996,9.819999999999999,30.0,0.24559693715338504,10,6749.375854694707,2501.6679498421786,9251.043804536886,2223.7000000000003
84,465,96,13.961573236232823,15.836559139784946,7.297849462365584,12.86025806451613,44.36774193548387,18.773333333333337,25.696485289675014,14.41720430107527,144.12625526597614,55.0,9.299999999999999,14.240000000000002,51.5,222.11229757039789,20,0.3313670960919403,1.0,2.4999999999999996,9.819999999999999,30.0,0.3685812820317255,10,6492.131554848263,2466.8625878088014,8958.994142657064,2251.6
85,458,104,14.529862103758704,15.626637554585153,7.305240174672487,12.898471615720524,44.39410480349345,18.73318777292575,20.95969089405058,14.532751091703057,224.61797873723222,55.0,9.299999999999999,14.240000000000002,51.5,93.0,21,0.3313670960919403,1.0,2.4999999999999996,9.819999999999999,30.0,0.3685812820317255,10,6654.676843521486,2179.8078529812606,8834.484696502746,2116.1
86,448,116,13.464969044291974,15.604910714285714,7.333258928571423,12.926830357142853,44.372767857142854,17.543526785714295,21.181924179629654,14.703125,159.71887187297472,55.0,9.299999999999999,14.240000000000002,51.5,97.53276262701456,21,0.3313670960919403,1.0,2.4999999999999996,9.819999999999999,30.0,0.605096947558116,10,6032.3061318428045,2457.10320483704,8489.409336679844,2222.5
87,474,90,13.234522551401824,15.274261603375528,7.3449367088607564,12.968270042194094,44.49683544303797,17.59683544303798,21.579275216868165,14.90295358649789,103.52634754969438,55.0,9.299999999999999,14.240000000000002,51.5,99.0,22,0.3313670960919403,1.0,2.4999999999999996,9.879999999999999,30.0,0.3920205003043238,10,6273.1636893644645,1942.1347695181348,8215.2984588826,1819.4
88,458,102,13.617208328722914,15.286026200873362,7.322270742358073,12.991048034934504,44.55567685589519,18.329475982532767,18.008544419131425,14.941048034934498,105.94399653398136,55.0,9.299999999999999,14.240000000000002,51.5,90.91866318816705,22,0.3313670960919403,1.0,2.4999999999999996,9.879999999999999,30.0,0.28250350175666394,10,6236.681414555094,1836.8715307514055,8073.5529453065,2455.9
89,441,115,12.83646978039967,14.91156462585034,7.31541950113378,13.080589569161004,44.69160997732426,19.567120181405908,20.688046718981916,15.108843537414966,98.74694596754436,55.0,9.299999999999999,14.240000000000002,51.5,97.0,22,0.3313670960919403,1.0,2.4999999999999996,9.879999999999999,30.0,0.28874050103943727,10,5660.883173156254,2379.1253726829204,8040.008545839175,2604.5
90,415,118,13.063536396271655,14.889156626506024,7.337349397590357,13.126987951807235,44.71927710843374,19.820240963855426,22.171576193319247,15.306024096385542,101.99860298509876,55.0,9.299999999999999,14.240000000000002,51.5,97.96000726257557,22,0.28250350175666394,1.0,2.4999999999999996,9.879999999999999,30.5,0.3238166778741105,11,5421.3676044527365,2616.245990811671,8037.613595264407,2301.0
91,402,121,13.203576915245586,14.721393034825871,7.360945273631838,13.138109452736334,44.666666666666664,19.422636815920402,21.576396842957216,15.54726368159204,107.45584131930283,55.0,9.299999999999999,14.240000000000002,51.5,89.0,22,0.28250350175666394,1.0,2.4999999999999996,9.879999999999999,30.5,0.28874050103943727,11,5307.837919928726,2610.744017997823,7918.581937926549,2014.3
92,398,126,12.496217477801775,14.515075376884422,7.3819095477386965,13.124170854271368,44.99246231155779,18.32562814070352,21.23377660921265,15.71608040201005,107.45584131930283,55.0,9.299999999999999,14.240000000000002,51.5,88.0,22,0.28250350175666394,1.0,2.4999999999999996,9.879999999999999,30.5,0.13001400702665578,11,4973.494556165107,2675.455852760794,7648.950408925901,1686.6
93,397,116,12.53571627691809,14.2544080604534,7.409068010075567,13.148765743073044,45.141057934508815,17.52040302267002,21.268920052756766,15.866498740554157,104.79541108404136,40.0,9.299999999999999,14.240000000000002,51.5,101.99860298509876,22,0.28250350175666394,1.0,2.4999999999999996,9.879999999999999,30.5,0.204334235024362,11,4976.679361936482,2467.1947261197847,7443.874088056266,1454.3
94,410,109,12.413794605013393,14.085365853658537,7.368292682926833,13.169707317073176,45.16341463414634,16.265609756097565,20.71946862785241,16.10731707317073,108.83035704757829,40.0,9.299999999999999,14.240000000000002,52.0,91.0,23,0.28250350175666394,1.0,2.4999999999999996,9.879999999999999,30.5,0.5051435404927966,11,5089.655788055491,2258.422080435913,7348.077868491404,1435.0
95,421,92,12.258220802688728,13.513064133016627,7.386460807600948,13.223752969121144,45.279097387173394,15.951306413301667,22.07316594821983,16.477434679334916,108.83035704757829,40.0,9.299999999999999,14.240000000000002,52.0,99.56161496603484,24,0.28250350175666394,1.0,2.4999999999999996,9.879999999999999,30.0,0.27448655281848433,11,5160.710957931954,2030.7312672362245,7191.442225168179,1333.6
96,425,83,11.784852536185754,13.16235294117647,7.416941176470585,13.270494117647061,45.24235294117647,16.440470588235293,24.57813874842644,16.710588235294118,108.83035704757829,40.0,9.299999999999999,14.300000000000002,52.0,101.68533113076455,24,0.28250350175666394,1.0,2.5999999999999996,9.879999999999999,30.0,0.3691588398678485,11,5008.562327878945,2039.9855161193946,7048.54784399834,1678.1000000000001
97,430,78,11.972588775984482,13.265116279069767,7.490465116279063,13.279395348837214,45.2093023255814,16.85441860465116,23.05660495898507,16.844186046511627,108.19361356744776,34.0,9.299999999999999,14.300000000000002,52.0,108.83035704757829,24,0.2502713943490702,1.0,2.5999999999999996,9.879999999999999,29.5,0.4610185781108144,12,5148.213173673327,1798.4151868008355,6946.628360474163,1896.7
98,427,87,11.707721129759078,13.173302107728338,7.466744730679153,13.290163934426221,45.32669789227166,17.214754098360665,20.685496394962204,16.950819672131146,104.47546883030016,33.0,9.299999999999999,14.300000000000002,52.0,107.83035704757829,24,0.2502713943490702,1.0,2.4999999999999996,9.879999999999999,29.5,0.3015447442918995,12,4999.196922407126,1799.6381863617119,6798.835108768838,2023.4
99,426,86,10.50555184657531,12.976525821596244,7.4450704225352125,13.321455399061044,45.517605633802816,18.088028169014095,25.10121714666392,17.112676056338028,115.22472409975656,33.0,9.299999999999999,14.300000000000002,52.0,98.68533113076455,25,0.2502713943490702,1.0,2.4999999999999996,9.879999999999999,29.0,0.1717356280101634,12,4475.365086641082,2158.7046746130973,6634.069761254179,1807.5
100,418,90,10.893008326064955,12.803827751196172,7.414832535885174,13.340287081339719,45.563397129186605,18.53779904306221,22.13519072520677,17.258373205741627,115.22472409975656,33.0,9.299999999999999,14.300000000000002,52.0,112.34705160236165,25,0.2502713943490702,1.0,2.4999999999999996,9.879999999999999,29.0,0.7695833277091351,12,4553.277480295151,1992.1671652686093,6545.44464556376,1884.5
101,406,96,11.390448072687608,12.55911330049261,7.380049261083742,13.368866995073894,45.676108374384235,19.976108374384253,20.394427652764033,17.458128078817733,124.40648520614917,33.0,9.299999999999999,14.360000000000003,52.0,85.0,25,0.2502713943490702,1.0,2.4999999999999996,9.879999999999999,29.0,0.1475110676789546,13,4624.521917511169,1957.8650546653473,6582.386972176516,2133.9
102,379,111,11.394388324936127,12.923482849604222,7.357255936675458,13.359577836411608,45.93535620052771,19.992612137203174,20.556768459950117,17.49076517150396,83.93666915422462,33.0,9.299999999999999,14.360000000000003,52.0,115.22472409975656,25,0.2502713943490702,1.0,2.4999999999999996,9.879999999999999,29.5,0.1018884232910664,13,4318.4731751507925,2281.801299054463,6600.2744742052555,1964.3999999999999
103,370,95,12.653301611945583,12.9,7.344054054054056,13.360702702702703,46.02297297297297,20.47972972972972,18.148780481882294,17.58108108108108,125.09819708352873,33.0,9.299999999999999,14.360000000000003,52.0,93.0,25,0.28250350175666394,1.0,2.4999999999999996,9.879999999999999,30.5,0.047535491271803565,13,4681.721596419866,1724.134145778818,6405.855742198684,1567.1
104,379,81,12.09337024206251,12.765171503957784,7.408970976253298,13.379525065963064,45.92348284960422,19.129551451187346,20.347806286174055,17.733509234828496,108.7731809673404,33.0,9.299999999999999,14.360000000000003,52.0,99.0,25,0.28250350175666394,1.0,2.4999999999999996,9.879999999999999,30.5,0.418041273590287,13,4583.387321741691,1648.1723091800984,6231.55963092179,1290.8
105,382,93,10.920700041280472,12.717277486910994,7.445549738219891,13.440837696335084,45.917539267015705,17.785340314136125,20.088315616727797,17.86387434554974,83.8146473207451,33.0,9.299999999999999,14.420000000000003,52.0,98.0,25,0.28250350175666394,1.0,2.4999999999999996,9.879999999999999,31.0,0.3270900364989388,13,4171.70741576914,1868.2133523556852,6039.920768124825,1621.7
106,391,87,10.488458083236157,12.46547314578005,7.463938618925827,13.510895140664967,46.076726342711,17.85370843989771,21.0143490646501,18.107416879795398,80.35108416783649,33.0,9.299999999999999,14.420000000000003,52.0,97.0,25,0.28250350175666394,1.0,2.4999999999999996,9.879999999999999,31.0,0.17604033416135878,13,4100.987110545338,1828.248368624559,5929.235479169896,1458.0
107,395,87,9.89713652419522,12.384810126582279,7.439240506329112,13.537873417721528,46.15822784810127,18.194683544303814,22.17550605236322,18.27341772151899,83.73023011684612,33.0,9.2,14.420000000000003,52.0,96.0,25,0.28250350175666394,1.0,2.4999999999999996,9.879999999999999,31.0,0.08184196251789233,13,3909.3689270571117,1929.2690265556002,5838.6379536127115,1842.9
108,397,82,9.62529210403117,12.367758186397985,7.440806045340041,13.527909319899258,46.26196473551637,18.91385390428211,22.91028761791057,18.3551637279597,101.77907450759633,33.0,9.2,14.420000000000003,52.0,91.0,26,0.3203877556027419,1.0,2.4999999999999996,9.879999999999999,31.0,0.28250350175666394,13,3821.2409653003742,1878.6435846686668,5699.8845499690415,1716.7
109,377,80,10.89080507154565,12.458885941644562,7.474005305039783,13.531564986737415,46.3395225464191,20.15119363395226,19.603302904829686,18.453580901856764,94.866651829041,33.0,9.2,14.420000000000003,52.0,80.0,27,0.3203877556027419,1.0,2.4999999999999996,9.879999999999999,31.5,0.5016283660944212,13,4105.83351197271,1568.264232386375,5674.097744359085,1813.6
110,361,90,10.656007708202589,12.296398891966758,7.465096952908582,13.535567867036022,46.322714681440445,19.57091412742383,19.251431252412655,18.67590027700831,82.32063649309873,33.0,9.2,14.420000000000003,52.0,82.0,28,0.3203877556027419,1.0,2.4999999999999996,9.879999999999999,31.5,0.5724864654325807,13,3846.8187826611347,1732.6288127171388,5579.447595378273,1806.6
111,368,81,10.004536522072675,12.01086956521739,7.498097826086949,13.564456521739139,46.42934782608695,20.056249999999995,22.498567724495064,18.918478260869566,86.32799009013237,27.0,9.2,14.420000000000003,52.5,95.0,28,0.3203877556027419,1.0,2.4999999999999996,9.879999999999999,31.5,0.6021542858465789,13,3681.6694401227446,1822.3839856841003,5504.053425806845,1637.8
112,360,97,10.160592982800747,12.005555555555556,7.519444444444437,13.585888888888906,46.52361111111111,19.145277777777775,17.579935741972804,19.03611111111111,94.75377580678544,27.0,9.2,14.420000000000003,52.5,94.0,28,0.3203877556027419,1.0,2.8,9.94,40.5,0.13308306474946097,13,3657.8134738082686,1705.253766971362,5363.06724077963,1736.5
113,380,79,9.457510324160767,11.607894736842105,7.486578947368416,13.623947368421051,46.70789473684211,18.586315789473684,20.5342793702341,19.276315789473685,102.04575814756313,27.0,9.2,14.360000000000003,52.5,85.0,28,0.3203877556027419,1.0,2.9,9.94,40.5,0.15289651143086536,13,3593.8539231810914,1622.2080702484939,5216.0619934295855,1339.2
114,381,89,8.921312223188766,11.11023622047244,7.478215223097104,13.632020997375333,46.835958005249346,17.128871391076107,18.828384829840807,19.53018372703412,99.25752618445728,27.0,9.2,14.360000000000003,52.5,84.0,28,0.3270900364989388,1.0,6.200000000000003,9.94,40.5,0.26616612949892193,13,3399.0199570349196,1675.7262498558318,5074.746206890752,1423.1
115,375,88,9.078911613981338,10.752,7.461866666666663,13.625493333333337,46.95733333333333,17.479200000000006,22.63587638546765,19.744,99.25752618445728,27.0,9.2,14.360000000000003,52.5,98.0,28,0.31966368064114914,1.0,6.200000000000003,9.879999999999999,40.5,0.027879807774542797,13,3404.591855243002,1991.9571219211532,5396.548977164155,1514.7
116,359,94,9.01778488000913,10.562674094707521,7.441504178272972,13.637381615598896,47.041782729805014,18.15431754874652,26.08606850538471,19.91643454038997,85.0949264819239,27.0,9.2,14.360000000000003,52.5,99.25752618445728,28,0.31966368064114914,1.0,6.200000000000003,9.879999999999999,41.0,0.6366630873261084,13,3237.384771923277,2452.0904395061625,5689.47521142944,1679.7
117,362,90,9.291384243106782,10.403314917127071,7.422375690607726,13.62762430939228,47.0,19.466574585635357,28.526211774467676,20.15193370165746,89.47672610473944,27.0,9.2,14.360000000000003,52.5,98.25752618445728,28,0.31966368064114914,1.0,6.200000000000003,9.879999999999999,41.0,0.8483526018080916,13,3363.481096004655,2567.3590597020907,5930.8401557067455,1787.3999999999999
118,354,98,10.034723208552492,10.096045197740112,7.398587570621465,13.640225988700571,47.086158192090394,20.511581920903964,25.631987906520333,20.3954802259887,97.6393273612823,27.0,9.2,14.300000000000002,52.5,104.48506910527882,28,0.31966368064114914,1.0,6.200000000000003,9.879999999999999,40.5,0.14467142555308143,14,3552.2920158275824,2511.9348148389927,6064.226830666576,1890.9
119,345,115,9.870176005232025,10.020289855072464,7.403188405797096,13.655246376811606,47.05797101449275,19.67101449275363,22.328477532267375,20.44927536231884,109.27373162048097,27.0,9.2,14.300000000000002,52.5,103.48506910527882,28,0.31966368064114914,1.0,6.200000000000003,10.0,40.5,0.0914343223159797,14,3405.2107218050487,2567.774916210748,5972.985638015796,1885.9
120,365,103,10.087532131053928,9.550684931506849,7.360273972602728,13.728657534246581,47.082191780821915,18.339999999999996,22.70690867052019,20.78082191780822,102.18459076309243,27.0,9.2,14.360000000000003,52.5,102.48506910527882,29,0.34825061513934064,1.0,6.200000000000003,10.0,40.5,0.31966368064114914,14,3681.949227834684,2338.8115930635795,6020.760820898264,1224.6
121,388,108,9.476344258728876,9.721649484536082,7.367783505154633,13.74056701030929,46.88273195876289,16.83402061855671,21.732715302053045,20.925257731958762,102.18459076309243,28.0,9.2,14.360000000000003,52.5,101.48506910527882,29,0.3034641605676742,1.0,6.200000000000003,10.06,40.5,0.0778709078045896,14,3676.821572386804,2347.133252621729,6023.954825008533,1441.2
122,404,107,9.39865173890305,9.96039603960396,7.378960396039595,13.727920792079228,46.772277227722775,16.294306930693075,22.50356478929224,21.099009900990097,121.16435905116279,28.0,9.2,14.360000000000003,52.5,96.0,30,0.3034641605676742,1.0,6.200000000000003,10.0,40.5,0.6493596327546155,14,3797.0553025168324,2407.88143245427,6204.936734971103,1629.2
123,410,109,9.30278826438935,9.582926829268292,7.343170731707314,13.738731707317081,46.8390243902439,17.201951219512193,23.840617280615046,21.521951219512196,109.57270926401304,28.0,9.2,14.360000000000003,53.0,98.0,30,0.3034641605676742,1.0,6.200000000000003,10.0,40.5,0.7673815718077943,15,3814.143188399633,2598.62728358704,6412.770471986672,1960.4
124,423,123,8.296754002675515,9.347517730496454,7.325531914893606,13.768841607565019,46.871158392434985,16.589125295508275,25.67929993626032,21.832151300236408,102.18459076309243,28.0,9.2,14.420000000000003,53.0,97.0,30,0.3034641605676742,1.0,6.200000000000003,10.0,40.5,0.6779982869789862,15,3509.526943131743,3158.5538921600196,6668.080835291763,1971.7
125,419,120,9.873168601671175,9.140811455847256,7.327684964200465,13.789116945107416,46.90930787589499,16.852267303102625,22.274814010680736,22.028639618138424,96.45992202241109,28.0,9.2,14.480000000000004,53.0,102.18459076309243,30,0.2543302007095928,1.0,6.200000000000003,10.0,40.5,0.14397345104053683,15,4136.857644100222,2672.977681281688,6809.8353253819105,1800.6000000000001
126,430,130,9.565437809852208,8.965116279069768,7.339069767441857,13.827023255813966,46.93604651162791,17.1074418604651,22.872626993610165,22.130232558139536,104.23072541151113,27.0,9.2,14.480000000000004,53.0,95.0,30,0.2543302007095928,1.0,6.200000000000003,10.0,40.5,0.10642833845056021,15,4113.1382582364495,2973.4415091693213,7086.57976740577,2134.0
127,456,130,9.411350239239619,8.675438596491228,7.339912280701755,13.844254385964922,47.06030701754386,16.85219298245614,23.831365602149564,22.32894736842105,104.23072541151113,27.0,9.2,14.480000000000004,53.0,98.0,30,0.2543302007095928,1.0,6.200000000000003,10.0,40.5,0.15479837078229597,15,4291.575709093267,3098.0775282794434,7389.65323737271,1947.0
128,488,126,9.480335172280213,8.60655737704918,7.3282786885245885,13.853729508196729,47.04200819672131,16.699180327868863,22.578643672612305,22.41393442622951,104.23072541151113,27.0,9.2,14.480000000000004,53.0,98.0,30,0.2543302007095928,1.0,6.200000000000003,10.0,40.5,0.028800355722748083,15,4626.403564072744,2844.9091027491504,7471.312666821895,2133.3
129,520,118,9.309123961904842,8.296153846153846,7.304807692307692,13.863153846153839,47.16826923076923,16.491730769230784,21.834797466699985,22.746153846153845,104.23072541151113,27.0,9.2,14.480000000000004,53.0,97.0,31,0.2543302007095928,1.0,6.200000000000003,10.0,40.5,0.05074417907732354,15,4840.744460190517,2576.506101070598,7417.250561261115,2262.9
130,541,121,8.874136065869525,8.099815157116451,7.271903881700557,13.882920517560066,47.202402957486136,16.204436229205193,23.226839904966152,22.98706099815157,100.82960822628006,27.0,8.9,14.480000000000004,52.0,104.23072541151113,31,0.28783767786137404,1.0,6.3000000000000025,10.0,40.5,0.015949643790704737,15,4800.907611635413,2810.4476285009046,7611.355240136318,2438.1
131,563,113,9.17837408287885,8.149200710479574,7.268028419182949,13.880603907637656,47.175843694493786,16.624333925399643,20.65294937677632,23.120781527531083,104.01105148864723,27.0,8.9,14.480000000000004,52.0,100.82960822628006,31,0.28783767786137404,1.0,6.3000000000000025,10.0,40.5,0.06009055314137357,16,5167.424608660793,2333.783279575724,7501.207888236517,2744.6
132,588,114,8.777798506005919,8.011904761904763,7.264455782312932,13.883095238095231,47.204081632653065,16.90306122448978,20.33158244115682,23.331632653061224,111.04446137686156,27.0,8.9,14.540000000000004,52.0,92.0,31,0.257200088930687,1.0,6.3000000000000025,10.0,41.0,0.2722930609404369,16,5161.345521531481,2317.800398291877,7479.145919823358,2616.9
133,588,148,8.460936981567526,7.989795918367347,7.275170068027214,13.897721088435373,47.15986394557823,16.801700680272106,17.05233022297701,23.448979591836736,104.01105148864723,27.0,8.8,14.540000000000004,52.0,96.0,31,0.257200088930687,1.0,6.3000000000000025,10.0,41.0,0.11978173114414759,16,4975.030945161705,2523.744873000597,7498.775818162302,3278.4
134,574,146,9.016501190914381,8.006968641114982,7.267770034843207,13.893310104529615,47.174216027874564,18.39878048780488,19.32077347162483,23.54703832752613,104.01105148864723,27.0,8.8,14.540000000000004,52.0,96.0,31,0.257200088930687,1.0,6.3000000000000025,10.0,41.0,0.11903221839256273,16,5175.471683584855,2820.832926857225,7996.30461044208,3330.1
135,569,147,8.623083994391967,7.896309314586995,7.279437609841825,13.904710017574688,47.14850615114236,19.548857644991237,22.235292114421547,23.59578207381371,99.90758443201669,27.0,8.8,14.540000000000004,52.0,95.0,31,0.257200088930687,1.0,6.200000000000003,9.94,41.0,0.040408949024980156,16,4906.53479280903,3268.5879408199676,8175.122733628998,3181.7000000000003
136,550,153,9.64866221928963,7.650909090909091,7.27290909090909,13.92265454545454,47.157272727272726,19.46127272727273,20.657910502008416,23.798181818181817,99.90758443201669,26.0,8.8,14.540000000000004,52.0,116.64554488139535,31,0.257200088930687,1.0,6.200000000000003,9.94,41.0,0.46224983074830295,16,5306.764220609297,3160.6603068072877,8467.424527416584,3145.8
137,552,159,10.056408111971553,7.681159420289855,7.280072463768113,13.932789855072471,47.14492753623188,19.478985507246392,21.169174355382562,23.905797101449274,93.74417779745373,26.0,8.8,14.540000000000004,52.0,115.64554488139535,32,0.26563190694000993,1.0,6.200000000000003,9.94,41.0,0.053931921878672906,16,5551.137277808297,3365.898722505827,8917.036000314125,3107.6
138,575,150,10.089325754615977,7.598260869565217,7.281043478260872,13.938991304347837,47.18695652173913,18.70973913043481,20.708324799661565,24.15304347826087,99.1424183028522,26.0,8.8,14.540000000000004,52.0,114.64554488139535,32,0.26563190694000993,1.0,6.200000000000003,9.94,41.0,0.06252762776003973,16,5801.362308904187,3106.248719949235,8907.611028853422,2765.5
139,580,170,9.531832115789607,7.305172413793104,7.28724137931035,13.951724137931043,47.23879310344827,17.613103448275865,20.270728300850646,24.43448275862069,99.1424183028522,26.0,8.899999999999997,14.540000000000004,52.0,113.64554488139535,32,0.2674000835825574,1.0,6.200000000000003,9.94,41.5,0.17492017296065754,16,5528.462627157972,3446.0238111446097,8974.486438302582,3050.0
140,608,166,9.78730594610714,6.983552631578948,7.292598684210527,13.950098684210523,47.30427631578947,16.731743421052634,20.887324597972608,24.723684210526315,168.64524034512192,26.0,8.899999999999997,14.540000000000004,52.0,99.1424183028522,32,0.2674000835825574,1.0,6.100000000000003,9.94,41.5,0.014892419577143157,17,5950.68201523314,3467.295883263453,9417.977898496592,2747.0
141,638,164,9.70123026673835,6.943573667711599,7.306739811912222,13.96840125391851,47.30329153605015,16.31974921630095,20.756573478565556,24.92476489028213,168.64524034512192,26.0,8.899999999999997,14.600000000000005,52.0,96.0,33,0.2555846573414287,1.0,6.100000000000003,13.459999999999996,41.5,0.19641124569163315,17,6189.3849101790665,3404.078050484751,9593.462960663817,3134.6
142,663,155,9.867289085999419,6.720965309200603,7.3010558069381615,13.963619909502277,47.374057315233784,16.80935143288085,20.90940011528862,25.153846153846153,168.64524034512192,26.0,8.899999999999997,14.600000000000005,52.5,98.0,33,0.2555846573414287,1.0,6.100000000000003,13.459999999999996,41.5,0.10503644825408553,17,6542.012664017615,3240.957017869736,9782.96968188735,3162.4
143,674,164,9.771108413586276,6.945103857566766,7.310979228486661,13.962255192878349,47.359050445103854,17.08115727002967,19.012342271230594,25.170623145400594,101.36626539554199,26.0,8.899999999999997,14.600000000000005,52.5,168.64524034512192,33,0.2555846573414287,1.0,6.100000000000003,13.459999999999996,41.5,0.36398110455543725,17,6585.727070757151,3118.024132481817,9703.751203238968,3871.7999999999997
144,678,166,9.374857393580855,6.991150442477876,7.31106194690266,13.957079646017691,47.35545722713864,17.673893805309735,21.415100692437306,25.337758112094395,101.0041265814224,26.0,8.899999999999997,14.600000000000005,52.5,167.64524034512192,34,0.25787120899008453,1.0,6.100000000000003,13.459999999999996,41.5,0.010292303924596347,17,6356.15331284782,3554.9067149445927,9911.060027792413,3802.7999999999997
145,672,175,10.123997607167453,7.099702380952381,7.339583333333337,13.969285714285721,47.299107142857146,18.35014880952381,19.46955958251705,25.397321428571427,130.84310805965256,27.0,8.999999999999996,14.600000000000005,52.5,166.64524034512192,34,0.2509661943221085,1.0,6.100000000000003,13.459999999999996,41.5,0.014411862603172843,18,6803.326392016528,3407.1729269404836,10210.499318957012,4029.9
146,696,185,9.617224604617233,7.130747126436781,7.356178160919541,13.973793103448305,47.269396551724135,17.958189655172415,18.378781436703342,25.461206896551722,101.0041265814224,27.0,8.999999999999996,14.600000000000005,52.5,165.64524034512192,34,0.2509661943221085,1.0,6.0000000000000036,13.459999999999996,41.5,0.01712502917683345,18,6693.588324813594,3400.074565790118,10093.662890603711,3780.2999999999997
147,704,193,9.604977408039703,7.247159090909091,7.3502840909091,13.9665909090909,47.21235795454545,18.153835227272744,18.30295067215617,25.539772727272727,164.89620653944402,27.0,8.999999999999996,14.600000000000005,52.0,101.0041265814224,34,0.25787120899008453,1.0,6.0000000000000036,13.459999999999996,41.0,0.008752524535407646,18,6761.904095259952,3532.4694797261413,10294.373574986093,3922.1
148,688,221,9.847672193370103,7.194767441860465,7.359011627906978,13.972267441860474,47.22238372093023,19.241279069767455,17.62654349981457,25.648255813953487,164.89620653944402,27.0,8.999999999999996,14.600000000000005,52.5,100.0041265814224,34,0.2505895741690357,1.0,6.0000000000000036,13.459999999999996,41.0,0.009089797736482552,18,6775.198469038632,3895.46611345902,10670.664582497651,4830.4
149,674,234,9.689445943491476,7.114243323442136,7.352522255192894,13.968486646884276,47.26632047477745,19.64362017804154,19.08809731669077,25.78635014836795,164.89620653944402,27.0,8.999999999999996,14.600000000000005,52.5,105.08102687973386,34,0.2505895741690357,1.0,6.0000000000000036,13.459999999999996,41.0,0.01665377623548081,18,6530.686565913255,4466.61477210564,10997.301338018897,4371.8
150,667,231,10.233789190118989,7.053973013493254,7.342128935532235,13.96293853073464,47.2976011994003,19.00194902548726,21.12092233594259,25.973013493253372,164.89620653944402,22.0,8.999999999999996,14.540000000000004,52.5,99.0,34,0.2505895741690357,1.0,6.0000000000000036,13.459999999999996,41.0,0.022145202251866003,18,6825.937389809365,4878.9330596027385,11704.870449412105,3710.5
151,666,233,10.806988721859778,6.815315315315315,7.30630630630631,13.953243243243255,47.458708708708706,18.369369369369373,19.75763912114444,26.25075075075075,104.6879297953881,22.0,8.999999999999996,14.540000000000004,52.5,164.89620653944402,34,0.2505895741690357,1.0,6.0000000000000036,13.519999999999996,41.0,0.002358296676142846,18,7197.454488758613,4603.529915226654,11800.984403985267,3469.5
152,685,236,10.09813812483635,6.78978102189781,7.312408759124091,13.953489051094909,47.47883211678832,17.40102189781021,22.711795549556033,26.386861313868614,94.40280172391827,22.0,8.999999999999996,14.480000000000004,52.5,163.89620653944402,35,0.25787120899008453,1.0,6.200000000000003,13.519999999999996,41.0,0.07456001188700112,18,6917.2246155129,5359.983749695224,12277.208365208124,3430.8999999999996
153,716,211,9.985573630644058,6.910614525139665,7.3037709497206755,13.954245810055879,47.44972067039106,16.975418994413406,26.481448664290824,26.527932960893853,163.55531375708122,22.0,8.999999999999996,14.480000000000004,52.5,103.6879297953881,35,0.25787120899008453,1.0,6.200000000000003,13.519999999999996,41.0,0.20838169567617815,18,7149.670719541145,5587.585668165364,12737.25638770651,3302.2999999999997
154,727,203,10.959716157914778,6.878954607977992,7.291609353507579,13.947427785419519,47.511004126547455,17.304539202200804,25.153301388221422,26.775790921595597,139.20140086195914,22.0,8.999999999999996,14.540000000000004,52.5,163.55531375708122,35,0.25865004872581554,1.0,6.100000000000003,13.459999999999996,41.0,0.004716593352285692,18,7967.713646804044,5106.1201818089485,13073.833828612993,4059.2999999999997
155,738,222,10.42758802979097,6.757452574525745,7.283739837398379,13.946341463414644,47.50271002710027,17.333468834688336,25.393003145605135,26.995934959349594,105.1692767015661,22.0,8.999999999999996,14.540000000000004,52.5,162.55531375708122,35,0.25865004872581554,1.0,6.100000000000003,13.459999999999996,41.0,0.00912252495448973,18,7695.559965985736,5637.24669832434,13332.806664310076,4255.6
156,774,222,10.201891135784035,6.732558139534884,7.3021963824289475,13.948914728682178,47.513565891472865,17.635271317829453,26.027451499809434,27.121447028423773,108.29266059042378,22.0,8.999999999999996,14.540000000000004,52.5,161.55531375708122,36,0.25865004872581554,1.0,6.100000000000003,13.459999999999996,41.0,0.04943150561338561,18,7896.263739096843,5778.094232957695,13674.357972054539,4173.0
157,783,228,10.923192071907046,6.661558109833972,7.306130268199238,13.952567049808442,47.49233716475096,17.438441890166054,22.94708159227326,27.26309067688378,105.1692767015661,22.0,8.899999999999997,14.540000000000004,52.5,160.55531375708122,37,0.27428019926678543,1.0,6.100000000000003,13.459999999999996,40.5,0.03728000594350056,18,8552.859392303217,5231.934603038303,13784.793995341519,4508.3
158,814,231,11.134761037635394,6.732186732186732,7.317199017199013,13.956216216216228,47.47850122850123,17.172850122850125,20.81324288807548,27.372235872235873,150.7689416369276,22.0,8.999999999999996,14.540000000000004,52.5,159.55531375708122,37,0.27428019926678543,1.0,6.100000000000003,13.459999999999996,40.5,0.1380029200984021,18,9063.695484635211,4807.859107145436,13871.554591780647,4455.9
159,839,221,11.61491161987375,6.543504171632896,7.301668653158518,13.957735399284868,47.56078665077473,17.128247914183554,19.449352069065856,27.635280095351607,108.10306762486405,22.0,8.999999999999996,14.540000000000004,52.5,158.55531375708122,37,0.260425821835687,1.0,6.200000000000003,13.459999999999996,40.5,0.027304453241871807,19,9744.910849074076,4298.306807263554,14043.21765633763,4420.5
160,852,219,11.423216425716763,6.502347417840376,7.292253521126756,13.963169014084524,47.61267605633803,17.43650234741784,20.874866810276885,27.847417840375588,160.67322917437724,22.0,8.999999999999996,14.540000000000004,52.5,108.10306762486405,37,0.2522580324767213,1.0,6.200000000000003,13.459999999999996,40.5,0.08986083925930077,19,9732.580394710682,4571.595831450638,14304.176226161318,4855.099999999999
161,871,219,11.213222611460068,6.383467278989667,7.287830080367386,13.96624569460392,47.614810562571755,18.749368541905856,20.97748484308549,28.064293915040185,160.67322917437724,22.0,8.999999999999996,14.540000000000004,52.5,129.02485572368346,37,0.2522580324767213,1.0,6.200000000000003,13.399999999999995,40.5,0.2484584077741141,19,9766.71689458172,4594.069180635723,14360.786075217442,5567.3
162,830,276,11.700079645640379,6.425301204819277,7.28795180722891,13.967903614457834,47.693373493975905,19.357228915662635,18.36762191711783,28.234939759036145,160.67322917437724,22.0,8.999999999999996,14.540000000000004,52.5,128.02485572368346,37,0.2522580324767213,1.0,6.200000000000003,13.399999999999995,40.5,0.10157329246938196,19,9711.066105881515,5069.463649124521,14780.529755006035,6403.799999999999
163,813,270,11.650846989849578,6.34440344403444,7.288560885608863,13.96612546125459,47.758917589175894,19.72164821648215,22.3561455856572,28.39852398523985,160.67322917437724,22.0,8.999999999999996,14.600000000000005,53.0,104.89498189667839,37,0.2522580324767213,1.0,6.200000000000003,13.399999999999995,40.5,0.037999722905668776,19,9472.138602747707,6036.159308127444,15508.297910875152,5302.0
164,809,281,12.594511695631851,6.378244746600742,7.2838071693448665,13.96388133498146,47.748454882571075,19.488751545117413,20.053952111844502,28.49690976514215,137.71881415541228,22.0,8.999999999999996,14.600000000000005,53.0,160.67322917437724,37,0.2522580324767213,1.0,6.200000000000003,13.399999999999995,40.5,0.010185895689931668,20,10188.959961766168,5635.160543428305,15824.120505194473,4956.099999999999
165,828,260,12.067930416862861,6.396135265700483,7.2729468599033735,13.958333333333352,47.716787439613526,19.540579710144907,23.23603602845788,28.642512077294686,137.71881415541228,23.0,8.999999999999996,14.600000000000005,53.0,159.67322917437724,38,0.27047911177723466,1.0,6.200000000000003,13.399999999999995,40.5,0.011912200058441735,20,9992.246385162449,6041.369367399049,16033.615752561498,4588.599999999999
166,849,260,11.661319527973296,6.327444051825677,7.276325088339231,13.956961130742055,47.72143698468787,19.49575971731449,24.979808265157036,28.915194346289752,137.71881415541228,23.0,8.999999999999996,14.600000000000005,53.0,163.37481922837182,38,0.26330897461639796,1.0,6.200000000000003,13.399999999999995,40.5,0.2619189120857861,20,9900.460279249328,6494.75014894083,16395.210428190156,5066.5
167,870,255,12.166791606804164,6.358620689655172,7.299540229885058,13.960965517241394,47.72241379310345,19.57275862068963,24.54802126788306,29.070114942528736,115.57492759275556,23.0,8.999999999999996,14.600000000000005,53.0,162.37481922837182,38,0.26330897461639796,1.0,6.200000000000003,13.399999999999995,40.5,0.10548954161843893,20,10585.108697919623,6259.74542331018,16844.8541212298,4876.8
168,855,276,11.63465366168549,6.336842105263158,7.297894736842106,13.959017543859655,47.75321637426901,19.53216374269004,26.332630687506256,29.270175438596493,111.58883000706052,23.0,8.999999999999996,14.600000000000005,53.0,161.37481922837182,38,0.26330897461639796,1.0,6.200000000000003,13.399999999999995,40.5,0.07084797682517818,20,9947.628880741095,7267.806069751727,17215.43495049282,5607.9
169,834,296,12.299169033038504,6.221822541966427,7.288369304556352,13.96453237410072,47.7673860911271,19.399280575539574,25.268414995706316,29.48201438848921,143.0361150178109,23.0,8.999999999999996,14.600000000000005,53.0,160.37481922837182,38,0.26330897461639796,1.0,6.200000000000003,13.399999999999995,40.5,0.17045612065537252,20,10257.506973554113,7479.450838729069,17736.95781228318,5756.3
170,838,296,12.648207843733484,6.144391408114559,7.279594272076376,13.964558472553698,47.81264916467781,18.967780429594274,25.263879020511094,29.74343675417661,126.84047218485301,23.0,8.999999999999996,14.600000000000005,53.0,159.37481922837182,38,0.26330897461639796,1.0,6.100000000000003,13.399999999999995,40.5,0.18089528950484346,21,10599.19817304866,7478.108190071284,18077.306363119944,4881.7
171,886,282,12.925637049774679,6.191873589164786,7.266817155756208,13.962821670428898,47.79063205417607,18.635440180586883,24.873158843242614,29.899548532731377,168.54292000114737,23.0,8.999999999999996,14.600000000000005,53.0,110.58883000706052,38,0.26330897461639796,1.0,6.100000000000003,13.399999999999995,40.5,0.0012510002161718603,21,11452.114426100365,7014.230793794417,18466.34521989478,4755.299999999999
172,913,273,13.295053815060571,6.219058050383351,7.254764512595834,13.958860898138012,47.77984665936473,17.78784227820371,23.43925505297168,30.10843373493976,133.4314232378136,23.0,8.999999999999996,14.600000000000005,53.0,168.54292000114737,39,0.26330897461639796,1.0,6.100000000000003,13.399999999999995,41.0,0.02549470586555236,21,12138.3841331503,6398.916629461269,18537.30076261157,4954.5
173,938,244,13.891150281148525,6.272921108742004,7.255437100213222,13.953113006396604,47.704690831556505,18.021215351812362,25.427100001874823,30.245202558635395,158.31529279417634,24.0,9.099999999999996,14.600000000000005,53.0,167.54292000114737,39,0.26330897461639796,1.0,6.100000000000003,13.399999999999995,40.5,0.02224127333341608,21,13029.898963717316,6204.212400457457,19234.111364174772,4775.8
174,970,261,12.444043508394643,6.510309278350515,7.28422680412371,13.954041237113398,47.6319587628866,18.50927835051546,26.76311337833591,30.262886597938145,158.31529279417634,24.0,9.099999999999996,14.600000000000005,53.0,166.54292000114737,40,0.25211805564407613,1.0,6.100000000000003,13.399999999999995,40.5,0.0687689838473664,21,12070.722203142803,6985.172591745672,19055.894794888474,6093.5
175,967,272,12.509669709751726,6.472595656670114,7.288831437435376,13.9540227507756,47.626163391933815,18.898241985522237,26.390233055640852,30.428128231644262,158.31529279417634,24.0,9.099999999999996,14.600000000000005,53.5,180.2801164604934,40,0.25211805564407613,1.0,6.100000000000003,13.399999999999995,40.5,0.022336531127437054,22,12096.85060932992,7178.143391134312,19274.994000464234,5977.7
176,967,259,13.382555412049987,6.491209927611169,7.297414684591524,13.955635987590524,47.60444674250259,19.644467425025855,24.6107980501021,30.624612202688727,128.00320409740115,24.0,9.099999999999996,14.600000000000005,53.5,179.2801164604934,41,0.25211805564407613,1.0,6.100000000000003,13.399999999999995,40.5,0.06601903789300434,22,12940.931083452337,6374.196694976445,19315.12777842878,6140.8
177,962,272,12.631773877205918,6.1954261954261955,7.297193347193342,13.961954261954277,47.728170478170476,19.787214137214143,27.104849704399943,30.87214137214137,180.12226601791164,24.0,8.999999999999996,14.660000000000005,53.5,136.54902292113331,41,0.25211805564407613,1.0,6.200000000000003,13.399999999999995,41.0,0.06259178543133004,22,12151.766469872093,7372.519119596785,19524.285589468876,6220.0
178,975,274,13.150799570220947,6.1753846153846155,7.298871794871788,13.969784615384619,47.72769230769231,19.80707692307695,25.045194738906794,31.083076923076923,164.4517734286814,24.0,8.999999999999996,14.660000000000005,54.0,135.54902292113331,41,0.26330897461639796,1.0,6.200000000000003,13.399999999999995,41.0,0.020576176062828466,23,12822.029580965424,6862.383358460462,19684.412939425885,5598.8
179,963,305,13.00488547783597,6.310488058151609,7.311734164070616,13.962305295950161,47.75441329179647,19.8508826583593,22.97656593697125,31.180685358255452,124.23970285544435,24.0,8.999999999999996,14.660000000000005,54.0,134.54902292113331,42,0.26330897461639796,1.0,6.200000000000003,13.399999999999995,41.0,0.2508975645749396,23,12523.704715156038,7007.852610776232,19531.55732593227,6445.0
180,954,311,12.820744125244875,6.330188679245283,7.318658280922425,13.964465408805024,47.74109014675052,20.5487421383648,25.091559515052307,31.332285115303982,135.07842284196326,24.0,8.899999999999997,14.660000000000005,54.0,124.23970285544435,42,0.2719013064674385,1.0,6.200000000000003,13.399999999999995,41.0,0.1377951553388308,23,12230.989895483612,7803.4750091812675,20034.464904664877,6598.2
181,919,325,13.50550593065941,6.408052230685528,7.31022850924918,13.962328618063111,47.73993471164309,20.509684439608264,25.671702716142608,31.47442872687704,135.07842284196326,24.0,8.899999999999997,14.720000000000006,54.0,110.78544153093259,42,0.2966734515697815,1.0,6.100000000000003,13.399999999999995,41.0,0.12020472639533408,23,12411.559950275998,8343.303382746348,20754.863333022346,6218.9
182,923,300,13.654294938315356,6.47453954496208,7.330877573131096,13.960931744312019,47.724268689057425,20.119934994582895,28.785035166399787,31.528710725893824,135.07842284196326,24.0,8.899999999999997,14.720000000000006,54.0,109.78544153093259,42,0.2966734515697815,1.0,6.100000000000003,13.459999999999996,41.0,0.13739514665563757,23,12602.914228065074,8635.510549919936,21238.424777985012,5633.7
183,907,313,13.619611844903837,6.535832414553473,7.330209481808155,13.956339581036389,47.73869900771775,19.111797133406867,29.321106989805582,31.71003307607497,167.16639752925238,24.0,8.999999999999996,14.720000000000006,54.5,135.07842284196326,42,0.25195792612105594,1.0,6.100000000000003,13.399999999999995,41.0,0.164558272452473,23,12352.98794332778,9177.506487809147,21530.494431136925,5704.4
184,954,277,14.143249747007493,6.334381551362683,7.326729559748423,13.959874213836448,47.757337526205454,18.77756813417192,30.187222454489365,31.97798742138365,167.16639752925238,24.0,8.999999999999996,14.720000000000006,54.5,134.07842284196326,42,0.25195792612105594,1.0,6.100000000000003,13.399999999999995,41.0,0.0875211695063256,24,13492.660258645148,8361.860619893554,21854.5208785387,4908.4
185,952,290,14.562980783651096,6.125,7.284873949579828,13.950651260504202,47.80409663865546,18.72710084033612,28.880180040092856,32.3140756302521,158.22232507034028,23.0,8.999999999999996,14.720000000000006,54.5,167.16639752925238,43,0.25195792612105594,1.0,6.100000000000003,13.339999999999995,41.0,0.26050432348075203,24,13863.957706035842,8375.252211626928,22239.20991766277,5909.7
186,931,316,14.60751710589776,5.922663802363051,7.2896885069817365,13.961396348012896,47.839419978517725,18.59441460794844,28.452413966567832,32.515574650912995,182.94542200399718,23.0,8.999999999999996,14.720000000000006,54.5,166.16639752925238,43,0.25195792612105594,1.0,6.100000000000003,13.339999999999995,41.0,0.021812299601257745,24,13599.598425590813,8990.962813435435,22590.561239026247,6520.8
187,937,283,15.765105985871077,5.895410885805763,7.28292422625399,13.961579509071525,47.84738527214515,19.35923159018142,29.404593838408914,32.69797225186766,199.99197637494996,22.0,8.999999999999996,14.720000000000006,54.5,184.62222348857372,43,0.25195792612105594,1.0,6.100000000000003,13.339999999999995,41.0,0.03980489008034427,25,14771.904308761199,8321.500056269722,23093.40436503092,5750.7
188,959,276,16.118902414578915,5.850886339937435,7.28123044838372,13.956517205422315,47.82429614181439,19.97393117831074,28.75797713456968,32.89885297184567,199.99197637494996,22.0,8.999999999999996,14.720000000000006,54.5,171.00641584716286,43,0.25195792612105594,1.0,6.0000000000000036,13.339999999999995,41.0,0.2482858300852666,25,15458.02741558118,7937.201689141231,23395.229104722413,6223.1
189,941,316,15.388876081171176,5.946865037194474,7.281827842720509,13.960850159404865,47.783209351753456,19.997236981934094,29.263600598037396,33.04250797024442,207.40889728314284,22.0,8.999999999999996,14.720000000000006,54.5,170.00641584716286,43,0.25195792612105594,1.0,6.0000000000000036,13.339999999999995,41.0,0.45971133854721535,25,14480.932392382078,9247.297788979817,23728.230181361894,6427.4
190,947,309,15.333046501687198,5.986272439281943,7.287539598732837,13.95723336853221,47.762407602956706,20.42217529039068,31.039514477724254,33.24709609292503,170.72621673000964,22.0,8.999999999999996,14.720000000000006,54.5,207.40889728314284,43,0.25195792612105594,1.0,6.0000000000000036,13.339999999999995,41.0,0.07034245589892718,25,14520.395037097776,9591.209973616795,24111.60501071457,6291.8
191,963,313,14.988627564154182,6.019730010384216,7.297923156801653,13.964859813084106,47.700934579439256,19.73406022845276,31.592835457001186,33.46002076843198,206.91980343294347,23.0,8.999999999999996,14.720000000000006,54.0,170.72621673000964,40,0.2947376626845506,1.0,6.0000000000000036,13.339999999999995,41.0,0.02947601047138404,25,14434.048344280478,9888.557498041371,24322.60584232185,5706.8
192,975,306,16.459093643518052,5.863589743589744,7.288923076923076,13.963753846153839,47.77641025641026,19.100102564102553,28.34186101068708,33.69641025641025,206.91980343294347,23.0,8.999999999999996,14.720000000000006,54.0,169.72621673000964,40,0.2947376626845506,1.0,6.0000000000000036,13.339999999999995,41.0,0.07066475552235651,26,16047.616302430102,8672.609469270246,24720.22577170035,5560.0
193,984,301,16.5427163830887,5.837398373983739,7.274593495934952,13.963109756097566,47.78607723577236,19.484857723577257,28.69652950639206,33.9410569105691,206.91980343294347,24.0,8.999999999999996,14.720000000000006,54.0,168.72621673000964,40,0.3059230884912555,1.0,6.0000000000000036,13.339999999999995,41.0,0.08712165219826407,26,16278.03292095928,8637.65538142401,24915.688302383292,6054.5
194,989,324,16.404913465249212,5.888776541961577,7.281395348837198,13.967482305358947,47.83518705763397,19.87987866531851,27.16674743039004,34.04651162790697,206.91980343294347,24.0,8.999999999999996,14.720000000000006,54.0,150.83253572188255,41,0.2935784306065008,1.0,5.900000000000004,13.339999999999995,41.0,0.10110064393961604,26,16224.45941713147,8802.026167446373,25026.485584577844,6936.3
195,979,331,16.272024376230487,5.807967313585291,7.270786516853937,13.966905005107252,47.902962206332994,20.165781409601625,28.76780299033935,34.28702757916241,179.88276541704408,24.0,8.999999999999996,14.720000000000006,54.0,206.91980343294347,41,0.2782307622129774,1.0,5.900000000000004,13.339999999999995,41.0,0.06367613240051773,26,15930.311864329646,9522.142789802325,25452.454654131972,6460.5
196,964,320,17.41105753980673,5.764522821576763,7.273962655601659,13.960414937759344,47.9304979253112,20.024066390041497,28.976915247081745,34.433609958506224,168.747236114125,23.0,9.099999999999996,14.720000000000006,54.0,208.13663204343726,41,0.2782307622129774,1.0,5.900000000000004,13.339999999999995,41.0,0.1967587165592306,26,16784.25946837369,9272.612879066159,26056.87234743985,5994.4
197,968,330,16.9644695233341,5.728305785123967,7.279545454545449,13.959090909090913,47.960743801652896,19.87438016528925,30.317812542552847,34.60950413223141,210.1883626104709,23.0,9.099999999999996,14.720000000000006,54.0,178.88276541704408,41,0.2782307622129774,1.0,5.900000000000004,13.339999999999995,41.0,0.04260033064292079,26,16421.606498587407,10004.87813904244,26426.484637629845,6165.099999999999
198,973,339,17.25354334151142,5.646454265159301,7.275950668036998,13.956032887975326,48.0169578622816,19.999486125385403,27.99969862665715,34.79136690647482,213.70436535193235,23.0,9.099999999999996,14.720000000000006,54.0,206.04855670880877,40,0.27220244892872836,1.0,5.900000000000004,13.339999999999995,41.0,0.08255730390217031,26,16787.69767129061,9491.897834436773,26279.595505727382,6170.0
199,963,350,17.146163995863493,5.635514018691588,7.268847352024926,13.962679127725863,47.98390446521287,19.863759086188985,29.302236303682562,34.95742471443406,214.02764828989476,23.0,9.099999999999996,14.720000000000006,54.0,213.70436535193235,41,0.27220244892872836,1.0,5.900000000000004,13.279999999999994,41.0,0.17444447700603227,27,16511.755928016544,10255.782706288897,26767.53863430544,6516.599999999999
200,982,341,17.591380596397862,5.631364562118126,7.273930753564156,13.967800407331973,47.93482688391039,19.5662932790224,28.08407393704255,35.15376782077393,227.41805086712804,23.0,9.199999999999996,14.720000000000006,54.0,212.70436535193235,42,0.2611155943147572,1.0,5.900000000000004,13.279999999999994,41.0,0.0619481690973136,27,17274.7357456627,9576.66921253151,26851.40495819421,5732.599999999999
201,1001,343,17.1891909558932,5.600399600399601,7.262537462537461,13.967212787212791,47.92757242757243,19.20899100899101,30.293985341993366,35.353646353646354,227.41805086712804,22.0,9.199999999999996,14.720000000000006,54.0,214.02764828989476,42,0.2611155943147572,1.0,5.800000000000004,13.279999999999994,41.0,0.27197179401421456,27,17206.380146849093,10390.836972303725,27597.217119152818,5543.2
202,1021,311,17.424778549237637,5.7571008814887366,7.273457394711061,13.968501469147888,47.871204701273264,19.974828599412344,32.09541792696154,35.40548481880509,227.41805086712804,22.0,9.199999999999996,14.720000000000006,54.0,213.02764828989476,42,0.2611155943147572,1.0,5.800000000000004,13.279999999999994,41.0,0.040810096515351724,28,17790.69889877163,9981.674975285037,27772.373874056666,5964.099999999999
203,1010,329,17.158254981954382,5.692079207920792,7.286534653465345,13.969227722772294,47.85049504950495,20.27584158415841,33.803736671883605,35.576237623762374,227.41805086712804,21.0,9.199999999999996,14.720000000000006,54.0,212.02764828989476,42,0.2611155943147572,1.0,5.800000000000004,13.279999999999994,41.0,0.025944757731654056,28,17329.837531773926,11121.429365049706,28451.266896823632,6452.5
204,997,340,17.54142360702618,5.6529588766298895,7.274924774322962,13.966118355065198,47.883650952858574,20.63721163490472,32.88445706609215,35.79638916750251,172.98828767582071,21.0,9.199999999999996,14.720000000000006,54.0,227.41805086712804,42,0.273393974773698,1.0,5.800000000000004,13.279999999999994,41.0,0.0669271734996455,28,17488.7993362051,11180.715402471333,28669.51473867643,6808.0
205,991,338,19.55735123996849,5.756811301715439,7.280020181634708,13.960706357214928,47.83148335015136,20.390514631685175,27.909368552327454,35.86074672048436,226.7230119360541,21.0,9.299999999999995,14.720000000000006,54.0,137.00221573598685,42,0.3172454710525491,1.0,5.800000000000004,13.279999999999994,41.0,0.058454928144825224,28,19381.335078808774,9433.36657068668,28814.70164949545,6272.7
206,1015,313,18.861994715834005,5.833497536945813,7.2918226600985125,13.959684729064067,47.75369458128079,19.78305418719211,31.642733070057716,35.99605911330049,220.6321379233797,21.0,9.299999999999995,14.780000000000006,54.5,211.27974089727977,42,0.3172454710525491,1.0,5.800000000000004,13.279999999999994,41.0,0.1913683202674381,28,19144.924636571515,9904.175450928065,29049.10008749958,5646.8
207,1060,293,18.674808310596,5.8254716981132075,7.2826415094339625,13.958000000000013,47.738207547169814,19.31981132075471,31.74571053027657,36.22830188679245,220.6321379233797,21.0,9.299999999999995,14.780000000000006,54.5,116.16850347390387,42,0.2734785609332496,1.0,5.800000000000004,13.279999999999994,41.0,0.1411538110648869,29,19795.29680923176,9301.493185371035,29096.789994602797,5477.2
208,1057,277,19.777691103211108,5.874172185430464,7.291106906338703,13.956348155156121,47.723746452223274,19.62336802270578,31.244309655282034,36.402081362346266,212.3737524732029,21.0,9.299999999999995,14.780000000000006,54.5,206.79434251889705,43,0.2734785609332496,1.0,5.800000000000004,13.279999999999994,41.0,0.32146998535350524,29,20905.01949609414,8654.673774513123,29559.693270607262,6243.599999999999
209,1065,314,18.514220901412827,5.9633802816901404,7.284976525821606,13.951492957746499,47.73051643192488,19.138873239436595,30.810387591727547,36.544600938967136,209.35869163309223,21.0,9.299999999999995,14.780000000000006,54.5,179.4020451449332,43,0.2734785609332496,1.0,5.800000000000004,13.219999999999994,41.0,0.07387770462988885,29,19717.64526000466,9674.46170380245,29392.106963807113,6452.0
210,1054,302,19.773993389757106,6.089184060721062,7.296869070208733,13.948880455407958,47.68595825426945,19.734535104364358,30.521127621574312,36.63377609108159,209.35869163309223,21.0,9.299999999999995,14.840000000000007,54.5,178.4020451449332,43,0.2734785609332496,1.0,5.800000000000004,13.219999999999994,41.0,0.09396374528594609,29,20841.78903280399,9217.380541715442,30059.16957451943,6409.0
211,1066,297,20.59301487974078,5.921200750469043,7.254127579737342,13.944277673545978,47.74671669793621,20.30553470919325,27.142971052794575,36.950281425891184,233.49184890640973,21.0,9.199999999999996,14.840000000000007,54.5,123.58470955987234,43,0.2614806724648506,1.0,5.800000000000004,13.219999999999994,41.0,0.10753729963616254,30,21952.153861803672,8061.462402679989,30013.616264483662,6656.4
212,1056,302,20.046873540076817,5.923295454545454,7.244507575757586,13.937954545454561,47.75426136363637,19.96363636363637,29.14373850426045,37.08143939393939,233.49184890640973,21.0,9.199999999999996,14.840000000000007,54.5,185.73257626558933,43,0.2614806724648506,1.0,5.800000000000004,13.219999999999994,41.0,0.020459483262896372,30,21169.49845832112,8801.409028286656,29970.907486607775,6502.8
213,1051,304,19.77709514863243,5.9324452901998095,7.264509990485263,13.945195052331117,47.762607040913416,19.76641294005709,31.860185730790977,37.14747859181732,302.2860266078583,21.0,9.199999999999996,14.840000000000007,54.5,184.73257626558933,43,0.2614806724648506,1.0,5.800000000000004,13.219999999999994,41.0,0.31910575915011874,30,20785.727001212683,9685.496462160458,30471.223463373142,6167.3
214,1069,310,18.603241290066258,5.793264733395697,7.2614593077642775,13.942245088868114,47.83536014967259,19.449111318989704,35.61293692601895,37.31057062675398,191.86253164759862,21.0,9.199999999999996,14.840000000000007,54.5,302.2860266078583,43,0.26519513005348333,1.0,5.700000000000005,13.219999999999994,41.0,0.15862273552627482,30,19886.86493908083,11040.010447065875,30926.875386146705,5818.5
215,1057,308,19.805222523992516,5.696310312204352,7.2311258278145765,13.950047303689686,47.86660359508041,19.467549668874174,33.213390310062366,37.54588457899716,237.75361422188132,21.0,9.199999999999996,14.900000000000007,54.5,301.2860266078583,44,0.25768806562845276,1.0,5.700000000000005,13.219999999999994,41.5,0.04633354491173858,30,20934.12020786009,10229.72421549921,31163.8444233593,6150.5
216,1058,293,19.636091065354133,5.777882797731569,7.224291115311917,13.943119092627597,47.85207939508506,19.88213610586012,36.26277927608468,37.62287334593573,235.60526795339607,21.0,9.199999999999996,14.900000000000007,54.5,300.2860266078583,44,0.25768806562845276,1.0,5.700000000000005,13.219999999999994,41.5,0.1098111775750632,30,20774.984347144673,10624.994327892811,31399.978675037484,6307.9
217,1065,306,19.159737047849656,5.876056338028169,7.246197183098596,13.946478873239446,47.753990610328636,19.819718309859134,36.37749224877271,37.750234741784034,304.48783879602087,21.0,9.199999999999996,14.960000000000008,54.5,298.7508764950283,45,0.25768806562845276,1.0,5.700000000000005,13.219999999999994,41.5,0.09512122714397031,30,20405.119955959883,11131.51262812445,31536.632584084335,6067.3
218,1050,320,19.114278824961964,5.636190476190476,7.22666666666667,13.947257142857142,47.815714285714286,20.410571428571437,37.091126224295074,38.05809523809524,304.48783879602087,21.0,9.299999999999995,14.960000000000008,54.5,297.7508764950283,45,0.2678327028160616,1.0,5.700000000000005,13.219999999999994,41.5,0.07545494315985213,31,20069.992766210064,11869.160391774423,31939.15315798449,6954.5
219,1028,331,20.034872909633677,5.6449416342412455,7.228988326848254,13.949513618677061,47.79328793774319,20.539785992217904,36.5246745343298,38.195525291828794,304.48783879602087,20.0,9.299999999999995,14.960000000000008,54.5,296.7508764950283,45,0.2678327028160616,1.0,5.700000000000005,13.219999999999994,41.5,0.26643686815087264,31,20595.84935110342,12089.667270863163,32685.516621966584,6581.3
220,1023,327,20.20559544266123,5.577712609970675,7.199217986314769,13.947214076246338,47.82649071358749,20.744086021505378,38.366006763817694,38.50244379276637,222.4147184545747,20.0,9.299999999999995,14.960000000000008,54.5,304.48783879602087,45,0.2924489025383419,1.0,5.700000000000005,13.159999999999993,41.5,0.3559459482768441,31,20670.32413784244,12545.684211768386,33216.00834961083,6497.2
221,1040,316,20.47211011394575,5.5836538461538465,7.18673076923078,13.94634615384617,47.81826923076923,20.614134615384607,38.46636999258349,38.74807692307692,297.3234777644614,21.0,9.299999999999995,14.960000000000008,54.5,303.48783879602087,45,0.3177743117526206,1.0,5.600000000000005,13.159999999999993,41.5,0.06150452502762205,31,21290.99451850358,12155.372917656381,33446.36743615996,6466.1
222,1025,342,20.512086479887042,5.650731707317073,7.192487804878057,13.940058536585385,47.78829268292683,19.929365853658524,37.44680797398309,38.90829268292683,297.3234777644614,21.0,9.199999999999996,14.900000000000007,52.5,302.48783879602087,45,0.25290367870160213,1.0,5.600000000000005,13.159999999999993,41.5,0.13943076954561295,32,21024.88864188422,12806.808327102217,33831.696968986435,6196.1
223,1013,314,21.49398528797169,5.686080947680158,7.189239881539991,13.941480750246798,47.768015794669296,20.681737413622916,39.84951691306854,39.09476801579467,297.3234777644614,21.0,9.199999999999996,14.960000000000008,52.5,301.48783879602087,44,0.25290367870160213,1.0,5.600000000000005,13.159999999999993,41.5,0.06065677891775101,32,21773.40709671532,12512.748310703522,34286.155407418846,6435.1
224,1041,327,20.50378697860053,5.655139289145053,7.191930835734877,13.942536023054751,47.752161383285305,20.84418828049948,39.63922471709606,39.254562920268974,304.1556058817871,21.0,9.199999999999996,14.960000000000008,52.5,300.48783879602087,44,0.25290367870160213,1.0,5.600000000000005,13.159999999999993,41.5,0.22849722637498626,32,21344.44224472315,12962.026482490412,34306.46872721356,6493.9
225,1006,341,21.815772213082116,5.71272365805169,7.220775347912535,13.943101391650105,47.73359840954274,20.73270377733597,37.35035922331225,39.362823061630216,304.1556058817871,22.0,9.199999999999996,14.960000000000008,52.5,208.48487457376586,45,0.25290367870160213,1.0,5.600000000000005,13.159999999999993,42.0,0.22402924833644322,32,21946.666846360607,12736.472495149479,34683.13934151009,6873.8
226,993,328,22.832683313101963,5.709969788519637,7.218429003021154,13.93607250755287,47.76737160120846,19.966868076535754,36.62548145834116,39.566968781470294,314.991366808365,22.0,9.199999999999996,14.900000000000007,52.5,207.48487457376586,45,0.25638886181056736,1.0,5.600000000000005,13.159999999999993,41.5,0.15135192845556888,32,22672.854529910248,12013.1579183359,34686.01244824615,6095.9
227,1013,327,22.691216774115517,5.6071076011846,7.205330700888453,13.933840078973347,47.79022704837117,19.214511352418572,35.06733561222506,39.84304047384008,314.991366808365,22.0,9.199999999999996,14.900000000000007,52.5,197.86190368058217,45,0.25638886181056736,1.0,5.600000000000005,13.159999999999993,41.5,0.3206968630556455,32,22986.20259217902,11467.018745197594,34453.22133737661,5749.6
228,1035,316,22.10657924996997,5.495652173913044,7.19787439613526,13.93310144927536,47.81352657004831,18.788695652173903,36.35656293940542,40.05797101449275,249.06664312274114,22.0,9.199999999999996,14.900000000000007,52.5,314.991366808365,45,0.25638886181056736,1.0,5.600000000000005,13.159999999999993,41.5,0.28230502103734345,32,22880.309523718915,11488.673888852114,34368.98341257103,5672.099999999999
229,1056,315,20.737606245883466,5.5606060606060606,7.206723484848487,13.928693181818177,47.81392045454545,18.975946969696963,39.330280455828614,40.18560606060606,327.6294287482982,22.0,9.199999999999996,14.900000000000007,52.5,258.8182565289388,45,0.25638886181056736,1.0,5.600000000000005,13.159999999999993,41.5,0.08666526603929814,33,21898.91219565294,12389.038343586013,34287.950539238955,5971.4
230,1061,320,20.85593808440616,5.569274269557022,7.19802073515552,13.93779453345902,47.788407163053726,19.36946277097077,39.49292854396607,40.359095193213946,240.72916291925856,21.0,9.199999999999996,14.960000000000008,52.5,327.6294287482982,46,0.25638886181056736,1.0,5.600000000000005,13.159999999999993,41.5,0.13418936473153886,33,22128.150307554934,12637.737134069142,34765.88744162407,6624.3
231,1068,309,21.542704489649413,5.5664794007490634,7.22125468164795,13.93825842696629,47.78464419475655,20.10308988764046,38.7999358869706,40.46348314606742,266.26721526127034,21.0,9.199999999999996,14.960000000000008,53.0,326.6294287482982,46,0.26784927182244295,1.0,5.600000000000005,13.159999999999993,41.5,0.25638886181056736,33,23007.60839494557,11989.180189073915,34996.78858401949,6991.6
232,1070,305,22.876388046062825,5.576635514018691,7.202242990654202,13.938429906542055,47.714018691588784,20.308971962616813,34.84426164343861,40.600934579439254,266.26721526127034,22.0,9.199999999999996,15.020000000000008,53.0,325.6294287482982,46,0.26784927182244295,1.0,5.500000000000005,13.159999999999993,41.5,0.008714423096600754,33,24477.735209287224,10627.499801248776,35105.235010536,6590.1
233,1024,343,22.145015631143547,5.4638671875,7.175195312500004,13.938417968750006,47.82470703125,19.63662109374998,37.00153588968467,40.8515625,266.3083346037437,22.0,9.199999999999996,15.020000000000008,53.0,344.8145632264191,46,0.26784927182244295,1.0,5.500000000000005,13.159999999999993,41.5,0.038430484756719174,33,22676.496006290992,12691.52681016184,35368.02281645283,6269.1
234,1035,310,22.59007199105726,5.388405797101449,7.190531400966189,13.940869565217405,47.818357487922704,19.586956521739108,39.162957275378325,41.05990338164251,394.90713046547955,22.0,9.199999999999996,15.020000000000008,53.0,265.26721526127034,46,0.3766458428790722,1.0,5.500000000000005,13.159999999999993,41.0,0.04373927763505514,33,23380.724510744265,12140.516755367282,35521.241266111545,5835.900000000001
235,1068,296,22.71445852908465,5.413857677902621,7.178838951310862,13.938146067415733,47.84691011235955,19.44400749063669,39.437857489230005,41.21067415730337,394.90713046547955,22.0,9.199999999999996,15.020000000000008,53.0,264.26721526127034,46,0.27259513143616987,1.0,5.500000000000005,13.159999999999993,41.0,0.05131943818429607,33,24259.041709062403,11673.605816812082,35932.64752587448,6059.0
236,1060,287,22.82850465946144,5.480188679245283,7.186320754716977,13.93677358490566,47.87216981132075,19.69660377358491,42.10355979118949,41.34905660377358,406.90713046547955,22.0,9.199999999999996,15.020000000000008,53.0,336.9066490138488,47,0.27259513143616987,1.0,5.500000000000005,13.159999999999993,41.0,0.126202556308594,34,24198.214939029127,12083.721660071384,36281.93659910051,6661.4
237,1071,299,22.639952775303776,5.497665732959851,7.183099906629316,13.934005602240891,47.91503267973856,19.567413632119514,40.93736979573699,41.49486461251167,349.1430432855881,22.0,9.199999999999996,15.020000000000008,53.0,406.90713046547955,47,0.27259513143616987,1.0,5.500000000000005,13.159999999999993,41.0,0.3160854688276011,34,24247.389422350345,12240.27356892536,36487.662991275705,6526.9
238,1089,297,22.62116619853265,5.462809917355372,7.178328741965106,13.935041322314072,47.91919191919192,19.858861340679525,40.035341136557115,41.6574839302112,349.1430432855881,22.0,9.199999999999996,15.020000000000008,53.0,416.51414991342045,47,0.27259513143616987,1.0,5.500000000000005,13.099999999999993,41.0,0.01754644682937956,34,24634.449990202054,11890.496317557463,36524.946307759514,6371.3
239,1078,309,21.671865834818224,5.441558441558442,7.17077922077922,13.933988868274598,47.88358070500928,19.885435992578874,43.274114325010544,41.8404452690167,521.359371712872,22.0,9.199999999999996,15.020000000000008,53.0,415.51414991342045,47,0.27259513143616987,1.0,5.500000000000005,13.099999999999993,41.5,0.04502795188288555,34,23362.271369934046,13371.701326428258,36733.9726963623,6768.6
240,1066,315,21.44912184308768,5.456848030018762,7.187992495309575,13.93093808630395,47.94559099437148,20.07279549718576,43.9719804940778,41.928705440900565,521.359371712872,23.0,9.299999999999995,15.020000000000008,53.0,414.51414991342045,47,0.2815506390771485,1.0,5.500000000000005,13.099999999999993,41.5,0.07171441911868337,34,22864.76388473147,13851.173855634506,36715.937740365975,6265.3
241,1076,292,22.57795842068101,5.515799256505576,7.186338289962829,13.935985130111547,47.99860594795539,19.842936802973995,42.72920553463551,42.045539033457246,521.359371712872,23.0,9.299999999999995,15.020000000000008,53.0,413.51414991342045,48,0.2815506390771485,1.0,5.500000000000005,13.099999999999993,41.5,0.126202556308594,34,24293.88326065277,12476.928016113568,36770.81127676634,5553.400000000001
242,1119,262,23.633951060065503,5.514745308310992,7.185969615728336,13.941769436997337,48.05004468275246,20.021000893655025,39.613536166720294,42.18319928507596,425.1074013600874,23.0,9.299999999999995,15.020000000000008,53.0,521.359371712872,48,0.3097445722354212,1.0,5.600000000000005,13.099999999999993,41.5,0.32794049679121356,34,26446.391236213298,10378.746475680717,36825.137711894015,5682.0
243,1082,303,22.969781054983915,5.468576709796673,7.17301293900185,13.940942698706102,48.08826247689464,20.365157116451037,39.799198586984375,42.42883548983364,351.84172740019784,23.0,9.299999999999995,15.020000000000008,53.5,520.359371712872,48,0.3097445722354212,1.0,5.600000000000005,13.099999999999993,41.5,0.2965001086133543,34,24853.3031014926,12059.157171856265,36912.460273348865,7475.0
244,1055,307,22.65696124928789,5.392417061611375,7.169478672985774,13.946085308056885,48.133175355450234,20.41175355450237,43.7446688529538,42.63412322274881,526.8470802217565,23.0,9.299999999999995,15.020000000000008,53.5,424.1074013600874,48,0.27377407755324656,1.0,5.600000000000005,13.099999999999993,41.0,0.0027972606214468065,34,23903.094117998724,13429.613337856817,37332.70745585554,6652.0
245,1034,308,21.908308149847272,5.591876208897485,7.186943907156676,13.94765957446808,48.109767891682786,20.475918762088973,48.54038797281372,42.76499032882012,251.1722749920368,23.0,9.299999999999995,15.020000000000008,53.5,526.8470802217565,48,0.2554636767783568,1.0,5.600000000000005,13.159999999999993,41.0,0.10442820531138386,35,22653.19062694208,14950.439495626626,37603.630122568706,6529.5
246,1048,293,22.844390316279394,5.550572519083969,7.188740458015264,13.945152671755732,48.14885496183206,20.19742366412214,46.46718182717571,42.87404580152672,423.68155779092075,23.0,9.299999999999995,15.020000000000008,53.5,525.8470802217565,48,0.2554636767783568,1.0,5.600000000000005,13.159999999999993,41.0,0.07256726660535096,35,23940.921051460806,13614.884275362481,37555.80532682329,5633.3
247,1075,266,23.306303174063824,5.4362790697674415,7.186511627906974,13.939665116279057,48.16418604651163,20.442976744186055,46.529444507003845,43.06697674418605,435.8759088932709,23.0,9.299999999999995,15.020000000000008,53.5,524.8470802217565,49,0.26651773531147716,1.0,5.600000000000005,13.159999999999993,41.0,0.00762707577440036,35,25054.27591211861,12376.832238863022,37431.10815098163,5860.6
248,1057,306,23.537475270302213,5.351939451277199,7.154966887417221,13.93426679280985,48.23841059602649,20.056007568590356,40.39023061790466,43.3519394512772,423.68155779092075,23.0,9.299999999999995,15.020000000000008,53.5,523.8470802217565,49,0.26651773531147716,1.0,5.600000000000005,13.159999999999993,41.0,0.10635221044141518,35,24879.11136070944,12359.410569078827,37238.52192978827,6739.7
249,1048,318,24.05333923029445,5.344465648854962,7.138549618320614,13.93868320610688,48.2638358778626,20.150000000000006,38.6855685309254,43.58587786259542,612.0737551475422,23.0,9.399999999999995,15.020000000000008,53.5,303.5240556873318,50,0.26651773531147716,1.0,5.600000000000005,13.159999999999993,41.0,0.0006192189113689572,36,25207.899513348584,12302.010792834279,37509.910306182865,6667.4
250,1043,308,22.85906377502658,5.25503355704698,7.133940556088207,13.939654841802502,48.29242569511026,20.54621284755513,44.88859884546234,43.744007670182164,580.0604324056477,23.0,9.399999999999995,15.020000000000008,53.5,612.0737551475422,50,0.26651773531147716,1.0,5.500000000000005,13.159999999999993,41.5,0.13162729749341429,36,23842.003517352725,13825.6884444024,37667.691961755125,6457.6
251,1061,291,23.23586516027415,5.27521206409048,7.131668237511782,13.946446748350626,48.333176248821864,20.59359095193212,43.68214027677751,43.91423185673892,580.0604324056477,23.0,9.399999999999995,15.020000000000008,54.0,611.0737551475422,50,0.25686551021342674,1.0,5.500000000000005,13.159999999999993,41.0,0.16904183944376117,36,24653.252935050874,12711.502820542255,37364.75575559313,6013.2
252,1052,320,22.988390658810026,5.227186311787072,7.13022813688213,13.947642585551343,48.368346007604565,20.206749049429657,40.63216132352288,44.120722433460074,629.8958869136117,23.0,9.399999999999995,14.960000000000008,54.0,580.0604324056477,50,0.25686551021342674,1.0,5.500000000000005,13.159999999999993,41.0,0.08961530542843121,36,24183.78697306815,13002.291623527322,37186.07859659547,6497.400000000001
253,1040,318,24.30783143272931,5.2086538461538465,7.144807692307699,13.946057692307704,48.40384615384615,20.532019230769244,37.82677353093065,44.28269230769231,629.8958869136117,23.0,9.399999999999995,14.960000000000008,54.0,336.9811469813633,50,0.25686551021342674,1.0,5.500000000000005,13.159999999999993,41.0,0.030323740670396893,36,25280.14469003848,12028.913982835948,37309.058672874424,6609.8
254,1034,333,24.642783012643775,5.163442940038685,7.151160541586079,13.945338491295924,48.43326885880077,20.25377176015474,36.06786171503901,44.42359767891683,629.8958869136117,23.0,9.299999999999995,14.960000000000008,54.0,262.3348295969954,50,0.2589527280353399,1.0,5.500000000000005,13.159999999999993,41.0,0.0390283428957634,36,25480.637635073665,12010.59795110799,37491.235586181654,6705.0
255,1051,312,24.230084732204702,5.195052331113225,7.15099904852522,13.95547098001902,48.4162702188392,20.77002854424361,39.888549178702355,44.65746907706946,629.8958869136117,23.0,9.299999999999995,14.960000000000008,54.0,261.3348295969954,51,0.2589527280353399,1.0,5.500000000000005,13.159999999999993,43.0,0.015212381956457133,36,25465.81905354714,12445.227343755134,37911.04639730227,6553.1
256,1032,314,23.860215931515516,5.1647286821705425,7.136434108527143,13.955174418604628,48.44331395348837,21.09166666666666,40.90224560551721,44.867248062015506,609.4069809477126,23.0,9.299999999999995,14.960000000000008,54.0,718.6778081884956,51,0.2589527280353399,1.0,5.500000000000005,13.159999999999993,43.0,0.08611790520748208,37,24623.742841324012,12843.305120132403,37467.04796145642,7036.8
257,1044,318,22.5960708918055,5.186781609195402,7.13649425287357,13.947873563218392,48.464080459770116,21.229980842911854,44.82712625882155,45.06704980842912,609.4069809477126,24.0,9.299999999999995,14.960000000000008,54.0,717.6778081884956,51,0.2589527280353399,1.0,5.500000000000005,13.159999999999993,43.0,0.05292289943512696,37,23590.298011044943,14255.026150305253,37845.324161350196,6455.5
258,1030,334,22.47166083261229,5.131067961165049,7.167961165048542,13.943844660194165,48.429611650485434,20.47737864077669,44.341512002062885,45.258252427184466,749.1782145901968,24.0,9.299999999999995,14.960000000000008,54.0,268.4742778103942,51,0.2610703467611223,1.0,5.500000000000005,13.219999999999994,43.0,0.04428138704448914,37,23145.81065759066,14810.065008689004,37955.875666279666,6521.700000000001
259,1024,328,24.430344227488668,5.1220703125,7.172753906250009,13.944511718750006,48.47412109375,19.721679687499968,39.68518828688447,45.4462890625,609.4069809477126,24.0,9.299999999999995,14.960000000000008,54.0,258.98176519325966,51,0.2610703467611223,1.0,5.500000000000005,13.159999999999993,42.5,0.1420808856822866,37,25016.672488948396,13016.741758098105,38033.4142470465,6204.7
260,1071,279,24.369807208668554,5.15406162464986,7.1702147525676985,13.945714285714269,48.482726423902896,19.30028011204481,42.80172511015419,45.54621848739496,332.00690223777195,24.0,9.299999999999995,15.020000000000008,54.0,609.4069809477126,52,0.2874819583143984,1.0,5.600000000000005,13.159999999999993,42.5,0.24077218283326074,37,26100.063520484022,11941.681305733018,38041.74482621704,5405.6
261,1088,289,22.44216047843172,5.025735294117647,7.162316176470598,13.945349264705868,48.502297794117645,18.988511029411782,46.09730875243896,45.79044117647059,334.97141852353303,24.0,9.299999999999995,15.020000000000008,54.0,608.4069809477126,52,0.2912389108266064,1.0,5.600000000000005,13.159999999999993,42.5,0.0710404428411433,38,24417.070600533712,13322.12222945486,37739.19282998858,6470.7
262,1098,310,21.524848744701483,4.892531876138434,7.1554644808743255,13.945355191256827,48.59016393442623,18.82550091074683,44.684062041306,46.08469945355191,740.1135447554542,24.0,9.299999999999995,15.020000000000008,54.0,334.97141852353303,52,0.3583444602440631,1.0,5.600000000000005,13.159999999999993,42.5,0.34775721127750026,38,23634.28392168223,13852.05923280486,37486.34315448709,6918.1
263,1097,291,23.63901622871791,4.896080218778486,7.156608933454881,13.952743846855045,48.626709206927984,20.219963536918886,42.04625798046611,46.192342752962624,740.1135447554542,24.0,9.099999999999996,15.020000000000008,54.0,499.61035851826125,52,0.3583444602440631,1.0,5.600000000000005,13.159999999999993,42.5,0.22271118868818363,38,25932.00080290355,12235.461072315638,38167.46187521919,7058.3
264,1068,306,22.458647674883984,4.9232209737827715,7.135580524344567,13.94617977528088,48.65777153558052,21.159269662921357,44.33323180702565,46.42977528089887,740.1135447554542,24.0,9.099999999999996,15.020000000000008,54.0,498.61035851826125,53,0.3004348535942456,1.0,5.600000000000005,13.159999999999993,42.0,0.5075086896093044,38,23985.835716776095,13565.968932949849,37551.80464972594,7849.2
265,1044,310,25.849206527486142,4.878352490421456,7.1406130268199215,13.947931034482746,48.58860153256705,21.260632183908044,34.40078768178952,46.53927203065134,740.1135447554542,24.0,9.099999999999996,15.020000000000008,54.5,230.96708552787635,53,0.3516049877193492,1.0,5.600000000000005,13.159999999999993,42.0,0.0850973647261597,38,26986.57161469553,10664.24418135475,37650.81579605028,6624.6
266,1040,316,23.889240213260084,4.875,7.152980769230766,13.945999999999993,48.52355769230769,20.50173076923078,40.51973478447709,46.65673076923077,501.7317134785283,24.0,9.099999999999996,15.020000000000008,54.5,740.1135447554542,53,0.3516049877193492,1.0,5.600000000000005,13.159999999999993,42.0,0.19847978356151774,38,24844.809821790488,12804.236191894759,37649.04601368525,5926.5
267,1069,314,23.04060423036095,4.869036482694106,7.153788587464919,13.944153414405983,48.498129092609915,20.396632366697848,41.33297293217369,46.80168381665108,501.7317134785283,24.0,8.999999999999996,15.020000000000008,54.5,739.1135447554542,53,0.42142146697872807,1.0,5.600000000000005,13.159999999999993,41.5,0.21767616625803043,39,24630.405922255857,12978.55350070254,37608.959422958396,5950.8
268,1077,293,21.752482945588532,4.816155988857939,7.146518105849592,13.941727019498583,48.60306406685237,20.62497678737233,49.80499569188434,47.010213556174556,501.7317134785283,23.0,8.899999999999997,15.020000000000008,54.5,738.1135447554542,53,0.3104676549877976,1.0,5.600000000000005,13.159999999999993,41.5,0.009343925300450362,39,23427.42413239885,14592.863737722113,38020.28787012096,6440.2
269,1070,310,23.72124912570439,4.894392523364486,7.145046728971966,13.944373831775671,48.65654205607477,20.600186915887846,41.753969207520115,47.20841121495327,739.850204300918,23.0,8.899999999999997,15.020000000000008,54.5,501.7317134785283,54,0.3104676549877976,1.0,5.600000000000005,13.159999999999993,41.5,0.24351394365007195,39,25381.736564503695,12943.730454331235,38325.46701883493,6741.3
270,1063,287,25.471450093234292,4.829727187206021,7.137629350893696,13.939322671683907,48.598306679209784,20.433490122295385,39.50300805634408,47.43085606773283,739.850204300918,14.0,8.899999999999997,15.020000000000008,55.0,500.7317134785283,54,0.2763964207038141,1.0,5.600000000000005,13.159999999999993,41.5,0.2157413567512534,39,27076.151449108052,11337.36331217075,38413.5147612788,6586.3
271,1093,284,25.045790808347085,4.82708142726441,7.150503202195798,13.933961573650505,48.570905763952425,19.83522415370541,37.975626856886755,47.635864592863676,739.850204300918,14.0,8.899999999999997,15.020000000000008,55.0,258.2885977271472,54,0.2763964207038141,1.0,5.600000000000005,13.159999999999993,41.5,0.03637807248404745,40,27375.049353523365,10785.07802735584,38160.1273808792,6453.3
272,1077,307,23.287630445950064,4.792014856081709,7.138718662952656,13.932757660167118,48.56406685236769,19.361745589600773,43.16759818392136,47.856081708449395,739.850204300918,14.0,8.899999999999997,15.020000000000008,55.0,505.5991106775918,54,0.2763964207038141,1.0,5.600000000000005,13.159999999999993,41.5,0.13952383921687672,40,25080.77799028822,13252.452642463859,38333.23063275208,6830.2
273,1119,250,24.48691137187829,4.789991063449508,7.1544235924933055,13.925898123324384,48.62377122430742,20.359606791778383,45.03766514569761,47.98480786416443,739.850204300918,14.0,8.999999999999996,15.020000000000008,55.0,504.5991106775918,54,0.3323364288472889,1.0,5.600000000000005,13.159999999999993,41.5,0.0012644037122941931,40,27400.853825131806,11259.416286424403,38660.27011155621,6200.5
274,1137,254,21.836424766307573,4.754617414248021,7.153210202286719,13.91562005277042,48.661389621811786,20.65039577836409,54.3655641306921,48.17941952506596,517.7187019554514,14.0,8.999999999999996,15.080000000000009,55.0,739.850204300918,55,0.255659296097958,1.0,5.600000000000005,13.099999999999993,41.5,0.0727561449680949,40,24828.01495929171,13808.853289195793,38636.8682484875,6964.8
275,1114,306,22.201289506760904,4.701077199281867,7.1534111310592445,13.911669658886888,48.66472172351885,20.12423698384202,45.52415373555846,48.333931777378815,752.3270633775147,13.0,8.999999999999996,15.080000000000009,55.0,502.5991106775918,55,0.255659296097958,1.0,5.500000000000005,13.099999999999993,42.0,0.0025288074245883863,40,24732.236510531646,13930.391043080888,38662.62755361253,7050.7
276,1117,268,23.77493130983487,4.690241718889884,7.15729632945389,13.909435989256933,48.6727842435094,21.350044762757378,45.49171783262053,48.46105640107431,752.3270633775147,12.0,8.999999999999996,15.080000000000009,55.0,368.84189861284744,55,0.255659296097958,1.0,5.400000000000006,13.099999999999993,42.0,0.3444630967213618,40,26556.59827308555,12191.780379142303,38748.37865222785,6547.8
277,1076,305,24.3685521837787,4.676579925650557,7.164591078066912,13.90704460966542,48.63615241635688,21.228903345724902,37.48752670644747,48.63475836431227,412.76468817821734,12.0,8.899999999999997,15.080000000000009,55.0,514.9375483942491,55,0.255659296097958,1.0,5.400000000000006,13.099999999999993,42.0,0.01997572357373012,41,26220.56214974588,11433.695645466478,37654.25779521236,7823.5
278,1074,297,23.52837244085488,4.675977653631285,7.185288640595902,13.906983240223457,48.603817504655495,21.120949720670364,42.71523903161302,48.74301675977654,412.76468817821734,12.0,8.899999999999997,15.080000000000009,55.0,513.9375483942491,55,0.255659296097958,1.0,5.400000000000006,13.099999999999993,42.0,0.040116790675322145,41,25269.47200147814,12686.425992389066,37955.897993867206,6196.900000000001
279,1056,306,23.3207868956328,4.610795454545454,7.198106060606069,13.908863636363623,48.60179924242424,21.058617424242406,41.540239857952784,48.91193181818182,412.76468817821734,12.0,8.899999999999997,15.080000000000009,54.5,512.9375483942491,55,0.255659296097958,1.0,5.400000000000006,13.099999999999993,41.5,0.02239498993127409,42,24626.750961788235,12711.313396533551,37338.06435832179,7041.0
280,1047,311,23.903761459382622,4.595033428844317,7.18309455587393,13.903954154727789,48.72349570200573,20.837344794651415,39.74570762241002,49.15090735434575,586.2309368671129,12.0,8.899999999999997,15.080000000000009,54.0,394.498821368974,56,0.33598446625029427,1.0,5.400000000000006,13.039999999999992,41.5,0.01997572357373012,42,25027.238247973604,12360.915070569517,37388.15331854312,6364.9
281,1055,310,22.460704959518193,4.521327014218009,7.189289099526072,13.901383886255902,48.782938388625595,20.987677725118502,44.67496676390536,49.338388625592415,412.76468817821734,12.0,8.899999999999997,15.080000000000009,54.5,393.498821368974,56,0.31233974988062857,1.0,5.400000000000006,13.039999999999992,41.5,0.1502754444066836,42,23696.043732291695,13849.239696810662,37545.28342910236,6529.5
282,1034,304,23.063528418060923,4.550290135396518,7.205705996131528,13.889516441005801,48.73017408123791,21.256382978723412,43.323120400046925,49.44487427466151,413.34164915540987,12.0,8.999999999999996,15.080000000000009,54.5,412.76468817821734,56,0.2988030784227943,1.0,5.400000000000006,13.039999999999992,41.5,0.40054574116997177,42,23847.688384274992,13170.228601614266,37017.91698588926,7018.4
283,1045,289,23.418638549011032,4.511004784688995,7.217416267942583,13.885282296650715,48.66459330143541,21.052727272727264,42.48716017071392,49.53492822966507,413.34164915540987,12.0,8.999999999999996,15.080000000000009,54.5,411.76468817821734,56,0.25577777483462116,1.0,5.300000000000006,12.979999999999992,41.5,0.07976057109184342,42,24472.47728371653,12278.789289336322,36751.26657305285,6549.6
284,1046,323,21.748345234424065,4.422562141491396,7.218068833652007,13.882868068833654,48.70745697896749,19.774665391969396,43.52065763660655,49.75717017208413,411.95033100024057,12.0,8.999999999999996,15.080000000000009,54.5,413.34164915540987,57,0.25577777483462116,1.0,5.300000000000006,12.979999999999992,41.5,0.43154923821187396,42,22748.76911520757,14057.172416623916,36805.941531831486,6014.3
285,1046,302,23.35578900246442,4.405353728489484,7.205353728489491,13.886940726577414,48.67495219885277,20.49435946462713,41.463659258337664,49.90535372848949,383.32741734501496,13.0,8.999999999999996,15.080000000000009,54.5,412.34164915540987,57,0.251153726127965,1.0,5.300000000000006,12.979999999999992,41.5,0.019159993122187746,42,24430.15529657778,12522.025096017975,36952.18039259576,6476.0
286,1041,305,21.998070764158378,4.305475504322766,7.211047070124886,13.895504322766563,48.7180595581172,20.513256484149842,43.65878843037756,50.111431316042264,383.32741734501496,13.0,8.999999999999996,15.080000000000009,54.5,411.34164915540987,57,0.2548103811564394,1.0,5.300000000000006,12.979999999999992,41.5,0.29861499455375307,42,22899.991665488873,13315.930471265157,36215.92213675403,6837.700000000001
287,1050,298,22.97381625777899,4.296190476190477,7.222761904761906,13.898457142857145,48.75666666666667,20.560380952380964,40.73968055484422,50.27047619047619,570.5677805629973,13.0,9.099999999999996,15.080000000000009,54.5,291.1359926248315,58,0.2548103811564394,1.0,5.300000000000006,12.979999999999992,41.5,0.2959797978525587,42,24122.507070667936,12140.424805343577,36262.93187601151,6208.4
288,1050,318,22.267417489067928,4.28952380952381,7.207047619047617,13.895542857142862,48.85952380952381,20.48400000000001,40.37201750049228,50.44190476190476,291.6863921680383,13.0,9.099999999999996,15.080000000000009,55.0,383.32741734501496,58,0.2548103811564394,1.0,5.200000000000006,12.919999999999991,41.5,0.24571658058223433,42,23380.788363521322,12838.301565156544,36219.089928677866,6450.4
289,1047,298,22.079722869195955,4.255969436485196,7.198853868194844,13.902693409742108,48.91833810888252,20.362082139446045,41.494854600942865,50.67526265520535,347.03442077026943,13.0,9.099999999999996,15.080000000000009,55.0,382.32741734501496,58,0.2548103811564394,1.0,5.200000000000006,12.919999999999991,41.5,0.19310202032775314,43,23117.469844048166,12365.466671080974,35482.93651512914,6669.3
290,1042,293,22.482816601804963,4.206333973128599,7.1862763915547045,13.893071017274453,48.91506717850288,20.24788867562379,39.84530706138477,50.90595009596929,420.64770729169123,12.0,9.099999999999996,15.080000000000009,55.0,272.5746658147772,58,0.2548103811564394,1.0,5.200000000000006,12.919999999999991,41.5,0.222886591304015,43,23427.09489908077,11674.674968985739,35101.769868066505,6723.7
291,1057,279,22.47069974698449,4.198675496688741,7.176253547776732,13.899186376537353,48.95175023651845,20.9394512771996,39.20698448283103,51.193945127719964,347.03442077026943,12.0,9.099999999999996,15.080000000000009,55.0,315.54284921200707,58,0.2548103811564394,1.0,5.200000000000006,12.919999999999991,41.5,0.3020022129917024,43,23751.529632562608,10938.748670709858,34690.27830327247,6763.0
292,1028,317,21.060799930523498,4.178015564202335,7.181906614786,13.905097276264597,48.99513618677043,20.774513618677037,38.848670777235526,51.43774319066148,308.4051410039114,12.0,9.099999999999996,15.080000000000009,55.0,314.54284921200707,59,0.2548103811564394,1.0,5.200000000000006,12.919999999999991,41.5,0.14696778590660786,43,21650.502328578157,12315.028636383662,33965.53096496182,7309.9
293,1021,312,20.89239582900983,4.191968658178257,7.170714985308526,13.901096963761013,48.92409402546523,20.7726738491675,42.045248497037086,51.55533790401567,308.4051410039114,12.0,9.099999999999996,15.14000000000001,55.0,313.54284921200707,59,0.2520496691425166,1.0,5.200000000000006,12.919999999999991,41.5,0.25552530353939984,44,21331.136141419036,13118.117531075572,34449.25367249461,6238.8
294,1021,307,21.65201107364525,4.161606268364348,7.157492654260526,13.900685602350618,48.95494613124388,20.706170421155715,37.9910768645541,51.766895200783544,315.19075176945853,12.0,9.099999999999996,15.14000000000001,55.0,284.28389028149866,59,0.2520496691425166,1.0,5.200000000000006,12.919999999999991,41.5,0.026793715569221277,44,22106.7033061918,11663.26059741811,33769.96390360991,6660.0
295,1020,309,21.45164855428072,4.1196078431372545,7.152352941176476,13.90111764705882,48.984313725490196,21.03725490196077,36.70869267089536,51.88529411764706,315.19075176945853,12.0,9.099999999999996,15.14000000000001,55.0,308.4051410039114,59,0.2520496691425166,1.0,5.200000000000006,12.919999999999991,41.0,0.049336643927947677,44,21880.681525366334,11342.986035306667,33223.667560673,6808.7
296,1006,320,21.659126688506575,4.101391650099403,7.149204771371776,13.897713717693835,49.00397614314115,20.97027833001985,34.61859425312951,52.110337972166995,315.19075176945853,12.0,9.099999999999996,15.14000000000001,55.0,304.29334283756174,58,0.2520496691425166,1.0,5.200000000000006,12.919999999999991,41.0,0.15616252619536075,44,21789.081448637615,11077.950161001443,32867.03160963906,6982.0
297,1024,322,20.33712263180596,4.0888671875,7.147949218750004,13.895468749999983,49.05224609375,20.599902343749996,37.91074391238995,52.2978515625,382.27708523619606,12.0,9.199999999999996,15.14000000000001,55.0,281.28389028149866,58,0.2520496691425166,1.0,5.100000000000007,12.85999999999999,41.0,0.000979172028386266,44,20825.213574969304,12207.259539789564,33032.47311475887,5854.0
298,1013,330,21.0100460168169,4.04639684106614,7.1598223099703855,13.895873642645581,49.03998025666338,20.43830207305035,36.65844245381133,52.48568608094768,393.30475551745616,12.0,9.199999999999996,15.14000000000001,55.5,280.28389028149866,59,0.30096564836118755,1.0,5.100000000000007,12.85999999999999,41.0,0.10346018801025236,44,21283.17661503552,12097.28600975774,33380.46262479326,6262.2
299,989,321,22.875117325548256,4.1243680485338725,7.174317492416583,13.89540950455005,49.123862487360974,20.30798786653185,32.699845526873624,52.69362992922144,393.30475551745616,13.0,9.099999999999996,15.14000000000001,55.5,239.3944423978629,59,0.2585278265501307,1.0,5.100000000000007,12.85999999999999,41.0,0.10372402725076868,45,22623.491034967225,10496.650414126432,33120.14144909366,6628.2
300,1028,318,21.20246579457795,4.07976653696498,7.182392996108947,13.896050583657582,49.09630350194553,20.078404669260692,37.443238121467665,52.84630350194553,393.30475551745616,13.0,9.099999999999996,15.14000000000001,55.5,382.27708523619606,59,0.30096564836118755,1.0,5.100000000000007,12.85999999999999,41.0,0.041083265265408064,45,21796.13483682613,11906.949722626718,33703.08455945285,6034.1
301,1007,304,21.70040512229626,3.9990069513406157,7.167825223435939,13.892631578947364,49.05014895729891,20.348758689175806,37.21307257172578,53.07845084409136,400.22339851409333,13.0,8.999999999999996,15.14000000000001,55.5,393.30475551745616,59,0.26839850506358887,1.0,5.100000000000007,12.85999999999999,41.0,0.2765038667639974,45,21852.307958152334,11312.774061804637,33165.08201995697,6809.599999999999
302,1017,318,21.630743369411906,3.9301868239921336,7.160766961651908,13.885486725663727,49.04424778761062,19.792822025565403,32.585938554180494,53.246804326450345,400.22339851409333,13.0,8.999999999999996,15.020000000000008,55.5,392.30475551745616,59,0.26839850506358887,1.0,5.200000000000006,12.85999999999999,41.0,0.004272769910286689,45,21998.46600669191,10362.328460229397,32360.794466921307,6612.8
303,1043,291,21.233727482232876,3.9731543624161074,7.156471716203251,13.89225311601151,49.104026845637584,19.6888782358581,35.51531764172107,53.41227229146692,400.22339851409333,13.0,8.999999999999996,15.020000000000008,55.5,239.114628959826,59,0.2717880784422562,1.0,5.200000000000006,12.919999999999991,41.0,0.00047657850360516285,45,22146.77776396889,10334.95743374083,32481.73519770972,5831.599999999999
304,1043,284,20.159731358856757,3.9204218600191756,7.146116970278034,13.897372962607875,49.10019175455417,20.09578139980825,38.91664235217,53.62032598274209,394.2039487318777,13.0,8.999999999999996,15.020000000000008,55.5,422.92103212371916,60,0.2717880784422562,1.0,5.400000000000006,12.919999999999991,41.0,0.032282180409481054,45,21026.599807287595,11052.32642801628,32078.926235303876,7111.8
305,1074,276,20.437489223638625,3.863128491620112,7.155865921787704,13.900949720670406,49.18947858472998,20.838640595903183,34.38213160990404,53.861266294227185,394.2039487318777,13.0,8.999999999999996,15.020000000000008,55.5,421.92103212371916,60,0.260270816316352,1.0,5.400000000000006,12.919999999999991,41.0,0.06333323977950767,46,21949.863426187883,9489.468324333517,31439.3317505214,7033.1
306,1060,292,20.18401128721953,3.8452830188679243,7.164716981132073,13.897490566037744,49.14056603773585,20.7235849056604,33.610881685874425,53.969811320754715,376.765502323268,13.0,8.999999999999996,15.020000000000008,55.5,420.92103212371916,60,0.27724987351276276,1.0,5.400000000000006,12.919999999999991,41.0,0.23486941406968942,46,21395.0519644527,9814.377452275332,31209.42941672803,6667.3
307,1052,307,20.17381582770209,3.803231939163498,7.168441064638782,13.901787072243334,49.127851711026615,20.760836501901142,32.78778445343071,54.138783269961976,421.8080278005451,13.0,8.999999999999996,15.020000000000008,55.5,328.96816128632037,60,0.3140282583844288,1.0,5.400000000000006,12.85999999999999,41.5,0.17815754873564238,46,21222.8542507426,10065.849827203228,31288.704077945826,6858.0
308,1050,318,19.576136963564657,3.802857142857143,7.159238095238092,13.903600000000008,49.132380952380956,20.730571428571395,35.78747276734364,54.371428571428574,439.2202401930254,13.0,8.999999999999996,15.020000000000008,55.5,383.55815950966655,60,0.3140282583844288,1.0,5.400000000000006,12.79999999999999,41.5,0.27777102391214337,46,20554.94381174289,11380.416340015277,31935.36015175817,6707.2
309,1043,321,20.42442942092103,3.774688398849473,7.147171620325978,13.899789069990426,49.17305848513902,20.986193672099706,34.97424621585674,54.60019175455417,439.2202401930254,13.0,8.999999999999996,15.020000000000008,55.5,382.55815950966655,61,0.3140282583844288,1.0,5.400000000000006,12.79999999999999,41.0,0.11034461040427779,47,21302.679886020633,11226.733035290014,32529.412921310646,6475.0
310,1019,345,19.929345362344478,3.73405299313052,7.140333660451424,13.897311089303242,49.19038272816487,20.696957801766448,36.32379352807428,54.827281648675175,327.87788083165697,11.0,8.999999999999996,15.020000000000008,55.5,439.2202401930254,61,0.26844653633437704,1.0,5.400000000000006,12.79999999999999,41.0,0.019946143048978238,47,20308.002924229022,12531.708767185628,32839.711691414646,6675.7
311,1022,332,20.799367814774513,3.712328767123288,7.149315068493161,13.894383561643847,49.20009784735812,20.94432485322897,35.86592449899351,54.96771037181996,386.73134076588167,11.0,8.999999999999996,15.020000000000008,55.5,438.2202401930254,62,0.27641758841509645,1.0,5.400000000000006,12.73999999999999,41.0,0.05055975703825499,47,21256.953906699553,11907.486933665845,33164.440840365394,6020.4
312,993,358,19.89963056231568,3.6958710976837863,7.155891238670699,13.901691842900302,49.201409869083584,20.19345417925479,38.093830607832196,55.095669687814706,258.9994049449599,11.0,8.999999999999996,15.020000000000008,55.0,437.2202401930254,62,0.2727954146005283,1.0,5.400000000000006,12.73999999999999,41.0,0.06284675486068148,47,19760.33314837947,13637.591357603926,33397.92450598339,6104.6
313,1017,327,20.896134715129428,3.7000983284169124,7.158407079646023,13.89952802359881,49.14552605703048,19.898525073746317,39.17871185117636,55.25762045231072,428.8328230953386,11.0,8.999999999999996,15.020000000000008,55.5,436.2202401930254,62,0.2511657749200093,1.0,5.400000000000006,12.73999999999999,41.0,0.06284675486068148,47,21251.36900528663,12811.43877533467,34062.8077806213,5473.7
314,1031,343,19.91939523065197,3.719689621726479,7.155868089233748,13.894956353055262,49.172162948593595,20.03074684772066,39.90588347100218,55.473326867119304,310.2630542983124,11.0,8.999999999999996,15.020000000000008,55.5,435.2202401930254,62,0.2511657749200093,1.0,5.400000000000006,12.73999999999999,41.0,0.04959850980528202,47,20536.896482802178,13687.718030553746,34224.614513355926,6317.2
315,1017,328,21.03943584630342,3.791543756145526,7.144542772861357,13.890088495575208,49.147984267453296,20.398820058997075,37.509161217005364,55.61356932153392,444.1607899386916,11.0,8.999999999999996,15.020000000000008,55.5,392.48229918241987,62,0.2511657749200093,1.0,5.400000000000006,12.73999999999999,42.0,0.02118236652615413,47,21397.106255690578,12303.004879177759,33700.11113486833,6740.9
316,1043,340,20.320077505072014,3.796740172579099,7.135091083413233,13.89403643336528,49.23154362416108,19.846308724832227,37.68449607626356,55.834132310642374,444.1607899386916,11.0,8.999999999999996,15.080000000000009,55.5,391.48229918241987,62,0.2511657749200093,1.0,5.400000000000006,12.73999999999999,42.0,0.06679264538025365,48,21193.84083779011,12812.72866592961,34006.56950371972,6378.2
317,1027,321,21.25278006767395,3.729308666017527,7.135735150925035,13.897643622200578,49.21713729308666,20.594449853943495,40.317935388705635,56.01363193768257,444.1607899386916,11.0,8.999999999999996,15.080000000000009,55.5,390.48229918241987,63,0.25390590796846463,1.0,5.400000000000006,12.73999999999999,42.0,0.016978733469028562,48,21826.605129501146,12942.057259774509,34768.662389275654,6418.400000000001
318,1022,335,20.36176108281107,3.7563600782778863,7.124461839530338,13.893033268101728,49.17759295499022,21.40068493150684,40.057788959228226,56.17416829745597,393.10807525601774,12.0,8.999999999999996,15.080000000000009,55.5,444.1607899386916,63,0.25390590796846463,1.0,5.400000000000006,12.73999999999999,42.0,0.24356083539636586,48,20809.719826632914,13419.359301341456,34229.07912797437,7402.8
319,999,341,20.591595123161653,3.70970970970971,7.125025025025035,13.890570570570565,49.21721721721722,21.23663663663665,38.15748060686241,56.414414414414416,267.62443754319423,12.0,9.099999999999996,15.080000000000009,55.5,443.1607899386916,63,0.3147351992341424,1.0,5.300000000000006,12.73999999999999,42.0,0.1613667714166298,48,20571.00352803849,13011.700886940082,33582.70441497857,6734.5
320,1006,354,20.825651385399286,3.6669980119284293,7.1279324055666065,13.906361829025839,49.22614314115308,20.270974155069577,35.96075924683024,56.67097415506958,310.7885111035946,12.0,9.099999999999996,15.080000000000009,55.5,442.1607899386916,63,0.25055743169379086,1.0,5.300000000000006,12.85999999999999,42.5,0.051613564180090776,48,20950.605293711684,12730.108773377906,33680.71406708959,5871.3
321,1042,327,21.454561721750316,3.6765834932821497,7.12917466410749,13.911439539347384,49.296065259117086,20.168522072936664,36.05552592970954,56.89347408829175,310.7885111035946,12.0,9.099999999999996,15.080000000000009,55.5,441.1607899386916,63,0.25055743169379086,1.0,5.300000000000006,12.85999999999999,42.5,0.08948302841188616,48,22355.65331406383,11790.156979015019,34145.81029307885,5570.0
322,1070,316,22.16218687487757,3.711214953271028,7.12439252336449,13.903663551401841,49.38130841121495,20.121121495327092,33.331372828355235,57.055140186915885,476.07367957567124,12.0,9.199999999999996,15.080000000000009,55.5,267.62443754319423,63,0.25055743169379086,1.0,5.300000000000006,12.85999999999999,42.5,0.016001286945064308,49,23713.539956119,10532.713813760254,34246.25376987925,6097.7
323,1059,311,21.665179817984587,3.7563739376770537,7.10415486307838,13.90515580736541,49.45231350330501,20.430689329556174,37.99205008624742,57.25212464589235,476.07367957567124,12.0,9.199999999999996,15.080000000000009,55.5,318.12112699619706,64,0.25055743169379086,1.0,5.300000000000006,12.85999999999999,43.0,0.31534893511024364,49,22943.42542724568,11815.527576822948,34758.95300406862,6656.7
324,1066,296,20.012364608742185,3.7598499061913695,7.082457786116319,13.90116322701687,49.434803001876176,21.137523452157627,43.0091531493453,57.43808630393996,238.03683978783562,12.0,9.199999999999996,15.020000000000008,55.5,317.12112699619706,64,0.271795902060526,1.0,5.200000000000006,12.919999999999991,42.5,0.04474151420594308,49,21333.18067291917,12730.70933220621,34063.89000512538,6841.8
325,1048,318,20.815828985021753,3.7624045801526718,7.086450381679401,13.905591603053422,49.415553435114504,20.736736641221356,37.23611430321119,57.61832061068702,292.9547512840541,12.0,9.199999999999996,15.020000000000008,55.5,316.12112699619706,64,0.271795902060526,1.0,5.200000000000006,12.919999999999991,42.5,0.04529643936181249,49,21814.9887763028,11841.084348421158,33656.07312472396,7151.0
326,1050,335,19.511812853973225,3.6904761904761907,7.072476190476205,13.907999999999994,49.38809523809524,20.101428571428574,39.845880735534486,57.733333333333334,337.2697733130166,12.0,9.099999999999996,15.020000000000008,55.5,270.2184465726908,64,0.271795902060526,1.0,5.200000000000006,12.919999999999991,42.0,0.18389187775595395,50,20487.403496671886,13348.370046404054,33835.77354307594,6432.200000000001
327,1047,321,22.65605193179205,3.682903533906399,7.0736389684813865,13.916446991404003,49.382521489971346,20.000573065902586,33.910803921371794,57.913085004775546,337.2697733130166,11.0,9.099999999999996,15.020000000000008,56.0,268.51943914548997,64,0.271795902060526,1.0,5.200000000000006,12.919999999999991,42.0,0.0583408324910335,50,23720.886372586276,10885.368058760347,34606.25443134662,6308.8
328,1054,315,22.36529994171247,3.706831119544592,7.072390891840607,13.923605313092981,49.385199240986715,20.33292220113853,35.60501965785313,58.03130929791271,337.2697733130166,11.0,9.099999999999996,15.080000000000009,56.0,332.77136859266176,65,0.271795902060526,1.0,5.300000000000006,12.919999999999991,42.0,0.027830821987872678,50,23573.026138564943,11215.581192223735,34788.607330788676,6331.200000000001
329,1043,291,22.300349158206956,3.690316395014382,7.081112176414189,13.927746883988478,49.40364333652924,20.92301054650048,38.34735601449228,58.22722914669223,333.97764879221984,11.0,9.099999999999996,15.080000000000009,56.0,337.2697733130166,65,0.271795902060526,1.0,5.300000000000006,12.919999999999991,42.0,0.2782496482764567,50,23259.264172009855,11159.080600217252,34418.34477222711,6850.2
330,1052,299,20.67363433653825,3.7452471482889735,7.071102661596962,13.918441064638772,49.40636882129277,20.890684410646376,40.43805124239879,58.50380228136882,338.98237813445775,11.0,9.099999999999996,15.080000000000009,56.0,333.97764879221984,65,0.2648682393589769,1.0,5.300000000000006,12.919999999999991,42.0,0.0828498764447636,50,21748.66332203824,12090.97732147724,33839.64064351548,7148.0
331,1046,311,20.873532470566115,3.7619502868068833,7.065009560229446,13.910860420650106,49.39053537284895,20.78527724665393,40.1036991955286,58.70554493307839,338.98237813445775,11.0,9.099999999999996,15.080000000000009,56.0,332.97764879221984,65,0.2648682393589769,1.0,5.300000000000006,12.919999999999991,42.0,0.21759232079130308,50,21833.714964212155,12472.250449809395,34305.96541402155,6477.400000000001
332,1045,308,20.83450184929073,3.7885167464114833,7.063732057416277,13.914851674641156,49.41961722488038,21.014354066985657,41.190267582452435,58.88516746411483,339.0639499799336,11.0,9.099999999999996,15.080000000000009,56.0,255.46511665485593,66,0.2648682393589769,1.0,5.300000000000006,12.919999999999991,42.5,0.05217163079593323,51,21772.054432508816,12686.60241539535,34458.65684790417,6539.0
333,1020,327,19.9561160627849,3.746078431372549,7.070686274509819,13.905999999999992,49.411764705882355,20.77764705882356,41.4954687021906,59.02549019607843,306.8172727412784,11.0,9.099999999999996,15.080000000000009,56.0,271.30002351946615,66,0.25328207387373947,1.0,5.300000000000006,12.919999999999991,42.0,0.005328003830719963,51,20355.2383840406,13569.018265616325,33924.25664965693,7059.3
334,1041,324,20.001455234740416,3.6820365033621516,7.060422670509133,13.910893371757915,49.46253602305475,20.884918347742563,41.22795332272074,59.267050912584054,306.8172727412784,11.0,9.099999999999996,15.080000000000009,56.0,272.0753724326589,66,0.25328207387373947,1.0,5.300000000000006,12.919999999999991,42.0,0.08903043987597536,51,20821.51489936477,13357.856876561518,34179.37177592629,6242.2
335,1013,329,21.045419507234488,3.6623889437314907,7.067226061204348,13.90144126357355,49.4822309970385,21.129713721618934,37.82513174547671,59.427443237907205,306.8172727412784,11.0,9.099999999999996,15.080000000000009,56.0,271.0753724326589,66,0.25328207387373947,1.0,5.200000000000006,12.919999999999991,42.0,0.07951612031797506,51,21319.009960828538,12444.468344261839,33763.47830509038,7007.3
336,1007,341,21.254644940474908,3.6643495531281034,7.055114200595827,13.900556107249265,49.543197616683216,20.7478649453823,34.29005346802009,59.58689175769613,306.8172727412784,11.0,9.099999999999996,14.720000000000006,56.0,270.0753724326589,66,0.25328207387373947,1.0,5.200000000000006,13.039999999999992,42.0,0.08143475229750496,51,21403.42745505823,11692.908232594851,33096.33568765308,6636.400000000001
337,999,328,22.076530464201625,3.645645645645646,7.051251251251254,13.893513513513515,49.565565565565564,19.874874874874894,35.12881841778775,59.71771771771772,543.2059369671342,11.0,9.099999999999996,14.720000000000006,56.0,223.26400758207222,66,0.25328207387373947,1.0,5.200000000000006,13.039999999999992,42.0,0.07410387759322745,51,22054.453933737423,11522.252441034381,33576.706374771806,5916.6
338,1051,295,21.662579355147248,3.621313035204567,7.045480494766891,13.902150333016193,49.53758325404377,19.414272121788773,37.31557687752487,59.84490960989534,543.2059369671342,11.0,9.099999999999996,14.720000000000006,56.0,274.4101581558024,66,0.25328207387373947,1.0,5.200000000000006,12.979999999999992,42.0,0.07613605252603106,52,22767.370902259758,11008.095178869837,33775.46608112959,5584.5
339,1061,304,20.389796641051294,3.6701225259189445,7.051083883129121,13.900697455230913,49.58152686145146,19.348916116870868,40.583369515920054,60.0009425070688,287.6016508467932,12.0,9.099999999999996,14.720000000000006,56.5,543.2059369671342,67,0.25328207387373947,1.0,5.200000000000006,12.979999999999992,42.0,0.012324355159700318,52,21633.574236155422,12337.344332839697,33970.91856899512,6420.400000000001
340,1084,276,21.359388362437578,3.706642066420664,7.03874538745387,13.89859778597786,49.58809963099631,19.722047970479707,39.60316811324904,60.12638376383764,287.6016508467932,12.0,9.099999999999996,14.720000000000006,57.0,542.2059369671342,67,0.25613487678757846,1.0,5.200000000000006,12.979999999999992,41.5,0.007655682457363255,53,23153.576984882333,10930.474399256735,34084.051384139064,6508.3
341,1095,278,21.54239305562883,3.736986301369863,7.044200913242004,13.89753424657535,49.60867579908676,20.394794520547908,35.52003406291085,60.26392694063927,552.0588985283147,12.0,9.099999999999996,14.720000000000006,57.0,275.01209869142036,67,0.25613487678757846,1.0,5.200000000000006,12.979999999999992,41.5,0.16787858090322239,53,23588.920395913567,9874.569469489217,33463.489865402786,7204.1
342,1078,267,21.74154715644534,3.767161410018553,7.034322820037108,13.893636363636366,49.599721706864564,21.345083487940627,34.83498959426993,60.46474953617811,287.6016508467932,12.0,9.099999999999996,14.720000000000006,57.0,552.0588985283147,68,0.25613487678757846,1.0,5.200000000000006,12.979999999999992,41.5,0.15090982948894194,53,23437.387834648074,9300.942221670071,32738.330056318147,7421.5
343,1063,290,20.824271267555513,3.7836312323612415,7.04402634054562,13.887845719661344,49.60301034807149,21.398400752587,34.49594583696203,60.65098777046096,287.6016508467932,11.0,9.099999999999996,14.720000000000006,57.0,551.0588985283147,68,0.25613487678757846,1.0,5.200000000000006,12.979999999999992,41.5,0.3860370393531194,53,22136.20035741151,10003.82429271899,32140.0246501305,7451.6
344,1041,293,19.810854414878833,3.824207492795389,7.051008645533142,13.891412103746395,49.58549471661863,21.200096061479357,38.02561992722037,60.81171950048031,576.5988010658879,11.0,9.099999999999996,14.720000000000006,57.0,287.6016508467932,68,0.25613487678757846,1.0,5.200000000000006,12.979999999999992,41.5,0.0392261928928932,53,20623.099445888864,11141.506638675568,31764.60608456443,6938.000000000001
345,1036,299,20.29538870543289,3.832046332046332,7.0697876447876435,13.898011583011574,49.55453667953668,20.8,33.50156136924117,60.932432432432435,576.5988010658879,12.0,9.199999999999996,14.720000000000006,57.0,286.6016508467932,68,0.25613487678757846,1.0,5.100000000000007,12.979999999999992,41.5,0.2113018310223289,53,21026.022698828474,10016.96684940311,31042.989548231584,6658.1
346,1039,303,18.63221419609049,3.82771896053898,7.07863330125121,13.901020211742045,49.579403272377284,20.182868142444704,37.01945534285673,61.148219441770934,284.60433519220317,12.0,9.199999999999996,14.720000000000006,57.0,576.5988010658879,67,0.25613487678757846,1.0,5.100000000000007,12.979999999999992,41.5,0.008535037942954515,53,19358.87054973802,11216.894968885588,30575.765518623608,6604.3
347,1055,297,19.27816649083739,3.7886255924170618,7.090805687203798,13.8962654028436,49.59620853080569,19.501327014218017,35.38943195551135,61.33554502369668,576.5861682045402,12.0,9.199999999999996,14.660000000000005,57.0,341.4227085848165,67,0.270811700963596,1.0,5.100000000000007,12.919999999999991,41.5,0.20494988249723756,53,20338.465647833444,10510.661290786871,30849.126938620313,6067.3
348,1065,265,19.67876434256499,3.7530516431924883,7.084507042253523,13.89447887323944,49.573239436619716,19.968262910798142,36.22810161760723,61.541784037558685,288.2930841022701,12.0,9.199999999999996,14.660000000000005,57.0,340.4227085848165,68,0.2583101322092196,1.0,5.100000000000007,12.919999999999991,41.0,0.05852605334208505,54,20957.884024831714,9600.446928665915,30558.33095349763,6513.400000000001
349,1075,286,17.80525978726407,3.7730232558139534,7.074046511627905,13.885023255813955,49.58139534883721,19.884093023255808,38.54634344796107,61.709767441860464,339.96854146699985,12.0,9.199999999999996,14.660000000000005,57.0,242.56869202329966,68,0.2583101322092196,1.0,5.100000000000007,12.919999999999991,41.0,0.047511221553673266,54,19140.654271308875,11024.254226116866,30164.908497425742,7019.3
350,1078,272,19.26201911250244,3.773654916512059,7.0879406307977755,13.889517625231909,49.59508348794063,20.196382189239337,35.758205757755434,61.80055658627087,430.43962615340513,12.0,9.199999999999996,14.660000000000005,56.5,263.90367471414845,68,0.2583101322092196,1.0,5.000000000000007,12.919999999999991,41.0,0.029891597363724376,54,20764.45660327763,9726.231966109477,30490.688569387108,6365.900000000001
351,1078,273,18.392065992486238,3.725417439703154,7.093135435992582,13.89497217068646,49.66975881261595,20.51771799628944,36.841524301482345,62.03617810760668,430.43962615340513,13.0,9.199999999999996,14.660000000000005,57.0,339.96854146699985,68,0.2583101322092196,1.0,5.000000000000007,12.919999999999991,41.0,0.052622608154773154,55,19826.647139900164,10057.73613430468,29884.383274204843,6644.900000000001
352,1089,278,17.233842450736947,3.751147842056933,7.094490358126722,13.897851239669441,49.682736455463726,20.435537190082652,39.435090143479705,62.2157943067034,359.26298697495616,13.0,9.199999999999992,14.660000000000005,57.0,383.26608793589253,68,0.2583101322092196,1.0,5.000000000000007,12.919999999999991,41.0,0.06032643591292475,55,18767.654428852537,10962.955059887357,29730.609488739894,6353.500000000001
353,1101,271,17.563374743418187,3.8029064486830153,7.102906448683014,13.895531335149874,49.706630336058126,20.72470481380563,36.05462852828987,62.33060853769301,278.45752959695557,13.0,9.199999999999992,14.660000000000005,57.0,382.26608793589253,68,0.2583101322092196,1.0,5.000000000000007,12.919999999999991,40.5,0.023666144044490744,55,19337.275592503425,9770.804331166553,29108.07992366998,6795.0
354,1097,262,17.88077828348368,3.8249772105742936,7.122789425706472,13.89952597994532,49.77484047402005,21.075296262534216,33.882941456654265,62.51504102096627,397.98110932664696,13.0,9.199999999999992,14.660000000000005,57.0,278.45752959695557,69,0.2786455513645967,1.0,5.000000000000007,12.919999999999991,40.5,0.013716888037222263,55,19615.213776981596,8877.330661643418,28492.544438625016,7015.6
355,1092,270,17.603775689254835,3.8434065934065935,7.117857142857141,13.89659340659343,49.79532967032967,21.131043956043992,31.412828316779308,62.67032967032967,279.76308194530907,13.0,9.199999999999992,14.660000000000005,57.0,252.86858639803017,69,0.2786455513645967,1.0,5.000000000000007,12.919999999999991,40.5,0.05102694697174126,55,19223.32305266628,8481.463645530413,27704.786698196694,6867.8
356,1088,275,17.074976538127636,3.802389705882353,7.093198529411759,13.886341911764722,49.83547794117647,21.7201286764706,31.300198665675495,62.963235294117645,222.6529868925744,13.0,9.199999999999992,14.720000000000006,57.5,251.86858639803017,70,0.2786455513645967,1.0,5.000000000000007,12.919999999999991,40.5,0.07563314431861112,56,18577.57447348287,8607.554633060761,27185.12910654363,7015.0
357,1061,289,16.478498359874727,3.8605089538171535,7.077285579641853,13.898605089538183,49.82893496701225,21.469274269557047,32.81780935694686,63.162111215834116,235.40763905222997,13.0,9.199999999999992,14.720000000000006,57.5,306.4747037546321,70,0.25111666804153965,1.0,5.000000000000007,12.919999999999991,40.5,0.2786455513645967,56,17483.686759827087,9484.346904157643,26968.03366398473,7056.5
358,1056,284,16.302963843771433,3.8693181818181817,7.086742424242423,13.909772727272745,49.82149621212121,20.383143939393975,35.5709180830036,63.358901515151516,256.34001421319056,13.0,9.299999999999992,14.720000000000006,57.5,305.4747037546321,71,0.25111666804153965,1.0,5.100000000000007,12.919999999999991,40.0,0.21097140634774303,56,17215.929819022633,10102.14073557302,27318.07055459565,5904.8
359,1062,289,16.877280803859215,3.87758945386064,7.088041431261774,13.903163841807924,49.86581920903955,20.23578154425614,33.382908122592255,63.61393596986817,238.88270437893493,13.0,9.299999999999992,14.720000000000006,57.5,304.4747037546321,71,0.25111666804153965,1.0,5.100000000000007,12.919999999999991,40.0,0.029534667339415677,56,17923.672213698486,9647.660447429162,27571.33266112765,5832.0
360,1083,282,16.700884905313647,3.912280701754386,7.098522622345336,13.899556786703602,49.90627885503232,20.46989843028629,33.58614108408604,63.770083102493075,261.1414512837334,12.0,9.299999999999992,14.720000000000006,57.5,303.4747037546321,71,0.25111666804153965,1.0,5.100000000000007,12.919999999999991,39.5,0.06185884181516599,56,18087.05835245468,9471.291785712263,27558.35013816694,6033.500000000001
361,1071,272,17.41857423473913,3.9206349206349205,7.124743230625579,13.898711484593848,49.84640522875817,21.497852474323082,31.07808218877045,63.892623716153125,261.1414512837334,12.0,9.299999999999992,14.720000000000006,57.5,302.4747037546321,71,0.25111666804153965,1.0,5.100000000000007,12.919999999999991,39.5,0.20616749599222572,56,18655.29300540561,8453.238355345562,27108.53136075117,7050.400000000001
362,1062,293,16.84107472410269,3.9491525423728815,7.143502824858754,13.89440677966102,49.83145009416196,21.04406779661018,30.01150416760955,64.01883239171374,312.1675617021682,12.0,9.299999999999992,14.720000000000006,57.5,238.88270437893493,71,0.2538371448406158,1.0,5.100000000000007,12.85999999999999,39.5,0.03131985788560887,57,17885.221356997055,8793.370721109599,26678.592078106652,7310.8
363,1059,279,16.960841087109713,3.963172804532578,7.120679886685545,13.893767705382443,49.84702549575071,21.05580736543907,32.485730255174474,64.14069877242682,312.1675617021682,13.0,9.299999999999992,14.660000000000005,57.5,237.88270437893493,71,0.2538371448406158,1.0,5.100000000000007,12.85999999999999,39.5,0.02594648920688236,57,17961.530711249186,9063.518741193679,27025.049452442865,6191.099999999999
364,1057,291,16.67574396474222,3.993377483443709,7.124314096499527,13.898448438978244,49.85288552507095,20.854966887417202,30.12730089266746,64.31409649952697,312.1675617021682,13.0,9.299999999999992,14.660000000000005,57.5,236.88270437893493,71,0.2538371448406158,1.0,5.100000000000007,12.85999999999999,39.5,0.05189297841376472,57,17626.26137073253,8767.044559766231,26393.305930498762,6557.6
365,1051,279,17.241627895262685,3.9686013320647002,7.118934348239782,13.904605137963836,49.900095147478595,20.675451950523335,30.270411515833853,64.45765937202664,312.1675617021682,13.0,9.299999999999992,14.660000000000005,57.5,237.9672837108509,71,0.2538371448406158,1.0,5.200000000000006,12.85999999999999,39.5,0.09973369402880139,57,18120.95091792108,8445.444812917645,26566.395730838725,5980.6
366,1065,267,17.33422443611543,3.9539906103286384,7.1032863849765215,13.891436619718323,49.93755868544601,20.713990610328654,31.724793456423622,64.6300469483568,312.1675617021682,13.0,9.299999999999992,14.660000000000005,57.5,236.9672837108509,71,0.2538371448406158,1.0,5.200000000000006,12.85999999999999,39.5,0.24806537727698852,57,18460.949024462934,8470.519852865107,26931.468877328043,6396.7
367,1068,264,16.601310274568196,3.904494382022472,7.086516853932581,13.897584269662932,49.997191011235955,21.150655430711602,34.04529168355575,64.81554307116104,237.3038909542929,13.0,9.299999999999992,14.660000000000005,57.5,312.1675617021682,71,0.2538371448406158,1.0,5.200000000000006,12.85999999999999,39.5,0.023004529815674246,57,17730.199373238833,8987.957004458718,26718.156377697553,6679.5
368,1033,272,18.177110068789695,3.9022265246853824,7.077637947725075,13.899457889641821,49.98886737657309,21.440658276863495,28.167355885616118,64.97386253630204,311.8358653238892,13.0,9.299999999999992,14.660000000000005,56.5,209.31193722417666,71,0.2604862620137211,1.0,5.200000000000006,12.85999999999999,39.5,0.03425632680508861,57,18776.954701059756,7661.520800887584,26438.47550194734,7095.6
369,1034,284,15.69231973997038,3.9361702127659575,7.086653771760163,13.907156673114134,50.056576402321085,21.417021276595733,34.1632852783079,65.13346228239845,273.1640796278432,13.0,9.299999999999992,14.720000000000006,56.5,235.24500200813276,71,0.2604862620137211,1.0,5.200000000000006,12.85999999999999,39.5,0.03919842295846898,57,16225.858611129372,9702.373019039445,25928.23163016882,6866.400000000001
370,1045,288,16.280536861709326,3.8784688995215313,7.077511961722489,13.903023923444985,50.089473684210525,21.493014354066993,31.232379219967836,65.36363636363636,273.1640796278432,13.0,9.299999999999992,14.720000000000006,56.5,234.24500200813276,71,0.2604862620137211,1.0,5.300000000000006,12.85999999999999,39.5,0.17168299603677006,57,17013.161020486245,8994.925215350737,26008.08623583698,6394.7
371,1016,304,15.7073399189618,3.8868110236220472,7.079133858267706,13.894055118110249,50.07923228346457,21.18956692913385,31.14690529027758,65.55118110236221,273.1640796278432,13.0,9.299999999999992,14.720000000000006,57.0,288.78902564057,70,0.28776215434001406,1.0,5.300000000000006,12.85999999999999,39.5,0.11803941099724291,58,15958.657357665188,9468.659208244384,25427.316565909572,6715.6
372,1005,329,14.911004861309259,3.8776119402985074,7.092338308457706,13.896537313432827,50.049751243781095,20.218109452736318,33.365998841438056,65.72338308457711,273.1640796278432,13.0,9.199999999999996,14.720000000000006,57.0,287.78902564057,70,0.2566374660328482,1.0,5.300000000000006,12.85999999999999,39.5,0.10402614553893397,58,14985.559885615805,10977.41361883312,25962.973504448924,6187.0
373,1032,283,16.435727954856773,3.895348837209302,7.086046511627908,13.894069767441867,50.030523255813954,19.924224806201565,33.623483774267946,65.89922480620154,273.1640796278432,13.0,9.199999999999996,14.720000000000006,57.0,286.78902564057,70,0.2566374660328482,1.0,5.300000000000006,12.85999999999999,39.0,0.15344176912305763,58,16961.67124941219,9515.445908117828,26477.117157530018,5368.5
374,1083,260,16.31989627632123,3.9418282548476453,7.098984302862415,13.887700831024933,50.12326869806094,19.842012927054473,34.16051083327629,66.06555863342567,252.55157469761576,13.0,9.199999999999996,14.720000000000006,57.0,285.78902564057,70,0.2566374660328482,1.0,5.300000000000006,12.85999999999999,39.0,0.059988420299009526,58,17674.447667255892,8881.732816651836,26556.18048390773,5758.900000000001
375,1089,274,16.362797695314967,3.9412304866850323,7.0928374655647275,13.88170798898072,50.14830119375574,19.515059687786945,31.650477070355446,66.23691460055096,252.55157469761576,13.0,9.199999999999996,14.780000000000006,57.0,284.78902564057,71,0.2566374660328482,1.0,5.300000000000006,12.85999999999999,39.0,0.027207238024720137,58,17819.086690198,8672.230717277393,26491.31740747539,6351.3
376,1108,244,16.868441105520752,3.9241877256317688,7.109476534296027,13.883411552346576,50.17734657039711,20.770036101083043,33.15812933894681,66.4043321299639,225.12167023466446,13.0,9.199999999999996,14.780000000000006,57.0,283.78902564057,71,0.2566374660328482,1.0,5.300000000000006,12.85999999999999,39.0,0.09693029205216108,58,18690.232744916993,8090.5835587030215,26780.816303620013,6568.400000000001
377,1101,260,16.549264911532514,3.9037238873751137,7.099091734786562,13.878692098092642,50.16712079927339,21.298819255222515,31.62115270136121,66.57674841053587,418.83784910781077,13.0,9.199999999999996,14.780000000000006,57.0,284.0508605240109,71,0.2539733342903752,1.0,5.300000000000006,12.85999999999999,39.0,0.08687984040609598,58,18220.7406675973,8221.499702353914,26442.240369951214,7622.2
378,1091,266,16.589249928450105,3.845096241979835,7.095783684692941,13.882914757103588,50.235563703024745,21.44775435380384,33.371301713742966,66.70852428964253,469.1836313551795,14.0,8.999999999999996,14.780000000000006,57.0,226.7901075744877,71,0.2539733342903752,1.0,5.300000000000006,12.85999999999999,39.0,0.00023014698789047827,59,18098.871671939065,8876.76625585563,26975.637927794694,6639.1
379,1076,284,16.431739266738635,3.8308550185873607,7.099349442379184,13.88234200743497,50.32853159851301,21.84154275092937,33.99089772692628,66.84293680297398,244.6992764776476,14.0,8.999999999999996,14.780000000000006,57.0,469.1836313551795,71,0.2539733342903752,1.0,5.300000000000006,12.85999999999999,39.5,0.03790867640498652,60,17680.55145101077,9653.414954447064,27333.966405457835,6773.5
380,1063,287,15.936785114481438,3.797742238946378,7.098682972718729,13.890385700846654,50.29915333960489,21.694167450611484,34.6406726975172,66.98494825964252,258.42455985599713,14.0,8.999999999999996,14.720000000000006,57.5,468.1836313551795,72,0.2539733342903752,1.0,5.300000000000006,12.85999999999999,39.5,0.1969405283121577,60,16940.802576693768,9941.873064187437,26882.675640881207,7138.8
381,1068,298,16.303964509645848,3.802434456928839,7.10430711610487,13.89528089887641,50.28651685393258,21.641479400749077,32.306559681397744,67.1807116104869,495.26409468220197,14.0,9.099999999999996,14.780000000000006,57.5,282.8321000070525,73,0.2522438523333876,1.0,5.300000000000006,12.85999999999999,39.5,0.022271591290062842,60,17412.634096301765,9627.354785056528,27039.988881358295,6543.5
382,1044,310,15.898855842568228,3.7844827586206895,7.121743295019157,13.90545977011494,50.223659003831415,21.547126436781618,32.32846009472203,67.40900383141762,495.26409468220197,14.0,9.099999999999996,14.780000000000006,57.5,281.8321000070525,73,0.2522438523333876,1.0,5.300000000000006,12.85999999999999,39.5,0.003955384486567404,60,16598.40549964123,10021.822629363829,26620.22812900506,6811.0
383,1027,319,17.707408217608926,3.8257059396299904,7.097663096397271,13.902083739045755,50.321324245374875,21.08841285296979,27.895285790001644,67.59298928919182,495.26409468220197,14.0,9.199999999999996,14.780000000000006,57.5,256.42455985599713,73,0.2522438523333876,1.0,5.400000000000006,12.85999999999999,40.0,0.00646448076713213,60,18185.508239484367,8898.596167010524,27084.10440649489,6261.4
384,1064,262,18.584915322576645,3.844924812030075,7.0818609022556425,13.901766917293212,50.43374060150376,21.05084586466165,28.956164103692284,67.84586466165413,304.36826729160055,14.0,9.199999999999996,14.780000000000006,57.5,186.53129645039286,73,0.2522438523333876,1.0,5.400000000000006,12.85999999999999,40.0,0.04842374487414225,60,19774.34990322155,7586.514995167378,27360.86489838893,5552.099999999999
385,1083,294,17.581632937430946,3.876269621421976,7.084672206832868,13.897229916897492,50.49722991689751,20.373591874422903,27.338367275636017,68.08494921514313,304.36826729160055,14.0,9.199999999999996,14.720000000000006,57.5,258.2187893234331,73,0.25981748020338163,1.0,5.400000000000006,12.919999999999991,40.5,0.28616728454804563,60,19040.908471237715,8037.479979036989,27078.388450274702,6409.5
386,1061,299,17.75295736900147,3.829406220546654,7.078039585296884,13.889839773798306,50.583411875589064,21.009707822808686,29.293761746057996,68.26955702167766,344.5710609458282,14.0,9.199999999999996,14.780000000000006,57.5,257.2187893234331,73,0.25981748020338163,1.0,5.400000000000006,12.85999999999999,40.5,0.07434646137655831,60,18835.88776851056,8758.834762071341,27594.7225305819,6875.4
387,1038,288,17.356750441236244,3.8699421965317917,7.065606936416181,13.887745664739882,50.65558766859345,21.550578034682065,32.467795740873136,68.47109826589596,344.5710609458282,14.0,9.199999999999996,14.780000000000006,57.5,304.36826729160055,73,0.25981748020338163,1.0,5.400000000000006,12.85999999999999,40.5,0.07881855373332014,61,18016.30695800322,9350.725173371464,27367.032131374683,7258.4
388,1050,299,16.752320511394192,3.8971428571428572,7.046952380952383,13.885714285714272,50.680952380952384,21.3120952380952,34.00775111888334,68.68857142857142,344.5710609458282,14.0,9.199999999999996,14.780000000000006,57.5,303.36826729160055,73,0.3214133263874051,1.0,5.400000000000006,12.85999999999999,40.5,0.14466913819218252,61,17589.9365369639,10168.31758454612,27758.25412151002,6345.7
389,1047,278,18.106927599606774,3.8500477554918815,7.060649474689589,13.890773638968462,50.69054441260745,21.220057306590242,32.95024619458446,68.8080229226361,392.1788095978552,14.0,9.199999999999996,14.780000000000006,57.5,302.36826729160055,74,0.28440816783725187,1.0,5.400000000000006,12.85999999999999,42.5,0.3433977047889034,61,18957.953196788294,9160.16844209448,28118.121638882774,6272.2
390,1051,300,17.615569046912146,3.884871550903901,7.085252140818277,13.88856327307324,50.674595623215986,20.185632730732642,31.46942381172846,68.97526165556613,319.6729525617187,14.0,9.199999999999996,14.780000000000006,57.5,392.1788095978552,74,0.25839901293245227,1.0,5.400000000000006,12.85999999999999,42.0,0.03872921610055968,61,18513.963068304667,9440.827143518538,27954.790211823205,6331.1
391,1056,261,18.801960944238715,3.929924242424242,7.106439393939393,13.889034090909096,50.64299242424242,20.90492424242424,32.66804289890847,69.09469696969697,319.6729525617187,14.0,9.199999999999996,14.780000000000006,57.5,391.1788095978552,75,0.25839901293245227,1.0,5.400000000000006,12.85999999999999,42.0,0.031165657701850424,61,19854.87075711608,8526.35919661511,28381.229953731192,6235.1
392,1080,262,17.723670871388023,3.8944444444444444,7.097870370370364,13.887277777777777,50.658796296296295,20.98731481481478,35.57878222718972,69.26388888888889,319.6729525617187,14.0,9.199999999999996,14.780000000000006,57.5,390.1788095978552,75,0.25839901293245227,1.0,5.400000000000006,12.85999999999999,42.0,0.007787267165380696,62,19141.564541099066,9321.640943523707,28463.205484622773,6830.2
393,1097,255,18.382526338520076,3.9051959890610757,7.096171376481314,13.881148587055597,50.618505013673655,20.76226071103007,32.53871354444054,69.4412032816773,216.29385078891724,14.0,9.199999999999996,14.780000000000006,57.5,389.1788095978552,75,0.25839901293245227,1.0,5.400000000000006,12.85999999999999,42.0,0.1904334498422724,62,20165.631393356525,8297.371953832338,28463.003347188864,6143.599999999999
394,1117,258,17.486186637125993,3.853178155774396,7.093196060877359,13.877851387645464,50.56938227394807,20.612891674127123,35.030652056507485,69.56580125335721,402.19155930835143,14.0,9.199999999999996,14.780000000000006,57.5,388.1788095978552,75,0.2622499098947741,1.0,5.400000000000006,12.85999999999999,42.0,0.04673329658353609,62,19532.070473669733,9037.90823057893,28569.978704248664,6247.0
395,1139,258,18.10140361655239,3.877963125548727,7.092712906057941,13.866619841966633,50.55706760316067,20.774714661984184,30.87927640667634,69.71466198419667,402.19155930835143,14.0,9.199999999999996,14.780000000000006,57.5,207.82733954723784,75,0.2622499098947741,1.0,5.400000000000006,12.85999999999999,42.0,0.2623762654022477,62,20617.49871925317,7966.853312922495,28584.352032175666,6529.0
396,1124,274,17.558722920163557,3.8798932384341636,7.0745551601423395,13.861957295373653,50.57740213523132,21.392259786476878,33.53451843658663,69.855871886121,402.19155930835143,14.0,9.199999999999996,14.780000000000006,58.0,330.8208853308556,75,0.29781873722036667,1.0,5.400000000000006,12.85999999999999,42.0,0.14850371463239265,62,19736.00456226384,9188.458051624737,28924.462613888576,7076.8
397,1122,280,17.377832145173752,3.8538324420677363,7.0627450980392,13.870588235294118,50.5668449197861,21.926292335115882,33.92055858342727,70.03921568627452,399.9264509683998,13.0,9.199999999999996,14.780000000000006,58.0,402.19155930835143,75,0.29781873722036667,1.0,5.400000000000006,12.85999999999999,42.0,0.236831898005603,62,19497.92766688495,9497.756403359635,28995.684070244584,7082.9
398,1103,300,17.157655593490187,3.8757932910244786,7.075521305530361,13.874777878513157,50.59836808703536,21.90525838621941,33.85834298818656,70.17860380779692,235.23489842203304,13.0,9.199999999999996,14.780000000000006,58.0,401.19155930835143,75,0.27873101935592304,1.0,5.300000000000006,12.85999999999999,42.0,0.03947054255706206,63,18924.894119619676,10157.502896455968,29082.397016075643,6744.400000000001
399,1085,314,18.414100255704227,3.834101382488479,7.095299539170498,13.88049769585252,50.61290322580645,21.855483870967753,28.840160221675323,70.35668202764977,336.7402779502452,12.0,9.199999999999996,14.780000000000006,58.0,400.19155930835143,75,0.27873101935592304,1.0,5.300000000000006,12.919999999999991,42.0,0.12628966023406485,63,19979.298777439086,9055.810309606051,29035.109087045137,6498.200000000001
400,1109,271,17.57518827469855,3.8674481514878267,7.123174030658249,13.875996393146961,50.62443642921551,22.0150586113616,36.27248634587448,70.46167718665464,271.898686997856,12.0,9.199999999999996,14.780000000000006,58.0,399.19155930835143,75,0.27873101935592304,1.0,5.300000000000006,12.919999999999991,42.0,0.06882756038161597,63,19490.883796640694,9829.843799731985,29320.72759637268,5887.9
401,1111,277,18.348624773383964,3.8595859585958596,7.105130513051308,13.867362736273606,50.62961296129613,21.665436543654366,33.09475901636203,70.67866786678668,399.68782475202283,12.0,9.199999999999996,14.780000000000006,58.0,398.19155930835143,76,0.2697071402878099,1.0,5.200000000000006,12.919999999999991,42.0,0.048819930020536084,63,20385.322123229584,9167.248247532283,29552.570370761867,6623.2
402,1111,285,17.280788595601276,3.8352835283528353,7.115031503150314,13.870549054905483,50.66516651665167,21.72151215121513,36.33231071538397,70.87398739873987,399.68782475202283,12.0,9.199999999999996,14.780000000000006,58.0,397.19155930835143,76,0.2697071402878099,1.0,5.200000000000006,12.919999999999991,42.0,0.011240341482382732,64,19198.956129713017,10354.708553884431,29553.664683597446,6753.8
403,1089,293,17.091462215480497,3.8255280073461893,7.0986225895316775,13.870909090909077,50.62809917355372,21.280348943985302,36.2146013275838,71.03856749311295,239.7078213466802,12.0,9.199999999999996,14.780000000000006,58.0,399.68782475202283,76,0.2697071402878099,1.0,5.200000000000006,12.919999999999991,42.0,0.007899611797272499,64,18612.60235265826,10610.878188982053,29223.480541640314,7029.7
404,1121,252,18.573249439516967,3.785905441570027,7.0995539696699375,13.862872435325595,50.62221231043711,21.806512042818873,35.18884090668386,71.1935771632471,457.0149794362977,12.0,9.299999999999995,14.780000000000006,58.0,398.68782475202283,76,0.2519749029493181,1.0,5.200000000000006,12.919999999999991,41.5,0.045737348832334046,64,20820.61262169852,8867.587908484333,29688.200530182854,5883.6
405,1109,270,18.970796028542935,3.75834084761046,7.1104598737601465,13.865770964833178,50.64923354373309,21.822993688007216,31.890125562635312,71.35527502254283,457.0149794362977,12.0,9.299999999999995,14.840000000000007,58.0,289.6984338871612,76,0.25267077881061883,1.0,5.200000000000006,12.919999999999991,41.5,0.05559143921602394,64,21038.612795654113,8610.333901911534,29648.946697565647,6756.7
406,1098,260,19.268173798387124,3.714025500910747,7.108287795992706,13.874699453551889,50.66074681238616,22.177140255009082,33.253942024496375,71.48178506375228,292.53879459192177,12.0,9.299999999999995,14.840000000000007,58.0,457.0149794362977,76,0.25267077881061883,1.0,5.200000000000006,12.919999999999991,41.5,0.09512317522678981,65,21156.454830629064,8646.024926369057,29802.47975699812,6530.8
407,1094,295,18.640468492577302,3.7751371115173673,7.10758683729432,13.887239488117004,50.674131627056674,21.742138939670905,31.993591296600115,71.66819012797075,478.4622174940346,12.0,9.299999999999995,14.840000000000007,58.0,340.22633871610276,77,0.25267077881061883,1.0,5.200000000000006,12.919999999999991,41.5,0.04519184751779082,65,20392.67253087957,9438.109432497035,29830.781963376605,6629.2
408,1082,293,19.528742286962657,3.804066543438078,7.125970425138623,13.889926062846593,50.67975970425139,21.176617375231082,31.04847798065044,71.77634011090574,478.4622174940346,12.0,9.299999999999995,14.840000000000007,58.0,220.94448570038756,77,0.27003704983058097,1.0,5.200000000000006,12.919999999999991,41.5,0.011181877751127223,65,21130.099154493597,9097.20404833058,30227.303202824176,5969.9
409,1102,250,19.790457322813232,3.823956442831216,7.1383847549909225,13.908475499092576,50.75499092558984,21.291742286751344,35.06860153722773,71.89201451905626,478.4622174940346,12.0,9.299999999999995,14.840000000000007,58.0,219.94448570038756,77,0.2639327635245439,1.0,5.200000000000006,12.919999999999991,41.5,0.15296916972070385,65,21809.083969740183,8767.150384306931,30576.234354047112,5840.5
410,1112,267,18.9100291946796,3.7949640287769784,7.140467625899284,13.901744604316553,50.74865107913669,20.790017985611524,35.76495170925827,72.07104316546763,478.4622174940346,12.0,9.299999999999995,14.840000000000007,58.0,265.02006758483503,77,0.2639327635245439,1.0,5.200000000000006,12.919999999999991,41.5,0.28235632858353943,65,21027.952464483715,9549.242106371958,30577.194570855674,6554.9
411,1093,267,19.242688933184308,3.809698078682525,7.15544373284538,13.90316559926809,50.75526075022873,20.631564501372374,36.80456102997406,72.26075022872827,478.4622174940346,12.0,9.299999999999995,14.840000000000007,58.0,340.3996704098434,78,0.2639327635245439,1.0,5.200000000000006,12.85999999999999,41.5,0.054737544691512596,65,21032.25900397045,9826.817795003075,30859.076798973525,6368.900000000001
412,1114,270,19.068745201969012,3.850089766606822,7.154937163375216,13.906283662477563,50.79443447037702,20.802692998204684,35.20857964264494,72.42639138240574,478.4622174940346,12.0,9.399999999999995,14.840000000000007,58.0,263.02006758483503,78,0.28721216543638306,1.0,5.200000000000006,12.85999999999999,42.0,0.0037573667799382093,65,21242.58215499348,9506.316503514134,30748.898658507613,6654.7
413,1097,279,18.395360263814602,3.8505013673655424,7.1412944393801165,13.906198723792153,50.86007292616226,20.941020966271655,35.46779904222498,72.60619872379216,478.4622174940346,12.0,9.399999999999995,14.840000000000007,58.0,359.00205326003453,78,0.2743237380107903,1.0,5.200000000000006,12.85999999999999,42.0,0.05573105409817569,66,20179.71020940462,9895.51593278077,30075.22614218539,7016.4
414,1082,287,18.90249400964453,3.88539741219963,7.131885397412188,13.899297597042523,50.968114602587804,21.504528650646964,32.28085927618041,72.85212569316081,358.84177672608985,12.0,9.499999999999995,14.840000000000007,58.0,478.4622174940346,78,0.2743237380107903,1.0,5.200000000000006,12.85999999999999,42.0,0.04235798450031503,66,20452.498518435383,9264.606612263777,29717.105130699158,7630.599999999999
415,1058,301,19.22980729433501,3.829867674858223,7.154158790170128,13.903137996219282,51.02079395085066,20.98421550094522,29.69517922660123,73.03497164461248,504.4190763784549,12.0,9.499999999999995,14.840000000000007,58.0,306.84596631790635,79,0.2743237380107903,1.0,5.200000000000006,12.919999999999991,42.0,0.03150420184768343,66,20345.13611740644,8938.24894720697,29283.38506461341,6984.0
416,1078,278,18.94331684440242,3.855287569573284,7.153896103896101,13.917235621521328,50.97727272727273,20.653432282003713,32.19131058240274,73.14100185528757,358.84177672608985,12.0,9.499999999999995,14.840000000000007,58.0,207.951943194745,79,0.2743237380107903,1.0,5.200000000000006,12.919999999999991,42.0,0.13042388166086982,67,20420.89555826581,8949.184341907963,29370.079900173772,5909.0
417,1106,270,18.620441334760663,3.8200723327305606,7.154701627486428,13.919547920433969,50.98146473779385,20.671790235081367,33.41384740807593,73.33363471971067,358.84177672608985,12.0,9.599999999999994,14.840000000000007,58.0,202.30637283724556,79,0.2522931197232665,1.0,5.200000000000006,12.919999999999991,42.0,0.14118047044868032,67,20594.208116245292,9021.738800180501,29615.946916425793,6472.4
418,1092,260,18.77017084596411,3.870879120879121,7.142673992673982,13.926043956043936,51.06456043956044,21.124175824175804,32.79859171650997,73.50641025641026,257.3003052633385,12.0,9.599999999999994,14.780000000000006,58.0,358.84177672608985,79,0.2522931197232665,1.0,5.200000000000006,12.919999999999991,42.5,0.14422652377531842,67,20497.026563792806,8527.633846292592,29024.6604100854,7050.2
419,1095,281,17.159061956479952,3.8493150684931505,7.1202739726027335,13.924164383561621,51.09041095890411,21.197260273972613,33.41908474648948,73.69315068493151,399.19192614346366,12.0,9.599999999999994,14.780000000000006,58.0,357.84177672608985,79,0.263312154196795,1.0,5.400000000000006,12.85999999999999,42.5,0.011390318175671599,67,18789.17284234555,9390.762813763544,28179.935656109094,7122.7
420,1090,275,17.891629203380074,3.8110091743119265,7.110917431192667,13.925357798165138,51.08761467889908,22.010458715596343,33.45470453215518,73.85045871559633,506.20208119594855,12.0,9.599999999999994,14.780000000000006,58.0,319.0809332255004,79,0.263312154196795,1.0,5.400000000000006,12.85999999999999,42.5,0.22624111551913217,67,19501.87583168428,9200.043746342675,28701.919578026955,6773.0
421,1069,309,16.325760315555538,3.7792329279700656,7.1157156220767055,13.9332647333957,51.06688493919551,21.624883068288142,36.79562486630006,74.00841908325538,359.747088635826,12.0,9.599999999999994,14.780000000000006,58.0,506.20208119594855,80,0.263312154196795,1.0,5.400000000000006,12.85999999999999,42.5,0.023967692974176558,67,17452.23777732887,11369.848083686718,28822.085861015592,6937.8
422,1074,288,17.652870656854613,3.792364990689013,7.117225325884538,13.931899441340784,51.138733705772815,21.67188081936685,35.439798599064424,74.12290502793296,359.747088635826,12.0,9.599999999999994,14.780000000000006,58.5,505.20208119594855,80,0.263312154196795,1.0,5.300000000000006,12.85999999999999,42.5,0.04025467892298362,68,18959.183085461857,10206.661996530554,29165.84508199241,5912.1
423,1075,290,17.818954050403327,3.8018604651162793,7.111255813953484,13.924762790697676,51.128837209302326,21.6805581395349,32.67166315162256,74.30604651162791,359.747088635826,12.0,9.599999999999994,14.780000000000006,58.5,504.20208119594855,80,0.2660332716404733,1.0,5.300000000000006,12.85999999999999,42.0,0.005376078138783713,68,19155.375604183577,9474.782313970543,28630.15791815412,6921.099999999999
424,1066,292,18.799244889439823,3.817073170731707,7.098592870544086,13.914446529080692,51.170731707317074,21.79540337711069,30.958606936919974,74.52439024390245,324.1280524167758,12.0,9.599999999999994,14.780000000000006,58.5,503.20208119594855,80,0.2660332716404733,1.0,5.300000000000006,12.85999999999999,42.0,0.027265378226384085,68,20039.99505214285,9039.913225580633,29079.908277723483,6709.900000000001
425,1066,296,17.817365538478686,3.7701688555347093,7.1203564727955,13.906172607879945,51.24765478424015,21.63001876172607,34.77707052439298,74.68667917448406,396.2824409102347,12.0,9.599999999999994,14.780000000000006,58.5,502.20208119594855,80,0.2600055437730302,1.0,5.300000000000006,12.85999999999999,42.0,0.037053875718392915,68,18993.311664018278,10294.012875220324,29287.3245392386,6593.9
426,1085,270,17.69336158710149,3.7382488479262674,7.109953917050692,13.898635944700477,51.242396313364054,21.62958525345623,37.72946067438237,74.92811059907834,519.7024267771942,12.0,9.599999999999994,14.780000000000006,58.5,323.1280524167758,81,0.2600055437730302,1.0,5.300000000000006,12.85999999999999,42.0,0.07504827399387182,68,19197.297322005114,10186.95438208324,29384.251704088354,6263.3
427,1099,300,16.514620574269614,3.7233848953594175,7.111919927206554,13.901292083712482,51.17970882620564,20.68717015468608,37.59392595734614,75.11191992720656,259.8512133885971,12.0,9.599999999999994,14.780000000000006,58.5,322.1280524167758,81,0.2600055437730302,1.0,5.200000000000006,12.85999999999999,42.0,0.0012468353590988634,68,18149.568011122305,11278.17778720384,29427.745798326145,6351.599999999999
428,1092,295,18.03653711021469,3.7234432234432235,7.121153846153841,13.913516483516482,51.175824175824175,21.04661172161173,34.48225880567569,75.21978021978022,327.5563305643627,12.0,9.599999999999994,14.780000000000006,58.5,256.51913863343754,81,0.2600055437730302,1.0,5.200000000000006,12.85999999999999,42.0,0.0006639884171344423,68,19695.898524354445,10172.26634767433,29868.164872028774,6647.400000000001
429,1092,278,18.478831212692942,3.687728937728938,7.121153846153852,13.913186813186808,51.21474358974359,21.648992673992673,32.82182033847872,75.35989010989012,327.5563305643627,12.0,9.699999999999994,14.780000000000006,58.0,295.5795581224706,81,0.2600055437730302,1.0,5.200000000000006,12.85999999999999,44.5,0.14479017642663727,69,20178.883684260694,9124.466054097085,29303.349738357778,7085.4
430,1113,264,17.990175012675827,3.737646001796945,7.112578616352208,13.919568733153628,51.19496855345912,21.83593890386341,32.81580855992303,75.51841868823001,327.5563305643627,12.0,9.699999999999994,14.780000000000006,58.0,294.5795581224706,81,0.2841622366132917,1.0,5.200000000000006,12.85999999999999,44.5,0.0004987341436395454,69,20023.064789108197,8663.373459819679,28686.438248927876,6945.299999999999
431,1089,271,17.972258177235947,3.766758494031221,7.076033057851243,13.90694214876033,51.190541781450875,22.306887052341573,33.576267440885225,75.68044077134986,317.27725709399095,12.0,9.699999999999994,14.780000000000006,58.0,327.5563305643627,82,0.2841622366132917,1.0,5.200000000000006,12.85999999999999,44.5,0.16883278362549325,69,19571.789155009945,9099.168476479896,28670.95763148984,7570.799999999999
432,1081,279,18.20992811931221,3.717853839037928,7.057816836262719,13.901757631822383,51.21785383903793,22.309435707678084,30.939471779822966,75.77243293246994,303.5584723844025,12.0,9.699999999999994,14.780000000000006,58.0,326.5563305643627,82,0.2560281702292648,1.0,5.200000000000006,12.85999999999999,44.5,0.030634413996279974,70,19684.932296976498,8632.112626570608,28317.044923547106,6980.099999999999
433,1076,303,17.98031547952447,3.699814126394052,7.035315985130111,13.90079925650559,51.20957249070632,21.226672862453512,30.474485231293507,75.99628252788104,318.164748135109,12.0,9.799999999999994,14.780000000000006,58.0,325.5563305643627,82,0.2560281702292648,1.0,5.200000000000006,12.85999999999999,44.5,0.009812900802781188,70,19346.819455968332,9233.769025081932,28580.588481050265,6489.7
434,1069,279,18.87296401601777,3.6538821328344246,7.0091674462114115,13.899195509822272,51.23479887745557,21.29363891487373,31.94801589008988,76.13283442469597,330.5814425424496,12.0,9.799999999999994,14.780000000000006,58.0,282.2223445830815,82,0.2560281702292648,1.0,5.200000000000006,12.85999999999999,44.5,0.11808793391694383,70,20175.198533123,8913.496433335076,29088.694966458075,6134.2
435,1057,308,17.15231699726472,3.6045411542100285,7.020340586565753,13.897256385998114,51.22989593188269,20.99668874172184,37.007954115612684,76.32166508987702,330.5814425424496,12.0,9.799999999999994,14.780000000000006,58.0,303.5584723844025,82,0.2560281702292648,1.0,5.200000000000006,12.79999999999999,44.5,0.08481463037432735,70,18129.99906610881,11398.449867608706,29528.448933717515,6659.3
436,1056,302,18.252326479357833,3.578598484848485,7.01979166666667,13.886420454545453,51.22585227272727,21.044602272727264,35.407485038436064,76.51136363636364,330.5814425424496,12.0,9.799999999999994,14.780000000000006,58.0,280.2223445830815,82,0.2560281702292648,1.0,5.200000000000006,12.79999999999999,44.5,0.15026190636632175,70,19274.456762201873,10693.060481607692,29967.517243809565,6146.1
437,1074,286,18.09066934122037,3.5772811918063314,7.016294227188086,13.890223463687148,51.35102420856611,21.174022346368687,36.74885602545923,76.69087523277467,304.1914451638502,12.0,9.799999999999994,14.780000000000006,58.0,330.5814425424496,83,0.2560281702292648,1.0,5.200000000000006,12.79999999999999,44.5,0.0018742357570378232,70,19429.378872470676,10510.17282328134,29939.551695752016,6252.3
438,1084,270,18.709170540071963,3.5516605166051662,7.041512915129161,13.902084870848705,51.35378228782288,21.81863468634686,37.165696392050734,76.76660516605166,358.11161080319187,12.0,9.799999999999994,14.780000000000006,58.0,329.5814425424496,83,0.2560281702292648,1.0,5.200000000000006,12.79999999999999,44.5,0.044723467270038064,70,20280.74086543801,10034.738025853698,30315.478891291707,6651.200000000001
439,1066,277,18.86270609430843,3.472795497185741,7.0288930581613505,13.899136960600396,51.39868667917448,22.268667917448422,36.00323320392517,76.9859287054409,358.11161080319187,11.0,9.799999999999994,14.780000000000006,58.0,328.5814425424496,83,0.2560281702292648,1.0,5.200000000000006,12.79999999999999,44.5,0.0009371178785189116,70,20107.644696532785,9972.895597487272,30080.54029402006,7241.5
440,1053,272,18.31670667149751,3.3732193732193734,7.020037986704658,13.914074074074074,51.40930674264008,23.503703703703692,39.00669827136691,77.08547008547009,358.11161080319187,11.0,9.799999999999994,14.780000000000006,58.0,327.5814425424496,83,0.2878397151162593,1.0,5.100000000000007,12.79999999999999,44.5,0.26071768126601613,71,19287.49212508688,10609.821929811798,29897.314054898678,7272.6
441,1022,317,17.28551336327016,3.363013698630137,7.015459882583168,13.913111545988247,51.45743639921722,23.073385518590992,36.630671395379075,77.23483365949119,255.73700601126794,11.0,9.799999999999994,14.780000000000006,58.0,358.11161080319187,84,0.25055443091198176,1.0,5.100000000000007,12.79999999999999,44.5,0.01972523633744805,71,17665.794657262104,11611.922832335167,29277.71748959727,7113.3
442,991,330,18.11716247353214,3.3824419778002017,7.017558022199796,13.916266397578172,51.42230070635721,21.957618567103943,36.1598269583462,77.38849646821393,316.2852481655638,12.0,9.699999999999994,14.840000000000007,58.0,357.11161080319187,84,0.25055443091198176,1.0,5.100000000000007,12.79999999999999,44.0,0.00221772364792705,71,17954.10801127035,11932.742896254245,29886.850907524597,5849.900000000001
443,1007,337,17.89726658241641,3.3674280039721944,7.029195630585894,13.908301886792454,51.388778550148956,20.964846077457818,35.812116868807,77.59582919563059,316.2852481655638,12.0,9.699999999999994,14.840000000000007,58.0,356.11161080319187,84,0.25055443091198176,1.0,5.100000000000007,12.79999999999999,44.0,0.09491517798969351,72,18022.547448493326,12068.683384787959,30091.230833281283,5923.8
444,1025,308,19.287736256944537,3.395121951219512,7.042048780487804,13.902126829268298,51.347804878048784,20.891999999999992,35.384787724319565,77.78048780487805,417.69882676104663,12.0,9.699999999999994,14.840000000000007,58.0,284.1793156491004,85,0.25055443091198176,1.0,5.000000000000007,12.73999999999999,44.0,0.18251772177297365,72,19769.92966336815,10898.514619090425,30668.44428245858,5734.1
445,1036,303,18.32728230354993,3.4034749034749034,7.047683397683389,13.904034749034738,51.35086872586873,20.700868725868744,36.969650378236025,78.02509652509653,231.457256137542,12.0,9.699999999999994,14.840000000000007,58.0,347.9324789298251,85,0.2506923909158292,1.0,5.000000000000007,12.73999999999999,44.0,0.0511415491444005,72,18987.064466477725,11201.804064605516,30188.86853108324,6721.900000000001
446,1054,279,18.339720115651232,3.3899430740037952,7.029032258064519,13.89462998102467,51.32732447817837,20.31650853889943,37.331908413061,78.22296015180265,290.70053648785915,12.0,9.699999999999994,14.840000000000007,58.0,346.9324789298251,85,0.2506923909158292,1.0,5.000000000000007,12.73999999999999,44.0,0.024422955697239068,72,19330.0650018964,10415.602447244019,29745.66744914042,6395.8
447,1085,275,18.88503762038571,3.4211981566820278,7.036313364055298,13.893050691244255,51.336405529953915,20.094470046082947,32.82188448272058,78.40276497695852,352.2706033386685,12.0,9.699999999999994,14.840000000000007,58.0,314.2852481655638,85,0.2602644465396803,1.0,5.000000000000007,12.73999999999999,44.0,0.2506923909158292,73,20490.265818118496,9026.018232748158,29516.284050866656,6155.1
448,1096,243,19.122583892168098,3.437956204379562,7.044434306569343,13.886788321167897,51.38959854014598,20.81523722627738,32.834568348382035,78.58759124087591,352.2706033386685,12.0,9.699999999999994,14.840000000000007,58.5,313.2852481655638,86,0.2602644465396803,1.0,5.000000000000007,12.73999999999999,44.0,0.06313903121510034,73,20958.351945816237,7978.800108656834,28937.15205447307,6789.000000000001
449,1105,253,18.067899956263922,3.427149321266968,7.072760180995483,13.882117647058832,51.35294117647059,21.25085972850681,32.848939969452374,78.78552036199095,352.2706033386685,12.0,9.699999999999994,14.840000000000007,58.5,290.70053648785915,86,0.2602644465396803,1.0,5.000000000000007,12.73999999999999,44.0,0.18471051529548577,73,19965.029451671635,8310.78181227145,28275.811263943084,7273.200000000001
450,1102,276,16.473284622910978,3.4646098003629766,7.0833938294011,13.8958439201452,51.35798548094374,21.816515426497272,34.93631744403532,78.8901996370236,322.6440077875085,12.0,9.699999999999994,14.840000000000007,58.5,352.2706033386685,86,0.2602644465396803,1.0,5.000000000000007,12.73999999999999,44.0,0.05260981416078936,73,18153.559654447898,9642.423614553747,27795.983269001645,7394.8
451,1071,293,16.402156728577793,3.5172735760971054,7.05462184873951,13.90577030812326,51.35247432306256,22.49103641456583,34.63131657720857,79.01027077497666,353.59875076099246,12.0,9.699999999999994,14.840000000000007,58.5,322.6440077875085,86,0.2602644465396803,1.0,5.000000000000007,12.73999999999999,44.0,0.26996638690488983,73,17566.709856306818,10146.97575712211,27713.685613428926,7379.599999999999
452,1072,266,17.129537776537223,3.5363805970149254,7.042444029850764,13.890354477611965,51.40391791044776,22.188339552238766,33.81898116323365,79.27705223880596,353.59875076099246,11.0,9.699999999999994,14.840000000000007,58.5,354.3359882430808,86,0.27074929401541104,1.0,4.9000000000000075,12.73999999999999,44.0,0.1749341896276002,73,18362.864496447903,8995.848989420152,27358.713485868055,6729.2
453,1073,295,16.119903069194603,3.547996272134203,7.037931034482768,13.880167753960894,51.36439888164026,21.104846225535862,32.971235434580144,79.51444547996272,353.59875076099246,11.0,9.699999999999994,14.900000000000007,58.5,353.3359882430808,87,0.27074929401541104,1.0,4.9000000000000075,12.73999999999999,43.5,0.10920364958991602,73,17296.655993245808,9726.514453201144,27023.17044644695,6305.700000000001
454,1063,270,16.75102715089916,3.51552210724365,7.03753527751647,13.869727187206028,51.41909689557855,21.476669802445922,33.04208735228614,79.72624647224835,358.23050981793847,11.0,9.699999999999994,14.900000000000007,58.0,312.2093993326583,87,0.27074929401541104,1.0,4.9000000000000075,12.73999999999999,43.5,0.07993881733861197,74,17806.341861405806,8921.363585117257,26727.70544652306,6410.1
455,1076,262,15.933970954549636,3.5278810408921935,7.037453531598523,13.87693308550187,51.40148698884759,22.02676579925652,34.72440319574403,79.88197026022304,353.59875076099246,11.0,9.499999999999995,14.900000000000007,58.0,358.23050981793847,87,0.27074929401541104,1.0,4.9000000000000075,12.73999999999999,44.0,0.08075693177976895,74,17144.95274709541,9097.793637284936,26242.746384380345,6667.4
456,1083,260,15.885456733950823,3.51061865189289,7.052077562326881,13.876288088642687,51.41412742382271,21.93379501385043,33.402084117377825,80.09233610341643,376.80498840597505,11.0,9.599999999999994,14.960000000000008,58.5,358.2355782175558,87,0.27074929401541104,1.0,4.9000000000000075,12.73999999999999,44.0,0.2639272465599838,74,17203.94964286874,8684.541870518235,25888.491513386976,6753.6
457,1055,272,15.894178238677057,3.4834123222748814,7.046824644549769,13.880056872037926,51.423222748815164,22.07393364928912,32.43346116831394,80.26445497630331,358.4869029128293,11.0,9.599999999999994,14.960000000000008,58.5,376.80498840597505,88,0.27074929401541104,1.0,4.9000000000000075,12.73999999999999,44.0,0.058577421129321294,74,16768.358041804295,8821.901437781391,25590.259479585686,6795.8
458,1064,262,15.753843408486022,3.431390977443609,7.041917293233085,13.896804511278212,51.42669172932331,21.953759398496278,31.188213951887555,80.33834586466165,358.4869029128293,11.0,9.599999999999994,14.960000000000008,58.5,375.80498840597505,88,0.27074929401541104,1.0,4.9000000000000075,12.73999999999999,44.0,0.23615434933856427,74,16762.089386629126,8171.312055394539,24933.401442023664,6620.0
459,1084,274,14.825912915485,3.4206642066420665,7.047601476014758,13.911937269372718,51.43404059040591,21.640867158671597,29.37535994428613,80.43173431734317,322.3218249499795,11.0,9.599999999999994,14.960000000000008,58.5,374.80498840597505,88,0.27074929401541104,1.0,4.9000000000000075,12.73999999999999,44.0,0.018921944935879065,74,16071.28960038574,8048.8486247344,24120.13822512014,6438.3
460,1063,282,14.659561289907819,3.4111006585136407,7.041110065851369,13.926171213546565,51.44026340545626,21.94628410159921,30.027024791856764,80.66227657572907,347.72780072189903,10.0,9.599999999999994,14.960000000000008,58.5,373.80498840597505,88,0.27074929401541104,1.0,4.9000000000000075,12.73999999999999,44.0,0.07680611983782026,74,15583.11365117201,8467.620991303607,24050.734642475618,6957.0
461,1061,265,15.445941493965172,3.453345900094251,7.036946277097085,13.912855796418475,51.56833176248822,22.13091423185673,28.345083023568904,80.91894439208293,374.8663499237318,10.0,9.599999999999994,14.960000000000008,58.5,297.4242220588918,89,0.2900831716227079,1.0,4.9000000000000075,12.73999999999999,44.0,0.14255047857766923,75,16388.143925097047,7511.44700124576,23899.590926342808,6551.3
462,1055,271,15.872823283777102,3.4881516587677726,7.037156398104268,13.908834123222757,51.58720379146919,22.283981042654037,24.744655044022576,81.10426540284361,347.72780072189903,10.0,9.599999999999994,15.020000000000008,58.5,296.4242220588918,89,0.254738156362626,1.0,4.9000000000000075,12.73999999999999,44.0,0.18248416612384477,75,16745.828564384843,6705.801516930118,23451.63008131496,6792.3
463,1033,294,15.058271765044584,3.462729912875121,7.0491771539206205,13.91188770571152,51.589060987415294,21.64056147144241,25.32737249787393,81.2565343659245,347.72780072189903,10.0,9.599999999999994,15.020000000000008,58.5,295.4242220588918,89,0.254738156362626,1.0,4.9000000000000075,12.73999999999999,44.0,0.004558305381203498,75,15555.194733291055,7446.247514374936,23001.44224766599,6909.0
464,1054,259,14.440785503817477,3.4364326375711576,7.051802656546491,13.912561669829213,51.51328273244782,22.06897533206831,33.379288462724276,81.36527514231499,299.6905727804057,10.0,9.599999999999994,15.020000000000008,58.5,347.72780072189903,89,0.25111580881720735,1.0,4.9000000000000075,12.73999999999999,43.5,0.07047041780575336,75,15220.58792102362,8645.235711845588,23865.823632869207,6058.400000000001
465,1048,279,14.35282936479958,3.405534351145038,7.0513358778625985,13.900438931297703,51.44656488549618,22.211832061068687,30.30172293271506,81.52099236641222,299.6905727804057,10.0,9.599999999999994,15.020000000000008,58.5,346.72780072189903,89,0.25111580881720735,1.0,4.9000000000000075,12.73999999999999,43.5,0.0940551983734379,76,15041.765174309961,8454.180698227501,23495.945872537464,7286.3
466,1021,269,15.141925642773002,3.384916748285994,7.0695396669931565,13.900039177277174,51.55435847208619,22.76650342801175,28.659160131593563,81.63956904995104,280.29339243696853,10.0,9.699999999999994,15.020000000000008,59.0,345.72780072189903,89,0.25111580881720735,1.0,4.9000000000000075,12.73999999999999,43.5,0.025119868987584226,76,15459.906081271234,7709.314075398668,23169.2201566699,6952.900000000001
467,1036,282,13.456847957495814,3.3957528957528957,7.061003861003861,13.911447876447886,51.65106177606177,21.568243243243266,30.10563516986893,81.87934362934362,403.64932684137864,10.0,9.699999999999994,15.020000000000008,59.0,298.6905727804057,89,0.25111580881720735,1.0,5.000000000000007,12.73999999999999,43.5,0.009158345353777797,76,13941.294483965663,8489.789117903038,22431.0836018687,6374.0
468,1037,261,13.986434755638463,3.4059787849566057,7.075699132111857,13.904590163934419,51.74590163934426,21.7602700096432,30.755121873669523,82.07521697203471,299.286910918124,10.0,9.699999999999994,15.020000000000008,59.5,403.64932684137864,90,0.28018749318751446,1.0,5.000000000000007,12.73999999999999,44.0,0.09648956814734344,76,14503.932841597087,8027.086809027745,22531.019650624832,6236.900000000001
469,1039,275,13.461257872333137,3.4003849855630413,7.080654475457172,13.908642925890296,51.74350336862368,21.931665062560153,31.007675417842428,82.2502406159769,299.286910918124,10.0,9.699999999999994,14.960000000000008,59.5,402.64932684137864,90,0.28018749318751446,1.0,5.000000000000007,12.679999999999989,44.0,0.26503646929201174,76,13986.246929354129,8527.110739906668,22513.357669260797,7057.8
470,1045,288,13.79936141471665,3.3885167464114834,7.081531100478469,13.901645933014375,51.72488038277512,21.553014354066992,26.49864366307959,82.46507177033493,403.570641907339,10.0,9.499999999999995,14.960000000000008,59.5,299.286910918124,90,0.28018749318751446,1.0,5.000000000000007,12.679999999999989,43.5,0.011841541438595726,77,14420.3326783789,7631.609374966922,22051.94205334582,6675.2
471,1040,280,14.32246236480197,3.3759615384615387,7.097307692307692,13.898403846153851,51.74038461538461,21.367500000000003,27.73237907317941,82.56538461538462,403.570641907339,10.0,9.499999999999995,14.900000000000007,59.5,298.286910918124,90,0.28018749318751446,1.0,5.000000000000007,12.679999999999989,43.5,0.04103847606173461,77,14895.360859394048,7765.066140490235,22660.426999884283,6140.6
472,1058,251,15.220134460920892,3.388468809073724,7.086483931947066,13.894177693761831,51.75472589792061,21.89697542533081,28.528565269751507,82.72306238185256,300.21728712705976,10.0,9.499999999999995,14.900000000000007,59.5,170.72189859889798,90,0.2677351901399695,1.0,5.300000000000006,12.679999999999989,43.5,0.027669808348874003,77,16102.902259654304,7160.669882707628,23263.572142361932,5989.9
473,1044,254,15.14416494435816,3.336206896551724,7.086111111111108,13.90005747126438,51.77442528735632,22.832183908045995,27.338943072029135,82.85344827586206,300.21728712705976,10.0,9.599999999999994,14.900000000000007,59.5,246.81143806785687,91,0.25701042271151187,1.0,5.300000000000006,12.679999999999989,43.5,0.021776390951786517,77,15810.508201909919,6944.091540295401,22754.59974220532,7398.599999999999
474,1011,270,14.606628506381881,3.364985163204748,7.096834817012856,13.906765578635028,51.83036597428289,22.67230464886252,28.230329115689248,82.96538081107813,256.8626116757106,10.0,9.599999999999994,14.900000000000007,59.5,279.05657015675126,91,0.25701042271151187,1.0,5.400000000000006,12.619999999999989,43.5,0.13894136306738236,77,14767.301419952082,7622.188861236097,22389.49028118818,6727.6
475,1020,302,14.138668959700984,3.324509803921569,7.09058823529412,13.922294117647073,51.82058823529412,21.74058823529415,26.515259756492405,83.10098039215686,282.2383909358968,10.0,9.599999999999994,14.900000000000007,59.5,256.8626116757106,91,0.2677351901399695,1.0,5.300000000000006,12.619999999999989,43.5,0.010888195475893259,77,14421.442338895004,8007.608446460707,22429.05078535571,6516.3
476,1039,269,14.951824647538691,3.339749759384023,7.077670837343616,13.92342637151108,51.856592877767085,21.67401347449472,27.07977472625608,83.24446583253128,243.3530909245926,10.0,9.599999999999994,14.900000000000007,59.5,255.86261167571058,91,0.2527220488689733,1.0,5.300000000000006,12.619999999999989,43.5,0.016930504573092087,77,15534.9458087927,7284.459401362886,22819.405210155586,5969.099999999999
477,1024,277,15.178271041245122,3.3505859375,7.093652343750006,13.91744140625,51.86181640625,21.508203125000005,25.23878443934086,83.439453125,243.3530909245926,11.0,9.499999999999995,14.900000000000007,59.5,254.86261167571058,92,0.2527220488689733,1.0,5.200000000000006,12.619999999999989,43.5,0.02845027185757254,78,15542.549546235005,6991.143289697418,22533.692835932423,7096.5
478,1017,290,14.093304359989535,3.297935103244838,7.117797443461169,13.923480825958704,51.88298918387414,21.731071779744294,27.551482524342017,83.66470009832841,244.83262970906907,11.0,9.499999999999995,14.900000000000007,59.5,253.86261167571058,92,0.2527220488689733,1.0,5.200000000000006,12.619999999999989,44.0,0.020317332198092064,78,14332.890534109358,7989.9299320591845,22322.82046616854,7096.6
479,998,294,14.554015237090871,3.3216432865731464,7.103707414829662,13.925390781563145,51.86523046092184,21.966633266533066,24.876983353039414,83.84168336673346,262.05028827784537,11.0,9.499999999999995,14.900000000000007,59.5,242.3530909245926,92,0.2527220488689733,1.0,5.200000000000006,12.619999999999989,44.0,0.06947068153369118,78,14524.90720661669,7313.8331057935875,21838.74031241028,6893.9
480,994,294,14.084587743726187,3.385311871227364,7.117203219315893,13.93209255533201,51.846579476861166,22.577665995975853,25.900557659028962,83.97887323943662,262.05028827784537,11.0,9.499999999999995,14.900000000000007,59.5,241.3530909245926,92,0.2527220488689733,1.0,5.200000000000006,12.619999999999989,44.5,0.007216527873019629,78,14000.08021726383,7614.763951754515,21614.844169018346,6976.4
481,977,285,13.772475657303623,3.3561924257932447,7.106345957011259,13.947062436028661,51.91965199590583,22.62528147389968,28.14592933110066,84.12180143295804,282.67990653137826,11.0,9.499999999999995,14.900000000000007,59.5,258.5323944990121,92,0.2527220488689733,1.0,5.200000000000006,12.619999999999989,44.5,0.10770235877217615,78,13455.70871718564,8021.589859363688,21477.29857654933,6628.6
482,971,292,14.736044831926215,3.301750772399588,7.1249227600411995,13.94698249227601,51.81359423274974,21.65180226570548,26.658015936429074,84.346035015448,282.67990653137826,11.0,9.499999999999995,14.900000000000007,59.5,262.05028827784537,92,0.2538814193743147,1.0,5.200000000000006,12.619999999999989,44.5,0.08283050512221757,79,14308.699531800354,7784.140653437289,22092.84018523764,5991.5
483,1002,285,14.696243508479872,3.2924151696606785,7.137125748502997,13.951976047904209,51.88622754491018,21.33872255489019,26.518410574404694,84.51397205588822,282.67990653137826,11.0,9.399999999999995,14.900000000000007,60.0,261.05028827784537,92,0.25300688986361775,1.0,5.200000000000006,12.619999999999989,44.5,0.05672868712166168,79,14725.635995496832,7557.747013705338,22283.38300920217,5604.8
484,1007,265,14.263380323636223,3.34558093346574,7.1340615690168825,13.9621052631579,51.94637537239325,21.564548162859968,28.831487345941948,84.7159880834161,271.578781400049,11.0,9.399999999999995,14.900000000000007,60.0,282.67990653137826,93,0.25300688986361775,1.0,5.200000000000006,12.619999999999989,44.5,0.04163273953171043,79,14363.223985901677,7640.344146674616,22003.568132576293,6367.5
485,995,274,14.616580812396283,3.3668341708542715,7.130753768844225,13.948080402010088,51.97386934673367,20.860502512562835,26.560034938894088,84.96884422110553,286.9707584822265,11.0,9.399999999999995,14.900000000000007,60.0,242.83262970906907,93,0.25300688986361775,1.0,5.200000000000006,12.559999999999988,44.5,0.16885806227874056,79,14543.4979083343,7277.44957325698,21820.94748159128,6518.7
486,1026,282,13.254985873151512,3.3294346978557505,7.119200779727098,13.954035087719328,52.03703703703704,20.41471734892785,30.020861271553827,85.07894736842105,286.9707584822265,11.0,9.399999999999995,14.900000000000007,60.0,241.83262970906907,94,0.25300688986361775,1.0,5.200000000000006,12.559999999999988,44.5,0.14060128737278887,80,13599.615505853451,8465.882878578179,22065.49838443163,6019.9
487,1025,269,13.559057006913434,3.366829268292683,7.122731707317075,13.949599999999988,52.08439024390244,20.76351219512193,29.199202117270847,85.18829268292683,286.9707584822265,11.0,9.399999999999995,14.900000000000007,60.5,271.578781400049,94,0.25300688986361775,1.0,5.200000000000006,12.559999999999988,44.5,0.26687372052340225,80,13898.03343208627,7854.585369545858,21752.61880163213,6516.2
488,1044,262,13.69079242943926,3.361111111111111,7.118965517241384,13.951264367816087,52.054597701149426,21.216091954022968,30.47692911909564,85.34674329501915,273.9334034525883,11.0,9.399999999999995,14.960000000000008,60.5,239.83262970906907,94,0.25300688986361775,1.0,5.200000000000006,12.559999999999988,44.5,0.08142028482778385,80,14293.187296334587,7984.955429203058,22278.142725537644,6377.2
489,1046,283,13.247129506397306,3.349904397705545,7.1235181644359455,13.943900573613767,52.102294455066925,21.76768642447419,28.766641231546576,85.54588910133843,273.9334034525883,11.0,9.399999999999995,14.960000000000008,60.5,238.83262970906907,95,0.26673455005761504,1.0,5.200000000000006,12.559999999999988,44.5,0.05831358304266088,80,13856.497463691581,8140.959468527681,21997.456932219262,7255.4
490,1026,269,14.457525404173056,3.348927875243665,7.107309941520467,13.947777777777771,52.0692007797271,22.264522417153994,25.72481809981829,85.74561403508773,273.9334034525883,11.0,9.399999999999995,14.960000000000008,60.5,196.91017211097275,95,0.26673455005761504,1.0,5.200000000000006,12.559999999999988,44.5,0.04214524736519176,80,14833.421064681555,6919.97606885112,21753.397133532675,6921.599999999999
491,1019,275,13.475383869664777,3.32090284592738,7.124533856722277,13.959784102060848,52.1045142296369,22.418056918547588,28.403479978134524,85.88518155053974,210.75670737553628,10.0,9.399999999999995,14.960000000000008,60.5,273.9334034525883,95,0.2804592771074674,1.0,5.200000000000006,12.559999999999988,44.5,0.07362812726403356,80,13731.416163188407,7810.956993986994,21542.373157175403,6656.3
492,1012,276,13.357376518838112,3.3320158102766797,7.135573122529644,13.96620553359684,52.12302371541502,22.206422924901172,27.618305861485684,86.00197628458498,199.42413563694146,10.0,9.399999999999995,14.960000000000008,60.5,272.9334034525883,95,0.26053631184129794,1.0,5.200000000000006,12.619999999999989,44.5,0.02781404067660498,80,13517.66503706417,7622.6524177700485,21140.317454834218,6523.0
493,1020,273,13.734235081415711,3.3215686274509806,7.160392156862746,13.962176470588222,52.14264705882353,22.4411764705882,28.65001119010678,86.15980392156862,199.42413563694146,11.0,9.399999999999995,14.960000000000008,60.5,326.28466731948686,95,0.2590717553269836,1.0,5.200000000000006,12.679999999999989,44.5,0.06016846317875668,81,14008.919783044026,7821.4530548991515,21830.372837943178,6302.9
494,1025,289,14.342372417237684,3.339512195121951,7.169073170731717,13.957385365853654,52.11170731707317,21.760000000000016,25.85094988950999,86.25170731707317,349.46031135557047,11.0,9.399999999999995,15.020000000000008,60.5,156.85062314771756,96,0.2590717553269836,1.0,5.200000000000006,12.679999999999989,44.5,0.1681154905879816,81,14700.931727668625,7470.924518068387,22171.856245737014,6137.0
495,1043,285,13.7273209172749,3.3480345158197506,7.169031639501432,13.958005752636605,52.1960690316395,20.70182166826459,28.37479223564587,86.46883988494727,194.98610496564885,11.0,9.299999999999995,15.020000000000008,60.5,199.42413563694146,97,0.2590717553269836,1.0,5.200000000000006,12.679999999999989,44.5,0.1140148417426512,81,14317.59571671772,8086.815787159073,22404.411503876792,5798.9
496,1035,293,14.439741596913514,3.413526570048309,7.174975845410628,13.976753623188408,52.18599033816425,20.618067632850234,26.41866901045277,86.59033816425121,208.4185633433872,11.0,9.399999999999995,15.020000000000008,60.5,198.42413563694146,97,0.2504119684050736,1.0,5.200000000000006,12.679999999999989,44.5,0.02781404067660498,81,14945.132552805488,7740.670020062662,22685.80257286815,6312.099999999999
497,1045,271,14.003642734948277,3.4325358851674643,7.154928229665075,13.977320574162682,52.26842105263158,20.96325358851674,31.22381008110977,86.7578947368421,208.4185633433872,11.0,9.399999999999995,15.020000000000008,60.5,194.98610496564885,98,0.2504119684050736,1.0,5.200000000000006,12.679999999999989,44.5,0.12190224112883508,81,14633.80665802095,8461.652531980748,23095.459190001697,6414.099999999999
498,1061,261,15.38285518475678,3.4429783223374177,7.146748350612631,13.970424128180952,52.21442035815269,21.630254476908554,24.702141311395007,86.99245994344957,208.4185633433872,11.0,9.399999999999995,15.020000000000008,60.5,174.73015567778523,99,0.2504119684050736,1.0,5.200000000000006,12.679999999999989,44.5,0.2785037104356628,81,16321.209351026944,6447.258882274096,22768.468233301042,7032.599999999999
499,1045,273,14.328883420785575,3.463157894736842,7.140669856459326,13.964114832535866,52.26842105263158,22.231961722488023,27.488893081685486,87.22200956937799,236.06629307441216,11.0,9.399999999999995,15.080000000000009,60.5,203.10573603365575,99,0.2504119684050736,1.0,5.200000000000006,12.679999999999989,44.5,0.2557521680565782,81,14973.683174720925,7504.467811300137,22478.150986021064,7169.9
500,1046,264,14.334084352965736,3.48565965583174,7.1545889101338345,13.947915869980868,52.30210325047801,22.527437858508605,26.1614934273981,87.44646271510516,178.77406668680615,11.0,9.399999999999995,15.080000000000009,60.5,202.10573603365575,99,0.2526355969013543,1.0,5.200000000000006,12.679999999999989,44.5,0.2504119684050736,81,14993.452233202159,6906.634264833098,21900.086498035256,7080.3
501,1056,258,13.983686533807912,3.4886363636363638,7.158238636363639,13.953124999999995,52.291666666666664,22.48333333333334,26.276438769525935,87.58049242424242,224.97170748845676,11.0,9.399999999999995,15.080000000000009,60.5,170.24269072743382,98,0.2526355969013543,1.0,5.200000000000006,12.619999999999989,44.5,0.011574508050392396,82,14766.772979701156,6779.3212025376915,21546.09418223885,6856.0
502,1004,294,14.067240440453881,3.4671314741035855,7.138047808764948,13.96725099601594,52.33117529880478,22.14322709163347,24.485252285818195,87.74501992031873,263.1391445256988,11.0,9.399999999999995,15.080000000000009,61.0,158.5390784066234,98,0.2526355969013543,1.0,5.200000000000006,12.619999999999989,44.5,0.0016478736202945043,82,14123.509402215697,7198.664172030549,21322.173574246248,7566.599999999999
503,995,292,13.62317037568285,3.3738693467336685,7.147135678391956,13.980100502512581,52.34020100502513,22.66010050251256,26.26304377581721,87.93768844221105,170.0088772247005,11.0,9.399999999999995,15.080000000000009,61.0,263.1391445256988,98,0.2526355969013543,1.0,5.200000000000006,12.619999999999989,44.5,0.11378550365484164,82,13555.054523804436,7668.808782538626,21223.86330634306,7081.799999999999
504,977,282,13.657522327441722,3.355168884339816,7.164380757420679,13.97488229273286,52.38689866939611,23.052405322415552,27.087800919642564,88.07267144319344,166.20034284447974,11.0,9.399999999999995,15.080000000000009,61.0,262.1391445256988,98,0.2526355969013543,1.0,5.200000000000006,12.619999999999989,44.5,0.025580151090750514,82,13343.399313910562,7638.759859339203,20982.159173249765,6740.5
505,999,293,12.24648800632601,3.3523523523523524,7.1640640640640685,13.969489489489503,52.45545545545546,22.04094094094091,28.131500015846093,88.30630630630631,166.20034284447974,11.0,9.399999999999995,15.080000000000009,61.5,261.1391445256988,99,0.2526355969013543,1.0,5.200000000000006,12.619999999999989,44.5,0.08199532698376943,83,12234.241518319683,8242.529504642906,20476.771022962588,6408.0
506,1007,305,12.637730086980838,3.34558093346574,7.176464746772595,13.968242303872884,52.420556107249254,21.185004965243284,27.293003690213247,88.49950347567031,231.07977145869162,11.0,9.399999999999995,15.080000000000009,61.5,260.1391445256988,99,0.25258417816880924,1.0,5.200000000000006,12.619999999999989,44.5,0.14169582200966846,83,12726.194197589704,8324.36612551504,21050.560323104743,5779.4
507,1016,265,14.246600771386024,3.2696850393700787,7.172047244094493,13.97885826771655,52.35777559055118,21.40354330708665,23.870551666645607,88.52362204724409,231.07977145869162,11.0,9.399999999999995,15.080000000000009,61.5,259.1391445256988,99,0.25258417816880924,1.0,5.200000000000006,12.619999999999989,44.5,0.12230285536783914,83,14474.5463837282,6325.696191661086,20800.242575389286,6369.4
508,1060,262,12.77607410528932,3.267924528301887,7.159716981132079,13.979452830188684,52.27688679245283,21.273113207547155,26.137698752610234,88.6688679245283,210.75204345678583,10.0,9.399999999999995,15.080000000000009,61.5,258.1391445256988,99,0.25258417816880924,1.0,5.200000000000006,12.619999999999989,44.0,0.11961321038010642,83,13542.638551606678,6848.077073183881,20390.71562479056,6406.099999999999
509,1047,270,12.73192864804108,3.2550143266475646,7.164756446991397,13.972779369627494,52.249283667621775,20.96580706781277,25.172576392388475,88.81470869149952,324.9289029270577,10.0,9.399999999999995,15.080000000000009,61.0,209.3114280980156,99,0.25258417816880924,1.0,5.200000000000006,12.679999999999989,44.0,0.05189040945450718,83,13330.329294499012,6796.5956259448885,20126.9249204439,6826.3
510,1045,293,12.618998962511242,3.294736842105263,7.148899521531106,13.964229665071743,52.35980861244019,20.937320574162648,24.908796242142714,88.98181818181818,324.9289029270577,10.0,8.899999999999997,15.080000000000009,61.5,165.01193557401072,100,0.25258417816880924,1.0,5.200000000000006,12.679999999999989,44.0,0.07487316954498269,83,13186.853915824247,7298.277298947815,20485.131214772064,6434.099999999999
511,1070,271,12.632214322410478,3.311214953271028,7.1539252336448635,13.962934579439247,52.42056074766355,21.169626168224298,28.024199721302125,89.18130841121496,177.22502329852443,10.0,8.899999999999997,15.080000000000009,61.5,324.9289029270577,100,0.25258417816880924,1.0,5.200000000000006,12.679999999999989,44.0,0.014836845587482106,83,13516.46932497921,7594.5581244728755,21111.027449452085,5965.9
512,1070,274,12.814470175868458,3.353271028037383,7.167102803738322,13.953289719626168,52.3892523364486,22.116542056074767,25.79723443462174,89.3392523364486,327.01375597705743,10.0,8.899999999999997,15.020000000000008,61.5,230.6352166690963,101,0.2675656830213416,1.0,5.400000000000006,12.679999999999989,44.0,0.04475631059625762,83,13711.48308817925,7068.442235086357,20779.925323265605,7468.0
513,1058,274,12.934595722539441,3.3601134215500945,7.1633270321361096,13.956786389413981,52.32608695652174,23.3468809073724,24.51089933132209,89.50661625708885,244.2952044395767,10.0,8.999999999999996,15.020000000000008,61.5,229.6352166690963,101,0.2574367686686022,1.0,5.400000000000006,12.679999999999989,44.0,0.03574007384251576,84,13684.802274446729,6715.9864167822525,20400.788691228983,7905.099999999999
514,1017,304,12.898029348890201,3.365781710914454,7.166273352999018,13.95982300884955,52.296460176991154,23.562241887905603,22.93270409102659,89.68534906588003,207.18914849882543,10.0,8.999999999999996,15.020000000000008,61.5,228.6352166690963,101,0.2574367686686022,1.0,5.400000000000006,12.679999999999989,44.0,0.07026273208536638,84,13117.295847821335,6971.542043672083,20088.83789149342,7779.8
515,1003,296,13.570648112963426,3.365902293120638,7.182253240279159,13.962492522432708,52.27168494516451,23.604685942173486,21.0870774970436,89.91326021934198,228.08133411804278,10.0,8.999999999999996,15.020000000000008,61.5,207.18914849882543,101,0.2574367686686022,1.0,5.400000000000006,12.679999999999989,43.5,0.0014616296619323066,84,13611.360057302316,6241.774939124906,19853.134996427223,7113.9
516,978,297,12.664280215519248,3.367075664621677,7.173415132924341,13.962392638036798,52.308282208588956,23.293251533742335,24.269635271189323,90.06952965235173,139.5543847782269,10.0,8.999999999999996,15.080000000000009,61.5,284.52931490580346,101,0.2574367686686022,1.0,5.400000000000006,12.619999999999989,43.5,0.12990268826443807,85,12385.666050777825,7208.081675543229,19593.747726321053,6693.2
517,926,332,12.288088944957494,3.408207343412527,7.1647948164146955,13.972786177105819,52.34935205183585,22.8100431965443,24.724346187961054,90.23002159827213,190.34130383873875,10.0,8.999999999999996,15.080000000000009,60.0,283.52931490580346,101,0.26176938880346035,1.0,5.400000000000006,12.619999999999989,43.5,0.035497531909423286,85,11378.770363030639,8208.48293440307,19587.25329743371,7336.2
518,935,317,12.320759936849646,3.4128342245989303,7.157754010695191,13.969775401069516,52.353475935828875,22.303315508021385,27.129270098894835,90.37860962566845,190.34130383873875,11.0,8.999999999999996,15.080000000000009,60.0,282.52931490580346,101,0.26176938880346035,1.0,5.400000000000006,12.619999999999989,43.5,0.051396719193912865,85,11519.910540954419,8599.978621349663,20119.889162304084,5801.099999999999
519,937,340,11.892889977535042,3.386339381003202,7.152614727854856,13.97778014941302,52.398612593383135,21.34834578441834,28.263881616869785,90.59018143009605,182.9627371414,11.0,8.999999999999996,15.080000000000009,60.0,281.52931490580346,101,0.25465814485521143,1.0,5.400000000000006,12.619999999999989,43.5,0.03899175749199202,85,11143.637908950333,9609.719749735727,20753.357658686058,5820.0
520,942,308,13.433408555760805,3.3747346072186835,7.144904458598728,13.977070063694269,52.54405520169851,21.260509554140125,26.419212462312185,90.83014861995754,292.36936744569215,11.0,8.899999999999997,15.080000000000009,60.0,194.05879379008314,101,0.25465814485521143,1.0,5.400000000000006,12.619999999999989,43.5,0.18215060962896246,86,12654.270859526678,8137.1174383921525,20791.38829791883,6286.599999999999
521,960,316,12.854447505405334,3.39375,7.151874999999998,13.981874999999993,52.50625,21.630312499999995,26.60240815203296,91.02083333333333,292.36936744569215,11.0,8.899999999999997,15.080000000000009,60.5,193.05879379008314,102,0.25365862102263204,1.0,5.400000000000006,12.619999999999989,43.5,0.09592010266956597,86,12340.26960518912,8406.360976042415,20746.630581231533,6915.5
522,951,303,13.910455115270175,3.4037854889589907,7.145531019978971,13.991167192429025,52.59411146161935,22.12187171398527,24.63684232528832,91.18086225026288,361.36936744569215,11.0,8.899999999999997,15.080000000000009,60.5,192.05879379008314,102,0.25465814485521143,1.0,5.300000000000006,12.619999999999989,43.5,0.0868841333079593,86,13228.842814621936,7464.963224562361,20693.806039184296,6768.599999999999
523,968,289,13.122206503845415,3.399793388429752,7.145144628099173,13.991198347107439,52.58522727272727,22.226652892562004,26.289059948721533,91.36776859504133,193.20270930535676,11.0,8.999999999999993,15.080000000000009,60.5,191.05879379008314,102,0.25465814485521143,1.0,5.300000000000006,12.619999999999989,43.5,0.16627784304595772,86,12702.295895722362,7597.538325180523,20299.834220902885,6403.9
524,980,286,13.153923367873517,3.429591836734694,7.124897959183671,13.983285714285726,52.73367346938775,22.450204081632645,25.60167663262482,91.62448979591836,193.20270930535676,11.0,8.999999999999996,15.080000000000009,60.5,190.05879379008314,102,0.2628491797984782,1.0,5.300000000000006,12.559999999999988,43.5,0.17083552674226343,87,12890.844900516047,7322.079516930698,20212.924417446746,6355.6
525,974,293,13.865876434715512,3.414784394250513,7.131622176591383,13.972032854209449,52.76129363449692,22.25318275154004,25.360900505384087,91.81006160164272,193.20270930535676,11.0,8.999999999999996,15.080000000000009,60.5,159.8276802446079,103,0.2628491797984782,1.0,5.300000000000006,12.559999999999988,43.5,0.12990286356886016,87,13505.363647412909,7430.743848077537,20936.107495490447,6069.2
526,965,309,13.323633132490192,3.372020725388601,7.115129533678754,13.98103626943005,52.84041450777202,22.25233160621765,24.523778464262364,92.04766839378239,210.25500208788196,10.0,8.999999999999996,15.14000000000001,60.5,193.20270930535676,103,0.2628491797984782,1.0,5.300000000000006,12.559999999999988,44.5,0.09151402699804367,87,12857.305972853035,7577.847545457071,20435.153518310108,6879.9
527,987,298,12.73922718538008,3.3414387031408306,7.100405268490367,13.973069908814574,52.922492401215806,21.82320162107397,27.038078089625277,92.27051671732522,210.25500208788196,10.0,8.999999999999996,15.14000000000001,60.5,192.20270930535676,103,0.2628491797984782,1.0,5.300000000000006,12.559999999999988,44.5,0.01562854703349048,87,12573.61723197014,8057.347270708333,20630.96450267847,5790.2
528,1009,294,12.534265683447416,3.342913776015857,7.126362735381566,13.987512388503475,52.88850346878097,21.132507433102084,28.42818798971677,92.41129831516353,215.92933921084278,10.0,8.999999999999996,15.14000000000001,61.0,210.25500208788196,103,0.2728785067495109,1.0,5.300000000000006,12.499999999999988,44.5,0.08840017463190586,88,12647.074074598442,8357.88726897673,21004.961343575174,5611.400000000001
529,1019,281,13.301917185967078,3.353287536800785,7.137585868498521,13.999470068694807,52.946516192345435,21.11717369970557,27.432424855377263,92.5152109911678,141.79484714206063,10.0,8.999999999999996,15.14000000000001,61.0,209.25500208788196,103,0.2620309083742087,1.0,5.300000000000006,12.499999999999988,45.0,0.029322775719156535,88,13554.653612500451,7708.511384361011,21263.164996861462,6248.2
530,1052,257,13.204845006827608,3.359315589353612,7.162167300380219,13.99458174904945,52.856463878327,21.57756653992394,29.89334046456536,92.68821292775665,155.16946278416412,10.0,8.999999999999996,15.14000000000001,61.0,208.25500208788196,100,0.25331978551270506,1.0,5.300000000000006,12.499999999999988,44.5,0.03189478256686318,88,13891.496947182643,7682.588499393297,21574.08544657594,6291.2
531,1066,260,13.30883817095205,3.3949343339587243,7.143902439024396,14.004333958724247,52.88508442776735,21.622607879924985,27.31133460345887,92.84896810506567,160.1664983035612,10.0,8.999999999999996,15.14000000000001,61.5,207.25500208788196,100,0.25193906340428196,1.0,5.200000000000006,12.499999999999988,44.5,0.0688940745610176,88,14187.221490234886,7100.946996899306,21288.168487134193,7122.299999999999
532,1080,256,13.623987111974158,3.3925925925925924,7.143703703703705,14.015333333333372,52.887962962962966,21.89583333333332,27.936974126632602,92.93055555555556,207.15104656053168,10.0,8.999999999999996,15.14000000000001,61.5,190.2960301720828,100,0.25193906340428196,1.0,5.200000000000006,12.499999999999988,44.5,0.009072844257804746,88,14713.90608093209,7151.865376417946,21865.771457350038,6356.9
533,1047,291,13.204127764359072,3.4011461318051577,7.158834765998089,14.012722063037277,52.84240687679083,22.67449856733523,26.87477290196735,93.08404966571156,173.2256004208043,10.0,8.999999999999996,15.14000000000001,61.5,189.2960301720828,101,0.25193906340428196,1.0,5.200000000000006,12.499999999999988,44.5,0.037809631127116106,88,13824.721769283948,7820.558914472499,21645.280683756446,8234.1
534,1024,300,12.779506256786474,3.3642578125,7.161523437499997,14.013359375000022,52.9345703125,23.519433593750016,27.654779623265778,93.31640625,230.70646316206555,10.0,8.999999999999996,15.20000000000001,61.5,188.2960301720828,101,0.25331978551270506,1.0,5.200000000000006,12.499999999999988,45.0,0.054207669296173266,89,13086.21440694935,8296.433886979734,21382.648293929084,7455.2
535,979,316,13.87823603976359,3.3472931562819204,7.1751787538304415,14.01427987742596,52.93922369765066,23.958120531154222,24.154385189611148,93.51889683350358,230.70646316206555,10.0,8.999999999999996,15.20000000000001,61.5,151.53116884477134,101,0.25331978551270506,1.0,5.200000000000006,12.499999999999988,45.0,0.07737316460383736,89,13586.793082928556,7632.785719917123,21219.57880284568,7160.8
536,978,314,13.154088416597077,3.357873210633947,7.19089979550102,14.01779141104296,52.93456032719836,23.490593047034796,25.306720399004753,93.6441717791411,233.70646316206555,10.0,8.999999999999996,15.20000000000001,61.5,187.82612712167074,101,0.25331978551270506,1.0,5.200000000000006,12.499999999999988,45.0,0.054207669296173266,89,12864.69847143194,7946.310205287493,20811.008676719433,6266.9
537,968,328,13.510326088987897,3.290289256198347,7.221280991735539,14.017851239669445,52.96694214876033,22.095351239669423,25.544680511174814,93.91115702479338,173.4141594295996,10.0,8.999999999999996,15.20000000000001,61.5,188.51302341380446,101,0.25955236810820237,1.0,5.200000000000006,12.499999999999988,45.0,0.006567616411087496,89,13077.995654140284,8378.655207665339,21456.650861805625,5685.0
538,1011,281,13.624755089091039,3.2858555885262115,7.230267062314535,14.015727002967363,52.98565776458952,21.681503461918897,30.027364942906807,94.12561819980218,173.4141594295996,10.0,9.099999999999993,15.20000000000001,61.5,187.51302341380446,101,0.2665989275635253,1.0,5.200000000000006,12.499999999999988,45.0,0.31586690262988615,89,13774.62739507104,8437.689548956812,22212.31694402785,5595.4
539,1045,273,14.106028570439781,3.2842105263157895,7.203157894736843,14.01320574162682,53.038277511961724,21.387368421052624,28.658457186327063,94.30334928229665,198.44799399956975,10.0,9.099999999999993,15.20000000000001,61.5,173.4141594295996,102,0.25683550416389145,1.0,5.200000000000006,12.499999999999988,45.0,0.048123633496834906,89,14740.799856109572,7823.758811867288,22564.55866797686,6107.9
540,1045,290,14.015232147209243,3.2842105263157895,7.210334928229667,14.037894736842125,53.05023923444976,21.74009569377991,25.77378733515603,94.39617224880382,198.44799399956975,10.0,9.099999999999993,15.20000000000001,62.0,172.4141594295996,102,0.25683550416389145,1.0,5.500000000000005,12.499999999999988,45.0,0.013279142050820258,89,14645.91759383366,7474.398327195248,22120.31592102891,7083.0
541,1040,270,14.38878061663791,3.2586538461538463,7.213269230769226,14.044307692307703,53.08173076923077,22.30971153846152,25.24713256110991,94.5875,198.44799399956975,10.0,9.099999999999993,15.20000000000001,62.0,155.95548070309212,102,0.25683550416389145,1.0,5.500000000000005,12.499999999999988,45.0,0.02780240728376171,89,14964.331841303425,6816.725791499676,21781.057632803102,7109.5
542,1069,262,13.650749555929634,3.3199251637043967,7.23657623947614,14.025930776426602,52.98175865294668,22.09822263797939,25.154557815979835,94.8044901777362,198.44799399956975,10.0,9.099999999999993,15.20000000000001,62.0,154.95548070309212,103,0.2693590346215558,1.0,5.500000000000005,12.499999999999988,45.0,0.04398136858412016,89,14592.65127528878,6590.494147786717,21183.145423075497,6918.2
543,1086,272,12.301412001508606,3.325046040515654,7.226795580110494,14.020055248618819,53.04373848987109,21.025966850828723,30.198680600052846,95.00092081031308,172.31501204015518,11.0,9.199999999999992,15.20000000000001,62.0,198.44799399956975,103,0.2693590346215558,1.0,5.500000000000005,12.499999999999988,45.0,0.30767587317264966,89,13359.333433638345,8214.041123214374,21573.37455685272,6426.099999999999
544,1084,270,13.279388312593417,3.3035055350553506,7.217527675276752,14.024298892988943,53.17250922509225,21.331365313653134,29.159719390869757,95.18911439114392,189.73933263681963,11.0,9.199999999999992,15.20000000000001,62.5,197.44799399956975,103,0.26039499619056294,1.0,5.600000000000005,12.439999999999987,45.0,0.08433722219355966,89,14394.856930851263,7873.124235534834,22267.981166386096,6644.299999999999
545,1094,257,13.3891188389707,3.329067641681901,7.227239488117001,14.01667276051189,53.13574040219378,22.126691042047536,31.47927156699699,95.33363802559415,172.31501204015518,11.0,9.199999999999992,15.20000000000001,62.5,196.44799399956975,103,0.25190533497988976,1.0,5.600000000000005,12.439999999999987,45.0,0.07745478926420124,89,14647.696009833946,8090.172792718226,22737.868802552173,6999.4
546,1084,271,14.405586169457028,3.3339483394833946,7.233394833948336,14.014778597786002,53.148523985239855,22.91835793357933,27.824186916912332,95.53874538745387,172.31501204015518,11.0,9.199999999999992,15.26000000000001,62.5,210.929411780571,104,0.25190533497988976,1.0,5.600000000000005,12.439999999999987,45.0,0.062261711709925116,90,15615.655407691418,7540.354654483242,23156.01006217466,7286.799999999999
547,1071,276,14.652183044408147,3.331465919701214,7.249112978524742,14.019495798319344,53.131185807656394,23.473482726423875,26.14010470191279,95.77124183006536,188.50666056512267,12.0,9.199999999999992,15.26000000000001,62.5,209.929411780571,104,0.25190533497988976,1.0,5.600000000000005,12.379999999999987,45.0,0.004297611793783851,90,15692.488040561126,7214.66889772793,22907.156938289056,7377.7
548,1039,288,14.500231433907343,3.3137632338787295,7.24639076034649,14.021597690086653,53.14870067372473,24.266602502406165,26.94401628690797,95.9990375360924,188.50666056512267,12.0,9.199999999999992,15.26000000000001,62.5,208.929411780571,104,0.25190533497988976,1.0,5.600000000000005,12.379999999999987,45.0,0.020277537848466753,90,15065.740459829729,7759.876690629496,22825.617150459224,7505.999999999999
549,1045,318,14.414614183984831,3.2555023923444977,7.243157894736842,14.005397129186616,53.24641148325359,23.294449760765577,25.57738177147683,96.1799043062201,213.21362399712729,12.0,9.199999999999992,15.26000000000001,62.5,170.31501204015518,105,0.25190533497988976,1.0,5.500000000000005,12.379999999999987,45.0,0.10116263487904043,90,15063.271822264149,8133.607403329632,23196.87922559378,6568.099999999999
550,1023,322,14.546414829350363,3.280547409579668,7.247996089931576,14.008914956011738,53.28396871945259,22.85317693059627,27.919871721091887,96.3069403714565,213.21362399712729,12.0,9.199999999999992,15.320000000000011,63.0,173.0280633256144,105,0.25190533497988976,1.0,5.500000000000005,12.379999999999987,45.0,0.07330170204594388,90,14880.982370425421,8990.198694191587,23871.18106461701,6373.5
551,1014,317,14.303698549997101,3.2534516765285995,7.263412228796844,14.019704142011843,53.38116370808679,22.42692307692306,28.485915200855754,96.49506903353057,213.21362399712729,12.0,9.199999999999992,15.320000000000011,63.0,179.37690891526245,105,0.25316440199054485,1.0,5.500000000000005,12.379999999999987,45.5,0.011997637688883511,90,14503.95032969706,9030.035118671274,23533.985448368334,6916.0
552,1037,288,14.850544304706217,3.248794599807136,7.269913211186113,14.022796528447445,53.517357762777245,22.69382835101251,29.73138762032252,96.69141755062681,213.21362399712729,12.0,9.299999999999992,15.320000000000011,63.0,180.79407113261885,105,0.25316440199054485,1.0,5.500000000000005,12.379999999999987,45.0,0.05678259584627732,91,15400.014443980346,8562.639634652885,23962.654078633233,6176.499999999999
553,1017,293,15.514314216947533,3.265486725663717,7.252310717797434,14.032861356932171,53.58603736479843,23.062241887905607,27.074108002139905,96.86627335299902,213.21362399712729,12.0,9.299999999999992,15.320000000000011,63.0,174.62721685573416,105,0.25316440199054485,1.0,5.500000000000005,12.379999999999987,45.0,0.021016036342974775,91,15778.05755863564,7932.713644626992,23710.771203262633,7493.799999999999
554,1013,295,15.674191508257195,3.3168805528134255,7.275913129318845,14.016406712734467,53.54985192497532,22.543632773938818,28.870859503785027,97.04540967423495,180.0472355346094,12.0,9.299999999999992,15.320000000000011,63.0,213.21362399712729,106,0.26582200995272426,1.0,5.500000000000005,12.379999999999987,45.0,0.23387628134424787,91,15877.95599786454,8516.903553616583,24394.859551481124,6670.2
555,1033,289,15.303652130570503,3.3368828654404648,7.294094869312672,14.012487899322373,53.575024201355276,21.777928363988394,30.831708914655795,97.2729912875121,176.5655818081348,12.0,9.299999999999992,15.320000000000011,63.0,212.21362399712729,106,0.2984721520051993,1.0,5.600000000000005,12.319999999999986,45.5,0.07445481628095374,92,15808.67265087933,8910.363876335525,24719.036527214856,5966.4
556,1043,287,14.968071394787826,3.3135186960690315,7.287344199424732,14.009664429530188,53.59491850431448,22.11227229146695,33.260804925471525,97.41802492809204,166.9096911921926,12.0,9.299999999999992,15.320000000000011,63.0,211.21362399712729,106,0.28395054423543564,1.0,5.800000000000004,12.319999999999986,45.5,0.2955294434188087,92,15611.698464763702,9545.851013610329,25157.54947837403,6620.299999999999
557,1047,310,14.742684946791059,3.32378223495702,7.2839541547277955,14.015931232091683,53.55300859598854,22.13581661891118,33.214038053831935,97.5912129894938,166.9096911921926,12.0,9.399999999999991,15.320000000000011,63.0,210.21362399712729,106,0.28395054423543564,1.0,5.800000000000004,12.319999999999986,45.5,0.08601269995636551,92,15435.591139290238,10296.351796687899,25731.942935978135,7125.699999999999
558,1061,301,15.96029447987057,3.3279924599434496,7.285014137606032,13.993270499528753,53.47455230914232,22.397737983034908,29.84254721540236,97.77097078228087,258.84047352237775,12.0,9.399999999999991,15.320000000000011,63.0,174.5655818081348,107,0.28395054423543564,1.0,5.800000000000004,12.319999999999986,45.0,0.012657607962179407,92,16933.872443142674,8982.60671183611,25916.479154978784,7018.499999999999
559,1077,303,16.591476827215953,3.372330547818013,7.293407613741879,13.986239554317548,53.48050139275766,22.058681522748373,27.352694810792364,97.983286908078,258.84047352237775,12.0,9.399999999999991,15.26000000000001,62.5,166.98154918021538,107,0.25100836497844053,1.0,5.800000000000004,12.319999999999986,45.0,0.022228308540532815,92,17869.02054291158,8287.866527670087,26156.887070581666,7002.2
560,1057,294,17.080241414282913,3.389782403027436,7.3066225165563035,13.982459791863768,53.4957426679281,23.174172185430468,27.3541413400302,98.13812677388836,258.84047352237775,11.0,9.399999999999991,15.26000000000001,62.5,214.44481018472842,107,0.25100836497844053,1.0,5.900000000000004,12.319999999999986,45.0,0.19746529387390144,92,18053.815174897038,8042.117553968878,26095.932728865915,8082.9
561,1042,279,16.06548308967968,3.4404990403071016,7.294817658349328,13.99631477927064,53.55758157389635,23.41439539347406,32.42718438572145,98.38675623800384,209.128134814896,11.0,9.399999999999991,15.26000000000001,62.5,258.84047352237775,107,0.25100836497844053,1.0,5.900000000000004,12.379999999999987,45.0,0.025396546997253466,93,16740.23337944623,9047.184443616285,25787.41782306251,7644.099999999999
562,1026,312,15.562661359892958,3.4668615984405458,7.280214424951261,14.000994152046799,53.54385964912281,22.480896686159824,32.631909636117975,98.58089668615985,209.128134814896,11.0,9.399999999999991,15.26000000000001,63.0,257.84047352237775,107,0.25954251160574027,1.0,5.800000000000004,12.379999999999987,45.0,0.04935574535510323,93,15967.290555250176,10181.155806468807,26148.446361718983,6965.4
563,1016,329,15.358064273123034,3.392716535433071,7.2992125984252,14.001476377952775,53.585629921259844,21.445177165354316,33.63401115975088,98.74803149606299,258.09346394483015,11.0,9.399999999999991,15.26000000000001,63.0,211.44481018472842,107,0.25954251160574027,1.0,5.800000000000004,12.379999999999987,45.0,0.19774880498701508,93,15603.793301493002,11065.589671558038,26669.38297305104,6048.7
564,1038,310,16.532485895799148,3.388246628131021,7.294990366088637,14.007109826589609,53.55780346820809,21.251541425818836,33.55956919875147,98.89402697495183,258.09346394483015,11.0,9.099999999999996,15.26000000000001,63.0,208.128134814896,108,0.2506265709593836,1.0,5.800000000000004,12.379999999999987,45.0,0.24461247346055726,93,17160.720359839517,10403.466451612954,27564.18681145247,6320.2
565,1035,315,18.057302127355843,3.3806763285024153,7.302512077294677,13.999478260869582,53.56521739130435,22.235845410628027,29.657578005053814,99.08792270531401,270.3558755365432,11.0,9.099999999999996,15.26000000000001,63.5,173.35684087503913,108,0.2506265709593836,1.0,5.800000000000004,12.379999999999987,45.0,0.19551345470703074,93,18689.307701813297,9342.137071591951,28031.44477340525,7130.4
566,1020,307,18.074516325907474,3.3823529411764706,7.316960784313724,13.994882352941183,53.542647058823526,23.243725490196045,30.29835884666688,99.21470588235294,270.3558755365432,11.0,8.999999999999996,15.26000000000001,63.5,172.35684087503913,108,0.2506265709593836,1.0,5.900000000000004,12.379999999999987,45.0,0.2162987616752634,93,18436.006652425625,9301.596165926732,27737.60281835236,7652.499999999999
567,1009,342,16.430723428501274,3.364717542120912,7.317740336967297,14.009990089197252,53.5193260654113,22.537462834489595,31.372269434287517,99.33994053518335,270.3558755365432,11.0,8.999999999999996,15.26000000000001,63.5,258.09346394483015,108,0.274958296398524,1.0,5.900000000000004,12.319999999999986,45.0,0.00215120250310763,93,16578.599939357784,10729.316146526331,27307.916085884113,7256.299999999999
568,1019,320,17.347981079756845,3.3277723258096175,7.304416094210009,14.024965652600612,53.612365063788026,22.523846908734036,31.994601266633993,99.5161923454367,296.8062617438967,11.0,8.999999999999996,15.26000000000001,63.0,247.64760671511,109,0.2572041822420706,1.0,5.900000000000004,12.319999999999986,45.0,0.00215120250310763,94,17677.592720272227,10238.272405322878,27915.865125595104,6384.099999999999
569,1041,327,17.01089905714092,3.324687800192123,7.293659942363111,14.023227665706084,53.597502401536985,22.045533141210356,32.952316178753634,99.71277617675312,296.8062617438967,11.0,8.999999999999996,15.26000000000001,63.0,270.3558755365432,109,0.2505930151282887,1.0,5.900000000000004,12.319999999999986,45.0,0.0047441210263095,94,17708.3459184837,10775.40739045244,28483.75330893614,6608.599999999999
570,1039,310,18.165925872015215,3.3792107795957653,7.302406159768999,14.022694898941308,53.51636188642926,22.46275264677572,32.60612959204465,99.86429258902791,351.45323663647935,10.0,8.999999999999996,15.26000000000001,63.0,269.3558755365432,109,0.2505930151282887,1.0,5.900000000000004,12.319999999999986,45.0,0.022352662582929117,94,18874.39698102381,10107.900173533842,28982.29715455765,6520.499999999999
571,1039,303,17.792074168429295,3.3378248315688164,7.291145332050055,14.026737247353253,53.514918190567855,22.281520692974002,36.42363003847382,100.0548604427334,195.12562249902192,11.0,8.999999999999996,15.20000000000001,63.0,351.45323663647935,109,0.2505930151282887,1.0,5.900000000000004,12.319999999999986,44.5,0.12355119718058516,94,18485.965060998038,11036.359901657566,29522.324962655606,6702.899999999999
572,1049,295,18.53473325144499,3.2793136320305054,7.2874165872259296,14.025224022878975,53.569590085795994,21.73536701620592,34.84339062128411,100.232602478551,279.73069379837074,11.0,8.999999999999996,15.26000000000001,63.0,350.45323663647935,109,0.25604225400501635,1.0,5.900000000000004,12.319999999999986,44.5,0.2505930151282887,94,19442.935180765795,10278.800233278811,29721.735414044604,6483.899999999999
573,1045,300,18.143550035001216,3.2440191387559807,7.29598086124402,14.027789473684253,53.5555023923445,21.69904306220097,36.928839529248904,100.38277511961722,279.73069379837074,11.0,8.999999999999996,15.26000000000001,63.0,349.45323663647935,109,0.25604225400501635,1.0,5.900000000000004,12.319999999999986,44.5,0.05634305998347244,94,18960.00978657627,11078.65185877467,30038.66164535094,6723.599999999999
574,1054,304,17.689660845487925,3.2409867172675524,7.291366223908929,14.025901328273282,53.534629981024665,22.20407969639471,38.987798512085966,100.53510436432637,279.73069379837074,11.0,8.999999999999996,15.26000000000001,63.0,348.45323663647935,110,0.25604225400501635,1.0,5.900000000000004,12.319999999999986,45.0,0.11567073854483922,94,18644.902531144275,11852.290747674135,30497.19327881841,6922.699999999999
575,1067,312,17.96492515807515,3.2764761012183694,7.28734770384256,14.026373008434907,53.54029990627929,22.468791002811628,36.2292620988467,100.70384254920337,350.7528661270903,11.0,8.999999999999996,15.26000000000001,63.0,279.73069379837074,110,0.2567718548884861,1.0,5.900000000000004,12.319999999999986,45.0,0.08166080392641617,95,19168.575143666185,11303.52977484017,30472.104918506353,7249.999999999999
576,1041,309,18.601849392859755,3.2910662824207493,7.2823246878002,14.03100864553315,53.63544668587896,23.054658981748346,34.98758616997977,100.87800192122958,350.7528661270903,12.0,8.999999999999996,15.26000000000001,63.0,278.73069379837074,110,0.2567718548884861,1.0,5.900000000000004,12.319999999999986,45.0,0.0966572894072979,95,19364.525217967006,10811.164126523749,30175.689344490755,7640.799999999999
577,1023,325,18.26781141796526,3.2883675464320627,7.287781036168132,14.043988269794749,53.66177908113392,23.139882697947204,33.39571636001867,101.07820136852395,328.02037939086864,12.0,8.999999999999996,15.26000000000001,63.0,350.7528661270903,111,0.25752956829981266,1.0,5.900000000000004,12.319999999999986,45.0,0.001819845926885666,95,18687.97108057846,10853.607817006066,29541.578897584528,7697.299999999999
578,1013,342,17.575234700462648,3.323790720631787,7.266337611056276,14.055498519249774,53.701382033563675,22.807601184600163,35.89967948923991,101.30306021717671,350.6635827528509,12.0,8.899999999999997,15.26000000000001,63.5,216.74436692656406,111,0.25752956829981266,1.0,5.900000000000004,12.319999999999986,44.5,0.10983695141917194,96,17803.712751568662,12277.69038532005,30081.40313688871,6947.599999999999
579,999,345,19.55277412796922,3.3013013013013013,7.267967967967973,14.058138138138139,53.747747747747745,22.574874874874887,32.67364424657336,101.50750750750751,328.02037939086864,12.0,8.899999999999997,15.320000000000011,63.5,202.60676965563346,112,0.25752956829981266,1.0,5.800000000000004,12.319999999999986,44.5,0.27516170660320505,96,19533.22135384125,11272.407265067808,30805.62861890906,6606.699999999999
580,1011,333,18.872800230789533,3.265084075173096,7.265677546983183,14.042492581602367,53.73343224530168,22.28832838773489,36.898311318231556,101.7082096933729,400.7755192780264,11.0,8.899999999999997,15.320000000000011,63.5,279.99352946607905,112,0.25752956829981266,1.0,5.800000000000004,12.319999999999986,44.5,0.19750649684465693,96,19080.401033328217,12287.137668971109,31367.538702299324,6258.099999999999
581,1016,320,18.98379624921937,3.2431102362204722,7.270767716535424,14.03755905511811,53.811515748031496,22.32155511811024,38.968384943154476,101.88385826771653,228.40830690875612,11.0,8.899999999999997,15.320000000000011,63.5,400.7755192780264,112,0.25752956829981266,1.0,5.800000000000004,12.319999999999986,44.5,0.21635942909893568,96,19287.53698920688,12469.883181809433,31757.420171016314,6449.699999999999
582,1047,309,19.325506980193275,3.2531041069723017,7.259598853868189,14.025157593123195,53.84957020057307,22.730659025787972,38.616290436442554,102.09360076408787,228.40830690875612,11.0,8.999999999999996,15.320000000000011,63.5,399.7755192780264,112,0.29309183858119636,1.0,5.800000000000004,12.319999999999986,44.5,0.06081754293766384,96,20233.805808262357,11932.43374486075,32166.23955312311,6495.9
583,1020,349,20.00136872064765,3.3303921568627453,7.2623529411764745,14.02682352941176,53.86960784313725,22.274509803921532,35.629618894425796,102.26666666666667,280.51547533821406,12.0,8.999999999999996,15.320000000000011,63.5,398.7755192780264,111,0.29309183858119636,1.0,5.800000000000004,12.319999999999986,44.5,0.04617644957012135,96,20401.396095060605,12434.736994154604,32836.13308921521,7215.799999999999
584,999,350,19.566445474542302,3.4074074074074074,7.2655655655655735,14.041801801801826,53.990990990990994,22.178878878878884,39.229301091065096,102.44444444444444,230.01081016736063,12.0,8.999999999999996,15.320000000000011,63.5,397.7755192780264,111,0.29309183858119636,1.0,5.800000000000004,12.319999999999986,44.5,0.15028586979480174,97,19546.87902906776,13730.255381872783,33277.13441094055,6953.599999999999
585,1026,333,20.199772226870273,3.3693957115009745,7.267641325536059,14.042105263157882,53.973684210526315,22.378167641325525,38.60344978310763,102.57115009746589,241.36324710511005,12.0,8.899999999999997,15.320000000000011,63.5,396.7755192780264,111,0.27625330750095906,1.0,5.800000000000004,12.319999999999986,44.5,0.03582198189568109,97,20724.9663047689,12854.94877777484,33579.91508254374,6636.7
586,1025,330,22.143201580142172,3.3492682926829267,7.27512195121951,14.050400000000012,54.00341463414634,21.769073170731698,34.61973296458297,102.62341463414634,397.06431674402404,12.0,8.899999999999997,15.320000000000011,64.0,206.97115270904743,111,0.2580632403634842,1.0,5.800000000000004,12.319999999999986,44.5,0.005733745217403108,97,22696.781619645728,11424.511878312382,34121.29349795811,6720.999999999999
587,1048,327,22.087830921426953,3.3282442748091605,7.266603053435117,14.055877862595414,54.06727099236641,21.596183206106875,33.1105312111477,102.81870229007633,397.06431674402404,12.0,8.899999999999997,15.320000000000011,64.5,255.31590339908297,111,0.2580632403634842,1.0,5.800000000000004,12.319999999999986,44.5,0.2500568701852153,97,23148.046805655445,10827.143706045299,33975.19051170074,7016.899999999999
588,1064,315,21.14296144793943,3.3609022556390977,7.2534774436090315,14.047650375939838,54.13627819548872,22.105545112781964,37.48122525472405,103.01315789473684,312.5743474208764,12.0,8.899999999999997,15.26000000000001,64.5,397.06431674402404,111,0.2580632403634842,1.0,5.800000000000004,12.319999999999986,44.0,0.19780069372034248,97,22496.110980607555,11806.585955238077,34302.69693584563,7020.699999999999
589,1064,326,20.61607116936237,3.382518796992481,7.252913533834602,14.031353383458656,54.15836466165413,22.711090225563932,36.174921170183396,103.25281954887218,312.5743474208764,12.0,8.799999999999997,15.26000000000001,64.5,396.06431674402404,110,0.2580632403634842,1.0,5.800000000000004,12.319999999999986,44.0,0.04786796299943852,97,21935.499724201563,11793.024301479787,33728.52402568135,8136.099999999999
590,1058,323,20.552893747824427,3.376181474480151,7.225236294896039,14.022400756143693,54.215028355387524,22.61190926275993,38.373560992831926,103.41871455576559,312.5743474208764,12.0,8.799999999999997,15.26000000000001,64.5,395.06431674402404,110,0.2580632403634842,1.0,5.800000000000004,12.319999999999986,44.0,0.005458922011533751,97,21744.961585198245,12394.660200684712,34139.621785882955,7286.699999999999
591,1062,321,20.42041373557548,3.365348399246704,7.23239171374765,14.017062146892659,54.21610169491525,22.362806026365362,40.01688924788459,103.64971751412429,291.88063219833145,12.0,8.799999999999997,15.26000000000001,64.5,394.06431674402404,110,0.2580632403634842,1.0,5.800000000000004,12.619999999999989,44.0,0.03225296145393686,98,21686.47938718116,12845.421448570954,34531.900835752116,6700.499999999999
592,1073,301,20.497541172217023,3.324324324324324,7.2214352283317895,14.010736253494871,54.27958993476235,22.51686859273066,42.011222360630924,103.8583410997204,291.88063219833145,12.0,8.799999999999994,15.26000000000001,64.5,393.06431674402404,110,0.2580632403634842,1.0,5.800000000000004,12.619999999999989,44.0,0.22405139238757243,98,21993.861677788867,12645.377930549908,34639.23960833877,6809.599999999999
593,1079,294,20.85349875236691,3.2919369786839665,7.218072289156636,14.011177015755337,54.33642261353105,22.772567191844285,39.96967144899745,104.08897126969416,357.8879579991219,12.0,8.799999999999994,15.26000000000001,64.5,392.06431674402404,111,0.2580632403634842,1.0,5.700000000000005,12.619999999999989,44.0,0.0722392615398586,98,22500.925153803895,11751.083406005251,34252.00855980915,7468.099999999999
594,1077,290,22.31685212209753,3.2739090064995358,7.220705663881161,14.017381615598895,54.406220984215416,23.394150417827316,33.38893066373818,104.24326833797586,414.4051277033408,12.0,8.799999999999994,15.26000000000001,65.0,248.31590339908297,111,0.2524176786750801,1.0,5.700000000000005,12.619999999999989,44.0,0.1957216127367718,98,24035.249735499037,9682.789892484072,33718.03962798311,7493.799999999999
595,1075,299,22.323391057320617,3.303255813953488,7.238604651162786,14.007423255813952,54.41906976744186,23.103534883720933,30.755689259599144,104.4539534883721,414.4051277033408,12.0,8.899999999999993,15.26000000000001,65.0,252.55426585875279,111,0.2524176786750801,1.0,5.700000000000005,12.619999999999989,44.5,0.20282218356137793,98,23997.645386619664,9195.951088620144,33193.59647523981,7405.999999999999
596,1061,313,21.203598802085697,3.280867106503299,7.246465598491986,14.007012252591895,54.46465598491989,23.12101790763433,32.792623180358405,104.61357210179077,414.4051277033408,12.0,8.899999999999993,15.26000000000001,65.0,291.9428423021631,112,0.2524176786750801,1.0,5.700000000000005,12.619999999999989,44.5,0.016635802896241003,98,22497.018329012924,10264.091055452182,32761.109384465104,7519.999999999999
597,1052,317,20.73498859051973,3.261406844106464,7.249144486692022,14.010836501901126,54.49667300380228,23.304277566539955,35.612428409940954,104.74904942965779,414.4051277033408,12.0,8.899999999999993,15.26000000000001,65.0,290.9428423021631,112,0.2580632403634842,1.0,5.700000000000005,12.619999999999989,44.5,0.13456947468494018,98,21813.207997226757,11289.139805951283,33102.34780317804,7148.499999999999
598,1058,324,18.777037882868814,3.2589792060491494,7.258790170132335,13.992854442344044,54.46691871455577,22.784499054820422,41.93194944915436,104.9820415879017,267.2765377984017,12.0,8.899999999999993,15.26000000000001,65.0,414.4051277033408,112,0.26531521183701273,1.0,5.700000000000005,12.619999999999989,44.5,0.12561193891729427,98,19866.106080075206,13585.951621526012,33452.05770160122,7025.899999999999
599,1056,319,19.331040588234806,3.21875,7.244791666666673,14.001136363636371,54.51136363636363,22.68854166666669,41.78628767169863,105.04829545454545,357.7366578601331,12.0,8.899999999999993,15.26000000000001,65.0,413.4051277033408,112,0.26531521183701273,1.0,5.700000000000005,12.559999999999988,44.5,0.17559508069775642,98,20413.578861175956,13329.825767271863,33743.40462844782,6728.699999999999
600,1050,315,19.835434529453426,3.236190476190476,7.2422857142857175,13.999028571428592,54.523809523809526,22.427142857142854,41.66786499197388,105.24666666666667,416.7366578601331,12.0,8.899999999999993,15.26000000000001,65.0,412.4051277033408,112,0.286904829797172,1.0,5.700000000000005,12.559999999999988,44.5,0.11767361487430739,98,20827.206255926096,13125.377472471771,33952.58372839787,6697.899999999999
601,1062,322,19.89193355182968,3.2062146892655368,7.244915254237291,13.992881355932235,54.54143126177024,22.0629001883239,41.714092524786935,105.4774011299435,274.39082065898634,12.0,8.899999999999993,15.26000000000001,65.0,416.7366578601331,112,0.286904829797172,1.0,5.700000000000005,12.559999999999988,44.0,0.033694946547884186,98,21125.233432043122,13431.937792981393,34557.17122502452,6617.899999999999
602,1073,306,21.61378543807931,3.1761416589002796,7.239888164026104,13.975228331780052,54.509319664492075,21.8757688723206,39.230986061242035,105.67660764212488,459.73546910198877,12.0,8.899999999999993,15.26000000000001,65.0,274.39082065898634,112,0.27481720564383416,1.0,5.700000000000005,12.559999999999988,44.0,0.013157370762682419,99,23191.5917750591,12004.681734740063,35196.27350979916,6633.099999999999
603,1106,279,22.310620014764602,3.1392405063291138,7.231735985533457,13.995822784810125,54.5,21.590235081374317,39.41214827289344,105.78842676311031,417.77800287032784,12.0,8.899999999999993,15.26000000000001,65.0,459.73546910198877,112,0.27481720564383416,1.0,5.700000000000005,12.559999999999988,44.0,0.07008419578014169,99,24675.54573632965,10995.989368137269,35671.535104466915,6218.099999999999
604,1109,289,21.137902301134062,3.115419296663661,7.235256988277717,14.001893597835899,54.477457168620376,22.227231740306607,40.24293949401507,105.8746618575293,314.95741965206776,12.0,8.899999999999993,15.26000000000001,65.5,458.73546910198877,112,0.27481720564383416,1.0,5.700000000000005,12.559999999999988,44.0,0.2999504632001555,99,23441.933651957675,11630.209513770355,35072.14316572803,7940.999999999999
605,1093,290,21.395183651414172,3.131747483989021,7.235498627630368,14.00592863677953,54.42406221408966,23.352424519670613,38.48755285053834,106.03568161024702,460.81861543940425,12.0,8.899999999999993,15.26000000000001,65.5,416.77800287032784,112,0.26365304502293546,1.0,5.800000000000004,12.559999999999988,44.5,0.0022167283932683635,99,23384.93573099569,11161.39032665612,34546.32605765181,7963.499999999999
606,1061,318,21.25321966574733,3.124410933081998,7.225259189443923,14.001639962299743,54.40056550424128,23.043638077285593,36.961388418957206,106.1875589066918,460.81861543940425,12.0,8.899999999999993,15.320000000000011,65.5,314.95741965206776,112,0.25634578348218945,1.0,5.800000000000004,12.499999999999988,44.5,0.09953732392687842,99,22549.666065357917,11753.72151722839,34303.38758258631,7682.199999999999
607,1065,314,21.012297991067882,3.1258215962441316,7.217089201877938,13.997633802816944,54.50704225352113,23.072394366197173,38.977651781443534,106.41032863849765,460.81861543940425,12.0,8.899999999999993,15.320000000000011,65.5,313.95741965206776,112,0.25634578348218945,1.0,5.700000000000005,12.499999999999988,44.5,0.15927034080043212,99,22378.097360487296,12238.982659373269,34617.080019860565,6849.7
608,1069,305,21.395611387536242,3.088868101028999,7.226286248830683,14.004209541627683,54.568755846585596,23.171562207670707,39.288825677616636,106.59027128157156,256.8138645434015,12.0,8.899999999999993,15.320000000000011,65.5,460.81861543940425,113,0.25634578348218945,1.0,5.700000000000005,12.499999999999988,44.5,0.20592560067759003,100,22871.908573276243,11983.091831673073,34855.000404949315,6957.999999999999
609,1069,310,21.159336478359712,3.0261927034611786,7.237792329279701,14.002245088868104,54.607577174929844,23.40289990645462,39.645856055261916,106.81384471468662,489.1580042189816,11.0,8.799999999999994,15.320000000000011,65.5,420.83172482072337,113,0.27481720564383416,1.0,5.700000000000005,12.499999999999988,46.0,0.3499896674765659,100,22619.330695366534,12290.215377131195,34909.54607249773,7065.299999999999
610,1069,305,22.01284693781575,2.998129092609916,7.234892422825063,14.007184284377924,54.641253507951355,23.51384471468666,35.84327244748801,106.9223573433115,489.1580042189816,11.0,8.799999999999994,15.320000000000011,65.5,315.0767137670036,113,0.2505541820983171,1.0,5.700000000000005,12.499999999999988,46.0,0.08708627536868851,100,23531.733376525033,10932.198096483844,34463.93147300888,7325.199999999999
611,1073,344,20.741554033817383,2.985088536812675,7.2452935694315075,14.012805219012106,54.671481826654244,23.116682199440838,35.35975999707906,107.12395153774465,489.1580042189816,11.0,8.799999999999994,15.320000000000011,65.5,314.0767137670036,113,0.2505541820983171,1.0,5.600000000000005,12.499999999999988,46.0,0.06300700265838977,101,22255.687478286054,12163.757438995197,34419.44491728125,7201.499999999999
612,1054,314,19.95186787241133,2.9791271347248576,7.247058823529413,14.021233396584451,54.61622390891841,23.755692599620502,42.56574597271127,107.30740037950665,422.1018705521217,11.0,8.799999999999994,15.320000000000011,65.5,489.1580042189816,113,0.28564894789544976,1.0,5.600000000000005,12.619999999999989,46.0,0.11214272519686386,101,21029.268737521543,13365.644235431339,34394.91297295288,7454.599999999999
613,1063,322,19.919238077246618,2.9764816556914395,7.24891815616181,14.009877704609584,54.55738476011289,23.643367826904985,39.31125525493519,107.47601128880527,422.1018705521217,11.0,8.799999999999994,15.320000000000011,65.0,488.1580042189816,113,0.28564894789544976,1.0,5.600000000000005,12.619999999999989,46.0,0.0844642631117436,101,21174.150076113154,12658.224192089132,33832.374268202286,7317.599999999999
614,1033,330,21.081227944945542,2.9757986447241045,7.272797676669896,14.011500484027087,54.52952565343659,23.26069699903195,38.07143352172336,107.75798644724105,392.57244424171154,11.0,8.899999999999993,15.320000000000011,65.0,487.1580042189816,113,0.28564894789544976,1.0,5.600000000000005,12.679999999999989,45.5,0.0675368279488362,101,21776.908467128746,12563.573062168707,34340.48152929745,7098.099999999999
615,1050,316,21.020637510783587,2.96,7.26542857142857,14.01297142857142,54.53523809523809,22.95066666666665,39.72837397441113,107.92857142857143,429.2865518698973,11.0,8.899999999999993,15.320000000000011,65.0,486.1580042189816,114,0.27466093090778376,1.0,5.600000000000005,12.679999999999989,45.5,0.03732352391510041,101,22071.669386322767,12554.166175913917,34625.83556223668,6865.499999999999
616,1063,320,20.349301977638238,2.980244590780809,7.259830667920984,14.00366886171215,54.448730009407335,22.718908748824084,40.934720830861785,108.0507996237065,486.7876503495622,12.0,8.899999999999993,15.320000000000011,65.0,392.57244424171154,114,0.27466093090778376,1.0,5.600000000000005,12.679999999999989,45.5,0.04738633986009333,102,21631.308002229445,13099.11066587577,34730.418668105216,6924.699999999999
617,1028,335,21.410660189877376,2.9513618677042803,7.265953307393007,13.993813229572018,54.400778210116734,23.163910505836586,37.27968353879733,108.21011673151752,486.7876503495622,12.0,8.999999999999993,15.320000000000011,65.5,391.57244424171154,114,0.27466093090778376,1.0,5.600000000000005,12.679999999999989,45.5,0.14259579158179903,102,22010.158675193943,12488.693985497106,34498.852660691045,7680.799999999999
618,1043,329,21.245863541057126,2.99424736337488,7.262799616490903,14.007996164908928,54.54026845637584,23.014669223394066,37.42598324570912,108.33461169702781,429.2865518698973,12.0,8.999999999999993,15.320000000000011,65.5,486.7876503495622,114,0.2501321956469348,1.0,5.600000000000005,12.679999999999989,45.5,0.009197266797052128,102,22159.435673322583,12313.1484878383,34472.584161160885,6719.599999999999
619,1049,333,21.046844193248038,3.009532888465205,7.272926596758824,14.016587225929442,54.51763584366063,22.53870352716873,38.087232832383776,108.56148713060057,429.2865518698973,12.0,8.999999999999993,15.380000000000011,65.5,485.7876503495622,114,0.2501321956469348,1.0,5.500000000000005,12.619999999999989,45.5,0.0675368279488362,102,22078.139558717194,12683.048533183797,34761.18809190099,6459.4
620,1060,334,21.396868089065705,3.008490566037736,7.271415094339628,14.03769811320754,54.56603773584906,22.86339622641509,37.27743121066314,108.71415094339622,429.2865518698973,12.0,8.999999999999993,15.380000000000011,65.5,484.7876503495622,115,0.2501321956469348,1.0,5.500000000000005,12.619999999999989,45.5,0.07906173353374513,102,22680.68017440965,12450.662024361489,35131.34219877113,6675.499999999999
621,1055,347,21.23761257361439,3.0075829383886257,7.282938388625595,14.035431279620852,54.54123222748815,22.91895734597155,34.91665345395867,108.94597156398105,502.9324506273589,12.0,8.999999999999993,15.380000000000011,65.5,285.52127350610624,115,0.2501321956469348,1.0,5.500000000000005,12.619999999999989,45.5,0.06289726809546359,102,22405.68126516318,12116.07874852366,34521.76001368684,7195.4
622,1053,323,21.064432646675073,3.0427350427350426,7.279772079772086,14.03726495726495,54.52374169040836,23.713485280151936,37.4175298197513,109.10826210826211,502.9324506273589,12.0,8.999999999999993,15.380000000000011,65.5,403.7541050352794,115,0.2622398019624188,1.0,5.500000000000005,12.619999999999989,45.5,0.023085164721957874,102,22180.84757694885,12085.86213177967,34266.70970872852,7180.599999999999
623,1045,321,19.558538808444418,3.036363636363636,7.26851674641149,14.038468899521535,54.549282296650716,23.271770334928245,40.937114166909566,109.2909090909091,502.9324506273589,11.0,8.999999999999993,15.380000000000011,65.5,402.7541050352794,115,0.2622398019624188,1.0,5.500000000000005,12.619999999999989,45.5,0.005898687893997945,102,20438.673054824416,13140.81364757797,33579.486702402384,7188.5999999999985
624,1067,311,20.440099648394398,3.071227741330834,7.2407685098406835,14.034189315838809,54.632146204311155,23.04011246485473,38.44172923779128,109.46860356138707,502.9324506273589,11.0,9.099999999999993,15.380000000000011,65.5,346.7738573289855,115,0.2622398019624188,1.0,5.500000000000005,12.619999999999989,45.0,0.09096462705361752,102,21809.586324836822,11955.377792953088,33764.96411778991,6503.399999999999
625,1081,306,19.816864226825107,3.156336725254394,7.242553191489363,14.023311748381149,54.61424606845513,23.161239592969462,38.15262918238812,109.59204440333025,507.3765331782372,11.0,9.099999999999993,15.380000000000011,65.5,345.7738573289855,116,0.25084239803359465,1.0,5.500000000000005,12.619999999999989,45.0,0.015161865226498872,102,21422.03022919794,11674.704529810764,33096.7347590087,7323.599999999999
626,1065,299,20.5147638895881,3.155868544600939,7.244694835680753,14.020619718309858,54.606572769953054,23.05239436619717,36.423947683367366,109.73802816901409,507.3765331782372,11.0,9.099999999999993,15.380000000000011,65.5,344.7738573289855,116,0.25084239803359465,1.0,5.500000000000005,12.619999999999989,45.0,0.0312683313704174,102,21848.223542411324,10890.760357326842,32738.983899738167,7622.199999999999
627,1085,301,20.179106507796035,3.1400921658986176,7.235391705069128,14.021069124423962,54.629493087557606,22.859262672811063,37.045100819658984,109.9852534562212,507.3765331782372,11.0,9.099999999999993,15.440000000000012,65.5,310.6832861107756,116,0.25084239803359465,1.0,5.500000000000005,12.619999999999989,45.0,0.19685012687882297,103,21894.330560958697,11150.575346717354,33044.90590767605,7008.299999999999
628,1071,287,21.041296649071136,3.11484593837535,7.237815126050422,14.04420168067228,54.682072829131656,23.02222222222221,36.138235054352656,110.15499533146593,507.3765331782372,11.0,9.099999999999993,15.440000000000012,65.5,309.6832861107756,116,0.2595134098958407,1.0,5.500000000000005,12.619999999999989,44.5,0.01876219706410831,103,22535.228711155185,10371.673460599211,32906.902171754395,7604.199999999999
629,1090,293,19.622481751035487,3.152293577981651,7.251926605504588,14.033522935779832,54.59954128440367,23.329908256880742,37.46674742892453,110.35229357798165,361.06301163302203,11.0,9.099999999999993,15.440000000000012,65.5,507.3765331782372,117,0.2595134098958407,1.0,5.500000000000005,12.619999999999989,44.5,0.014742319168781659,103,21388.50510862868,10977.756996674887,32366.26210530357,7745.999999999999
630,1054,308,20.417520624947997,3.1821631878557874,7.2562618595825485,14.039051233396604,54.625237191650854,22.96869070208727,33.852640308724915,110.46394686907021,428.4439935624934,11.0,9.099999999999993,15.440000000000012,65.5,506.3765331782372,117,0.25941385813168855,1.0,5.500000000000005,12.619999999999989,44.5,0.030155739242592627,103,21520.06673869519,10426.613215087275,31946.679953782463,7632.199999999999
631,1073,275,19.613253466130967,3.202236719478099,7.268965517241383,14.039981360671016,54.62208760484623,23.793942218080133,37.89528776887169,110.5955265610438,507.2470664902596,11.0,9.099999999999993,15.440000000000012,65.5,428.4439935624934,117,0.25941385813168855,1.0,5.500000000000005,12.619999999999989,44.5,0.09540417249700983,104,21045.020969158526,10421.204136439716,31466.22510559824,7393.999999999999
632,1072,272,18.854253047315265,3.2136194029850746,7.2791977611940215,14.0142723880597,54.55923507462686,23.674067164179093,38.727123328290475,110.78731343283582,359.3535737664026,12.0,9.099999999999993,15.440000000000012,65.5,427.4439935624934,117,0.25941385813168855,1.0,5.500000000000005,12.559999999999988,44.5,0.01594128376280235,104,20211.759266721965,10533.77754529501,30745.536812016973,7240.599999999999
633,1054,280,19.475046762581233,3.2011385199240987,7.28225806451612,14.00574952561671,54.66223908918406,23.471347248576883,34.98005954477594,110.98956356736242,428.3855405827639,12.0,9.099999999999993,15.380000000000011,65.0,296.7550109231024,117,0.25941385813168855,1.0,5.500000000000005,12.559999999999988,45.0,0.018077895759221363,104,20526.69928776062,9794.416672537263,30321.115960297884,7397.299999999999
634,1039,292,17.275861825038056,3.2242540904716073,7.293551491819048,14.008604427333982,54.69730510105871,22.634937439846016,39.79980237943066,111.19923002887391,428.3855405827639,12.0,9.099999999999993,15.440000000000012,65.0,324.4590636570299,118,0.2547441996258357,1.0,5.500000000000005,12.559999999999988,45.0,0.06543668621095122,104,17949.62043621454,11621.542294793753,29571.16273100829,7046.299999999999
635,1051,278,17.39072975040715,3.2302568981921977,7.278211227402467,13.996574690770693,54.72312083729781,22.96022835394864,39.66177501782833,111.3510941960038,392.5380475445445,12.0,9.099999999999993,15.500000000000012,65.0,428.3855405827639,118,0.2547441996258357,1.0,5.500000000000005,12.559999999999988,44.5,0.00823621088947113,104,18277.656967677915,11025.973454956276,29303.63042263419,6970.4
636,1061,268,19.08982104300599,3.2073515551366634,7.274929311969836,13.990782280867123,54.6875589066918,23.383694627709744,32.28005944559686,111.5334590009425,439.4711794394854,12.0,9.099999999999993,15.500000000000012,64.5,302.7380026996261,119,0.29498485454620477,1.0,5.400000000000006,12.559999999999988,44.0,0.1397615591151844,105,20254.300126629358,8651.05593141996,28905.356058049318,7463.899999999999
637,1054,277,18.098084466951935,3.150853889943074,7.265749525616698,13.994535104364328,54.73956356736243,23.057020872865284,34.337699749314105,111.79791271347248,439.4711794394854,12.0,9.099999999999993,15.560000000000013,64.5,301.7380026996261,119,0.2516586769568233,1.0,5.400000000000006,12.559999999999988,44.0,0.03359083882153291,105,19075.38102816734,9511.542830560007,28586.923858727347,7356.399999999999
638,1031,307,18.188006802729173,3.136760426770126,7.290494665373421,14.002618816682835,54.75994180407371,22.51823472356935,30.574179401452138,111.95344325897187,439.4711794394854,12.0,9.099999999999993,15.560000000000013,64.5,300.7380026996261,119,0.2516586769568233,1.0,5.400000000000006,12.559999999999988,44.0,0.2664630139801177,105,18751.835013613778,9386.273076245807,28138.108089859583,7387.099999999999
639,1041,295,19.242811972933627,3.0787704130643614,7.291450528338132,14.008357348703173,54.808837656099904,22.78088376560999,28.468696582194358,112.11623439000961,439.4711794394854,12.0,9.099999999999993,15.560000000000013,64.5,240.74646305993483,119,0.2516586769568233,1.0,5.400000000000006,12.559999999999988,44.0,0.030343396297491054,105,20031.767263823906,8398.265491747336,28430.032755571243,6649.799999999999
640,1027,311,17.39146408911876,3.0613437195715676,7.2930866601752635,14.001518987341775,54.75267770204479,22.455890944498517,32.75279586187095,112.31353456669912,439.4711794394854,12.0,9.099999999999993,15.560000000000013,65.0,354.799183499961,120,0.2539154112290352,1.0,5.400000000000006,12.559999999999988,44.0,0.06699425179109841,105,17861.033619524966,10186.119513041866,28047.153132566833,7652.799999999999
641,1052,287,17.44666189805265,3.0228136882129277,7.277091254752851,14.011749049429664,54.836501901140686,22.261596958174934,35.153573329178734,112.43536121673004,381.4597894255472,12.0,9.099999999999993,15.560000000000013,65.0,439.4711794394854,120,0.2524715596915216,1.0,5.400000000000006,12.559999999999988,44.0,0.013269415654586503,105,18353.88831675139,10089.075545474298,28442.963862225686,6456.5999999999985
642,1070,290,17.578434028725383,3.0102803738317756,7.264672897196255,14.030336448598144,54.92196261682243,21.83224299065424,35.1681740181378,112.5233644859813,441.80555536282463,12.0,9.099999999999993,15.560000000000013,65.0,381.4597894255472,120,0.2524715596915216,1.0,5.400000000000006,12.559999999999988,44.0,0.06725657625445658,105,18808.92441073616,10198.77046525996,29007.69487599612,6414.799999999999
643,1087,293,16.880726483140407,3.019319227230911,7.26651333946642,14.020312787488516,54.86476540938362,21.637166513339487,37.241039236000745,112.7736890524379,441.80555536282463,11.0,9.199999999999992,15.560000000000013,65.0,380.4597894255472,119,0.2524715596915216,1.0,5.400000000000006,12.499999999999988,44.0,0.03355954462778632,106,18349.34968717362,10911.624496148219,29260.97418332184,6681.999999999999
644,1099,255,18.449178016228146,3.0254777070063694,7.253776160145582,14.02800727934488,54.901728844404005,22.39171974522294,37.6521500626739,112.82438580527753,441.80555536282463,11.0,9.199999999999992,15.560000000000013,65.0,255.9726690980188,119,0.2524715596915216,1.0,5.400000000000006,12.499999999999988,44.0,0.34516018409689964,106,20275.646639834733,9601.298265981844,29876.944905816577,6823.399999999999
645,1089,262,19.410037320031922,3.068870523415978,7.235996326905412,14.03289256198348,54.87190082644628,22.778145087236005,31.929551569497868,112.95592286501378,441.80555536282463,11.0,9.199999999999992,15.560000000000013,65.0,213.96387456391335,120,0.2539154112290352,1.0,5.400000000000006,12.499999999999988,44.0,0.01475270773541748,106,21137.530641514764,8365.542511208441,29503.073152723206,7685.399999999999
646,1089,258,18.5210528366634,3.076216712580349,7.2429752066115665,14.028319559228656,54.87741046831956,23.03002754820935,33.571138043097925,113.11570247933884,277.53383104362234,11.0,9.099999999999993,15.560000000000013,65.0,380.65846796700373,120,0.2539154112290352,1.0,5.400000000000006,12.499999999999988,43.5,0.2612814727751973,107,20169.426539126445,8661.353615119264,28830.78015424571,7139.099999999999
647,1094,267,17.901294966759618,3.047531992687386,7.244424131627057,14.045082266910434,54.95201096892139,23.27934186471662,32.06473085144015,113.21297989031079,360.69765937379435,11.0,9.099999999999993,15.560000000000013,65.0,379.65846796700373,120,0.2539154112290352,1.0,5.400000000000006,12.499999999999988,43.5,0.15207195213427172,107,19584.01669363502,8561.283137334522,28145.299830969543,7405.9
648,1092,285,17.633927163564778,3.0,7.242216117216117,14.043846153846172,54.94734432234432,23.568315018314998,30.626202859651116,113.33791208791209,360.69765937379435,11.0,8.799999999999994,15.560000000000013,65.0,378.65846796700373,120,0.2539154112290352,1.0,5.500000000000005,12.499999999999988,43.5,0.07878914533860648,107,19256.248462612737,8728.467815000567,27984.716277613305,7866.699999999999
649,1050,320,17.78023481556188,2.9952380952380953,7.239523809523811,14.03742857142858,54.862857142857145,23.642761904761905,28.551832883791985,113.56952380952382,381.54491297614027,11.0,8.799999999999994,15.560000000000013,64.5,277.53383104362234,120,0.2577363236828282,1.0,5.500000000000005,12.499999999999988,43.5,0.0998063998009755,107,18669.246556339975,9136.586522813435,27805.83307915341,7948.399999999999
650,1020,303,17.64169799455961,2.981372549019608,7.201764705882343,14.024647058823554,54.86813725490196,23.65509803921569,30.837373265510365,113.68333333333334,381.54491297614027,12.0,8.899999999999993,15.560000000000013,64.5,361.22022231934477,121,0.2577363236828282,1.0,5.400000000000006,12.499999999999988,43.5,0.006111081075315328,107,17994.531954450802,9343.72409944964,27338.25605390044,7443.0999999999985
651,1041,287,16.829918114195525,3.0009606147934678,7.213544668587884,14.015850144092232,54.821325648414984,24.02161383285302,33.51108597291328,113.88376560999039,381.54491297614027,12.0,8.899999999999993,15.560000000000013,64.5,360.22022231934477,122,0.2577363236828282,1.0,5.400000000000006,12.499999999999988,43.5,0.09018839829713832,107,17519.944756877543,9617.68167422611,27137.626431103654,7033.099999999999
652,1042,290,17.235550372479366,3.025911708253359,7.2046065259116965,14.024644913627668,54.86228406909789,24.31631477927063,30.434371956369382,114.12763915547025,381.54491297614027,12.0,8.899999999999993,15.560000000000013,64.5,359.22022231934477,122,0.2577363236828282,1.0,5.400000000000006,12.499999999999988,43.5,0.006111081075315328,107,17959.4434881235,8825.96786734712,26785.41135547062,7229.799999999999
653,1040,289,16.225403811142236,3.058653846153846,7.210673076923075,14.023711538461555,54.81057692307692,23.934615384615366,32.99354417938798,114.3423076923077,317.6802801760591,12.0,8.899999999999993,15.560000000000013,64.5,358.22022231934477,122,0.2577363236828282,1.0,5.500000000000005,12.499999999999988,43.5,0.10936108312106185,107,16874.419963587927,9535.134267843127,26409.55423143105,7116.099999999999
654,1042,291,16.94662551271325,3.0719769673704413,7.215738963531665,14.02487523992325,54.81190019193858,23.483205374280253,32.18398741534489,114.42418426103647,317.6802801760591,12.0,8.899999999999993,15.560000000000013,64.5,357.22022231934477,122,0.2577363236828282,1.0,5.500000000000005,12.499999999999988,43.0,0.01969728633465162,108,17658.383784247206,9365.540337865363,27023.92412211257,6759.199999999999
655,1047,278,17.16995889316277,3.1174785100286533,7.204202483285577,13.989455587392566,54.747373447946515,23.005826170009545,33.150342339588754,114.63323782234957,357.66689477451786,13.0,8.899999999999993,15.560000000000013,64.5,317.6802801760591,123,0.2577363236828282,1.0,5.500000000000005,12.499999999999988,43.0,0.056696808213937855,108,17976.94696114142,9215.795170405674,27192.742131547093,6465.699999999999
656,1080,277,16.353339360383515,3.1287037037037035,7.197037037037035,13.995055555555576,54.78472222222222,22.929722222222217,35.541959740808224,114.78148148148148,357.66689477451786,13.0,8.899999999999993,15.560000000000013,64.5,316.6802801760591,123,0.2577363236828282,1.0,5.500000000000005,12.499999999999988,43.0,0.027173902162732855,109,17661.606509214198,9845.122848203879,27506.729357418077,6671.599999999999
657,1069,287,16.296984796292335,3.17399438727783,7.184284377923292,13.993882132834464,54.776426566884936,22.65294667913939,34.594264147517755,114.83629560336763,318.01092317381756,13.0,8.899999999999993,15.560000000000013,64.5,357.66689477451786,123,0.2577363236828282,1.0,5.500000000000005,12.499999999999988,43.0,0.036738653760066464,109,17421.476747236506,9928.553810337595,27350.0305575741,7380.9
658,1090,278,16.24096645319195,3.1981651376146787,7.195229357798168,14.00374311926607,54.78073394495413,21.94825688073395,36.30716902653318,115.01192660550458,318.01092317381756,13.0,8.799999999999994,15.560000000000013,64.5,356.66689477451786,124,0.26678157724547735,1.0,5.600000000000005,12.499999999999988,42.5,0.017636957103879247,109,17702.653433979227,10093.392989376225,27796.046423355452,6551.599999999999
659,1092,262,17.66384408167449,3.2014652014652016,7.206043956043953,13.990714285714292,54.792582417582416,22.032783882783868,34.56913794933148,115.1382783882784,401.01092317381756,13.0,8.799999999999994,15.560000000000013,64.5,355.66689477451786,124,0.266515465189648,1.0,5.600000000000005,12.499999999999988,42.5,0.013326458896504523,109,19288.91773718854,9057.114142724848,28346.03187991339,6901.4
660,1112,240,17.938906149725668,3.218525179856115,7.208363309352523,13.987266187050375,54.72392086330935,22.49595323741007,35.1777693041471,115.23920863309353,309.0225477721546,13.0,8.799999999999994,15.560000000000013,64.5,354.66689477451786,124,0.25110243936455395,1.0,5.500000000000005,12.499999999999988,42.5,0.009682800447436968,109,19948.063638494943,8442.664632995304,28390.728271490247,6921.699999999999
661,1105,258,18.1621493966469,3.2542986425339366,7.210316742081445,13.989737556561115,54.796380090497735,22.906063348416282,33.59331419916659,115.41266968325792,356.3099273604245,13.0,8.799999999999994,15.560000000000013,64.5,199.50546158690878,123,0.252317802996394,1.0,5.500000000000005,12.499999999999988,42.5,0.05209178463631625,109,20069.175083294824,8667.07506338498,28736.250146679806,7269.499999999999
662,1093,266,18.09245449851433,3.264409881061299,7.198261665141802,13.993687099725538,54.868252516010976,23.07785910338518,32.52268005212977,115.48124428179322,356.3099273604245,13.0,8.799999999999994,15.560000000000013,64.5,309.0225477721546,123,0.252317802996394,1.0,5.500000000000005,12.499999999999988,42.5,0.044507865484827214,109,19775.05276687616,8651.032893866519,28426.08566074268,7542.999999999999
663,1078,274,17.66699780524025,3.256029684601113,7.198237476808898,13.978682745825601,54.83441558441559,23.342207792207777,33.17179985026324,115.64842300556586,356.3099273604245,13.0,8.699999999999994,15.560000000000013,65.0,314.82769809630014,123,0.252317802996394,1.0,5.500000000000005,12.499999999999988,42.0,0.01313884778357699,109,19045.02363404899,9089.073158972129,28134.09679302112,7439.7
664,1071,278,18.358998924180955,3.2829131652661063,7.2130718954248305,13.97529411764707,54.82166199813258,23.59878618113909,28.66860693674232,115.84407096171802,356.3099273604245,13.0,8.699999999999994,15.560000000000013,65.0,313.82769809630014,123,0.2560959838731346,1.0,5.500000000000005,12.499999999999988,42.0,0.10171608497042284,110,19662.4878477978,7969.872728414365,27632.360576212166,7292.099999999999
665,1071,280,17.657216589216706,3.280112044817927,7.230718954248366,13.977478991596662,54.86788048552754,23.69981325863679,31.597494241271516,115.98786181139123,356.3099273604245,13.0,8.699999999999994,15.560000000000013,65.0,226.1096848271036,123,0.2545756103404103,1.0,5.500000000000005,12.499999999999988,42.0,0.23099530530113466,110,18910.878967051092,8847.298387556024,27758.177354607116,6891.599999999999
666,1037,296,17.12582372000879,3.2459016393442623,7.213404050144645,13.9855930568949,54.919479267116685,23.52082931533268,35.466068091937956,116.17261330761814,356.3099273604245,13.0,8.699999999999994,15.560000000000013,65.0,317.054166714504,123,0.2545756103404103,1.0,5.500000000000005,12.439999999999987,42.0,0.021493109511030006,110,17759.479197649114,10497.956155213635,28257.435352862747,6983.9
667,1038,277,17.92889764142084,3.277456647398844,7.2074181117533636,14.00658959537573,54.96001926782274,23.92292870905587,32.68448521572048,116.40847784200385,378.81380252693305,13.0,8.699999999999994,15.560000000000013,65.0,242.58630666801756,123,0.2545756103404103,1.0,5.400000000000006,12.439999999999987,42.0,0.15637482973347883,110,18610.195751794832,9053.602404754572,27663.798156549405,7141.9
668,1040,281,16.895561055738465,3.293269230769231,7.213846153846151,14.003288461538476,54.916826923076925,23.736057692307707,34.85657154190169,116.64423076923077,378.81380252693305,13.0,8.699999999999994,15.560000000000013,65.0,241.58630666801756,124,0.2545756103404103,1.0,5.400000000000006,12.439999999999987,42.0,0.011783582902910261,110,17571.383497968003,9794.696603274375,27366.080101242376,7129.199999999999
669,1008,301,17.476195228822654,3.2857142857142856,7.222222222222229,14.012321428571429,54.90922619047619,23.92509920634923,31.344097879514656,116.85218253968254,378.81380252693305,13.0,8.699999999999994,15.560000000000013,64.5,240.58630666801756,124,0.2545756103404103,1.0,5.400000000000006,12.439999999999987,41.5,0.04089050511384995,110,17616.004790653235,9434.573461733911,27050.578252387146,7387.499999999999
670,986,306,16.85220001633372,3.257606490872211,7.235192697768765,13.983813387423936,54.9553752535497,24.18509127789048,33.41007584394224,117.0182555780933,239.51848345958354,12.0,8.699999999999994,15.560000000000013,64.5,378.81380252693305,125,0.2578015354857955,1.0,5.400000000000006,12.499999999999988,41.5,0.022776497029346254,110,16616.269216105047,10223.483208246325,26839.752424351373,7332.5
671,1020,308,15.915077297564745,3.200980392156863,7.257254901960786,13.960823529411769,54.92941176470588,22.889019607843125,36.139213415526676,117.20980392156862,229.2277565575081,12.0,8.699999999999994,15.620000000000013,64.5,377.81380252693305,125,0.2578015354857955,1.0,5.400000000000006,12.499999999999988,41.5,0.15480088405893966,111,16233.378843516039,11130.877731982217,27364.256575498257,5950.299999999999
672,1025,292,17.237932533076997,3.1726829268292684,7.27356097560977,13.966048780487814,54.91756097560975,22.746731707317053,32.1208917488008,117.43707317073171,239.77799494749524,12.0,8.699999999999994,15.620000000000013,65.0,376.81380252693305,125,0.2578015354857955,1.0,5.400000000000006,12.499999999999988,41.5,0.08842642403886014,111,17668.88084640392,9379.300390649834,27048.181237053755,6639.099999999999
673,1027,311,15.609661301620829,3.121713729308666,7.265335929892898,14.003213242453748,54.96397273612463,22.498149951314513,33.550928201927114,117.60856864654333,389.42858089189804,12.0,8.699999999999994,15.620000000000013,65.0,269.6862914878357,125,0.2578015354857955,1.0,5.400000000000006,12.439999999999987,41.5,0.007864556480064566,111,16031.122156764592,10434.338670799332,26465.460827563926,6813.599999999999
674,1037,299,15.482147976550404,3.110896817743491,7.260462873674058,14.01058823529411,54.962391513982645,22.663259402121533,33.160774851561634,117.69045323047251,239.77799494749524,12.0,8.699999999999994,15.620000000000013,65.0,268.6862914878357,125,0.2578015354857955,1.0,5.400000000000006,12.439999999999987,41.5,0.0049058882889725375,111,16054.98745168277,9915.071680616928,25970.0591322997,6702.799999999999
675,1035,286,15.407419107104554,3.123671497584541,7.276908212560384,14.020057971014499,55.08309178743961,23.095748792270545,33.92638614203181,117.86570048309179,256.0743296737951,12.0,8.699999999999994,15.620000000000013,65.0,267.6862914878357,125,0.2578015354857955,1.0,5.300000000000006,12.439999999999987,41.5,0.11925721177933313,111,15946.678775853214,9702.946436621098,25649.62521247431,6954.999999999999
676,1021,301,16.61527569113623,3.1234084231145935,7.279040156709104,14.025445641527908,55.14740450538687,23.286190009794325,27.609023551696907,118.12634671890304,269.8162606180263,12.0,8.699999999999994,15.620000000000013,65.0,238.82125094366472,126,0.2578015354857955,1.0,5.300000000000006,12.439999999999987,41.5,0.0024529441444862687,111,16964.19648065009,8310.316089060769,25274.51256971086,7439.499999999999
677,1036,281,16.30164484975253,3.077220077220077,7.269594594594596,14.01911196911197,55.17181467181467,22.958976833976863,28.484468557984922,118.3426640926641,269.8162606180263,12.0,8.699999999999994,15.620000000000013,65.0,237.82125094366472,126,0.2578015354857955,1.0,5.300000000000006,12.439999999999987,42.0,0.09325126174912723,111,16888.504064343622,8004.135664793763,24892.639729137387,6531.399999999999
678,1065,258,16.14749717465288,3.111737089201878,7.272018779342725,14.007887323943672,55.095774647887325,22.720845070422538,28.82264855422959,118.57276995305165,269.8162606180263,13.0,8.699999999999994,15.620000000000013,65.0,218.30661165864257,126,0.2578015354857955,1.0,5.200000000000006,12.439999999999987,42.5,0.10869614283416817,111,17197.084491005317,7436.243326991234,24633.32781799655,6750.699999999999
679,1091,233,16.139550575943115,3.1099908340971587,7.277085242896423,14.011329055912022,55.08707607699358,22.968652612282288,28.688199214813913,118.78643446379468,269.8162606180263,13.0,8.699999999999994,15.620000000000013,65.0,223.40586161006763,127,0.2790118311020703,1.0,5.200000000000006,12.439999999999987,42.5,0.04986132376077279,111,17608.24967835394,6684.350417051642,24292.60009540558,6708.099999999999
680,1069,269,15.614473569952832,3.117867165575304,7.291674462114123,13.997642656688491,55.01309635173059,22.900654817586506,26.812065607934905,119.08325537885875,269.8162606180263,13.0,8.699999999999994,15.560000000000013,65.0,261.9692595838235,128,0.2790118311020703,1.0,5.200000000000006,12.439999999999987,42.5,0.11088764606035606,111,16691.872246279578,7212.445648534489,23904.317894814067,7908.399999999999
681,1044,270,15.606249783325994,3.1149425287356323,7.281226053639852,13.985574712643677,55.02729885057471,23.29003831417623,27.21266501235908,119.27681992337165,259.4870455848759,13.0,8.699999999999994,15.560000000000013,65.0,280.8323228166692,128,0.26422849373959495,1.0,5.200000000000006,12.439999999999987,42.5,0.01595553816055717,112,16292.924773792338,7347.419553336951,23640.34432712929,7639.399999999999
682,1023,259,15.192749889343805,3.1251221896383186,7.268132942326488,13.975659824046929,55.10606060606061,23.317986314760503,29.141889638306036,119.43695014662757,260.7239796208202,13.0,8.699999999999994,15.560000000000013,65.0,279.8323228166692,128,0.2555704174690606,1.0,5.200000000000006,12.439999999999987,42.5,0.058891736339851786,112,15542.183136798712,7547.749416321263,23089.932553119976,7527.899999999999
683,1025,282,14.11219582009361,3.0878048780487806,7.2675121951219435,13.974126829268299,55.08048780487805,23.79463414634145,29.454013938230144,119.60487804878049,279.10179633716297,13.0,8.699999999999994,15.560000000000013,65.0,259.4870455848759,128,0.2555704174690606,1.0,5.200000000000006,12.439999999999987,42.5,0.07488170412355011,112,14465.00071559595,8306.0319305809,22771.03264617685,7615.899999999999
684,991,291,14.051472632344902,3.0403632694248235,7.273662966700295,13.982865792129166,55.04843592330979,24.05913218970735,29.833498795484317,119.71947527749748,279.10179633716297,14.0,8.699999999999994,15.560000000000013,65.0,258.4870455848759,127,0.26677088830364115,1.0,5.200000000000006,12.439999999999987,42.5,0.10356679790340073,112,13925.009378653798,8681.548149485936,22606.557528139732,7224.399999999999
685,991,301,14.36629258681344,3.057517658930373,7.253985872855693,13.98619576185672,55.0438950554995,23.29999999999998,26.54916819967458,119.7547931382442,279.45337289415966,14.0,8.699999999999994,15.560000000000013,65.0,257.4870455848759,127,0.26677088830364115,1.0,5.200000000000006,12.439999999999987,42.5,0.044982824495982676,112,14236.99595353212,7991.299628102048,22228.295581634167,6647.199999999999
686,1019,277,13.429575836209432,3.0834151128557408,7.276938174681055,14.00052993130518,55.04906771344455,22.86270853778212,31.922734151133742,119.95191364082434,298.87829941073545,14.0,8.699999999999994,15.620000000000013,65.0,260.7239796208202,127,0.2689574859855436,1.0,5.300000000000006,12.439999999999987,42.0,0.03203807988265828,112,13684.73777709741,8842.597359864047,22527.335136961457,5843.999999999999
687,1023,289,13.838325924809192,3.0850439882697946,7.280254154447709,14.016891495601175,55.227761485826,22.361876832844594,27.894022446640058,120.11339198435972,270.0536257574056,14.0,8.699999999999994,15.620000000000013,64.5,298.87829941073545,127,0.2689574859855436,1.0,5.300000000000006,12.499999999999988,42.0,0.02166765600825249,112,14156.607421079803,8061.3724870789765,22217.97990815878,6523.5
688,1022,265,14.262824373456585,3.047945205479452,7.289823874755385,14.000998043052851,55.193737769080236,23.094716242661466,27.87283508053406,120.25929549902153,261.57582524929825,14.0,8.699999999999994,15.620000000000013,64.5,297.87829941073545,128,0.2689574859855436,1.0,5.300000000000006,12.439999999999987,42.0,0.09132587563809391,112,14576.60650967263,7386.301296341526,21962.907806014155,6702.699999999999
689,1025,269,13.498309235943776,3.0526829268292683,7.280780487804885,14.013112195121973,55.20048780487805,23.18117073170731,28.830042571380307,120.39219512195122,261.57582524929825,12.0,8.699999999999994,15.620000000000013,64.5,296.87829941073545,128,0.2591169157777411,1.0,5.300000000000006,12.439999999999987,42.0,0.013153381207122727,112,13835.76696684237,7755.281451701303,21591.048418543673,7347.699999999999
690,1019,276,13.657403311293328,3.011776251226693,7.281746810598631,14.021079489695804,55.1315014720314,23.16790971540726,26.750895153819783,120.58586849852797,273.72584991012775,12.0,8.699999999999994,15.620000000000013,64.5,295.87829941073545,129,0.2591169157777411,1.0,5.300000000000006,12.439999999999987,42.0,0.0981436440781065,112,13916.8939742079,7383.24706245426,21300.14103666216,7322.499999999999
691,1019,288,13.141458837495799,3.017664376840039,7.291756624141321,14.003591756624152,55.150147203140335,22.775171736997077,26.15413366672935,120.89597644749755,222.2296573857545,12.0,8.699999999999994,15.620000000000013,64.5,296.23599532826915,129,0.2568753946863686,1.0,5.300000000000006,12.439999999999987,42.0,0.19808501039417914,113,13391.146555408219,7532.3904960180525,20923.537051426272,7173.999999999999
692,1026,282,13.85224150802349,3.051656920077973,7.301656920077968,13.993859649122836,55.20711500974659,22.777387914230037,23.275866568267496,121.11208576998051,296.5007482607654,12.0,8.699999999999994,15.680000000000014,65.0,259.57582524929825,129,0.2568753946863686,1.0,5.300000000000006,12.439999999999987,42.0,0.0021922067813391344,113,14212.3997872321,6563.794372251434,20776.194159483533,6952.299999999999
693,1008,292,13.508158333402077,3.044642857142857,7.28839285714285,13.986190476190503,55.236111111111114,23.391170634920623,22.924493652615965,121.24503968253968,259.1486861057059,9.0,8.699999999999994,15.680000000000014,65.0,249.0835542619853,129,0.2568753946863686,1.0,5.300000000000006,12.439999999999987,42.0,0.10340789797246419,113,13616.223600069294,6693.952146563862,20310.175746633155,7675.5999999999985
694,994,274,14.678936631495441,3.061368209255533,7.276257545271627,14.006700201207238,55.2092555331992,24.257645875251484,20.283850483429276,121.37525150905432,259.1486861057059,9.0,8.699999999999994,15.680000000000014,65.0,222.2296573857545,130,0.2568753946863686,1.0,5.300000000000006,12.439999999999987,42.0,0.040246157542141114,113,14590.863011706468,5557.775032459622,20148.638044166088,7485.899999999999
695,972,285,12.920174449596518,3.052469135802469,7.2793209876543195,14.009197530864213,55.27932098765432,23.757407407407403,25.140944775429762,121.50411522633745,247.8102549596989,9.0,8.699999999999994,15.680000000000014,65.0,221.2296573857545,130,0.2721133707569967,1.0,5.300000000000006,12.439999999999987,43.0,0.13674458186842653,113,12558.409565007814,7165.1692609974825,19723.578826005298,7403.699999999999
696,972,285,12.609930045471678,3.0555555555555554,7.279526748971187,13.997222222222224,55.23045267489712,22.808024691358,25.906692949607777,121.72222222222223,247.8102549596989,9.0,8.799999999999994,15.680000000000014,65.0,220.2296573857545,130,0.25236540642387095,1.0,5.300000000000006,12.439999999999987,43.0,0.03547749611646367,113,12256.852004198472,7383.407490638217,19640.25949483669,6352.299999999999
697,997,283,11.700374901692214,3.1093279839518555,7.273219658976925,13.990852557673039,55.18605817452357,21.335105315947857,26.833305674555906,121.93981945837513,247.8102549596989,9.0,8.799999999999994,15.680000000000014,65.0,219.2296573857545,130,0.25236540642387095,1.0,5.300000000000006,12.439999999999987,43.0,0.02700871672116989,113,11665.273776987138,7593.825505899321,19259.09928288646,6357.599999999999
698,1026,246,11.991603431192262,3.1374269005847952,7.264619883040923,13.993801169590666,55.25,21.43206627680312,31.553179586380985,122.14814814814815,167.23394973657673,9.0,8.799999999999994,15.680000000000014,65.0,247.8102549596989,130,0.25236540642387095,1.0,5.300000000000006,12.439999999999987,42.5,0.08026926077403784,113,12303.38512040326,7762.082178249722,20065.467298652984,5959.499999999999
699,1009,252,12.064863201778788,3.155599603567889,7.237462834489588,14.007908820614475,55.33300297324083,22.261248761149638,31.11614399920686,122.30426164519326,227.91352644370684,9.0,8.799999999999994,15.680000000000014,65.0,246.8102549596989,130,0.2676388237929154,1.0,5.400000000000006,12.439999999999987,42.5,0.26088742100481666,114,12173.446970594798,7841.268287800129,20014.71525839493,7454.299999999999
700,992,269,12.524807776124943,3.1391129032258065,7.2443548387096754,14.011008064516135,55.44556451612903,23.37197580645164,27.64456934118565,122.57459677419355,167.23394973657673,9.0,8.799999999999994,15.740000000000014,65.0,245.8102549596989,130,0.2676388237929154,1.0,5.400000000000006,12.439999999999987,42.5,0.11490635139735961,114,12424.609313915944,7436.38915277894,19860.998466694884,7242.699999999999
701,988,268,12.610433172961672,3.138663967611336,7.242712550607282,14.016153846153875,55.46153846153846,23.7272267206478,26.691668724834056,122.82186234817814,245.65656176596173,9.0,8.799999999999994,15.740000000000014,65.0,205.90114213672362,130,0.26506767460907527,1.0,5.400000000000006,12.439999999999987,42.5,0.057620103383105636,115,12459.107974886132,7153.367218255527,19612.47519314166,7233.099999999999
702,1003,284,12.708997453015385,3.164506480558325,7.236889332003989,14.006640079760732,55.47607178464606,23.34267198404787,25.712051555205644,123.00099700897309,245.65656176596173,9.0,8.799999999999994,15.740000000000014,65.0,204.90114213672362,130,0.2550103922583816,1.0,5.400000000000006,12.499999999999988,42.5,0.0187984509471244,115,12747.124445374431,7302.222641678403,20049.347087052833,6291.499999999999
703,1001,276,13.35566448032305,3.201798201798202,7.228671328671328,14.014445554445562,55.553446553446555,23.86113886113888,22.944704590806655,123.12687312687312,245.65656176596173,9.0,8.799999999999994,15.740000000000014,65.5,131.36952453537987,130,0.2550103922583816,1.0,5.400000000000006,12.499999999999988,48.5,0.09468340962405142,115,13369.020144803373,6332.738467062637,19701.75861186601,7004.699999999999
704,996,283,12.817612829106361,3.1947791164658637,7.226305220883529,14.018253012048206,55.605923694779115,24.18263052208837,22.926234350280144,123.26706827309236,245.65656176596173,8.0,8.799999999999994,15.740000000000014,65.5,159.87834642585963,130,0.25834154725778574,1.0,5.400000000000006,12.499999999999988,48.5,0.0037682826925822255,115,12766.342377789935,6488.12432112928,19254.466698919216,7422.4
705,989,274,12.638229402383104,3.121334681496461,7.201516683518707,14.038038422649153,55.69464105156724,23.370980788675435,23.67303473166734,123.27704752275025,208.95321278440946,8.0,8.799999999999994,15.800000000000015,65.5,245.65656176596173,131,0.25781560341262494,1.0,5.400000000000006,12.499999999999988,48.5,0.04228982854713337,116,12499.20887895689,6486.411516476851,18985.62039543374,6529.799999999999
706,1003,263,12.482546111403963,3.127617148554337,7.167896311066803,14.057726819541395,55.72183449651047,23.018444666002004,23.720468011000207,123.22333000997008,159.90452338351307,9.0,8.799999999999994,15.800000000000015,65.5,244.65656176596173,131,0.25781560341262494,1.0,5.400000000000006,12.499999999999988,48.5,0.0824331960712219,116,12519.993749738174,6238.483086893055,18758.476836631227,6505.599999999999
707,1006,257,12.470097820343106,3.1123260437375744,7.174950298210745,14.068349900596436,55.709741550695824,23.103578528827043,23.82459850998582,123.4065606361829,245.09304490157535,9.0,8.799999999999994,15.800000000000015,65.5,159.90452338351307,131,0.25216789004341156,1.0,5.400000000000006,12.439999999999987,49.0,0.2536088272573136,116,12544.918407265164,6122.921817066355,18667.84022433152,6857.599999999999
708,995,267,12.222002333842262,3.130653266331658,7.206331658291466,14.06723618090453,55.59949748743718,22.73246231155778,23.68627599511509,123.65326633165829,149.4792273502238,9.0,8.799999999999994,15.800000000000015,65.5,158.90452338351307,132,0.25216789004341156,1.0,5.500000000000005,12.439999999999987,49.0,0.08759775105399448,117,12160.892322173051,6324.235690695728,18485.12801286878,6977.2
709,996,287,11.993971149648207,3.110441767068273,7.224196787148595,14.068313253012075,55.6320281124498,22.4149598393574,21.533909119444008,123.8644578313253,168.94644290308443,9.0,8.799999999999994,15.800000000000015,65.5,163.19563158780753,132,0.25216789004341156,1.0,5.500000000000005,12.439999999999987,49.0,0.0940512414275183,117,11945.995265049614,6180.23191728043,18126.227182330043,6981.099999999999
710,1016,268,11.71583561591166,3.076771653543307,7.239566929133857,14.058759842519697,55.59744094488189,22.656496062992144,25.577022044889432,124.15944881889764,164.66172692885823,9.0,8.799999999999994,15.800000000000015,66.0,115.60021449221799,132,0.25216789004341156,1.0,5.500000000000005,12.439999999999987,49.0,0.028349294086462695,117,11903.288985766247,6854.641908030368,18757.930893796613,6298.299999999999
711,1026,277,11.625432737977125,3.085769980506823,7.251169590643273,14.074444444444447,55.62914230019493,22.162280701754394,25.924341669659402,124.37621832358674,159.0440209093719,9.0,8.799999999999994,15.800000000000015,66.0,121.80869758901842,132,0.25216789004341156,1.0,5.500000000000005,12.439999999999987,49.0,0.005476193932117734,117,11927.69398916453,7181.042642495654,19108.736631660184,6567.499999999999
712,1032,264,12.455656034257878,3.126937984496124,7.25755813953489,14.087848837209297,55.633236434108525,22.225193798449574,26.129507448085658,124.5891472868217,176.516739592941,9.0,8.799999999999994,15.800000000000015,66.0,155.09166278403634,133,0.25216789004341156,1.0,5.500000000000005,12.439999999999987,48.5,0.004788643200927645,118,12854.23702735413,6898.189966294613,19752.426993648744,6403.199999999999
713,1056,228,12.735686686666936,3.1543560606060606,7.252367424242429,14.08250000000001,55.65909090909091,23.137310606060574,27.549773289141662,124.7471590909091,201.55137724790484,9.0,8.799999999999994,15.800000000000015,66.5,154.09166278403634,133,0.25216789004341156,1.0,5.700000000000005,12.439999999999987,48.5,0.04702562071375915,118,13448.885141120285,6281.3483099242985,19730.233451044583,6907.299999999999
714,1068,272,12.871433515207523,3.188202247191011,7.250000000000003,14.085449438202266,55.6690074906367,23.209925093632958,23.305327069767454,124.90730337078652,201.55137724790484,9.0,8.799999999999994,15.800000000000015,66.5,126.33224358655198,133,0.25216789004341156,1.0,5.600000000000005,12.439999999999987,48.5,0.08055217425992534,118,13746.690994241633,6339.048962976747,20085.73995721838,7186.299999999999
715,1078,259,12.460609732244441,3.1484230055658626,7.246196660482366,14.074860853432304,55.54359925788497,23.89526901669757,26.82718431892524,125.0278293135436,197.86474583938232,9.0,8.799999999999994,15.800000000000015,66.5,159.0440209093719,133,0.25782181023787487,1.0,5.600000000000005,12.439999999999987,48.0,0.06514650409216349,118,13432.537291359507,6948.2407386016375,20380.778029961144,6951.099999999999
716,1044,275,13.049835225091156,3.1101532567049808,7.245498084291182,14.08235632183909,55.53735632183908,24.183333333333355,25.285003485781495,125.13122605363985,209.39621542033683,9.0,8.699999999999994,15.800000000000015,66.5,155.4235870607682,133,0.25782181023787487,1.0,5.600000000000005,12.439999999999987,48.0,0.12138727030319885,118,13624.027974995168,6953.375958589911,20577.40393358508,7333.299999999999
717,1041,267,13.320124642994486,3.0605187319884726,7.24024975984629,14.087780979827091,55.56051873198847,23.951969260326617,27.40187341634325,125.22574447646494,209.39621542033683,9.0,8.699999999999994,15.800000000000015,66.5,154.4235870607682,133,0.267200085857045,1.0,5.600000000000005,12.439999999999987,48.0,0.02415368848538968,118,13866.24975335726,7316.300202163648,21182.54995552091,6628.599999999999
718,1038,283,13.248358348518478,3.0539499036608864,7.235260115606931,14.093988439306356,55.535163776493256,23.79537572254334,25.488902735670706,125.46820809248555,209.39621542033683,9.0,8.799999999999994,15.800000000000015,66.5,203.8033916719074,134,0.2730627701736843,1.0,5.600000000000005,12.379999999999987,48.0,0.0491763916892507,118,13751.79596576218,7213.35947419481,20965.15543995699,7240.199999999999
719,1034,297,13.46581904638354,3.1034816247582206,7.224951644100578,14.09452611218569,55.497098646034814,23.018181818181795,24.879292286199867,125.71179883945841,209.39621542033683,9.0,8.799999999999994,15.800000000000015,66.5,233.68296540522013,134,0.2716410294345343,1.0,5.600000000000005,12.379999999999987,48.0,0.05054874885783667,118,13923.65689396058,7389.14980900136,21312.80670296194,6519.199999999999
720,1054,270,13.62794969687496,3.084440227703985,7.215749525616693,14.098083491461114,55.5185009487666,22.987476280834926,27.63905972823754,125.8662239089184,234.98141849535085,9.0,8.799999999999994,15.800000000000015,66.5,158.67060312324097,134,0.2638493281936158,1.0,5.600000000000005,12.379999999999987,48.0,0.0959115186897388,119,14363.85898050621,7462.546126624136,21826.405107130347,6377.4
721,1038,266,13.8061035604202,3.08766859344894,7.207514450867053,14.10682080924855,55.5621387283237,23.407225433526026,27.378041752469993,126.0019267822736,234.98141849535085,9.0,8.799999999999994,15.800000000000015,66.5,184.22146239681942,134,0.2638493281936158,1.0,5.500000000000005,12.379999999999987,48.0,0.006079333907407669,119,14330.735495716166,7282.5591061570185,21613.294601873185,7444.499999999999
722,1049,271,13.078789183467087,3.0915157292659674,7.204385128693991,14.124518589132515,55.68779790276454,23.01839847473783,27.242812273726884,126.14204003813155,234.98141849535085,9.0,8.799999999999994,15.860000000000015,66.5,164.0944982765039,134,0.2607963703615219,1.0,5.500000000000005,12.319999999999986,48.0,0.03511882380573761,119,13719.649853456975,7382.802126179986,21102.45197963696,6913.799999999999
723,1049,256,13.550977666885103,3.1239275500476644,7.1926596758817904,14.14316491897047,55.780266920877025,23.47159199237371,26.153599636885037,126.33079122974262,187.02802477436634,9.0,8.899999999999993,15.920000000000016,66.5,265.6671264401717,135,0.2526900248469589,1.0,5.400000000000006,12.319999999999986,48.0,0.06880034342818009,119,14214.975572562473,6695.3215070425695,20910.297079605043,7050.599999999999
724,1063,249,12.850268544762645,3.0893697083725304,7.18899341486359,14.140714957666981,55.75776105362183,23.58174976481655,27.747010845453346,126.46095954844779,162.49599172358285,9.0,8.899999999999993,15.920000000000016,66.5,264.6671264401717,135,0.2526900248469589,1.0,5.400000000000006,12.319999999999986,48.0,0.1864559310475209,119,13659.835463082693,6909.005700517883,20568.841163600577,7012.499999999999
725,1048,268,13.016114943999863,3.1202290076335877,7.180916030534349,14.152347328244275,55.78578244274809,23.8274809160305,24.62831856667656,126.62022900763358,198.1100607550854,9.0,8.899999999999993,15.920000000000016,66.5,263.6671264401717,135,0.2526900248469589,1.0,5.400000000000006,12.319999999999986,48.0,0.003747747651502653,119,13640.888461311857,6600.3893758693175,20241.277837181173,7246.199999999999
726,1016,304,12.519421567752545,3.1328740157480315,7.174311023622048,14.133169291338579,55.68503937007874,24.05767716535434,24.087576428987443,126.79429133858268,162.49599172358285,9.0,8.899999999999993,15.920000000000016,66.5,262.6671264401717,135,0.2607963703615219,1.0,5.400000000000006,12.379999999999987,48.0,0.05882805963681914,119,12719.732312836586,7322.623234412183,20042.355547248768,7443.499999999999
727,1014,295,12.589053477395483,3.1203155818540433,7.172485207100587,14.123254437869813,55.69970414201183,23.419723865877714,26.83240072026953,126.92800788954635,286.0390646212207,9.0,8.899999999999993,15.920000000000016,66.5,192.9019682557569,136,0.2607963703615219,1.0,5.400000000000006,12.379999999999987,48.5,0.06763544557009915,120,12765.30022607902,7915.558212479511,20680.85843855853,6117.5
728,1031,272,12.743509718023171,3.1493695441319107,7.166731328806988,14.122909796314266,55.68913676042677,23.20193986420954,30.03689636543568,127.06013579049467,286.0390646212207,9.0,8.899999999999993,15.860000000000015,66.5,191.9019682557569,136,0.2607963703615219,1.0,5.400000000000006,12.379999999999987,48.5,0.013588796240179501,120,13138.558519281889,8170.035811398505,21308.594330680393,5926.0
729,1065,257,13.71954494185129,3.1333333333333333,7.16300469483568,14.11673239436621,55.67981220657277,22.82760563380286,27.47022648394649,127.23286384976525,286.0390646212207,9.0,8.899999999999993,15.860000000000015,66.5,190.9019682557569,136,0.2516741853265731,1.0,5.400000000000006,12.379999999999987,48.0,0.12202598960220712,120,14611.315363071622,7059.848206374248,21671.16356944587,6048.4
730,1087,275,13.003832085199994,3.1205151793928243,7.174609015639366,14.11955841766331,55.65455381784729,22.251057957681702,27.595933060373568,127.43330266789329,286.0390646212207,9.0,8.899999999999993,15.860000000000015,66.5,189.9019682557569,136,0.2516741853265731,1.0,5.400000000000006,12.379999999999987,48.0,0.09132827829385337,120,14135.165476612394,7588.8815916027315,21724.047068215124,6667.299999999999
731,1064,272,13.29104101736131,3.1221804511278197,7.183176691729318,14.119154135338375,55.6578947368421,23.41090225563908,26.87064457890181,127.56390977443608,171.00102155459194,9.0,8.899999999999993,15.860000000000015,66.5,286.0390646212207,136,0.2516741853265731,1.0,5.400000000000006,12.379999999999987,48.0,0.0018738738257513265,120,14141.667642472434,7308.815325461293,21450.482967933727,7567.099999999999
732,1053,284,13.1620331849047,3.07312440645774,7.190883190883187,14.10039886039888,55.58831908831909,24.33475783475782,25.38998120790221,127.74548907882242,171.00102155459194,9.0,8.899999999999993,15.860000000000015,66.5,285.0390646212207,137,0.2533437934201098,1.0,5.300000000000006,12.439999999999987,48.0,0.08907215654600709,120,13859.62094370465,7210.7546630442275,21070.375606748876,8084.599999999999
733,1046,280,13.191508151403207,3.0707456978967493,7.197896749521997,14.095908221797332,55.612332695984705,24.82217973231355,25.923760587453796,127.9187380497132,207.72083774747776,9.0,8.899999999999993,15.860000000000015,66.5,284.0390646212207,137,0.2533437934201098,1.0,5.300000000000006,12.379999999999987,48.0,0.007495495303005306,120,13798.317526367755,7258.6529644870625,21056.970490854816,7490.9
734,1024,301,12.245915740531556,3.0771484375,7.181250000000012,14.100605468750011,55.68603515625,24.248339843749992,27.484481178403065,128.0166015625,247.11550517877936,9.0,8.899999999999993,15.860000000000015,67.0,283.0390646212207,137,0.2533437934201098,1.0,5.300000000000006,12.379999999999987,48.0,0.08044133072752246,120,12539.817718304314,8272.828834699323,20812.646553003637,7360.099999999999
735,1042,282,13.20761418285954,3.0806142034548945,7.166986564299435,14.09742802303265,55.68138195777351,24.29289827255278,25.09868451843012,128.1717850287908,285.3414345748909,10.0,8.899999999999993,15.860000000000015,67.0,184.9019682557569,137,0.25552634550878894,1.0,5.300000000000006,12.379999999999987,48.0,0.037735417438168106,121,13762.33397853964,7077.829034197293,20840.163012736935,6586.4
736,1042,293,13.163024468657428,3.121880998080614,7.171785028790794,14.103646833013453,55.68570057581574,23.785892514395407,22.806246714150586,128.36180422264874,285.3414345748909,10.0,8.899999999999993,15.860000000000015,67.0,183.9019682557569,137,0.25552634550878894,1.0,5.300000000000006,12.379999999999987,47.5,0.04678436774055639,121,13715.87149634104,6682.230287246121,20398.10178358716,6918.499999999999
737,1028,297,12.600795194103343,3.1108949416342413,7.178891050583672,14.112821011673189,55.684338521400775,23.42149805447467,24.367189545724028,128.50097276264592,285.3414345748909,10.0,8.899999999999993,15.920000000000016,67.0,182.9019682557569,137,0.25552634550878894,1.0,5.300000000000006,12.379999999999987,47.5,0.003505580769926464,121,12953.617459538236,7237.055295080037,20190.672754618274,6974.799999999999
738,1033,278,13.106551731385498,3.150048402710552,7.148693126815115,14.119070667957432,55.64956437560503,23.494191674733774,25.420865459328585,128.67182962245886,285.3414345748909,10.0,8.899999999999993,15.920000000000016,67.0,181.9019682557569,137,0.25552634550878894,1.0,5.300000000000006,12.379999999999987,47.5,0.06632910441989326,121,13539.067938521219,7067.000597693347,20606.068536214567,6281.7
739,1039,266,13.016935732378737,3.153031761308951,7.148604427333986,14.114513955726695,55.652550529355146,23.191049085659287,25.783549763602913,128.84215591915304,285.3414345748909,10.0,8.899999999999993,15.920000000000016,67.0,186.9178412844931,137,0.2614513767574227,1.0,5.300000000000006,12.379999999999987,47.0,0.04678436774055639,122,13524.596225941508,6858.424237118375,20383.020463059882,6760.2
740,1030,273,13.3213797581405,3.1485436893203884,7.169417475728158,14.10904854368935,55.640776699029125,23.141165048543712,25.05500070811018,128.99611650485437,285.6185822325955,10.0,8.899999999999993,15.920000000000016,67.0,185.9178412844931,137,0.2614513767574227,1.0,5.300000000000006,12.379999999999987,47.0,0.034051090639547255,122,13721.021150884715,6840.01519331408,20561.036344198794,6577.9
741,1037,281,12.997385572728446,3.176470588235294,7.174349083895852,14.100790742526554,55.537608486017355,22.672227579556406,27.06821430385004,129.1764705882353,186.78663289110807,10.0,8.899999999999993,15.920000000000016,67.0,285.6185822325955,137,0.25835744883578177,1.0,5.300000000000006,12.379999999999987,47.0,0.09717851150902113,122,13478.288838919398,7606.1682193818615,21084.45705830126,6389.2
742,1067,261,13.282332446498067,3.1883786316776006,7.186879100281163,14.112633552015021,55.54498594189316,22.70937207122776,26.861139652927296,129.31677600749765,186.78663289110807,10.0,8.899999999999993,15.920000000000016,67.0,284.6185822325955,138,0.25414854880863985,1.0,5.300000000000006,12.379999999999987,47.0,0.03388829568261276,122,14172.248720413438,7010.757449414024,21183.006169827462,6493.9
743,1084,266,13.309259599208378,3.217712177121771,7.210608856088559,14.113413284132859,55.539667896678964,23.048339483394837,23.983877477590873,129.5608856088561,186.78663289110807,10.0,8.899999999999993,15.920000000000016,67.0,283.6185822325955,139,0.25414854880863985,1.0,5.300000000000006,12.319999999999986,47.0,0.1756667592234591,122,14427.237405541882,6379.711409039172,20806.948814581054,7226.0
744,1059,269,13.58139347708415,3.2398489140698774,7.223607176581682,14.13932011331447,55.60056657223796,23.7522190745987,22.9103786563621,129.7459867799811,186.78663289110807,10.0,8.899999999999993,15.920000000000016,67.0,282.6185822325955,139,0.2591353903499073,1.0,5.300000000000006,12.319999999999986,47.5,0.1150576806677086,122,14382.695692232115,6162.891858561405,20545.58755079352,7747.7
745,1019,278,13.574681876934271,3.2541707556427872,7.230814524043175,14.147556427870471,55.576054955839055,23.736702649656543,23.328883806780162,129.88321884200195,195.46577345659605,10.0,8.999999999999993,15.920000000000016,67.0,281.6185822325955,139,0.26536238592685596,1.0,5.300000000000006,12.319999999999986,47.5,0.047734849649104794,122,13832.600832596023,6485.429698284885,20318.030530880907,7512.199999999999
746,1020,272,13.42804353095748,3.2519607843137255,7.248627450980392,14.151588235294135,55.61421568627451,23.497647058823503,23.383020662883474,130.08039215686276,196.0314239296438,10.0,8.999999999999993,15.920000000000016,67.5,280.6185822325955,139,0.2665822761049733,1.0,5.300000000000006,12.319999999999986,47.5,0.09630004544550763,123,13696.60440157663,6360.181620304305,20056.786021880936,7064.199999999999
747,1013,269,13.845081672427204,3.2645607107601187,7.246791707798609,14.141441263573551,55.61796643632774,24.12300098716682,21.285729294005908,130.24481737413623,291.0472151440506,10.0,8.999999999999993,15.920000000000016,67.5,196.0314239296438,139,0.26735244459556823,1.0,5.300000000000006,12.319999999999986,47.5,0.008061264908308052,123,14025.067734168757,5725.861180087589,19750.928914256347,6795.2
748,970,292,12.682462276742267,3.218556701030928,7.225051546391737,14.138865979381448,55.57886597938144,24.170721649484516,24.509960652792405,130.33917525773197,195.46577345659605,10.0,8.999999999999993,15.920000000000016,67.5,291.0472151440506,139,0.26735244459556823,1.0,5.300000000000006,12.319999999999986,47.0,0.012195268874007681,123,12301.98840844,7156.9085106153825,19458.896919055383,7629.5999999999985
749,965,307,12.485635375214757,3.193782383419689,7.209119170984458,14.139336787564773,55.56632124352332,22.98321243523313,22.768305012309913,130.5181347150259,195.46577345659605,10.0,8.999999999999993,15.920000000000016,67.5,290.0472151440506,139,0.26735244459556823,1.0,5.300000000000006,12.439999999999987,47.0,0.07040525216633697,123,12048.63813708224,6989.869638779143,19038.507775861384,6505.4
750,991,295,12.044839705760774,3.229061553985873,7.19142280524722,14.141917255297686,55.57719475277497,21.945307769929364,26.946724220689237,130.68415741675076,173.94891327905415,10.0,8.999999999999993,15.980000000000016,67.5,289.0472151440506,139,0.2530488172185019,1.0,5.400000000000006,12.439999999999987,47.0,0.036676562602261154,123,11936.436148408928,7949.2836451033245,19885.719793512253,5425.4
751,1035,266,12.599257601367478,3.2579710144927536,7.1907246376811615,14.149043478260879,55.58599033816425,22.128212560386448,26.612147519431712,130.80193236714976,195.6796511728646,10.0,8.999999999999993,15.980000000000016,67.5,288.0472151440506,139,0.2530488172185019,1.0,5.300000000000006,12.439999999999987,47.0,0.032883752185333126,123,13040.23161741534,7078.831240168835,20119.062857584177,5827.5
752,1053,252,13.334587927055598,3.2905982905982905,7.202374169040829,14.158290598290629,55.629629629629626,22.33618233618232,26.571420277827006,131.01899335232667,303.32707443076674,10.0,8.999999999999993,15.980000000000016,67.5,178.74333584689143,140,0.2530488172185019,1.0,5.300000000000006,12.439999999999987,47.0,0.04523831210222662,123,14041.321087189544,6695.997910012406,20737.31899720195,6402.0
753,1082,232,12.914072694520593,3.2855822550831792,7.229574861367828,14.147393715341975,55.5822550831793,23.09528650646952,30.31191254291124,131.275415896488,303.32707443076674,10.0,8.999999999999993,15.980000000000016,67.5,195.6796511728646,140,0.2530488172185019,1.0,5.200000000000006,12.439999999999987,47.0,0.0679022877383797,123,13973.026655471282,7032.363709955408,21005.39036542669,6647.7
754,1081,249,13.175330426706836,3.2756706753006477,7.241905642923209,14.141369102682708,55.62118408880666,23.111193339500467,25.661988856073037,131.44218316373727,177.58595181660834,11.0,8.999999999999993,15.980000000000016,67.5,194.6796511728646,140,0.2530488172185019,1.0,5.200000000000006,12.379999999999987,47.0,0.11032852797162884,123,14242.53219127009,6389.835225162186,20632.367416432277,7198.599999999999
755,1088,239,13.022876723377987,3.2720588235294117,7.223529411764706,14.152702205882363,55.682444852941174,24.11443014705884,26.310923257068723,131.54136029411765,196.06887892708934,11.0,8.999999999999993,15.980000000000016,68.0,161.67582214771406,140,0.2621095900889764,1.0,5.200000000000006,12.379999999999987,47.0,0.020797757591518806,123,14168.88987503525,6288.3106584394245,20457.200533474672,7636.699999999999
756,1071,273,13.158315610050911,3.2521008403361344,7.244724556489263,14.157591036414583,55.75256769374416,23.841830065359463,22.318860965735006,131.75536881419234,265.2860076477023,11.0,8.999999999999993,15.980000000000016,68.0,194.5325694608316,140,0.2595334065659845,1.0,5.200000000000006,12.379999999999987,47.0,0.02094451963462296,123,14092.556018364527,6093.049043645657,20185.60506201018,7578.799999999999
757,1039,270,13.170098528959166,3.2117420596727624,7.244465832531285,14.158922040423507,55.8065447545717,24.341770933589984,23.841109476557996,131.88450433108758,217.37140700596086,11.0,8.999999999999993,15.980000000000016,68.0,265.2860076477023,141,0.2573309784116782,1.0,5.200000000000006,12.379999999999987,47.0,0.02951319947806974,123,13683.732371588572,6437.099558670659,20120.83193025923,7335.699999999999
758,1021,299,12.096957512328188,3.2713026444662097,7.25259549461312,14.16366307541627,55.781096963761016,23.618511263467195,25.65665798372138,132.13026444662097,177.58595181660834,11.0,8.999999999999993,15.980000000000016,68.0,264.2860076477023,141,0.2595334065659845,1.0,5.200000000000006,12.379999999999987,47.0,0.017859702273184563,124,12350.99362008708,7671.340737132693,20022.334357219774,7396.4
759,1033,269,13.266934426365866,3.2691190706679576,7.27095837366893,14.148170377541163,55.66408518877057,23.56437560503387,26.36459784986772,132.35818005808326,264.65811111627534,11.0,8.999999999999993,15.980000000000016,68.0,216.37140700596086,141,0.2595334065659845,1.0,5.200000000000006,12.379999999999987,47.0,0.040701156191012444,124,13704.743262435939,7092.076821614417,20796.820084050356,6207.499999999999
760,1019,273,13.776263057441321,3.2698724239450443,7.306280667320914,14.14208047105006,55.69234543670265,23.85554465161924,23.997494509877814,132.55152109911677,264.65811111627534,11.0,8.999999999999993,15.980000000000016,68.0,154.4272050772702,141,0.2595334065659845,1.0,5.300000000000006,12.379999999999987,47.0,0.03571940454636913,124,14038.012055532707,6551.316001196643,20589.328056729348,7344.4
761,991,292,13.566342435981145,3.2452068617558023,7.294752774974771,14.148819374369342,55.754793138244196,23.52199798183654,23.801955918063086,132.7063572149344,215.9374490797399,10.0,8.999999999999993,15.980000000000016,68.0,153.4272050772702,142,0.2595334065659845,1.0,5.300000000000006,12.379999999999987,47.0,0.1164963621915005,124,13444.245354057315,6950.171128074421,20394.416482131735,7832.0999999999985
762,1015,287,13.245459554220007,3.2620689655172415,7.281773399014771,14.14689655172417,55.83152709359606,22.689655172413772,23.828645152599208,132.8512315270936,159.11199556418708,11.0,8.999999999999993,15.860000000000015,68.0,191.9369311690672,142,0.26219742252192557,1.0,5.300000000000006,12.379999999999987,48.5,0.009182892632488171,125,13444.141447533308,6838.821158795972,20282.96260632928,6526.899999999999
763,1009,289,13.127131358369732,3.278493557978196,7.275619425173443,14.154132804757205,55.909811694747276,22.263330029732398,22.98525323832989,133.04261645193262,159.11199556418708,11.0,9.099999999999993,15.920000000000016,68.0,190.9369311690672,142,0.26219742252192557,1.0,5.300000000000006,12.379999999999987,48.5,0.04878969008770229,125,13245.27554059506,6642.738185877338,19888.013726472396,7020.799999999999
764,1020,260,13.43031863504345,3.2794117647058822,7.292156862745102,14.169411764705888,56.025,22.780980392156863,23.361742465828414,133.13333333333333,190.5035620390559,11.0,9.099999999999993,15.920000000000016,68.0,122.40408823801793,143,0.26219742252192557,1.0,5.200000000000006,12.379999999999987,48.5,0.14805935974479634,125,13698.92500774432,6074.053041115388,19772.978048859706,6863.599999999999
765,1021,285,11.800470162217742,3.2321253672869736,7.307835455435841,14.168246816846247,56.12536728697356,22.88648383937315,25.753464041569753,133.34084231145934,125.99892409073983,10.0,9.099999999999993,15.920000000000016,68.5,190.5035620390559,143,0.25216137315125464,1.0,5.200000000000006,12.319999999999986,48.5,0.22021052407366426,125,12048.280035624315,7339.737251847379,19388.017287471695,7747.599999999999
766,1005,275,12.42364155262812,3.2587064676616917,7.3171144278606945,14.174089552238803,56.2273631840796,23.01024875621889,24.88391559059828,133.50746268656715,182.8398000756292,10.0,9.099999999999993,15.920000000000016,68.5,189.5035620390559,143,0.25108938721062596,1.0,5.200000000000006,12.319999999999986,49.0,0.007975361611213039,125,12485.75976039126,6843.076787414528,19328.83654780579,7259.399999999999
767,1005,266,12.297658569048629,3.216915422885572,7.307562189054733,14.178746268656733,56.19253731343284,23.490646766169185,25.805080083347523,133.6358208955224,182.8398000756292,10.0,9.099999999999993,15.920000000000016,68.5,188.5035620390559,143,0.25108938721062596,1.0,5.200000000000006,12.319999999999986,49.0,0.00047122460356585627,125,12359.146861893872,6864.151302170441,19223.298164064312,7281.199999999999
768,1006,267,12.774374992155225,3.1848906560636183,7.286779324055668,14.1798807157058,56.2162027833002,23.864015904572565,22.32440340647729,133.80019880715705,203.5948917678542,10.0,9.099999999999993,15.920000000000016,68.5,106.11096786333923,143,0.25108938721062596,1.0,5.200000000000006,12.319999999999986,48.5,0.34239524345843986,125,12851.021242108156,5960.615709529437,18811.636951637593,7353.299999999999
769,1006,284,11.934259959651374,3.195825049701789,7.278230616302189,14.180894632206776,56.27435387673956,23.689264413518885,22.89238733147897,133.96421471172962,203.5948917678542,10.0,9.099999999999993,15.920000000000016,68.5,139.2200192913261,143,0.25108938721062596,1.0,5.200000000000006,12.259999999999986,48.5,0.1377486506004988,126,12005.865519409283,6501.4380021400275,18507.30352154931,7132.999999999999
770,1015,256,12.389503388289175,3.175369458128079,7.272906403940896,14.183073891625613,56.26699507389163,23.93999999999997,22.77972452568639,134.1014778325123,203.5948917678542,10.0,9.199999999999992,15.920000000000016,68.5,138.2200192913261,144,0.25108938721062596,1.0,5.100000000000007,12.259999999999986,48.5,0.003714494291137793,126,12575.345939113513,5831.609478575716,18406.955417689227,6889.099999999999
771,997,279,11.555868798125463,3.1454363089267803,7.276930792377139,14.161885656970927,56.10581745235707,23.44864593781345,23.69451949100961,134.2407221664995,161.7647722460751,10.0,9.199999999999992,15.920000000000016,68.5,203.5948917678542,144,0.25108938721062596,1.0,5.100000000000007,12.259999999999986,48.5,0.06987678519879648,126,11521.201191731087,6610.770937991681,18131.972129722766,7439.699999999999
772,991,276,11.998121827335988,3.087790110998991,7.2943491422805256,14.157477295660986,56.064076690211905,24.1130171543895,22.402421063861542,134.4409687184662,161.7647722460751,10.0,9.199999999999992,15.980000000000016,69.0,202.5948917678542,144,0.25108938721062596,1.0,5.100000000000007,12.259999999999986,48.5,0.09896306324416093,126,11890.138730889963,6183.068213625786,18073.206944515747,7195.599999999999
773,958,291,11.11267740667964,3.0553235908141962,7.2990605427975,14.162776617954094,56.01461377870564,24.172651356993757,25.056411220451718,134.67745302713988,205.31205316891078,10.0,9.199999999999992,15.980000000000016,69.0,135.2200192913261,144,0.25108938721062596,1.0,5.100000000000007,12.259999999999986,48.5,0.010963127644663562,126,10645.944955599096,7291.41566515145,17937.360620750547,7129.999999999999
774,951,317,10.83146276569227,2.9978969505783386,7.309989484752893,14.148075709779212,55.921135646687695,23.696424815983146,23.725440292093726,134.85909568874868,189.9981700376797,10.0,9.299999999999992,15.980000000000016,69.0,205.31205316891078,144,0.2514263587765438,1.0,5.100000000000007,12.259999999999986,48.5,0.03747191972707076,127,10300.721090173349,7520.964572593711,17821.68566276706,6919.099999999999
775,978,281,10.830330371721384,3.002044989775051,7.297341513292435,14.13251533742333,55.92433537832311,23.937218813905933,25.250322748741837,135.0521472392638,189.9981700376797,10.0,9.299999999999992,15.980000000000016,69.0,204.31205316891078,144,0.2514263587765438,1.0,5.100000000000007,12.259999999999986,48.5,0.02295128174398453,127,10592.063103543514,7095.340692396457,17687.403795939972,6436.699999999999
776,962,307,11.062400240305355,2.997920997920998,7.300623700623702,14.136839916839923,55.91424116424116,23.531808731808688,22.197961861712045,135.2806652806653,163.43605013010196,10.0,9.199999999999992,15.980000000000016,69.0,203.31205316891078,145,0.2514263587765438,1.0,5.200000000000006,12.259999999999986,48.5,0.06982537064693628,127,10642.029031173752,6814.774291545598,17456.803322719352,7360.999999999999
777,982,279,11.45220754820388,2.986761710794297,7.296028513238288,14.156843177189435,56.021384928716905,23.58645621181263,24.124816269481258,135.36150712830957,191.61298989662467,9.0,9.199999999999992,15.980000000000016,69.0,202.31205316891078,145,0.2514263587765438,1.0,5.200000000000006,12.259999999999986,48.5,0.08284351495743203,127,11246.06781233621,6730.823739185271,17976.891551521483,5828.699999999999
778,966,273,11.935335055966373,3.018633540372671,7.287991718426497,14.177329192546592,56.130434782608695,23.629192546583837,22.886074477180397,135.48033126293996,165.84729532721934,9.0,9.199999999999992,15.980000000000016,69.0,201.31205316891078,145,0.2514263587765438,1.0,5.200000000000006,12.199999999999985,49.0,0.010209348833561727,127,11529.533664063516,6247.898332270249,17777.431996333766,6895.999999999999
779,969,268,11.798213505640986,3.045407636738906,7.278740970072239,14.19417956656348,56.17131062951496,24.17079463364293,22.985106888239955,135.53353973168214,217.56434659505538,9.0,9.199999999999992,15.980000000000016,69.5,130.22997818723823,145,0.2514263587765438,1.0,5.200000000000006,12.199999999999985,49.0,0.04911445438689377,127,11432.468886966115,6160.008646048308,17592.477533014422,6728.199999999999
780,967,285,11.951133312315756,3.0403309203722855,7.288314374353668,14.207673216132378,56.320062047569806,24.41758014477769,20.25196974191892,135.62357807652535,217.56434659505538,9.0,9.199999999999992,15.980000000000016,69.5,163.43605013010196,145,0.2514263587765438,1.0,5.200000000000006,12.199999999999985,49.0,0.04234552725453167,127,11556.745913009336,5771.811376446893,17328.55728945623,6865.499999999999
781,982,280,11.487600288617896,3.011201629327902,7.325356415478608,14.213971486761729,56.37983706720978,23.545213849287197,23.76196334594025,135.74439918533605,217.56434659505538,9.0,9.199999999999992,15.980000000000016,69.5,162.43605013010196,145,0.25951204942201533,1.0,5.200000000000006,12.199999999999985,49.0,0.007505965920269864,127,11280.823483422773,6653.34973686327,17934.173220286044,5931.999999999999
782,964,286,11.288218451098517,3.0612033195020745,7.31929460580912,14.202780082987557,56.273340248962654,22.994398340248956,24.31529721945873,135.9896265560166,187.6699919547315,9.0,9.199999999999992,15.980000000000016,69.5,217.56434659505538,146,0.2646481639759657,1.0,5.200000000000006,12.199999999999985,49.0,0.04802639632834538,127,10881.842586858971,6954.175004765197,17836.017591624168,7016.699999999999
783,981,265,11.100928538162874,3.102956167176351,7.3212028542303775,14.195596330275238,56.29001019367992,22.873802242609617,25.664612748515996,136.24260958205912,136.202559858114,9.0,9.199999999999992,15.980000000000016,69.5,216.56434659505538,147,0.2646481639759657,1.0,5.200000000000006,12.199999999999985,49.0,0.006295827325603964,128,10890.01089593778,6801.122378356739,17691.13327429452,6276.999999999999
784,987,259,12.274706775610795,3.121580547112462,7.32593718338399,14.204012158054725,56.32776089159068,23.31448834853093,21.60947716949801,136.48125633232016,217.3224009104834,9.0,9.199999999999992,15.980000000000016,69.5,159.43605013010196,147,0.2548783368487928,1.0,5.200000000000006,12.199999999999985,49.0,0.019728716323890616,128,12115.135587527855,5596.8545868999845,17711.99017442784,6787.499999999999
785,978,290,11.169600039351927,3.1206543967280163,7.299488752556234,14.197914110429458,56.35889570552147,22.888445807771,23.408005688008153,136.71779141104295,140.05175363220044,9.0,9.199999999999992,15.980000000000016,70.0,217.3224009104834,147,0.2646481639759657,1.0,5.200000000000006,12.199999999999985,48.5,0.009923763716671807,128,10923.868838486185,6788.321649522364,17712.19048800855,6961.299999999999
786,975,275,11.832522752813942,3.0933333333333333,7.289128205128206,14.19784615384618,56.34717948717949,23.20523076923079,22.06514297684437,136.84205128205127,199.09611657887012,9.0,9.199999999999992,16.040000000000017,70.0,216.3224009104834,147,0.2646481639759657,1.0,5.200000000000006,12.199999999999985,48.5,0.06456503175604578,128,11536.709683993593,6067.914318632202,17604.624002625795,6432.199999999999
787,967,290,11.549262930165252,3.0517063081695968,7.2915201654601836,14.204322647362986,56.3459152016546,23.113650465356766,21.418877795065406,137.00517063081696,216.37229143645968,9.0,9.299999999999992,16.040000000000017,70.0,199.09611657887012,147,0.2645929662796378,1.0,5.200000000000006,12.259999999999986,48.5,0.008312785031603376,128,11168.137253469798,6211.474560568968,17379.611814038766,6714.999999999999
788,996,271,10.941171012568207,3.041164658634538,7.301506024096395,14.209397590361462,56.416164658634536,23.087550200803243,23.029634355563115,137.20481927710844,216.37229143645968,9.0,9.299999999999992,16.040000000000017,70.0,198.09611657887012,147,0.25068865685801345,1.0,5.200000000000006,12.259999999999986,48.5,0.038048197688061336,128,10897.406328517935,6241.030910357604,17138.437238875536,6236.199999999999
789,1016,256,10.866893290205597,3.048228346456693,7.336023622047257,14.237755905511825,56.44192913385827,23.25659448818898,22.978485374153074,137.3248031496063,216.37229143645968,9.0,9.399999999999991,16.040000000000017,70.5,197.09611657887012,148,0.25068865685801345,1.0,5.200000000000006,12.259999999999986,48.5,0.06020302381270093,128,11040.763582848887,5882.492255783187,16923.255838632074,6556.999999999999
790,1016,254,11.631344185185752,3.0236220472440944,7.326870078740169,14.254527559055104,56.512303149606296,23.384645669291338,19.364681932310297,137.4005905511811,216.37229143645968,9.0,9.399999999999991,16.040000000000017,70.5,196.09611657887012,148,0.25068865685801345,1.0,5.200000000000006,12.259999999999986,48.5,0.0034759252386240558,128,11817.445692148724,4918.6292108068155,16736.074902955537,7240.799999999999
791,1034,257,10.572176020737482,2.9990328820116052,7.328143133462289,14.243945841392664,56.54690522243714,23.432978723404247,21.271434982020985,137.63346228239845,164.7332044329932,9.0,9.399999999999991,16.040000000000017,70.5,216.37229143645968,149,0.2512063283210039,1.0,5.100000000000007,12.259999999999986,49.0,0.10314817757011241,128,10931.630005442556,5466.758790379393,16398.38879582195,7205.699999999999
792,1025,258,10.489358195548649,3.026341463414634,7.363804878048785,14.251590243902458,56.52487804878049,23.855121951219544,22.104793951383076,137.93365853658537,164.7332044329932,9.0,9.399999999999991,16.040000000000017,70.5,215.37229143645968,149,0.2512063283210039,1.0,5.100000000000007,12.259999999999986,48.5,0.02296691329091627,128,10751.592150437365,5703.036839456834,16454.628989894198,7371.099999999999
793,986,301,10.374063494946787,3.0111561866125762,7.353448275862071,14.26312373225153,56.588235294117645,24.065720081135897,21.031994505769976,138.0628803245436,175.40286637876486,9.0,9.399999999999991,16.040000000000017,70.5,214.37229143645968,149,0.2512063283210039,1.0,5.100000000000007,12.319999999999986,48.5,0.02581971130681726,128,10228.826606017532,6330.630346236762,16559.456952254295,8140.399999999999
794,972,291,10.47159431500221,3.0236625514403292,7.358024691358031,14.285370370370387,56.7227366255144,24.725411522633767,21.326904568140513,138.1090534979424,220.79553560904455,9.0,9.399999999999991,16.040000000000017,70.5,192.87032428626827,149,0.266790697354371,1.0,5.100000000000007,12.319999999999986,48.5,0.10314817757011241,128,10178.389674182148,6206.12922932889,16384.518903511038,6970.0999999999985
795,956,300,10.77525757692539,3.069037656903766,7.357845188284525,14.287887029288692,56.72123430962343,24.233891213389125,19.97675110686546,138.25,192.80264791096698,10.0,9.399999999999991,16.100000000000016,70.5,220.79553560904455,148,0.266790697354371,1.0,5.100000000000007,12.319999999999986,48.5,0.04262702330019841,128,10301.146243540674,5993.0253320596385,16294.171575600312,6974.599999999999
796,959,289,10.430925349088955,3.0948905109489053,7.356100104275284,14.28779979144945,56.722627737226276,24.235245046923893,20.727012338411885,138.4650677789364,156.8537979917249,10.0,9.399999999999991,16.100000000000016,70.5,219.79553560904455,148,0.266790697354371,1.0,5.100000000000007,12.559999999999988,48.5,0.04006109278229575,128,10003.257409776308,5990.106565801035,15993.363975577344,6638.799999999999
797,934,281,11.535858272869188,3.1049250535331905,7.357280513918621,14.274432548179876,56.71038543897216,23.861027837259087,17.93264547309406,138.70128479657387,187.38554498405722,10.0,9.399999999999991,16.100000000000016,70.5,218.79553560904455,149,0.266790697354371,1.0,5.200000000000006,12.559999999999988,48.5,0.037986821308627405,129,10774.49162685982,5039.07337793943,15813.565004799251,6764.499999999999
798,956,276,10.89512565734582,3.1150627615062763,7.36108786610879,14.272196652719668,56.63232217573222,23.168933054393335,21.55706750930196,138.94351464435147,218.50413945124768,10.0,9.499999999999991,16.100000000000016,70.5,113.92802380953272,149,0.266790697354371,1.0,5.200000000000006,12.559999999999988,48.5,0.028139061657657116,129,10415.740128422605,5949.75063256734,16365.490760989946,5804.099999999999
799,990,271,10.766150191035178,3.1505050505050507,7.358484848484841,14.286787878787873,56.708585858585856,22.45575757575761,22.346926380254917,139.08585858585857,218.50413945124768,10.0,9.499999999999991,16.160000000000014,70.0,120.29673686719217,149,0.266790697354371,1.0,5.200000000000006,12.559999999999988,48.5,0.06897407523406018,129,10658.488689124826,6056.017049049083,16714.50573817391,5599.799999999999
800,1014,250,11.013153285386641,3.136094674556213,7.364792899408284,14.29307692307695,56.78550295857988,22.486982248520736,24.447533437532243,139.1913214990138,218.50413945124768,11.0,9.499999999999991,16.160000000000014,70.0,129.93255536647075,149,0.2735385813128915,1.0,5.200000000000006,12.559999999999988,48.5,0.002754627432053791,129,11167.337431382055,6111.88335938306,17279.220790765117,6124.099999999999
801,1018,247,11.477749375179819,3.1777996070726915,7.3401768172888,14.316090373280957,56.798133595284874,23.154911591355628,21.967788639876986,139.3673870333988,218.50413945124768,11.0,9.399999999999991,16.160000000000014,70.0,124.29518790905011,149,0.2512217774540174,1.0,5.200000000000006,12.619999999999989,48.5,0.0487778550288962,130,11684.348863933055,5426.043794049616,17110.392657982673,7408.199999999999
802,1006,252,11.686060239361332,3.197813121272366,7.332306163021868,14.329165009940372,56.87624254473161,23.487773359840997,21.137122680364,139.5178926441352,218.50413945124768,11.0,9.399999999999991,16.160000000000014,70.0,187.38554498405722,149,0.2743966236468004,1.0,5.200000000000006,12.619999999999989,48.5,5.087658262636907e-05,130,11756.1766007975,5326.554915451728,17082.73151624923,7510.5999999999985
803,1016,239,11.563357705961668,3.2263779527559056,7.3069881889763755,14.332421259842537,56.9621062992126,23.58779527559057,21.45158290773038,139.6259842519685,218.50413945124768,11.0,9.299999999999992,16.160000000000014,70.0,190.13131313593505,150,0.2743966236468004,1.0,5.200000000000006,12.619999999999989,48.0,0.09470139643579478,130,11748.371429257055,5126.9283149475605,16875.299744204614,7064.799999999999
804,1029,251,11.3970698799785,3.2312925170068025,7.317201166180757,14.335043731778445,56.93197278911565,23.455587949465507,19.664232462481667,139.82021379980563,192.35361600224792,11.0,9.299999999999992,16.160000000000014,70.0,218.50413945124768,151,0.25903661806807526,1.0,5.300000000000006,12.619999999999989,48.0,0.020995308506148502,130,11727.584906497877,4935.722348082899,16663.307254580777,7036.299999999999
805,1005,258,11.611271595093235,3.189054726368159,7.327960199004988,14.337850746268666,56.95323383084577,23.35174129353232,18.88823713847775,139.9771144278607,218.1831616120779,9.0,9.299999999999992,16.160000000000014,70.0,142.03984679073477,152,0.25857489448896254,1.0,5.300000000000006,12.619999999999989,48.0,0.03429957795585015,130,11669.327953068701,4873.16518172726,16542.49313479596,7280.599999999999
806,1025,236,11.537211261736774,3.2107317073170734,7.363317073170736,14.341853658536584,56.89365853658536,23.44926829268291,18.77012237784719,140.2390243902439,218.1831616120779,9.0,9.299999999999992,16.160000000000014,70.0,141.03984679073477,152,0.25857489448896254,1.0,5.300000000000006,12.619999999999989,48.0,0.08058575139432622,131,11825.641543280193,4429.748881171937,16255.390424452129,7013.999999999999
807,1036,226,11.05420206000374,3.192084942084942,7.381949806949822,14.351660231660244,56.847972972972975,23.78918918918918,19.925280422544866,140.34459459459458,218.1831616120779,9.0,9.299999999999992,16.160000000000014,70.0,151.9241879314202,152,0.25857489448896254,1.0,5.300000000000006,12.619999999999989,48.0,0.036146472272301056,131,11452.153334163875,4503.11337549514,15955.266709659016,7264.199999999999
808,1011,263,10.588528915066224,3.1770524233432247,7.3928783382789405,14.350623145400622,56.775964391691396,24.114441147378827,18.71986146889732,140.52225519287833,165.78190476567272,9.0,9.299999999999992,16.160000000000014,70.0,150.9241879314202,152,0.25857489448896254,1.0,5.300000000000006,12.619999999999989,48.0,0.13298869304262562,131,10705.002733131952,4923.323566319996,15628.326299451948,7833.299999999998
809,987,269,10.600116181593211,3.1843971631205674,7.388551165146919,14.342553191489376,56.651975683890576,24.235967578520786,18.784192866622416,140.7386018237082,150.76239739686406,9.0,9.299999999999992,16.160000000000014,70.0,165.78190476567272,151,0.25857489448896254,1.0,5.300000000000006,12.619999999999989,47.5,0.015868725308314735,131,10462.3146712325,5052.947881121429,15515.262552353928,7348.999999999998
810,969,273,10.104931658611633,3.176470588235294,7.369040247678028,14.315789473684209,56.62229102167183,24.285964912280672,20.411260894984345,140.86068111455108,150.76239739686406,9.0,9.299999999999992,16.160000000000014,70.0,164.78190476567272,151,0.25857489448896254,1.0,5.300000000000006,12.619999999999989,47.5,0.07502673429439222,131,9791.678777194673,5572.274224330726,15363.953001525399,7373.5999999999985
811,961,259,10.428782994932073,3.198751300728408,7.365244536940689,14.295317377731527,56.533298647242454,24.520603537981263,20.855402370700855,141.13423517169616,165.13694661297825,9.0,9.299999999999992,16.160000000000014,70.0,127.98439655203532,151,0.25857489448896254,1.0,5.400000000000006,12.559999999999988,47.5,0.028584510537210672,131,10022.060458129721,5401.549214011521,15423.609672141243,6890.499999999999
812,977,254,10.204344349774711,3.2200614124872056,7.361412487205723,14.301842374616182,56.61668372569089,23.67246673490272,19.092985788647056,141.19447287615148,165.13694661297825,9.0,9.299999999999992,16.160000000000014,70.0,152.95429915426504,151,0.25857489448896254,1.0,5.400000000000006,12.559999999999988,48.0,0.02133221621148884,132,9969.644429729893,4849.618390316352,14819.262820046246,6346.0999999999985
813,984,264,9.651932378127682,3.2215447154471546,7.348475609756083,14.341646341463427,56.71341463414634,23.478252032520317,23.042011918658787,141.1941056910569,165.74173949646774,9.0,9.299999999999992,16.160000000000014,70.0,151.95429915426504,151,0.25947557806879357,1.0,5.400000000000006,12.559999999999988,48.0,0.10486225927537163,132,9497.50146007764,6083.09114652592,15580.592606603559,6256.999999999999
814,961,266,10.279087161263618,3.2289281997918833,7.352133194588972,14.332154006243512,56.71644120707596,23.593028095733594,20.90167659606528,141.38189386056192,150.76239739686406,9.0,9.399999999999991,16.160000000000014,69.5,150.95429915426504,151,0.25773239461647107,1.0,5.400000000000006,12.559999999999988,48.0,0.04184117930737985,132,9878.202761974337,5559.845974553365,15438.0487365277,6676.099999999999
815,955,264,10.741139325521527,3.2544502617801045,7.326387434554968,14.319602094240839,56.72041884816754,24.089842931937167,19.047979548042097,141.5455497382199,141.09900849421064,9.0,9.399999999999991,16.160000000000014,69.5,150.76239739686406,151,0.2524513166742257,1.0,5.400000000000006,12.559999999999988,48.0,0.08511814686149966,132,10257.788055873058,5028.666600683114,15286.454656556172,6881.0999999999985
816,938,275,10.418073167945597,3.215351812366738,7.314392324093819,14.313176972281438,56.6908315565032,23.222281449893373,20.478333840298284,141.8411513859275,150.6588551043594,9.0,9.399999999999991,16.100000000000016,69.5,149.76239739686406,151,0.2524513166742257,1.0,5.400000000000006,12.619999999999989,47.5,0.029687989526413716,132,9772.15263153297,5631.541806082028,15403.694437614999,6685.0999999999985
817,950,260,11.020806321323546,3.2021052631578946,7.300526315789468,14.320147368421049,56.65894736842105,23.14168421052632,21.75129281513589,142.03052631578947,169.8900713252339,9.0,9.399999999999991,16.100000000000016,69.5,148.76239739686406,152,0.2524513166742257,1.0,5.400000000000006,12.619999999999989,47.5,0.02953726693142711,132,10469.766005257368,5655.336131935332,16125.1021371927,5905.499999999999
818,941,259,11.026471595833081,3.212539851222104,7.276408076514348,14.317662061636552,56.56907545164719,23.808289054197633,20.928203606050175,142.26567481402762,115.38172682695625,9.0,9.299999999999992,16.160000000000014,69.5,169.8900713252339,152,0.2524513166742257,1.0,5.400000000000006,12.619999999999989,47.5,0.06477889940280579,132,10375.90977167893,5420.404733966995,15796.314505645925,6955.399999999999
819,934,277,10.850625021478688,3.2141327623126337,7.265096359743037,14.325567451820136,56.60813704496788,23.984154175588863,19.652494361750698,142.3661670235546,150.79313688851042,9.0,9.399999999999991,16.160000000000014,69.5,168.8900713252339,152,0.2524513166742257,1.0,5.300000000000006,12.619999999999989,47.5,0.13440603020664454,132,10134.483770061095,5443.740938204944,15578.22470826604,6946.299999999999
820,929,270,10.817928268939408,3.241119483315393,7.252744886975233,14.309235737352012,56.60495156081809,23.996232508073184,20.21270009548159,142.6307857911733,184.07934051481163,10.0,9.399999999999991,16.160000000000014,69.5,167.8900713252339,153,0.2524513166742257,1.0,5.300000000000006,12.619999999999989,47.5,0.1410840691857338,132,10049.85536184471,5457.429025780029,15507.284387624739,6691.799999999999
821,953,256,10.832668156921816,3.2392444910807976,7.266526757607552,14.310262329485827,56.663693599160545,23.51836306400836,19.21146253070651,142.8153200419727,150.79313688851042,10.0,9.399999999999991,16.160000000000014,69.5,173.10456320774105,154,0.2524513166742257,1.0,5.200000000000006,12.619999999999989,47.5,0.02715078795753101,133,10323.532753546491,4918.134407860866,15241.667161407357,6304.499999999999
822,944,269,10.020478793996169,3.2584745762711864,7.253707627118633,14.312330508474563,56.67902542372882,23.03008474576268,21.26042973942128,142.95550847457628,163.46788746636452,10.0,9.399999999999991,16.160000000000014,69.0,172.10456320774105,154,0.25214206743320455,1.0,5.200000000000006,12.619999999999989,47.5,0.025356637661415604,133,9459.331981532383,5719.0555999043245,15178.387581436707,6688.299999999999
823,973,245,10.78092288015179,3.2579650565262077,7.2363823227132515,14.31208633093525,56.717882836587876,22.715313463514907,18.537143946454286,143.18293936279548,174.62130790484971,10.0,9.399999999999991,16.160000000000014,68.5,105.4713427383447,154,0.25214206743320455,1.0,5.200000000000006,12.559999999999988,47.5,0.1549749236215332,133,10489.837962387692,4541.6002668813,15031.438229268992,6090.9
824,992,233,10.750889699023832,3.254032258064516,7.262298387096773,14.317298387096773,56.78225806451613,22.998387096774206,17.012013295602962,143.27520161290323,174.62130790484971,11.0,9.399999999999991,16.160000000000014,68.5,102.93764026073487,155,0.25214206743320455,1.0,5.300000000000006,12.559999999999988,47.5,0.03602394749708848,133,10664.88258143164,3963.79909787549,14628.68167930713,6482.7
825,981,243,9.690430395355543,3.2334352701325177,7.26962283384301,14.296941896024457,56.821100917431195,22.888277268093766,19.594639881930874,143.4413863404689,164.23623901181165,11.0,9.299999999999992,16.160000000000014,68.5,174.62130790484971,155,0.25214206743320455,1.0,5.300000000000006,12.559999999999988,47.5,0.0020026005146682735,133,9506.312217843788,4761.497491309203,14267.80970915299,7115.899999999999
826,985,234,9.468978406487073,3.248730964467005,7.247411167512683,14.276426395939087,56.78121827411167,24.148934010152267,20.37037854348809,143.66091370558377,164.23623901181165,11.0,9.199999999999992,16.160000000000014,68.5,173.62130790484971,155,0.25214206743320455,1.0,5.300000000000006,12.559999999999988,47.5,0.0020026005146682735,133,9326.943730389767,4766.668579176213,14093.612309565979,7052.499999999999
827,994,246,9.487158086518562,3.2575452716297786,7.225251509054318,14.267645875251514,56.73541247484909,24.013480885311875,17.87833298649747,143.87927565392354,164.23623901181165,11.0,9.199999999999992,16.160000000000014,68.5,172.62130790484971,155,0.25214206743320455,1.0,5.300000000000006,12.559999999999988,47.5,0.02286587909679927,134,9430.23513799945,4398.069914678377,13828.305052677828,6697.799999999999
828,984,257,9.031692818808544,3.2886178861788617,7.228861788617888,14.277317073170739,56.78556910569106,23.574898373983753,18.731851621918402,143.9329268292683,216.0872805250806,11.0,9.199999999999992,16.160000000000014,68.5,171.62130790484971,156,0.2598418918785335,1.0,5.300000000000006,12.559999999999988,47.5,0.143015154859099,134,8887.185733707607,4814.085866833029,13701.271600540636,6487.999999999999
829,989,247,8.557209214592733,3.2598584428715873,7.222244691607689,14.277431749241657,56.8417593528817,23.106673407482344,20.895163486493644,144.06370070778564,216.0872805250806,11.0,9.299999999999992,16.160000000000014,68.5,173.40196605771084,156,0.2598418918785335,1.0,5.300000000000006,12.559999999999988,47.5,0.0020026005146682735,134,8463.079913232214,5161.10538116393,13624.185294396144,6575.799999999999
830,988,249,8.69542938751426,3.2874493927125505,7.234311740890689,14.270607287449417,56.75506072874494,23.16113360323885,19.90187475682676,144.3431174089069,139.5753282649038,11.0,9.299999999999992,16.160000000000014,68.5,216.0872805250806,156,0.2598418918785335,1.0,5.200000000000006,12.559999999999988,48.0,0.014067304174779416,135,8591.084234864089,4955.566814449863,13546.651049313952,6478.299999999999
831,992,245,8.704786092663866,3.286290322580645,7.261189516129042,14.26449596774196,56.65473790322581,23.47832661290319,20.2212645756454,144.59576612903226,124.9339095153986,11.0,9.299999999999992,16.160000000000014,68.5,215.0872805250806,157,0.2596954131963503,1.0,5.200000000000006,12.559999999999988,48.0,0.035153549096408554,135,8635.147803922555,4954.209821033123,13589.357624955679,6895.599999999999
832,965,237,9.678935302113482,3.2911917098445596,7.260829015544052,14.262321243523322,56.72331606217617,23.64487046632123,17.88087109720985,144.8082901554404,124.9339095153986,10.0,9.399999999999991,16.160000000000014,68.5,214.0872805250806,157,0.2596954131963503,1.0,5.200000000000006,12.559999999999988,48.0,0.046491002628995304,135,9340.17256653951,4237.766450038735,13577.939016578244,6903.799999999999
833,958,228,9.76140037433479,3.279749478079332,7.254279749478081,14.259979123173284,56.69258872651357,24.930375782881015,18.049238219428545,145.04592901878914,215.1714346784452,10.0,9.399999999999991,16.160000000000014,68.5,107.72746308472881,157,0.2596954131963503,1.0,5.100000000000007,12.559999999999988,49.0,0.038781652785401244,135,9351.42155861273,4115.226314029708,13466.64787264244,7034.899999999999
834,936,256,9.482096624733394,3.286324786324786,7.251495726495734,14.26339743589743,56.681089743589745,24.642094017094024,17.543309208367056,145.18589743589743,215.1714346784452,10.0,9.399999999999991,16.160000000000014,68.5,100.4393609312649,157,0.2596954131963503,1.0,5.100000000000007,12.559999999999988,49.5,0.1694648522964899,136,8875.242440750457,4491.087157341966,13366.329598092423,7140.399999999999
835,933,252,9.583216690921237,3.2861736334405145,7.244372990353711,14.261929260450156,56.62808145766345,24.252733118971033,17.010059477041516,145.34512325830653,215.1714346784452,10.0,9.399999999999991,16.160000000000014,68.5,124.9339095153986,158,0.2596954131963503,1.0,5.100000000000007,12.499999999999988,49.5,0.09993498385297861,136,8941.141172629514,4286.534988214462,13227.676160843976,5961.799999999999
836,934,257,9.482735377625236,3.228051391862955,7.264239828693786,14.258308351177718,56.63329764453962,23.656102783725917,17.09357649876099,145.47002141327624,215.1714346784452,10.0,9.399999999999991,16.160000000000014,68.5,123.9339095153986,158,0.2596954131963503,1.0,5.100000000000007,12.499999999999988,49.5,0.02717228231857205,136,8856.874842701971,4393.049160181574,13249.924002883545,6010.7
837,943,252,8.94180578024714,3.2205726405090136,7.2654294803817585,14.252470837751861,56.51749734888653,22.878897136797473,20.8984831451425,145.68398727465535,181.36009228380112,10.0,9.399999999999991,16.040000000000017,68.5,215.1714346784452,158,0.25357033776677945,1.0,5.100000000000007,12.499999999999988,49.5,0.03072110691878338,136,8432.122850773054,5266.41775257591,13698.540603348963,5479.7
838,953,230,9.701512381581995,3.2140608604407137,7.258132214060858,14.24295907660021,56.5598111227702,23.40661070304303,19.24425992589176,145.88352570828962,216.0123158528813,11.0,9.399999999999991,16.040000000000017,68.5,140.76865667598491,158,0.25357033776677945,1.0,5.100000000000007,12.499999999999988,49.5,0.2770928708309728,136,9245.541299647643,4426.179782955105,13671.721082602748,6430.599999999999
839,929,251,9.028790192463282,3.2346609257265877,7.238751345532825,14.25659849300323,56.582346609257264,23.572551130247575,20.10585731651865,146.07534983853606,140.76919355881756,11.0,9.399999999999991,16.040000000000017,69.0,181.36009228380112,158,0.25357033776677945,1.0,5.100000000000007,12.499999999999988,49.5,0.2017482479974655,136,8387.746088798389,5046.570186446182,13434.316275244571,6671.799999999999
840,917,256,9.197952555656983,3.2344601962922575,7.241330425299891,14.254918211559445,56.54907306434024,24.21810250817882,19.552442403321326,146.32497273718647,140.76919355881756,11.0,9.299999999999992,16.040000000000017,69.0,180.36009228380112,158,0.25357033776677945,1.0,5.100000000000007,12.499999999999988,49.5,0.032886494355910845,136,8434.522493537454,5005.425255250259,13439.947748787712,6622.499999999999
841,903,265,9.417900027805384,3.308970099667774,7.247619047619043,14.271029900332211,56.65614617940199,24.19501661129567,18.006519653244077,146.34883720930233,122.7347154633811,11.0,9.299999999999992,16.040000000000017,69.0,179.36009228380112,158,0.27618767726366494,1.0,5.100000000000007,12.499999999999988,49.0,0.041792113712528334,136,8504.363725108262,4771.72770810968,13276.091433217942,6516.099999999999
842,922,252,8.89427537572923,3.311279826464208,7.2613882863340615,14.268242950108455,56.697396963123644,23.17527114967461,18.93196208027272,146.56507592190889,100.12554643469703,11.0,9.299999999999992,16.040000000000017,69.0,178.36009228380112,158,0.2864396573871855,1.0,5.100000000000007,12.559999999999988,49.0,0.055959856388629214,137,8200.52189642235,4770.854444228725,12971.376340651073,5759.599999999999
843,951,255,8.615673342588957,3.274447949526814,7.279600420609887,14.245741324921132,56.53364879074658,22.370136698212434,20.499163328378327,146.9043112513144,98.58473604474767,11.0,9.299999999999992,16.040000000000017,69.5,177.36009228380112,159,0.29172795091858494,1.0,5.100000000000007,12.559999999999988,49.0,0.007090803616465191,137,8193.505348802099,5227.286648736474,13420.791997538572,5452.799999999999
844,973,231,9.304025909056275,3.2949640287769784,7.296300102774923,14.230873586844798,56.47944501541624,23.114285714285707,18.69935095036464,147.1634121274409,138.08014158460995,11.0,9.299999999999992,16.040000000000017,69.5,176.36009228380112,159,0.25537362840475963,1.0,5.100000000000007,12.559999999999988,49.0,0.10307688799170522,137,9052.817209511755,4319.550069534232,13372.367279045986,6253.699999999999
845,961,257,8.77118626192975,3.2684703433922997,7.28657648283038,14.212840790842876,56.49115504682622,23.956295525494276,18.27937993799238,147.3111342351717,180.6296650319567,11.0,9.299999999999992,16.040000000000017,69.5,107.75119653430174,159,0.25537362840475963,1.0,5.300000000000006,12.559999999999988,48.5,0.04690388921947397,137,8429.10999771449,4697.800644064042,13126.910641778531,7522.399999999999
846,951,249,8.85232635159214,3.2628811777076763,7.282229232386954,14.20902208201894,56.48580441640379,24.859621451104086,18.704118727305744,147.43217665615143,107.22859635548085,11.0,9.299999999999992,16.040000000000017,69.5,138.08014158460995,159,0.28231773855350356,1.0,5.300000000000006,12.559999999999988,48.5,0.055620421027928746,137,8418.562360364125,4657.32556309913,13075.887923463255,7052.099999999999
847,940,258,9.022979860349706,3.224468085106383,7.285425531914887,14.19627659574468,56.53776595744681,24.69106382978723,17.946694982037144,147.64787234042552,107.22859635548085,11.0,9.299999999999992,16.040000000000017,69.5,137.08014158460995,160,0.28231773855350356,1.0,5.300000000000006,12.499999999999988,48.5,0.03039792926049767,137,8481.601068728723,4630.247305365583,13111.848374094307,6978.4
848,911,275,9.440012126659612,3.2151481888035125,7.303951701427001,14.17993413830956,56.56805708013172,23.59264544456641,16.95544887052451,147.90669593852908,139.33270671758723,11.0,9.199999999999992,16.040000000000017,69.5,99.60091355562551,160,0.2679926520698672,1.0,5.300000000000006,12.499999999999988,48.5,0.04920267343287854,137,8599.851047386906,4662.74843939424,13262.599486781146,6657.2
849,923,259,8.825613563099425,3.19068255687974,7.343011917659807,14.164398699891668,56.514084507042256,23.82166847237268,19.112901273587685,148.124593716143,107.64663908302087,11.0,9.199999999999992,16.100000000000016,69.5,139.33270671758723,160,0.2661666418789538,1.0,5.500000000000005,12.499999999999988,48.5,0.001562476984411143,137,8146.041318740769,4950.24142985921,13096.28274859998,6213.9
850,907,277,8.796722368010098,3.137816979051819,7.357111356119076,14.181323042998919,56.6587651598677,23.90176405733186,18.73051669363309,148.15986769570011,112.75233569132888,11.0,9.199999999999992,16.100000000000016,69.5,138.33270671758723,160,0.2661666418789538,1.0,5.500000000000005,12.499999999999988,48.5,0.05427631693936341,137,7978.62718778516,5188.353124136365,13166.980311921525,6916.699999999999
851,871,298,8.84880103593188,3.1710677382319172,7.367049368541912,14.204041331802529,56.92939150401837,23.314925373134344,18.263039237080584,148.14236509758896,116.09982387311383,12.0,9.199999999999992,16.100000000000016,70.0,137.33270671758723,160,0.2661666418789538,1.0,5.500000000000005,12.499999999999988,48.5,0.005984998070800218,137,7707.305702296667,5442.385692650014,13149.69139494668,6572.799999999999
852,879,292,8.856116258995906,3.193401592718999,7.394311717861215,14.198430034129698,56.84186575654152,22.939249146757703,20.714873055538035,148.4448236632537,116.09982387311383,12.0,9.199999999999992,16.100000000000016,70.0,136.33270671758723,159,0.258396188577226,1.0,5.600000000000005,12.499999999999988,48.5,0.06297191816342473,137,7784.526191657402,6048.7429322171065,13833.269123874508,5566.999999999999
853,916,248,9.45741973930788,3.2510917030567685,7.381004366812238,14.190611353711809,56.77401746724891,23.02576419213971,23.54669319372693,148.7707423580786,152.39734041504448,12.0,9.199999999999992,16.100000000000016,70.0,135.33270671758723,160,0.258396188577226,1.0,5.600000000000005,12.499999999999988,48.5,0.06285665756606651,139,8662.996481206019,5839.579912044279,14502.576393250298,5797.499999999999
854,921,248,10.24636268574009,3.2931596091205213,7.380238870792616,14.175570032573292,56.76330076004343,22.870032573289873,19.831203898923974,148.9728555917481,152.39734041504448,12.0,9.199999999999992,16.100000000000016,70.0,134.33270671758723,160,0.2538059266705105,1.0,5.600000000000005,12.499999999999988,49.0,0.05433721114152501,139,9436.900033566622,4918.138566933146,14355.038600499767,6425.0999999999985
855,922,260,10.156325092969308,3.355748373101952,7.353470715835145,14.169783080260302,56.64533622559653,22.53091106290672,18.38387868648919,149.2288503253796,152.39734041504448,12.0,9.299999999999992,16.100000000000016,70.0,133.33270671758723,160,0.2538059266705105,1.0,5.600000000000005,12.499999999999988,49.0,0.007820010863140547,139,9364.131735717701,4779.8084584871895,14143.94019420489,6777.499999999999
856,948,230,10.07520898883975,3.3839662447257384,7.353059071729959,14.170759493670914,56.61497890295359,22.939978902953584,19.749215555500985,149.45569620253164,175.04638528644904,12.0,9.299999999999992,16.100000000000016,70.0,132.33270671758723,160,0.2538059266705105,1.0,5.600000000000005,12.499999999999988,49.0,0.045218623659095014,139,9551.298121420083,4542.319577765226,14093.61769918531,6236.999999999999
857,964,225,10.058288899575375,3.396265560165975,7.350207468879672,14.152116182572634,56.607883817427386,23.571680497925296,18.968420477196528,149.68464730290455,175.04638528644904,12.0,9.299999999999992,16.100000000000016,70.0,129.28798040843552,160,0.2538059266705105,1.0,5.600000000000005,12.499999999999988,49.0,0.26912579216912813,139,9696.190499190661,4267.894607369219,13964.08510655988,6652.899999999999
858,967,218,9.637915320107856,3.361944157187177,7.370941054808689,14.12732161323683,56.48862461220269,23.942709410548105,20.94946237664185,149.86556359875905,175.04638528644904,12.0,9.299999999999992,16.100000000000016,69.0,131.8351178546577,160,0.2538059266705105,1.0,5.600000000000005,12.559999999999988,48.5,0.009644548281890764,139,9319.864114544296,4566.982798107923,13886.84691265222,6879.699999999999
859,951,238,9.511389956118691,3.362776025236593,7.3782334384858075,14.150599369085187,56.58937960042061,24.374973711882223,19.32873342015441,149.9137749737119,175.04638528644904,12.0,9.299999999999992,16.100000000000016,69.0,130.8351178546577,159,0.25037542378939703,1.0,5.600000000000005,12.559999999999988,48.5,0.007834993476622865,139,9045.331848268876,4600.23855399675,13645.570402265625,7141.0999999999985
860,939,253,9.006610411442413,3.384451544195953,7.346432374866893,14.153035143769976,56.64057507987221,24.007028753993616,19.895658405004976,150.05431309904154,130.1374680560136,12.0,9.299999999999992,16.100000000000016,69.0,175.04638528644904,159,0.2780757513849681,1.0,5.600000000000005,12.499999999999988,48.5,0.027810210513964373,139,8457.207176344426,5033.601576466259,13490.808752810684,6985.699999999999
861,946,238,9.542084043041225,3.455602536997886,7.376427061310788,14.153107822410178,56.56606765327695,23.962790697674397,18.78376342274686,150.2568710359408,178.1454784312314,12.0,9.299999999999992,16.100000000000016,69.0,128.8351178546577,159,0.27847746474804635,1.0,5.600000000000005,12.499999999999988,48.5,0.19686377538421374,140,9026.811504717,4470.535694613753,13497.347199330752,6360.499999999999
862,934,240,9.385064666521467,3.4025695931477515,7.3945396145610305,14.147366167023597,56.607066381156315,23.429764453961436,19.799060811852677,150.4764453961456,131.4430685670071,12.0,9.299999999999992,16.100000000000016,69.0,104.24237356929265,159,0.2686749830573162,1.0,5.600000000000005,12.499999999999988,48.5,0.11526523569521974,140,8765.65039853105,4751.774594844643,13517.424993375693,6576.399999999999
863,914,246,9.324062582521384,3.4310722100656457,7.39792122538293,14.146980306345759,56.608315098468275,23.370787746170663,19.430144312285016,150.63129102844638,116.31000131751986,12.0,9.299999999999992,16.040000000000017,69.0,129.51683248024162,160,0.2686749830573162,1.0,5.600000000000005,12.499999999999988,48.5,0.06395351046959008,140,8522.193200424545,4779.815500822114,13302.008701246657,6478.199999999999
864,945,253,8.841612783281887,3.367195767195767,7.398730158730153,14.15396825396827,56.629629629629626,22.83333333333333,20.687746705199828,150.72592592592594,118.37700774329528,12.0,9.299999999999992,16.100000000000016,69.0,128.51683248024162,160,0.26575376557466146,1.0,5.600000000000005,12.499999999999988,48.5,0.06654166046973842,140,8355.324080201382,5233.999916415556,13589.323996616939,5867.399999999999
865,951,235,9.173883925817316,3.3680336487907465,7.409043112513149,14.159305993690884,56.67613038906414,22.79316508937962,22.869642305378733,150.84858044164037,104.0964156152936,12.0,9.299999999999992,16.100000000000016,69.0,127.51683248024162,160,0.2545977502083552,1.0,5.600000000000005,12.499999999999988,48.5,0.1095599480617262,141,8724.363613452268,5374.365941764002,14098.729555216269,5867.899999999999
866,941,253,9.180511654143112,3.303931987247609,7.397768331562176,14.134729011689709,56.60733262486716,22.548990435706717,21.605846934467113,151.07651434643995,113.27273495462998,12.0,9.299999999999992,16.100000000000016,69.5,126.51683248024162,160,0.26522757387951856,1.0,5.600000000000005,12.499999999999988,48.5,0.04416766117917259,142,8638.86146654867,5466.27927442018,14105.140740968849,6681.799999999998
867,943,238,9.034912175156851,3.2725344644750796,7.398833510074232,14.127953340402966,56.539766702014845,23.28144220572639,23.232917165299934,151.26405090137857,147.12342240367872,12.0,9.299999999999992,16.100000000000016,69.5,125.51683248024162,160,0.26522757387951856,1.0,5.600000000000005,12.499999999999988,48.5,0.16262036863204443,142,8519.922181172911,5529.434285341385,14049.356466514295,6576.799999999999
868,932,252,9.494129924260106,3.3079399141630903,7.389699570815454,14.127403433476408,56.58100858369099,23.802682403433476,19.123622805541952,151.48390557939913,124.80591381724999,12.0,9.299999999999992,16.100000000000016,69.5,115.37700774329528,160,0.26443043970788793,1.0,5.600000000000005,12.499999999999988,48.5,0.01778717729541679,142,8848.529089410418,4819.152946996572,13667.68203640699,7142.699999999999
869,922,250,10.116099669738968,3.331887201735358,7.376355748373116,14.13952277657268,56.60249457700651,24.20336225596527,17.32600362064066,151.60303687635576,142.36171125683416,12.0,9.299999999999992,16.100000000000016,69.5,114.40656047161936,160,0.26443043970788793,1.0,5.600000000000005,12.499999999999988,48.5,0.05979972640129505,142,9327.04389549933,4331.500905160165,13658.544800659494,6565.699999999999
870,901,264,9.525104695084313,3.3085460599334073,7.385349611542738,14.13311875693673,56.58879023307436,23.464594894561603,18.255340892422474,151.89789123196448,124.80591381724999,12.0,9.299999999999992,16.100000000000016,69.5,142.36171125683416,160,0.26443043970788793,1.0,5.500000000000005,12.499999999999988,48.5,0.020195698743199486,142,8582.119330270965,4819.409995599533,13401.529325870499,6363.799999999999
871,917,282,9.529159626283997,3.2998909487459107,7.377208287895312,14.12425299890948,56.54798255179934,22.51526717557252,18.091039797694894,152.17993456924754,240.92875745781015,12.0,9.299999999999992,16.100000000000016,69.5,112.40656047161936,161,0.26443043970788793,1.0,5.500000000000005,12.499999999999988,48.0,0.003924290800119579,143,8738.239377302425,5101.67322294996,13839.912600252384,5842.199999999999
872,941,255,9.114514167082044,3.2561105207226353,7.386184909670567,14.117768331562162,56.54835281615303,22.39755579171096,20.54590210318805,152.40276301806588,120.98825683630457,12.0,9.299999999999992,16.040000000000017,69.5,240.92875745781015,161,0.26443043970788793,1.0,5.500000000000005,12.499999999999988,48.0,0.08131018431602222,143,8576.757831224204,5239.205036312953,13815.962867537157,6059.999999999999
873,960,245,9.114485508804485,3.2416666666666667,7.397395833333345,14.116624999999987,56.57604166666667,22.923750000000023,19.610959336280775,152.48020833333334,101.66933079825174,11.0,9.399999999999991,16.040000000000017,69.5,239.92875745781015,161,0.2556937069432416,1.0,5.400000000000006,12.499999999999988,48.0,0.04223862411696033,143,8749.906088452306,4804.68503738879,13554.591125841096,6728.299999999999
874,967,250,9.604742580651465,3.2595656670113753,7.388107549120999,14.099214064115804,56.566184074457084,22.72357807652536,15.727481942373934,152.64529472595657,246.90160088166178,11.0,9.399999999999991,16.040000000000017,69.5,112.53671717563473,161,0.2527688008009742,1.0,5.400000000000006,12.499999999999988,48.0,0.25069250868366355,143,9287.786075489967,3931.8704855934834,13219.65656108345,6986.999999999999
875,951,242,9.456956516370177,3.2860147213459516,7.390010515247113,14.078801261829662,56.53680336487908,22.44195583596212,17.436738332593006,152.8832807570978,246.90160088166178,11.0,9.399999999999991,16.040000000000017,69.5,98.74368317063576,161,0.2527688008009742,1.0,5.400000000000006,12.499999999999988,48.0,0.0009497686329698052,144,8993.565647068039,4219.6906764875075,13213.256323555546,6417.499999999999
876,971,232,9.388676457196746,3.270854788877446,7.38362512873327,14.065993820803309,56.473223480947475,22.431616889804296,17.194569701064726,152.96498455200825,246.90160088166178,11.0,9.399999999999991,16.040000000000017,69.5,97.0,162,0.2527688008009742,1.0,5.400000000000006,12.499999999999988,48.0,0.049620763847336935,144,9116.40483993804,3989.140170647016,13105.545010585058,6562.299999999998
877,988,210,9.724952681839522,3.2186234817813766,7.383097165991918,14.067955465587053,56.57388663967611,23.188663967611326,15.255057711787307,153.09919028340082,246.90160088166178,11.0,9.399999999999991,16.040000000000017,69.5,105.94631257990049,162,0.2527688008009742,1.0,5.400000000000006,12.499999999999988,48.0,0.02256234540289226,144,9608.253249657448,3203.5621194753344,12811.815369132783,6732.999999999999
878,964,244,9.283299415056652,3.212655601659751,7.3668049792531205,14.056390041493774,56.57883817427386,22.73547717842322,15.43619198674879,153.29460580912863,116.361937583004,11.0,9.399999999999991,16.040000000000017,69.5,246.90160088166178,162,0.2527688008009742,1.0,5.400000000000006,12.499999999999988,48.0,0.14814153233449656,144,8949.100636114612,3766.430844766705,12715.531480881316,6983.0999999999985
879,972,220,9.083209512670958,3.1995884773662553,7.348456790123462,14.046913580246898,56.50360082304527,22.881687242798343,16.679333927136152,153.5030864197531,252.8744443055134,11.0,9.399999999999991,16.040000000000017,69.5,126.83549530847549,162,0.2527688008009742,1.0,5.400000000000006,12.499999999999988,48.0,0.023755897987534302,144,8828.87964631617,3669.453463969953,12498.333110286123,6428.399999999999
880,987,226,8.262197016516375,3.209726443768997,7.373353596757849,14.056291793313065,56.547112462006076,22.855015197568395,18.794488742957366,153.76697061803443,126.4372221527567,11.0,9.499999999999991,16.040000000000017,69.5,125.83549530847549,162,0.2516788690518791,1.0,5.400000000000006,12.499999999999988,48.0,0.010205289165808429,144,8154.788455301662,4247.554455908365,12402.342911210028,6484.699999999999
881,981,220,8.50860874451823,3.193679918450561,7.392762487257897,14.059633027522958,56.59785932721712,23.36585117227319,20.362448681234934,153.95514780835882,131.11992397267383,11.0,9.499999999999991,16.100000000000016,69.5,107.15954045258451,162,0.2516788690518791,1.0,5.400000000000006,12.499999999999988,48.0,0.10184710242769301,144,8346.945178372385,4479.738709871685,12826.683888244072,6088.499999999999
882,945,224,9.216681284345713,3.1671957671957673,7.403068783068778,14.069587301587315,56.66084656084656,24.28751322751322,18.80318311199088,154.0814814814815,135.6302060927075,11.0,9.499999999999991,16.100000000000016,69.5,128.44885042690996,163,0.2516788690518791,1.0,5.400000000000006,12.499999999999988,47.5,0.014189351482558621,144,8709.763813706699,4211.913017085957,12921.676830792656,7106.0999999999985
883,933,232,9.174802431307493,3.1961414790996785,7.409860664523037,14.059614147909965,56.60718113612004,24.614469453376216,17.97222747538427,154.32690246516614,135.6302060927075,11.0,9.499999999999991,16.100000000000016,69.5,127.44885042690996,163,0.2516788690518791,1.0,5.400000000000006,12.499999999999988,47.5,0.1550722109392808,144,8560.09066840989,4169.556774289151,12729.64744269904,6625.899999999999
884,948,238,8.702768186685528,3.1529535864978904,7.428797468354431,14.04784810126585,56.5912447257384,24.07352320675104,19.930675655822597,154.40928270042195,145.41905826281993,11.0,9.499999999999991,16.100000000000016,69.5,126.44885042690996,163,0.2516788690518791,1.0,5.400000000000006,12.559999999999988,47.5,0.00022786221522874683,144,8250.224240977881,4743.500806085778,12993.725047063659,5709.799999999999
885,949,245,9.023663110492315,3.1875658587987354,7.419704952581655,14.059367755532154,56.687565858798735,24.04309799789249,17.545055859470775,154.42887249736566,150.55996198633693,10.0,9.499999999999991,16.100000000000016,70.0,105.70471485502134,163,0.2516788690518791,1.0,5.400000000000006,12.559999999999988,47.5,2.426084887163782e-05,146,8563.456291857206,4298.53868557034,12861.994977427546,6382.699999999999
886,922,249,9.305679252746307,3.2039045553145336,7.452819956616041,14.071778741865511,56.74891540130152,23.99674620390458,16.852199150944106,154.617136659436,126.2503582217119,10.0,9.499999999999991,16.100000000000016,70.0,150.55996198633693,163,0.26519236759883646,1.0,5.700000000000005,12.559999999999988,47.5,0.035918804297773166,146,8579.836271032094,4196.1975885850825,12776.033859617177,6371.199999999999
887,896,257,8.909271170096215,3.1997767857142856,7.445089285714273,14.099040178571432,56.841517857142854,23.908370535714308,19.155068422934047,154.77455357142858,154.1661728916033,10.0,9.499999999999991,16.160000000000014,70.5,115.3494391252189,164,0.2777998760385894,1.0,5.700000000000005,12.559999999999988,47.5,0.009303007013455211,146,7982.706968406208,4922.85258469405,12905.559553100258,6505.999999999999
888,897,253,8.741829465617803,3.1672240802675584,7.417837235228537,14.109966555183954,56.824414715719065,24.484838350055714,19.45490297541748,154.9866220735786,154.1661728916033,10.0,9.499999999999991,16.160000000000014,70.5,114.3494391252189,164,0.2777998760385894,1.0,5.700000000000005,12.559999999999988,47.5,0.021728363795904482,146,7841.421030659169,4922.090452780622,12763.511483439792,6554.899999999999
889,905,248,8.78856122543959,3.1734806629834256,7.412375690607748,14.113436464088407,56.74585635359116,24.279447513812183,21.823926474107644,155.25082872928178,143.07375350706275,10.0,9.499999999999991,16.160000000000014,70.5,154.1661728916033,164,0.2777998760385894,1.0,5.700000000000005,12.499999999999988,47.5,0.019731732577815242,146,7953.6479090228295,5412.333765578695,13365.981674601524,5818.299999999999
890,893,257,9.372425605630067,3.1612541993281074,7.405263157894743,14.127995520716688,56.786674132138856,23.411422172452394,21.12460949791668,155.4120940649496,121.70287571251717,10.0,9.499999999999991,16.160000000000014,70.0,153.1661728916033,164,0.2549329331444538,1.0,5.700000000000005,12.499999999999988,47.5,0.030301671935795582,146,8369.57606582765,5429.024640964587,13798.600706792236,5987.799999999999
891,885,247,9.239464832922254,3.1141242937853106,7.416723163841813,14.13369491525424,56.846892655367235,23.65288135593219,22.815693115185436,155.5593220338983,114.31573478034798,10.0,9.59999999999999,16.160000000000014,70.0,164.3762405405305,164,0.2527230672586481,1.0,5.700000000000005,12.499999999999988,47.0,0.13143303453799815,146,8176.926377136195,5635.476199450803,13812.402576586997,6393.999999999999
892,911,236,9.733948472846368,3.1723380900109768,7.421844127332606,14.1167069154775,56.70746432491767,23.588144895719005,20.62764727862955,155.87047200878155,167.47373816467655,10.0,9.59999999999999,16.160000000000014,70.0,120.70287571251717,165,0.2549329331444538,1.0,5.700000000000005,12.439999999999987,46.5,0.033805785617966766,147,8867.62705876304,4868.124757756574,13735.751816519614,6313.999999999999
893,899,252,10.248557666808297,3.0812013348164626,7.446496106785319,14.086696329254742,56.67908787541713,22.873971078976634,16.993616882803263,156.14238042269187,168.81045646839482,10.0,9.59999999999999,16.160000000000014,70.0,119.70287571251717,165,0.2549329331444538,1.0,5.700000000000005,12.439999999999987,46.5,0.08133077852795711,147,9213.45334246066,4282.391454466422,13495.844796927082,6454.099999999999
894,911,234,9.854550521122825,3.066959385290889,7.446212952799125,14.091481888035156,56.7596048298573,22.70362239297474,18.80506851876884,156.31174533479694,168.81045646839482,10.0,9.59999999999999,16.160000000000014,70.0,113.31573478034798,166,0.2573564763071807,1.0,5.800000000000004,12.439999999999987,46.5,0.00125516481603416,147,8977.495524742893,4400.386033391909,13377.881558134803,6163.899999999999
895,926,231,9.90369513883987,3.0302375809935205,7.415118790496768,14.086825053995698,56.648488120950326,22.530021598272118,19.9220759719961,156.51079913606912,168.81045646839482,10.0,9.499999999999991,16.160000000000014,70.0,100.57859370580788,166,0.2573564763071807,1.0,5.800000000000004,12.439999999999987,46.5,0.11072743045598443,147,9170.82169856572,4601.9995495311,13772.82124809682,5680.5999999999985
896,933,245,9.462692236043523,3.045016077170418,7.430439442658095,14.075048231511252,56.62433011789925,22.36055734190784,21.257685271917076,156.70203644158627,119.4508861754682,10.0,9.59999999999999,16.100000000000016,70.0,168.81045646839482,166,0.26265058575938777,1.0,5.700000000000005,12.439999999999987,46.5,0.024374406036514307,148,8828.691856228606,5208.1328916196835,14036.82474784829,6178.999999999999
897,975,246,9.274105663875474,3.0441025641025643,7.411076923076922,14.079323076923087,56.621538461538464,22.35210256410255,22.04800400201917,156.79384615384615,119.4508861754682,10.0,9.59999999999999,16.100000000000016,70.0,167.81045646839482,165,0.253468231650262,1.0,5.700000000000005,12.439999999999987,46.5,0.02792256411886651,148,9042.253022278588,5423.808984496715,14466.062006775304,6145.999999999998
898,980,240,9.783946078038216,3.043877551020408,7.418163265306121,14.112102040816357,56.73724489795919,22.766326530612233,19.70694177065326,156.8173469387755,129.21117900634687,10.0,9.59999999999999,16.100000000000016,70.0,166.81045646839482,165,0.25031379120400854,1.0,5.700000000000005,12.439999999999987,46.5,0.030301671935795582,148,9588.267156477452,4729.666024956782,14317.933181434233,6795.899999999999
899,979,250,9.334272145170067,3.004085801838611,7.4356486210418815,14.09897854954037,56.68335035750766,23.145658835546445,19.244355349915153,157.05107252298262,129.21117900634687,10.0,9.59999999999999,16.100000000000016,70.0,165.81045646839482,165,0.25061394999618664,1.0,5.700000000000005,12.439999999999987,46.5,0.11119436012092798,148,9138.252430121494,4811.088837478788,13949.341267600283,7287.0999999999985
900,1002,227,9.392933391921702,2.9550898203592815,7.4260479041916065,14.085748502994013,56.622754491017965,23.450199600798406,21.47509118889183,157.1566866267465,107.2650968070773,10.0,9.59999999999999,16.100000000000016,70.0,164.81045646839482,166,0.253468231650262,1.0,5.700000000000005,12.439999999999987,46.5,0.03400457797502021,148,9411.719258705545,4874.845699878446,14286.564958583991,6397.5999999999985
901,996,245,9.336484903172044,2.9086345381526106,7.44036144578312,14.044939759036149,56.528614457831324,23.799196787148613,19.518870897814704,157.36746987951807,108.33609424350071,10.0,9.59999999999999,16.100000000000016,70.0,163.81045646839482,166,0.2513652617239839,1.0,5.700000000000005,12.439999999999987,46.5,0.04771307919070722,150,9299.138963559357,4782.123369964603,14081.262333523959,7266.199999999999
902,978,282,9.057993295358623,2.912065439672802,7.461349693251521,14.040920245398778,56.604294478527606,23.50490797546009,18.02409782317127,157.53783231083844,108.33609424350071,10.0,9.59999999999999,16.100000000000016,70.5,162.81045646839482,166,0.2513652617239839,1.0,5.700000000000005,12.499999999999988,46.5,0.19336392518129153,150,8858.717442860732,5082.795586134298,13941.51302899503,7172.199999999999
903,982,269,9.726478755406006,2.9480651731160896,7.465885947046833,14.053401221995944,56.610997963340125,23.60315682281059,18.74138861525927,157.66802443991853,183.93850401735114,10.0,9.59999999999999,16.100000000000016,70.5,107.35860782970525,166,0.2513652617239839,1.0,5.700000000000005,12.499999999999988,46.5,0.08596497915476409,150,9551.402137808698,5041.433537504744,14592.835675313443,6049.899999999999
904,980,274,9.346301323037329,2.9816326530612245,7.4608163265306064,14.073346938775538,56.70204081632653,23.752244897959176,19.72220773597614,157.86326530612246,145.6943603214628,11.0,9.59999999999999,16.100000000000016,71.0,183.93850401735114,167,0.2513652617239839,1.0,5.700000000000005,12.499999999999988,47.5,0.047000198562137996,150,9159.375296576582,5403.884919657463,14563.260216234044,6787.299999999998
905,975,258,9.966212961294374,2.965128205128205,7.456923076923074,14.074584615384643,56.755384615384614,23.73651282051281,19.20505726318221,158.03179487179486,145.6943603214628,11.0,9.59999999999999,16.160000000000014,71.0,182.93850401735114,167,0.2513652617239839,1.0,5.700000000000005,12.499999999999988,47.5,0.16944227661791889,150,9717.057637262014,4954.90477390101,14671.962411163026,6825.499999999998
906,964,260,10.46559071268449,2.933609958506224,7.460580912863072,14.064543568464746,56.74429460580913,23.672510373444002,17.12098987168761,158.20228215767634,196.62208816140958,11.0,9.59999999999999,16.160000000000014,71.0,129.19601351435105,167,0.25582282298671144,1.0,5.800000000000004,12.499999999999988,47.5,0.06977488666160614,150,10088.829447027849,4451.457366638779,14540.286813666627,6830.499999999998
907,966,262,10.098195904700114,2.919254658385093,7.443788819875774,14.054720496894426,56.70962732919255,23.198861283643918,20.96525205857606,158.39337474120083,196.62208816140958,11.0,9.59999999999999,16.160000000000014,71.0,139.18502237585832,168,0.25582282298671144,1.0,5.700000000000005,12.499999999999988,47.5,0.11400940241912538,152,9754.85724394031,5492.896039346928,15247.753283287238,6271.199999999999
908,996,247,10.27688630610869,2.927710843373494,7.409939759036142,14.08879518072291,56.859437751004016,22.858232931726914,21.242057287646205,158.49598393574297,196.62208816140958,11.0,9.59999999999999,16.160000000000014,71.0,138.18502237585832,168,0.25582282298671144,1.0,5.700000000000005,12.499999999999988,47.5,0.03794617781994525,152,10235.778760884255,5246.788150048613,15482.566910932868,5654.0999999999985
909,993,253,10.303637232570175,2.882175226586103,7.386404833836846,14.089788519637477,56.86706948640484,22.27552870090634,22.05049386088589,158.64753272910372,133.5321488662085,11.0,9.59999999999999,16.160000000000014,71.0,137.18502237585832,168,0.25582282298671144,1.0,5.700000000000005,12.499999999999988,47.5,0.008132942905573204,152,10231.511771942183,5578.77494680413,15810.286718746313,6481.699999999999
910,1021,236,10.430984721243199,2.8276199804113613,7.372477962781587,14.09308521057787,56.96963761018609,22.80195886385899,20.278482659636193,158.81194906953968,141.6330192837852,11.0,9.69999999999999,16.160000000000014,71.0,98.0,168,0.2717546068146838,1.0,5.700000000000005,12.439999999999987,47.0,0.06752093720934127,152,10650.035400389306,4785.721907674141,15435.757308063447,6793.0999999999985
911,1020,251,10.069754325842526,2.815686274509804,7.363235294117647,14.092647058823534,56.898039215686275,23.995294117647084,19.17506800515652,159.05196078431374,141.6330192837852,12.0,9.69999999999999,16.160000000000014,71.0,97.0,168,0.2516754682269852,1.0,5.700000000000005,12.379999999999987,47.0,0.16229868646784928,153,10271.149412359377,4812.942069294286,15084.091481653662,8043.899999999999
912,986,268,10.9870333203399,2.8286004056795133,7.3554766734279955,14.115496957403668,57.037525354969574,25.123225152129844,16.057534101554943,159.1784989858012,141.6330192837852,12.0,9.69999999999999,16.160000000000014,71.0,133.5321488662085,168,0.2516754682269852,1.0,5.700000000000005,12.379999999999987,47.0,0.04443655886201525,153,10833.214853855143,4303.419139216725,15136.633993071868,8216.599999999999
913,973,272,10.12162076662292,2.829393627954779,7.360123329907514,14.11364850976362,57.15005138746146,25.50924974306272,19.134990856476797,159.28879753340186,144.1416136107837,12.0,9.69999999999999,16.220000000000013,70.5,99.0,168,0.2516754682269852,1.0,5.700000000000005,12.379999999999987,47.0,0.03794617781994525,153,9848.3370059241,5204.717512961689,15053.05451888579,7667.099999999999
914,978,258,9.566329410513543,2.7740286298568506,7.368609406952974,14.11349693251533,57.18711656441718,25.652965235173827,22.092034424103858,159.34253578732105,136.6750431557432,12.0,9.69999999999999,16.220000000000013,70.5,102.63221531107739,169,0.2516754682269852,1.0,5.700000000000005,12.379999999999987,47.0,0.05722189885125273,153,9355.870163482245,5699.744881418796,15055.61504490104,6787.499999999999
915,927,288,10.085323156562191,2.7820927723840345,7.389967637540457,14.109126213592234,57.27777777777778,25.69061488673142,20.356268220025797,159.66666666666666,157.63272471316864,12.0,9.69999999999999,16.220000000000013,70.5,104.84860154904098,170,0.2594865444549863,1.0,5.700000000000005,12.379999999999987,47.0,0.023213636780698987,153,9349.094566133152,5862.605247367429,15211.699813500582,7079.399999999999
916,906,287,10.63829172968509,2.7759381898454745,7.4035320088300285,14.111920529801319,57.24337748344371,24.840618101545292,18.310794388609164,159.901766004415,218.18117001601635,12.0,9.69999999999999,16.220000000000013,70.5,157.63272471316864,170,0.2594865444549863,1.0,5.700000000000005,12.439999999999987,47.0,0.15954101659816367,153,9638.29230709469,5255.1979895308305,14893.490296625521,6443.299999999999
917,917,266,10.66489590358809,2.7491821155943295,7.4062159214830965,14.112475463467828,57.168484187568154,23.933478735005444,21.430500933703016,160.1166848418757,159.63096892302624,12.0,9.69999999999999,16.220000000000013,70.5,218.18117001601635,170,0.2507423493914577,1.0,5.700000000000005,12.499999999999988,47.0,0.1107971457592618,153,9779.709543590277,5700.513248365002,15480.222791955279,5854.5999999999985
918,939,251,10.402440505760268,2.730564430244941,7.399361022364217,14.104345047923312,57.16986155484558,23.174440894568693,21.698843114528493,160.28647497337593,159.63096892302624,12.0,9.69999999999999,16.280000000000012,70.0,217.18117001601635,170,0.2507423493914577,1.0,5.700000000000005,12.439999999999987,47.0,0.01610897403735856,153,9767.891634908892,5446.409621746652,15214.301256655544,6363.0999999999985
919,957,271,9.675236090615398,2.7565308254963425,7.393312434691745,14.098620689655183,57.11494252873563,22.02915360501571,23.000921001651633,160.40961337513062,122.19394958627747,12.0,9.69999999999999,16.280000000000012,70.0,216.18117001601635,171,0.2507423493914577,1.0,5.700000000000005,12.439999999999987,47.0,0.08528855668751567,153,9259.200938718936,6233.249591447593,15492.450530166529,6227.799999999999
920,975,258,10.480854983378308,2.769230769230769,7.397641025641021,14.086707692307687,57.21025641025641,22.625538461538472,22.90064820226535,160.57128205128205,224.1557219864138,12.0,9.69999999999999,16.280000000000012,70.0,122.19394958627747,171,0.25402724350933964,1.0,5.700000000000005,12.439999999999987,47.0,0.073462732653647,154,10218.83360879385,5908.367236184461,16127.20084497831,6176.299999999999
921,968,266,10.709952500575422,2.825413223140496,7.405991735537197,14.10022727272726,57.415805785123965,23.39183884297519,20.495419433093637,160.7737603305785,224.1557219864138,12.0,9.69999999999999,16.280000000000012,70.0,121.19394958627747,171,0.25402724350933964,1.0,5.600000000000005,12.439999999999987,47.0,0.08364201392373838,154,10367.234020557009,5451.781569202907,15819.015589759916,7335.299999999998
922,948,262,10.828387541821714,2.7964135021097047,7.392827004219403,14.127405063291151,57.59229957805907,24.047046413502088,21.209411763246248,160.89029535864978,224.1557219864138,11.0,9.69999999999999,16.280000000000012,70.5,120.19394958627747,171,0.25402724350933964,1.0,5.600000000000005,12.439999999999987,47.0,0.20948804688089862,154,10265.311389646984,5556.865881970517,15822.1772716175,7440.199999999999
923,936,291,10.460914553093234,2.840811965811966,7.361752136752133,14.131474358974353,57.635149572649574,23.82777777777783,19.83376287728471,161.04166666666666,207.15329277527766,11.0,9.69999999999999,16.280000000000012,70.5,224.1557219864138,171,0.2520393914692986,1.0,5.500000000000005,12.439999999999987,47.0,0.011785283603615637,154,9791.416021695268,5771.62499728985,15563.041018985117,7154.899999999999
924,940,264,10.432327184257671,2.874468085106383,7.382446808510636,14.118851063829796,57.547340425531914,23.613085106382975,21.303741559216796,161.3127659574468,207.15329277527766,11.0,9.69999999999999,16.280000000000012,70.5,223.1557219864138,171,0.2520393914692986,1.0,5.500000000000005,12.439999999999987,47.0,0.00489211992212546,154,9806.38755320221,5624.187771633234,15430.575324835445,6222.399999999999
925,949,268,10.210815362224775,2.863013698630137,7.3590094836670135,14.13605900948368,57.66016859852476,23.302107481559542,21.31469380105809,161.36037934668073,207.15329277527766,11.0,9.69999999999999,16.34000000000001,70.5,222.1557219864138,171,0.2520393914692986,1.0,5.500000000000005,12.439999999999987,47.0,0.09742582886986861,154,9690.063778751311,5712.337938683569,15402.401717434881,6631.799999999998
926,981,246,10.44729936864307,2.874617737003058,7.342813455657487,14.137308868501547,57.65953109072375,24.428542303771685,20.77538908065999,161.46075433231397,207.15329277527766,11.0,9.69999999999999,16.34000000000001,70.5,221.1557219864138,171,0.2520393914692986,1.0,5.500000000000005,12.439999999999987,47.0,0.01426848469454467,155,10248.800680638853,5110.745713842358,15359.54639448121,6838.299999999999
927,951,265,9.774569882482004,2.914826498422713,7.346792849631963,14.14971608832807,57.586750788643535,25.06330178759201,22.13613893215211,161.61934805467928,221.16999047110835,11.0,9.69999999999999,16.34000000000001,71.0,207.15329277527766,171,0.2520393914692986,1.0,5.500000000000005,12.439999999999987,47.0,0.012277316656592152,155,9295.615958240385,5866.076817020309,15161.692775260693,7461.299999999999
928,944,249,9.980902701758131,2.9385593220338984,7.355084745762709,14.140783898305108,57.59957627118644,25.859639830508495,23.576968754147778,161.79343220338984,131.81184943994398,9.0,9.69999999999999,16.34000000000001,71.0,206.15329277527766,171,0.2520393914692986,1.0,5.500000000000005,12.439999999999987,47.0,0.04625705725001872,155,9421.972150459676,5870.665219782797,15292.637370242473,6827.699999999999
929,933,268,9.998724656716965,2.902465166130761,7.351661307609862,14.155112540192933,57.82315112540193,25.224973204715948,21.693299754136017,161.86173633440515,131.81184943994398,9.0,9.79999999999999,16.34000000000001,71.0,205.15329277527766,172,0.25580293196748166,1.0,5.400000000000006,12.439999999999987,47.0,0.008157565877194406,155,9328.810104716928,5813.804334108453,15142.614438825382,6272.599999999999
930,930,273,10.174977641124908,2.9505376344086023,7.349892473118285,14.145935483870984,57.8,24.61387096774193,23.374777896755933,162.08709677419355,226.08398216429595,9.0,9.79999999999999,16.34000000000001,71.0,131.81184943994398,172,0.2709862555759309,1.0,5.400000000000006,12.439999999999987,47.0,0.004427405774376059,155,9462.729206246164,6381.31436581437,15844.043572060535,6037.699999999999
931,938,283,9.971494244519274,2.981876332622601,7.37366737739872,14.138678038379538,57.736140724946694,23.515458422174873,24.410090589414505,162.37953091684435,226.08398216429595,9.0,9.79999999999999,16.34000000000001,71.0,119.21425199933566,173,0.2607450545355404,1.0,5.400000000000006,12.439999999999987,47.0,0.060830165099942324,155,9353.26160135908,6908.055636804305,16261.317238163385,5820.9
932,964,266,11.131579817282011,3.021784232365145,7.384854771784234,14.139730290456447,57.677904564315355,22.725103734439834,22.61656104159132,162.55082987551867,226.08398216429595,9.0,9.79999999999999,16.34000000000001,71.0,118.21425199933566,173,0.2607450545355404,1.0,5.400000000000006,12.439999999999987,46.5,0.04724329011261297,155,10730.84294385986,6016.005237063291,16746.848180923153,5962.0999999999985
933,1005,258,10.785587399593044,3.035820895522388,7.3414925373134325,14.12149253731343,57.43333333333333,22.17582089552238,24.371530972253904,162.77412935323383,226.08398216429595,10.0,9.79999999999999,16.34000000000001,71.0,117.21425199933566,173,0.2587533943741668,1.0,5.400000000000006,12.439999999999987,46.5,0.007666292751068449,156,10839.51533659101,6287.854990841507,17127.370327432516,6184.699999999999
934,1019,242,11.383709737378044,3.0765456329735033,7.33552502453386,14.141609421000988,57.57360157016683,22.882630029440612,21.68598574948055,162.93130520117762,234.86611826938272,10.0,9.89999999999999,16.34000000000001,71.0,166.67820893683484,173,0.2587533943741668,1.0,5.400000000000006,12.439999999999987,46.5,0.06305325411311169,156,11600.000222388227,5248.008551374293,16848.00877376252,6644.299999999999
935,1006,258,10.997487944644732,3.0795228628230618,7.349304174950309,14.16538767395627,57.662027833001986,23.718886679920484,20.74779221147946,163.1202783300199,131.41068701330522,10.0,9.89999999999999,16.34000000000001,71.0,234.86611826938272,174,0.2587533943741668,1.0,5.400000000000006,12.439999999999987,46.5,0.03431646615441131,156,11063.4728723126,5352.930390561701,16416.4032628743,8029.899999999999
936,1005,239,11.373447760368368,3.0975124378109453,7.356218905472645,14.186567164179095,57.75771144278607,24.941393034825865,20.575217075848318,163.29850746268656,166.42505645442873,10.0,9.89999999999999,16.34000000000001,71.0,233.86611826938272,174,0.2579270703666644,1.0,5.400000000000006,12.439999999999987,46.5,0.019922090406661708,156,11430.31499917021,4917.476881127748,16347.791880297958,7447.999999999999
937,990,267,10.43249517329983,3.092929292929293,7.380606060606066,14.186060606060606,57.736363636363635,24.405959595959565,21.097089305380695,163.51414141414142,131.41068701330522,10.0,9.99999999999999,16.40000000000001,71.0,232.86611826938272,174,0.2579270703666644,1.0,5.400000000000006,12.439999999999987,47.5,0.021715092047763118,157,10328.170221566832,5632.922844536645,15961.093066103476,7622.199999999999
938,991,281,9.816797311722508,3.119071644803229,7.3997981836528774,14.184480322906166,57.83501513622603,24.245105953582208,21.59154240343367,163.73763874873865,183.98555792133132,10.0,9.99999999999999,16.40000000000001,71.0,307.6475389462954,174,0.2579270703666644,1.0,5.400000000000006,12.439999999999987,47.5,0.0850947674552196,157,9728.446135917005,6067.2234153648615,15795.669551281866,7069.399999999999
939,978,275,10.349782733506316,3.0991820040899793,7.422188139059301,14.167177914110432,57.83077709611452,24.641308793456023,21.225041796537177,163.98568507157464,183.98555792133132,10.0,9.99999999999999,16.40000000000001,71.0,306.6475389462954,174,0.2579270703666644,1.0,5.400000000000006,12.439999999999987,47.5,0.010928257666105168,157,10122.087513369177,5836.886494047723,15958.9740074169,6946.899999999999
940,971,279,10.208374869746699,3.114315139031926,7.3976313079299665,14.163316168898033,57.86766220391349,23.99227600411943,21.944702343977443,164.07209062821832,309.45344095742854,10.0,9.99999999999999,16.40000000000001,71.0,164.25930333834555,174,0.2579270703666644,1.0,5.400000000000006,12.439999999999987,47.5,0.1628363028201587,157,9912.331998524045,6122.571953969707,16034.90395249375,6803.5999999999985
941,969,247,10.753258725228893,3.086687306501548,7.405366357069148,14.19969040247679,58.085139318885446,24.461506707946317,21.360181925102008,164.12280701754386,194.56107362798247,10.0,9.99999999999999,16.34000000000001,71.0,183.98555792133132,175,0.2579270703666644,1.0,5.400000000000006,12.439999999999987,47.5,0.02141909006283993,157,10419.907704746796,5275.964935500196,15695.872640246991,6508.499999999998
942,969,271,10.441511854590733,3.0980392156862746,7.406604747162018,14.18792569659444,58.07327141382869,24.404540763673918,19.537826204701023,164.3642930856553,190.35215314320126,11.0,9.99999999999999,16.34000000000001,70.5,111.14612833871745,175,0.2579270703666644,1.0,5.400000000000006,12.439999999999987,47.5,0.10103954392422176,157,10117.82498709842,5294.750901473977,15412.575888572397,7249.199999999999
943,967,240,10.491650589107586,3.1034126163391935,7.395346432264734,14.188934850051718,58.05274043433299,24.798138572905913,21.33214561931625,164.5243019648397,190.35215314320126,11.0,9.99999999999999,16.34000000000001,70.5,123.90520850320891,175,0.2579270703666644,1.0,5.400000000000006,12.439999999999987,47.5,0.00870390756882844,157,10145.426119667036,5119.7149486359,15265.141068302935,6659.199999999999
944,990,241,10.684144594436587,3.107070707070707,7.402121212121206,14.177333333333353,57.932323232323235,24.192222222222217,21.431744562907497,164.73838383838384,187.33217074369145,11.0,9.99999999999999,16.34000000000001,70.5,190.35215314320126,175,0.2579270703666644,1.0,5.400000000000006,12.379999999999987,47.5,0.04091867210891009,157,10577.303148492221,5165.050439660707,15742.353588152928,6236.5999999999985
945,1006,253,10.029111846861484,3.0904572564612325,7.388071570576539,14.190198807157065,57.961232604373755,23.384493041749494,21.507903244461225,164.8479125248509,187.33217074369145,11.0,9.89999999999999,16.34000000000001,70.5,189.35215314320126,176,0.2579270703666644,1.0,5.400000000000006,12.379999999999987,47.5,0.14994061598966346,158,10089.286517942654,5441.49952084869,15530.786038791342,6588.199999999999
946,989,254,10.793528714394828,3.082912032355915,7.415975733063697,14.188190091001013,58.00252780586451,23.75449949443881,18.57054314238932,165.051567239636,190.64281100063513,11.0,9.99999999999999,16.34000000000001,70.5,171.45940085584783,177,0.25611884654856,1.0,5.400000000000006,12.379999999999987,47.5,0.024475386194239945,158,10674.799898536485,4716.917958166887,15391.717856703372,6985.5999999999985
947,989,239,10.333964461042415,3.0798786653185037,7.433367037411519,14.172295247724978,57.9464105156724,24.185540950455,20.53504327358001,165.27704752275025,190.64281100063513,11.0,9.99999999999999,16.220000000000013,70.5,187.33217074369145,177,0.25611884654856,1.0,5.400000000000006,12.379999999999987,47.5,0.020325891457558587,158,10220.290851970949,4907.875342385622,15128.16619435657,6994.0999999999985
948,1023,222,10.372703921013894,3.110459433040078,7.442913000977505,14.159706744868025,57.85043988269795,24.804692082111455,19.741812382095862,165.51026392961876,171.4355598224541,11.0,9.99999999999999,16.220000000000013,70.5,190.64281100063513,177,0.25611884654856,1.0,5.400000000000006,12.379999999999987,47.5,0.08221837448973845,158,10611.276111197214,4382.682348825281,14993.958460022495,6610.899999999999
949,1017,241,8.935361082255868,3.1307767944936087,7.453294001966556,14.179056047197626,57.87807276302851,24.85948869223205,23.392015714229217,165.6440511307768,141.1426865599359,11.0,9.99999999999999,16.220000000000013,70.5,189.64281100063513,177,0.2655124529401766,1.0,5.400000000000006,12.379999999999987,47.5,0.25611884654856,158,9087.262220654218,5637.475787129241,14724.73800778346,7201.399999999999
950,1037,234,9.605851832263701,3.158148505303761,7.456027000964318,14.174850530376075,57.877049180327866,24.429797492767644,19.56680598988862,165.7473481195757,165.73179782744577,11.0,9.99999999999999,16.220000000000013,70.5,188.64281100063513,177,0.2655124529401766,1.0,5.400000000000006,12.379999999999987,47.5,0.05702459875006416,158,9961.268350057459,4578.632601633937,14539.900951691396,6718.5999999999985
951,1061,228,9.696314514965845,3.1658812441093307,7.460320452403391,14.186729500471241,57.95193213949105,24.16635249764374,17.31636950455664,165.9962299717248,213.0230657557933,11.0,9.99999999999999,16.220000000000013,71.0,138.42216949637194,177,0.25410512712365524,1.0,5.400000000000006,12.379999999999987,47.5,0.013604926631131331,158,10287.789700378762,3948.132247038914,14235.921947417675,6928.199999999999
952,1035,237,9.321857641510395,3.157487922705314,7.468599033816419,14.186724637681145,57.96231884057971,24.88908212560385,18.786717887985684,166.08985507246376,164.0582245390537,12.0,9.99999999999999,16.220000000000013,71.0,268.1787189418017,177,0.25410512712365524,1.0,5.400000000000006,12.439999999999987,47.5,0.12085509707211406,158,9648.122658963259,4452.452139452607,14100.574798415866,7739.699999999999
953,993,268,9.544220751382596,3.1450151057401814,7.479556898288011,14.183141993957696,57.96223564954683,25.53836858006041,17.221392538534936,166.26787512588118,268.4800473314256,12.0,9.99999999999999,16.220000000000013,71.0,138.11461420268475,178,0.25410512712365524,1.0,5.400000000000006,12.439999999999987,47.5,0.02479958320276099,158,9477.411206122919,4615.333200327363,14092.744406450282,8043.0999999999985
954,953,283,9.60634470215021,3.1406086044071353,7.49569779643232,14.192906610703055,58.080797481636935,25.854564533053537,17.512590103716985,166.3189926547744,268.4800473314256,12.0,10.099999999999989,16.220000000000013,71.0,139.2808710033239,178,0.25410512712365524,1.0,5.300000000000006,12.439999999999987,47.5,0.012104442732508769,158,9154.84650114915,4956.062999351907,14110.909500501057,7274.699999999999
955,959,278,8.827707894803817,3.1313868613138687,7.49009384775808,14.189572471324295,58.026590198123046,24.891449426485938,20.150417852914416,166.42335766423358,150.69812932897403,12.0,10.099999999999989,16.220000000000013,71.0,268.4800473314256,178,0.2655124529401766,1.0,5.300000000000006,12.379999999999987,47.5,0.17521231606415144,159,8465.77187111686,5601.8161631102075,14067.588034227068,6240.399999999999
956,967,242,9.261572618804436,3.1209927611168564,7.5033092037228535,14.189431230610136,58.01189245087901,25.19214064115822,20.479088089312675,166.58841778697,141.2536604205702,12.0,10.099999999999989,16.220000000000013,71.0,267.4800473314256,178,0.2571631060060907,1.0,5.300000000000006,12.379999999999987,47.5,0.011746748958692876,159,8955.94072238389,4955.939317613667,13911.880039997557,6126.0999999999985
957,944,260,9.13206677450981,3.1112288135593222,7.517690677966102,14.197923728813583,58.029661016949156,25.058474576271177,19.595276028070973,166.77436440677965,267.60347346464386,12.0,10.099999999999989,16.220000000000013,71.0,126.26844909771802,178,0.2571631060060907,1.0,5.300000000000006,12.379999999999987,47.5,0.012399791601380494,159,8620.67103513726,5094.771767298453,13715.442802435713,7114.699999999998
958,972,241,9.627543447176782,3.102880658436214,7.522119341563785,14.195061728395071,57.995370370370374,24.61141975308641,20.23947214520331,167.0514403292181,267.60347346464386,12.0,10.099999999999989,16.220000000000013,71.0,136.02920323583155,178,0.2571631060060907,1.0,5.300000000000006,12.379999999999987,47.5,0.0016081588260625779,159,9357.972230655832,4877.712786993998,14235.68501764983,5874.699999999999
959,990,244,9.646048584844197,3.105050505050505,7.531111111111107,14.188121212121203,57.93484848484849,24.52050505050504,20.15796347761297,167.32222222222222,267.60347346464386,12.0,10.099999999999989,16.280000000000012,71.0,157.1936057090326,178,0.2571631060060907,1.0,5.300000000000006,12.379999999999987,47.5,0.04076843624132387,159,9549.588098995755,4918.5430885375645,14468.13118753332,6158.499999999998
960,976,254,9.634288180846314,3.13422131147541,7.534528688524586,14.192663934426209,57.90215163934426,24.46762295081968,19.633167823978464,167.42930327868854,159.94134389906188,12.0,10.099999999999989,16.280000000000012,71.0,267.60347346464386,178,0.25925491942083817,1.0,5.300000000000006,12.379999999999987,47.5,0.05587724367305724,159,9403.065264506002,4986.82462729053,14389.88989179653,6956.699999999998
961,977,258,9.397852702035285,3.110542476970317,7.53418628454451,14.20775844421699,57.957523029682704,24.12743091095189,20.044768302725043,167.51586489252816,133.4500561348525,12.0,9.59999999999999,16.280000000000012,71.5,266.60347346464386,178,0.26063612134755354,1.0,5.300000000000006,12.379999999999987,47.5,0.030473878014581457,159,9181.702089888473,5171.550222103061,14353.252311991535,6966.399999999998
962,988,249,9.141121512917247,3.0698380566801617,7.530060728744928,14.21759109311742,57.91902834008097,23.83481781376519,20.076910221543248,167.79453441295547,133.4500561348525,12.0,9.59999999999999,16.280000000000012,71.5,265.60347346464386,178,0.26063612134755354,1.0,5.600000000000005,12.379999999999987,47.5,0.014592681374047345,160,9031.42805476224,4999.150645164269,14030.57869992651,7031.799999999998
963,985,266,8.68669917454915,3.105583756345178,7.553908629441614,14.225380710659914,57.984263959390866,23.57959390862947,23.367203486616702,167.9451776649746,132.2537953421656,11.0,9.59999999999999,16.280000000000012,71.5,264.60347346464386,179,0.2541255180199618,1.0,5.600000000000005,12.379999999999987,47.5,0.014067181220407399,160,8556.398686930912,6215.676127440043,14772.074814370955,6604.899999999999
964,988,258,8.795905065500765,3.0607287449392713,7.533198380566795,14.242246963562756,58.1336032388664,23.53866396761137,23.487012864696695,168.13056680161944,113.68654886905257,11.0,9.59999999999999,16.280000000000012,71.5,263.60347346464386,179,0.2541255180199618,1.0,5.600000000000005,12.379999999999987,47.5,0.036207607208429415,160,8690.354204714757,6059.649319091747,14750.003523806503,6671.899999999999
965,1003,238,9.565661332359038,3.07876370887338,7.52073778664008,14.24131605184448,58.02542372881356,23.8826520438684,20.280997483524686,168.2023928215354,264.17038106222014,11.0,9.59999999999999,16.34000000000001,71.5,171.2367703579717,179,0.2541255180199618,1.0,5.500000000000005,12.379999999999987,47.5,0.04175210270858143,161,9594.358316356116,4826.877401078876,14421.235717434993,6926.899999999998
966,987,263,10.14672077935384,3.0567375886524824,7.515197568389064,14.25951367781157,58.20618034447822,24.09422492401217,16.411331529389432,168.31306990881458,264.17038106222014,11.0,9.59999999999999,16.34000000000001,71.5,98.59321423141749,179,0.2541255180199618,1.0,5.500000000000005,12.379999999999987,47.5,0.0003673604162610644,161,10014.81340922224,4316.180192229421,14330.99360145166,7407.799999999998
967,1002,251,9.76540604736619,3.082834331337325,7.535429141716576,14.264850299401221,58.23852295409181,24.17065868263474,16.126460519557323,168.51996007984033,264.17038106222014,11.0,9.499999999999991,16.34000000000001,71.5,109.52674062648464,179,0.2541255180199618,1.0,5.500000000000005,12.379999999999987,47.5,0.10354422203570479,161,9784.936859460922,4047.741590408888,13832.67844986981,7001.199999999999
968,996,247,8.93850135554442,3.0793172690763053,7.522991967871488,14.26710843373496,58.30672690763052,23.89056224899597,19.03921029199409,168.70281124497993,135.53024704357827,11.0,9.499999999999991,16.34000000000001,71.5,264.17038106222014,180,0.2541255180199618,1.0,5.500000000000005,12.379999999999987,47.5,0.08590282967351781,161,8902.747350122241,4702.684942122541,13605.432292244783,7116.5999999999985
969,992,250,9.181533145138557,3.0463709677419355,7.540826612903225,14.246653225806467,58.25806451612903,24.728629032258056,17.87756746047567,168.85383064516128,266.1227205466074,11.0,9.499999999999991,16.34000000000001,71.5,138.14965930046475,180,0.25471654815596523,1.0,5.500000000000005,12.379999999999987,47.0,0.09428407593258159,161,9108.08087997745,4469.391865118918,13577.472745096367,7226.5999999999985
970,977,260,9.278129326073199,3.013306038894575,7.567451381780958,14.228393039918126,58.21801432958035,25.248004094165807,16.761740772215784,169.03684749232343,266.1227205466074,11.0,9.499999999999991,16.34000000000001,71.5,137.14965930046475,180,0.25471654815596523,1.0,5.500000000000005,12.379999999999987,47.0,0.07051730436022252,161,9064.732351573515,4358.052600776104,13422.784952349619,7726.999999999998
971,959,256,8.830673411886492,2.9749739311783108,7.597497393117831,14.225046923879056,58.184567257559955,25.190615224191898,19.611771232615023,169.29092805005214,266.1227205466074,11.0,9.499999999999991,16.34000000000001,71.5,136.14965930046475,181,0.25471654815596523,1.0,5.500000000000005,12.379999999999987,47.0,0.2990132006295583,161,8468.615801999145,5020.613435549446,13489.229237548592,7089.699999999998
972,961,258,8.980287616950395,2.9542143600416235,7.605619146722172,14.233881373569202,58.2315296566077,24.744536940686782,17.89726056683868,169.51508844953173,310.1227205466074,11.0,9.499999999999991,16.220000000000013,71.5,135.14965930046475,181,0.25471654815596523,1.0,5.500000000000005,12.379999999999987,47.0,0.023134786622957204,161,8630.05639988933,4617.493226244379,13247.54962613371,6359.799999999998
973,978,240,8.787884951307063,2.9284253578732105,7.586605316973421,14.210000000000006,58.16104294478528,24.997034764826132,21.653069782959946,169.74335378323107,155.0613602733037,11.0,9.59999999999999,16.160000000000014,71.5,134.14965930046475,181,0.26043802567714536,1.0,5.400000000000006,12.379999999999987,47.0,0.05438077531909835,162,8594.551482378309,5196.736747910387,13791.288230288696,6317.0999999999985
974,970,258,9.114435784760405,2.9051546391752576,7.581958762886599,14.200845360824763,58.16082474226804,24.955257731958756,18.578059314056564,169.97010309278352,155.0613602733037,11.0,9.59999999999999,16.160000000000014,71.5,133.14965930046475,181,0.26182491584739537,1.0,5.400000000000006,12.379999999999987,47.0,0.10196291004376645,162,8841.002711217592,4793.139303026594,13634.142014244186,7060.0999999999985
975,953,272,9.098596615134628,2.885624344176285,7.5725078698845785,14.194606505771247,58.22875131164743,24.53116474291708,18.300660426875762,170.21301154249738,170.71374198768672,11.0,9.59999999999999,16.220000000000013,72.0,196.3218620811832,182,0.25891951948214587,1.0,5.400000000000006,12.379999999999987,47.0,0.019284495511729283,162,8670.9625742233,4977.779636110207,13648.742210333508,7082.699999999998
976,968,276,9.123576039336472,2.9328512396694215,7.575723140495875,14.196859504132233,58.29855371900826,23.853409090909096,19.339466937707975,170.36880165289256,196.79803182337685,11.0,9.59999999999999,16.220000000000013,72.0,139.52833451401904,182,0.25891951948214587,1.0,5.400000000000006,12.379999999999987,47.5,0.0003673604162610644,162,8831.621606077704,5337.6928748074015,14169.314480885107,5984.199999999999
977,991,251,9.66584222670729,2.9384460141271442,7.564581231079728,14.19095862764885,58.276488395560044,23.936730575176632,21.140498765826305,170.4409687184662,196.79803182337685,11.0,9.59999999999999,16.220000000000013,72.0,107.74186482414932,182,0.2501401091445061,1.0,5.400000000000006,12.319999999999986,47.5,0.014279900055813588,162,9578.849646666926,5306.265190222402,14885.114836889328,5952.499999999998
978,989,270,9.191329215408526,2.9312436804853386,7.5432760364004094,14.189100101112263,58.25480283114257,23.477047522750272,20.87081928552209,170.55915065722954,196.79803182337685,10.0,9.59999999999999,16.220000000000013,72.0,170.71374198768672,182,0.2501401091445061,1.0,5.400000000000006,12.319999999999986,47.0,0.0023693532754380797,163,9090.224594039033,5635.121207090964,14725.345801129997,7135.099999999998
979,962,273,9.32833983837449,2.95010395010395,7.532744282744282,14.186611226611241,58.182952182952185,24.78846153846154,20.806603332519003,170.71829521829522,196.79803182337685,10.0,9.59999999999999,16.220000000000013,72.0,138.64799346936,182,0.2501401091445061,1.0,5.400000000000006,12.319999999999986,47.0,0.011975495886797694,163,8973.86292451626,5680.202709777688,14654.065634293947,7476.0999999999985
980,953,265,9.54436270640314,2.9328436516264427,7.528541448058761,14.179937040923425,58.18415529905561,25.32728226652679,21.385907031780356,170.9254984260231,196.79803182337685,9.0,9.59999999999999,16.220000000000013,72.0,137.64799346936,182,0.2501401091445061,1.0,5.400000000000006,12.319999999999986,47.0,0.018084893234444843,163,9095.777659202193,5667.265363421794,14763.043022623988,7406.499999999998
981,944,264,9.222622294757867,2.9565677966101696,7.509639830508471,14.19944915254239,58.33951271186441,25.205084745762708,22.23160748067823,171.03919491525423,121.93215789647697,9.0,9.59999999999999,16.220000000000013,72.0,196.79803182337685,182,0.2501401091445061,1.0,5.300000000000006,12.319999999999986,47.0,0.11649138920209623,163,8706.155446251427,5869.144374899052,14575.299821150478,6688.699999999999
982,933,275,10.164541065537383,2.954983922829582,7.513290460878886,14.199871382636651,58.40568060021436,24.504501607717035,18.482680101607155,171.19399785637728,197.80825211545402,9.0,9.59999999999999,16.220000000000013,72.0,102.3647447582068,182,0.2527296709814162,1.0,5.200000000000006,12.319999999999986,47.0,0.015430002723637148,163,9483.516814146378,5082.737027941967,14566.253842088347,6525.499999999998
983,931,259,10.460169373835901,2.940923737916219,7.517830290010743,14.206680988184754,58.56122448979592,23.97046186895813,17.41760324909202,171.29752953813104,164.9543272612288,9.0,9.59999999999999,16.220000000000013,72.5,106.18100204303788,183,0.25674362133866424,1.0,5.200000000000006,12.319999999999986,47.0,0.08976816060292592,163,9738.417687041225,4511.159241514833,14249.576928556058,5835.999999999999
984,962,253,10.16052305216761,2.946985446985447,7.521517671517672,14.20401247401248,58.50571725571726,23.01351351351354,17.319124082440517,171.41580041580042,140.6362304818281,9.0,9.59999999999999,16.220000000000013,72.5,105.18100204303788,183,0.25674362133866424,1.0,5.200000000000006,12.319999999999986,47.0,0.0047387065508761594,164,9774.42317618524,4381.738392857451,14156.161569042692,5774.399999999999
985,998,228,9.688021157304085,2.9549098196392785,7.496092184368739,14.237835671342696,58.6503006012024,22.750501002004025,19.291051456416163,171.44188376753507,127.18390053432084,9.0,9.59999999999999,16.220000000000013,72.5,140.6362304818281,183,0.25674362133866424,1.0,5.200000000000006,12.319999999999986,47.0,0.058389562762130476,164,9668.645114989476,4398.359732062885,14067.004847052362,6086.899999999999
986,1044,232,9.033097282862931,2.9511494252873565,7.4809386973180185,14.252068965517246,58.74090038314176,22.691091954023026,18.81171905744525,171.57950191570882,153.77682559855376,9.0,9.59999999999999,16.220000000000013,72.5,115.93524723471967,183,0.25243742102396044,1.0,5.200000000000006,12.259999999999986,47.0,0.00974968409584176,164,9430.5535633089,4364.318821327298,13794.872384636197,6882.699999999998
987,1049,210,9.429954104764796,2.945662535748332,7.48369876072451,14.243431839847483,58.761201143946614,23.38226882745472,18.670524649071524,171.75119161105815,153.77682559855376,9.0,9.499999999999991,16.220000000000013,72.5,127.18390053432084,183,0.25243742102396044,1.0,5.200000000000006,12.259999999999986,47.5,0.062197650227487244,164,9892.02185589827,3920.8101763050204,13812.83203220329,7131.899999999999
988,1020,245,8.570798033418813,2.9323529411764704,7.483235294117652,14.259000000000011,58.897549019607844,24.338627450980386,19.412134817422952,171.92156862745097,118.68923143598593,9.0,9.499999999999991,16.220000000000013,72.5,155.6274164945551,183,0.25243742102396044,1.0,5.300000000000006,12.259999999999986,47.5,0.15684012183287832,164,8742.21399408719,4755.973030268623,13498.187024355811,8525.699999999999
989,1017,243,8.877733779208546,2.92133726647001,7.481809242871195,14.265191740412975,58.8913470993117,25.42782694198625,17.71295282548538,172.117994100295,166.68645560734012,9.0,9.499999999999991,16.280000000000012,72.5,112.90412605772701,184,0.2588062543424901,1.0,5.200000000000006,12.259999999999986,47.5,0.00974968409584176,164,9028.655253455092,4304.247536592948,13332.90279004804,7550.499999999998
990,1005,230,9.542482530988051,2.882587064676617,7.498706467661696,14.263044776119399,58.971144278606964,26.571741293532316,16.449288377451136,172.2547263681592,166.68645560734012,9.0,9.499999999999991,16.280000000000012,73.0,111.90412605772701,184,0.2537025584718082,1.0,5.200000000000006,12.259999999999986,47.5,0.07500515976886013,164,9590.194943642991,3783.3363268137614,13373.531270456753,7869.0999999999985
991,978,265,9.172623662438568,2.9130879345603273,7.497034764826176,14.259386503067464,59.06492842535787,26.7176891615542,16.1147180567563,172.41717791411043,166.68645560734012,9.0,9.499999999999991,16.280000000000012,73.0,110.90412605772701,184,0.2537025584718082,1.0,5.200000000000006,12.259999999999986,47.5,0.014556510540287837,164,8970.82594186492,4270.4002850404195,13241.226226905339,8249.399999999998
992,965,261,9.539132319714282,2.9595854922279794,7.504559585492229,14.263005181347145,59.14041450777202,26.001347150259086,15.483852201311093,172.58963730569948,156.22617082810805,10.0,9.499999999999991,16.280000000000012,73.0,166.68645560734012,184,0.2537025584718082,1.0,5.200000000000006,12.259999999999986,47.5,0.01560540643505992,165,9205.262688524283,4041.2854245421954,13246.548113066478,6924.699999999999
993,979,265,8.366945369095054,2.961184882533197,7.502757916241063,14.251399387129725,59.04749744637385,24.29775280898877,18.788168994348396,172.85801838610828,108.05960813398534,10.0,9.499999999999991,16.280000000000012,73.0,165.68645560734012,184,0.2537025584718082,1.0,5.200000000000006,12.259999999999986,47.0,0.048496158717215465,165,8191.239516344059,4978.864783502325,13170.104299846384,6445.799999999998
994,987,248,8.55081850136355,2.9199594731509624,7.50780141843972,14.243525835866254,59.0612968591692,23.70202634245186,19.25812059832265,173.144883485309,108.97992386094404,10.0,9.499999999999991,16.280000000000012,73.0,164.68645560734012,184,0.2573865748093133,1.0,5.200000000000006,12.499999999999988,47.0,0.021726209546511832,165,8439.657860845824,4776.013908384018,13215.67176922984,6598.499999999998
995,973,263,8.449525660825604,2.8900308324768758,7.495683453237412,14.23747173689618,59.04110996916752,24.18283658787255,19.286418118006598,173.24152106885919,113.60091705374339,10.0,9.499999999999991,16.280000000000012,73.0,163.68645560734012,184,0.2573865748093133,1.0,5.200000000000006,12.499999999999988,47.0,0.0664554058960718,166,8221.388467983312,5072.327965035735,13293.716433019046,7137.699999999998
996,988,246,8.758808450403368,2.866396761133603,7.491801619433196,14.24176113360323,59.11993927125506,25.438157894736825,18.58570888856381,173.34412955465586,163.45914409216613,10.0,9.499999999999991,16.280000000000012,73.0,153.22617082810805,184,0.2573865748093133,1.0,5.200000000000006,12.499999999999988,47.0,0.05909259847450654,166,8653.702748998528,4572.084386586697,13225.787135585226,7208.999999999998
997,959,259,8.543021970916111,2.7904066736183526,7.489468196037535,14.2378102189781,59.10062565172054,25.88321167883215,19.283494466427147,173.37643378519292,115.33609293027489,10.0,9.499999999999991,16.100000000000016,73.0,163.45914409216613,184,0.2573865748093133,1.0,5.200000000000006,12.559999999999988,47.0,0.032294405785522784,166,8192.758070108552,4994.425066804631,13187.183136913183,7482.299999999998
998,949,255,8.65765529487603,2.778714436248683,7.49399367755532,14.244552160168599,59.23129610115912,26.195785036880935,18.946502385102054,173.58798735511064,156.29477336791854,10.0,9.499999999999991,16.100000000000016,73.0,162.45914409216613,185,0.27015069982008927,1.0,5.600000000000005,12.559999999999988,47.5,0.03558060434571653,166,8216.114874837353,4831.358108201024,13047.472983038377,6523.699999999999
999,917,260,8.605834408977481,2.7786259541984735,7.49094874591058,14.269443838604143,59.31570338058888,25.865103598691388,19.68201228581296,173.76117775354416,162.2190252879874,11.0,9.499999999999991,16.100000000000016,73.5,152.23197404882464,185,0.2532268776362564,1.0,5.700000000000005,12.559999999999988,47.5,0.2863158485528224,166,7891.550153032351,5117.32319431137,13008.87334734372,6885.299999999998
1000,905,275,9.245158499641928,2.7679558011049723,7.500331491712705,14.275469613259641,59.286187845303864,24.81403314917129,19.193397337492193,173.97016574585635,117.62237665622767,11.0,9.499999999999991,16.040000000000017,73.5,156.29477336791854,185,0.2532268776362564,1.0,5.700000000000005,12.559999999999988,47.5,0.01091194667456552,166,8366.868442175944,5278.184267810353,13645.052709986297,5931.299999999999
1001,910,262,9.4021073310587,2.7516483516483516,7.51648351648351,14.278175824175822,59.353846153846156,24.04428571428571,22.109098849879672,174.22417582417583,151.93155520608337,11.0,9.499999999999991,16.040000000000017,73.5,155.29477336791854,185,0.2532268776362564,1.0,5.700000000000005,12.559999999999988,47.5,0.04079145172453913,167,8555.917671263416,5792.583898668474,14348.50156993189,5688.0999999999985
