Turn,#animals,#food,avgAE,avgET,avgH,avgV,avgML,avgL,avgFE,avgGen,maxAE,maxET,maxH,maxV,maxML,maxFE,maxGen,minAE,minET,minH,minV,minML,minFE,minGen,totalAE,totalFE,totalE,totalCombat
0,100,600,11.5525,46.21,4.84,12.05,23.94,0.0,49.055,0.0,24.5,98.0,9.0,14.0,49.0,99.0,0,0.5,2.0,1.0,10.0,1.0,1.0,0,1155.25,29433.0,30588.25,0.0
1,94,1142,46.27925531914894,45.41489361702128,4.904255319148936,11.98936170212766,25.382978723404257,1.7659574468085106,48.82399299474606,0.0,118.75,98.0,9.0,14.0,49.0,113.0,0,0.5,2.0,1.0,10.0,2.0,1.0,0,4350.25,55757.0,60107.25,93.0
2,119,1131,43.29149159663866,42.21848739495798,5.037815126050421,12.014789915966388,26.058823529411764,2.9495798319327733,48.6867816091954,0.23529411764705882,171.75,98.0,9.1,14.0,49.5,112.0,1,0.5,2.0,0.9,10.0,3.0,1.0,0,5151.6875,55064.75,60216.4375,134.0
3,136,1120,50.85765165441177,40.69117647058823,5.153676470588237,11.881911764705883,26.547794117647058,3.264705882352941,48.12566964285714,0.41911764705882354,158.75,93.0,9.1,14.06,49.5,111.0,2,0.5,2.0,0.9,9.94,3.0,1.0,0,6916.640625,53900.75,60817.390625,167.0
4,185,1107,45.07286739864865,39.85945945945946,5.201621621621623,11.87113513513514,26.5972972972973,3.4010810810810814,47.353644421860885,0.6972972972972973,174.75,93.0,9.2,14.06,49.5,110.0,3,0.5,2.0,0.9,9.94,3.0,1.0,0,8338.48046875,52420.484375,60758.96484375,177.2
5,211,1060,54.34534212085308,40.90521327014218,5.11706161137441,11.891753554502372,27.182464454976305,4.098578199052133,47.16784345518868,0.8246445497630331,188.125,93.0,9.2,14.06,49.5,109.0,3,0.5,2.0,0.9,9.94,3.0,0.75,0,11466.8671875,49997.9140625,61464.78125,326.09999999999997
6,267,1042,49.06907625234082,40.49438202247191,5.0531835205992515,11.880449438202252,27.312734082397004,3.676404494382022,46.667353946737045,1.0861423220973783,214.25,93.0,9.2,14.120000000000001,49.5,108.0,3,1.44140625,3.0,0.9,9.879999999999999,3.0,0.5,0,13101.443359375,48627.3828125,61728.826171875,357.7
7,316,1000,49.65136255191851,39.47784810126582,5.287658227848102,11.943101265822788,27.67246835443038,4.200316455696202,46.32495703125,1.25,188.125,93.0,9.2,14.120000000000001,49.5,140.125,4,1.37890625,3.0,0.9,9.879999999999999,3.0,0.1171875,0,15689.83056640625,46324.95703125,62014.78759765625,450.6
8,358,951,51.85279888813722,38.29608938547486,5.229888268156424,11.900223463687153,27.51396648044693,5.67513966480447,46.62058031019979,1.405027932960894,217.6875,93.0,9.2,14.120000000000001,49.5,146.75,4,2.21875,3.0,0.9,9.879999999999999,3.0,0.234375,0,18563.302001953125,44336.171875,62899.473876953125,939.1
9,396,872,49.33900898634786,37.01767676767677,5.205555555555556,11.970454545454544,27.86868686868687,6.418939393939392,46.96477431551032,1.6035353535353536,174.75,93.0,9.2,14.120000000000001,49.5,145.75,4,2.16015625,4.0,0.8,9.879999999999999,3.0,0.8828125,0,19538.24755859375,40953.283203125,60491.53076171875,1229.0
10,449,786,48.69887972621451,36.623608017817375,5.198886414253899,11.926948775055685,28.170378619153674,6.797995545657012,47.27152164837786,1.78173719376392,194.3125,93.0,9.299999999999999,14.120000000000001,50.0,144.75,5,2.21875,3.0,0.8,9.819999999999999,3.0,1.0,0,21865.796997070312,37155.416015625,59021.21301269531,1038.2
11,503,714,46.87219262549702,35.36978131212724,5.3320079522862835,11.956620278330012,28.73956262425447,7.009940357852882,47.003852908350844,1.9642147117296223,194.3125,93.0,9.299999999999999,14.180000000000001,50.0,174.125,5,2.21875,3.0,0.8,9.819999999999999,3.0,1.0,0,23576.712890625,33560.7509765625,57137.4638671875,1265.5
12,544,640,44.8323018691119,34.6672794117647,5.350367647058826,11.936838235294116,28.912683823529413,7.244669117647057,48.261156463623045,2.161764705882353,194.3125,93.0,9.299999999999999,14.180000000000001,50.0,173.125,6,1.7891845703125,3.0,0.7000000000000001,9.819999999999999,2.5,1.0,0,24388.772216796875,30887.14013671875,55275.912353515625,1563.0
13,596,553,44.083899222764394,34.352348993288594,5.4459731543624175,11.98063758389262,29.67953020134228,8.654865771812073,48.3035264523939,2.2701342281879193,194.3125,93.0,9.299999999999999,14.240000000000002,50.0,172.125,5,1.30126953125,2.0,0.7000000000000001,9.819999999999999,3.0,0.246337890625,0,26274.003936767578,26711.850128173828,52985.854064941406,1896.2
14,628,498,41.45787296173679,34.30573248407644,5.408280254777078,11.998535031847142,29.74203821656051,9.321815286624204,49.54376735457455,2.4363057324840764,194.3125,93.0,9.299999999999999,14.240000000000002,50.5,171.125,6,1.687744140625,3.0,0.7000000000000001,9.819999999999999,3.0,1.0,0,26035.544219970703,24672.796142578125,50708.34036254883,2470.0
15,632,446,42.546116937564896,33.64398734177215,5.511867088607598,12.039810126582275,30.617088607594937,10.973734177215189,49.51383937955437,2.5712025316455698,191.9296875,93.0,9.299999999999999,14.240000000000002,50.5,194.3125,6,1.090087890625,3.0,0.7000000000000001,9.819999999999999,3.0,0.016387939453125,0,26889.145904541016,22083.17236328125,48972.318267822266,2583.9
16,627,421,42.11324118046859,34.145135566188195,5.606539074960127,12.082838915470504,31.07017543859649,12.38995215311005,48.93385057607909,2.696969696969697,220.1484375,93.0,9.299999999999999,14.240000000000002,50.5,171.734375,5,1.090087890625,2.0,0.7000000000000001,9.819999999999999,3.0,2.162567138671875,0,26405.00222015381,20601.151092529297,47006.153312683105,3146.1
17,598,439,40.4564821026397,33.41304347826087,5.733779264214046,12.145384615384629,31.744983277591974,12.751505016722408,47.752864585650535,2.8762541806020065,220.1484375,93.0,9.299999999999999,14.240000000000002,50.5,191.9296875,6,1.102813720703125,2.0,0.7000000000000001,9.759999999999998,3.0,1.090087890625,0,24192.97629737854,20963.507553100586,45156.483850479126,3136.0
18,600,403,41.19012560208638,32.765,5.873333333333333,12.16343333333334,32.6775,13.183666666666666,46.43602340452133,3.055,220.1484375,93.0,9.299999999999999,14.240000000000002,50.5,199.1171875,6,1.4190673828125,2.0,0.7000000000000001,9.759999999999998,2.5,0.090087890625,0,24714.07536125183,18713.717432022095,43427.792793273926,2600.8
19,599,396,38.42441785076823,31.202003338898162,5.931385642737901,12.193889816360597,33.32470784641068,12.918864774624376,46.73783745910182,3.2721202003338896,225.53515625,93.0,9.299999999999999,14.240000000000002,50.5,208.1201171875,6,1.4898834228515625,2.0,0.7000000000000001,9.759999999999998,2.5,0.32513427734375,0,23016.22629261017,18508.18363380432,41524.40992641449,2597.7
20,575,386,38.13545388055884,31.52521739130435,5.860695652173917,12.172139130434772,33.78,12.512869565217397,46.581490160887725,3.4504347826086956,228.08984375,93.0,9.299999999999999,14.240000000000002,50.5,207.1201171875,7,1.525390625,2.0,0.7000000000000001,9.759999999999998,2.5,0.2255706787109375,1,21927.885981321335,17980.45520210266,39908.341183423996,2865.1
21,581,355,35.95792260842972,30.395869191049915,6.035283993115321,12.198829604130808,34.63166953528399,12.402237521514637,49.34672797565729,3.5800344234079176,228.08984375,93.0,9.299999999999999,14.240000000000002,50.5,225.53515625,7,1.0634765625,3.0,0.6000000000000001,9.759999999999998,3.0,0.03277587890625,1,20891.553035497665,17518.088431358337,38409.641466856,2292.5
22,615,300,35.64161723125272,29.4260162601626,6.093333333333335,12.287284552845534,34.29349593495935,12.890731707317071,49.29719224611918,3.7577235772357724,399.76953125,93.0,9.299999999999999,14.240000000000002,50.5,234.0074462890625,7,1.0634765625,3.0,0.6000000000000001,9.819999999999999,3.0,0.386077880859375,1,21919.59459722042,14789.157673835754,36708.752271056175,2353.6
23,611,300,33.027837723932564,28.46153846153846,6.187561374795416,12.317315875613746,34.64238952536825,12.784288052373153,50.531571090221405,3.944353518821604,248.88427734375,93.0,9.399999999999999,14.300000000000002,50.5,399.76953125,8,1.0474281311035156,3.0,0.6000000000000001,9.819999999999999,3.0,0.578369140625,1,20180.008849322796,15159.471327066422,35339.48017638922,2725.3
24,611,282,34.168744215305814,28.155482815057283,6.231914893617024,12.349721767594106,34.9075286415712,13.280032733224212,45.60785880494625,4.0785597381342065,412.52880859375,93.0,9.399999999999999,14.300000000000002,50.5,232.0074462890625,8,1.0474281311035156,2.0,0.6000000000000001,9.819999999999999,2.5,0.5,1,20877.102715551853,12861.416182994843,33738.518898546696,2963.8
25,614,265,31.999393648088756,26.50814332247557,6.265146579804559,12.374006514657976,34.920195439739416,13.554234527687292,47.92310208149676,4.268729641693811,208.2965087890625,93.0,9.299999999999999,14.360000000000003,50.5,412.52880859375,9,1.0474281311035156,2.0,0.6000000000000001,9.819999999999999,2.5,0.0322265625,1,19647.627699926496,12699.622051596642,32347.249751523137,2965.4
26,637,260,29.81758217032841,26.116169544740973,6.309733124018834,12.338869701726852,35.22919937205651,13.21883830455259,45.80776941443865,4.5023547880690735,251.21484375,93.0,9.299999999999999,14.360000000000003,50.5,411.52880859375,9,1.0474281311035156,2.0,0.6000000000000001,9.759999999999998,2.5,0.6740589141845703,1,18993.799842499197,11910.02004775405,30903.819890253246,2753.4
27,639,235,30.388529220971982,25.29264475743349,6.335054773082938,12.263505477308302,35.73082942097027,12.801564945226918,44.46258145878289,4.682316118935837,251.21484375,93.0,9.299999999999999,14.360000000000003,50.5,410.52880859375,8,0.8337339162826538,1.0,0.6000000000000001,9.759999999999998,3.0,0.84130859375,1,19418.270172201097,10448.70664281398,29866.976815015078,2594.5
28,627,243,29.410353427749882,25.585326953748005,6.340988835725679,12.193269537480061,36.41467304625199,13.477990430622006,42.48896164701554,4.832535885167464,200.7279052734375,93.0,9.399999999999999,14.300000000000002,50.5,409.52880859375,9,0.8337339162826538,2.0,0.6000000000000001,9.759999999999998,3.0,0.047428131103515625,2,18440.291599199176,10324.817680224776,28765.109279423952,3147.4
29,648,221,26.777567722064294,24.09567901234568,6.425000000000001,12.192376543209882,37.02469135802469,14.212654320987651,47.08988183433384,5.044753086419753,414.8300476074219,93.0,9.399999999999999,14.240000000000002,51.0,227.0074462890625,9,0.7870509028434753,2.0,0.6000000000000001,9.699999999999998,3.0,0.4686431884765625,2,17351.863883897662,10406.863885387778,27758.72776928544,2978.2
30,634,217,27.084879915315177,24.173501577287066,6.460252365930602,12.15914826498423,37.35488958990536,14.90331230283911,45.24800193230815,5.220820189274448,414.8300476074219,93.0,9.399999999999999,14.240000000000002,51.0,234.3134765625,9,1.7856903076171875,3.0,0.6000000000000001,9.699999999999998,7.0,0.937286376953125,2,17171.81386630982,9818.816419310868,26990.63028562069,3463.7999999999997
31,599,234,27.91610791666654,23.34557595993322,6.545909849749586,12.157362270450761,37.693656093489146,15.8677796327212,40.90245133240381,5.398998330550918,414.8300476074219,93.0,9.399999999999999,14.240000000000002,51.0,233.3134765625,9,1.7856903076171875,3.0,0.6000000000000001,9.759999999999998,7.0,0.5741018056869507,2,16721.748642083257,9571.173611782491,26292.92225386575,3608.4
32,579,227,28.578363584312697,22.68566493955095,6.592400690846289,12.142383419689125,38.12089810017271,16.163903281519847,39.24794864956503,5.563039723661485,414.8300476074219,93.0,9.399999999999999,14.240000000000002,51.0,322.9115447998047,9,1.2051091194152832,3.0,0.6000000000000001,9.699999999999998,12.0,0.2726186513900757,2,16546.872515317053,8909.284343451262,25456.156858768314,3067.0
33,581,228,27.07427958026208,21.619621342512907,6.687951807228912,12.126643717728061,38.61962134251291,15.630292598967293,38.838850885596976,5.759036144578313,414.8300476074219,93.0,9.399999999999999,14.240000000000002,51.0,188.890625,10,1.2051091194152832,3.0,0.5000000000000001,9.699999999999998,12.5,0.24784350395202637,2,15730.156436132267,8855.25800191611,24585.414438048378,2710.9
34,587,233,24.7881547539817,20.83304940374787,6.755195911413966,12.15935264054515,38.999148211243615,15.045996592844965,39.788989848669125,5.945485519591141,330.36781311035156,93.0,9.399999999999999,14.240000000000002,51.0,414.8300476074219,10,1.2051091194152832,3.0,0.5000000000000001,9.699999999999998,12.5,1.0,2,14550.646840587258,9270.834634739906,23821.481475327164,2515.5
35,574,239,22.964281656584646,20.301393728222997,6.793031358885018,12.113937282229967,39.495644599303134,14.732926829268287,40.798155245936194,6.125435540069686,265.5846055448055,92.0,9.399999999999999,14.240000000000002,51.0,413.8300476074219,10,1.2051091194152832,3.0,0.5000000000000001,9.699999999999998,12.5,0.7410528659820557,2,13181.497670879588,9750.75910377875,22932.256774658337,2711.6
36,564,236,22.833695233356973,19.840425531914892,6.818262411347521,12.048014184397175,39.593971631205676,14.882269503546093,39.91880391040912,6.320921985815603,193.1292064189911,92.0,9.399999999999999,14.240000000000002,51.0,412.8300476074219,10,1.2051091194152832,3.0,0.5000000000000001,9.699999999999998,21.0,0.68701171875,2,12878.204111613333,9420.837722856551,22299.041834469885,3012.5
37,585,209,24.200487986227703,19.912820512820513,6.877435897435897,12.105914529914534,39.75982905982906,15.268376068376062,35.52523450986549,6.483760683760684,417.0130019187927,92.0,9.499999999999998,14.240000000000002,51.0,181.13104057312012,10,1.2051091194152832,3.0,0.5000000000000001,9.699999999999998,21.0,1.0947265625,3,14157.285471943207,7424.7740125618875,21582.059484505095,2725.9
38,581,191,25.14521455269815,20.065404475043028,6.9189328743545575,12.162030981067142,39.78399311531842,15.234423407917376,32.930735825585366,6.654044750430293,417.0130019187927,92.0,9.499999999999998,14.300000000000002,51.0,162.5036392211914,11,1.514730453491211,5.0,0.5000000000000001,9.759999999999998,21.0,0.0947265625,3,14609.369655117625,6289.770542686805,20899.14019780443,2583.8
39,602,179,22.833097986591536,20.004983388704318,6.941694352159463,12.162026578073089,39.76079734219269,15.606644518272411,35.76327836136828,6.837209302325581,417.0130019187927,92.0,9.499999999999998,14.300000000000002,51.0,269.1005703713745,12,1.514730453491211,5.0,0.6000000000000001,9.759999999999998,21.0,0.2051091194152832,3,13745.524987928104,6401.626826684922,20147.151814613026,2646.8
40,598,163,24.242570128881514,20.093645484949832,6.899665551839462,12.154682274247497,39.94397993311037,16.02625418060201,31.114945291855765,6.956521739130435,307.79113858006895,92.0,9.499999999999998,14.300000000000002,51.0,417.0130019187927,12,1.514730453491211,5.0,0.6000000000000001,9.759999999999998,21.5,0.025774002075195312,3,14497.056937071146,5071.73608257249,19568.793019643635,2900.2
41,584,176,21.667853099560926,19.352739726027398,6.948630136986303,12.11400684931508,40.19006849315068,16.85410958904109,35.89100652928358,7.138698630136986,307.79113858006895,92.0,9.499999999999998,14.300000000000002,51.0,416.0130019187927,12,2.067751169204712,4.0,0.6000000000000001,9.759999999999998,21.5,1.40655517578125,3,12654.02621014358,6316.817149153911,18970.84335929749,3356.3
42,580,181,21.37419062666304,19.21034482758621,6.993448275862066,12.092517241379323,40.141379310344824,16.56724137931034,31.330707250273587,7.31551724137931,224.11814653873444,92.0,9.499999999999998,14.300000000000002,51.0,415.0130019187927,12,1.9699322264641523,4.0,0.7000000000000001,9.759999999999998,21.5,0.9731418937444687,3,12397.030563464563,5670.858012299519,18067.888575764082,2906.9
43,574,197,20.374178028271515,19.20731707317073,7.012369337979089,12.073658536585365,40.12282229965157,16.38902439024389,29.597981481073038,7.519163763066202,257.2082557491958,92.0,9.499999999999998,14.300000000000002,51.0,414.0130019187927,13,1.8330429655034095,4.0,1.5999999999999996,9.759999999999998,24.0,0.3224048614501953,3,11694.77818822785,5830.802351771388,17525.58053999924,3030.8
44,545,201,20.85875632626543,19.54678899082569,7.00532110091743,12.020880733944963,40.305504587155966,16.302568807339448,27.799840115747458,7.625688073394495,427.8441162109375,92.0,9.499999999999998,14.300000000000002,51.0,170.16501235961914,13,1.8330429655034095,4.0,1.6999999999999997,9.759999999999998,24.0,0.26197004318237305,3,11368.022197814658,5587.767863265239,16955.790061079897,2790.1
45,541,203,18.85244726891518,18.933456561922366,7.103512014787433,12.031312384473198,40.33641404805915,16.302957486136783,30.39369727268395,7.853974121996303,213.92205810546875,90.0,9.499999999999998,14.300000000000002,51.0,257.2082557491958,13,1.6543917944654822,4.0,1.6999999999999997,9.759999999999998,27.0,0.5175577364861965,3,10199.173972483113,6169.920546354842,16369.094518837956,2736.6
46,525,205,18.002047603717322,18.64,7.143238095238094,12.019771428571422,40.58095238095238,16.36952380952382,32.33498812059179,8.076190476190476,178.7040400505066,90.0,9.499999999999998,14.360000000000003,51.5,256.2082557491958,13,1.2577398186549544,4.0,1.6999999999999997,9.759999999999998,27.0,0.16530704498291016,4,9451.074991951595,6628.672564721317,16079.747556672912,2742.2
47,491,215,19.007930154508202,18.578411405295316,7.237067209775966,12.035723014256618,40.71486761710794,16.31568228105905,30.381751004524723,8.295315682281059,248.59816706180573,90.0,9.599999999999998,14.360000000000003,51.5,255.2082557491958,13,1.2577398186549544,3.0,1.9,9.759999999999998,28.5,0.26255377382040024,4,9332.893705863527,6532.076465972816,15864.970171836343,2926.1
48,489,191,19.340474283933798,18.67075664621677,7.23783231083844,12.02756646216768,40.830265848670756,16.51717791411042,32.028896064684346,8.445807770961146,169.64422604441643,90.0,9.599999999999998,14.360000000000003,51.5,254.2082557491958,13,1.5155280530452728,3.0,1.9,9.759999999999998,28.5,1.1798556670546532,4,9457.491924843627,6117.51914835471,15575.011073198337,2354.5
49,519,170,19.596490579652496,18.294797687861273,7.253371868978803,12.050057803468203,40.9373795761079,16.54142581888245,28.33199993382201,8.560693641618498,261.529395860387,90.0,9.599999999999998,14.360000000000003,51.5,177.7040400505066,14,1.5155280530452728,3.0,1.9,9.759999999999998,29.0,0.17985566705465317,4,10170.578610839646,4816.439988749742,14987.018599589388,2118.2
50,516,171,19.32573248867867,18.248062015503876,7.2436046511627925,12.041782945736427,40.95639534883721,15.80232558139533,26.88681462255585,8.736434108527131,261.529395860387,90.0,9.599999999999998,14.360000000000003,51.5,176.7040400505066,14,1.0633666598587297,2.0,1.9,9.699999999999998,29.0,0.6990941762924194,4,9972.077964158194,4597.64530045705,14569.723264615244,2353.2
51,520,152,19.108583220922924,18.409615384615385,7.267692307692301,12.017807692307683,40.94711538461539,16.864230769230776,27.351187555625312,8.85576923076923,214.71585930883884,90.0,9.599999999999998,14.360000000000003,51.5,196.87897686904762,14,1.0633666598587297,2.0,1.9,9.639999999999997,29.0,0.054573237895965576,5,9936.46327487992,4157.380508455048,14093.843783334967,2597.4
52,523,161,18.608267215729065,18.47036328871893,7.261950286806882,12.01483747609943,40.958891013384324,16.326195028680694,23.54116295446436,9.049713193116634,220.7637995183468,90.0,9.499999999999998,14.360000000000003,51.5,195.87897686904762,14,1.5155280530452728,4.0,1.9,9.639999999999997,29.0,0.4281332306563854,5,9732.123753826301,3790.1272356687623,13522.250989495064,2665.3
53,531,164,16.4923388058049,18.193973634651602,7.300564971751408,12.023841807909609,41.027306967984934,15.211676082862526,26.295823264242376,9.2015065913371,220.7637995183468,90.0,9.499999999999998,14.360000000000003,51.5,194.87897686904762,14,1.0633666598587297,4.0,1.9,9.639999999999997,29.0,0.06336665985872969,5,8757.4319058824,4312.51501533575,13069.94692121815,2239.5
54,545,136,17.168572480656742,18.363302752293578,7.256513761467883,11.975522935779807,41.27155963302752,15.930825688073392,25.93220617694241,9.247706422018348,220.7637995183468,90.0,9.499999999999998,14.360000000000003,51.5,186.15814765391406,14,1.3459925288334489,4.0,1.9,9.579999999999997,29.0,0.11084727942943573,5,9356.872001957925,3526.780040064168,12883.652042022093,2319.8
55,526,151,16.98339240978828,18.526615969581748,7.266539923954366,11.973764258555127,41.43441064638783,16.247528517110265,24.511825460004626,9.374524714828897,220.7637995183468,90.0,9.499999999999998,14.360000000000003,51.5,185.15814765391406,14,1.3459925288334489,4.0,1.9,9.579999999999997,29.0,0.49893853068351746,5,8933.264407548635,3701.2856444606987,12634.550052009334,2696.5
56,504,151,16.770792760501966,18.46230158730159,7.22420634920634,11.90075396825396,41.60515873015873,16.53511904761904,26.030310907161304,9.48611111111111,200.98854104971724,90.0,9.499999999999998,14.360000000000003,51.5,220.7637995183468,14,1.184719625802245,4.0,2.0,9.579999999999997,29.0,0.40562544018030167,5,8452.47955129299,3930.5769469813567,12383.056498274347,2525.7
57,501,152,17.167918857468862,18.235528942115767,7.226946107784426,11.868582834331333,41.8253493013972,16.919560878243512,22.418453953587722,9.648702594810379,240.4499425351387,90.0,9.599999999999998,14.360000000000003,51.5,219.7637995183468,14,1.184719625802245,4.0,2.0,9.579999999999997,29.0,0.18917463696561754,6,8601.1273475919,3407.605000945334,12008.732348537234,2415.8
58,488,152,16.67234508824074,18.28483606557377,7.217213114754095,11.856598360655736,42.14754098360656,16.98381147540984,22.098188533140203,9.780737704918034,132.75839495519176,90.0,9.599999999999998,14.360000000000003,51.5,218.7637995183468,14,1.184719625802245,4.0,2.0,9.639999999999997,29.5,0.7422206532210112,6,8136.10440306148,3358.9246570373107,11495.02906009879,2619.4
59,477,150,15.835656176124429,18.11530398322851,7.24150943396226,11.854758909853247,42.15932914046122,17.098742138364777,23.85012232868447,9.955974842767295,120.22497126756934,90.0,9.599999999999998,14.360000000000003,51.5,217.7637995183468,14,1.184719625802245,4.0,2.0,9.639999999999997,29.5,0.08460257369733881,6,7553.607996011353,3577.5183493026707,11131.126345314024,2492.8
60,463,163,16.198268197893437,18.557235421166308,7.212958963282936,11.886133909287269,42.11015118790497,17.8207343412527,20.626983151971988,10.03671706263499,228.75803738180548,90.0,9.399999999999999,14.360000000000003,51.5,91.0,15,1.184719625802245,4.0,2.0,9.579999999999997,29.0,0.7319993581622839,6,7499.798175624661,3362.198253771434,10861.996429396095,2705.1
61,447,168,15.886137177216447,18.447427293064877,7.246532438478749,11.91561521252797,42.09395973154363,17.963534675615218,21.91135702911284,10.10738255033557,228.75803738180548,90.0,9.399999999999999,14.360000000000003,51.5,120.22497126756934,15,1.184719625802245,4.0,2.0,9.579999999999997,29.0,0.000902793079148978,6,7101.103318215752,3681.107980890957,10782.211299106708,2371.1
62,433,157,15.774046999246824,18.099307159353348,7.295612009237871,11.944110854503482,42.302540415704385,18.106004618937632,24.513988982936503,10.274826789838338,110.71794258058071,90.0,9.299999999999999,14.180000000000001,51.5,228.75803738180548,15,1.184719625802245,3.0,2.0,9.579999999999997,29.0,1.021973891183734,6,6830.162350673875,3848.696270321031,10678.858620994906,2102.7
63,435,146,16.329455240471827,17.875862068965517,7.3301149425287315,12.016919540229893,42.41149425287356,17.36666666666666,22.702340604383313,10.466666666666667,247.1014354286017,90.0,9.299999999999999,14.180000000000001,51.5,118.22497126756934,15,1.184719625802245,3.0,2.0,9.579999999999997,29.5,0.02197389118373394,6,7103.313029605244,3314.5417282399635,10417.854757845207,1811.9
64,456,117,16.092147402494728,17.260964912280702,7.391885964912286,12.069429824561407,42.39035087719298,17.277850877192975,24.82784718732412,10.671052631578947,247.1014354286017,42.0,9.299999999999999,14.180000000000001,51.5,117.22497126756934,15,1.184719625802245,3.0,5.400000000000002,9.579999999999997,29.5,1.0,6,7338.019215537595,2904.858120916922,10242.877336454518,1786.1
65,472,109,15.129414993603573,17.01271186440678,7.406991525423719,12.092457627118652,42.119703389830505,17.18495762711865,26.37642438902364,10.826271186440678,247.1014354286017,42.0,9.399999999999999,14.240000000000002,51.5,116.22497126756934,15,1.2848313441791106,3.0,5.400000000000002,9.579999999999997,29.0,1.1824994245544076,7,7141.083876980887,2875.0302584035767,10016.114135384463,2034.2
66,464,135,13.85002639629473,16.98060344827586,7.432758620689649,12.089655172413796,41.866379310344826,16.505172413793094,26.133139427429047,11.060344827586206,107.11329345675745,42.0,9.399999999999999,14.240000000000002,51.5,247.1014354286017,15,1.2848313441791106,3.0,5.400000000000002,9.579999999999997,29.0,0.1824994245544076,7,6426.412247880755,3527.973822702921,9954.386070583676,2175.5
67,445,139,13.9721051074359,16.820224719101123,7.374606741573024,11.985662921348315,41.72696629213483,16.308988764044937,27.151321676916908,11.233707865168538,106.20434957649559,41.0,9.399999999999999,14.240000000000002,51.5,246.1014354286017,15,1.1484141754281154,3.0,5.400000000000002,9.579999999999997,29.0,0.03119958849310933,7,6217.586772808975,3774.0337130914504,9991.620485900425,2316.4
68,450,125,15.03617215467843,16.824444444444445,7.339111111111098,11.976355555555557,41.93222222222222,16.05755555555555,25.420444944519318,11.34,251.71357732607612,41.0,9.399999999999999,14.240000000000002,51.5,119.07482335696113,15,1.1484141754281154,3.0,5.400000000000002,9.579999999999997,29.0,0.5847226441837847,7,6766.277469605294,3177.5556180649146,9943.83308767021,1654.6
69,435,120,16.158640792200924,17.050574712643677,7.314482758620683,11.935954022988506,42.0735632183908,16.243678160919533,22.474071636958374,11.406896551724138,251.71357732607612,41.0,9.399999999999999,14.240000000000002,51.5,118.07482335696113,16,1.1484141754281154,3.0,5.3000000000000025,9.579999999999997,29.0,1.2848313441791106,7,7029.008744607402,2696.8885964350047,9725.897341042408,1932.8
70,450,113,15.378234969882234,17.24222222222222,7.269333333333325,11.891333333333348,42.15,15.911333333333339,23.56591098667674,11.522222222222222,251.71357732607612,41.0,9.399999999999999,14.240000000000002,52.0,117.07482335696113,16,1.149658891409672,3.0,5.3000000000000025,9.579999999999997,29.5,0.2848313441791106,7,6920.205736447006,2662.9479414944717,9583.153677941478,1685.0
71,466,96,15.170556821947685,16.991416309012877,7.302145922746772,11.918154506437775,42.012875536480685,15.998068669527889,24.051407703808867,11.729613733905579,138.71094762278153,41.0,9.399999999999999,14.300000000000002,52.0,97.0,16,1.2532500690290362,3.0,5.3000000000000025,9.579999999999997,29.5,0.1484141754281154,8,7069.479479027621,2308.9351395656513,9378.414618593273,1716.1
72,451,118,14.082860487467224,16.68957871396896,7.2973392461197255,11.911529933481164,42.05986696230599,15.984700665188468,24.127574271268436,11.917960088691796,125.85678866303806,39.0,9.399999999999999,14.300000000000002,52.0,95.94050374600192,17,1.030712743110655,3.0,5.3000000000000025,9.579999999999997,29.0,0.20114939741324633,8,6351.370079847718,2847.0537640096754,9198.423843857394,2238.7999999999997
73,443,118,14.372855561866956,16.7313769751693,7.271331828442435,11.873995485327328,42.261851015801355,16.087584650112866,26.045063341753117,12.085778781038375,125.85678866303806,39.0,9.299999999999999,14.300000000000002,52.0,110.25703303725459,18,1.030712743110655,3.0,5.3000000000000025,9.579999999999997,29.0,1.5696052804414649,8,6367.175013907062,3073.317474326868,9440.49248823393,1850.3
74,422,125,14.927995767436194,16.760663507109005,7.2668246445497555,11.868246445497638,42.43364928909953,16.62345971563981,25.363412801533958,12.225118483412322,120.80340272866988,39.0,9.299999999999999,14.300000000000002,52.0,125.85678866303806,18,1.030712743110655,2.0,5.3000000000000025,9.579999999999997,29.0,0.5696052804414649,8,6299.6142138580735,3170.426600191745,9470.040814049818,1904.4
75,412,134,15.629818560455451,16.740291262135923,7.2279126213592155,11.80771844660195,42.49635922330097,17.10218446601942,23.738534629242054,12.356796116504855,140.58888724591782,39.0,9.299999999999999,14.240000000000002,52.0,120.80340272866988,18,1.030712743110655,2.0,5.3000000000000025,9.639999999999997,29.0,0.5651308421511203,8,6439.485246907646,3180.963640318435,9620.44888722608,2039.1000000000001
76,410,145,15.331154212374786,16.96829268292683,7.199512195121945,11.765560975609754,42.50121951219512,17.55414634146342,23.086208232900148,12.485365853658537,140.58888724591782,39.0,9.299999999999999,14.240000000000002,52.0,107.25703303725459,18,0.7238434228932249,2.0,5.3000000000000025,9.639999999999997,28.5,1.3180075013430042,8,6285.773227073662,3347.5001937705215,9633.273420844183,2125.0
77,400,156,15.406684741405822,16.95,7.1589999999999945,11.717849999999993,42.54,17.025750000000006,23.428837759517066,12.59,140.58888724591782,39.0,9.299999999999999,14.240000000000002,52.0,112.7862359303981,18,0.7663896374007777,2.0,5.3000000000000025,9.699999999999998,28.5,0.31800750134300415,8,6162.673896562329,3654.8986904846624,9817.57258704699,1988.8
78,402,142,16.15327659516692,16.77860696517413,7.166169154228858,11.734925373134338,42.669154228855724,17.266915422885575,23.8796030366174,12.696517412935323,140.58888724591782,39.0,9.299999999999999,14.240000000000002,52.0,94.27919655045821,18,0.6444871325221726,2.0,5.3000000000000025,9.699999999999998,28.5,0.030712743110655083,9,6493.617191257102,3390.9036311996706,9884.520822456772,1632.6
79,409,130,15.88460287025938,16.35452322738386,7.201711491442536,11.771002444987788,42.77261613691932,16.75550122249389,26.60813043107556,12.921760391198044,117.99311402681467,39.0,9.299999999999999,14.300000000000002,52.0,140.58888724591782,18,0.6444871325221726,2.0,5.3000000000000025,9.699999999999998,28.5,0.6501226015352586,9,6496.802573936086,3459.0569560398226,9955.859529975909,1660.1
80,430,129,14.661600806936338,15.855813953488372,7.1960465116278955,11.733302325581406,42.62674418604651,15.411860465116272,28.83072870601565,13.211627906976744,142.4384128781967,39.0,9.299999999999999,14.300000000000002,52.0,139.58888724591782,18,0.5163896374007777,2.0,5.200000000000003,9.699999999999998,28.5,1.0,9,6304.488346982625,3719.1640030760186,10023.652350058645,1454.7
81,442,122,13.745477528966275,15.352941176470589,7.20226244343891,11.714660633484176,42.65045248868778,14.922171945701358,30.78272488780895,13.411764705882353,96.24959149435902,31.0,9.299999999999999,14.300000000000002,52.0,142.4384128781967,19,0.5163896374007777,1.0,5.200000000000003,9.759999999999998,28.5,0.38674488048673084,9,6075.501067803093,3755.492436312692,9830.993504115784,1601.8
82,467,111,14.057879177553124,15.342612419700215,7.198715203426127,11.708094218415422,42.67130620985011,14.628479657387585,26.811810763024504,13.565310492505354,124.86159256898297,31.0,9.299999999999999,14.300000000000002,52.0,141.4384128781967,19,0.5163896374007777,1.0,5.200000000000003,9.759999999999998,28.5,0.8281447554276156,9,6565.029575917309,2976.11099469572,9541.140570613028,1924.5
83,465,111,14.156431604157277,15.288172043010753,7.188602150537626,11.6941935483871,42.65376344086022,14.923440860215052,26.731498377356345,13.711827956989247,98.94040566532101,31.0,9.399999999999999,14.300000000000002,52.5,140.4384128781967,19,0.5163896374007777,1.0,5.200000000000003,9.759999999999998,28.5,0.01425853767841545,9,6582.740695933134,2967.196319886554,9549.937015819687,1998.6
84,485,110,13.424131998769358,15.10721649484536,7.194226804123708,11.702927835051554,42.59175257731959,15.862061855670104,27.03503214284578,13.855670103092784,96.57659782935188,31.0,9.399999999999999,14.300000000000002,52.5,139.4384128781967,19,0.5163896374007777,2.0,5.200000000000003,9.759999999999998,28.5,0.9430342081364529,9,6510.704019403139,2973.853535713036,9484.557555116175,2105.3
85,499,117,13.052376123443649,14.939879759519037,7.165330661322647,11.652705410821643,42.52605210420842,15.656513026052098,25.209962196227323,14.036072144288577,156.3533587648053,31.0,9.399999999999999,14.300000000000002,52.5,97.0,20,0.5163896374007777,2.0,5.200000000000003,9.759999999999998,28.5,0.5818902779519703,9,6513.13568559838,2949.565576958597,9462.701262556977,2267.9
86,502,124,13.112060507876595,14.806772908366534,7.151195219123508,11.633466135458178,42.4910358565737,15.561752988047813,24.441585073284614,14.223107569721115,156.3533587648053,31.0,9.399999999999999,14.300000000000002,52.5,96.0,20,0.5163896374007777,2.0,5.100000000000003,9.759999999999998,28.0,0.3661343733933289,9,6582.254374954051,3030.756549087292,9613.010924041344,2252.2000000000003
87,512,107,13.352735876885967,14.76953125,7.163085937499993,11.638632812500004,42.5126953125,16.163671874999988,25.526497382356965,14.380859375,147.67104695210998,32.0,9.399999999999999,14.300000000000002,52.5,156.3533587648053,20,0.5163896374007777,2.0,5.100000000000003,9.759999999999998,28.0,0.1975070082826358,9,6836.600768965615,2731.335219912195,9567.93598887781,2273.6
88,529,115,13.02037133568196,14.761814744801512,7.157088846880902,11.631039697542537,42.438563327032135,16.971455576559546,21.2528673732762,14.570888468809073,163.9302725817106,32.0,9.399999999999999,14.300000000000002,52.5,99.0,20,0.5163896374007777,2.0,5.100000000000003,9.699999999999998,28.0,0.02509821730427575,9,6887.776436575757,2444.079747926763,9331.85618450252,2636.3
89,504,141,12.924129070757607,14.521825396825397,7.130952380952379,11.606468253968258,42.39384920634921,17.34464285714285,21.209885509739593,14.716269841269842,163.9302725817106,32.0,9.399999999999999,14.240000000000002,52.5,97.0,20,0.5163896374007777,2.0,5.100000000000003,9.699999999999998,28.0,0.6444871325221726,9,6513.761051661833,2990.5938568732827,9504.354908535115,2797.6
90,478,151,13.569859235485975,14.654811715481172,7.113807531380752,11.591129707112977,42.49372384937239,17.508158995815915,20.857372111858055,14.805439330543933,163.9302725817106,32.0,9.399999999999999,14.240000000000002,52.5,108.56814743283685,21,0.5163896374007777,2.0,5.100000000000003,9.699999999999998,28.0,0.3090861992656011,9,6486.392714562296,3149.4631888905665,9635.855903452863,2507.8
91,474,141,13.628081204832482,14.339662447257384,7.147046413502111,11.594219409282703,42.51160337552743,17.221308016877643,22.954795587526583,14.987341772151899,106.83540642511787,31.0,9.399999999999999,14.240000000000002,52.0,107.71159253027412,21,0.5163896374007777,2.0,5.100000000000003,9.699999999999998,28.0,0.5925210248479074,9,6459.710491090596,3236.626177841248,9696.336668931845,2226.0
92,501,135,12.80898236506986,14.303393213572853,7.197005988023951,11.633812375249505,42.5688622754491,16.96467065868264,23.795815400813485,15.167664670658683,112.08212182502248,31.0,9.399999999999999,14.240000000000002,52.0,106.56814743283685,22,0.5163896374007777,1.0,5.100000000000003,9.699999999999998,28.0,0.4793087911429996,9,6417.300164900001,3212.4350791098204,9629.735244009822,1999.8000000000002
93,500,136,12.622756363363303,13.968,7.2487999999999975,11.663559999999997,42.771,16.78580000000001,23.77427070449278,15.298,113.84436507175636,31.0,9.399999999999999,14.240000000000002,52.0,106.83540642511787,22,0.5163896374007777,1.0,5.100000000000003,9.699999999999998,28.0,0.46220657984889635,10,6311.378181681652,3233.300815811018,9544.678997492669,2185.7000000000003
94,484,148,12.888338777020834,13.898760330578513,7.323553719008261,11.74603305785125,42.72727272727273,17.49814049586777,23.35045809678862,15.493801652892563,125.19308856230134,31.0,9.399999999999999,14.240000000000002,52.0,121.85040091907004,22,0.5163896374007777,1.0,5.100000000000003,9.699999999999998,28.0,0.46220657984889635,10,6237.955968078084,3455.867798324716,9693.8237664028,2337.4
95,471,172,12.343377255164723,14.042462845010617,7.347558386411888,11.785307855626337,42.73779193205945,17.2312101910828,23.202904817588205,15.59235668789809,126.3895415149,31.0,9.499999999999998,14.240000000000002,52.0,97.0,22,0.5163896374007777,1.0,5.100000000000003,9.699999999999998,28.0,0.9087705760211975,10,5813.730687182585,3990.8996286251713,9804.630315807757,2303.3
96,463,157,14.104166199846642,14.274298056155507,7.346004319654423,11.789416846652268,42.666306695464364,16.964578833693302,22.829230459654017,15.697624190064795,126.3895415149,31.0,9.599999999999998,14.240000000000002,52.0,125.19308856230134,22,0.5248698600394669,1.0,5.100000000000003,9.759999999999998,28.0,0.5163896374007777,10,6530.2289505289955,3584.189182165681,10114.418132694676,1877.0
97,466,157,13.794140724161334,14.047210300429185,7.3763948497854015,11.81703862660945,42.608369098712444,17.06287553648069,23.81070512920096,15.856223175965665,134.47469510905555,31.0,9.599999999999998,14.240000000000002,52.0,126.3895415149,22,0.5248698600394669,1.0,5.100000000000003,9.759999999999998,28.0,0.3090861992656011,10,6428.069577459181,3738.280705284551,10166.350282743733,2345.3
98,462,165,13.83507391011834,13.930735930735931,7.406060606060606,11.839610389610394,42.836580086580085,17.103679653679656,25.259822168723193,16.0021645021645,115.21715686357913,31.0,9.599999999999998,14.120000000000001,52.0,125.3895415149,23,0.6497516791149414,1.0,5.100000000000003,9.759999999999998,28.0,0.38593289789380614,10,6391.804146474673,4167.870657839327,10559.674804314,2391.7
99,461,170,14.93548104475351,13.863340563991324,7.403470715835146,11.832971800433846,42.96963123644252,16.9889370932755,22.04813106982419,16.140997830802604,115.21715686357913,31.0,9.599999999999998,14.120000000000001,52.0,124.3895415149,23,0.3248758395574707,1.0,5.100000000000003,9.759999999999998,28.0,0.16668800035764475,10,6885.256761631368,3748.1822818701125,10633.439043501481,2226.6
100,456,163,14.283847002145691,13.725877192982455,7.412500000000003,11.832149122807019,43.08991228070175,16.937280701754382,27.348738131084364,16.24780701754386,136.8492505914532,31.0,9.599999999999998,14.120000000000001,52.0,115.21715686357913,23,0.3248758395574707,1.0,5.100000000000003,9.759999999999998,28.0,0.6549184345250278,11,6513.434232978435,4457.844315366751,10971.278548345186,2129.3
101,471,174,13.87435464331656,13.605095541401274,7.398089171974524,11.817791932059444,43.14437367303609,16.306794055201696,25.216782698787274,16.418259023354565,136.8492505914532,31.0,9.399999999999999,14.120000000000001,52.0,114.21715686357913,23,0.3248758395574707,1.0,5.100000000000003,9.759999999999998,28.0,0.08889449933872573,11,6534.8210370021,4387.720189588986,10922.541226591085,2134.8
102,491,157,13.895026345026126,13.327902240325866,7.394501018329941,11.782525458248482,43.05193482688391,16.73503054989816,26.738976900049842,16.627291242362524,118.28797210150131,32.0,9.399999999999999,14.120000000000001,52.5,113.21715686357913,23,0.513583163724271,1.0,5.0000000000000036,9.759999999999998,28.0,0.15644925164878876,11,6822.457935407828,4198.019373307825,11020.477308715654,2020.7
103,494,162,13.104921395963618,13.23076923076923,7.430769230769235,11.80995951417005,43.12955465587044,16.627530364372458,26.558123138008128,16.941295546558706,110.12103356396368,32.0,9.2,14.120000000000001,52.5,112.21715686357913,23,0.4700388762053587,1.0,5.0000000000000036,9.699999999999998,28.0,0.3128985032975775,11,6473.831169606027,4302.415948357317,10776.247117963343,2649.6
104,501,168,12.904621126632435,13.5249500998004,7.436926147704595,11.84570858283433,43.23552894211577,16.35469061876247,27.618884036594743,17.08383233532934,101.00733991783828,32.0,9.2,14.180000000000001,52.5,111.21715686357913,24,0.4700388762053587,1.0,4.900000000000004,9.699999999999998,28.0,0.44343474142612926,11,6465.21518444285,4639.972518147917,11105.187702590767,2291.2
105,513,153,13.751961156627738,13.783625730994151,7.392592592592597,11.810487329434709,43.15107212475633,15.92202729044834,28.59679239124892,17.241715399610136,125.0031533762668,33.0,9.2,14.180000000000001,52.5,99.0,24,0.4700388762053587,1.0,4.900000000000004,9.699999999999998,28.0,0.061016042157833184,11,7054.7560733500295,4375.309235861085,11430.065309211113,2246.7
106,514,135,14.063835824885409,13.885214007782102,7.426070038910508,11.86140077821012,43.197470817120625,16.742023346303494,30.388899651443,17.41634241245136,106.60596089703972,33.0,9.2,14.180000000000001,52.5,97.02934178529895,24,0.32385782565073584,1.0,4.900000000000004,9.699999999999998,28.0,0.4322758298980265,11,7228.8116139911,4102.501452944805,11331.313066935905,2646.9
107,514,139,13.973147867644885,13.745136186770427,7.430350194552528,11.8623346303502,43.19357976653696,17.011867704280153,28.598059000948535,17.525291828793776,118.45233422215799,33.0,9.2,14.180000000000001,52.5,98.0,24,0.32385782565073584,1.0,4.900000000000004,9.699999999999998,27.5,0.5444546600257679,12,7182.198003969471,3975.130201131846,11157.328205101318,2737.2
108,504,151,14.407644899434974,13.777777777777779,7.399404761904763,11.82785714285715,43.12103174603175,16.671031746031737,26.365342094967097,17.654761904761905,100.95134794970105,30.0,9.2,14.180000000000001,52.5,97.3826841739592,25,0.32385782565073584,1.0,4.900000000000004,9.759999999999998,27.5,0.08890932005153585,12,7261.453029315227,3981.1666563400318,11242.619685655258,2541.7
109,505,167,13.175683790850416,13.465346534653465,7.408118811881192,11.808435643564358,43.22475247524753,16.3439603960396,25.889145789573604,17.873267326732673,103.19117514239136,30.0,9.2,14.120000000000001,52.5,97.0,25,0.32385782565073584,1.0,4.900000000000004,9.759999999999998,27.5,0.027166327448542082,12,6653.7203143794595,4323.487346858792,10977.207661238252,2673.1
110,496,174,13.52509402887456,13.475806451612904,7.387500000000008,11.781491935483876,43.30342741935484,16.267943548387088,27.740484810707486,17.973790322580644,105.17132025808098,30.0,9.2,14.120000000000001,52.5,109.60116226436007,25,0.26606631589065566,1.0,4.900000000000004,9.759999999999998,27.5,0.05836112707022556,12,6708.446638321782,4826.8443570631025,11535.290995384885,2559.3
111,477,163,14.998439710613837,13.180293501048219,7.367505241090153,11.747798742138354,43.285115303983225,17.487631027253666,25.36282309725612,18.132075471698112,124.52278815478974,29.0,9.2,14.120000000000001,52.0,100.95134794970105,25,0.26606631589065566,1.0,4.900000000000004,9.759999999999998,27.5,0.23212629983385558,12,7154.2557419628,4134.140164852747,11288.395906815547,2776.3
112,486,172,14.296976787335113,12.833333333333334,7.396707818930044,11.753333333333323,43.297325102880656,17.456995884773644,25.67060429355281,18.386831275720166,115.140903164671,30.0,9.2,14.120000000000001,52.0,99.0,26,0.26606631589065566,1.0,4.900000000000004,9.759999999999998,28.0,0.3011059004729786,12,6948.330718644866,4415.3439384910835,11363.674657135949,2435.2
113,492,173,14.69086085338251,13.09959349593496,7.368902439024391,11.72699186991869,43.22357723577236,17.305081300812997,24.802299153880107,18.510162601626018,98.34224466595808,30.0,9.2,14.120000000000001,52.0,115.140903164671,26,0.32385782565073584,1.0,4.900000000000004,9.759999999999998,28.0,0.1735451460285038,12,7227.903539864195,4290.797753621258,11518.701293485454,2357.6
114,503,170,14.497104693792364,12.98807157057654,7.384890656063621,11.730139165009941,43.187872763419485,16.6727634194831,25.405898726341054,18.604373757455267,110.18188816311451,30.0,9.2,14.120000000000001,52.0,114.140903164671,26,0.32385782565073584,1.0,4.900000000000004,9.759999999999998,28.0,0.30742470176925785,12,7292.043660977559,4319.002783477979,11611.046444455538,2183.9
115,509,168,14.479237334398718,12.534381139489195,7.438899803536347,11.74801571709234,43.17387033398821,16.118467583497047,26.217741959439504,18.854616895874262,120.44198721970656,28.0,9.2,14.120000000000001,52.0,98.0,27,0.32385782565073584,1.0,4.900000000000004,9.759999999999998,28.0,0.21407711649827554,12,7369.931803208948,4404.580649185837,11774.512452394785,2451.6
116,516,176,14.277095977934316,12.627906976744185,7.426550387596905,11.728139534883725,43.14341085271318,15.157945736434113,24.921986283564706,19.050387596899224,190.4843553145965,28.0,9.299999999999999,14.120000000000001,52.0,97.0,27,0.32385782565073584,1.0,4.900000000000004,9.699999999999998,27.5,0.05642871879079969,12,7366.981524614107,4386.269585907388,11753.251110521494,2548.0
117,542,166,14.239068040792436,12.62730627306273,7.43081180811809,11.749594095940962,43.1309963099631,14.623985239852393,25.59172781896941,19.206642066420663,190.4843553145965,28.0,9.299999999999999,14.06,52.0,104.29816636812924,27,0.32385782565073584,1.0,4.900000000000004,9.699999999999998,27.5,0.27973667557476656,12,7717.5748781095,4248.226817948922,11965.801696058421,2151.2999999999997
118,569,139,14.201484823538163,12.43585237258348,7.450966608084364,11.755711775043931,43.1871704745167,15.345342706502624,26.175172803440486,19.344463971880494,117.2174218846696,28.0,9.299999999999999,14.06,52.0,190.4843553145965,27,0.31864988558150986,1.0,4.900000000000004,9.639999999999997,27.5,0.17244136747756222,12,8080.644864593215,3638.3490196782277,11718.993884271444,2208.1
119,579,145,14.152959032900208,12.279792746113989,7.475302245250434,11.775336787564767,43.24525043177893,15.47012089810018,21.41591745774876,19.552677029360968,121.65776287924628,28.0,9.299999999999999,14.06,52.0,189.4843553145965,27,0.25011032897266394,1.0,4.900000000000004,9.639999999999997,27.5,0.24629245217084494,12,8194.56328004922,3105.30803137357,11299.87131142279,2788.2999999999997
120,606,151,12.819773392670305,11.935643564356436,7.483498349834985,11.753894389438928,43.18399339933993,15.298184818481852,23.405774773995894,19.81023102310231,121.65776287924628,28.0,9.1,14.06,52.0,188.4843553145965,28,0.25011032897266394,1.0,4.900000000000004,9.639999999999997,27.0,0.02264480070182784,12,7768.782675958205,3534.2719908733798,11303.054666831584,2694.0
121,626,141,12.630285429480482,11.69329073482428,7.498242811501603,11.751054313099036,43.105431309904155,15.931150159744403,24.100894198662072,20.04153354632588,199.921377334377,28.0,9.1,14.06,52.0,111.36105450054391,28,0.25011032897266394,1.0,4.900000000000004,9.699999999999998,27.0,0.32954989489904446,12,7906.558678854782,3398.226082011352,11304.784760866134,2929.8
122,613,154,12.50082409741362,11.30342577487765,7.52544861337683,11.759836867862969,43.10848287112561,17.011256117455137,22.728152786735652,20.23654159869494,121.0392116616669,28.0,9.1,14.06,52.0,121.96942637978663,28,0.26588118492161333,1.0,4.900000000000004,9.699999999999998,27.0,0.6231462260854225,12,7663.005171714549,3500.1355291572904,11163.14070087184,3682.0
123,609,157,12.012846584999451,11.206896551724139,7.5530377668308555,11.777307060755334,43.247126436781606,17.98653530377667,22.42570800831857,20.42200328407225,114.82204258560019,28.0,9.1,14.06,52.0,120.96942637978663,28,0.26588118492161333,1.0,4.900000000000004,9.699999999999998,27.5,0.04920816769434522,13,7315.823570264666,3520.836157306015,10836.65972757068,3306.7
124,591,164,12.40842962551322,11.412859560067682,7.56125211505922,11.811370558375632,43.3155668358714,18.45160744500847,21.128516310619112,20.521150592216582,127.80809949788828,28.0,9.1,14.06,52.0,163.38373238600224,28,0.26588118492161333,1.0,4.900000000000004,9.699999999999998,27.5,0.33442762462163955,13,7333.381908678313,3465.0766749415343,10798.458583619848,3457.0
125,596,169,12.107539979400853,11.083892617449665,7.58875838926175,11.827315436241621,43.330536912751676,18.011912751677865,23.33793731997804,20.803691275167786,169.56400803899044,28.0,9.1,14.06,52.0,114.82204258560019,28,0.33932206342714044,1.0,4.900000000000004,9.699999999999998,27.5,0.5359283206770753,13,7216.093827722908,3944.1114070762887,11160.205234799196,2904.9
126,552,182,12.828751076182849,11.079710144927537,7.599275362318849,11.838514492753635,43.49365942028985,17.800181159420273,21.443980783049792,20.922101449275363,169.56400803899044,28.0,9.1,14.06,52.0,113.82204258560019,28,0.33932206342714044,1.0,4.900000000000004,9.699999999999998,28.0,0.15823345541526468,13,7081.470594052933,3902.8045025150623,10984.275096567995,3309.2
127,547,179,12.78697371772212,11.215722120658135,7.5784277879341895,11.824643510054855,43.504570383912245,17.691224862888486,23.383164069861692,21.062157221206583,130.51862745061638,28.0,9.1,14.06,52.0,112.82204258560019,29,0.33932206342714044,1.0,4.900000000000004,9.699999999999998,28.0,0.045167409382196766,13,6994.474623593999,4185.586368505243,11180.060992099243,2824.5
128,545,174,13.145888055377064,11.091743119266056,7.580733944954135,11.815522935779825,43.596330275229356,17.352844036697253,21.749533180845937,21.214678899082568,130.51862745061638,29.0,9.099999999999996,14.06,52.0,111.82204258560019,29,0.33932206342714044,1.0,5.200000000000003,9.699999999999998,38.5,0.08721102007725623,13,7164.5089901804995,3784.4187734671928,10948.927763647693,2953.5
129,562,189,11.357168469357603,11.058718861209965,7.559430604982209,11.796049822064065,43.511565836298935,16.73113879003558,25.38434424651736,21.364768683274022,104.97750502436902,29.0,9.099999999999996,14.06,52.0,130.51862745061638,29,0.2878229131227178,1.0,5.200000000000003,9.699999999999998,38.5,0.009512792371592305,14,6382.728679778973,4797.6410625917815,11180.369742370754,2873.2
130,565,199,12.249908072657956,10.900884955752213,7.547964601769913,11.77500884955753,43.379646017699116,15.225309734513269,22.625955456815298,21.520353982300886,135.37022228231362,29.0,9.099999999999996,14.06,52.0,129.51862745061638,30,0.2878229131227178,1.0,5.200000000000003,9.699999999999998,38.0,0.01120590426299728,14,6921.198061051745,4502.565135906244,11423.763196957989,2827.0
131,573,188,12.022796852644417,10.743455497382199,7.571029668411874,11.792774869109948,43.417102966841185,14.997731239092493,25.59945091212012,21.726003490401396,104.97750502436902,29.0,9.099999999999996,14.06,52.0,151.2439396241089,30,0.2878229131227178,1.0,5.200000000000003,9.699999999999998,38.0,0.1370023208975768,14,6889.062596565251,4812.696771478582,11701.759368043833,2671.7
132,597,173,12.589614044566407,10.559463986599665,7.591289782244562,11.803718592964826,43.46147403685092,15.324790619765487,24.800606568282923,21.86934673366834,158.2621697184812,29.0,9.099999999999996,14.06,52.0,98.0,30,0.2878229131227178,1.0,5.200000000000003,9.699999999999998,38.0,0.05877622370128388,14,7515.999584606145,4290.504936312946,11806.50452091909,2748.5
133,614,184,11.971954931597416,10.208469055374593,7.611889250814326,11.795667752442997,43.42671009771987,15.307328990228022,25.288872031605134,22.122149837133552,95.06850116044879,29.0,9.099999999999996,14.06,52.0,121.82041944287259,30,0.2878229131227178,1.0,5.200000000000003,9.699999999999998,38.0,0.10569436065549453,14,7350.780328000814,4653.152453815344,12003.932781816158,3190.2
134,637,182,11.27454077341079,9.814756671899529,7.640816326530611,11.786436420722147,43.31554160125589,15.458555729984296,27.100471230394245,22.384615384615383,110.21536024045488,29.0,9.099999999999996,14.06,51.0,120.82041944287259,30,0.2878229131227178,1.0,5.3000000000000025,9.639999999999997,38.0,0.05621748444182195,14,7181.8824726626735,4932.285763931753,12114.168236594425,3141.0
135,637,177,12.498558677415112,9.833594976452119,7.664207221350079,11.802511773940351,43.38383045525903,16.48759811616954,24.391069098606827,22.494505494505493,100.75020058615684,29.0,9.099999999999996,14.06,51.0,119.82041944287259,31,0.2878229131227178,1.0,5.3000000000000025,9.639999999999997,38.0,0.032612551901084696,14,7961.581877513426,4317.219230453408,12278.801107966834,3359.7999999999997
136,648,192,11.82767993793486,9.720679012345679,7.679320987654325,11.815462962962972,43.41589506172839,16.550617283950626,22.290748316378615,22.683641975308642,116.70944371251932,29.0,9.099999999999996,14.06,51.0,118.82041944287259,31,0.2878229131227178,1.0,5.400000000000002,9.639999999999997,38.0,0.07601119634761577,14,7664.33659978179,4279.823676744694,11944.160276526483,3801.6
137,650,206,11.3040949369277,9.701538461538462,7.684615384615382,11.814676923076938,43.42923076923077,16.30615384615385,22.442727947192942,22.85076923076923,122.60692128937623,29.0,9.099999999999996,14.06,51.5,97.10029289962509,32,0.2878229131227178,1.0,5.400000000000002,9.639999999999997,38.0,0.019503043329232028,14,7347.661709003006,4623.201957121746,11970.863666124751,3485.7
138,656,205,10.839540301602145,9.653963414634147,7.680030487804877,11.82503048780489,43.47560975609756,16.88536585365854,25.034918858670014,22.977134146341463,127.10653354597139,29.0,9.099999999999996,14.06,51.5,122.60692128937623,32,0.3534969412045483,1.0,5.3000000000000025,9.579999999999997,38.5,0.03904575196544613,15,7110.738437851008,5132.158366027353,12242.89680387836,3672.5
139,647,204,11.779065625765634,9.758887171561051,7.661205564142193,11.801514683153036,43.496908809891806,16.405564142194734,21.256681928577155,23.11591962905719,106.1252379195859,29.0,9.199999999999996,14.06,51.5,121.60692128937623,32,0.3534969412045483,1.0,5.3000000000000025,9.579999999999997,38.5,0.07809150393089226,15,7621.055459870366,4336.363113429739,11957.418573300105,3675.9
140,650,193,11.659974766453495,9.901538461538461,7.655230769230771,11.805323076923093,43.53846153846154,16.875230769230775,25.034619140956135,23.236923076923077,125.22038597799515,29.0,9.299999999999995,14.06,51.5,104.07431883385988,32,0.3517148675260096,1.0,5.3000000000000025,9.579999999999997,38.5,0.07683613353371666,16,7578.983598194772,4831.681494204534,12410.665092399306,3353.1
141,661,189,12.807879604663976,9.788199697428139,7.6703479576399305,11.836096822995465,43.56883509833585,16.060665658093797,22.527538166762227,23.45839636913767,114.38427261662362,29.0,9.299999999999995,14.06,51.5,103.07431883385988,32,0.3502091549746365,1.0,5.3000000000000025,9.579999999999997,38.5,0.05095399405555012,16,8466.008418682888,4257.704713518061,12723.713132200948,3064.1
142,707,181,11.437700939281497,9.63932107496464,7.711598302687408,11.863705799151358,43.61598302687412,15.70636492220651,26.64391409001051,23.67043847241867,114.38427261662362,29.0,9.299999999999995,14.06,51.5,102.07431883385988,32,0.3502091549746365,1.0,5.3000000000000025,9.579999999999997,38.5,0.2084150293586402,16,8086.454564072018,4822.548450291903,12909.00301436392,2762.7
143,745,161,11.222314970296676,9.425503355704699,7.729798657718123,11.872161073825518,43.59530201342282,16.644697986577196,25.79400626606418,23.861744966442952,101.28322913942931,29.0,9.399999999999995,14.06,51.5,114.38427261662362,32,0.3502091549746365,1.0,5.3000000000000025,9.579999999999997,38.5,0.1768529753672372,16,8360.624652871023,4152.835008836333,12513.459661707357,3625.7
144,749,182,11.34888164317783,9.451268357810413,7.734045393858478,11.871882510013364,43.6388518024032,17.224165554072087,19.593279034075053,24.022696929238986,115.4352837662295,30.0,9.399999999999995,14.06,51.5,100.07431883385988,32,0.32580888451580214,1.0,5.3000000000000025,9.579999999999997,38.5,0.28523952614972264,16,8500.312350740194,3565.97678420166,12066.289134941853,4379.7
145,728,204,10.757105396721569,9.542582417582418,7.732967032967027,11.890054945054954,43.72870879120879,17.402335164835176,19.08611416711147,24.15247252747253,115.25925570644473,30.0,9.299999999999995,14.06,51.5,99.07431883385988,31,0.317742664823416,1.0,5.400000000000002,9.579999999999997,38.5,0.0019543973686781957,16,7831.1727288133025,3893.5672900907402,11724.740018904042,4474.599999999999
146,695,219,11.458166402252113,9.572661870503596,7.753812949640289,11.916287769784184,43.742446043165465,17.782877697841727,16.702825177061577,24.39136690647482,154.04681472142346,30.0,9.299999999999995,14.06,51.5,98.0,31,0.317742664823416,1.0,5.3000000000000025,9.759999999999998,38.5,0.007387590741430472,17,7963.425649565219,3657.918713776485,11621.344363341705,4432.599999999999
147,676,210,11.260096771429952,9.420118343195266,7.789497041420113,11.94035502958581,43.75887573964497,17.793491124260356,19.695259753320073,24.616863905325445,105.60973285917306,30.0,9.299999999999995,14.06,51.5,154.04681472142346,32,0.317742664823416,1.0,5.3000000000000025,9.759999999999998,38.5,0.03820361220827451,17,7611.825417486647,4136.004548197216,11747.829965683863,4037.5
148,674,224,10.85002148373496,9.176557863501484,7.810089020771513,11.971780415430267,43.81454005934718,17.51483679525222,21.81463637453552,24.81454005934718,108.04637263703756,30.0,9.299999999999995,14.120000000000001,51.5,153.04681472142346,32,0.3056372231862183,1.0,5.3000000000000025,9.759999999999998,38.5,0.14224076706458222,17,7312.914480037362,4886.478547895957,12199.393027933318,3692.8999999999996
149,668,219,11.402463017704449,9.245508982035927,7.798053892215568,11.976976047904188,43.87050898203593,17.514221556886223,22.080587516008027,24.872754491017965,111.81053524478145,30.0,9.299999999999995,14.120000000000001,51.5,152.04681472142346,32,0.2907547278319153,1.0,5.3000000000000025,9.759999999999998,38.5,0.0912277722057051,17,7616.845295826572,4835.648666005758,12452.49396183233,3358.8999999999996
150,665,202,12.13084415801845,9.366917293233083,7.786315789473677,11.973172932330831,43.90676691729323,17.483157894736813,23.005961868255834,25.03609022556391,149.47123697500155,30.0,9.299999999999995,14.120000000000001,51.5,151.04681472142346,32,0.2907547278319153,1.0,5.3000000000000025,9.759999999999998,38.5,0.009109869867753417,18,8067.01136508227,4647.204297387679,12714.21566246995,3246.0
151,663,204,12.418150372949386,9.425339366515837,7.762745098039218,11.96232277526395,43.963800904977376,17.872699849170445,22.249432137905305,25.08446455505279,156.01779889741073,30.0,9.299999999999995,14.120000000000001,51.5,104.12482574847034,33,0.2794958564430833,1.0,5.3000000000000025,9.819999999999999,39.0,0.008058220889095802,18,8233.233697265443,4538.884156132683,12772.117853398126,3571.3999999999996
152,661,208,12.582381138390556,9.369137670196672,7.790166414523465,11.995885022692907,44.02571860816944,17.206202723146728,22.42564335983287,25.311649016641454,110.34104096781735,30.0,9.299999999999995,14.120000000000001,52.0,104.03978229225001,33,0.2794958564430833,1.0,5.3000000000000025,9.819999999999999,39.0,0.16301891132766122,18,8316.953932476157,4664.533818845237,12981.487751321394,3287.7
153,675,196,12.252236369962333,9.315555555555555,7.818518518518516,12.01801481481482,44.035555555555554,17.221777777777763,25.69751502793639,25.488888888888887,118.68211886156666,31.0,9.199999999999996,14.120000000000001,52.0,103.03978229225001,33,0.2794958564430833,1.0,5.3000000000000025,9.819999999999999,39.0,0.24202694738790065,18,8270.259549724575,5036.712945475532,13306.972495200107,3270.2
154,685,218,12.310684779985397,9.135766423357664,7.809927007299263,11.991503649635044,43.956204379562045,16.62715328467151,23.047488955938547,25.677372262773723,112.80085988815438,31.0,9.299999999999995,14.120000000000001,52.0,101.12482574847034,34,0.2794958564430833,1.0,5.3000000000000025,9.819999999999999,39.0,0.10018855631190382,18,8432.819074289997,5024.352592394604,13457.1716666846,3735.3999999999996
155,704,211,11.96983727989997,8.954545454545455,7.831818181818179,11.994914772727283,43.99076704545455,16.647301136363623,25.19029278797163,25.936079545454547,148.34105943078333,32.0,9.299999999999995,14.120000000000001,52.0,112.80085988815438,34,0.2794958564430833,1.0,5.3000000000000025,9.819999999999999,39.0,0.3350386493156785,18,8426.76544504958,5315.151778262014,13741.917223311593,3717.3999999999996
156,734,202,11.562998426423322,8.923705722070844,7.829564032697539,11.988991825613095,44.05245231607629,16.931062670299728,23.97390371726081,26.099455040871934,134.20912568012074,32.0,9.299999999999995,14.120000000000001,52.0,99.55825287146641,34,0.27011246607611344,1.0,5.3000000000000025,9.819999999999999,39.5,0.024174662667287405,18,8487.240844994718,4842.7285508866835,13329.969395881402,3964.2999999999997
157,733,211,11.603590782255376,8.672578444747613,7.8522510231923635,12.000654843110526,44.09208731241473,16.660300136425647,21.386530503600827,26.32742155525239,134.20912568012074,32.0,9.299999999999995,14.120000000000001,52.0,108.37744801686881,34,0.2672758966925558,1.0,5.3000000000000025,9.94,39.0,0.016116441778191604,19,8505.43204339319,4512.557936259775,13017.989979652964,4204.5
158,744,208,11.495481472092168,8.720430107526882,7.862903225806459,12.009704301075264,44.151881720430104,17.08051075268818,22.051623365247977,26.51478494623656,134.20912568012074,32.0,9.299999999999995,14.120000000000001,52.0,97.23976838773368,35,0.2672758966925558,1.0,5.3000000000000025,9.94,39.0,0.08334242715529605,19,8552.638215236573,4586.737659971579,13139.375875208152,4012.8999999999996
159,743,204,11.480363552691646,8.518169582772543,7.8907133243606955,12.027779273216696,44.12113055181696,17.57187079407805,20.925540850463268,26.768506056527592,112.61794638973065,32.0,9.299999999999995,14.120000000000001,52.0,96.23976838773368,35,0.261370056533078,1.0,5.3000000000000025,9.94,39.0,0.07949344887938548,19,8529.910119649892,4268.810333494506,12798.720453144399,4278.7
160,747,204,10.796328909263284,8.396251673360107,7.890896921017403,12.033842034805872,44.126506024096386,17.504819277108435,21.637930672482142,26.95983935742972,112.61794638973065,32.0,9.299999999999995,14.120000000000001,52.5,110.38096997596419,35,0.261370056533078,1.0,5.3000000000000025,9.94,39.0,0.04548022613231195,19,8064.857695219673,4414.137857186357,12478.99555240603,4156.099999999999
161,739,199,11.004321194072201,8.453315290933695,7.888092016238153,12.026035182679308,44.17253044654939,17.759404600811923,20.336813691645933,27.08660351826793,127.79204980776386,32.0,9.299999999999995,14.120000000000001,52.5,119.20778319025914,35,0.261370056533078,1.0,5.3000000000000025,9.94,39.0,0.01552665680969012,19,8132.193362419356,4047.0259246375404,12179.219287056896,4323.599999999999
162,714,225,11.00948040325034,8.467787114845938,7.876750700280114,12.019131652661072,44.17296918767507,17.280952380952396,18.263059746988063,27.247899159663866,127.79204980776386,32.0,9.299999999999995,14.120000000000001,52.5,118.20778319025914,36,0.2576452901543613,1.0,5.3000000000000025,9.94,39.0,0.11720869452274507,20,7860.769007920742,4109.188443072314,11969.957450993057,4434.7
163,710,223,10.553338567334889,8.152112676056339,7.891549295774644,12.012140845070421,44.13169014084507,16.80760563380282,21.27992118719711,27.522535211267606,133.5563410614388,31.0,9.299999999999995,14.120000000000001,52.5,127.79204980776386,37,0.2559207462445728,1.0,5.3000000000000025,9.94,39.5,0.04548022613231195,20,7492.8703828077705,4745.422424744956,12238.292807552727,3836.8999999999996
164,730,207,11.137856376540784,8.12054794520548,7.88876712328767,12.01350684931507,44.08013698630137,17.045342465753404,20.363481391007625,27.723287671232878,105.8606471373592,31.0,9.399999999999995,14.120000000000001,52.5,132.84006026176087,37,0.2559207462445728,1.0,5.3000000000000025,9.879999999999999,39.5,0.06433786176198075,20,8130.6351548747725,4215.240647938578,12345.87580281335,3835.2999999999997
165,741,202,11.043262914539005,7.811066126855601,7.906207827260461,11.997894736842113,44.00877192982456,16.96950067476381,18.569003517832503,27.995951417004047,148.61620097177595,31.0,9.399999999999995,14.120000000000001,52.5,108.61794638973065,37,0.260417554585551,1.0,5.600000000000001,9.879999999999999,39.5,0.11762498833318302,20,8183.057819673403,3750.9387106021654,11933.996530275568,4148.099999999999
166,744,201,10.871942887344932,7.92741935483871,7.898252688172037,11.995376344086026,43.94422043010753,16.97029569892471,17.45910193769992,28.170698924731184,84.14568469374022,31.0,9.399999999999995,14.120000000000001,52.5,107.61794638973065,37,0.260417554585551,1.0,5.500000000000002,9.879999999999999,39.5,0.023923353196374064,20,8088.72550818463,3509.279489477684,11598.004997662314,4364.799999999999
167,794,200,9.990144397765748,7.595717884130982,7.905541561712843,11.989748110831226,43.90050377833753,16.254785894206535,19.479908837542194,28.424433249370278,133.17347769428545,31.0,9.399999999999995,14.120000000000001,52.5,106.61794638973065,37,0.260417554585551,1.0,5.500000000000002,9.879999999999999,39.5,0.05923092981331024,20,7932.174651826004,3895.9817675084387,11828.156419334442,4115.4
168,808,194,9.641200829751936,7.275990099009901,7.917698019801976,11.992673267326735,43.86262376237624,16.372277227722762,19.912215203078297,28.721534653465348,133.17347769428545,31.0,9.399999999999995,14.120000000000001,52.5,105.61794638973065,38,0.254212476691589,1.0,5.500000000000002,9.879999999999999,40.0,0.04784670639274813,21,7790.090270439564,3862.96974939719,11653.060019836754,4657.599999999999
169,809,182,9.801943540966342,7.067985166872682,7.9072929542645305,11.978689740420268,43.89369592088999,17.192459826946845,20.59039115303552,28.914709517923363,134.96541085453225,31.0,9.399999999999995,14.120000000000001,52.5,133.17347769428545,38,0.254212476691589,1.0,5.500000000000002,9.879999999999999,39.5,0.20213207031944092,21,7929.77232464177,3747.4511898524647,11677.223514494235,4831.4
170,796,206,9.585760709433753,7.03391959798995,7.910552763819094,11.984371859296498,43.90891959798995,17.739070351758787,17.454292718123163,29.13819095477387,117.59710989430852,31.0,9.399999999999995,14.120000000000001,53.0,132.17347769428545,38,0.254212476691589,1.0,5.600000000000001,9.879999999999999,39.5,0.18891267654134936,21,7630.265524709267,3595.5842999333713,11225.849824642639,5225.7
171,776,219,9.079047092384673,7.007731958762887,7.940206185567012,12.000051546391756,43.87435567010309,17.79896907216496,18.368955376190954,29.322164948453608,117.59710989430852,31.0,9.399999999999995,14.120000000000001,53.0,131.17347769428545,39,0.26412675235130956,1.0,5.700000000000001,9.879999999999999,39.5,0.0683469273038968,21,7045.340543690506,4022.8012273858185,11068.141771076323,4724.599999999999
172,761,230,9.100718801905952,6.68988173455979,7.963074901445461,11.986675427069658,43.79894875164258,17.668856767411317,20.280153886806406,29.62417871222076,144.96944423500065,30.0,9.399999999999995,14.120000000000001,53.0,117.59710989430852,39,0.2821384936573228,1.0,5.800000000000001,10.0,39.5,0.028369258942515074,21,6925.647008250429,4664.435393965474,11590.082402215903,4358.999999999999
173,760,226,9.641357415147427,6.618421052631579,7.966578947368416,11.98207894736843,43.82171052631579,17.462105263157905,20.052872642462734,29.778947368421054,114.1717123681247,30.0,9.399999999999995,14.120000000000001,53.0,116.59710989430852,39,0.2821384936573228,1.0,5.800000000000001,10.06,39.5,0.0220229905814735,22,7327.4316355120445,4531.949217196578,11859.380852708622,4149.4
174,762,242,9.86184455421871,6.6430446194225725,7.971653543307091,11.983517060367452,43.83727034120735,17.707480314960623,18.89192773596693,29.92257217847769,110.62084387848465,30.0,9.499999999999995,14.120000000000001,53.0,115.59710989430852,38,0.2821384936573228,1.0,5.700000000000001,10.180000000000001,39.5,0.039341114157105395,22,7514.725550314656,4571.846512103997,12086.572062418654,4398.7
175,768,231,9.866778746301783,6.713541666666667,7.9652343750000005,11.987109374999996,43.899088541666664,17.574479166666652,21.266937483796166,30.08203125,117.89806038573376,30.0,9.599999999999994,14.120000000000001,52.5,102.34089234089815,39,0.2527528738226842,1.0,5.700000000000001,10.180000000000001,39.5,0.1383772670848853,22,7577.686077159769,4912.662558756914,12490.348635916684,4087.2999999999997
176,778,222,10.734566223501428,6.762210796915167,7.968251928020577,11.993830334190239,43.94858611825193,17.15655526992288,19.120669437579334,30.295629820051413,117.89806038573376,31.0,9.599999999999994,14.120000000000001,52.5,99.49405208789943,39,0.2602830012492452,1.0,5.700000000000001,10.180000000000001,39.5,0.27748474122594535,22,8351.49252188411,4244.788615142612,12596.281137026723,4298.499999999999
177,799,239,10.087599101017364,6.957446808510638,7.984355444305392,12.00395494367962,44.0244055068836,16.81501877346682,19.561307809194094,30.459324155193993,120.34006852550677,31.0,9.599999999999994,14.120000000000001,52.5,117.89806038573376,39,0.2602830012492452,1.0,5.700000000000001,10.120000000000001,39.5,0.39761387448154106,22,8059.991681712874,4675.152566397389,12735.144248110264,4522.7
178,808,231,10.394872965043891,6.747524752475248,7.997772277227733,11.986881188118812,43.98143564356435,16.967202970297016,20.356768195183488,30.70420792079208,120.34006852550677,31.0,9.599999999999994,14.120000000000001,52.5,110.62084387848465,39,0.2602830012492452,1.0,5.700000000000001,10.120000000000001,39.5,0.013583242526091555,22,8399.057355755464,4702.413453087385,13101.470808842849,4765.7
179,795,249,10.258437760738275,6.525786163522013,7.993333333333348,11.978314465408799,43.92138364779874,16.23056603773585,21.37857710976872,30.871698113207547,120.34006852550677,31.0,9.599999999999994,14.120000000000001,52.5,109.62084387848465,40,0.2561596065388909,1.0,5.700000000000001,10.120000000000001,39.0,0.1433029000124444,23,8155.458019786928,5323.265700332411,13478.723720119338,4640.299999999999
180,796,256,10.445710854128766,6.478643216080402,7.999623115577888,11.971658291457294,43.92022613065327,16.670351758793963,21.04859969271111,31.047738693467338,120.34006852550677,31.0,9.599999999999994,14.120000000000001,52.5,98.93465238915574,40,0.2561596065388909,1.0,5.700000000000001,10.120000000000001,39.0,0.12379728973514026,23,8314.785839886497,5388.441521334044,13703.227361220543,4702.599999999999
181,828,238,10.46081474535104,6.365942028985507,8.009057971014494,11.96038647342997,43.8713768115942,16.906763285024155,21.352418250189483,31.26086956521739,165.45827601438515,28.0,9.599999999999994,14.120000000000001,52.5,105.72124853948866,40,0.2561596065388909,1.0,5.700000000000001,10.120000000000001,39.0,0.030473874842901427,24,8661.554609150662,5081.875543545097,13743.430152695759,4491.9
182,845,213,10.525874514763641,6.4863905325443785,8.006982248520712,11.961869822485205,43.90355029585799,17.445088757396455,21.440984002459036,31.377514792899408,165.45827601438515,28.0,9.599999999999994,14.120000000000001,52.5,120.34006852550677,40,0.2561596065388909,1.0,5.600000000000001,10.639999999999997,39.0,0.030677672281828938,24,8894.363964975277,4566.929592523775,13461.293557499052,5254.099999999999
183,853,217,10.55139230857073,6.509964830011723,7.96881594372803,11.93697538100819,43.86752637749121,17.129073856975392,19.583417830258657,31.5052754982415,166.85785453845315,28.0,9.599999999999994,14.120000000000001,52.5,107.3776697103498,40,0.2561596065388909,1.0,5.600000000000001,10.639999999999997,39.0,0.08293865991891525,24,9000.337639210833,4249.601669166129,13249.939308376961,5242.799999999999
184,840,238,10.379745863132497,6.522619047619048,7.970714285714291,11.934095238095223,43.948214285714286,17.525595238095246,18.36565788674671,31.74404761904762,166.85785453845315,28.0,9.599999999999994,14.120000000000001,52.5,110.04738332903041,41,0.2561596065388909,1.0,5.600000000000001,10.639999999999997,39.0,0.01101149529073675,24,8718.986525031298,4371.026577045717,13090.013102077015,5752.9
185,809,249,10.29855136623365,6.521631644004945,7.984177997527822,11.944845488257107,43.99443757725587,18.219653893695927,18.443016407641654,31.87886279357231,166.85785453845315,28.0,9.599999999999994,14.120000000000001,52.5,109.04738332903041,41,0.2561596065388909,1.0,5.600000000000001,10.639999999999997,39.0,0.1815899858350205,24,8331.528055283023,4592.311085502772,12923.839140785794,5671.999999999999
186,816,235,10.331286126299542,6.411764705882353,8.014093137254903,11.963210784313725,44.036764705882355,18.262009803921575,18.32746678650822,32.033088235294116,120.53196651122177,28.0,9.599999999999994,14.120000000000001,52.5,166.85785453845315,41,0.2635313669501784,1.0,5.600000000000001,10.639999999999997,38.5,0.035084709035228645,25,8430.329479060427,4306.954694829432,12737.284173889859,4929.199999999999
187,823,236,10.094207051740282,6.122721749696233,8.02612393681653,11.957739975698669,44.068043742405834,17.94726609963547,18.554530242298,32.306196840826246,168.281095547245,27.0,9.599999999999994,14.120000000000001,52.5,104.83472235670745,42,0.25081864328188436,1.0,5.600000000000001,10.639999999999997,38.5,0.1082509356014274,25,8307.532403582252,4378.869137182328,12686.40154076458,5175.299999999999
188,817,243,9.222243851457304,6.026927784577723,8.011627906976749,11.935373317013452,44.07405140758874,18.340024479804132,20.664149579074664,32.5140758873929,116.06620566306603,27.0,9.599999999999994,14.120000000000001,52.5,168.281095547245,43,0.25081864328188436,1.0,5.600000000000001,10.639999999999997,38.5,0.01857359093932165,25,7534.573226640617,5021.388347715143,12555.961574355759,5372.299999999999
189,794,256,9.2378465547083,6.040302267002519,7.986272040302269,11.912267002518883,44.00692695214106,18.794458438287148,19.578440453400457,32.68513853904282,121.6828877707557,27.0,9.499999999999995,14.120000000000001,52.0,167.281095547245,43,0.25081864328188436,1.0,5.600000000000001,10.639999999999997,39.0,0.1942194392967984,25,7334.8501644383905,5012.080756070517,12346.930920508908,5647.9
190,768,263,9.55507740311571,5.6953125,7.9776041666666755,11.88153645833333,43.897135416666664,18.17825520833333,18.778337525347723,32.940104166666664,166.88690579944296,27.0,9.499999999999995,14.120000000000001,51.5,102.52047751415161,43,0.25081864328188436,1.0,5.700000000000001,10.639999999999997,39.0,0.10281327942987661,26,7338.299445592866,4938.702769166452,12277.002214759317,4904.799999999999
191,760,280,9.447124829922853,5.832894736842105,7.975394736842102,11.901105263157886,43.99539473684211,17.676973684210534,17.361261790559166,33.07763157894737,166.88690579944296,27.0,9.499999999999995,14.180000000000001,51.5,101.52047751415161,43,0.25081864328188436,1.0,5.700000000000001,10.639999999999997,39.0,0.006938199467551698,26,7179.814870741368,4861.153301356567,12040.968172097935,4802.499999999999
192,783,264,9.741419588406949,5.850574712643678,7.975478927203072,11.911264367816086,44.00702426564496,16.891570881226055,19.754595292929547,33.231162196679435,166.88690579944296,28.0,9.499999999999995,14.180000000000001,51.5,102.31991746065822,44,0.25081864328188436,1.0,5.700000000000001,10.639999999999997,39.0,0.03575862408806696,26,7627.531537722641,5215.213157333401,12842.74469505604,3895.4999999999995
193,804,259,9.474056745824049,5.883084577114428,7.969527363184088,11.896542288557207,43.99751243781095,16.468532338308474,21.84945990647408,33.475124378109456,111.53409092437218,28.0,9.499999999999995,14.180000000000001,51.0,166.88690579944296,45,0.25081864328188436,1.0,5.700000000000001,10.639999999999997,39.5,0.027537687075732453,26,7617.141623642536,5659.010115776787,13276.151739419322,4339.599999999999
194,831,229,10.511863888481436,5.6859205776173285,7.959085439229843,11.86377858002406,43.94344163658243,16.48327316486163,22.461331045441007,33.706377858002405,175.98141798167222,28.0,9.499999999999995,14.180000000000001,51.0,111.53409092437218,46,0.25081864328188436,1.0,5.700000000000001,10.579999999999997,39.5,0.004386611165537957,27,8735.358891328073,5143.644809405991,13879.003700734063,4491.799999999999
195,831,239,10.70185470064632,5.742478941034897,7.953670276774964,11.878074608904939,43.99939831528279,16.826353790613723,21.72625511251854,33.82190132370638,175.98141798167222,28.0,9.499999999999995,14.180000000000001,51.0,110.53409092437218,46,0.2584328632968179,1.0,5.700000000000001,10.579999999999997,39.5,0.057603694405290895,27,8893.241256237092,5192.574971891931,14085.816228129024,4862.7
196,830,237,10.931546085441353,5.906024096385543,7.965542168674699,11.886650602409624,44.09939759036145,17.439277108433746,20.07674129539917,33.96987951807229,129.06768065135668,28.0,9.499999999999995,14.180000000000001,51.0,109.53409092437218,46,0.2584328632968179,1.0,5.700000000000001,10.579999999999997,39.5,0.16277291074877698,27,9073.183250916323,4758.187687009603,13831.370937925927,5479.499999999999
197,835,210,11.263297813777852,6.029940119760479,7.966706586826355,11.893485029940122,44.120958083832335,18.569820359281433,21.03136831510708,34.051497005988026,129.06768065135668,28.0,9.499999999999995,14.180000000000001,51.0,110.72289370527977,46,0.2584328632968179,1.0,5.700000000000001,10.579999999999997,39.0,0.04317173853910883,27,9404.853674504506,4416.587346172487,13821.441020676994,5415.799999999999
198,829,228,10.672945964446702,5.945717732207479,7.967430639324481,11.888902291917953,44.168878166465625,18.15235223160435,20.92190161843612,34.300361881785285,129.06768065135668,28.0,9.499999999999995,14.180000000000001,51.0,109.72289370527977,46,0.2584328632968179,1.0,5.9,10.819999999999999,39.0,0.0075713013215521485,27,8847.872204526317,4770.193569003435,13618.065773529752,5341.599999999999
199,825,244,10.46032977381954,5.76,7.9973333333333345,11.8866909090909,44.11272727272727,18.005333333333315,21.934839871634537,34.54545454545455,128.9374556058014,28.0,9.499999999999995,14.120000000000001,51.0,129.06768065135668,46,0.2621546857403104,1.0,6.0,10.819999999999999,39.0,0.04621569450947782,27,8629.77206340112,5352.100928678827,13981.872992079947,4949.699999999999
200,820,240,10.872682206721983,5.659756097560976,8.019268292682924,11.873829268292669,44.09329268292683,18.26865853658535,21.655226495062433,34.735365853658536,131.37021143723288,28.0,9.499999999999995,14.06,51.0,110.99984333723566,46,0.2597374552343433,1.0,5.9,10.819999999999999,39.0,0.015142602643104297,27,8915.599409512026,5197.254358814984,14112.85376832701,5389.099999999999
201,804,249,10.791074873521962,5.451492537313433,8.045024875621879,11.877985074626858,44.12126865671642,18.55572139303482,20.5400487028991,35.00870646766169,131.37021143723288,28.0,9.499999999999995,14.06,51.0,116.73419621287022,46,0.2597374552343433,1.0,5.9,10.819999999999999,38.5,0.022936592619156926,27,8676.024198311658,5114.472127021876,13790.496325333534,5164.199999999999
202,772,253,10.603714963292036,5.274611398963731,8.044948186528496,11.86598445595854,44.093911917098445,19.090932642487036,22.573506262524983,35.170984455958546,131.37021143723288,28.0,9.499999999999995,14.06,51.0,128.9374556058014,46,0.2584328632968179,1.0,6.0,10.819999999999999,38.5,0.01269219610519734,28,8186.067951661453,5711.0970844188205,13897.165036080274,5554.4
203,732,280,11.507098643426636,5.433060109289618,8.03265027322405,11.869016393442614,44.23428961748634,18.383743169398908,18.718112850242516,35.2103825136612,119.19926647472714,28.0,9.499999999999995,14.120000000000001,51.5,127.9374556058014,45,0.2584328632968179,1.0,6.0,10.819999999999999,38.0,0.002154175567660843,28,8423.196206988297,5241.071598067904,13664.267805056203,4982.299999999999
204,743,284,10.953536425804915,5.4401076716016155,8.04576043068641,11.864360699865415,44.1978465679677,17.996231493943473,20.496541169100414,35.437415881561236,119.19926647472714,28.0,9.499999999999995,14.120000000000001,51.5,126.9374556058014,45,0.2584328632968179,1.0,6.1,10.819999999999999,38.0,0.013066230820039326,28,8138.477564373052,5821.017692024518,13959.49525639757,4367.7
205,746,278,11.13297209981411,5.52680965147453,8.037265415549596,11.873833780160876,44.22252010723861,17.61662198391423,21.06622294434389,35.56434316353887,132.0239313890004,28.0,9.499999999999995,14.120000000000001,51.5,122.50605256857666,45,0.2584328632968179,1.0,6.1,10.819999999999999,38.0,0.098465510700672,28,8305.197186461326,5856.409978527602,14161.607164988927,4213.7
206,758,278,11.038738217857055,5.699208443271768,8.02189973614776,11.871160949868058,44.30211081794195,17.24234828496042,21.829963498675884,35.71372031662269,137.68510571861646,27.0,9.499999999999995,14.120000000000001,51.5,118.19926647472714,45,0.25037976886617197,1.0,6.1,10.819999999999999,38.0,0.049232755350336,28,8367.363569135649,6068.7298526318955,14436.093421767544,4492.4
207,761,285,10.745258788496667,5.885676741130092,8.0107752956636,11.860315374507238,44.325229960578184,17.53929040735874,23.722311452831903,35.90144546649146,126.54303909262741,27.0,9.499999999999995,14.120000000000001,51.5,137.68510571861646,44,0.25037976886617197,1.0,6.0,10.819999999999999,38.0,0.0023009942189213817,28,8177.141938045963,6760.858764057092,14938.000702103054,4618.799999999999
208,774,285,11.257817477800568,5.751937984496124,8.009302325581402,11.858578811369512,44.24483204134367,17.31020671834625,21.755486568441256,36.13695090439276,126.65278106885604,27.0,9.499999999999995,14.120000000000001,51.5,136.68510571861646,44,0.25037976886617197,1.0,6.0,10.759999999999998,38.0,0.006119941333147416,28,8713.55072781764,6200.313672005758,14913.864399823397,4942.2
209,775,284,11.359712222398645,5.535483870967742,8.006322580645165,11.841264516129026,44.16774193548387,16.537935483870967,23.09010646292395,36.4141935483871,128.1702676700907,27.0,9.499999999999995,14.120000000000001,51.0,150.80091014721222,45,0.25037976886617197,1.0,6.0,10.759999999999998,37.5,0.2584328632968179,30,8803.77697235895,6557.590235470401,15361.367207829351,4601.599999999999
210,798,271,11.260863682000757,5.4223057644110275,8.003634085213031,11.821177944862157,44.13220551378446,16.87556390977442,25.809703562433132,36.669172932330824,130.2902656749913,27.0,9.499999999999995,14.120000000000001,51.0,149.80091014721222,45,0.25037976886617197,1.0,6.0,10.759999999999998,37.5,0.010505367252104048,30,8986.169218236604,6994.429665419379,15980.598883655983,4464.099999999999
211,826,270,10.825186335692722,5.325665859564165,8.002058111380148,11.79476997578693,44.09866828087167,17.092130750605328,27.345866202593943,36.8680387409201,157.2377199647754,27.0,9.499999999999995,14.120000000000001,51.0,130.2902656749913,45,0.25037976886617197,1.0,6.0,10.759999999999998,37.5,0.018738399966734764,30,8941.603913282188,7383.383874700365,16324.987787982553,4642.999999999999
212,819,274,11.312425203953062,5.277167277167277,7.996947496947496,11.784957264957253,44.17948717948718,17.692307692307697,24.426998605465354,37.05006105006105,157.2377199647754,27.0,9.499999999999995,14.06,51.0,124.65278106885604,45,0.25037976886617197,1.0,6.0,10.759999999999998,37.5,0.08089169369299265,30,9264.876242037557,6692.997617897507,15957.873859935064,5432.799999999999
213,821,279,11.88317316503852,5.397076735688185,8.002314250913525,11.795420219244821,44.209500609013396,18.253714981729598,21.354704907847278,37.21315468940317,155.40091586176334,27.0,9.499999999999995,14.06,51.0,103.79619186898174,46,0.2805502336398672,1.0,6.0,10.759999999999998,37.5,0.10440058752523629,30,9756.085168496626,5957.962669289391,15714.047837786016,5547.599999999999
214,824,299,11.290603771251336,5.404126213592233,8.002063106796122,11.796407766990287,44.26638349514563,18.13968446601941,22.200566793838167,37.41626213592233,120.21407427666436,27.0,9.499999999999995,14.120000000000001,51.5,102.79619186898174,47,0.25100946208570346,1.0,6.0,10.759999999999998,38.0,0.0032302786742510747,30,9303.4575075111,6637.969471357612,15941.426978868712,5077.499999999999
215,814,286,11.930747049101003,5.3108108108108105,7.999508599508596,11.789434889434883,44.16093366093366,18.447665847665863,21.10253278338811,37.680589680589684,154.4602912028699,27.0,9.399999999999995,14.120000000000001,51.5,115.64170219184354,47,0.25436443369103,1.0,6.0,10.699999999999998,38.0,0.07697228545507784,30,9711.628097968216,6035.3243760489995,15746.952474017216,5346.599999999999
216,833,279,10.73485962566228,5.154861944777911,7.991956782713086,11.78333733493398,44.11524609843938,18.21872749099641,23.54509207877276,37.97358943577431,154.4602912028699,27.0,9.399999999999995,14.120000000000001,51.5,114.64170219184354,47,0.25436443369103,1.0,6.0,10.699999999999998,38.0,0.1293759719362395,30,8942.138068176679,6569.080689977601,15511.218758154278,5262.099999999999
217,817,275,11.841629552459866,5.15422276621787,7.99351285189719,11.806070991432067,44.069155446756426,18.145042839657297,21.47504433358245,38.129742962056305,165.65510038021912,27.0,9.299999999999995,14.120000000000001,51.5,113.64170219184354,47,0.25436443369103,1.0,6.0,10.699999999999998,38.0,0.24152188073523817,30,9674.61134435971,5905.6371917351735,15580.248536094883,5722.9
218,828,276,11.440663855612495,5.067632850241546,7.996497584541073,11.810507246376805,44.06461352657005,18.047826086956537,21.87320775006421,38.306763285024154,165.65510038021912,27.0,9.299999999999995,14.120000000000001,51.5,148.53848521983224,47,0.27487703587041923,1.0,6.0,10.699999999999998,38.0,0.03253424063451282,31,9472.869672447147,6037.005339017722,15509.875011464868,5148.099999999999
219,844,293,10.629423558066698,4.996445497630332,8.00462085308057,11.799905213270138,44.07109004739336,17.452843601895744,23.158400029279882,38.552132701421804,165.65510038021912,27.0,9.299999999999995,14.120000000000001,51.5,135.4573511113532,48,0.27487703587041923,1.0,6.0,10.699999999999998,38.0,0.017457734764120048,31,8971.233483008293,6785.411208579006,15756.644691587298,5159.2
220,862,298,10.97777443670929,5.05568445475638,8.02958236658933,11.818700696055679,44.099187935034806,16.642459396751747,22.452527008660145,38.75290023201856,176.23378213641212,27.0,9.299999999999995,14.06,51.5,149.65612754070725,48,0.27487703587041923,1.0,5.9,10.699999999999998,38.0,0.010345168856911169,31,9462.841564443408,6690.853048580723,16153.69461302413,5051.799999999999
221,869,276,11.728900639826843,4.968929804372842,8.046375143843493,11.816754890678954,44.06559263521289,16.787111622554665,23.77268899905867,39.013808975834294,176.23378213641212,25.0,9.299999999999995,14.06,51.5,148.65612754070725,48,0.2540667800793141,1.0,5.9,10.699999999999998,38.0,0.009424112517385286,31,10192.414656009527,6561.262163740193,16753.67681974972,4958.2
222,868,286,11.67536245187281,5.013824884792626,8.05806451612903,11.815599078341,44.05702764976959,16.590552995391715,22.585617521188155,39.14746543778802,218.7544377650357,25.0,9.299999999999995,14.06,51.0,176.23378213641212,46,0.2540667800793141,1.0,5.9,10.699999999999998,38.0,0.10384010117584941,31,10134.214608225599,6459.486611059812,16593.70121928541,5558.2
223,864,286,11.739129688169552,5.033564814814815,8.054398148148158,11.81020833333333,44.061342592592595,16.843055555555562,21.517646462927136,39.261574074074076,218.7544377650357,25.0,9.399999999999995,14.06,51.0,175.23378213641212,45,0.2540667800793141,1.0,5.9,10.699999999999998,38.0,0.013630620823642303,31,10142.608050578492,6154.046888397161,16296.654938975653,6110.9
224,866,275,11.22517746364389,5.051963048498846,8.053464203233272,11.813787528868348,43.9838337182448,17.996420323325637,22.637114539991565,39.39607390300231,218.7544377650357,24.0,9.399999999999995,14.120000000000001,51.0,174.23378213641212,45,0.2540667800793141,1.0,6.0,10.699999999999998,38.0,0.08791380713199537,31,9721.003683515608,6225.2064984976805,15946.210182013288,6012.099999999999
225,862,303,11.067950763206218,5.162412993039443,8.038399071925756,11.8266125290023,43.970417633410676,17.847215777262182,20.022392755474716,39.57308584686775,221.1664069053401,25.0,9.399999999999995,14.120000000000001,51.0,194.7662751735072,46,0.2540667800793141,1.0,6.0,10.94,38.0,0.02188935763936173,32,9540.57355788376,6066.785004908839,15607.358562792599,5975.299999999999
226,862,289,11.326484602244497,5.193735498839907,8.025174013921115,11.83689095127608,44.07946635730858,17.985266821345693,22.801171305271247,39.675174013921115,176.64583722367934,25.0,9.399999999999995,14.120000000000001,51.0,221.1664069053401,46,0.2540667800793141,1.0,6.0,10.979999999999992,38.0,0.02592076621201289,32,9763.429727134757,6589.53850722339,16352.968234358148,5134.199999999999
227,848,305,11.152150412092695,5.248820754716981,8.000589622641508,11.841226415094342,44.02358490566038,18.114033018867925,21.847818403373164,39.83490566037736,176.64583722367934,25.0,9.399999999999995,14.120000000000001,51.0,220.1664069053401,46,0.2540667800793141,1.0,5.9,10.979999999999992,38.0,0.04556295370512076,32,9457.023549454605,6663.5846130288155,16120.60816248342,5901.4
228,844,287,11.683553385953047,5.325829383886256,7.987085308056875,11.82488151658769,43.9218009478673,18.359597156398106,21.62113293333848,40.08293838862559,250.07443818003821,25.0,9.399999999999995,14.120000000000001,51.0,216.7544377650357,47,0.2653131937234582,1.0,5.9,10.979999999999992,38.0,0.039852733946773355,32,9860.919057744371,6205.265151868144,16066.184209612515,5345.9
229,826,283,11.89289310314607,5.399515738498789,7.974697336561744,11.823026634382547,43.97094430992736,18.350847457627143,22.236361753352377,40.261501210653755,192.58465543100345,25.0,9.399999999999995,14.120000000000001,51.0,250.07443818003821,47,0.2653131937234582,1.0,5.9,10.979999999999992,38.0,0.0795687960226712,32,9823.529703198654,6292.890376198722,16116.420079397376,5414.2
230,825,278,11.989414603892595,5.493333333333333,7.956969696969694,11.832145454545453,43.91878787878788,18.42193939393941,23.6571517123377,40.407272727272726,192.58465543100345,25.0,9.399999999999995,14.120000000000001,51.0,249.07443818003821,47,0.2653131937234582,1.0,5.9,10.979999999999992,38.0,0.008389668867069489,32,9891.26704821139,6576.688176029881,16467.955224241272,4972.999999999999
231,812,281,12.218013115545784,5.550492610837439,7.977709359605912,11.832610837438411,43.9057881773399,18.008620689655174,21.8275726503615,40.66256157635468,192.58465543100345,25.0,9.499999999999995,14.120000000000001,51.0,248.8577659216439,47,0.2653131937234582,1.0,5.9,10.979999999999992,38.0,0.0591773384789005,33,9921.026649823176,6133.547914751582,16054.574564574757,5338.4
232,819,283,11.359912247899972,5.498168498168498,7.970695970695962,11.806691086691085,43.85775335775336,17.58021978021979,25.90504154312091,40.88644688644688,166.24238678045623,25.0,9.499999999999995,14.06,51.5,247.8577659216439,48,0.25455667946992494,1.0,5.9,10.94,38.0,0.019636810766787693,33,9303.768131030078,7331.126756703217,16634.894887733295,4811.0
233,827,293,11.34982509143852,5.430471584038694,7.972430471584035,11.793059250302285,43.81136638452237,17.129987908101572,24.89459976193137,41.059250302297464,193.09253153995166,25.0,9.499999999999995,14.06,51.5,246.8577659216439,48,0.25455667946992494,1.0,5.9,10.94,38.0,0.04386352982685615,33,9386.305350619656,7294.117730245892,16680.42308086555,4813.4
234,856,257,12.403114020714867,5.421728971962617,7.974649532710272,11.801542056074771,43.8446261682243,17.617523364485987,23.489811192405035,41.195093457943926,256.97739561798,25.0,9.499999999999995,14.06,51.5,119.1145742976897,48,0.25455667946992494,1.0,5.9,10.94,38.0,0.06097217294614943,33,10617.065601731925,6036.881476448094,16653.94707818002,5143.299999999999
235,863,283,11.437651632455166,5.235225955967555,7.99501738122827,11.808945538818078,43.836616454229436,16.887253765932776,22.781864705452787,41.426419466975666,214.76373309099066,24.0,9.499999999999995,14.06,51.5,143.8592827781173,48,0.25575435943851377,1.0,6.0,10.879999999999999,38.0,0.17082550979090017,34,9870.693358808809,6447.267711643139,16317.961070451947,5509.7
236,887,261,11.654794542949197,5.129650507328072,7.991657271702376,11.787170236753077,43.811161217587376,16.855242390078924,25.230079310966268,41.67192784667418,148.30850358023892,24.0,9.399999999999995,14.06,51.5,142.8592827781173,49,0.2518747385139968,1.0,6.0,10.879999999999999,38.0,0.09312052561603501,34,10337.802759595937,6585.050700162195,16922.85345975813,5010.099999999999
237,874,274,11.417237055076722,5.089244851258581,7.998054919908455,11.77608695652173,43.81979405034325,17.18649885583525,24.673887053653736,41.85469107551487,131.2653191003538,24.0,9.399999999999995,14.06,51.5,148.30850358023892,49,0.2518747385139968,1.0,6.0,10.879999999999999,38.0,0.06097217294614943,34,9978.665186137056,6760.645052701124,16739.31023883818,5843.799999999999
238,864,286,11.540583170428887,4.893518518518518,7.986574074074074,11.760208333333333,43.75231481481482,16.65509259259259,24.79413594700456,42.094907407407405,149.73400737762339,24.0,9.399999999999995,14.06,51.5,147.30850358023892,49,0.2518747385139968,1.0,6.0,10.879999999999999,37.5,0.08513485475403648,34,9971.063859250558,7091.122880843304,17062.186740093865,5343.599999999999
239,874,290,11.71315572695158,4.721967963386728,7.994622425629284,11.76903890160184,43.74199084668192,16.549313501144145,25.760502403278075,42.37299771167048,149.73400737762339,23.0,9.399999999999995,14.120000000000001,52.0,146.30850358023892,49,0.2555987896489807,1.0,6.0,10.879999999999999,37.5,0.07154451854838961,34,10237.298105355681,7470.545696950641,17707.84380230632,5302.2
240,892,268,11.700522046791324,4.719730941704036,7.9958520179372155,11.774910313901364,43.76737668161435,17.706838565022412,26.358501905178308,42.54708520179372,155.77201784954562,23.0,9.399999999999995,14.120000000000001,52.0,149.73400737762339,50,0.2518747385139968,1.0,6.0,10.879999999999999,37.5,0.035896198397039836,34,10436.865665737861,7064.078510587787,17500.944176325647,5686.599999999999
241,890,270,12.429043025448639,4.7797752808988765,7.993707865168536,11.773685393258432,43.87415730337079,18.516629213483146,22.725339876983778,42.698876404494385,181.63445207859002,23.0,9.499999999999995,14.120000000000001,52.0,155.77201784954562,50,0.2518747385139968,1.0,6.0,10.879999999999999,37.5,0.053367658742619284,34,11061.848292649289,6135.84176678562,17197.69005943491,5902.499999999999
242,876,269,12.72264237641663,4.807077625570776,8.010958904109588,11.773264840182652,43.84018264840183,18.87922374429224,21.712980524233473,42.837899543378995,181.63445207859002,24.0,9.499999999999995,14.120000000000001,52.0,147.73400737762339,50,0.26008601981795487,1.0,6.0,10.879999999999999,37.5,0.142776981846791,35,11145.034721740967,5840.791761018804,16985.82648275977,5837.4
243,848,295,11.749737505745793,4.871462264150943,7.995990566037743,11.753372641509436,43.894457547169814,18.698938679245302,22.448572271253255,42.99528301886792,181.63445207859002,24.0,9.499999999999995,14.120000000000001,52.0,146.73400737762339,50,0.26008601981795487,1.0,6.0,10.819999999999999,37.5,0.2552916496159334,35,9963.777404872433,6622.32882001971,16586.106224892144,5868.199999999999
244,820,292,11.934019286774385,4.7475609756097565,7.990731707317071,11.750804878048793,43.885975609756095,18.237073170731712,22.628126976353183,43.16219512195122,181.63445207859002,24.0,9.599999999999994,14.120000000000001,52.0,150.71404862377642,50,0.26008601981795487,1.0,6.0,10.819999999999999,37.5,0.024591829136257903,35,9785.895815154996,6607.41307709513,16393.308892250127,5536.4
245,805,301,11.780228103871458,4.745341614906832,8.000993788819878,11.747527950310566,43.94534161490683,17.940993788819878,22.507964331715026,43.35527950310559,155.3070560049557,24.0,9.599999999999994,14.120000000000001,52.0,181.63445207859002,50,0.26008601981795487,1.0,6.0,10.819999999999999,37.0,0.017241372878012307,36,9483.083623616523,6774.897263846223,16257.980887462745,5193.699999999999
246,798,310,11.09033202279883,4.5739348370927315,8.002506265664154,11.74646616541353,43.91541353383459,17.46691729323308,22.834677407705428,43.642857142857146,155.3070560049557,21.0,9.599999999999994,14.120000000000001,52.0,180.63445207859002,50,0.26314323032372083,1.0,5.9,10.819999999999999,37.0,0.05243942808504776,36,8850.084954193466,7078.749996388683,15928.83495058215,5314.599999999999
247,826,289,11.388084383845715,4.508474576271187,7.9849878934624625,11.734358353510888,43.92978208232446,17.372033898305094,22.09732601753404,43.847457627118644,189.972316740597,21.0,9.599999999999994,14.0,52.5,147.71404862377642,50,0.2540339014651154,1.0,5.9,10.819999999999999,37.0,0.012704140153806165,37,9406.557701056561,6386.127219067338,15792.684920123898,5094.699999999999
248,822,299,11.470880612647669,4.538929440389294,7.984549878345502,11.733965936739647,43.93917274939173,17.354136253041357,20.495642881039068,44.126520681265205,189.972316740597,21.0,9.599999999999994,14.0,52.5,123.74015187064741,50,0.2540339014651154,1.0,5.9,10.819999999999999,37.0,0.02363031523012804,37,9429.063863596384,6128.197221430682,15557.261085027065,5851.599999999999
249,856,274,10.572862424055646,4.533878504672897,7.996261682242989,11.720163551401873,43.82710280373832,16.444859813084115,25.304824669058025,44.31892523364486,118.63735505540585,21.0,9.599999999999994,14.0,52.5,122.74015187064741,51,0.2540339014651154,1.0,5.9,10.819999999999999,37.0,0.07038341574919427,37,9050.370234991633,6933.521959321899,15983.892194313532,4591.4
250,889,258,10.946871777344418,4.555680539932508,7.972103487064116,11.703352080989854,43.775590551181104,16.56242969628798,23.147535151597463,44.51968503937008,129.02370112400112,21.0,9.599999999999994,13.879999999999999,52.5,121.74015187064741,52,0.2540339014651154,1.0,5.800000000000001,10.819999999999999,37.0,0.06283177651723282,37,9731.769010059188,5972.064069112145,15703.833079171334,5433.499999999999
251,892,269,10.909782138434103,4.550448430493273,7.963116591928247,11.685448430493253,43.7914798206278,16.406165919282508,21.451414920803902,44.73654708520179,129.02370112400112,21.0,9.599999999999994,13.879999999999999,53.0,103.89693548758792,52,0.26592488521680735,1.0,5.800000000000001,10.85999999999999,36.5,0.022552135959740482,37,9731.52566748322,5770.43061369625,15501.95628117947,5502.199999999999
252,934,250,10.406562315879029,4.502141327623126,7.955888650963597,11.691113490364014,43.76605995717345,16.39817987152034,23.905845477714738,44.96680942184154,133.27135892836623,21.0,9.599999999999994,13.879999999999999,53.0,114.59199375086976,52,0.26261361798015914,1.0,5.800000000000001,10.819999999999999,36.5,0.00202929696921883,38,9719.729203031013,5976.4613694286845,15696.190572459698,4792.7
253,949,248,10.733041200761512,4.448893572181244,7.9713382507902955,11.712476290832447,43.87723919915701,16.93498419388828,25.069477164770188,45.147523709167544,133.27135892836623,21.0,9.599999999999994,13.879999999999999,53.0,129.02370112400112,53,0.2505073242423047,1.0,5.800000000000001,10.819999999999999,36.5,0.14847745633775178,38,10185.656099522676,6217.230336863006,16402.88643638568,5508.799999999999
254,934,245,11.772707546627624,4.453961456102784,7.974839400428256,11.716959314775147,43.856531049250535,17.823447537473232,21.38451928712973,45.238758029978584,133.27135892836623,21.0,9.599999999999994,13.879999999999999,53.0,128.02370112400112,53,0.2611883485837098,1.0,5.800000000000001,10.819999999999999,36.5,0.09946048516857076,38,10995.7088485502,5239.207225346784,16234.916073896984,6197.199999999999
255,921,277,11.40710028730063,4.45385450597177,7.9750271444082435,11.718002171552653,43.81270358306189,18.207600434310525,19.765513601182242,45.420195439739416,155.56382970655363,21.0,9.599999999999994,13.879999999999999,53.0,136.84741904996105,53,0.26261361798015914,1.0,5.800000000000001,10.819999999999999,37.0,0.06768537734637192,38,10505.939364603879,5475.047267527481,15980.98663213136,6393.599999999999
256,917,260,12.21437308446085,4.428571428571429,7.98396946564885,11.700043620501642,43.850054525627044,18.77033805888769,19.617770206805023,45.528898582333696,155.56382970655363,21.0,9.599999999999994,13.879999999999999,52.0,111.78178115523262,53,0.2503766801238564,1.0,5.800000000000001,10.819999999999999,37.0,0.05110517594930708,38,11200.580118450598,5100.620253769306,16301.200372219904,5351.299999999999
257,884,282,11.485215784588624,4.503393665158371,7.977036199095022,11.690723981900442,43.832013574660635,18.59174208144798,20.777906200983892,45.72171945701358,155.56382970655363,21.0,9.599999999999994,13.879999999999999,52.0,137.21783727725955,53,0.2503766801238564,1.0,5.800000000000001,10.819999999999999,36.5,0.06768537734637192,38,10152.930753576344,5859.369548677458,16012.300302253801,5820.599999999999
258,871,281,11.292731522755803,4.546498277841561,7.977382319173374,11.686107921928805,43.808266360505165,18.64707233065442,21.46144080994091,45.93800229621125,163.78115005773088,21.0,9.599999999999994,13.879999999999999,52.0,155.56382970655363,53,0.2503766801238564,1.0,5.800000000000001,10.819999999999999,36.5,0.09193931144136469,39,9835.969156320305,6030.664867593396,15866.6340239137,5541.2
259,868,297,10.414204627060728,4.5,7.989516129032258,11.711105990783397,43.84907834101382,18.512327188940112,22.675146431018277,46.20276497695853,137.18322631568145,21.0,9.599999999999994,13.94,52.5,163.78115005773088,54,0.2503766801238564,1.0,5.800000000000001,10.819999999999999,36.5,0.0015067204954255509,39,9039.529616288712,6734.518490012428,15774.04810630114,5742.099999999999
260,866,299,10.781016961338814,4.310623556581986,8.018822170900695,11.719861431870667,43.90473441108545,17.76050808314089,24.09989118503517,46.51385681293303,154.24670023175236,21.0,9.299999999999995,13.94,52.5,162.78115005773088,54,0.2503766801238564,1.0,5.800000000000001,10.819999999999999,36.5,0.0627637968188306,39,9336.360688519413,7205.867464325515,16542.228152844928,5083.499999999999
261,868,294,11.136227458643672,4.296082949308755,8.02718894009217,11.732373271889397,43.89746543778802,17.816474654377892,22.62846599657954,46.663594470046085,154.24670023175236,22.0,9.299999999999995,13.94,52.5,161.78115005773088,54,0.2503766801238564,1.0,5.800000000000001,10.819999999999999,36.5,0.06567578629990889,39,9666.245434102708,6652.769002994384,16319.014437097092,5310.099999999999
262,862,309,10.8182845131544,4.244779582366589,8.026334106728537,11.730951276102092,43.880510440835266,17.445591647331774,21.626994452400503,46.872389791183295,112.87785974861173,22.0,9.299999999999995,13.94,52.5,160.78115005773088,54,0.2503766801238564,1.0,5.700000000000001,10.759999999999998,37.0,0.02168348610134263,40,9325.361250339092,6682.741285791755,16008.102536130848,5477.599999999999
263,885,290,10.623140387433986,4.301694915254237,8.009943502824854,11.726079096045192,43.826553672316386,17.31943502824858,21.774354818307796,47.06892655367232,162.64870999306726,22.0,9.299999999999995,13.94,52.5,122.74377170716159,54,0.2526351512966974,1.0,5.600000000000001,10.759999999999998,37.0,0.08938741721985588,40,9401.479242879079,6314.562897309261,15716.04214018834,5211.299999999999
264,896,278,10.46434241930777,4.252232142857143,8.003459821428567,11.724866071428561,43.75669642857143,17.511830357142863,22.222029909167766,47.247767857142854,162.64870999306726,22.0,9.299999999999995,13.94,52.5,121.74377170716159,54,0.2526351512966974,1.0,5.600000000000001,10.759999999999998,37.5,0.016607733214038856,40,9376.050807699761,6177.724314748639,15553.7751224484,5610.9
265,894,282,10.87250917186721,4.250559284116331,8.008389261744968,11.728411633109616,43.70413870246085,16.998769574944067,20.21256071590812,47.4082774049217,183.51437434096795,22.0,9.299999999999995,13.94,52.5,116.33187874950974,55,0.27364256756551875,1.0,5.600000000000001,10.759999999999998,37.5,0.015980850740815677,40,9720.023199649286,5699.942121886089,15419.965321535376,5648.799999999999
266,893,289,10.187347443646024,4.304591265397536,8.0003359462486,11.722821948488237,43.74356103023516,17.275363941769296,21.09612660505764,47.50727883538634,124.2215176585334,22.0,9.299999999999995,13.94,52.5,183.51437434096795,55,0.27364256756551875,1.0,5.600000000000001,10.759999999999998,37.5,0.031961701481631355,40,9097.301267175899,6096.7805888616585,15194.081856037557,5878.999999999999
267,885,290,10.17308557528508,4.272316384180791,7.989378531073447,11.709830508474571,43.83672316384181,17.350960451977386,21.123542883899557,47.70282485875706,124.2215176585334,22.0,9.299999999999995,13.759999999999998,52.5,182.51437434096795,55,0.27364256756551875,1.0,5.600000000000001,10.699999999999998,37.5,0.05641647900588165,41,9003.180734127296,6125.827436330871,15129.008170458168,5896.299999999999
268,884,280,10.33374120210946,4.132352941176471,8.007692307692299,11.697511312217186,43.98303167420814,17.559162895927585,21.293637176707957,47.92420814479638,189.32369581505188,22.0,9.399999999999995,13.759999999999998,52.5,160.64870999306726,56,0.2552199167511039,1.0,5.600000000000001,10.699999999999998,37.5,0.04242985127547727,41,9135.027222664763,5962.218409478228,15097.24563214299,5714.299999999999
269,904,275,10.660144170445887,4.08075221238938,8.025553097345128,11.690707964601764,44.076880530973455,17.968252212389373,19.879692244791155,48.04314159292036,189.32369581505188,22.0,9.399999999999995,13.759999999999998,53.0,159.64870999306726,56,0.2552199167511039,1.0,5.600000000000001,10.699999999999998,37.5,0.020802529932171243,41,9636.770330083082,5466.915367317568,15103.68569740065,5578.099999999999
270,908,307,10.005187533035238,4.008810572687224,8.030837004405287,11.682885462555081,44.140969162995596,17.805947136563884,19.116630087732318,48.21806167400881,189.32369581505188,22.0,9.399999999999995,13.759999999999998,53.5,167.61440493277308,56,0.2552199167511039,1.0,5.600000000000001,10.639999999999997,37.5,0.03358176701933546,41,9084.710279995996,5868.8054369338215,14953.515716929818,6056.999999999999
271,889,307,9.973084798373527,3.9448818897637796,8.028683914510681,11.691001124859378,44.19066366704162,17.37660292463443,22.349209742027213,48.412823397075364,189.32369581505188,21.0,9.399999999999995,13.699999999999998,53.5,166.61440493277308,56,0.2552199167511039,1.0,5.600000000000001,10.639999999999997,37.5,0.028987475775672955,42,8866.072385754065,6861.207390802354,15727.27977655642,5319.099999999999
272,903,292,9.793907621050932,3.9612403100775193,8.033333333333333,11.69736434108526,44.24141749723145,17.131561461794035,22.801562455399804,48.59579180509413,189.32369581505188,21.0,9.399999999999995,13.699999999999998,53.5,165.61440493277308,56,0.2637293674824328,1.0,5.600000000000001,10.639999999999997,37.5,0.05725593200983803,42,8843.898581808991,6658.056236976742,15501.954818785733,5779.499999999999
273,906,266,10.868919008228092,3.9602649006622515,8.022075055187631,11.68821192052979,44.264900662251655,17.368101545253865,21.05277981119081,48.75717439293598,161.40877191243572,20.0,9.399999999999995,12.960000000000008,53.5,189.32369581505188,56,0.2580295896117837,1.0,5.600000000000001,10.639999999999997,37.5,0.13967440168448175,42,9847.240621454652,5600.039429776755,15447.280051231406,5358.2
274,900,281,11.300439112127513,3.9633333333333334,8.012111111111109,11.688977777777765,44.25666666666667,17.763999999999996,18.605839601677904,48.88666666666666,266.7689846884787,20.0,9.399999999999995,12.960000000000008,53.5,151.3837115920445,56,0.2580295896117837,1.0,5.700000000000001,10.639999999999997,37.5,0.00021846304540407147,42,10170.395200914762,5228.240928071491,15398.636128986253,5934.099999999999
275,915,253,10.82132139754484,3.9759562841530056,8.010273224043718,11.676196721311463,44.230054644808746,17.673442622950827,20.37336872372139,49.03934426229508,145.2377262282491,20.0,9.399999999999995,12.960000000000008,52.5,150.3837115920445,56,0.25464344109766013,1.0,5.700000000000001,10.639999999999997,37.5,0.006476344823068025,42,9901.50907875353,5154.462287101512,15055.971365855043,5618.4
276,936,271,9.924302806468445,3.9123931623931623,8.029380341880342,11.675683760683759,44.24305555555556,17.46613247863249,19.214054573842347,49.25854700854701,150.4229954745743,21.0,9.399999999999995,12.960000000000008,52.5,145.2377262282491,56,0.25464344109766013,1.0,5.600000000000001,10.639999999999997,37.5,0.23791712567241885,42,9289.147426854464,5207.008789511276,14496.15621636574,5556.7
277,916,277,10.144791976659954,3.756550218340611,8.069978165938856,11.68912663755458,44.3438864628821,17.78875545851529,17.822912708715826,49.50873362445415,150.4229954745743,21.0,9.399999999999995,12.960000000000008,52.5,144.2377262282491,57,0.25464344109766013,1.0,5.600000000000001,10.639999999999997,37.5,0.10742710161919122,43,9292.629450620518,4936.946820314284,14229.576270934802,5962.7
278,907,281,9.778899930787013,3.776185226019846,8.079603087100331,11.699117971334067,44.43054024255788,18.016758544652696,17.861243250887643,49.67695700110254,119.57054013214149,21.0,9.399999999999995,12.960000000000008,52.5,148.23633587489178,57,0.25464344109766013,1.0,5.600000000000001,10.639999999999997,37.5,0.005633426510774253,43,8869.462237223821,5019.009353499428,13888.47159072325,6057.799999999999
279,924,270,9.448342358430475,3.70995670995671,8.09025974025974,11.714350649350642,44.353896103896105,18.284415584415584,17.825169394002987,49.87662337662338,134.3654514146012,20.0,9.399999999999995,12.960000000000008,52.0,147.23633587489178,57,0.25464344109766013,1.0,5.600000000000001,10.639999999999997,37.0,0.014320923374741223,43,8730.268339189759,4812.795736380806,13543.064075570564,5826.2
280,935,273,9.357986647156636,3.6780748663101606,8.090588235294117,11.72239572192513,44.34919786096257,18.286310160427803,17.353278828311247,50.020320855614976,116.64269060135007,20.0,9.399999999999995,12.900000000000007,51.5,146.23633587489178,57,0.2554219769595265,1.0,5.600000000000001,10.639999999999997,37.0,0.08231878122134706,43,8749.717515091455,4737.44512012897,13487.162635220426,5665.7
281,915,287,8.990601312864221,3.6262295081967215,8.125464480874319,11.719409836065564,44.35956284153006,17.33016393442621,18.259535156680446,50.349726775956285,112.67691493502595,20.0,9.399999999999995,12.900000000000007,51.5,145.23633587489178,57,0.2554219769595265,1.0,5.600000000000001,10.639999999999997,37.0,0.06235669941302824,44,8226.400201270762,5240.486589967288,13466.88679123805,5676.099999999999
282,934,265,9.380581660051636,3.5599571734475375,8.136937901498936,11.726381156316927,44.346359743040686,17.082869379014994,20.246832865848553,50.53211991434689,149.63335868966718,20.0,9.399999999999995,12.960000000000008,51.5,112.67691493502595,57,0.25569143145590845,1.0,5.600000000000001,10.699999999999998,37.0,0.09390952246680184,44,8761.463270488228,5365.410709449867,14126.873979938095,4905.099999999999
283,960,244,9.464956375786386,3.5572916666666665,8.13135416666667,11.727937499999996,44.4484375,17.896354166666654,19.94132081157659,50.61875,151.52437186200072,20.0,9.399999999999995,12.960000000000008,51.5,104.41354004956415,57,0.2583734601215495,1.0,5.600000000000001,10.639999999999997,37.0,0.0731980910521246,44,9086.35812075493,4865.682278024688,13952.040398779618,5801.999999999999
284,958,242,9.74122403737907,3.545929018789144,8.13851774530271,11.718977035490605,44.529227557411275,18.41012526096033,17.080365899465875,50.77244258872651,151.52437186200072,20.0,9.399999999999995,12.960000000000008,51.5,101.44283064011357,58,0.2603774040902874,1.0,5.600000000000001,10.579999999999997,37.0,0.046373245126022145,44,9332.092627809148,4133.448547670741,13465.54117547989,6239.099999999999
285,942,254,9.170724753988669,3.5573248407643314,8.125265392781326,11.7227600849257,44.51645435244161,19.085562632696384,17.266641388260005,50.953290870488324,151.52437186200072,20.0,9.399999999999995,12.960000000000008,51.5,119.293441158447,58,0.2582192274319833,1.0,5.700000000000001,10.579999999999997,37.0,0.05201924738466457,44,8638.822718257326,4385.726912618042,13024.549630875368,6719.799999999999
286,925,272,8.51179095618644,3.5297297297297296,8.113621621621636,11.727200000000016,44.59081081081081,18.784108108108104,19.248230242420288,51.144864864864864,129.77830305651656,20.0,9.399999999999995,12.960000000000008,51.5,151.52437186200072,58,0.2582192274319833,1.0,5.700000000000001,10.579999999999997,37.0,0.18689776966223715,45,7873.406634472456,5235.518625938318,13108.925260410775,6229.699999999999
287,920,271,9.101019729203868,3.514130434782609,8.109782608695657,11.726195652173919,44.66358695652174,18.563260869565216,16.387544610434404,51.381521739130434,134.55978265156958,20.0,9.399999999999995,12.840000000000007,51.5,150.52437186200072,59,0.2582192274319833,1.0,5.700000000000001,10.579999999999997,37.0,0.01950275727011519,45,8372.938150867558,4441.024589427723,12813.962740295281,5686.699999999999
288,924,276,8.941199522390624,3.5562770562770565,8.094588744588767,11.701904761904766,44.70508658008658,18.105411255411244,16.4182432462897,51.55844155844156,150.33085742527027,20.0,9.399999999999995,12.780000000000006,51.5,128.77830305651656,59,0.2582192274319833,1.0,5.700000000000001,10.579999999999997,37.5,0.02132040596672402,45,8261.668358688938,4531.435135975957,12793.103494664894,5677.9
289,917,286,8.296762217024337,3.569247546346783,8.086913849509278,11.702290076335878,44.75954198473283,18.272410032715367,20.040134712051195,51.73391494002181,150.33085742527027,21.0,9.399999999999995,12.780000000000006,51.5,127.77830305651656,59,0.2586561113866016,1.0,5.700000000000001,10.579999999999997,37.5,0.08413269287874003,45,7608.130953011317,5731.478527646642,13339.609480657959,5519.799999999999
290,896,268,9.001550969548969,3.533482142857143,8.099999999999998,11.718861607142843,44.787388392857146,19.35535714285715,19.336975782765766,51.933035714285715,134.55978265156958,21.0,9.399999999999995,12.780000000000006,51.5,150.33085742527027,59,0.2586561113866016,1.0,5.700000000000001,10.579999999999997,37.5,0.20458472221325508,45,8065.389668715877,5182.309509781226,13247.699178497103,6413.299999999999
291,878,288,9.543647379946725,3.4760820045558085,8.119362186788155,11.724282460136672,44.800683371298405,19.065831435079733,17.08667606384283,52.15261958997722,152.06431183332873,21.0,9.499999999999995,12.780000000000006,51.5,134.55978265156958,57,0.25735361480930524,1.0,5.700000000000001,10.579999999999997,37.0,0.00021138045080970613,46,8379.322399593224,4920.962706386736,13300.28510597996,6440.099999999999
292,898,285,8.980177452709892,3.4955456570155903,8.151336302895334,11.735389755011148,44.842984409799556,17.86703786191538,19.95912437738876,52.37861915367483,152.06431183332873,21.0,9.599999999999994,12.780000000000006,51.5,133.55978265156958,58,0.25735361480930524,1.0,5.700000000000001,10.699999999999998,37.0,0.004685815443655095,46,8064.199352533484,5688.350447555797,13752.54980008928,5094.9
293,915,259,9.31026300174266,3.5278688524590165,8.155519125683067,11.736677595628407,44.8207650273224,18.032786885245905,21.844718814349257,52.53224043715847,182.3814522523248,21.0,9.599999999999994,12.780000000000006,51.5,136.81265059965133,58,0.25735361480930524,1.0,5.700000000000001,10.699999999999998,37.0,0.025638505058651617,46,8518.890646594535,5657.782172916457,14176.672819510992,5123.2
294,911,266,9.647843922628258,3.58397365532382,8.158507135016464,11.732667398463214,44.701427003293084,17.92052689352361,20.018026417671308,52.777167947310645,147.31504415296004,21.0,9.599999999999994,12.780000000000006,51.5,182.3814522523248,58,0.25735361480930524,1.0,5.700000000000001,10.759999999999998,37.0,0.007365804088379502,46,8789.185813514343,5324.795027100568,14113.980840614911,5721.499999999999
295,882,269,10.556016230434093,3.568027210884354,8.148412698412697,11.733650793650792,44.636054421768705,18.63083900226759,17.19579425670225,53.02721088435374,183.66920458811708,21.0,9.599999999999994,12.780000000000006,51.5,103.50035198023178,59,0.25735361480930524,1.0,5.700000000000001,10.759999999999998,37.0,0.047011046456519434,46,9310.40631524287,4625.668655052905,13936.074970295775,6363.199999999999
296,887,265,10.062172911756806,3.6403607666290867,8.114656144306668,11.732739571589637,44.68602029312289,17.816459977452087,17.865595964520843,53.214205186020294,179.0604179883988,21.0,9.599999999999994,12.780000000000006,51.5,147.31504415296004,59,0.2580337932189177,1.0,5.600000000000001,10.699999999999998,37.0,0.021688435126968386,46,8925.147372728286,4734.382930598023,13659.53030332631,5666.499999999999
297,925,238,10.396444377154369,3.671351351351351,8.115243243243249,11.721427027027026,44.748108108108106,17.645837837837846,19.02752932727297,53.388108108108106,179.0604179883988,21.0,9.599999999999994,12.780000000000006,51.5,99.0,59,0.2580337932189177,1.0,5.600000000000001,10.639999999999997,37.0,0.11177141669139545,46,9616.711048867792,4528.551979890966,14145.263028758758,4693.9
298,941,238,9.746471117586678,3.7045696068012752,8.106163655685448,11.720021253985095,44.75132837407014,18.24442082890541,20.009166256497068,53.57492029755579,110.78162397899627,21.0,9.599999999999994,12.780000000000006,51.5,103.31328557658216,59,0.25745256486964946,1.0,5.600000000000001,10.639999999999997,37.0,0.11400667086589333,47,9171.429321649064,4762.181569046302,13933.610890695367,6200.099999999999
299,906,268,9.801123299523676,3.7097130242825607,8.11169977924946,11.708278145695354,44.79083885209713,18.391501103752777,18.547537107057295,53.7682119205298,110.78162397899627,21.0,9.599999999999994,12.780000000000006,51.5,102.31328557658216,60,0.25745256486964946,1.0,5.600000000000001,10.639999999999997,37.0,0.05829222483286678,47,8879.81770936845,4970.739944691355,13850.557654059805,6429.599999999999
300,892,280,10.166717773306887,3.734304932735426,8.114013452914797,11.725269058295943,44.721412556053814,18.18026905829598,16.1959530415817,53.99663677130045,162.72439974815603,21.0,9.599999999999994,12.780000000000006,51.5,101.31328557658216,60,0.25745256486964946,1.0,5.600000000000001,10.639999999999997,37.0,0.020669502179829102,47,9068.712253789743,4534.866851642876,13603.579105432618,5730.799999999999
301,920,273,9.534679001825365,3.734782608695652,8.111304347826083,11.721565217391293,44.744565217391305,17.731086956521743,19.54866815586563,54.13695652173913,162.72439974815603,21.0,9.599999999999994,12.780000000000006,51.5,139.47532757142352,60,0.25745256486964946,1.0,5.500000000000002,10.639999999999997,38.0,0.05428394780187884,48,8771.904681679336,5336.786406551317,14108.691088230653,5047.499999999999
302,929,243,9.95588036205252,3.720129171151776,8.086221743810553,11.720129171151752,44.70075349838536,17.818837459634025,20.524444159242574,54.23681377825619,162.72439974815603,21.0,9.599999999999994,12.780000000000006,51.5,104.26867156798012,60,0.25745256486964946,1.0,5.500000000000002,10.639999999999997,38.0,0.08646588534561284,48,9249.012856346792,4987.439930695946,14236.452787042737,5461.9
303,918,247,10.066318116141733,3.676470588235294,8.085729847494553,11.712875816993455,44.740196078431374,18.662745098039224,19.67811598077625,54.429193899782135,129.75351190881804,21.0,9.599999999999994,12.780000000000006,51.5,139.80224322459387,60,0.25745256486964946,1.0,5.500000000000002,10.639999999999997,38.0,0.0037525807578349113,48,9240.880030618111,4860.494647251734,14101.374677869844,6335.399999999999
304,879,292,9.760745081338216,3.718998862343572,8.087940841865755,11.708555176336736,44.839590443686006,18.75995449374289,18.47371114734426,54.665529010238906,129.75351190881804,21.0,9.599999999999994,12.780000000000006,51.5,138.80224322459387,60,0.25745256486964946,1.0,5.500000000000002,10.639999999999997,38.0,0.06598765025242415,48,8579.694926496291,5394.323655024524,13974.018581520815,6666.499999999999
305,876,281,9.580490128027712,3.7157534246575343,8.105251141552511,11.711347031963463,44.903538812785385,18.385616438356177,19.914110898827225,54.92351598173516,138.56998642389223,21.0,9.599999999999994,12.780000000000006,52.0,103.48284899935715,60,0.25745256486964946,1.0,5.500000000000002,10.639999999999997,37.5,0.00013602740726659235,49,8392.509352152276,5595.865162570451,13988.374514722727,5509.299999999999
306,881,267,9.789287370018506,3.7514188422247448,8.08921679909194,11.717185017026106,44.8950056753689,17.831214528944386,19.321669771591868,55.172531214528945,140.4436838583036,21.0,9.599999999999994,12.780000000000006,52.0,138.56998642389223,60,0.25745256486964946,1.0,5.500000000000002,10.639999999999997,37.5,0.11861098043170903,49,8624.362172986304,5158.885829015028,13783.248002001332,5616.999999999999
307,903,242,9.48297423033553,3.743078626799557,8.080952380952374,11.71320044296787,44.833333333333336,18.45769656699888,20.75217637956478,55.4031007751938,198.71545628753978,21.0,9.399999999999995,12.840000000000007,52.0,140.4436838583036,61,0.26649691256310604,1.0,5.600000000000001,10.579999999999997,37.5,0.016700439826971003,49,8563.125729992984,5022.026683854677,13585.15241384766,5723.599999999999
308,889,260,9.276139154650597,3.763779527559055,8.053430821147352,11.687986501687284,44.86614173228347,17.924296962879648,19.823569669412638,55.59167604049494,198.71545628753978,21.0,9.399999999999995,12.840000000000007,52.0,139.4436838583036,61,0.26588976898807837,1.0,5.600000000000001,10.579999999999997,37.5,0.15219325508364312,49,8246.487708484381,5154.128114047286,13400.615822531667,6194.9
309,882,256,9.50790462969039,3.804988662131519,8.033673469387763,11.680566893424034,44.933673469387756,18.548185941043076,19.37426829010242,55.75170068027211,153.44945483178026,21.0,9.399999999999995,12.840000000000007,52.0,198.71545628753978,61,0.26588976898807837,1.0,5.600000000000001,10.579999999999997,37.5,0.23344406145203545,49,8385.971883386925,4959.81268226622,13345.784565653144,6009.499999999999
310,888,237,9.560456035637173,3.765765765765766,8.055968468468478,11.677815315315303,44.898085585585584,18.64121621621623,19.8210889731821,55.97072072072072,153.44945483178026,21.0,9.399999999999995,12.840000000000007,52.0,197.71545628753978,61,0.25809864000838095,1.0,5.600000000000001,10.519999999999996,37.5,0.13353550192318986,50,8489.68495964581,4697.598086644158,13187.28304628997,5449.299999999999
311,877,262,9.529128197380947,3.7787913340935004,8.072291904218934,11.692519954389958,44.80843785632839,17.851539338654526,17.747067627627768,56.1824401368301,153.44945483178026,20.0,9.399999999999995,12.840000000000007,51.5,196.71545628753978,61,0.25809864000838095,1.0,5.600000000000001,10.519999999999996,37.5,0.11251500658782243,50,8357.045429103091,4649.731718438476,13006.777147541567,5727.699999999999
312,858,251,9.232178032088214,3.730769230769231,8.104079254079254,11.706829836829838,44.93997668997669,18.50967365967366,20.3003053854283,56.34032634032634,196.68020618084063,20.0,9.399999999999995,12.540000000000004,51.5,153.44945483178026,61,0.26588976898807837,1.0,5.600000000000001,10.519999999999996,37.5,0.08115374601442582,50,7921.208751531687,5095.376651742503,13016.58540327419,5871.7
313,862,263,8.911975733178874,3.7122969837587005,8.118561484918796,11.72127610208816,44.86136890951276,18.210440835266827,19.234031264714435,56.571925754060324,111.47106056292395,19.0,9.399999999999995,12.600000000000005,52.0,152.44945483178026,61,0.26588976898807837,1.0,5.500000000000002,10.579999999999997,37.5,0.06939133017015187,50,7682.123082000189,5058.550222619896,12740.673304620086,5637.2
314,864,266,8.95415719680089,3.8171296296296298,8.143287037037043,11.72402777777777,44.86226851851852,18.05613425925926,18.63564941835368,56.848379629629626,152.22011301313293,19.0,9.499999999999995,12.600000000000005,52.0,145.41832597590886,61,0.2651162295754703,1.0,5.500000000000002,10.579999999999997,37.5,0.004944581467931197,50,7736.391818035969,4957.082745282079,12693.474563318046,5705.499999999999
315,841,279,8.996967556588643,3.7812128418549347,8.145303210463727,11.71008323424493,44.93579072532699,17.970035671819254,17.935593657887516,57.089179548156956,102.8510148181058,19.0,9.499999999999995,12.600000000000005,52.0,152.22011301313293,61,0.2651162295754703,1.0,5.500000000000002,10.579999999999997,37.5,0.10588166203512617,50,7566.449715091048,5004.030630550617,12570.480345641667,5993.199999999999
316,851,256,9.330404390424325,3.799059929494712,8.124676850763809,11.696357226792003,44.97767332549941,17.72561692126908,17.06752807786826,57.19271445358402,105.41576222470134,19.0,9.599999999999994,12.600000000000005,52.5,151.22011301313293,61,0.2651162295754703,1.0,5.500000000000002,10.579999999999997,37.5,0.19421019925740968,50,7940.1741362511,4369.287187934275,12309.461324185375,5461.4
317,880,250,8.941611884727282,3.7409090909090907,8.10136363636364,11.67843181818181,45.00454545454546,16.94011363636364,16.606986115946796,57.326136363636365,156.21891664390213,19.0,9.599999999999994,12.600000000000005,52.5,102.63712335465583,61,0.2676137401969479,1.0,5.500000000000002,10.519999999999996,37.0,0.0023486811340269753,50,7868.618458560008,4151.746528986699,12020.364987546705,4968.4
318,909,243,9.250379506126205,3.7205720572057204,8.072497249724973,11.669988998899884,45.09020902090209,16.972717271727173,16.77613783888712,57.45324532453245,156.21891664390213,19.0,9.599999999999994,12.600000000000005,52.5,97.0,62,0.2676137401969479,1.0,5.500000000000002,10.519999999999996,37.0,0.09483873223299266,51,8408.59497106872,4076.6014948495704,12485.19646591829,4840.499999999999
319,924,246,8.892221340836006,3.7142857142857144,8.061147186147187,11.666774891774889,45.05681818181818,17.924567099567096,16.299732129971844,57.63852813852814,156.21891664390213,12.0,9.599999999999994,12.600000000000005,52.5,123.58348598499573,62,0.2676137401969479,1.0,6.1,10.519999999999996,37.0,0.017318968598991624,51,8216.41251893247,4009.7341039730736,12226.146622905544,6395.799999999999
320,916,243,9.59431949434831,3.6866812227074237,8.079803493449782,11.671353711790383,45.03002183406114,17.949890829694354,16.158958260585234,57.83733624454148,156.21891664390213,12.0,9.599999999999994,12.660000000000005,52.0,100.2599143165001,63,0.2676137401969479,1.0,6.1,10.459999999999996,37.0,0.060464918301881276,51,8788.396656823052,3926.6268573222114,12715.023514145263,5878.4
321,948,244,9.053358112108834,3.7056962025316458,8.094409282700424,11.687405063291127,45.085443037974684,17.93713080168777,18.071028461903865,58.04852320675106,126.08048614390589,12.0,9.599999999999994,12.660000000000005,52.5,156.21891664390213,63,0.2676137401969479,1.0,6.199999999999999,10.459999999999996,37.0,0.03227890276922696,51,8582.583490279174,4409.330944704543,12991.914434983717,5786.099999999999
322,919,271,9.11738214336651,3.7279651795429816,8.116104461371055,11.712143634385221,45.015233949945596,17.4069640914037,16.517047148861053,58.325353645266595,155.560377208924,12.0,9.599999999999994,12.660000000000005,52.5,126.08048614390589,63,0.2593302588798942,1.0,6.199999999999999,10.459999999999996,37.0,0.020181043418878275,51,8378.874189753824,4476.119777341345,12854.993967095168,6285.299999999999
323,902,273,8.870604129830832,3.6840354767184036,8.109977827051,11.705011086474498,45.08813747228381,17.133370288248308,16.843774888236414,58.45787139689579,126.86044038782919,12.0,9.599999999999994,12.660000000000005,52.5,101.62787269773656,63,0.26838664985381644,1.0,6.199999999999999,10.459999999999996,37.0,0.007262045095198566,51,8001.284925107411,4598.350544488541,12599.635469595953,6087.599999999999
324,936,259,8.835453048692932,3.605769230769231,8.11666666666666,11.688098290598274,45.12873931623932,17.022649572649556,19.125871504766305,58.58867521367522,126.86044038782919,12.0,9.599999999999994,12.660000000000005,52.5,100.97380984059356,63,0.2537633999396083,1.0,6.199999999999999,10.459999999999996,37.0,0.09190650377354848,52,8269.984053576583,4953.600719734473,13223.584773311057,5024.999999999999
325,965,245,9.156597845209456,3.56580310880829,8.117512953367873,11.671233160621771,45.21243523316062,17.39512953367874,19.396530103209667,58.78031088082901,126.86044038782919,12.0,9.499999999999995,12.660000000000005,52.5,99.97380984059356,63,0.2537633999396083,1.0,6.199999999999999,10.459999999999996,37.0,0.039658424539566806,52,8836.116920627124,4752.149875286368,13588.266795913492,5701.099999999999
326,953,244,9.65091503333549,3.5666316894018886,8.118467995802721,11.669716684155292,45.25131164742917,18.316684155299058,19.24953967142045,58.99580272822665,126.86044038782919,12.0,9.499999999999995,12.660000000000005,52.5,98.97380984059356,63,0.2537633999396083,1.0,6.1,10.459999999999996,37.5,0.25515490966255605,53,9197.322026768723,4696.88767982659,13894.209706595313,5977.099999999999
327,954,266,9.408235708384352,3.5723270440251573,8.10702306079664,11.665345911949695,45.2520964360587,18.329140461215932,17.578788809716276,59.14150943396226,134.37073208185979,12.0,9.499999999999995,12.660000000000005,52.5,126.86044038782919,64,0.2537633999396083,1.0,6.1,10.459999999999996,37.5,0.013390716999993835,53,8975.456865798671,4675.95782338453,13651.4146891832,6594.499999999999
328,962,251,9.315348981556157,3.5592515592515594,8.106029106029105,11.663409563409571,45.16528066528066,18.501975051975062,17.97388620884775,59.34199584199584,129.47511193102267,12.0,9.499999999999995,12.660000000000005,52.5,134.37073208185979,65,0.2537633999396083,1.0,6.1,10.459999999999996,37.5,0.06736638610958146,53,8961.365720257023,4511.445438420785,13472.811158677807,6338.599999999999
329,949,265,8.907026983244464,3.59536354056902,8.097471022128559,11.646512118018961,45.16807165437302,19.258587987355128,17.533895047329334,59.536354056902,152.355741454784,10.0,9.499999999999995,12.660000000000005,52.5,122.44835100554131,65,0.2537633999396083,1.0,6.1,10.459999999999996,37.0,0.26135782449349687,53,8452.768607098997,4646.482187542274,13099.25079464127,6642.699999999999
330,940,279,8.758257580448339,3.575531914893617,8.101063829787236,11.645382978723392,45.19255319148936,18.88287234042553,17.102147891913955,59.78617021276596,152.355741454784,10.0,9.599999999999994,12.660000000000005,52.5,121.44835100554131,65,0.2537633999396083,1.0,6.1,10.519999999999996,37.0,0.04000074395208442,53,8232.762125621439,4771.499261843994,13004.261387465433,6325.899999999999
331,952,280,8.818218609632751,3.572478991596639,8.130777310924364,11.66163865546218,45.236869747899156,18.6126050420168,18.234891320190375,59.98634453781513,134.79695638793106,10.0,9.699999999999994,12.660000000000005,52.5,152.355741454784,65,0.2537633999396083,1.0,6.199999999999999,10.519999999999996,37.0,0.0017466791006257587,54,8394.94411637038,5105.769569653305,13500.713686023684,5599.999999999999
332,964,280,8.540743322904508,3.533195020746888,8.141182572614094,11.665082987551859,45.13796680497925,18.389419087136936,21.889062871244928,60.17323651452282,98.4349143585045,11.0,9.699999999999994,12.720000000000006,52.5,151.355741454784,65,0.25782163093935995,1.0,6.199999999999999,10.519999999999996,37.0,0.05471510339058305,54,8233.276563279946,6128.93760394858,14362.214167228525,5621.199999999999
333,932,294,8.893900137294834,3.4914163090128754,8.14731759656652,11.663347639484975,45.17542918454936,18.346244635193123,19.747904024447394,60.342274678111586,133.30247367650173,11.0,9.699999999999994,12.720000000000006,52.5,150.355741454784,65,0.25782163093935995,1.0,6.1,10.519999999999996,37.0,0.0057441564858469185,54,8289.114927958784,5805.8837831875335,14094.998711146318,6378.999999999999
334,914,304,9.118757657660721,3.4540481400437635,8.139168490153168,11.65420131291027,45.18435448577681,17.641247264770232,17.97375475713115,60.618161925601754,133.30247367650173,11.0,9.699999999999994,12.720000000000006,52.5,149.355741454784,65,0.25782163093935995,1.0,6.1,10.459999999999996,37.0,0.018752578145906806,55,8334.5444991019,5464.02144616787,13798.56594526977,6018.799999999999
335,938,288,9.60189948676384,3.458422174840085,8.133475479744131,11.653219616204696,45.23294243070362,17.42697228144988,18.762021327428936,60.73987206823028,164.94105554102194,11.0,9.699999999999994,12.720000000000006,52.5,148.355741454784,66,0.25410539404862986,1.0,6.1,10.459999999999996,37.0,0.004084767372698028,55,9006.58171858448,5403.462142299533,14410.043860884014,5204.499999999999
336,961,280,9.78045558352322,3.473465140478668,8.129968782518205,11.65943808532777,45.232049947970864,16.774505723204992,19.821564889553898,60.9687825182102,155.01915740246866,11.0,9.699999999999994,12.720000000000006,52.5,164.94105554102194,66,0.25410539404862986,1.0,6.0,10.459999999999996,37.0,0.009654139637446768,55,9399.017815765816,5550.038169075091,14949.055984840907,5370.699999999999
337,989,248,10.79849242429704,3.4398382204246714,8.139635995955507,11.663923154701699,45.24165824064712,17.036400404448933,19.14856209171645,61.10010111223458,166.90177735903046,10.0,9.699999999999994,12.720000000000006,52.5,127.73330930455691,66,0.25120676745468085,1.0,6.0,10.459999999999996,36.5,0.02193406633896755,55,10679.709007629772,4748.843398745679,15428.552406375451,5463.599999999999
338,993,258,10.005222636025882,3.4471299093655587,8.15750251762335,11.670412890231626,45.30060422960725,17.69526686807654,20.42830689992254,61.289023162134946,166.90177735903046,10.0,9.699999999999994,12.720000000000006,52.5,126.73330930455691,66,0.25120676745468085,1.0,6.0,10.459999999999996,36.5,0.02032104705193838,56,9935.1860775737,5270.503180180015,15205.689257753715,6458.299999999999
339,1002,244,10.704825535517292,3.4261477045908184,8.142614770459076,11.654790419161682,45.355289421157686,18.433433133732557,16.59845119645722,61.44111776447106,199.90177735903046,10.0,9.699999999999994,12.600000000000005,52.5,96.0,66,0.25120676745468085,1.0,6.0,10.399999999999995,36.5,0.11319378356787979,56,10726.235186588327,4050.0220919355615,14776.257278523888,6366.399999999999
340,1000,255,10.539063711532243,3.409,8.138499999999993,11.652800000000006,45.369,18.47780000000001,19.224241392458122,61.654,149.8726384653763,10.0,9.699999999999994,12.600000000000005,52.5,199.90177735903046,66,0.25651874188031815,1.0,6.1,10.399999999999995,36.5,0.13190186443278495,56,10539.063711532244,4902.1815550768215,15441.245266609065,5893.299999999999
341,999,263,10.170921064217826,3.4214214214214214,8.134434434434437,11.657297297297287,45.34134134134134,18.98398398398398,20.837197800298224,61.81481481481482,178.53549131115557,10.0,9.699999999999994,12.600000000000005,52.5,198.90177735903046,66,0.25651874188031815,1.0,6.1,10.399999999999995,36.5,0.14577365613539683,56,10160.750143153607,5480.183021478433,15640.93316463204,6371.199999999999
342,997,254,10.953583394219537,3.3941825476429286,8.142728184553656,11.66399197592778,45.33650952858576,19.55346038114344,18.058820250338496,62.06318956870612,178.53549131115557,10.0,9.699999999999994,12.600000000000005,52.5,197.90177735903046,67,0.2575158152537229,1.0,6.1,10.399999999999995,37.5,0.05945234627459217,56,10920.722644036878,4586.940343585978,15507.662987622854,6521.599999999999
343,1003,266,10.279919109595081,3.3519441674975075,8.146660019940175,11.66927218344965,45.2617148554337,19.038185443668983,20.2940652448118,62.25523429710867,127.11685175929534,10.0,9.699999999999994,12.600000000000005,52.5,196.90177735903046,67,0.2575158152537229,1.0,6.1,10.459999999999996,37.0,0.03911245128190899,56,10310.758866923867,5398.221355119939,15708.980222043807,6011.999999999999
344,996,283,10.089076815836497,3.2971887550200805,8.158132530120472,11.668654618473877,45.256526104417674,18.874196787148605,18.921945682181423,62.416666666666664,187.69231522302834,10.0,9.799999999999994,12.600000000000005,52.5,195.90177735903046,67,0.26919817140274427,1.0,6.1,10.579999999999997,37.0,0.010381749049153122,57,10048.720508573151,5354.910628057343,15403.631136630494,6540.099999999999
345,1003,263,10.451561490185416,3.2761714855433697,8.134297108673977,11.667916251246265,45.28115653040877,19.13110667996014,21.36706994736975,62.532402791625124,218.80285812479337,10.0,9.799999999999994,12.600000000000005,52.5,187.69231522302834,67,0.2627492333158811,1.0,6.1,10.579999999999997,37.0,0.011731708744512348,57,10482.916174655971,5619.539396158244,16102.455570814214,5745.9
346,1003,286,10.680347207151387,3.2861415752741774,8.14097706879362,11.663050847457615,45.387836490528414,18.818045862412777,19.552418160967974,62.74675972083749,117.98673170848093,10.0,9.799999999999994,12.600000000000005,52.5,218.80285812479337,67,0.25090142755620914,1.0,6.1,10.579999999999997,37.0,0.0509969332635245,57,10712.38824877284,5591.991594036841,16304.379842809682,6374.699999999999
347,1007,274,10.996726587203643,3.288977159880834,8.137239324726911,11.665938430983134,45.408639523336646,18.61191658391262,21.683700556396424,62.9175769612711,196.60556184692462,10.0,9.799999999999994,12.600000000000005,52.5,217.80285812479337,68,0.25090142755620914,1.0,6.199999999999999,10.579999999999997,37.0,0.036239826972098266,57,11073.703673314069,5941.33395245262,17015.037625766687,5562.499999999999
348,1026,255,11.23596389873224,3.2280701754385963,8.14678362573099,11.661461988304099,45.39424951267056,19.538011695906434,23.11469176519425,63.10526315789474,196.60556184692462,10.0,9.899999999999993,12.600000000000005,52.5,216.80285812479337,68,0.25090142755620914,1.0,6.199999999999999,10.579999999999997,37.0,0.011731708744512348,57,11528.098960099278,5894.246400124534,17422.34536022381,6396.799999999999
349,975,297,10.922196416496012,3.2348717948717947,8.162666666666668,11.650543589743595,45.42820512820513,18.586564102564093,21.97916908815011,63.25948717948718,157.8588044071604,11.0,9.899999999999993,12.600000000000005,52.5,215.80285812479337,68,0.25090142755620914,1.0,6.199999999999999,10.519999999999996,37.0,0.14791120705887195,57,10649.141506083612,6527.813219180583,17176.954725264193,6856.699999999999
350,1001,270,11.257634246715222,3.247752247752248,8.194505494505492,11.653526473526478,45.43556443556444,18.37122877122877,23.467248484893364,63.46053946053946,157.8588044071604,11.0,9.899999999999993,12.600000000000005,52.5,214.80285812479337,68,0.25090142755620914,1.0,6.199999999999999,10.519999999999996,37.0,0.03006326101489165,57,11268.891880961937,6336.157090921209,17605.048971883145,5060.599999999999
351,1029,261,11.251556667899068,3.250728862973761,8.196890184645273,11.655860058309047,45.37269193391642,18.567930029154528,23.446933673275662,63.64431486880466,156.93899878712998,11.0,9.899999999999993,12.600000000000005,52.5,213.80285812479337,68,0.25090142755620914,1.0,6.1,10.519999999999996,36.5,0.01946615704627841,57,11577.851811268141,6119.649688724948,17697.50149999309,5784.499999999999
352,988,280,11.912701350325564,3.25,8.19858299595141,11.657712550607283,45.4498987854251,19.063967611336018,21.053351662013903,63.758097165991906,301.18823577308007,11.0,9.899999999999993,12.600000000000005,52.5,123.09615381139602,68,0.2574721503534816,1.0,6.1,10.519999999999996,36.5,0.06165750593852959,57,11769.748934121657,5894.938465363893,17664.68739948555,6975.099999999999
353,993,281,11.044101204737991,3.2608257804632426,8.194058408862027,11.663323262839873,45.58459214501511,19.134541792547832,24.718102025182098,63.918429003021146,124.37599171919149,11.0,9.799999999999994,12.660000000000005,53.0,301.18823577308007,68,0.2574721503534816,1.0,6.1,10.519999999999996,36.5,0.01617422912500932,58,10966.792496304826,6945.786669076169,17912.579165380994,6098.299999999999
354,984,303,11.4007828162907,3.298780487804878,8.188821138211372,11.657235772357705,45.56758130081301,18.649491869918688,23.211289628553548,64.07825203252033,129.13555289740702,11.0,9.799999999999994,12.660000000000005,53.0,300.18823577308007,68,0.2574721503534816,1.0,6.1,10.579999999999997,36.5,0.06485605723243504,58,11218.370291230049,7033.020757451725,18251.391048681773,6143.099999999999
355,1006,296,11.890464152794776,3.349900596421471,8.186679920477138,11.64922465208748,45.567594433399606,18.121868787276348,22.969947076949744,64.2455268389662,177.1881585784118,11.0,9.799999999999994,12.660000000000005,53.0,299.18823577308007,68,0.2627492333158811,1.0,6.1,10.519999999999996,36.5,0.020819471990872085,58,11961.806937711544,6799.104334777124,18760.91127248867,5683.499999999999
356,997,295,12.004473527012442,3.4142427281845538,8.192076228686059,11.642587763289884,45.649448345035104,18.21043129388164,21.927123037532567,64.42527582748245,118.66200319833906,12.0,9.799999999999994,12.660000000000005,53.0,298.18823577308007,69,0.2650697292395233,1.0,6.1,10.519999999999996,36.5,0.006762109265658456,59,11968.460106431405,6468.501296072108,18436.96140250351,6603.899999999999
357,1006,286,11.911584577112327,3.4343936381709743,8.192644135188868,11.639840954274367,45.65904572564612,18.311033797216695,23.467347774874803,64.62524850894633,298.5509916065135,12.0,9.799999999999994,12.660000000000005,53.0,152.58792305872714,69,0.2650697292395233,1.0,6.0,10.519999999999996,36.5,0.01793699193395537,59,11983.054084575002,6711.661463614194,18694.715548189197,6140.299999999999
358,999,274,12.267996524306477,3.3953953953953953,8.2014014014014,11.635875875875886,45.648148148148145,18.337837837837842,22.197170093836075,64.87087087087087,298.5509916065135,12.0,9.799999999999994,12.660000000000005,53.0,151.58792305872714,70,0.2650697292395233,1.0,6.0,10.519999999999996,36.5,0.06093529298222311,59,12255.72852778217,6082.024605711084,18337.753133493254,6611.199999999999
359,1005,270,11.202112381989725,3.398009950248756,8.18398009950249,11.631681592039802,45.61044776119403,18.50308457711443,25.090272928217594,65.02786069651741,298.5509916065135,12.0,9.799999999999994,12.720000000000006,53.0,117.66200319833906,71,0.2650697292395233,1.0,6.0,10.519999999999996,36.5,0.19589636369847563,59,11258.122943899674,6774.3736906187505,18032.496634518426,6501.099999999999
360,1025,271,11.374050496828282,3.3941463414634145,8.19678048780488,11.645639024390267,45.506341463414635,18.272682926829276,24.271366343977817,65.22634146341463,154.29057449455323,12.0,9.799999999999994,12.720000000000006,53.0,298.5509916065135,71,0.25645761675724377,1.0,6.0,10.519999999999996,36.5,0.01423233041748273,60,11658.401759248989,6577.540279217988,18235.94203846698,5913.499999999999
361,1009,257,11.958534044989385,3.4053518334985133,8.205649157581767,11.634905847373657,45.532705649157585,18.72933597621407,23.091184258594716,65.36967294350842,300.83826313226797,12.0,9.799999999999994,12.720000000000006,53.0,154.29057449455323,71,0.25789036603629034,1.0,6.0,10.519999999999996,37.0,0.029575966261433884,60,12066.16085139429,5934.434354458842,18000.595205853133,6470.699999999999
362,995,286,11.591428851769452,3.3809045226130654,8.188341708542715,11.650914572864329,45.56934673366834,19.01155778894472,21.2484648706533,65.58994974874372,140.73665250675947,12.0,9.799999999999994,12.720000000000006,53.0,300.83826313226797,71,0.25789036603629034,1.0,6.0,10.519999999999996,37.0,0.21426212713242743,60,11533.471707510605,6077.060953006844,17610.53266051745,7220.0999999999985
363,983,275,11.978753625688693,3.360122075279756,8.172227873855546,11.661627670396753,45.58850457782299,19.19389623601219,20.398093171988876,65.77314343845372,140.73665250675947,12.0,9.699999999999994,12.780000000000006,53.0,299.83826313226797,71,0.282912856819214,1.0,6.0,10.519999999999996,37.0,0.05942531129635764,60,11775.114814051985,5609.475622296941,17384.590436348924,6316.899999999999
364,956,294,12.15836357371822,3.337866108786611,8.19403765690376,11.674142259414218,45.55334728033473,19.05167364016736,19.757751264116283,66.01359832635983,332.52591369693863,12.0,9.799999999999994,12.780000000000006,53.0,119.48867234836779,71,0.282912856819214,1.0,6.0,10.519999999999996,37.0,0.07365641782428156,60,11623.395576474617,5808.778871650187,17432.174448124802,6530.199999999999
365,962,304,11.00372660313477,3.288981288981289,8.193866943866935,11.671808731808726,45.53534303534303,18.595945945945946,23.61682203383692,66.24428274428274,332.52591369693863,12.0,9.799999999999994,12.660000000000005,53.0,140.73665250675947,71,0.282912856819214,1.0,6.0,10.519999999999996,37.0,0.1739173074662388,60,10585.584992215649,7179.513898286424,17765.09889050207,5648.299999999999
366,978,299,11.509079456409582,3.283231083844581,8.197750511247436,11.671063394683012,45.46830265848671,18.456646216768913,24.221996713779298,66.47239263803681,332.52591369693863,12.0,9.799999999999994,12.720000000000006,51.5,142.23637180283433,72,0.282912856819214,1.0,6.0,10.519999999999996,37.0,0.04684693239416671,61,11255.879708368571,7242.37701742001,18498.256725788582,6022.299999999999
367,983,289,11.379614473277389,3.3102746693794507,8.20671414038656,11.677639877924712,45.408443540183114,18.498575788402846,23.916461788808085,66.74160732451679,141.50614580201574,12.0,9.799999999999994,12.720000000000006,51.5,332.52591369693863,72,0.282912856819214,1.0,6.0,10.459999999999996,37.0,0.006734394380300213,61,11186.161027231674,6911.857456965537,18098.01848419721,6561.999999999999
368,979,286,11.67880835801906,3.3013278855975483,8.205107252298268,11.678590398365682,45.50408580183861,18.884678243105213,22.398497123269657,66.9438202247191,141.50614580201574,11.0,9.799999999999994,12.720000000000006,51.5,331.52591369693863,72,0.2940300756907482,1.0,6.199999999999999,10.459999999999996,37.0,0.10559652510917705,61,11433.553382500659,6405.970177255122,17839.52355975578,6873.899999999999
369,964,312,11.385646527275036,3.349585062240664,8.178008298755186,11.67641078838174,45.552385892116185,18.514004149377598,21.007879529123777,67.11721991701245,338.2650454070319,11.0,9.799999999999994,12.720000000000006,51.5,139.23637180283433,72,0.2940300756907482,1.0,6.199999999999999,10.459999999999996,37.0,0.04657349665789745,61,10975.763252293134,6554.458413086619,17530.22166537975,6966.199999999999
370,986,297,11.771058612390085,3.413793103448276,8.183367139959422,11.676551724137918,45.6262677484787,17.703144016227185,21.719124942173575,67.24847870182556,243.9256969996952,11.0,9.799999999999994,12.720000000000006,51.5,138.23637180283433,73,0.2940300756907482,1.0,6.199999999999999,10.459999999999996,37.0,0.008460262080894898,61,11606.263791816624,6450.580107825552,18056.843899642176,5232.9
371,992,290,11.593328516471022,3.3981854838709675,8.176915322580637,11.675302419354853,45.63407258064516,17.74213709677422,25.21232095061214,67.40524193548387,243.9256969996952,10.0,9.699999999999994,12.600000000000005,51.5,165.00480293681125,73,0.28473338400532494,1.0,6.199999999999999,10.459999999999996,37.0,0.19684294034139427,61,11500.581888339253,7311.57307567752,18812.154964016772,6022.599999999999
372,1016,292,11.68521555196261,3.3503937007874014,8.185826771653534,11.679074803149623,45.62450787401575,17.872145669291353,25.50152097487869,67.5767716535433,243.9256969996952,10.0,9.799999999999994,12.660000000000005,51.5,169.13252270351595,73,0.28473338400532494,1.0,6.1,10.459999999999996,36.5,0.03513519929562481,61,11872.179000794013,7446.444124664577,19318.62312545859,6146.699999999999
373,1003,282,12.779374294607178,3.3349950149551346,8.195014955134589,11.671804586241285,45.70139581256231,18.366301096709872,24.745348550644007,67.71286141575274,252.6987840552739,10.0,9.799999999999994,12.660000000000005,51.5,243.9256969996952,73,0.28473338400532494,1.0,6.1,10.459999999999996,36.5,0.008859577041022693,61,12817.712417491,6978.18829128161,19795.90070877261,6005.4
374,1015,279,12.811483222319108,3.3251231527093594,8.197142857142849,11.662581280788178,45.6807881773399,18.485320197044327,24.663254159591823,67.87487684729064,252.6987840552739,10.0,9.899999999999993,12.660000000000005,51.5,242.9256969996952,73,0.25546079733035376,1.0,6.1,10.459999999999996,36.5,0.032458623720875934,62,13003.655470653895,6881.047910526118,19884.703381180014,6090.399999999999
375,1022,292,13.04094653865643,3.337573385518591,8.197358121330728,11.66348336594912,45.71183953033268,18.636692759295467,24.04202713510337,68.00293542074364,252.6987840552739,10.0,9.899999999999993,12.660000000000005,51.5,217.139608155124,73,0.25546079733035376,1.0,6.1,10.459999999999996,36.5,0.036307525481242386,62,13327.847362506871,7020.271923450185,20348.119285957055,6421.999999999999
376,1024,270,13.686064726274228,3.3564453125,8.215820312499998,11.678203124999998,45.70458984375,19.043261718750006,21.90131386489172,68.193359375,252.6987840552739,10.0,9.899999999999993,12.600000000000005,51.5,216.139608155124,74,0.25546079733035376,1.0,6.1,10.459999999999996,36.5,0.05380157287004117,62,14014.53027970481,5913.354743520764,19927.88502322557,6664.399999999999
377,1004,293,13.151716068778137,3.346613545816733,8.211852589641433,11.676414342629492,45.76643426294821,19.831872509960164,21.82478896075844,68.39741035856574,253.7526103349862,10.0,9.899999999999993,12.660000000000005,52.0,215.139608155124,74,0.26959752338377785,1.0,6.1,10.459999999999996,36.5,0.03656236681859726,63,13204.32293305325,6394.663165502223,19598.986098555473,7857.5999999999985
378,962,323,12.045483871269356,3.3471933471933473,8.18981288981289,11.675218295218293,45.83419958419958,19.77629937629936,24.422098479507415,68.60498960498961,217.03428413430652,11.0,9.899999999999993,12.660000000000005,52.0,253.7526103349862,74,0.26959752338377785,1.0,6.1,10.459999999999996,36.5,0.16039348885425242,63,11587.75548416112,7888.337808880895,19476.093293042017,7508.399999999999
379,939,296,13.454341745689053,3.384451544195953,8.161980830670919,11.686261980830668,45.79765708200213,20.01246006389777,22.771424292422676,68.74121405750799,253.986514030962,11.0,9.899999999999993,12.660000000000005,52.0,214.80762814159988,74,0.26959752338377785,1.0,6.1,10.459999999999996,36.0,0.09228940686687226,63,12633.626899202021,6740.341590557112,19373.968489759132,6296.399999999999
380,965,289,13.589638652219085,3.4362694300518135,8.185181347150266,11.691398963730562,45.8020725388601,18.562797927461137,22.29897750384142,68.90466321243524,233.82648479096127,11.0,9.899999999999993,12.660000000000005,52.0,147.48932566275025,74,0.2675508831354599,1.0,6.199999999999999,10.459999999999996,36.0,0.015695048557887947,63,13114.001299391417,6444.404498610171,19558.405798001586,5376.299999999999
381,982,282,13.656734893017845,3.4276985743380854,8.184012219959266,11.697881873727093,45.740325865580445,18.003054989816686,22.629921415048805,69.07942973523421,221.1433906480459,12.0,9.899999999999993,12.660000000000005,52.0,233.82648479096127,74,0.2675508831354599,1.0,6.199999999999999,10.459999999999996,36.0,0.035564551965296065,63,13410.913664943524,6381.637839043763,19792.551503987288,5672.699999999999
382,990,280,13.889340698699554,3.418181818181818,8.178181818181812,11.690525252525246,45.734848484848484,18.147878787878792,23.79941409051375,69.30707070707071,236.0778238268536,12.0,9.899999999999993,12.660000000000005,52.0,177.56614841812652,74,0.2675508831354599,1.0,6.199999999999999,10.399999999999995,36.5,0.021916342304695746,63,13750.447291712559,6663.83594534385,20414.283237056407,6206.499999999999
383,994,269,13.218215313499366,3.4748490945674044,8.204325955734403,11.687142857142875,45.71378269617706,18.529577464788712,26.102163273470442,69.52112676056338,236.0778238268536,12.0,9.699999999999994,12.660000000000005,52.0,150.6303349207939,75,0.2675508831354599,1.0,6.199999999999999,10.399999999999995,36.5,0.011457040830172627,63,13138.90602161837,7021.481920563549,20160.38794218192,6553.499999999999
384,993,275,12.310051583624675,3.4813695871097683,8.240080563947629,11.690513595166177,45.84944612286002,18.369989929506552,27.588491597157134,69.74622356495469,229.00294844471432,12.0,9.699999999999994,12.660000000000005,52.0,236.0778238268536,75,0.2619253821658378,1.0,6.199999999999999,10.399999999999995,36.5,0.10319949934066397,63,12223.881222539303,7586.835189218212,19810.716411757516,6492.599999999999
385,1039,267,12.397091440588458,3.5004812319538017,8.232627526467763,11.687218479307028,45.932627526467755,18.51308950914339,27.274118037236885,69.89990375360924,229.00294844471432,12.0,9.699999999999994,12.660000000000005,52.0,235.0778238268536,75,0.2619253821658378,1.0,6.199999999999999,10.399999999999995,37.0,0.008842377814863411,63,12880.578006771408,7282.189515942248,20162.767522713657,6162.199999999999
386,1012,281,13.296971960436075,3.5019762845849804,8.224308300395258,11.673339920948626,45.934288537549406,18.53330039525695,22.222048574807136,70.08102766798419,235.53103251659687,12.0,9.699999999999994,12.660000000000005,52.0,184.68245241816783,75,0.2619253821658378,1.0,6.199999999999999,10.399999999999995,37.0,0.0692546384038093,64,13456.535623961308,6244.395649520805,19700.931273482114,6911.699999999999
387,1035,267,13.177339046599528,3.5082125603864736,8.218937198067648,11.663478260869562,45.81739130434783,18.568599033816433,24.233765901862206,70.28599033816425,240.1270333591002,12.0,9.699999999999994,12.660000000000005,52.5,229.00294844471432,75,0.2619253821658378,1.0,6.199999999999999,10.399999999999995,37.0,0.0005515217837162023,64,13638.545913230511,6470.415495797209,20108.96140902772,6213.299999999999
388,1054,299,11.706672157140803,3.506641366223909,8.217741935483874,11.658766603415556,45.8292220113852,17.92343453510437,27.208272549953115,70.48007590132828,235.53103251659687,12.0,9.699999999999994,12.660000000000005,52.5,240.1270333591002,76,0.2619253821658378,1.0,6.199999999999999,10.399999999999995,37.0,0.11700968471489004,64,12338.832453626406,8135.273492435981,20474.105946062387,6285.299999999999
389,1046,274,12.464913606576996,3.5793499043977057,8.222944550669224,11.66065009560229,45.75430210325048,18.784512428298278,27.159771309571433,70.65200764818356,241.7683809959521,13.0,9.699999999999994,12.660000000000005,52.5,235.53103251659687,76,0.2619253821658378,1.0,6.199999999999999,10.399999999999995,36.5,0.10812333131409768,64,13038.299632479539,7441.777338822572,20480.07697130211,6908.0999999999985
390,1039,283,12.438603999380431,3.6265640038498557,8.224446583253133,11.658190567853717,45.75601539942252,19.027911453320517,25.355853474334037,70.80846968238691,241.7683809959521,13.0,9.699999999999994,12.660000000000005,52.0,234.53103251659687,76,0.2619253821658378,1.0,6.199999999999999,10.399999999999995,36.5,0.025649263606738693,64,12923.709555356269,7175.706533236533,20099.4160885928,7138.299999999999
391,1027,265,13.07652010432247,3.671859785783836,8.2332035053554,11.657195715676739,45.70691333982473,19.07010710808179,24.19538634880958,71.0253164556962,241.7683809959521,13.0,9.699999999999994,12.720000000000006,52.0,233.53103251659687,77,0.2619253821658378,1.0,6.199999999999999,10.339999999999995,36.5,0.314034466817414,64,13429.586147139176,6411.777382434539,19841.363529573715,6854.199999999999
392,1044,265,12.443687060391781,3.7126436781609193,8.25134099616858,11.64586206896551,45.77107279693487,19.164846743295016,23.870923715919318,71.1580459770115,233.03991665589788,13.0,9.699999999999994,12.720000000000006,52.0,241.7683809959521,77,0.2619253821658378,1.0,6.299999999999999,10.339999999999995,36.5,0.008185168192682335,64,12991.20929104902,6325.79478471862,19317.00407576764,6824.499999999999
393,972,315,12.853637065707,3.705761316872428,8.246707818930044,11.644526748971208,45.72839506172839,19.05895061728397,20.914333024069702,71.3343621399177,233.03991665589788,13.0,9.699999999999994,12.720000000000006,52.0,240.7683809959521,77,0.2619253821658378,1.0,6.399999999999999,10.339999999999995,36.5,0.01871973226024326,64,12493.735227867204,6588.0149025819555,19081.75013044916,7543.5999999999985
394,957,300,13.079392344378626,3.709508881922675,8.260188087774297,11.629195402298866,45.749738766980144,19.994357366771187,21.778974619775845,71.47439916405433,240.78303284790232,12.0,9.699999999999994,12.720000000000006,52.0,233.03991665589788,77,0.2619253821658378,1.0,6.399999999999999,10.339999999999995,36.5,0.007820058569605326,65,12516.978473570345,6533.6923859327535,19050.670859503098,6958.999999999999
395,935,324,12.347541778241817,3.7262032085561496,8.265561497326196,11.629989304812822,45.783957219251334,19.274545454545468,21.399655815710933,71.79786096256684,166.2399357253234,12.0,9.699999999999994,12.660000000000005,52.0,232.03991665589788,77,0.262927829497354,1.0,6.599999999999998,10.339999999999995,36.5,0.01783765359536793,65,11544.951562656099,6933.488484290342,18478.44004694644,6698.5999999999985
396,959,299,12.04712197946505,3.732012513034411,8.25724713242961,11.633618352450469,45.762252346193954,18.882794577685083,24.59805819639874,72.02502606882169,201.53701973712876,12.0,9.799999999999994,12.720000000000006,52.5,231.03991665589788,77,0.2530789189619879,1.0,6.599999999999998,10.339999999999995,36.5,0.01662571311429062,65,11553.189978306984,7354.819400723223,18908.009379030205,5402.699999999999
397,976,292,12.435732242774735,3.6690573770491803,8.260758196721318,11.627315573770487,45.77715163934426,18.86270491803279,24.851064018576952,72.1577868852459,201.53701973712876,12.0,9.799999999999994,12.720000000000006,52.5,230.03991665589788,78,0.2520462920481706,1.0,6.599999999999998,10.339999999999995,36.5,0.02207414277749331,65,12137.274668948141,7256.51069342447,19393.78536237261,5940.799999999999
398,957,304,12.994234953041515,3.6530825496342736,8.257262277951936,11.619937304075238,45.8453500522466,19.234482758620683,21.532380631383706,72.31243469174504,199.7950415400021,12.0,9.799999999999994,12.720000000000006,52.5,229.03991665589788,78,0.2520462920481706,1.0,6.599999999999998,10.339999999999995,36.5,0.03778926454187559,66,12435.48285006073,6545.843711940646,18981.326562001377,7011.799999999999
399,947,325,11.687688005876824,3.657866948257656,8.251531151003165,11.631404435058077,45.86114044350581,19.00042238648361,25.27626995451087,72.52692713833157,234.1865197604324,12.0,9.699999999999994,12.720000000000006,52.5,168.47983141896117,78,0.2520462920481706,1.0,6.599999999999998,10.339999999999995,36.5,0.048011552364551235,66,11068.240541565352,8214.787735216032,19283.028276781384,6422.599999999999
400,955,322,12.287289889178389,3.6921465968586387,8.237801047120422,11.628649214659678,45.840314136125656,17.94136125654451,26.044208404513007,72.65026178010471,234.1865197604324,12.0,9.699999999999994,12.720000000000006,52.5,167.47983141896117,78,0.2520462920481706,1.0,6.599999999999998,10.339999999999995,36.5,0.08906600955859578,66,11734.361844165362,8386.235106253189,20120.59695041855,5727.999999999999
401,986,314,13.235078829206156,3.7849898580121706,8.234482758620697,11.617748478701802,45.87474645030426,17.533569979716013,24.487623405218482,72.82555780933063,199.7950415400021,12.0,9.699999999999994,12.780000000000006,52.5,166.47983141896117,78,0.2520462920481706,1.0,6.599999999999998,10.279999999999994,36.0,0.007820058569605326,66,13049.787725597269,7689.113749238603,20738.90147483587,5832.299999999999
402,1026,257,14.239658782803115,3.789473684210526,8.244931773879156,11.619746588693962,45.94298245614035,18.202144249512664,25.654386847818685,73.04385964912281,167.8009661842332,12.0,9.699999999999994,12.780000000000006,53.0,199.7950415400021,78,0.2520462920481706,1.0,6.599999999999998,10.279999999999994,36.0,0.017255308629933852,66,14609.889911155997,6593.177419889402,21203.0673310454,5794.499999999999
403,1020,289,13.020863507740264,3.773529411764706,8.253823529411775,11.64005882352938,45.96764705882353,18.78078431372549,25.546656871585096,73.32843137254902,167.51461504179102,12.0,9.699999999999994,12.780000000000006,53.0,200.5078535210121,79,0.33730489986051543,1.0,6.599999999999998,10.279999999999994,36.0,0.19477011732257976,67,13281.28077789507,7382.9838358880925,20664.26461378316,7649.499999999999
404,996,311,13.846564601706685,3.818273092369478,8.244176706827322,11.646325301204815,45.9277108433735,18.282329317269085,22.500308535444947,73.53413654618474,222.89463237985655,12.0,9.699999999999994,12.780000000000006,53.0,166.8009661842332,79,0.25080995490791597,1.0,6.599999999999998,10.279999999999994,36.0,0.23569069812901433,67,13791.178343299858,6997.595954523379,20788.774297823238,6885.899999999999
405,1019,298,14.066892719307887,3.847890088321884,8.222080471050052,11.643768400392544,45.91511285574092,18.178704612365078,22.97904883196859,73.6712463199215,238.10763372761073,12.0,9.699999999999994,12.780000000000006,53.0,165.8009661842332,79,0.25080995490791597,1.0,6.599999999999998,10.279999999999994,35.5,0.11231213392261874,67,14334.163680974738,6847.75655192664,21181.92023290138,6202.4
406,1026,309,12.604666757247864,3.7865497076023393,8.220467836257317,11.648460038986341,45.98245614035088,18.11150097465888,26.8572897784466,73.85185185185185,223.41031814868913,12.0,9.699999999999994,12.780000000000006,53.0,164.8009661842332,80,0.25080995490791597,1.0,6.599999999999998,10.279999999999994,35.5,0.08335298193877771,67,12932.38809293631,8298.90254154,21231.29063447631,6846.799999999999
407,1035,305,12.960902952227967,3.81256038647343,8.224541062801935,11.656637681159427,46.102415458937195,19.1319806763285,27.037986582541276,74.02222222222223,223.41031814868913,12.0,9.799999999999994,12.780000000000006,53.0,222.89463237985655,80,0.25080995490791597,1.0,6.599999999999998,10.279999999999994,35.5,0.09467245698169102,67,13414.534555555945,8246.58590767509,21661.120463231033,7076.999999999999
408,1014,316,13.513972931438563,3.814595660749507,8.235996055226833,11.655069033530568,46.16222879684418,19.5593688362919,24.877789345799513,74.2120315581854,223.41031814868913,13.0,9.799999999999994,12.660000000000005,53.0,221.89463237985655,80,0.25733757940746593,1.0,6.599999999999998,10.279999999999994,35.5,0.034589499344825914,67,13703.168552478703,7861.381433272646,21564.54998575135,7433.599999999999
409,1000,308,13.98588233752035,3.82,8.2409,11.660640000000003,46.1505,19.58470000000001,26.163635668738745,74.384,177.86264371716769,13.0,9.799999999999994,12.660000000000005,53.0,223.41031814868913,80,0.25733757940746593,1.0,6.599999999999998,10.279999999999994,36.5,0.03163109347439619,67,13985.88233752035,8058.399785971534,22044.282123491885,6204.499999999999
410,1008,305,14.323763461305694,3.814484126984127,8.250198412698415,11.659503968253967,46.14781746031746,19.621428571428567,26.438921273181837,74.51289682539682,229.08932903185567,13.0,9.799999999999994,12.660000000000005,53.0,222.41031814868913,80,0.25733757940746593,1.0,6.599999999999998,10.339999999999995,36.5,0.007845080909808289,67,14438.353568996139,8063.87098832046,22502.2245573166,5842.199999999999
411,1043,282,14.135641455634389,3.7315436241610738,8.23700862895493,11.66360498561841,46.105465004793864,19.10958772770857,28.45114033378299,74.70853307766059,229.08932903185567,13.0,9.799999999999994,12.720000000000006,52.5,171.94307641585362,80,0.29268359353329515,1.0,6.599999999999998,10.339999999999995,36.5,0.11763574926918152,68,14743.474038226666,8023.221574126804,22766.69561235347,5887.999999999999
412,1054,273,14.29967780239802,3.7552182163187857,8.236337760910805,11.667039848197348,46.12618595825427,18.298956356736245,28.986348289151003,74.87096774193549,225.8799617098123,14.0,9.799999999999994,12.720000000000006,52.5,221.75788966196086,80,0.29268359353329515,1.0,6.599999999999998,10.339999999999995,36.5,0.0656345422029343,68,15071.860403727514,7913.2730829382235,22985.133486665738,5762.199999999999
413,1092,274,14.35884927818706,3.771062271062271,8.220146520146525,11.670604395604387,46.08653846153846,17.874816849816828,27.828726568927205,75.04029304029304,219.33620482753128,14.0,9.799999999999994,12.660000000000005,52.5,220.75788966196086,80,0.3003136581895136,1.0,6.599999999999998,10.339999999999995,36.5,0.02835419327977684,68,15679.86341178027,7625.071079886055,23304.934491666325,5895.099999999999
414,1101,245,14.876133932775241,3.7774750227066303,8.217892824704823,11.678346957311534,46.10990009082652,18.560853769300618,29.724637789132025,75.2079927338783,190.36504972214937,14.0,9.899999999999993,12.660000000000005,52.5,219.75788966196086,80,0.2614433660382849,1.0,6.499999999999998,10.399999999999995,36.5,0.0812548809696163,68,16378.62345998554,7282.536258337346,23661.159718322888,6472.299999999999
415,1080,267,15.405661690531533,3.810185185185185,8.22157407407407,11.683666666666667,46.21157407407407,19.436574074074066,27.161687073262396,75.31111111111112,222.01097725254863,14.0,9.899999999999993,12.660000000000005,52.5,218.33620482753128,80,0.2614433660382849,1.0,6.499999999999998,10.399999999999995,36.5,0.1769499325505557,68,16638.114625774055,7252.17044856106,23890.285074335115,7031.399999999999
416,1062,280,16.31109830862562,3.7796610169491527,8.229096045197744,11.690527306967983,46.18173258003767,19.52928436911488,25.26082921953277,75.47457627118644,234.18163873475163,14.0,9.899999999999993,12.660000000000005,53.0,135.90989677506016,80,0.2548908058283132,1.0,6.499999999999998,10.399999999999995,36.5,0.2342332422598976,68,17322.386403760407,7073.032181469176,24395.418585229585,6591.799999999999
417,1065,275,15.818316210267989,3.7981220657276995,8.230328638497655,11.679568075117379,46.151643192488265,19.416713615023493,28.484869558128512,75.64788732394366,234.18163873475163,13.0,9.899999999999993,12.660000000000005,53.0,225.77032562750531,81,0.2548908058283132,1.0,6.499999999999998,10.399999999999995,36.5,0.060079110330805374,69,16846.50676393541,7833.339128485341,24679.84589242075,5907.999999999999
418,1036,296,15.113104909581338,3.7683397683397684,8.24256756756757,11.686216216216199,46.23503861003861,19.368243243243217,30.28679267381449,75.84073359073359,243.15265678603225,13.0,9.899999999999993,12.660000000000005,53.0,234.18163873475163,81,0.2548908058283132,1.0,6.499999999999998,10.399999999999995,37.0,0.008517157868600744,69,15657.176686326266,8964.890631449089,24622.067317775356,6679.199999999999
419,1037,293,15.544910201208248,3.758919961427194,8.243972999035687,11.687058823529393,46.18804243008679,18.67232401157182,30.06858722448528,76.03471552555449,243.7837794376704,13.0,9.899999999999993,12.660000000000005,53.0,223.77032562750531,81,0.2629362528045709,1.0,6.499999999999998,10.399999999999995,37.0,0.035219527727180955,69,16120.071878652952,8810.096056774188,24930.16793542714,6373.399999999999
420,1039,300,16.381911220820243,3.7054860442733397,8.247834456207888,11.695707410972066,46.21366698748797,18.612608277189604,26.939061358167578,76.18960538979788,243.7837794376704,14.0,9.899999999999993,12.600000000000005,53.0,177.81188419636325,81,0.2529979713606752,1.0,6.499999999999998,10.399999999999995,37.0,0.035219527727180955,69,17020.80575843223,8081.718407450273,25102.524165882503,6324.799999999999
421,1058,289,16.056977070614124,3.713610586011342,8.256332703213612,11.691512287334588,46.234404536862,19.06389413988657,29.85932601174955,76.33175803402646,243.7837794376704,14.0,9.899999999999993,12.600000000000005,53.0,223.56630116166733,81,0.2529979713606752,1.0,6.499999999999998,10.459999999999996,37.0,0.007494826588387848,69,16988.281740709743,8629.34521739562,25617.626958105364,6521.499999999999
422,1039,317,15.749481726962602,3.766121270452358,8.268719923002873,11.692165543792102,46.20885466794995,19.162367661212695,28.99997803637793,76.51588065447545,217.2459114158597,14.0,9.899999999999993,12.600000000000005,53.0,222.56630116166733,81,0.2529979713606752,1.0,6.499999999999998,10.459999999999996,37.0,0.11306945200464913,69,16363.711514314144,9192.993037531804,25556.70455184595,7237.4
423,1022,333,16.009053202992657,3.7455968688845402,8.27915851272015,11.685107632093926,46.19716242661448,19.218395303326812,29.04950967440525,76.72309197651663,214.04823534057795,14.0,9.899999999999993,12.660000000000005,53.0,221.56630116166733,82,0.2529979713606752,1.0,6.599999999999998,10.459999999999996,37.5,0.1297777029090703,69,16361.252373458494,9673.486721576948,26034.739095035442,6847.0999999999985
424,1012,326,16.398008328437406,3.7233201581027666,8.293379446640303,11.682608695652169,46.17045454545455,20.03428853754942,30.41527427561224,76.90316205533597,181.15047811940047,14.0,9.899999999999993,12.720000000000006,53.0,220.56630116166733,82,0.25660506401280475,1.0,6.599999999999998,10.459999999999996,37.0,0.012741378282869587,70,16594.784428378654,9915.37941384959,26510.163842228245,6901.899999999999
425,977,362,16.074237074590418,3.751279426816786,8.297441146366422,11.674227226202666,46.20522006141249,19.701637666325478,28.295702938151326,77.10849539406345,181.15047811940047,14.0,9.899999999999993,12.720000000000006,53.0,219.56630116166733,82,0.25660506401280475,1.0,6.599999999999998,10.459999999999996,37.0,0.002795320682822844,70,15704.529621874839,10243.04446361078,25947.57408548562,7346.399999999999
426,974,358,16.75269192472455,3.7197125256673513,8.3006160164271,11.682135523613958,46.12679671457906,18.744045174537995,28.74267958531462,77.32032854209446,230.16802460534228,14.0,9.899999999999993,12.720000000000006,53.0,181.15047811940047,83,0.25660506401280475,1.0,6.599999999999998,10.459999999999996,37.0,0.10855780397562365,71,16317.121934681712,10289.879291542633,26607.001226224347,5768.499999999999
427,1020,280,18.162974206044105,3.7068627450980394,8.298137254901961,11.67907843137255,46.21764705882353,18.503725490196082,31.450387351581192,77.45882352941176,207.62059599931996,14.0,9.999999999999993,12.720000000000006,53.0,230.16802460534228,83,0.27209207638788696,1.0,6.599999999999998,10.459999999999996,37.0,0.13120006191726707,71,18526.233690164987,8806.108458442734,27332.34214860772,4917.999999999999
428,1061,294,17.12049168952725,3.7332704995287465,8.303487276154556,11.68482563619228,46.354853911404334,18.699434495758723,31.373860467051976,77.58529688972668,179.36054313179534,13.0,9.999999999999993,12.660000000000005,53.0,229.16802460534228,83,0.27209207638788696,1.0,6.6999999999999975,10.459999999999996,37.0,0.01835522227836095,71,18164.841682588412,9223.914977313281,27388.756659901694,6602.799999999999
429,1036,321,18.090992608132357,3.675675675675676,8.312355212355204,11.68812741312741,46.4222972972973,19.292471042471046,28.283401699659926,77.75965250965251,256.0150771475336,14.0,9.999999999999993,12.660000000000005,53.5,174.63061553341436,83,0.2805537593778697,1.0,6.6999999999999975,10.459999999999996,37.0,0.08955281858184927,72,18742.268342025123,9078.971945590836,27821.24028761596,7312.699999999999
430,1011,333,18.083586699769906,3.6181998021760635,8.296933728981205,11.697843719089999,46.445103857566764,19.544312561819968,27.52657238468168,77.97725024727993,273.1687536321719,14.0,10.099999999999993,12.660000000000005,53.5,173.63061553341436,84,0.3311439008017416,1.0,6.6999999999999975,10.459999999999996,37.0,0.04943793220688608,72,18282.506153467377,9166.348604099,27448.854757566376,7463.499999999999
431,1010,339,17.401267570130496,3.615841584158416,8.308415841584162,11.695504950495055,46.51039603960396,18.973663366336655,29.612699707779715,78.1920792079208,300.41518653285897,14.0,10.099999999999993,12.660000000000005,53.5,256.0150771475336,84,0.29719442796022105,1.0,6.6999999999999975,10.459999999999996,38.5,0.04799986006342305,72,17575.2802458318,10038.705200937324,27613.985446769126,6412.5999999999985
432,1022,317,17.50785774058524,3.6614481409001955,8.316536203522498,11.686810176125265,46.54696673189824,19.441193737769087,32.67277320462148,78.34735812133073,261.38308399614334,15.0,10.099999999999993,12.660000000000005,53.5,300.41518653285897,84,0.29719442796022105,1.0,6.6999999999999975,10.459999999999996,38.5,0.0386578730056244,72,17893.030610878115,10357.269105865009,28250.299716743124,6445.5999999999985
433,1011,337,18.084396913409922,3.679525222551929,8.31424332344214,11.681345202769544,46.48565776458952,19.583283877349167,30.070841099441935,78.54500494559842,163.6543655465793,15.0,10.199999999999992,12.660000000000005,53.5,299.41518653285897,84,0.2800093517864742,1.0,6.6999999999999975,10.519999999999996,38.5,0.3346714460366971,72,18283.325279457433,10133.873450511932,28417.198729969365,7126.399999999999
434,993,338,18.697037413628273,3.6847935548841892,8.318429003021146,11.682316213494472,46.37210473313193,20.08942598187313,29.89461305469394,78.74823766364553,185.05319453640402,16.0,10.199999999999992,12.600000000000005,53.5,298.41518653285897,84,0.28553586809080655,1.0,6.6999999999999975,10.579999999999997,38.5,0.10523767437025988,72,18566.158151732874,10104.379212486552,28670.537364219424,7085.899999999999
435,996,344,17.559190845966288,3.646586345381526,8.324799196787152,11.687851405622494,46.467871485943775,20.46064257028113,32.70105850025112,78.92771084337349,185.05319453640402,16.0,10.199999999999992,12.600000000000005,54.0,304.47679475803074,84,0.38216635192794524,1.0,6.6999999999999975,10.579999999999997,38.5,0.00016330855870005934,72,17488.954082582422,11249.164124086386,28738.11820666881,6822.999999999999
436,984,330,19.664417280727875,3.644308943089431,8.32164634146342,11.689552845528471,46.53810975609756,19.867378048780502,29.974225788401913,79.08028455284553,188.02815884955038,16.0,10.099999999999993,12.600000000000005,54.0,303.47679475803074,85,0.3951500862187141,1.0,6.600000000000005,10.579999999999997,38.5,0.1130526065035018,73,19349.78660423623,9891.494510172632,29241.281114408863,6046.599999999999
437,1007,330,19.00843791544104,3.591857000993049,8.313803376365435,11.70293942403175,46.58291956305859,19.64448857994043,31.989359291865394,79.29294935451837,202.4379567741234,14.0,10.099999999999993,12.600000000000005,54.0,302.47679475803074,85,0.28880147819688323,1.0,6.600000000000005,10.579999999999997,38.5,0.054809653559161564,73,19141.496980849126,10556.48856631558,29697.985547164706,6297.5999999999985
438,1003,344,19.247542307383146,3.5942173479561315,8.28853439680957,11.711166500498527,46.533399800598204,19.521734795613174,28.44341079430295,79.49351944167498,303.6484575769531,14.0,10.099999999999993,12.660000000000005,54.0,185.05319453640402,85,0.2674938614014286,1.0,6.600000000000005,10.579999999999997,38.5,0.14670088582697804,73,19305.284934305295,9784.533313240214,29089.81824754551,7103.999999999999
439,1007,352,18.97585310864781,3.663356504468719,8.275670307845086,11.717120158887802,46.492055610724925,19.759781529294923,29.574484610089925,79.67130089374379,303.6484575769531,14.0,10.099999999999993,12.660000000000005,54.0,167.33161710324165,86,0.26002644333177377,1.0,6.600000000000005,10.519999999999996,38.5,0.025809917696054008,74,19108.684080408348,10410.218582751653,29518.90266316,6776.599999999999
440,999,371,18.867016762621503,3.6686686686686687,8.288388388388393,11.71171171171171,46.533033033033036,19.665365365365368,29.205234765580414,79.84184184184184,303.6484575769531,14.0,10.099999999999993,12.660000000000005,54.0,166.33161710324165,86,0.26002644333177377,1.0,6.700000000000005,10.519999999999996,38.5,0.11939407746989206,74,18848.149745858882,10835.142098030334,29683.291843889216,6845.9
441,999,375,18.367576601171134,3.6036036036036037,8.309109109109109,11.704324324324327,46.62462462462462,19.209809809809805,31.37868079144533,80.04504504504504,303.6484575769531,14.0,10.199999999999992,12.660000000000005,54.0,231.92377652345354,87,0.26002644333177377,1.0,6.700000000000005,10.519999999999996,38.5,0.1367311748547011,74,18349.209024569962,11767.005296791998,30116.21432136196,6436.899999999999
442,1010,349,18.860934837412227,3.5683168316831684,8.321287128712878,11.693405940594067,46.768316831683165,19.278415841584152,32.50454029375043,80.27623762376237,303.6484575769531,14.0,10.199999999999992,12.660000000000005,54.0,230.92377652345354,87,0.26002644333177377,1.0,6.600000000000005,10.519999999999996,38.5,0.07334409844870526,74,19049.544185786348,11344.0845625189,30393.628748305247,6173.699999999999
443,1022,374,17.896731212426204,3.572407045009785,8.30234833659491,11.701956947162415,46.82974559686888,18.858317025440343,33.410138809714326,80.45792563600783,258.7047523214289,14.0,10.199999999999992,12.660000000000005,54.0,303.6484575769531,87,0.2589369558353177,1.0,6.600000000000005,10.519999999999996,39.0,0.05961115791328098,74,18290.45929909958,12495.391914833159,30785.85121393274,6954.199999999999
444,1012,359,19.707305093047903,3.616600790513834,8.310177865612646,11.709683794466422,46.926877470355734,19.136264822134397,32.06594630214191,80.6096837944664,305.44648514429105,14.0,10.199999999999992,12.660000000000005,54.0,223.02110897820546,87,0.2589369558353177,1.0,6.600000000000005,10.519999999999996,39.0,0.09100363572440906,75,19943.79275416448,11511.674722468946,31455.467476633425,6559.899999999999
445,1003,359,20.216488849528293,3.5832502492522433,8.315752741774666,11.715832502492518,47.06530408773679,19.05643070787637,31.897076557345596,80.74675972083749,305.44648514429105,10.0,10.199999999999992,12.660000000000005,54.0,166.6724399440433,87,0.2589369558353177,1.0,6.600000000000005,10.79999999999999,39.0,0.0958279804274067,75,20277.13831607688,11451.050484087069,31728.188800163945,6577.399999999999
446,1029,353,20.187385940045786,3.5150631681243927,8.302235179786193,11.716598639455786,47.02040816326531,18.321477162293498,31.97139391587623,80.932944606414,375.4880857293589,10.0,10.199999999999992,12.660000000000005,54.0,267.61119199791267,87,0.26002644333177377,1.0,6.600000000000005,10.79999999999999,39.0,0.06161602671420918,75,20772.820132307115,11285.90205230431,32058.722184611426,5820.099999999999
447,1059,334,19.85456289941049,3.506137865911237,8.284324834749759,11.721359773371118,46.95467422096317,17.90339943342776,33.88211798294808,81.14825306893296,375.4880857293589,10.0,10.199999999999992,12.660000000000005,54.0,266.61119199791267,87,0.2823365029732697,1.0,6.600000000000005,10.79999999999999,39.0,0.0454205918753543,75,21025.982110475707,11316.627406304659,32342.609516780365,5896.699999999999
448,1085,307,19.771419842596273,3.5391705069124426,8.272995391705065,11.72846082949308,46.89354838709677,18.66202764976958,36.637887795220045,81.37142857142857,303.73981241744553,10.0,10.199999999999992,12.660000000000005,54.0,375.4880857293589,88,0.2518353336264966,1.0,6.600000000000005,10.79999999999999,39.0,0.09505825328628337,76,21451.990529216957,11247.831553132553,32699.82208234951,6360.999999999999
449,1046,318,19.94091580219427,3.543977055449331,8.286615678776295,11.717017208413012,46.97131931166348,19.71137667304014,36.340779440281054,81.54684512428298,303.73981241744553,10.0,10.199999999999992,12.660000000000005,54.0,374.4880857293589,88,0.2518353336264966,1.0,6.600000000000005,10.79999999999999,39.0,0.3277316298562281,76,20858.197929095204,11556.367862009374,32414.56579110458,8285.3
450,1059,321,19.06396968385926,3.531633616619452,8.27374881964116,11.72035882908405,46.92256846081209,19.887252124645887,38.90232906543988,81.70160528800756,416.810396342122,10.0,10.199999999999992,12.660000000000005,54.0,303.73981241744553,88,0.2708746410526095,1.0,6.700000000000005,10.79999999999999,39.0,0.030352320533480803,76,20188.743895206957,12487.6476300062,32676.391525213156,7004.0999999999985
451,1021,352,19.557163804181798,3.524975514201763,8.249853085210571,11.714769833496563,46.85161606268365,19.88628795298726,37.100543023369305,81.87855044074436,274.877629704878,10.0,10.199999999999992,12.660000000000005,54.0,416.810396342122,88,0.2755687642102853,1.0,6.700000000000005,10.73999999999999,38.5,0.059917869230515564,76,19967.864244069617,13059.391144225994,33027.25538829561,7370.5999999999985
452,1012,354,20.16456586476166,3.508893280632411,8.242490118577066,11.718557312252958,46.91699604743083,19.287252964426894,37.1481995226025,82.07213438735178,256.73427826738725,10.0,10.099999999999993,12.660000000000005,54.0,415.810396342122,88,0.2755687642102853,1.0,6.700000000000005,10.73999999999999,38.5,0.19368167944271764,78,20406.5406551388,13150.462631001286,33557.00328614008,6464.499999999999
453,1045,329,20.76456152350431,3.5588516746411485,8.25961722488037,11.713033492822943,46.95454545454545,19.53942583732059,37.69520987241026,82.23157894736842,338.16311498666965,10.0,10.099999999999993,12.660000000000005,54.0,414.810396342122,88,0.2823365029732697,1.0,6.700000000000005,10.73999999999999,38.5,0.007341334505986508,78,21698.966792062,12401.724048022976,34100.69084008498,5952.499999999999
454,1038,334,21.692234878315745,3.541425818882466,8.27928709055877,11.695722543352604,46.889691714836225,19.200192678227346,36.377786391876036,82.4393063583815,423.82943575855586,10.0,10.099999999999993,12.660000000000005,54.0,228.0234550088802,89,0.2823365029732697,1.0,6.700000000000005,10.73999999999999,38.5,0.07880911385548073,78,22516.539803691743,12150.180654886597,34666.72045857834,6609.9
455,1033,355,22.36005014340899,3.5653436592449177,8.25575992255566,11.705169409486937,46.9080348499516,19.396127783155823,33.586575380052025,82.61858664085189,423.82943575855586,10.0,10.199999999999992,12.660000000000005,54.5,248.9383209789617,89,0.342002051515075,1.0,6.700000000000005,10.79999999999999,39.0,0.0302360968120583,79,23097.931798141486,11923.234259918469,35021.16605805996,7211.699999999999
456,1002,347,21.12157546240662,3.5738522954091816,8.229940119760483,11.714071856287411,46.8502994011976,19.876646706586847,38.245427601018434,82.79540918163673,371.684437386198,9.0,10.199999999999992,12.660000000000005,54.5,423.82943575855586,89,0.2802285736140628,1.0,6.700000000000005,10.79999999999999,39.0,0.12674147172070205,79,21163.818613331434,13271.163377553397,34434.98199088483,7424.899999999999
457,1010,361,20.964706686428205,3.6,8.223861386138624,11.718178217821789,46.904455445544556,19.780396039603946,37.18163342043787,82.98910891089109,234.73521215076553,9.0,10.199999999999992,12.660000000000005,54.5,422.82943575855586,89,0.2802285736140628,1.0,6.700000000000005,10.79999999999999,38.5,0.023438089524878913,79,21174.353753292486,13422.56966477807,34596.92341807055,7018.199999999999
458,1004,356,22.21553300623735,3.6254980079681274,8.219422310756972,11.722470119521926,46.977589641434264,19.625298804780865,36.13220728758294,83.17330677290836,263.4173890168014,9.0,10.199999999999992,12.660000000000005,54.5,421.82943575855586,89,0.2802285736140628,1.0,6.700000000000005,10.79999999999999,38.5,0.026798206791079693,79,22304.3951382623,12863.065794379529,35167.46093264183,6497.599999999999
459,1027,348,21.533514243607822,3.66699123661149,8.231742940603686,11.722726387536522,46.976144109055504,19.214410905550142,38.286931669431304,83.35735150925025,276.7633280396485,9.0,10.199999999999992,12.660000000000005,54.5,420.82943575855586,89,0.259267890558079,1.0,6.700000000000005,10.79999999999999,38.5,0.032376641280850604,80,22114.919128185233,13323.852220962093,35438.771349147326,6426.7
460,1033,326,21.896834078033336,3.68054211035818,8.249177153920618,11.7217812197483,46.99322362052275,19.15295256534365,39.17768728182883,83.54501452081317,276.7633280396485,9.0,10.199999999999992,12.660000000000005,54.5,419.82943575855586,90,0.259267890558079,1.0,6.700000000000005,10.79999999999999,38.5,0.06475328256170121,80,22619.429602608438,12771.9260538762,35391.35565648464,6289.4
461,1020,353,21.221753966528155,3.683333333333333,8.235980392156861,11.72300000000001,46.91960784313726,18.30284313725491,39.8358610616595,83.7343137254902,329.36783412479383,9.0,10.199999999999992,12.720000000000006,54.5,418.82943575855586,90,0.2506047383850365,1.0,6.700000000000005,10.79999999999999,38.5,0.2734838623433251,80,21646.18904585872,14062.058954765804,35708.248000624524,6999.299999999999
462,1052,302,22.902451901095777,3.69106463878327,8.22956273764258,11.730171102661611,46.86264258555133,18.979657794676807,39.038465859938384,83.91730038022814,420.27619512797867,9.0,10.199999999999992,12.720000000000006,55.0,263.4173890168014,90,0.2506047383850365,1.0,6.700000000000005,10.79999999999999,38.5,0.08896964273566477,80,24093.37939995276,11789.616689701392,35882.99608965415,6365.699999999999
463,1055,304,22.950541977575824,3.7194312796208533,8.239526066350704,11.733554502369682,46.83649289099526,19.349194312796214,36.20622641665201,84.10710900473934,420.27619512797867,9.0,10.199999999999992,12.720000000000006,55.0,262.4173890168014,90,0.2506047383850365,1.0,6.800000000000004,10.79999999999999,38.5,0.2050893874422064,80,24212.821786342494,11006.69283066221,35219.51461700471,7603.999999999999
464,1068,319,21.64617241122072,3.7294007490636703,8.234925093632956,11.72640449438203,46.874063670411985,19.217041198501846,37.20704884692063,84.29775280898876,420.27619512797867,9.0,10.199999999999992,12.720000000000006,55.0,329.36783412479383,91,0.2506047383850365,1.0,6.700000000000005,10.79999999999999,38.5,0.13516924161536403,80,23118.112135183732,11869.04858216768,34987.16071735141,7010.299999999999
465,1068,319,22.023852001832157,3.7125468164794007,8.228745318352047,11.730674157303385,46.951310861423224,18.9997191011236,36.6341776253621,84.44475655430712,420.27619512797867,9.0,10.199999999999992,12.780000000000006,55.0,189.12162077310762,91,0.2506047383850365,1.0,6.700000000000005,10.79999999999999,38.5,0.03389306334248454,80,23521.473937956744,11686.30266249051,35207.77660044725,6760.799999999999
466,1082,308,22.266994658421645,3.722735674676525,8.246580406654342,11.72789279112756,46.94824399260629,19.78632162661739,34.34547112744974,84.59334565619224,420.27619512797867,9.0,10.199999999999992,12.840000000000007,55.0,250.24626357037513,91,0.2506047383850365,1.0,6.700000000000005,10.79999999999999,38.0,0.029066956638827968,80,24092.88822041222,10578.40510725452,34671.29332766674,7530.4
467,1076,301,23.299202138556943,3.7109665427509295,8.240892193308547,11.722862453531592,46.962825278810406,20.087174721189587,33.50110131710718,84.76951672862454,331.7816677243611,9.0,10.199999999999992,12.840000000000007,55.5,420.27619512797867,91,0.2506047383850365,1.0,6.700000000000005,10.79999999999999,38.0,0.02198625634752105,81,25069.94150108727,10083.83149644926,35153.77299753653,7023.299999999999
468,1041,343,21.791443759882462,3.71373679154659,8.257156580211339,11.721152737752174,46.98270893371758,19.148799231508196,35.96979390870368,84.9817483189241,331.7816677243611,9.0,10.199999999999992,12.840000000000007,55.5,419.27619512797867,91,0.2506047383850365,1.0,6.700000000000005,10.85999999999999,38.0,0.033231624459864495,81,22684.89295403764,12337.639310685361,35022.532264723006,7472.599999999999
469,1058,299,22.6692308465583,3.652173913043478,8.271172022684306,11.719508506616263,47.071833648393195,19.501984877126656,38.36665343358222,85.13799621928166,241.65696293061634,10.0,10.199999999999992,12.840000000000007,55.5,418.27619512797867,91,0.2506047383850365,1.0,6.700000000000005,10.79999999999999,38.0,0.12840029124057972,81,23984.04623565868,11471.629376641084,35455.67561229976,6288.499999999999
470,1078,294,22.552615096740787,3.5946196660482377,8.266326530612245,11.710686456400763,47.15909090909091,19.762615955473116,37.53601624519135,85.33395176252318,335.440746132529,10.0,10.199999999999992,12.780000000000006,55.5,417.27619512797867,91,0.25090710757755474,1.0,6.700000000000005,10.79999999999999,38.0,0.03662402489760508,81,24311.719074286568,11035.588776086257,35347.307850372825,7398.099999999999
471,1071,318,21.37423878760264,3.5686274509803924,8.274323062558361,11.702801120448184,47.18300653594771,19.583846872082173,39.38700494068908,85.48179271708683,264.7290197459716,10.0,10.199999999999992,12.780000000000006,55.5,416.27619512797867,91,0.2594072362743936,1.0,6.700000000000005,10.79999999999999,37.5,0.05424965217729394,82,22891.809741522426,12525.067571139127,35416.877312661556,7096.199999999999
472,1045,328,21.628822770805545,3.581818181818182,8.28507177033493,11.700459330143541,47.21435406698565,20.23789473684211,39.48035130190432,85.6421052631579,424.8042221830099,10.0,10.199999999999992,12.780000000000006,55.5,264.7290197459716,91,0.2594072362743936,1.0,6.700000000000005,10.79999999999999,37.5,0.2444290820631998,82,22602.119795491795,12949.555227024617,35551.675022516414,7342.299999999999
473,1028,344,22.053387155416555,3.6429961089494163,8.284727626459153,11.714066147859912,47.1318093385214,20.30476653696497,37.40824176763858,85.86673151750973,271.60763791397017,10.0,10.199999999999992,12.780000000000006,55.5,424.8042221830099,91,0.2505488070010116,1.0,6.700000000000005,10.79999999999999,37.5,0.09461743900905217,82,22670.881995768217,12868.435168067672,35539.31716383589,7213.9
474,1036,342,22.43395581889798,3.646718146718147,8.302606177606172,11.721428571428572,47.1230694980695,20.614189189189208,36.83395787335742,86.04054054054055,271.60763791397017,10.0,10.199999999999992,12.780000000000006,55.0,423.8042221830099,91,0.2505488070010116,1.0,6.700000000000005,10.79999999999999,37.5,0.07328736217618426,82,23241.57822837831,12597.213592688238,35838.791821066545,6906.799999999999
475,989,352,23.199012868772304,3.679474216380182,8.328715874620825,11.714438827098077,47.20070778564206,20.52436804853384,35.615996852574156,86.18907987866532,427.9265461613049,11.0,10.199999999999992,12.780000000000006,55.0,248.67242867601746,92,0.2505488070010116,1.0,6.700000000000005,10.79999999999999,37.5,0.153383381499695,82,22943.823727215808,12536.830892106103,35480.65461932191,7651.699999999999
476,994,348,23.085842347332285,3.681086519114688,8.3433601609658,11.711589537223325,47.230382293762574,19.78169014084508,36.57598335819852,86.3430583501006,427.9265461613049,11.0,10.199999999999992,12.780000000000006,55.0,250.4896910241515,92,0.2664877491495644,1.0,6.700000000000005,10.79999999999999,37.5,0.06797463642954216,82,22947.32729324829,12728.442208653085,35675.76950190138,6055.799999999999
477,1004,360,21.571907756746068,3.656374501992032,8.333864541832671,11.714701195219133,47.25348605577689,18.630776892430262,40.05763712282098,86.53884462151395,427.9265461613049,11.0,10.199999999999992,12.780000000000006,55.0,271.60763791397017,92,0.2915643089678319,1.0,6.700000000000005,10.79999999999999,37.5,0.030462959782799226,82,21658.195387773052,14420.749364215551,36078.9447519886,5800.999999999999
478,1021,339,22.96028785532183,3.6650342801175317,8.325171400587658,11.719392752203717,47.32272282076396,18.54632713026447,38.50419871410055,86.7482859941234,297.2804073433417,11.0,10.199999999999992,12.780000000000006,55.0,427.9265461613049,92,0.2915643089678319,1.0,6.700000000000005,10.79999999999999,37.5,0.05903913468867539,83,23442.453900283588,13052.923364080089,36495.37726436368,5946.199999999999
479,1042,329,22.004718550771496,3.643953934740883,8.321497120921299,11.710882917466416,47.30758157389635,18.835604606525894,41.87435539060387,86.91362763915546,269.16060098234425,11.0,10.199999999999992,12.780000000000006,55.0,426.9265461613049,92,0.2915643089678319,1.0,6.700000000000005,10.79999999999999,37.5,0.20816800938163893,83,22928.9167299039,13776.662923508671,36705.57965341257,6741.4
480,1042,316,22.49107306455107,3.6190019193857967,8.323032629558535,11.701324376199624,47.23752399232246,19.54942418426102,39.478035030790984,87.12763915547025,301.18937096934064,11.0,10.299999999999992,12.780000000000006,55.0,425.9265461613049,92,0.2601843817241335,1.0,6.700000000000005,10.79999999999999,37.5,0.07552812562476774,83,23435.698133262216,12475.05906972995,35910.757202992165,7589.199999999999
481,1059,316,22.69554766289867,3.6808309726156754,8.323796033994327,11.708441926345625,47.155807365439095,19.297072710103862,38.289544531099956,87.3805476864967,434.60536844497705,11.0,10.299999999999992,12.780000000000006,55.0,299.9827759568641,93,0.2915643089678319,1.0,6.700000000000005,10.79999999999999,37.5,0.2175707231138344,83,24034.58497500969,12099.496071827587,36134.08104683728,7250.999999999999
482,1061,321,21.79652558678076,3.68426013195099,8.304806786050904,11.724599434495767,47.140904806786054,19.864467483506136,38.44059000176069,87.56738925541941,434.60536844497705,11.0,10.299999999999992,12.780000000000006,55.0,301.18937096934064,93,0.2704292852399428,1.0,6.700000000000005,10.79999999999999,37.5,0.0025270815934250734,83,23126.113647574388,12339.429390565181,35465.54303813957,7761.399999999999
483,1054,330,22.180120545905975,3.683111954459203,8.309677419354843,11.73102466793168,47.13662239089184,20.050189753320687,37.913262303305714,87.74857685009488,450.90671575491695,11.0,10.299999999999992,12.780000000000006,55.0,303.64154904638156,93,0.2915643089678319,1.0,6.600000000000005,10.79999999999999,37.5,0.15313319912351164,83,23377.847055384897,12511.376560090885,35889.223615475785,7317.799999999999
484,1040,359,21.360799348535092,3.7182692307692307,8.300576923076928,11.732076923076926,47.129326923076924,19.882692307692288,38.148136076177025,87.89423076923077,246.54857385668348,11.0,10.199999999999992,12.840000000000007,55.0,302.64154904638156,93,0.2915643089678319,1.0,6.600000000000005,10.79999999999999,38.0,0.041691616668078524,84,22215.231322476495,13695.180851347552,35910.41217382405,7209.499999999999
485,1051,339,22.916859963082874,3.655566127497621,8.317031398667943,11.716498572787845,47.272597526165555,19.154424357754507,35.996602908430695,88.06755470980019,346.80858085273803,11.0,10.199999999999992,12.840000000000007,55.0,300.15438170892935,94,0.2915643089678319,1.0,6.600000000000005,10.79999999999999,37.5,0.005054163186850147,84,24085.6198212001,12202.848385958005,36288.468207158105,5898.699999999999
486,1062,350,23.14304589458534,3.6139359698681734,8.30715630885122,11.700677966101713,47.31120527306968,19.108662900188335,34.5628354216597,88.26647834274952,308.83860475556196,11.0,10.199999999999992,12.840000000000007,55.0,259.95853075904614,94,0.2764347018897811,1.0,6.600000000000005,10.79999999999999,37.5,0.4826017817738567,84,24577.914740049633,12096.992397580894,36674.90713763053,6750.099999999999
487,1026,343,22.65779653802061,3.628654970760234,8.294639376218324,11.68619883040937,47.292397660818715,19.695029239766065,37.71094723817614,88.4307992202729,308.83860475556196,11.0,10.199999999999992,12.840000000000007,55.0,258.95853075904614,94,0.2764347018897811,1.0,6.700000000000005,10.79999999999999,37.5,0.006317703983562684,84,23246.899248009144,12934.854902694415,36181.75415070356,7606.0999999999985
488,1029,348,21.81280851700304,3.6530612244897958,8.290670553935858,11.687346938775525,47.29980563654033,19.832458697764828,38.03606140173474,88.61807580174927,308.83860475556196,11.0,10.199999999999992,12.900000000000007,55.0,257.95853075904614,94,0.2943833504854402,1.0,6.700000000000005,10.79999999999999,37.5,0.02625527345335099,84,22445.37996399613,13236.549367803691,35681.92933179982,7279.999999999999
489,1031,330,22.216630080511163,3.6605237633365664,8.297090203685746,11.685276430649864,47.34772065955383,19.979922405431626,39.550634747728175,88.76333656644034,308.83860475556196,11.0,10.199999999999992,12.900000000000007,55.0,307.6267617865195,94,0.25656381836333775,1.0,6.700000000000005,10.79999999999999,38.0,0.020272913321922825,84,22905.345613007008,13051.709466750299,35957.05507975731,6759.299999999999
490,1045,353,21.969447315111598,3.6669856459330146,8.303732057416276,11.694889952153119,47.422488038277514,19.166889952153102,37.46595958629102,88.97799043062201,307.7600237814245,11.0,9.999999999999993,12.900000000000007,55.0,353.9434939965885,94,0.2541164711555136,1.0,6.700000000000005,10.79999999999999,37.5,0.04930401498911552,84,22958.072444291618,13225.483733960731,36183.55617825235,6937.599999999999
491,1037,327,23.969558432879847,3.685631629701061,8.300578592092565,11.688833172613313,47.43008678881389,19.335776277724218,35.059992942809586,89.14079074252652,311.3613134723972,11.0,9.999999999999993,12.900000000000007,55.0,352.9434939965885,94,0.2541164711555136,1.0,6.700000000000005,10.79999999999999,37.5,0.23293333744674016,84,24856.4320948964,11464.617692298734,36321.04978719514,6477.9
492,1027,342,22.8262019691508,3.730282375851996,8.292112950340808,11.691061343719554,47.394839337877315,19.265141187926016,35.61463644433501,89.3330087633885,337.8899171633353,11.0,9.899999999999993,12.900000000000007,55.0,351.9434939965885,95,0.2541164711555136,1.0,6.700000000000005,10.79999999999999,37.5,0.035076145309903994,84,23442.509422317875,12180.205663962573,35622.71508628045,8069.599999999999
493,1017,348,23.039500609170783,3.7384464110127826,8.293706981317603,11.703952802359897,47.46361848574238,18.768141592920347,35.03265294970331,89.52704031465093,293.93755762948564,11.0,9.899999999999993,12.900000000000007,55.0,432.1467467645902,95,0.2541164711555136,1.0,6.700000000000005,10.79999999999999,37.5,0.027160827278044808,84,23431.172119526687,12191.363226496753,35622.53534602344,6707.099999999999
494,1056,311,23.13825582475557,3.752840909090909,8.30274621212122,11.71323863636365,47.48342803030303,19.088068181818205,36.12458456988396,89.71496212121212,432.9601818210979,11.0,9.899999999999993,12.960000000000008,55.0,330.08169580065135,95,0.2541164711555136,1.0,6.600000000000005,10.79999999999999,37.5,0.05629842514790395,84,24433.998150941883,11234.74580123391,35668.74395217579,6588.499999999999
495,1065,321,22.01336412948838,3.7267605633802816,8.289859154929575,11.707661971830994,47.53802816901408,18.44769953051645,37.912271237372224,89.88826291079812,432.9601818210979,11.0,9.899999999999993,12.960000000000008,55.0,329.08169580065135,95,0.2908941225136922,1.0,6.600000000000005,10.73999999999999,37.5,0.056134855152333074,85,23444.232797905126,12169.839067196484,35614.07186510161,6899.999999999999
496,1097,288,22.546860200078562,3.7739288969917957,8.283682771194165,11.71170464904284,47.624430264357336,18.87465815861438,38.36828743031975,90.04740200546946,432.9601818210979,12.0,9.999999999999993,12.960000000000008,55.0,395.60621837574524,95,0.26986798954014257,1.0,6.600000000000005,10.73999999999999,37.5,0.14200519533866807,85,24733.905639486184,11050.066779932087,35783.97241941827,6402.299999999999
497,1080,315,21.4224788715047,3.7907407407407407,8.283333333333328,11.710500000000003,47.608333333333334,18.829537037037028,39.681433087658206,90.24074074074075,333.4290897255965,12.0,9.999999999999993,12.960000000000008,55.0,394.60621837574524,96,0.26986798954014257,1.0,6.600000000000005,10.73999999999999,37.5,0.01692940038529045,85,23136.277181225076,12499.651422612334,35635.92860383741,7591.999999999999
498,1099,287,22.456895818143625,3.7588717015468607,8.312192902638763,11.702838944494982,47.6533212010919,19.34585987261147,38.53950803293682,90.40218380345769,412.1351031602245,12.0,9.999999999999993,12.960000000000008,55.0,318.3891313618404,96,0.26986798954014257,1.0,6.600000000000005,10.73999999999999,37.5,0.35252849406948705,85,24680.128504139844,11060.838805452868,35740.967309592714,7036.799999999999
499,1067,327,21.154635293985827,3.7778819119025306,8.314245548266165,11.701349578256794,47.63870665417057,19.571415182755374,38.43585221542004,90.57919400187441,304.4641885388616,12.0,9.999999999999993,12.960000000000008,55.0,412.1351031602245,96,0.26986798954014257,1.0,6.500000000000005,10.73999999999999,37.5,0.001801951981100558,85,22571.995858682876,12568.523674442353,35140.51953312523,7916.5999999999985
500,1051,303,22.171560759676062,3.762131303520457,8.30180780209324,11.70051379638441,47.631779257849665,20.71807802093241,40.16435329906174,90.74976213130353,304.4641885388616,11.0,9.999999999999993,12.960000000000008,55.0,411.1351031602245,96,0.25049578223784097,1.0,6.500000000000005,10.73999999999999,37.5,0.12722942168283868,85,23302.31035841954,12169.799049615705,35472.10940803525,7051.699999999999
501,1031,306,23.682258728434686,3.7478176527643066,8.300969932104747,11.697148399612026,47.59650824442289,20.628806983511122,34.2342872069014,90.93889427740058,413.9166978613594,11.0,9.999999999999993,13.020000000000008,55.5,236.86242319822156,96,0.25049578223784097,1.0,6.500000000000005,10.679999999999989,37.0,0.12108786509020941,86,24416.408749016162,10475.691885311828,34892.10063432799,7651.899999999999
502,1028,335,21.81211052861155,3.86284046692607,8.285797665369628,11.713073929961082,47.574902723735406,19.8441634241245,35.931456632554685,91.14688715953308,413.9166978613594,12.0,9.999999999999993,13.020000000000008,55.5,296.38377313496693,97,0.25049578223784097,1.0,6.500000000000005,10.619999999999989,37.0,0.11422618569081289,86,22422.849623412676,12037.03797190582,34459.8875953185,6782.799999999999
503,1038,323,22.695044370463116,3.9055876685934487,8.290655105973016,11.700809248554927,47.56888246628131,19.306840077071303,33.747795742077386,91.32562620423892,381.7169266345959,12.0,9.999999999999993,13.020000000000008,55.5,250.95446315568125,97,0.25049578223784097,1.0,6.500000000000005,10.619999999999989,37.0,0.009225007420150089,86,23557.456056540716,10900.538024690995,34457.99408123171,6384.4
504,1037,319,22.75347818637926,3.9402121504339442,8.280617164898743,11.68547733847637,47.506268081002894,18.869720347155265,32.10488743662897,91.5371263259402,381.7169266345959,12.0,10.099999999999993,13.020000000000008,55.5,327.30066208976854,97,0.2623654422629597,1.0,6.600000000000005,10.619999999999989,37.5,0.11422618569081289,88,23595.356879275296,10241.459092284642,33836.81597155994,7093.899999999999
505,1047,317,20.999861137445528,3.894937917860554,8.288920725883475,11.678739255014326,47.61652340019102,18.943553008596,38.09803383514015,91.70678127984718,381.7169266345959,12.0,10.099999999999993,13.020000000000008,55.5,326.30066208976854,97,0.2623654422629597,1.0,6.600000000000005,10.619999999999989,37.5,0.022554591905579624,88,21986.85461090547,12077.076725739427,34063.9313366449,6877.699999999999
506,1044,319,21.566059779956493,3.8026819923371646,8.304022988505746,11.667298850574722,47.742816091954026,19.05296934865901,37.49874480295966,91.87739463601532,381.7169266345959,12.0,10.099999999999993,12.900000000000007,55.5,325.30066208976854,97,0.2623654422629597,1.0,6.500000000000005,10.619999999999989,37.5,0.09345870767439957,88,22514.966410274577,11962.099592144134,34477.06600241871,6763.4
507,1072,310,21.25802501640242,3.8367537313432836,8.323041044776119,11.663339552238815,47.8134328358209,19.321548507462676,37.188948949276494,92.04757462686567,381.7169266345959,12.0,10.099999999999993,12.960000000000008,55.5,324.30066208976854,97,0.2623654422629597,1.0,6.500000000000005,10.619999999999989,37.5,0.0733131281754269,88,22788.602817583396,11528.574174275713,34317.17699185911,6787.499999999999
508,1061,301,21.45447099733018,3.8444863336475024,8.32733270499529,11.665560791705952,47.80442978322338,19.386616399622984,38.3218222567427,92.22525918944392,381.7169266345959,11.0,10.099999999999993,12.960000000000008,55.5,290.8497334745328,97,0.2623654422629597,1.0,6.500000000000005,10.619999999999989,37.5,0.02184070334985333,88,22763.19372816732,11534.868499279553,34298.06222744688,6968.499999999999
509,1086,301,21.2065506017417,3.794659300184162,8.3365561694291,11.661878453038678,47.865561694290975,18.814917127071816,36.739707343851485,92.42265193370166,381.7169266345959,12.0,10.099999999999993,12.960000000000008,55.5,289.8497334745328,98,0.2623654422629597,1.0,6.500000000000005,10.619999999999989,37.5,0.04883880282200881,88,23030.313953491488,11058.651910499297,34088.96586399079,6410.699999999999
510,1101,270,22.596065467512865,3.7883742052679383,8.344141689373288,11.665558583106275,47.84105358764759,19.230245231607636,34.70429516232649,92.56130790190736,381.7169266345959,12.0,10.099999999999993,12.960000000000008,55.5,288.8497334745328,98,0.2623654422629597,1.0,6.500000000000005,10.619999999999989,37.5,0.06165468196965085,88,24878.268079731664,9370.159693828153,34248.427773559815,6448.899999999999
511,1077,303,20.843232074385515,3.8142989786443824,8.327762302692664,11.666350974930358,47.812441968430825,20.298885793871868,36.41958934811715,92.72237697307335,381.7169266345959,12.0,10.099999999999993,12.960000000000008,55.0,200.05200285021095,98,0.2623654422629597,1.0,6.400000000000006,10.619999999999989,37.5,0.08519541848279966,89,22448.1609441132,11035.135572479496,33483.296516592694,8723.8
512,1043,325,21.02452930166854,3.8485139022051773,8.322147651006718,11.6664046021093,47.74976030680729,20.869511025886823,34.605764299046314,92.88782358581017,381.902296131039,12.0,9.999999999999993,12.960000000000008,55.0,327.8226748803882,98,0.25082271531861866,1.0,6.400000000000006,10.619999999999989,37.5,0.026191813012701903,89,21928.584061640286,11246.873397190051,33175.45745883034,7922.299999999999
513,1007,337,21.07553894157111,3.8192651439920557,8.338530287984117,11.66883813306852,47.73982125124131,20.41161866931482,33.83751427134742,93.03972194637537,381.902296131039,12.0,9.999999999999993,12.960000000000008,55.0,277.2095932148467,99,0.25082271531861866,1.0,6.400000000000006,10.619999999999989,37.5,0.0032908612744746435,89,21223.06771416211,11403.242309444082,32626.31002360619,7045.799999999999
514,1040,315,20.691537802941745,3.8490384615384614,8.34894230769231,11.659903846153842,47.839903846153845,19.569038461538472,35.85259819773429,93.19326923076923,381.902296131039,12.0,9.999999999999993,12.840000000000007,55.0,276.2095932148467,99,0.25082271531861866,1.0,6.400000000000006,10.619999999999989,37.5,0.13085058992123666,90,21519.199315059413,11293.5684322863,32812.767747345715,5424.599999999999
515,1052,303,20.651627432567683,3.8697718631178706,8.342300380228131,11.658707224334604,47.80608365019011,19.43935361216729,36.063813884329335,93.34505703422053,327.6752436929163,13.0,10.099999999999993,12.840000000000007,55.0,275.2095932148467,99,0.25082271531861866,1.0,6.400000000000006,10.619999999999989,37.5,0.06818712853499909,90,21725.512059061202,10927.335606951789,32652.84766601299,6116.299999999999
516,1074,277,21.064143278254363,3.8584729981378025,8.333519553072636,11.662122905027932,47.720670391061454,19.596089385474844,36.01680117902994,93.52607076350093,290.76809350940096,13.0,10.099999999999993,12.840000000000007,55.0,331.04066483746385,99,0.25082271531861866,1.0,6.400000000000006,10.619999999999989,37.5,0.036096604712523295,90,22622.889880845185,9976.653926591292,32599.54380743648,6328.599999999999
517,1090,272,21.39842958969886,3.8522935779816514,8.330825688073398,11.6556880733945,47.71467889908257,20.26633027522933,32.12445693652924,93.73211009174312,329.1979558054022,13.0,10.199999999999992,12.900000000000007,55.0,330.04066483746385,99,0.25082271531861866,1.0,6.400000000000006,10.619999999999989,37.5,0.23590121258818764,90,23324.28825277176,8737.852286735953,32062.140539507713,7474.699999999999
518,1072,278,20.9526475993981,3.833955223880597,8.339085820895518,11.646996268656705,47.72667910447761,20.442164179104484,33.32178192786895,93.86567164179104,329.1979558054022,12.0,10.199999999999992,12.900000000000007,55.0,329.04066483746385,99,0.2560497791804519,1.0,6.400000000000006,10.619999999999989,37.5,0.2177355336226081,90,22461.238226554764,9263.455375947568,31724.69360250233,7550.399999999999
519,1066,287,18.98466307205881,3.8574108818011257,8.348123827392115,11.646810506566597,47.75,20.20544090056286,36.86017428290162,94.04596622889306,332.21559253756664,12.0,10.199999999999992,12.900000000000007,55.0,305.37161995432473,100,0.2560497791804519,1.0,6.400000000000006,10.559999999999988,37.5,0.16535667495206385,91,20237.650834814693,10578.870019192764,30816.520854007456,7335.299999999999
520,1031,326,19.581701946237484,3.870999030067895,8.345295829291947,11.632609117361774,47.88409311348206,20.349369544131882,31.292265425777885,94.15906886517944,332.21559253756664,12.0,10.199999999999992,12.900000000000007,55.0,304.37161995432473,100,0.2560497791804519,1.0,6.400000000000006,10.559999999999988,37.5,0.0786983141873474,91,20188.734706570845,10201.27852880359,30390.013235374434,7893.399999999999
521,1021,320,18.844571498298208,3.8746327130264446,8.350538687561206,11.626836434867787,47.916748285994125,20.4065621939275,33.472365222573295,94.32908912830558,332.21559253756664,13.0,10.099999999999993,12.900000000000007,55.0,303.37161995432473,100,0.2560497791804519,1.0,6.300000000000006,10.559999999999988,37.5,0.02979721089925147,91,19240.30749976247,10711.156871223455,29951.464370985927,7243.499999999999
522,1047,300,19.050568840117386,3.8634192932187204,8.341833810888243,11.627621776504295,47.919770773638966,20.42063037249284,33.166514394649376,94.50047755491882,312.0820676182971,13.0,10.099999999999993,12.900000000000007,55.0,318.9220552869827,100,0.2560497791804519,1.0,6.300000000000006,10.499999999999988,37.5,0.32672496693432873,91,19945.945575602902,9949.954318394812,29895.899893997714,6357.299999999999
523,1042,320,18.55961911061691,3.8579654510556622,8.3461612284069,11.635451055662191,47.97696737044146,20.123896353166984,32.71650867162661,94.72264875239924,290.2802587354902,13.0,9.999999999999993,12.900000000000007,55.0,317.9220552869827,101,0.2513726950925402,1.0,6.300000000000006,10.499999999999988,37.5,0.06901773372894837,91,19339.12311326282,10469.282774920515,29808.405888183333,6757.799999999999
524,1036,311,18.243394244581122,3.776061776061776,8.35038610038609,11.635193050193044,48.03523166023166,20.570656370656366,33.392122956240364,94.93050193050193,255.3046805932089,12.0,9.999999999999993,12.960000000000008,55.0,316.9220552869827,101,0.2513726950925402,1.0,6.300000000000006,10.499999999999988,37.5,0.12523073271147567,92,18900.156437386042,10384.950239390753,29285.106676776795,7313.499999999999
525,1055,298,18.205756769283116,3.794312796208531,8.34303317535543,11.642672985781989,47.98862559241706,20.247393364928897,31.66399232973115,95.16492890995261,251.59786341568233,12.0,9.899999999999993,12.960000000000008,55.5,315.9220552869827,101,0.2513726950925402,1.0,6.300000000000006,10.499999999999988,37.5,0.1300527108758749,92,19207.073391593687,9435.869714259883,28642.94310585357,7056.399999999999
526,1047,303,17.976534592996334,3.793696275071633,8.356255969436479,11.639541547277924,47.90019102196753,20.06389684813752,30.14253022493874,95.33142311365808,315.29047005488235,12.0,9.899999999999993,12.960000000000008,55.5,258.68922200732504,102,0.273007439257875,1.0,6.300000000000006,10.439999999999987,37.5,0.05216225634372762,92,18821.431718867163,9133.186658156437,27954.618377023602,7542.299999999999
527,1063,310,16.892686444499567,3.8043273753527753,8.368485418626527,11.62447789275634,47.92568203198495,20.198494825964257,30.707955411751556,95.45719661335842,315.29047005488235,12.0,9.999999999999993,12.960000000000008,55.5,246.4955291327068,102,0.2659288900337479,1.0,6.700000000000005,10.439999999999987,37.5,0.07964094230640573,92,17956.92569050304,9519.466177642982,27476.391868146024,7162.499999999999
528,1026,324,17.110063375622836,3.8128654970760234,8.363645224171545,11.623742690058478,47.87085769980507,19.926998050682286,31.970607192829934,95.57115009746589,291.2247044832297,12.0,9.999999999999993,12.960000000000008,55.5,315.6884833968287,102,0.2659288900337479,1.0,6.600000000000005,10.439999999999987,37.5,0.0457813338680495,92,17554.92502338903,10358.4767304769,27913.401753865932,7081.999999999999
529,1030,296,18.260541424880593,3.825242718446602,8.370388349514558,11.612679611650488,47.85097087378641,18.860194174757268,31.875126606645793,95.74563106796117,316.0507166333914,12.0,9.999999999999993,12.840000000000007,55.0,314.6884833968287,102,0.25847643272918486,1.0,6.600000000000005,10.439999999999987,37.5,0.046477480080789224,92,18808.35766762701,9435.037475567155,28243.395143194164,5630.699999999999
530,1094,260,18.204018896287526,3.8254113345521024,8.35868372943325,11.617294332723947,47.84414990859232,18.50265082266912,32.512175999732925,95.92961608775137,318.7824958842162,12.0,9.999999999999993,12.840000000000007,55.5,316.0507166333914,102,0.2659288900337479,1.0,6.600000000000005,10.439999999999987,37.0,0.09295496016157845,93,19915.196672538554,8453.16575993056,28368.36243246911,5576.499999999999
531,1099,257,17.849448463687935,3.818926296633303,8.351046405823476,11.621874431301187,47.89945404913558,19.310828025477683,33.25072145267555,96.08098271155596,318.7824958842162,12.0,9.999999999999993,12.840000000000007,55.5,315.0507166333914,102,0.2659288900337479,1.0,6.600000000000005,10.439999999999987,37.0,0.02553233295197188,93,19616.54386159304,8545.435413337616,28161.979274930658,7002.5999999999985
532,1084,274,17.773133401536217,3.8948339483394836,8.361162361623624,11.614206642066414,47.9940036900369,19.759963099630987,30.975895801438067,96.22970479704797,318.7824958842162,12.0,9.999999999999993,12.840000000000007,55.5,314.0507166333914,103,0.2659288900337479,1.0,6.500000000000005,10.439999999999987,37.0,0.5023678512706311,93,19266.07660726526,8487.39544959403,27753.47205685929,7872.499999999999
533,1093,281,16.73505060124967,3.8755718206770355,8.361665141811525,11.620402561756629,47.91125343092406,20.212534309240603,31.547120380610746,96.43641354071363,318.7824958842162,12.0,9.999999999999993,12.840000000000007,55.5,313.0507166333914,103,0.25564737616960787,1.0,6.500000000000005,10.439999999999987,37.0,0.1179008398907746,93,18291.41030716589,8864.74082695162,27156.15113411751,7573.0999999999985
534,1063,289,17.449430530415132,3.8052681091251177,8.373565380997166,11.60590780809033,47.905456255879585,20.44139228598304,28.578842979964598,96.60206961429915,292.63964730088594,12.0,9.999999999999993,12.840000000000007,55.5,318.7824958842162,103,0.25564737616960787,1.0,6.500000000000005,10.439999999999987,37.0,0.11756357157346198,93,18548.744653831283,8259.285621209769,26808.030275041052,7477.5999999999985
535,1051,307,16.698133220545547,3.7488106565176023,8.364700285442431,11.598953377735496,48.02188392007612,20.138154138915343,30.341797466680056,96.79923882017127,320.22063703748415,11.0,9.999999999999993,12.840000000000007,55.5,288.9330387940343,102,0.25564737616960787,1.0,6.500000000000005,10.439999999999987,37.0,0.024828712093635463,93,17549.73801479337,9314.931822270777,26864.669837064146,7032.899999999999
536,1057,304,17.155285106419967,3.75685903500473,8.369536423841051,11.602081362346256,48.06953642384106,19.344560075685887,29.935997916910758,96.98391674550615,312.5322319048671,11.0,9.999999999999993,12.780000000000006,55.5,287.9330387940343,102,0.25564737616960787,1.0,6.500000000000005,10.499999999999988,37.0,0.028454318560685365,94,18133.136357485906,9100.54336674087,27233.67972422678,6298.199999999999
537,1048,311,17.30577843941636,3.700381679389313,8.364312977099239,11.601984732824409,48.0706106870229,18.9621183206107,29.3701688231778,97.16603053435115,312.5322319048671,11.0,9.999999999999993,12.780000000000006,55.5,288.9605067251763,102,0.26499385882562887,1.0,6.500000000000005,10.439999999999987,37.0,0.0004310038570729535,94,18136.455804508347,9134.122504008295,27270.57830851664,6540.399999999999
538,1038,305,17.946697419847577,3.6560693641618496,8.39026974951831,11.603410404624277,48.21772639691715,19.576493256262033,29.60917778476601,97.30154142581888,312.5322319048671,11.0,9.999999999999993,12.780000000000006,55.5,285.9330387940343,102,0.26499385882562887,1.0,6.500000000000005,10.439999999999987,37.0,0.00022103344735513453,94,18628.671921801786,9030.799224353634,27659.471146155418,6887.599999999999
539,1026,319,17.729435505483544,3.668615984405458,8.372222222222227,11.614327485380134,48.21393762183236,19.38050682261207,28.136973011225376,97.50974658869396,312.5322319048671,11.0,9.999999999999993,12.780000000000006,55.5,284.9330387940343,103,0.26264935989134597,1.0,6.500000000000005,10.439999999999987,37.0,0.02417536032148382,95,18190.400828626116,8975.694390580895,27166.09521920701,7117.699999999999
540,1062,282,17.638225564846614,3.6563088512241055,8.372033898305094,11.615932203389827,48.25941619585687,19.476177024482098,30.815609255975165,97.66290018832392,428.7532204374669,11.0,9.999999999999993,12.780000000000006,55.5,312.5322319048671,103,0.2659288900337479,1.0,6.500000000000005,10.439999999999987,37.0,0.012037133583824522,95,18731.795549867104,8690.001810184996,27421.7973600521,5668.799999999999
541,1091,279,17.055944092561177,3.6571952337305222,8.397433547204397,11.606837763519708,48.220898258478464,19.23510540788268,31.663005904802407,97.8505957836847,428.7532204374669,11.0,10.099999999999993,12.780000000000006,55.5,311.5322319048671,103,0.2659288900337479,1.0,6.500000000000005,10.439999999999987,37.0,0.05304314524510145,95,18608.035004984245,8833.978647439872,27442.013652424117,6486.799999999999
542,1074,287,17.597805715361822,3.7243947858473,8.397299813780254,11.61307262569831,48.220670391061454,19.517132216014907,30.886335333514328,97.99906890130354,288.60156825661664,11.0,10.099999999999993,12.780000000000006,55.5,428.7532204374669,103,0.2687443968149855,1.0,6.500000000000005,10.439999999999987,37.0,0.2659288900337479,95,18900.043338298598,8864.378240718612,27764.42157901721,7242.499999999999
543,1069,300,17.42108738264246,3.677268475210477,8.396725912067359,11.600935453695048,48.16978484565014,19.820486435921413,32.12505694414291,98.17118802619271,432.258870910866,11.0,10.099999999999993,12.780000000000006,55.5,288.60156825661664,103,0.2687443968149855,1.0,6.500000000000005,10.439999999999987,37.0,0.10743295752369564,95,18623.142412044792,9637.517083242874,28260.659495287666,7284.399999999999
544,1084,280,17.34585046336559,3.6780442804428044,8.406918819188194,11.608837638376384,48.308118081180815,20.224077490774892,34.98588609589955,98.32287822878229,332.16738072836523,11.0,10.099999999999993,12.780000000000006,55.5,287.60156825661664,103,0.2687443968149855,1.0,6.500000000000005,10.439999999999987,37.0,0.1968355396940722,95,18802.9019022883,9796.048106851875,28598.950009140175,6554.999999999999
545,1059,305,17.944387877483,3.6751652502360717,8.414353163361667,11.613144475920665,48.29272898961284,20.13918791312557,30.187331019970873,98.48441926345609,223.26968273047345,11.0,10.099999999999993,12.780000000000006,56.0,332.16738072836523,104,0.2687443968149855,1.0,6.600000000000005,10.439999999999987,37.0,0.06803281262391958,96,19003.106762254494,9207.135961091117,28210.24272334561,7621.999999999999
546,1061,294,18.204142817779022,3.628652214891612,8.404806786050893,11.621960414703116,48.252120640904806,20.027049952874638,31.232995566888647,98.65127238454288,333.9967743313025,12.0,10.099999999999993,12.840000000000007,56.0,273.2849332896821,104,0.2687443968149855,1.0,6.600000000000005,10.439999999999987,37.0,0.09421251156297084,96,19314.595529663544,9182.500696665262,28497.096226328806,6554.999999999999
547,1084,288,18.630664962729746,3.6337638376383765,8.393726937269374,11.627988929889286,48.348247232472325,19.528228782287837,28.81236139745336,98.82380073800738,333.9967743313025,12.0,10.099999999999993,12.840000000000007,56.0,140.15364043132175,104,0.26578611016321546,1.0,6.600000000000005,10.439999999999987,37.0,0.26045970627392157,96,20195.640819599044,8297.960082466567,28493.600902065613,6484.399999999999
548,1099,279,18.06646594565629,3.5841674249317563,8.381801637852591,11.622747952684241,48.3803457688808,19.246769790718812,31.49730559348802,98.99909008189263,333.9967743313025,12.0,10.099999999999993,12.840000000000007,56.0,225.38333319516818,104,0.26578611016321546,1.0,6.600000000000005,10.439999999999987,37.0,0.15422631720690294,96,19855.046074276263,8787.748260583157,28642.79433485942,6498.0999999999985
549,1097,279,17.699704757339838,3.6052871467639016,8.37000911577029,11.620419325432986,48.32224247948952,19.553418413855958,33.17934969439033,99.20510483135826,291.11697016288963,12.0,10.099999999999993,12.840000000000007,56.0,333.9967743313025,104,0.26578611016321546,1.0,6.600000000000005,10.439999999999987,37.0,0.08878052997867814,96,19416.5761188018,9257.038564734903,28673.614683536704,7093.0999999999985
550,1094,287,17.664678486884444,3.5978062157221204,8.386563071297982,11.62288848263253,48.33135283363803,19.829067641681903,33.3002701089693,99.327239488117,291.11697016288963,12.0,10.099999999999993,12.840000000000007,56.0,332.9967743313025,103,0.26578611016321546,1.0,6.600000000000005,10.439999999999987,36.5,0.045287838503083044,96,19325.15826465158,9557.177521274189,28882.33578592577,7128.899999999999
551,1093,294,17.97746899581973,3.618481244281793,8.387008234217735,11.639615736505009,48.37099725526075,19.813815187557193,32.507745884760794,99.49496797804208,291.11697016288963,13.0,10.099999999999993,12.840000000000007,56.5,331.9967743313025,103,0.26578611016321546,1.0,6.600000000000005,10.439999999999987,36.5,0.021803230503148585,96,19649.373612430965,9557.277290119673,29206.65090255064,6536.199999999999
552,1091,293,18.12501306107263,3.609532538955087,8.390009165902843,11.643904674610436,48.42300641613199,20.51521539871679,33.553923760702716,99.66177818515123,282.9589634847691,13.0,10.199999999999992,12.900000000000007,56.5,330.9967743313025,103,0.26578611016321546,1.0,6.600000000000005,10.439999999999987,36.5,0.12301401291596448,97,19774.38924963024,9831.299661885896,29605.688911516136,7209.5999999999985
553,1063,320,17.704567048280005,3.640639698965193,8.39492003762935,11.641411100658498,48.43273753527752,20.04985888993414,31.923839811634444,99.83066792097836,272.6010234671891,13.0,10.199999999999992,12.900000000000007,56.5,329.9967743313025,103,0.2915215569303426,1.0,6.600000000000005,10.439999999999987,36.5,0.13712566415134964,97,18819.954772321646,10215.628739723023,29035.583512044668,7623.299999999999
554,1065,321,17.923239429033774,3.592488262910798,8.395586854460095,11.622253521126757,48.48403755868544,19.894178403755873,31.44283422864952,100.01032863849765,272.6010234671891,13.0,10.199999999999992,12.900000000000007,56.5,328.9967743313025,104,0.2807535032289911,1.0,6.600000000000005,10.439999999999987,36.5,0.0010690224889717825,97,19088.24999192097,10093.149787396496,29181.399779317464,6472.399999999999
555,1049,320,18.62764769121409,3.6387035271687322,8.39666348903718,11.626787416587227,48.47140133460439,20.00981887511916,29.941000534018123,100.21448999046711,346.9326382875234,14.0,10.199999999999992,12.900000000000007,56.5,269.01300736137324,104,0.2807535032289911,1.0,6.600000000000005,10.439999999999987,36.5,0.01924021547751842,97,19540.40242808358,9581.120170885799,29121.52259896938,6991.0999999999985
556,1070,309,18.73578287836659,3.614953271028037,8.397757009345796,11.638429906542045,48.49439252336449,20.671588785046733,30.553167809651494,100.38785046728972,346.9326382875234,14.0,10.099999999999993,12.900000000000007,56.5,272.6010234671891,104,0.25332186709667814,1.0,6.500000000000005,10.439999999999987,36.5,0.05967664415503071,97,20047.28767985225,9440.928853182311,29488.21653303456,7230.999999999999
557,1058,321,18.205908817874928,3.5860113421550093,8.426181474480156,11.634215500945164,48.64177693761815,20.562854442344047,31.74218116394859,100.5226843100189,210.82801016032124,14.0,10.099999999999993,12.900000000000007,56.5,346.9326382875234,105,0.25332186709667814,1.0,6.500000000000005,10.439999999999987,36.5,0.08575439440244947,97,19261.851529311672,10189.240153627497,29451.09168293917,7263.399999999999
558,1056,301,19.28840205838279,3.5142045454545454,8.417140151515165,11.643352272727272,48.66619318181818,21.131818181818172,31.24573650439923,100.70170454545455,274.70504502411944,13.0,10.099999999999993,12.900000000000007,56.5,345.9326382875234,105,0.25332186709667814,1.0,6.500000000000005,10.439999999999987,36.5,0.10353023105942505,98,20368.552573652225,9404.966687824168,29773.519261476395,6892.899999999999
559,1031,329,18.032360447518172,3.4675072744907856,8.428322017458779,11.647681862269623,48.758486905916584,20.910184287099895,32.846956489214136,100.909796314258,216.64154496305758,11.0,10.199999999999992,12.900000000000007,56.5,344.9326382875234,105,0.25332186709667814,1.0,6.500000000000005,10.439999999999987,36.5,0.1237261577076747,98,18591.363621391236,10806.648684951451,29398.012306342687,7599.0999999999985
560,1001,345,18.027221045342,3.4285714285714284,8.433066933066923,11.649890109890103,48.74575424575425,19.631768231768234,33.3697987197771,101.11288711288711,357.10380083618145,11.0,10.199999999999992,12.840000000000007,56.5,273.70504502411944,106,0.25332186709667814,1.0,6.500000000000005,10.379999999999987,36.5,0.08304311386068508,98,18045.24826638734,11512.5805583231,29557.828824710443,6547.299999999999
561,1050,304,19.350030163061774,3.416190476190476,8.45257142857142,11.648114285714284,48.86190476190476,19.385333333333374,31.49866154555888,101.28476190476191,357.10380083618145,11.0,10.199999999999992,12.840000000000007,56.5,272.70504502411944,106,0.2537070325554086,1.0,6.500000000000005,10.379999999999987,36.5,0.15067115011811572,98,20317.531671214863,9575.593109849899,29893.124781064762,5673.999999999999
562,1054,288,18.975742887823674,3.450664136622391,8.461669829222009,11.648937381404172,48.84013282732448,19.513757115749524,35.14161478297402,101.4629981024668,357.10380083618145,11.0,10.199999999999992,12.840000000000007,56.5,271.70504502411944,107,0.2537070325554086,1.0,6.500000000000005,10.379999999999987,36.5,0.08609239560901827,98,20000.433003766153,10120.785057496518,30121.21806126267,7006.699999999999
563,1074,294,19.053060967188365,3.468342644320298,8.456703910614523,11.654078212290504,48.82448789571695,19.3391061452514,30.865260648287947,101.67970204841713,357.10380083618145,11.0,10.099999999999993,12.840000000000007,56.5,270.70504502411944,107,0.2537070325554086,1.0,6.500000000000005,10.379999999999987,36.5,0.04625082994128871,98,20462.987478760304,9074.386630596657,29537.374109356962,7353.499999999998
564,1052,311,17.974456449318584,3.4220532319391634,8.446197718631172,11.654828897338408,48.795627376425855,19.22252851711026,33.24010568642008,101.8916349809886,357.66012510622323,11.0,10.199999999999992,12.840000000000007,56.5,322.49159828982044,108,0.2537070325554086,1.0,6.600000000000005,10.379999999999987,36.5,0.03245988377371001,99,18909.12818468315,10337.672868476644,29246.801053159797,7776.799999999998
565,1058,289,17.322106077310103,3.402646502835539,8.46172022684311,11.664499054820416,48.85727788279773,20.162098298676757,36.1348187772036,102.05954631379961,357.66012510622323,11.0,10.199999999999992,12.840000000000007,56.5,321.49159828982044,108,0.2537070325554086,1.0,6.600000000000005,10.379999999999987,36.0,0.09753537899486675,99,18326.78822979409,10442.96262661184,28769.750856405928,7658.199999999999
566,1059,299,17.890510924825406,3.3796033994334276,8.455712936732754,11.667875354107652,48.97308781869688,20.404721435316322,32.0940008151514,102.23984891406988,357.66012510622323,11.0,10.199999999999992,12.840000000000007,56.5,274.2418955465586,108,0.2537070325554086,1.0,6.600000000000005,10.379999999999987,36.0,0.04486219143154346,99,18946.051069390105,9596.106243730268,28542.157313120373,7644.899999999999
567,1040,310,18.22171181696302,3.3451923076923076,8.467307692307696,11.676403846153846,49.050961538461536,20.511923076923093,29.02694725292658,102.35865384615384,357.66012510622323,11.0,10.199999999999992,12.840000000000007,56.5,215.90371028521508,108,0.2521751377135848,1.0,6.600000000000005,10.379999999999987,36.0,0.06684344958477251,99,18950.58028964154,8998.35364840724,27948.93393804878,8039.299999999998
568,1039,287,18.60340050795005,3.3368623676612126,8.479210779595755,11.688565928777667,49.120789220404234,20.499422521655454,27.923642640272963,102.55822906641001,361.1117343672801,11.0,10.199999999999992,12.840000000000007,56.5,222.92334237986307,107,0.2521751377135848,1.0,6.600000000000005,10.379999999999987,36.0,0.027678171108016514,99,19328.9331277601,8014.08543775834,27343.01856551844,7471.5999999999985
569,1048,315,16.319488847886074,3.314885496183206,8.485782442748093,11.6910114503817,49.07585877862596,20.497709923664125,30.79941249406952,102.7614503816794,361.1117343672801,11.0,10.199999999999992,12.840000000000007,56.5,221.92334237986307,107,0.2521751377135848,1.0,6.600000000000005,10.379999999999987,36.0,0.17243481041547137,99,17102.824312584606,9701.814935631899,26804.639248216503,7714.499999999998
570,1016,305,16.88342207010581,3.3868110236220472,8.465748031496068,11.698051181102377,49.080708661417326,20.892618110236224,31.18591235605101,102.95866141732283,341.1815127392315,10.0,10.199999999999992,12.840000000000007,56.5,361.1117343672801,107,0.2536771268305596,1.0,6.600000000000005,10.379999999999987,36.0,0.08595169812483805,99,17153.5568232275,9511.703268595558,26665.26009182306,7314.199999999998
571,1015,321,16.140332682141164,3.440394088669951,8.46433497536946,11.699113300492606,49.05911330049261,20.649359605911346,30.31528875637546,103.15073891625616,224.01311727393798,10.0,9.999999999999993,12.840000000000007,56.5,360.1117343672801,107,0.2536771268305596,1.0,6.600000000000005,10.379999999999987,36.0,0.06037122826842989,99,16382.43767237328,9731.207690796522,26113.645363169802,7118.399999999999
572,1015,308,17.27510089937243,3.446305418719212,8.482068965517243,11.70957635467978,49.118226600985224,20.3551724137931,29.604286949114947,103.31231527093595,341.4311548598288,10.0,9.999999999999993,12.840000000000007,56.5,359.1117343672801,107,0.26654350947565203,1.0,6.600000000000005,10.439999999999987,36.0,0.08595169812483805,99,17534.227412863016,9118.120380327404,26652.34779319042,6407.299999999998
573,1028,295,17.388812317789256,3.46011673151751,8.49961089494164,11.709163424124512,49.16342412451362,19.416245136186767,30.98633566298382,103.5068093385214,358.9863917621928,10.0,9.999999999999993,12.840000000000007,56.5,219.83189437722058,107,0.25606227634820855,1.0,6.600000000000005,10.499999999999988,36.0,0.16222398857815667,100,17875.699062687356,9140.969020580227,27016.668083267585,6389.0999999999985
574,1064,273,17.527778075928108,3.450187969924812,8.506484962406,11.706766917293223,49.232142857142854,19.316729323308284,31.008720408889253,103.68703007518798,341.4311548598288,10.0,10.099999999999993,12.840000000000007,56.5,218.83189437722058,107,0.25606227634820855,1.0,6.600000000000005,10.499999999999988,36.0,0.04780855877508139,100,18649.555872787507,8465.380671626766,27114.936544414275,6515.5999999999985
575,1085,266,16.837604321203024,3.416589861751152,8.50414746543779,11.717751152073713,49.23410138248848,19.847465437788017,31.337758393190988,103.85714285714286,341.4311548598288,10.0,10.099999999999993,12.840000000000007,56.5,224.01311727393798,108,0.25606227634820855,1.0,6.600000000000005,10.619999999999989,35.5,0.22720257442954517,100,18268.800688505282,8335.843732588803,26604.644421094083,7616.199999999998
576,1076,304,15.86539330343331,3.4609665427509295,8.533736059479562,11.71293680297395,49.37918215613383,19.768401486988846,29.490155336114253,104.0585501858736,260.43801997009473,11.0,10.199999999999992,12.840000000000007,57.0,435.44742330824346,109,0.26509280706710747,1.0,6.600000000000005,10.619999999999989,35.5,0.13214048060062566,100,17071.163194494242,8965.007222178732,26036.170416672976,7898.499999999999
577,1035,309,16.474208246565556,3.468599033816425,8.552560386473425,11.72353623188404,49.37149758454106,20.554009661835735,27.89386286425988,104.2647342995169,435.8218864891394,11.0,10.199999999999992,12.900000000000007,57.0,235.3812258861442,109,0.26509280706710747,1.0,6.600000000000005,10.619999999999989,35.5,0.005975500637064979,100,17050.80553519535,8619.203625056303,25670.009160251655,7922.699999999998
578,1042,305,16.351555533333627,3.4606525911708252,8.530230326295596,11.732994241842597,49.18809980806142,20.51362763915544,26.46428343460045,104.45201535508637,260.43801997009473,11.0,10.199999999999992,12.900000000000007,57.0,190.1871486590006,109,0.28217820969529744,1.0,6.600000000000005,10.619999999999989,35.0,0.01615596314995038,101,17038.32086573364,8071.6064475531375,25109.92731328678,7456.399999999999
579,1045,301,16.18750431349283,3.475598086124402,8.540669856459322,11.738526315789466,49.126315789473686,20.44507177033493,27.987787810155336,104.6354066985646,260.43801997009473,11.0,10.199999999999992,12.900000000000007,57.0,164.591254561077,109,0.25021819938884204,1.0,6.600000000000005,10.619999999999989,35.0,0.08491962254836904,102,16915.942007600006,8424.324130856756,25340.266138456762,6980.5999999999985
580,1057,288,16.13413417547686,3.455061494796594,8.539356669820254,11.728438978240282,49.14947965941344,20.583443708609288,31.028524772440303,104.83159886471145,257.313630639195,12.0,10.299999999999992,12.900000000000007,57.0,260.43801997009473,109,0.25021819938884204,1.0,6.600000000000005,10.559999999999988,35.0,0.03397626636742501,102,17053.77982347904,8936.215134462807,25989.994957941846,7089.799999999998
581,1041,290,16.187164771728643,3.365994236311239,8.555427473583082,11.722478386167126,49.273775216138326,21.074063400576364,30.15962227377959,104.98847262247838,271.38867905571215,12.0,10.299999999999992,12.900000000000007,57.0,259.43801997009473,109,0.25021819938884204,1.0,6.600000000000005,10.559999999999988,35.0,0.08558161350650195,102,16850.838527369517,8746.290459396081,25597.128986765598,7659.799999999998
582,1006,320,15.999671340906286,3.3797216699801194,8.568787276341942,11.718787276341951,49.3727634194831,20.815308151093436,28.58191745371584,105.2027833001988,316.78504424173855,12.0,10.299999999999992,12.900000000000007,57.0,258.43801997009473,109,0.25021819938884204,1.0,6.600000000000005,10.559999999999988,35.0,0.0546043729165846,102,16095.669368951723,9146.213585189069,25241.88295414079,7842.799999999998
583,1011,309,16.51659529393024,3.394658753709199,8.573986152324416,11.732640949554881,49.47329376854599,20.673986152324453,27.96791435621329,105.40356083086053,316.78504424173855,12.0,10.299999999999992,12.900000000000007,57.0,256.313630639195,109,0.2752557824141284,1.0,6.500000000000005,10.499999999999988,35.0,0.013160159703003327,102,16698.277842163472,8642.085536069906,25340.363378233378,6754.799999999998
584,1026,307,16.80214306846807,3.4473684210526314,8.567641325536052,11.729590643274843,49.55263157894737,20.03235867446392,27.07500179751968,105.59454191033139,316.78504424173855,12.0,10.299999999999992,12.900000000000007,57.5,246.5295481012955,110,0.3115126865372404,1.0,6.500000000000005,10.499999999999988,34.5,0.04086342297104473,102,17238.99878824824,8312.025551838542,25551.02434008678,6425.499999999998
585,1034,310,17.039500348439077,3.4274661508704063,8.562282398452604,11.73220502901354,49.65522243713733,19.776885880077366,26.059719222467795,105.7852998065764,316.78504424173855,12.0,10.299999999999992,12.840000000000007,57.5,240.82201848241874,110,0.2912614574198747,1.0,6.400000000000006,10.499999999999988,34.5,0.027942294856350358,102,17618.843360286006,8078.512958965016,25697.356319251023,6638.299999999998
586,1054,296,16.76862128829124,3.3994307400379506,8.547343453510441,11.734895635673618,49.592979127134726,19.73235294117644,27.68119606883921,105.97722960151803,247.9145665023688,12.0,10.199999999999992,12.840000000000007,57.5,316.78504424173855,110,0.3115126865372404,1.0,6.400000000000006,10.499999999999988,34.5,0.013209422606214272,103,17674.126837858967,8193.634036376407,25867.760874235373,6763.999999999998
587,1054,283,16.700163736055398,3.383301707779886,8.554269449715356,11.747760910815929,49.62239089184061,20.116318785578734,27.569969398693267,106.14231499051233,247.9145665023688,12.0,10.299999999999992,12.840000000000007,57.5,315.78504424173855,111,0.2564045670938666,1.0,6.400000000000006,10.499999999999988,34.5,0.006604711303107136,103,17601.97257780239,7802.301339830195,25404.273917632585,7107.5999999999985
588,1056,288,16.20897769745486,3.351325757575758,8.557291666666652,11.750113636363633,49.64204545454545,20.29583333333335,27.69847646740613,106.32102272727273,317.4308955732721,12.0,10.299999999999992,12.840000000000007,57.5,234.11286762122734,111,0.2564045670938666,1.0,6.400000000000006,10.499999999999988,34.0,0.03784958428648544,103,17116.680448512332,7977.1612226129655,25093.841671125298,7333.699999999999
589,1059,281,16.485484064476857,3.3371104815864023,8.554107648725202,11.750708215297438,49.7261567516525,21.021340887629854,30.04997893499278,106.48064211520303,241.69110681907978,12.0,10.299999999999992,12.840000000000007,57.5,188.57372592943915,111,0.2564045670938666,1.0,6.400000000000006,10.499999999999988,34.0,0.05356246880984772,103,17458.12762428099,8444.04408073297,25902.171705013963,6933.799999999998
590,1032,310,15.797420701152015,3.2877906976744184,8.566957364341073,11.757325581395342,49.67538759689923,20.683624031007742,29.460020348483017,106.62790697674419,241.69110681907978,12.0,10.299999999999992,12.840000000000007,57.5,304.5592904691481,111,0.25896501195350896,1.0,6.400000000000006,10.499999999999988,34.0,0.013767808637140444,103,16302.93816358888,9132.606308029735,25435.544471618618,7279.5999999999985
591,1051,292,16.150137137879824,3.3254043767840153,8.57450047573738,11.74784015223597,49.74405328258801,20.31883920076118,29.981148701063844,106.75642245480495,241.69110681907978,12.0,10.399999999999991,12.840000000000007,57.5,303.5592904691481,111,0.2595211017156474,1.0,6.400000000000006,10.499999999999988,34.0,0.08016038511853263,103,16973.794131911694,8754.495420710642,25728.289552622336,5924.0999999999985
592,1079,275,15.882642406643832,3.33920296570899,8.585264133456903,11.744930491195527,49.91380908248378,19.99518072289155,32.031097537945804,106.87488415199259,245.88622362762538,12.0,10.399999999999991,12.840000000000007,58.0,302.5592904691481,111,0.2595211017156474,1.0,6.400000000000006,10.499999999999988,35.5,0.21448954268483256,103,17137.371156768695,8808.551822935096,25945.92297970379,5801.699999999999
593,1067,268,16.591935069033276,3.293345829428304,8.578537956888473,11.74813495782567,49.976569821930646,20.79615745079663,30.278641982073385,107.05248359887536,245.88622362762538,13.0,10.399999999999991,12.900000000000007,58.0,301.5592904691481,111,0.2595211017156474,1.0,6.400000000000006,10.499999999999988,35.0,0.03528316643877094,104,17703.594718658507,8114.676051195667,25818.270769854174,7256.499999999998
594,1064,284,16.85341018555516,3.280075187969925,8.588815789473694,11.764342105263138,49.94783834586466,21.265977443609017,25.68365730945415,107.2124060150376,303.2496019724422,13.0,10.399999999999991,12.900000000000007,58.0,167.00742112118485,111,0.2595211017156474,1.0,6.500000000000005,10.499999999999988,35.0,0.2588491900125507,104,17932.02843743069,7294.158675884979,25226.187113315667,7633.899999999999
595,1059,303,16.180379478667298,3.3342776203966005,8.60302171860246,11.766345609065137,50.01510859301228,21.067705382436234,26.048057402331526,107.38810198300283,251.3426846208246,13.0,10.399999999999991,12.900000000000007,57.5,236.86938429036528,112,0.2542201495819011,1.0,6.500000000000005,10.499999999999988,35.0,0.13905376980980488,104,17135.02186790867,7892.561392906452,25027.58326081512,7192.199999999998
596,1071,281,16.134202763040715,3.3716153127917834,8.594117647058827,11.759719887955164,49.97712418300654,21.02268907563021,29.29989941316988,107.54435107376284,165.7465003433707,13.0,10.399999999999991,12.900000000000007,57.5,251.3426846208246,112,0.2542201495819011,1.0,6.800000000000004,10.499999999999988,35.0,0.11689559898532886,104,17279.731159216604,8233.271735100736,25513.00289431734,6406.299999999998
597,1088,279,16.779778563938606,3.391544117647059,8.580882352941167,11.768768382352931,50.028952205882355,20.74889705882356,26.937380226578753,107.75827205882354,237.026367050175,13.0,10.399999999999991,12.900000000000007,57.5,250.3426846208246,112,0.2542201495819011,1.0,6.800000000000004,10.619999999999989,35.0,0.046165016084737776,104,18256.399077565206,7515.529083215472,25771.928160780677,6933.699999999998
598,1064,274,16.974609921723005,3.362781954887218,8.594266917293233,11.779680451127799,49.984022556390975,20.465977443609013,27.951917296729018,107.93796992481202,198.3601325851402,13.0,10.399999999999991,12.900000000000007,57.5,249.3426846208246,112,0.2542201495819011,1.0,6.800000000000004,10.619999999999989,35.0,0.17932323300294284,104,18060.984956713277,7658.825339303751,25719.81029601703,7097.5999999999985
599,1076,268,16.355779569841687,3.3977695167286246,8.604646840148696,11.7752788104089,50.07992565055762,20.871840148698897,30.22041994616155,108.08828996282529,240.63537327400147,13.0,10.399999999999991,12.960000000000008,57.5,248.3426846208246,112,0.25295587694742133,1.0,6.900000000000004,10.619999999999989,35.0,0.4167881038753811,104,17598.818817149655,8099.072545571295,25697.89136272095,7108.0999999999985
600,1094,276,16.253260097218497,3.3976234003656307,8.607038391224872,11.771517367458836,50.01691042047532,21.153382084095067,29.01348762416709,108.25045703839122,294.62255004930574,14.0,10.399999999999991,12.960000000000008,57.5,198.3601325851402,112,0.25295587694742133,1.0,6.900000000000004,10.619999999999989,35.0,0.04752731341006777,105,17781.066546357037,8007.722584270117,25788.789130627156,7513.699999999998
601,1069,303,16.34168612463306,3.45088868101029,8.610383536014975,11.77015902712815,50.08091674462114,21.184097287184276,29.201890655669235,108.44059869036482,255.2227839837024,14.0,10.399999999999991,12.960000000000008,57.5,294.62255004930574,113,0.25295587694742133,1.0,6.900000000000004,10.619999999999989,35.0,0.1184611700275755,105,17469.26246723274,8848.172868667778,26317.435335900518,7819.999999999998
602,1061,295,16.67644466704744,3.390197926484449,8.600094250706873,11.774590009425049,50.11875589066918,20.99622997172476,30.14722912628507,108.626767200754,255.2227839837024,14.0,10.399999999999991,12.960000000000008,57.5,293.62255004930574,114,0.25295587694742133,1.0,6.900000000000004,10.619999999999989,35.0,0.09620649602150788,105,17693.707791737335,8893.432592254096,26587.14038399143,6701.499999999998
603,1060,307,15.997841461365581,3.387735849056604,8.590283018867924,11.783886792452801,50.0627358490566,20.756509433962265,32.9783114447471,108.82830188679246,205.88678203614194,14.0,10.399999999999991,12.960000000000008,57.5,292.62255004930574,114,0.25295587694742133,1.0,6.900000000000004,10.619999999999989,34.5,0.17745589744657786,105,16957.711949047516,10124.341613537359,27082.053562584875,6863.699999999998
604,1086,281,16.59818144530918,3.4318600368324126,8.599999999999996,11.783314917127056,50.069060773480665,20.654051565377532,34.14058916460612,108.9815837937385,212.7528359241213,14.0,10.399999999999991,12.960000000000008,57.5,320.18733813129353,114,0.25196627007497885,1.0,6.900000000000004,10.619999999999989,34.5,0.018943873687435442,105,18025.62504960577,9593.50555525432,27619.13060486009,6386.899999999999
605,1067,315,16.82515516874913,3.4339268978444237,8.622492970946594,11.792108716026233,50.28209934395501,19.90215557638237,31.769930256375126,109.1377694470478,321.1013212498042,14.0,10.399999999999991,12.900000000000007,58.0,237.28932866409275,113,0.25196627007497885,1.0,6.900000000000004,10.619999999999989,34.5,0.00594876951375678,105,17952.440565055324,10007.528030758165,27959.968595813487,7141.799999999998
606,1067,292,17.862971404497255,3.4423617619493907,8.629334582942832,11.788847235238968,50.3439550140581,19.51265229615744,32.34628817554322,109.30365510777882,249.9606674950552,14.0,10.399999999999991,12.900000000000007,58.0,236.28932866409275,113,0.2696324824119035,1.0,6.900000000000004,10.619999999999989,34.5,0.07448863076602219,106,19059.79048859857,9445.116147258621,28504.90663585719,6013.399999999999
607,1120,254,18.355275648484398,3.41875,8.615357142857151,11.788553571428574,50.25535714285714,20.092321428571438,31.16741819190133,109.47946428571429,267.7755978990357,14.0,10.399999999999991,12.960000000000008,58.0,235.28932866409275,114,0.28883461210250816,1.0,6.900000000000004,10.619999999999989,34.5,0.10295627550421838,106,20557.908726302525,7916.524220742938,28474.43294704546,6775.899999999998
608,1097,261,17.618918502304382,3.388331814038286,8.625797629899726,11.774439380127598,50.289425706472194,20.98249772105746,32.74972523577523,109.61896080218779,267.7755978990357,14.0,10.399999999999991,12.960000000000008,58.0,223.37233987737164,114,0.2618676003777018,1.0,6.900000000000004,10.619999999999989,34.5,0.018418433445396953,106,19327.953597027907,8547.678286537335,27875.631883565242,8457.199999999997
609,1083,271,17.858830573867223,3.4007386888273317,8.61939058171746,11.772908587257605,50.253000923361036,21.651246537396112,29.47240405254006,109.77931671283471,272.11409249492397,14.0,10.399999999999991,12.960000000000008,58.5,262.41122395972644,114,0.2618676003777018,1.0,6.900000000000004,10.619999999999989,34.5,0.21622680730915533,107,19341.113511498203,7987.021498238357,27328.135009736558,8261.599999999999
610,1068,308,17.36503430265173,3.3361423220973783,8.622471910112369,11.771348314606747,50.28511235955056,21.293258426966315,28.897349195442242,109.97565543071161,256.2638785134781,14.0,10.499999999999991,12.960000000000008,58.5,272.11409249492397,114,0.2618676003777018,1.0,6.900000000000004,10.619999999999989,34.5,0.14266726330296708,107,18545.856635232045,8900.38355219621,27446.240187428255,7340.799999999998
611,1067,293,17.697870856018636,3.3767572633552017,8.642924086223061,11.753195876288627,50.28444236176195,20.939550140581105,30.212193374994563,110.17244611059044,289.6131696785756,14.0,10.499999999999991,12.960000000000008,58.5,194.92428405006535,115,0.2618676003777018,1.0,6.900000000000004,10.619999999999989,34.5,0.020055774019238193,107,18883.628203371885,8852.172658873407,27735.80086224529,6611.0999999999985
612,1076,278,17.78487118763965,3.3522304832713754,8.64163568773234,11.760278810408922,50.187267657992564,20.758736059479553,32.720288651965625,110.35501858736059,347.0187690086352,13.0,10.499999999999991,12.960000000000008,58.5,289.6131696785756,115,0.2618676003777018,1.0,6.900000000000004,10.619999999999989,34.5,0.3265811826244551,107,19136.521397900262,9096.240245246443,28232.761643146703,6678.699999999998
613,1068,289,17.784715081886763,3.359550561797753,8.618258426966307,11.764044943820222,50.21067415730337,20.766479400749088,31.55054876548776,110.55149812734082,289.69109644281093,13.0,10.499999999999991,13.020000000000008,58.5,347.0187690086352,116,0.2618676003777018,1.0,6.900000000000004,10.619999999999989,34.5,0.12458531036812981,108,18994.075707455064,9118.108593225963,28112.184300681027,7670.299999999997
614,1101,275,18.297467417633413,3.3396911898274295,8.623705722070856,11.745885558583097,50.36784741144414,20.524886466848322,29.644644609209195,110.72842870118075,294.7349877639129,12.0,10.499999999999991,13.020000000000008,58.5,346.0187690086352,116,0.2618676003777018,1.0,6.800000000000004,10.559999999999988,34.5,0.00642572475717218,108,20145.511626814387,8152.277267532529,28297.788894346915,6510.5999999999985
615,1103,282,18.136706115409286,3.343608340888486,8.647144152311874,11.746999093381667,50.465548504079784,20.315684496826826,29.20081375704162,110.92928377153218,345.77161296793224,12.0,10.499999999999991,13.020000000000008,59.0,294.7349877639129,116,0.2618676003777018,1.0,6.800000000000004,10.559999999999988,34.5,0.04845511356926924,108,20004.786845296443,8234.629479485737,28239.416324782178,6843.999999999998
616,1115,275,17.829920972899178,3.3327354260089685,8.647354260089685,11.750367713004477,50.469058295964125,20.51784753363228,30.689624854651946,111.07443946188341,345.77161296793224,12.0,10.399999999999991,13.020000000000008,59.0,293.7349877639129,115,0.2852914624940062,1.0,6.800000000000004,10.559999999999988,34.5,0.04020612717586891,108,19880.361884782582,8439.646835029285,28320.008719811867,6899.299999999998
617,1113,280,17.79602088129893,3.293800539083558,8.64052111410602,11.741401617250656,50.38903863432165,20.708535489667543,32.04444124330215,111.24168912848158,345.77161296793224,12.0,10.399999999999991,13.020000000000008,59.0,292.7349877639129,115,0.26197491197222766,1.0,6.800000000000004,10.559999999999988,34.5,0.18389690081444576,108,19806.97124088571,8972.443548124604,28779.414789010312,7721.299999999998
618,1108,278,17.66736040558957,3.2815884476534296,8.649187725631757,11.731299638989167,50.349729241877256,20.471931407942222,34.143790890507425,111.4043321299639,331.81299463187844,12.0,10.499999999999991,13.020000000000008,59.0,345.77161296793224,116,0.26197491197222766,1.0,6.800000000000004,10.559999999999988,34.5,0.0894257051368057,109,19575.435329393244,9491.973867561064,29067.409196954308,6733.699999999998
619,1133,273,17.711758388132885,3.23036187113857,8.643865842894968,11.727007943512776,50.384819064430715,20.64810238305385,32.409533461783376,111.55251544571932,389.1192981956338,12.0,10.499999999999991,13.020000000000008,59.0,204.16375691620112,116,0.257070392892137,1.0,6.800000000000004,10.559999999999988,34.5,0.028391747392400246,109,20067.42225375456,8847.80263506686,28915.224888821424,6792.699999999998
620,1119,249,18.636148160040847,3.2305630026809653,8.629669347631799,11.73067024128685,50.33780160857909,21.77560321715816,34.17091545077085,111.71671134941913,389.1192981956338,10.0,10.499999999999991,13.020000000000008,59.0,331.81299463187844,116,0.257070392892137,1.0,6.800000000000004,10.499999999999988,34.5,0.07058104755097583,109,20853.849791085708,8508.557947241941,29362.40773832765,7652.999999999998
621,1072,288,18.299537337993243,3.2742537313432836,8.631996268656717,11.726641791044756,50.25606343283582,22.116604477611933,32.06100177868167,111.91044776119404,306.4881598117358,10.0,10.499999999999991,12.960000000000008,59.0,389.1192981956338,116,0.257070392892137,1.0,6.900000000000004,10.499999999999988,35.5,0.06908927672507104,109,19617.104026328758,9233.56851226032,28850.67253858908,8792.899999999998
622,1063,292,18.409979315381033,3.305738476011289,8.63424270931325,11.726415804327365,50.23659454374412,21.73330197554091,32.65359197323088,112.08184383819379,389.1203444063624,10.0,10.499999999999991,12.960000000000008,59.0,329.81299463187844,117,0.26149960732327704,1.0,6.900000000000004,10.499999999999988,35.5,0.21570377072321012,109,19569.80801225004,9534.848856183417,29104.656868433456,6814.699999999998
623,1077,288,18.541516453440202,3.341689879294336,8.648560817084478,11.731030640668509,50.20519962859796,21.273723305478214,32.30679601028866,112.26462395543176,389.1203444063624,10.0,10.499999999999991,12.960000000000008,59.0,328.81299463187844,117,0.25050894925056877,1.0,6.900000000000004,10.499999999999988,35.5,0.07682495714461002,109,19969.213220355097,9304.357250963134,29273.57047131823,6847.799999999998
624,1072,304,16.9179854916072,3.3694029850746268,8.65205223880597,11.735373134328357,50.32602611940298,20.945802238805978,37.17800817550513,112.47014925373135,329.06543234650235,10.0,10.499999999999991,12.960000000000008,59.0,281.6466971509303,117,0.25050894925056877,1.0,6.900000000000004,10.499999999999988,36.0,0.006876004911587241,109,18136.080447002918,11302.114485353559,29438.194932356477,7114.399999999999
625,1076,287,18.231999591446783,3.3382899628252787,8.655483271375454,11.735130111524168,50.385223048327134,20.759572490706315,34.75467236757302,112.66171003717471,367.7400289365018,10.0,10.499999999999991,12.840000000000007,59.0,329.06543234650235,117,0.25050894925056877,1.0,6.900000000000004,10.499999999999988,36.0,0.042531385085837314,109,19617.631560396738,9974.590969493458,29592.222529890198,6970.999999999998
626,1090,289,18.49232406751635,3.3678899082568807,8.66311926605503,11.716954128440355,50.3697247706422,20.691559633027516,32.411089548934314,112.85688073394495,367.7400289365018,10.0,10.499999999999991,12.840000000000007,59.0,193.5070246595031,117,0.25050894925056877,1.0,6.900000000000004,10.499999999999988,36.0,0.036186907655039846,110,20156.63323359282,9366.804879642017,29523.438113234835,7082.999999999998
627,1078,287,19.182516519813877,3.3766233766233764,8.673098330241178,11.70640074211503,50.473098330241186,21.554174397031545,31.88914770542723,113.0417439703154,367.7400289365018,10.0,10.499999999999991,12.840000000000007,59.0,188.47339876278434,117,0.25050894925056877,1.0,6.900000000000004,10.499999999999988,36.0,0.18589160909614266,110,20678.75280835936,9152.185391457615,29830.938199816977,7632.799999999998
628,1083,295,19.50004116336984,3.3471837488457985,8.679593721144954,11.706038781163421,50.536934441366576,21.41283471837487,29.12465167333474,113.20406278855032,367.7400289365018,11.0,10.59999999999999,12.900000000000007,59.0,187.47339876278434,117,0.26116236745391386,1.0,6.900000000000004,10.499999999999988,36.0,0.04982391651059492,110,21118.544579929538,8591.772243633748,29710.316823563284,7503.499999999998
629,1086,292,18.853438531388147,3.358195211786372,8.684254143646399,11.725801104972378,50.459944751381215,20.651565377532236,31.631502925562565,113.38581952117863,225.785397493032,11.0,10.59999999999999,12.900000000000007,59.0,312.8802935069349,118,0.26116236745391386,1.0,6.900000000000004,10.499999999999988,36.0,0.0153379290594442,110,20474.834245087528,9236.39885426427,29711.233099351797,6665.899999999998
630,1101,287,18.92408502959512,3.309718437783833,8.69164396003631,11.733950953678473,50.44777475022707,20.022888283378748,31.302290275004083,113.54768392370572,317.508335134273,11.0,10.59999999999999,12.900000000000007,59.0,206.3106944102992,118,0.25095862056621526,1.0,6.900000000000004,10.499999999999988,36.0,0.008832678201282196,110,20835.417617584226,8983.757308926171,29819.174926510397,6626.999999999998
631,1131,269,19.10754465262652,3.3076923076923075,8.69840848806365,11.747374005305035,50.47524314765694,20.407869142351917,31.391441044407525,113.70380194518125,317.508335134273,11.0,10.59999999999999,12.900000000000007,59.0,184.04198387461193,118,0.25095862056621526,1.0,6.900000000000004,10.499999999999988,36.5,0.1454046268123914,110,21610.633002120594,8444.297640945624,30054.93064306622,6407.999999999998
632,1141,271,18.94070447200832,3.281332164767748,8.695880806310246,11.746643295354945,50.53680981595092,20.804031551270807,31.1344761788858,113.85451358457493,325.133051939153,11.0,10.59999999999999,12.900000000000007,58.5,254.2830465081039,118,0.25095862056621526,1.0,7.200000000000003,10.499999999999988,36.5,0.0007291857181050965,110,21611.343802561492,8437.443044478052,30048.786847039544,7239.399999999998
633,1129,265,19.209105156209503,3.303808680248007,8.708237378210802,11.740921169176264,50.54605845881311,21.086625332152312,32.42816119444299,114.01771479185119,365.8067684870729,11.0,10.59999999999999,12.900000000000007,59.0,253.2830465081039,118,0.2629504502895007,1.0,7.200000000000003,10.499999999999988,36.5,0.26374689460541934,111,21687.07972136053,8593.462716527392,30280.54243788792,7010.699999999998
634,1147,258,19.399889334878033,3.3138622493461205,8.71176983435048,11.733164777680892,50.509154315605926,21.429468177855263,30.922261228323592,114.14559721011334,368.47105457493046,11.0,10.59999999999999,12.840000000000007,59.0,318.4328493615223,118,0.2629504502895007,1.0,7.200000000000003,10.499999999999988,36.5,0.028432429478386867,111,22251.673067105105,7977.943396907487,30229.616464012593,7375.499999999997
635,1117,273,19.221183842039814,3.3008057296329456,8.70966875559533,11.740716204118174,50.461504028648164,22.256311548791402,32.7227625550232,114.30707251566696,368.47105457493046,11.0,10.59999999999999,12.840000000000007,59.0,325.133051939153,118,0.2577780123350931,1.0,7.200000000000003,10.499999999999988,36.5,0.30963342830451634,111,21470.062351558474,8933.314177521333,30403.376529079807,8238.699999999997
636,1100,301,18.227294256590366,3.307272727272727,8.702818181818158,11.74009090909091,50.44227272727273,22.434727272727258,32.99831230720757,114.50090909090909,324.658952839732,11.0,10.499999999999991,12.900000000000007,59.0,368.47105457493046,119,0.2577780123350931,1.0,7.100000000000003,10.499999999999988,36.5,0.1471641092726994,111,20050.0236822494,9932.492004469479,29982.515686718878,8518.799999999997
637,1075,322,18.63119255067868,3.346046511627907,8.716465116279068,11.733432558139532,50.426511627906976,21.816372093023247,31.855464779101712,114.6706976744186,324.658952839732,11.0,10.499999999999991,12.900000000000007,58.0,367.47105457493046,119,0.2577780123350931,1.0,7.100000000000003,10.499999999999988,36.5,0.015506074886246779,111,20028.53199197958,10257.459658870752,30285.99165085033,7088.899999999998
638,1066,302,18.614075230490183,3.3161350844277675,8.70769230769231,11.733433395872412,50.42729831144465,21.766510318949337,37.09041998014821,114.81332082551594,324.658952839732,11.0,10.499999999999991,12.900000000000007,58.0,366.47105457493046,119,0.25575968603789173,1.0,7.100000000000003,10.499999999999988,36.5,0.05906459403294573,112,19842.604195702534,11201.30683400476,31043.91102970729,6530.199999999998
639,1071,297,19.611079400305417,3.312791783380019,8.726984126984126,11.730084033613442,50.41783380018674,21.33697478991593,34.76259850427328,114.96358543417367,384.1049280135239,10.0,10.499999999999991,12.900000000000007,58.0,221.78593399049151,119,0.2577780123350931,1.0,7.100000000000003,10.499999999999988,36.5,0.17333967624494284,112,21003.466037727103,10324.491755769164,31327.957793496265,6577.299999999998
640,1070,296,20.952447449182905,3.296261682242991,8.718037383177577,11.718336448598134,50.32757009345794,20.81971962616821,31.146375269850136,115.12242990654205,384.1049280135239,10.0,10.499999999999991,12.900000000000007,58.0,220.78593399049151,119,0.2577780123350931,1.0,7.100000000000003,10.499999999999988,36.5,0.24667061028759152,112,22419.118770625708,9219.32707987564,31638.445850501346,6446.099999999998
641,1094,274,20.668450289705575,3.302559414990859,8.708409506398542,11.721992687385733,50.22851919561243,21.175502742230364,34.27920902406719,115.3071297989031,414.8290910299972,10.0,10.499999999999991,12.900000000000007,58.0,182.00775303744314,120,0.2651858550794239,1.0,7.100000000000003,10.499999999999988,37.0,0.10477705523033176,112,22611.2846169379,9392.503272594411,32003.787889532312,6796.999999999998
642,1076,288,20.2338541384077,3.315985130111524,8.695539033457253,11.725706319702597,50.30436802973978,21.002973977695163,35.87822840734199,115.48048327137546,414.8290910299972,10.0,10.499999999999991,12.840000000000007,58.0,317.88390626879857,121,0.2651858550794239,1.0,7.100000000000003,10.439999999999987,37.0,0.09016101576178714,112,21771.627052926684,10332.929781314493,32104.55683424118,7359.099999999998
643,1066,290,21.55833189582906,3.310506566604128,8.69005628517824,11.731632270168832,50.412757973733584,20.335178236397752,32.77661392439297,115.64071294559099,414.8290910299972,10.0,10.499999999999991,12.840000000000007,58.0,309.037701005931,121,0.2771074777574527,1.0,7.100000000000003,10.439999999999987,37.0,0.16410588468217524,112,22981.18180095378,9505.218038073961,32486.39983902774,6550.5999999999985
644,1074,294,20.619201801195228,3.335195530726257,8.693854748603364,11.728212290502793,50.58100558659218,19.531657355679712,35.37899733488354,115.8026070763501,318.2279787427749,10.0,10.499999999999991,12.900000000000007,58.0,308.037701005931,121,0.2771074777574527,1.0,7.200000000000003,10.439999999999987,36.5,0.016045336499804996,113,22145.022734483675,10401.425216455762,32546.447950939437,6199.799999999998
645,1114,260,21.43608075125995,3.3563734290843805,8.692998204667852,11.72687612208258,50.67010771992819,19.58680430879713,32.916943212305775,115.99012567324955,322.2279787427749,10.0,10.499999999999991,12.900000000000007,57.5,293.2967167465978,121,0.26265851471934754,1.0,7.200000000000003,10.439999999999987,36.5,0.02142533854369688,113,23879.793956903584,8558.405235199501,32438.199192103086,6343.699999999998
646,1108,273,21.026116926489415,3.407942238267148,8.707129963898916,11.734277978339325,50.713447653429604,20.277527075812262,32.69522891565845,116.16696750902527,322.2279787427749,10.0,10.499999999999991,12.900000000000007,57.5,292.2967167465978,121,0.26265851471934754,1.0,7.200000000000003,10.439999999999987,36.5,0.16666459283131974,113,23296.93755455027,8925.797493974756,32222.735048525028,8055.299999999997
647,1111,273,20.00319336408964,3.424842484248425,8.721782178217824,11.736129612961287,50.80963096309631,20.52772277227724,36.60033861917579,116.36093609360937,200.88896981120908,11.0,10.499999999999991,12.900000000000007,58.0,326.2279787427749,121,0.26265851471934754,1.0,7.200000000000003,10.439999999999987,36.5,0.1619362073185613,113,22223.54782750359,9991.89244303499,32215.44027053858,7897.999999999998
648,1124,264,20.241052396725138,3.4279359430604983,8.71806049822064,11.755409252669029,50.90925266903915,20.849377224199305,35.8909541371612,116.4982206405694,371.19478484776334,11.0,10.499999999999991,12.900000000000007,58.0,325.2279787427749,121,0.26265851471934754,1.0,7.200000000000003,10.499999999999988,36.5,0.1542158157905833,114,22750.942893919055,9475.211892210558,32226.154786129613,7509.699999999998
649,1116,279,20.597358495339268,3.4274193548387095,8.730824372759866,11.73795698924731,50.9336917562724,21.271057347670258,33.453385346272135,116.6415770609319,371.19478484776334,11.0,10.499999999999991,12.900000000000007,58.0,324.2279787427749,121,0.26265851471934754,1.0,7.200000000000003,10.499999999999988,37.0,0.0275130772641341,114,22986.652080798624,9333.494511609926,32320.14659240855,7506.499999999997
650,1106,299,19.959802991494087,3.453887884267631,8.718264014466564,11.729240506329083,50.9380650994575,21.006690777576843,34.66417753380392,116.81555153707052,371.19478484776334,11.0,10.499999999999991,12.900000000000007,58.5,323.2279787427749,122,0.26265851471934754,1.0,7.200000000000003,10.499999999999988,37.0,0.017094332102363996,114,22075.54210859246,10364.589082607374,32440.131191199835,7109.599999999998
651,1099,276,21.605636482447935,3.4467697907188355,8.716014558689716,11.72473157415831,50.93357597816197,20.943585077343037,32.36447147698874,116.95450409463149,326.5385693724269,11.0,10.499999999999991,12.900000000000007,58.5,169.38193481273436,122,0.26265851471934754,1.0,7.200000000000003,10.499999999999988,41.5,0.03418866420472799,114,23744.59449421028,8932.594127648892,32677.18862185917,6672.199999999998
652,1108,275,20.33625770784974,3.407942238267148,8.714259927797839,11.72956678700361,50.98781588447653,21.47256317689535,35.65613910597141,117.10649819494584,319.7383169625507,11.0,10.499999999999991,12.960000000000008,58.5,296.8131417710172,122,0.26265851471934754,1.0,7.200000000000003,10.499999999999988,41.5,0.059352119468629505,114,22532.57354029751,9805.438254142138,32338.011794439648,7341.899999999998
653,1097,290,20.01218565838792,3.381039197812215,8.704102096627174,11.724229717411118,51.070647219690066,21.576845943482216,35.817716182015914,117.28350045578851,319.7383169625507,11.0,10.499999999999991,12.960000000000008,59.0,295.8131417710172,122,0.26265851471934754,1.0,7.200000000000003,10.499999999999988,41.5,0.29133587151926355,114,21953.36766725155,10387.137692784616,32340.505360036164,7345.499999999998
654,1086,301,20.20384002742034,3.395948434622468,8.700920810313091,11.720939226519342,51.23572744014733,22.255801104972367,35.658792154766196,117.45580110497238,319.7383169625507,11.0,10.499999999999991,12.960000000000008,59.0,294.8131417710172,122,0.26265851471934754,1.0,7.200000000000003,10.559999999999988,41.5,0.018654289595954943,114,21941.37026977849,10733.296438584624,32674.666708363115,7694.499999999998
655,1061,316,21.0919506278421,3.3967954759660697,8.715268614514619,11.713741753063143,51.29688972667295,21.90735155513665,33.99511291297287,117.63242224316683,319.7383169625507,12.0,10.499999999999991,12.960000000000008,59.0,313.86498965666823,122,0.26265851471934754,1.0,7.100000000000003,10.559999999999988,41.5,0.05418358052846628,114,22378.55961614047,10742.455680499426,33121.0152966399,7403.599999999998
656,1070,306,21.081413448922024,3.377570093457944,8.711775700934588,11.707626168224298,51.25373831775701,21.52242990654205,35.31690510878453,117.80747663551402,295.5778382942723,12.0,10.499999999999991,12.960000000000008,59.0,323.5524065465917,123,0.2673777303991172,1.0,7.100000000000003,10.559999999999988,41.0,0.054763102088007276,114,22557.112390346567,10806.972963288066,33364.08535363463,6823.799999999998
657,1102,279,21.68722843032029,3.4001814882032666,8.7125226860254,11.705335753176033,51.20009074410164,21.137840290381135,34.34985851080613,118.00090744101634,334.1165059806858,12.0,10.499999999999991,12.960000000000008,59.0,311.86498965666823,123,0.2673777303991172,1.0,7.0000000000000036,10.559999999999988,41.0,0.012808021005002557,114,23899.325730212957,9583.61052451491,33482.936254727865,6613.499999999998
658,1071,309,21.199895748379213,3.4444444444444446,8.697665732959855,11.708403361344539,51.0233426704015,20.46844070961716,34.53887156447043,118.20541549953315,312.474695494555,12.0,10.499999999999991,12.960000000000008,59.0,334.1165059806858,124,0.271281890066735,1.0,7.0000000000000036,10.559999999999988,41.0,0.14685046591020035,115,22705.088346514138,10672.511313421364,33377.5996599355,7386.999999999998
659,1088,302,20.95636426428536,3.4715073529411766,8.712040441176477,11.702205882352942,51.104319852941174,20.54237132352943,36.01339739107355,118.38970588235294,334.8740206369507,12.0,10.399999999999991,12.960000000000008,58.5,297.94300349190485,124,0.271281890066735,1.0,7.0000000000000036,10.559999999999988,41.0,0.039742063723668064,115,22800.52431954247,10876.046012104212,33676.57033164668,6890.799999999998
660,1087,275,21.237944006479676,3.4940202391904323,8.717111315547376,11.702042318307273,51.07865685372585,21.036154553817866,39.7562788655042,118.57405703771849,312.474695494555,12.0,10.399999999999991,12.960000000000008,58.5,383.70243134608967,124,0.275219585667793,1.0,7.0000000000000036,10.559999999999988,41.0,0.07951481960821205,115,23085.645135043407,10932.976688013656,34018.62182305707,7332.999999999998
661,1093,297,21.58047589136551,3.505946935041171,8.735864592863676,11.702854528819758,51.054894784995426,21.442177493138157,35.834701091011816,118.76944190301921,384.0303454371601,12.0,10.399999999999991,12.900000000000007,59.0,244.75530320866378,124,0.275219585667793,1.0,7.100000000000003,10.559999999999988,41.0,0.06892348004858584,115,23587.4601492625,10642.90622403051,34230.366373293014,7728.399999999998
662,1089,300,21.61793426543314,3.4839302112029387,8.741597796143258,11.713168044077129,51.182736455463726,20.776675849403137,34.62189315368305,118.91000918273646,312.474695494555,12.0,10.399999999999991,12.900000000000007,59.0,281.20887655129627,124,0.2704797677788928,1.0,7.100000000000003,10.559999999999988,41.0,0.28768562163820205,115,23541.93041505669,10386.567946104913,33928.498361161604,6785.499999999998
663,1115,278,22.281987737922456,3.523766816143498,8.750493273542586,11.709201793721963,51.23946188340807,21.072556053811667,33.730049895694975,119.06547085201794,312.474695494555,12.0,10.399999999999991,12.900000000000007,59.0,250.2603505405246,125,0.2704797677788928,1.0,7.100000000000003,10.499999999999988,41.0,0.2788367855914109,116,24844.41632778354,9376.953871003203,34221.37019878674,6698.399999999998
664,1107,300,20.501760872119696,3.5121951219512195,8.756639566395659,11.69571815718155,51.21047877145438,21.018879855465183,38.96805642429033,119.23848238482385,282.6367446698201,12.0,10.399999999999991,12.900000000000007,59.0,312.474695494555,125,0.2704797677788928,1.0,7.0000000000000036,10.499999999999988,41.0,0.11009863119014951,116,22695.449285436505,11690.4169272871,34385.8662127236,7841.299999999997
665,1096,289,22.30731104664163,3.542883211678832,8.741240875912403,11.703175182481745,51.325273722627735,20.916970802919707,34.67202773379314,119.38959854014598,328.0351518498611,12.0,10.399999999999991,12.900000000000007,59.0,233.70754078726745,125,0.2704797677788928,1.0,7.0000000000000036,10.499999999999988,40.5,0.048319502803949366,116,24448.812907119227,10020.216015066218,34469.02892218545,7052.399999999998
666,1127,268,21.873650556503698,3.6157941437444543,8.746850044365548,11.70436557231588,51.31810115350488,20.98207630878436,35.6802594008398,119.58030168589175,380.75435072523885,12.0,10.399999999999991,12.900000000000007,59.0,232.70754078726745,125,0.2551375052507766,1.0,7.0000000000000036,10.499999999999988,40.5,0.20425628136271223,116,24651.604177179666,9562.309519425067,34213.91369660474,6919.699999999998
667,1146,249,22.11352097190724,3.5959860383944156,8.74310645724257,11.711570680628277,51.25785340314136,21.20165794066318,36.51305398138105,119.69284467713787,380.75435072523885,12.0,10.399999999999991,12.900000000000007,59.0,231.71178821442703,125,0.2551375052507766,1.0,7.0000000000000036,10.499999999999988,40.5,0.14272378517623152,116,25342.095033805694,9091.750441363882,34433.845475169575,6771.099999999998
668,1133,268,22.16784331102748,3.6575463371579877,8.745542806707858,11.69724624889674,51.27449249779347,21.80582524271845,34.04324762148928,119.85260370697264,380.75435072523885,12.0,10.399999999999991,12.900000000000007,59.0,230.71178821442703,126,0.2551375052507766,1.0,7.0000000000000036,10.499999999999988,40.5,0.1161748386647492,116,25116.166471394135,9123.590362559127,34239.75683395326,8364.899999999998
669,1114,281,22.15360073676896,3.654398563734291,8.757540394973057,11.688797127468588,51.32585278276481,22.46804308797129,34.171768385860176,120.01077199281868,256.3605831793571,12.0,10.399999999999991,12.900000000000007,59.0,380.75435072523885,126,0.2507134741858944,1.0,7.0000000000000036,10.499999999999988,40.5,0.04110004200621287,117,24679.111220760624,9602.26691642671,34281.378137187334,8027.199999999998
670,1091,313,21.605846705207597,3.7176901924839596,8.752795600366637,11.678991750687437,51.326764436296976,21.85967002749768,33.427261991535154,120.18698441796516,386.58447421400973,12.0,10.399999999999991,12.900000000000007,59.0,255.07129469772207,126,0.2507134741858944,1.0,7.0000000000000036,10.499999999999988,40.5,0.08659493454199252,117,23571.97875538149,10462.733003350504,34034.711758731995,7641.799999999997
671,1095,294,20.5261031161281,3.7296803652968036,8.74849315068491,11.680164383561644,51.27442922374429,21.620639269406393,39.815773476735856,120.35433789954338,229.2295908928429,12.0,10.399999999999991,12.900000000000007,59.0,254.07129469772207,126,0.2507134741858944,1.0,7.0000000000000036,10.499999999999988,40.5,0.0532724314854609,117,22476.08291216027,11705.837402160341,34181.92031432061,6806.399999999998
672,1095,302,21.38603758400474,3.7004566210045664,8.747579908675783,11.691178082191769,51.327397260273976,20.896164383561658,35.39038184889851,120.53881278538813,256.1975153152555,11.0,10.499999999999991,12.960000000000008,59.0,212.46674753487648,126,0.30315066175768013,1.0,7.0000000000000036,10.499999999999988,40.5,0.10881827659265086,117,23417.71115448519,10687.89531836735,34105.60647285254,6913.199999999998
673,1126,264,22.019798418864664,3.698046181172291,8.751776198934277,11.687158081705144,51.33081705150977,21.291030195381865,35.69298149372644,120.67939609236234,221.33156515661517,11.0,10.499999999999991,12.960000000000008,59.0,203.16164147168075,126,0.25243824258006503,1.0,6.900000000000004,10.439999999999987,40.0,0.2130897259418436,117,24794.293019641613,9422.94711434378,34217.2401339854,6598.899999999998
674,1112,277,21.169676871254904,3.6906474820143886,8.760071942446045,11.685971223021594,51.42940647482014,21.540017985611524,35.84373544958357,120.85431654676259,221.33156515661517,11.0,10.499999999999991,12.960000000000008,59.0,220.02508489293683,127,0.25222156592608314,1.0,6.900000000000004,10.439999999999987,40.0,0.04216506684872079,117,23540.680680835452,9928.714719534648,33469.3954003701,8332.699999999997
675,1110,295,20.097439435132767,3.6945945945945944,8.76513513513514,11.697837837837827,51.48243243243243,21.421801801801813,36.95683991293869,121.03873873873874,235.71765261572654,11.0,10.499999999999991,12.960000000000008,59.0,264.4554642211456,127,0.25222156592608314,1.0,6.900000000000004,10.439999999999987,40.0,0.13061925955770448,117,22308.157772997372,10902.267774316913,33210.425547314284,7869.899999999998
676,1098,310,19.657751293951396,3.658469945355191,8.753734061930782,11.704590163934434,51.47950819672131,21.419489981785066,37.67987824503978,121.23406193078324,282.0744637217507,11.0,10.499999999999991,12.960000000000008,59.0,188.36854871719913,128,0.25222156592608314,1.0,6.900000000000004,10.439999999999987,40.0,0.018588038394430795,118,21584.210920758633,11680.762255962332,33264.97317672097,7426.699999999998
677,1090,323,19.83472307656419,3.6229357798165136,8.75752293577982,11.703412844036734,51.56100917431193,21.835137614678885,36.74455176487891,121.3605504587156,392.3087577441702,11.0,10.499999999999991,12.960000000000008,59.0,363.88740858226583,128,0.25222156592608314,1.0,6.900000000000004,10.439999999999987,39.5,0.04159692757427691,118,21619.84815345497,11868.49022005589,33488.33837351086,7833.599999999998
678,1082,330,21.123789178349647,3.590573012939002,8.756007393715342,11.709316081330883,51.593345656192234,22.267282809611846,32.31557049023479,121.5101663585952,460.1127631732288,11.0,10.499999999999991,12.960000000000008,59.0,196.20455481021676,128,0.25243824258006503,1.0,7.0000000000000036,10.439999999999987,39.5,0.018588038394430795,118,22855.939890974318,10664.13826177748,33520.0781527518,7689.799999999997
679,1047,326,21.174871734579103,3.5377268385864373,8.759312320916907,11.709054441260767,51.583572110792744,22.85281757402099,33.80206351652332,121.64565425023878,460.1127631732288,11.0,10.499999999999991,12.960000000000008,59.0,282.0744637217507,128,0.25243824258006503,1.0,7.0000000000000036,10.439999999999987,39.0,0.16636372602616945,118,22170.09070610432,11019.472706386601,33189.56341249093,8501.099999999997
680,1008,367,21.818028149324125,3.550595238095238,8.773115079365073,11.703630952380957,51.52876984126984,21.5237103174603,30.998197404153952,121.83035714285714,460.1127631732288,12.0,10.499999999999991,13.020000000000008,59.0,233.59835674639106,128,0.25243824258006503,1.0,7.0000000000000036,10.559999999999988,39.0,0.001522819174653245,118,21992.572374518717,11376.3384473245,33368.910821843216,7682.099999999998
681,1034,321,21.531788040241185,3.534816247582205,8.778723404255322,11.712882011605428,51.53771760154739,20.872243713733056,35.39119470225083,122.0,414.36208610713913,12.0,10.499999999999991,13.020000000000008,59.0,460.1127631732288,129,0.25243824258006503,1.0,7.0000000000000036,10.559999999999988,38.5,0.052475785477168246,118,22263.868833609384,11360.573499422517,33624.4423330319,6055.999999999998
682,1061,316,20.498961483436933,3.522148916116871,8.776625824693674,11.718152686145151,51.5315739868049,20.44505183788879,37.89757869430622,122.16399622997173,414.36208610713913,12.0,10.499999999999991,13.020000000000008,59.0,459.1127631732288,129,0.25243824258006503,1.0,7.0000000000000036,10.559999999999988,38.5,0.10458774033480145,118,21749.398133926585,11975.634867400766,33725.03300132735,6851.599999999998
683,1093,301,20.418150130164086,3.5580969807868255,8.759103385178404,11.716578225068616,51.39295516925892,20.868618481244276,38.51984946035329,122.4007319304666,459.41910182096956,12.0,10.499999999999991,13.020000000000008,59.0,414.36208610713913,129,0.25510422200818306,1.0,7.0000000000000036,10.559999999999988,38.5,0.040039348769916216,119,22317.038092269348,11594.47468756634,33911.512779835684,7360.199999999997
684,1059,306,22.7432234685015,3.6015108593012277,8.760434372049106,11.712634560906528,51.418319169027384,20.994523135033063,30.02283960873965,122.57412653446647,459.41910182096956,12.0,10.499999999999991,13.020000000000008,59.0,224.93785276466554,129,0.25510422200818306,1.0,7.0000000000000036,10.559999999999988,38.5,0.12076045954551784,119,24085.07365314309,9186.988920274332,33272.062573417425,8119.299999999997
685,1066,306,20.969351386635076,3.6679174484052535,8.765947467166985,11.720037523452158,51.42401500938087,20.989399624765447,35.28514004972652,122.75422138836772,420.82762407169776,12.0,10.499999999999991,13.020000000000008,59.0,317.42827340559654,130,0.25510422200818306,1.0,7.200000000000003,10.559999999999988,38.5,0.10949963472944368,119,22353.328578152992,10797.252855216315,33150.581433369305,7641.099999999998
686,1077,333,20.815443511759064,3.6722376973073354,8.780965645311053,11.71944289693593,51.5,21.50185701021358,32.6633698265513,122.95543175487465,470.5193156182501,12.0,10.499999999999991,13.020000000000008,59.0,210.07921398018144,130,0.2695522885611106,1.0,7.200000000000003,10.559999999999988,39.5,0.003244273559528388,119,22418.23266216451,10876.902152241584,33295.1348144061,7979.799999999997
687,1049,341,21.26420453059956,3.6835081029551953,8.774261201143958,11.726939942802682,51.59771210676835,22.466920877025736,33.518417226093455,123.11248808388942,470.5193156182501,12.0,10.399999999999991,13.020000000000008,59.0,277.23457058446655,130,0.2695522885611106,1.0,7.200000000000003,10.559999999999988,39.5,0.04321591709712447,120,22306.150552598938,11429.780274097868,33735.93082669681,8131.199999999998
688,1011,370,19.213493766390794,3.71513353115727,8.785855588526228,11.74765578635015,51.647378832838776,22.956973293768538,37.65172796774669,123.23936696340257,281.5254087512355,12.0,10.399999999999991,13.020000000000008,59.0,470.5193156182501,130,0.27614693508370036,1.0,7.200000000000003,10.559999999999988,40.0,0.04784381670057902,120,19424.842197821094,13931.139348066274,33355.98154588736,8668.799999999997
689,997,374,21.91583182925912,3.7051153460381143,8.782246740220666,11.74116349047141,51.68605817452357,22.1244734202608,32.28701412576892,123.39317953861585,473.25208460052943,11.0,10.399999999999991,13.020000000000008,59.0,279.6208205307976,130,0.25474860297428265,1.0,7.200000000000003,10.559999999999988,40.0,0.029864339578812515,120,21850.08433377134,12075.343283037575,33925.42761680891,6873.199999999998
690,987,379,21.085405020697028,3.6980749746707193,8.77598784194528,11.749179331307001,51.775075987841944,21.391388044579536,35.69810341185863,123.49240121580547,473.25208460052943,11.0,10.399999999999991,13.020000000000008,59.0,257.03921130966876,130,0.25474860297428265,1.0,7.200000000000003,10.559999999999988,40.0,0.02406220980462348,120,20811.294755427967,13529.581193094422,34340.875948522385,6737.799999999997
691,1048,333,20.626176585855852,3.7385496183206106,8.75124045801527,11.748320610687038,51.74618320610687,20.29933206106868,38.456134086800276,123.6956106870229,383.79432689626685,11.0,10.399999999999991,13.020000000000008,59.0,473.25208460052943,131,0.25474860297428265,1.0,7.100000000000003,10.499999999999988,40.0,0.012974429821755562,120,21616.233061976935,12805.892650904492,34422.125712881425,5041.5999999999985
692,1082,296,22.382023974916308,3.7384473197781887,8.747966728280959,11.746913123844749,51.67144177449168,20.398613678373383,35.68354549425812,123.84288354898337,383.79432689626685,11.0,10.399999999999991,13.020000000000008,59.0,472.25208460052943,131,0.25474860297428265,1.0,7.0000000000000036,10.499999999999988,40.0,0.13032436170572836,121,24217.349940859443,10562.329466300404,34779.67940715985,6565.299999999998
693,1086,292,22.196217872573545,3.716390423572744,8.761325966850832,11.741767955801112,51.66942909760589,19.996777163904234,37.07294490964478,123.99447513812154,485.6560437630915,11.0,10.399999999999991,12.960000000000008,59.0,310.2466776567393,131,0.25474860297428265,1.0,7.0000000000000036,10.439999999999987,40.0,0.0955937651538108,121,24105.09260961487,10825.299913616276,34930.392523231145,6860.399999999998
694,1114,278,22.53590068448233,3.712746858168761,8.759784560143633,11.745673249551167,51.75134649910233,20.466157989227998,35.31745415139975,124.17504488330341,485.6560437630915,11.0,10.399999999999991,12.960000000000008,59.5,309.2466776567393,131,0.25474860297428265,1.0,7.0000000000000036,10.439999999999987,40.0,0.0016692782333800338,121,25104.993362513313,9818.252254089131,34923.24561660244,6743.499999999998
695,1117,269,22.8557889204042,3.704565801253357,8.755326768128922,11.75666965085051,51.76320501342883,20.626141450313337,34.92434703647257,124.33840644583707,485.6560437630915,11.0,10.399999999999991,12.960000000000008,59.5,308.2466776567393,132,0.25474860297428265,1.0,7.0000000000000036,10.439999999999987,40.0,0.2501499000727909,121,25529.916224091492,9394.64935281112,34924.56557690261,7078.999999999998
696,1129,267,20.98039948426161,3.6953055801594332,8.758458813108934,11.751975199291422,51.77457927369353,20.526395039858258,43.43046121730087,124.511071744907,485.6560437630915,11.0,10.399999999999991,12.900000000000007,59.5,340.76528956144716,132,0.25474860297428265,1.0,7.0000000000000036,10.379999999999987,39.5,0.17523991542612105,121,23686.87101773136,11595.933145019333,35282.80416275069,6774.199999999998
697,1114,270,22.777459092343378,3.6983842010771992,8.766786355475748,11.74421903052065,51.68985637342909,20.973698384201064,35.44801618617658,124.6822262118492,485.6560437630915,11.0,10.399999999999991,12.900000000000007,59.5,320.4982263624907,132,0.25474860297428265,1.0,7.0000000000000036,10.379999999999987,39.5,0.2515091473902811,121,25374.089428870524,9570.964370267677,34945.0537991382,7823.099999999998
698,1119,286,21.318651224561414,3.67828418230563,8.766577301161762,11.760107238605896,51.8248436103664,21.30259159964254,38.37232932703702,124.82305630026809,415.44680808655744,11.0,10.399999999999991,12.900000000000007,59.5,485.6560437630915,132,0.25474860297428265,1.0,6.900000000000004,10.379999999999987,39.5,0.05146790882976715,121,23855.57072028422,10974.486187532588,34830.056907816805,7809.899999999998
699,1104,272,22.58979024616149,3.648550724637681,8.76005434782608,11.766086956521754,51.864583333333336,22.610869565217413,34.301028767268946,124.96648550724638,488.7380786745569,11.0,10.399999999999991,12.900000000000007,59.5,284.20506479752305,132,0.25474860297428265,1.0,6.900000000000004,10.379999999999987,40.0,0.0016692782333800338,121,24939.128431762285,9329.879824697153,34269.008256459434,8361.799999999997
700,1100,299,20.90833142718432,3.6354545454545453,8.774363636363637,11.761690909090932,51.87090909090909,22.901727272727268,35.32394008191633,125.13,415.44680808655744,11.0,10.399999999999991,12.900000000000007,60.0,488.7380786745569,132,0.25474860297428265,1.0,6.900000000000004,10.379999999999987,40.0,0.020329818614670536,121,22999.16456990275,10561.858084492982,33561.02265439573,8495.899999999998
701,1069,312,20.608052057305255,3.6239476145930776,8.763330215154351,11.768419083255386,51.760991580916745,22.876520112254436,38.63753791967385,125.3021515434986,415.44680808655744,12.0,10.399999999999991,12.900000000000007,60.0,487.7380786745569,133,0.25474860297428265,1.0,6.900000000000004,10.319999999999986,40.0,0.11378318270819143,122,22030.007649259318,12054.911830938243,34084.91948019756,7566.099999999998
702,1074,313,20.47579302342235,3.5791433891992552,8.758845437616385,11.772569832402262,51.79003724394786,22.035940409683395,39.89329210982837,125.51769087523277,289.2297313034843,12.0,10.399999999999991,12.900000000000007,60.0,486.7380786745569,133,0.25474860297428265,1.0,6.900000000000004,10.319999999999986,40.0,0.13948818674796026,122,21991.001707155607,12486.60043037628,34477.60213753189,6911.299999999997
703,1081,301,21.658724792280477,3.583718778908418,8.75467160037002,11.74939870490287,51.79185938945421,21.504995374653074,37.506095750881585,125.69472710453284,289.2297313034843,12.0,10.399999999999991,12.900000000000007,60.0,485.7380786745569,133,0.25474860297428265,1.0,6.900000000000004,10.319999999999986,40.0,0.1778255295718325,122,23413.081500455195,11289.334821015356,34702.41632147055,6533.0999999999985
704,1090,293,21.043793124298148,3.581651376146789,8.761467889908252,11.733798165137616,51.845871559633025,21.620550458715584,38.831996728216,125.83394495412844,420.9023707725015,12.0,10.399999999999991,12.900000000000007,60.0,484.7380786745569,133,0.26829381542223985,1.0,7.0000000000000036,10.319999999999986,40.0,0.2312427797801222,122,22937.734505484983,11377.775041367287,34315.50954685227,7232.899999999998
705,1073,310,20.094434344596582,3.5507921714818265,8.763746505125821,11.727791239515366,51.81873252562908,21.55740913327119,41.72231430560973,126.0009319664492,238.52949818248928,12.0,10.399999999999991,12.960000000000008,60.0,483.7380786745569,133,0.2694030497211657,1.0,7.0000000000000036,10.319999999999986,40.0,0.24534538911272952,122,21561.32805175213,12933.917434739016,34495.24548649115,7499.899999999998
706,1066,304,21.404323702086575,3.552532833020638,8.764258911819892,11.727692307692328,51.7734521575985,21.59427767354597,38.33424856713575,126.20544090056285,265.9431806499544,12.0,10.499999999999991,12.960000000000008,60.0,482.7380786745569,134,0.27672049311290586,1.0,6.900000000000004,10.319999999999986,40.0,0.043791015914162124,122,22817.00906642429,11653.611564409268,34470.62063083355,7399.599999999998
707,1061,319,21.90678017810439,3.5532516493873705,8.776343072573049,11.726578699340225,51.82092365692743,20.92770970782282,33.812629551254894,126.35626767200753,484.7710946705967,13.0,10.499999999999991,12.960000000000008,60.0,226.62867201267613,134,0.2670047641351303,1.0,6.900000000000004,10.319999999999986,40.0,0.003825402170785308,122,23243.09376896876,10786.22882685031,34029.322595819074,7274.799999999997
708,1071,295,21.968667713471653,3.5798319327731094,8.761251167133523,11.724481792717095,51.80859010270775,21.047152194211023,35.20454454829626,126.50326797385621,484.7710946705967,13.0,10.499999999999991,13.020000000000008,60.0,245.2233658282911,134,0.25689809375816813,1.0,6.900000000000004,10.319999999999986,40.0,0.07558242026823736,122,23528.44312112814,10385.340641747398,33913.78376287554,6885.099999999998
709,1108,302,21.13102764057596,3.6227436823104693,8.737545126353794,11.749440433213,51.82626353790614,21.229512635379074,34.220466434563306,126.67509025270758,484.7710946705967,13.0,10.499999999999991,13.020000000000008,60.0,252.02787236117916,134,0.26036880404222995,1.0,6.900000000000004,10.319999999999986,40.0,0.0037668958949197417,122,23413.178625758166,10334.580863238118,33747.759488996286,7392.099999999998
710,1099,292,21.593291510218673,3.6014558689717924,8.722656960873532,11.749681528662403,51.84849863512284,21.652957233848944,35.05071633886357,126.82347588717016,484.7710946705967,13.0,10.499999999999991,13.080000000000009,60.0,265.9431806499544,134,0.2670047641351303,1.0,7.0000000000000036,10.319999999999986,40.5,0.08056241599059,123,23731.02736973032,10234.809170948163,33965.83654067849,7395.499999999997
711,1075,314,21.321756182380952,3.5813953488372094,8.721953488372108,11.743088372093036,51.916744186046515,21.238697674418606,35.126184275442455,127.0213953488372,484.7710946705967,13.0,10.499999999999991,13.080000000000009,60.0,278.6193372740403,135,0.2811606069738509,1.0,7.0000000000000036,10.259999999999986,40.5,0.06956048094059852,123,22920.887896059525,11029.62186248893,33950.509758548455,7739.499999999998
712,1083,302,21.182466686995607,3.5401662049861495,8.72566943674978,11.739556786703606,51.90535549399815,21.864450600184647,37.91585917814778,127.16989843028624,280.8978288940196,13.0,10.499999999999991,13.080000000000009,60.0,484.7710946705967,135,0.2811606069738509,1.0,7.0000000000000036,10.259999999999986,40.5,0.011691863584633033,123,22940.61142201624,11450.58947180063,34391.20089381687,7572.999999999998
713,1078,304,19.76419723771736,3.549165120593692,8.729406307977733,11.740964749536202,51.93181818181818,22.284786641929536,40.954572731750375,127.3395176252319,307.4730478658885,13.0,10.499999999999991,13.080000000000009,60.5,483.7710946705967,135,0.2811606069738509,1.0,7.0000000000000036,10.259999999999986,40.5,0.1435178807345241,124,21305.804622259315,12450.190110452115,33755.99473271143,7974.099999999998
714,1063,325,20.503696407361108,3.5587958607714016,8.735277516462846,11.7392285983067,51.88617121354657,21.701034807149593,37.5714354845824,127.48259642521167,307.4730478658885,13.0,10.499999999999991,13.020000000000008,60.5,482.7710946705967,134,0.30333244950477095,1.0,7.0000000000000036,10.259999999999986,40.0,0.15984541851831313,124,21795.42928102486,12210.716532489281,34006.145813514144,7389.999999999997
715,1094,290,21.374736919462446,3.542961608775137,8.722577696526503,11.731316270566738,51.86745886654479,21.13043875685558,37.732307706072724,127.62340036563072,442.9782314943131,13.0,10.499999999999991,13.020000000000008,60.5,481.7710946705967,135,0.30333244950477095,1.0,7.0000000000000036,10.259999999999986,40.0,0.055259181731944995,124,23383.962189891918,10942.36923476109,34326.331424653006,5914.699999999998
716,1094,297,21.66496638244358,3.575868372943327,8.704113345521023,11.725557586837308,51.892595978062154,20.458775137111544,35.79520856343753,127.79159049360146,497.86497055746446,13.0,10.499999999999991,13.020000000000008,60.5,306.4730478658885,135,0.2712919913105523,1.0,7.0000000000000036,10.259999999999986,40.0,0.1212403379555882,124,23701.473222393277,10631.176943340946,34332.65016573422,7041.899999999998
717,1114,295,21.057533188119507,3.619389587073609,8.717055655296239,11.720197486535039,51.8491921005386,20.732405745062845,37.09430906547068,127.95870736086177,421.85960842836573,13.0,10.499999999999991,13.020000000000008,60.5,497.86497055746446,135,0.2712919913105523,1.0,7.0000000000000036,10.259999999999986,40.0,0.025962396174286084,124,23458.091971565133,10942.82117431385,34400.913145878985,6679.499999999998
718,1111,280,21.9258618596305,3.6354635463546354,8.733483348334834,11.716579657965806,51.88253825382538,21.2952295229523,36.3085974398814,128.14221422142214,421.85960842836573,13.0,10.499999999999991,13.020000000000008,60.5,496.86497055746446,136,0.2580670704311532,1.0,7.0000000000000036,10.259999999999986,40.0,0.016044172043624183,124,24359.63252604949,10166.407283166793,34526.03980921628,7488.399999999998
719,1128,281,20.088493608763965,3.629432624113475,8.736436170212757,11.71813829787236,51.92242907801418,22.024202127659542,39.18567549644026,128.31826241134752,240.90072407442236,13.0,10.499999999999991,13.020000000000008,60.5,495.86497055746446,136,0.2580670704311532,1.0,7.0000000000000036,10.259999999999986,40.0,0.1316500455701457,125,22659.820790685753,11011.174814499713,33670.99560518547,8237.499999999998
720,1119,274,20.775380428599775,3.610366398570152,8.736371760500456,11.70734584450402,51.9159964253798,22.796514745308308,36.29917249115173,128.47721179624665,500.733723431455,13.0,10.499999999999991,13.020000000000008,60.5,420.85960842836573,136,0.2580670704311532,1.0,7.0000000000000036,10.259999999999986,39.5,0.04369940725907151,125,23247.650699603146,9945.973262575573,33193.62396217872,8502.799999999997
721,1075,303,20.19448172802378,3.64,8.73637209302327,11.698604651162807,51.913023255813954,22.411720930232566,36.219260043737606,128.63720930232557,305.3794486537726,13.0,10.499999999999991,12.960000000000008,60.5,500.733723431455,136,0.2580670704311532,1.0,7.0000000000000036,10.259999999999986,39.5,0.007068565906561686,125,21709.067857625563,10974.435793252494,32683.503650878058,8344.899999999998
722,1061,320,20.1489462639208,3.6201696512723847,8.746936852026394,11.686540999057485,51.79264844486334,22.335155513666365,36.966278955424215,128.75589066918002,305.3794486537726,13.0,10.499999999999991,12.960000000000008,60.5,499.733723431455,136,0.2857592434966326,1.0,7.0000000000000036,10.259999999999986,39.5,0.09082348417784702,125,21378.031986019967,11829.209265735748,33207.24125175572,7760.699999999998
723,1064,313,21.269868338431017,3.643796992481203,8.73468045112782,11.68635338345862,51.8078007518797,21.870676691729322,33.58423384982232,128.9501879699248,426.6075677605516,14.0,10.499999999999991,12.960000000000008,60.5,498.733723431455,136,0.27884104964628065,1.0,7.0000000000000036,10.259999999999986,39.5,0.00536045364543658,125,22631.139912090603,10511.865194994385,33143.00510708499,6745.999999999998
724,1089,284,20.719980717231813,3.629935720844812,8.732690541781448,11.701873278236903,51.75528007346189,21.664554637281924,38.09239020945647,129.1065197428834,426.6075677605516,14.0,10.499999999999991,12.960000000000008,60.5,497.733723431455,137,0.27884104964628065,1.0,7.0000000000000036,10.259999999999986,40.0,0.26950842604856784,125,22564.059001065445,10818.238819485638,33382.29782055108,6687.899999999998
725,1096,279,21.904746739414403,3.6377737226277373,8.710766423357667,11.706295620437928,51.68613138686131,21.413959854014603,33.59780416458191,129.29835766423358,518.5647753360993,14.0,10.499999999999991,12.960000000000008,60.5,249.2369858099961,137,0.27884104964628065,1.0,6.900000000000004,10.259999999999986,40.0,0.02123674980371071,125,24007.602426398185,9373.787361918352,33381.389788316534,7208.799999999997
726,1095,280,21.38356186599528,3.7013698630136984,8.716529680365278,11.717972602739716,51.79360730593607,21.39808219178082,35.55833573385926,129.43744292237443,518.5647753360993,14.0,10.499999999999991,12.960000000000008,60.5,426.6075677605516,137,0.25852699301692433,1.0,6.900000000000004,10.259999999999986,39.5,0.025267880594596726,125,23415.00024326483,9956.334005480592,33371.33424874542,7175.699999999998
727,1092,280,21.861054351351527,3.71978021978022,8.721703296703302,11.716373626373635,51.90064102564103,21.415109890109893,34.58339190359046,129.58241758241758,518.5647753360993,14.0,10.499999999999991,12.960000000000008,60.5,425.6075677605516,137,0.2583320720835352,1.0,6.900000000000004,10.259999999999986,39.5,0.01721477449208031,126,23872.271351675867,9683.349733005329,33555.621084681195,7298.699999999998
728,1085,266,21.38060068628088,3.704147465437788,8.709308755760366,11.722119815668187,51.9073732718894,21.47834101382489,38.93628496678296,129.75760368663595,518.5647753360993,14.0,10.499999999999991,12.960000000000008,60.5,245.87606947101725,138,0.25852699301692433,1.0,6.900000000000004,10.259999999999986,39.5,0.06886905497639861,126,23197.951744614755,10357.051801164267,33555.00354577902,7155.199999999998
729,1090,279,20.86509761918329,3.73302752293578,8.707614678899088,11.727743119266052,51.93256880733945,20.64972477064219,38.98296962827731,129.95045871559634,499.21342674340036,14.0,10.499999999999991,12.960000000000008,60.5,518.5647753360993,138,0.25852699301692433,1.0,6.900000000000004,10.259999999999986,39.5,0.0844938654356362,127,22742.956404909786,10876.24852628937,33619.20493119916,7057.399999999998
730,1095,272,19.935625736036744,3.6904109589041094,8.698356164383554,11.73682191780823,52.021004566210046,21.058904109589022,43.46172280499587,130.11050228310503,260.30331994476114,14.0,10.59999999999999,12.900000000000007,60.5,517.5647753360993,139,0.2573021996168877,1.0,6.900000000000004,10.259999999999986,39.5,0.06886905497639861,127,21829.510180960235,11821.588602958876,33651.09878391911,7373.499999999997
731,1096,305,20.35066645256764,3.6824817518248176,8.706113138686126,11.72600364963503,52.11450729927007,20.84708029197082,37.617668289251036,130.27919708029196,259.6247002718628,14.0,10.59999999999999,12.900000000000007,60.0,516.5647753360993,139,0.2573021996168877,1.0,7.0000000000000036,10.199999999999985,39.5,0.28257696549625255,127,22304.330432014132,11473.388828221565,33777.719260235695,7716.999999999997
732,1099,290,21.159821079022606,3.713375796178344,8.686624203821648,11.725550500454952,52.09781619654231,21.45241128298453,36.449339530263025,130.45859872611464,519.8051224306427,15.0,10.59999999999999,12.900000000000007,60.0,497.21342674340036,139,0.2537859163066582,1.0,7.0000000000000036,10.199999999999985,39.5,0.15318939920068297,127,23254.643365845845,10570.308463776277,33824.95182962212,7516.099999999998
733,1095,296,21.4469224235226,3.717808219178082,8.674703196347028,11.738301369862999,52.07853881278539,21.53689497716894,35.72580541378459,130.5607305936073,519.8051224306427,15.0,10.59999999999999,12.900000000000007,60.5,496.21342674340036,139,0.2537859163066582,1.0,7.0000000000000036,10.199999999999985,39.5,0.10672234950739856,127,23484.38005375725,10574.83840248024,34059.21845623749,7794.599999999998
734,1095,294,21.699131916063628,3.678538812785388,8.684018264840175,11.728438356164384,52.09908675799087,21.36173515981735,35.519268340635186,130.71598173515983,519.8051224306427,15.0,10.59999999999999,12.900000000000007,60.5,495.21342674340036,139,0.2537859163066582,1.0,7.0000000000000036,10.199999999999985,40.0,0.1722802896901685,127,23760.549448089674,10442.664892146744,34203.214340236416,7075.5999999999985
735,1081,299,21.065096407039498,3.643848288621647,8.67807585568917,11.726753006475493,52.159574468085104,20.97021276595746,38.57223521273244,130.87789084181313,519.8051224306427,15.0,10.59999999999999,12.900000000000007,60.5,494.21342674340036,139,0.2537859163066582,1.0,7.0000000000000036,10.199999999999985,41.5,0.10383519403014074,128,22771.369216009698,11533.098328606999,34304.467544616695,7234.799999999998
736,1096,281,22.173363170821887,3.5364963503649633,8.681386861313875,11.721459854014597,52.16423357664234,20.77271897810219,35.36246876930608,131.04744525547446,519.8051224306427,15.0,10.59999999999999,12.960000000000008,61.0,493.21342674340036,140,0.2537859163066582,1.0,7.0000000000000036,10.199999999999985,41.5,0.03526514370682121,128,24302.006035220787,9936.85372417501,34238.8597593958,6596.999999999998
737,1137,259,21.6027448520801,3.5259454705364996,8.68883025505717,11.72464379947228,52.236147757255935,20.569920844327175,37.488534892851874,131.22339489885664,432.5982101363737,15.0,10.59999999999999,12.960000000000008,61.0,519.8051224306427,140,0.2537859163066582,1.0,7.0000000000000036,10.199999999999985,41.5,0.1198416896444714,128,24562.320896815076,9709.530537248635,34271.85143406371,6422.899999999998
738,1134,277,21.405508920990982,3.5185185185185186,8.693562610229264,11.72634920634923,52.272927689594354,20.6514991181658,34.957690072255204,131.3641975308642,511.7916000700195,15.0,10.59999999999999,12.960000000000008,61.0,518.8051224306427,140,0.2537859163066582,1.0,7.100000000000003,10.199999999999985,42.5,0.01271835201513527,128,24273.847116403773,9683.280150014692,33957.127266418465,7590.599999999998
739,1144,259,20.665179927517315,3.4973776223776225,8.687150349650352,11.738076923076939,52.36713286713287,21.61538461538461,41.296813316447654,131.52447552447552,511.7916000700195,15.0,10.59999999999999,12.960000000000008,61.0,517.8051224306427,140,0.2531795880037838,1.0,7.200000000000003,10.139999999999985,42.5,0.297483530726746,128,23640.96583707981,10695.874648959942,34336.84048603975,7311.299999999998
740,1116,277,20.705618415096403,3.50089605734767,8.66424731182796,11.74241935483871,52.41935483870968,22.16881720430108,40.54919060463793,131.7437275985663,432.5982101363737,15.0,10.59999999999999,12.900000000000007,61.0,516.8051224306427,141,0.2531795880037838,1.0,7.200000000000003,10.139999999999985,42.5,0.34032570321595434,129,23107.470151247584,11232.125797484707,34339.59594873229,8118.699999999998
741,1116,285,20.651834840729894,3.531362007168459,8.676971326164873,11.750215053763435,52.43279569892473,21.819354838709717,40.26885810750845,131.8951612903226,432.5982101363737,15.0,10.59999999999999,12.900000000000007,61.0,515.8051224306427,141,0.2531795880037838,1.0,7.200000000000003,10.139999999999985,42.5,0.18765395817195252,129,23047.447682254562,11476.624560639908,34524.07224289447,7221.999999999998
742,1105,296,21.08581221248485,3.5538461538461537,8.691221719457012,11.75978280542986,52.45022624434389,21.377375565610887,39.18482092614529,132.06334841628959,520.2428740993819,15.0,10.59999999999999,12.900000000000007,61.0,509.7916000700195,141,0.2531795880037838,1.0,7.200000000000003,10.139999999999985,42.5,0.21058673274697615,129,23299.82249479576,11598.706994139005,34898.529488934764,6979.299999999998
743,1109,277,22.13182328571767,3.582506762849414,8.704147880973867,11.76129846708747,52.597385031559966,21.822001803426502,38.27399096458409,132.20378719567177,296.25467017847325,15.0,10.69999999999999,12.960000000000008,61.0,508.7916000700195,141,0.28384695859318126,1.0,7.200000000000003,10.139999999999985,43.0,0.21797810830612474,129,24544.192023860895,10601.895497189793,35146.087521050686,6432.199999999998
744,1109,303,21.38355284541866,3.5978358881875563,8.714517583408472,11.757457168620375,52.675383228133455,22.160775473399468,37.32143247863091,132.34715960324615,468.1341279043943,15.0,10.69999999999999,12.960000000000008,61.0,507.7916000700195,141,0.28384695859318126,1.0,7.200000000000003,10.199999999999985,43.0,0.11388434475236853,129,23714.360105569293,11308.394041025165,35022.75414659446,7371.099999999998
745,1087,296,23.10637456882127,3.565777368905244,8.7228150873965,11.754425022999069,52.70929162833487,22.77543698252069,34.69549463295366,132.4461821527139,523.8668520731733,15.0,10.69999999999999,12.960000000000008,61.0,264.365977549817,142,0.28384695859318126,1.0,7.3000000000000025,10.199999999999985,43.0,0.15484172412637887,129,25116.62915630872,10269.866411354284,35386.495567663005,7522.099999999998
746,1070,316,22.640615540324603,3.650467289719626,8.706822429906536,11.762523364485983,52.722897196261684,21.71785046728972,36.23038550719517,132.62056074766355,523.8668520731733,15.0,10.69999999999999,12.960000000000008,61.0,326.5888453535041,142,0.28384695859318126,1.0,7.3000000000000025,10.199999999999985,43.0,0.43334752538213683,130,24225.458628147324,11448.801820273675,35674.260448421,7104.799999999998
747,1115,273,22.933527763183346,3.653811659192825,8.712825112107627,11.77130044843049,52.771748878923766,21.669058295964103,38.03231506540916,132.82062780269058,523.8668520731733,15.0,10.69999999999999,12.960000000000008,61.0,292.02718371204253,143,0.31632096379724245,1.0,7.3000000000000025,10.199999999999985,43.5,0.07436034791065693,130,25570.88345594943,10382.8220128567,35953.70546880613,6473.199999999998
748,1105,292,22.12772783918732,3.6452488687782805,8.715384615384615,11.76749321266968,52.76651583710407,21.975384615384616,39.96834799324316,132.9022624434389,328.44311170972287,14.0,10.69999999999999,12.960000000000008,61.5,523.8668520731733,143,0.2602033833360532,1.0,7.3000000000000025,10.199999999999985,43.5,0.04133118722919571,130,24451.13926230199,11670.757614027001,36121.89687632899,8062.699999999998
749,1084,290,23.41005676146228,3.6642066420664205,8.731826568265681,11.762767527675267,52.878690036900366,22.425369003690022,36.97128512791985,133.06549815498155,307.2847735276482,14.0,10.69999999999999,12.960000000000008,61.5,522.8668520731733,143,0.25369174108244613,1.0,7.3000000000000025,10.199999999999985,43.5,0.060204869278208006,130,25376.50152942511,10721.672687096756,36098.17421652187,7818.099999999998
750,1096,301,21.60156851318112,3.6514598540145986,8.734762773722638,11.758631386861314,52.973083941605836,23.114507299270045,41.484296635323496,133.27007299270073,307.2847735276482,14.0,10.69999999999999,12.960000000000008,61.5,521.8668520731733,144,0.25369174108244613,1.0,7.3000000000000025,10.199999999999985,43.5,0.014766964329784527,130,23675.31909044651,12486.773287232372,36162.092377678884,7813.699999999998
751,1051,343,21.31091263889432,3.6631779257849666,8.738629876308272,11.75594671741199,53.00999048525214,22.80542340627973,40.85087033723774,133.46812559467173,327.59293006915783,14.0,10.69999999999999,12.960000000000008,61.5,520.8668520731733,144,0.25369174108244613,1.0,7.3000000000000025,10.199999999999985,43.5,0.05091016252269309,130,22397.76918347793,14011.848525672543,36409.61770915047,8040.399999999998
752,1037,352,22.24534790781158,3.682738669238187,8.723432979749285,11.766422372227579,53.02796528447445,22.36258437801349,39.068779261863746,133.63355834136934,534.8982733425854,14.0,10.69999999999999,12.960000000000008,61.5,318.52748251600696,144,0.25369174108244613,1.0,7.3000000000000025,10.199999999999985,43.0,0.014766964329784527,131,23068.42578040061,13752.210300176039,36820.636080576645,7286.399999999998
753,1043,321,22.326550126040605,3.703739213806328,8.719367209971246,11.761495685522522,52.97890699904123,21.955417066155352,42.9355001036573,133.79769894534996,534.8982733425854,14.0,10.69999999999999,12.960000000000008,61.5,305.2847735276482,144,0.2602033833360532,1.0,7.3000000000000025,10.199999999999985,43.0,0.014766964329784527,131,23286.59178146035,13782.295533273993,37068.88731473434,6591.0999999999985
754,1098,291,22.40544386750049,3.723132969034608,8.725956284152996,11.758142076502711,52.97768670309654,21.364571948998194,42.15733054850189,133.92349726775956,534.8982733425854,14.0,10.69999999999999,13.020000000000008,61.5,304.2847735276482,144,0.2602033833360532,1.0,7.3000000000000025,10.139999999999985,43.0,0.19277372130217163,131,24601.177366515538,12267.78318961405,36868.96055612959,6255.0999999999985
755,1110,277,23.43665797503147,3.6873873873873872,8.718378378378372,11.751243243243236,52.903153153153156,21.291981981981998,39.59142290123867,134.03243243243244,549.3455471302681,14.0,10.69999999999999,13.020000000000008,61.5,323.5042421735121,144,0.2602033833360532,1.0,7.3000000000000025,10.139999999999985,43.0,0.22453060298101124,131,26014.69035228493,10966.824143643113,36981.514495928044,6810.0999999999985
756,1110,272,23.839245208011587,3.7513513513513512,8.71036036036036,11.763729729729704,53.034684684684684,21.716936936936957,39.19671549893593,134.2234234234234,428.44514032462894,14.0,10.69999999999999,13.020000000000008,61.5,549.3455471302681,145,0.2602033833360532,1.0,7.3000000000000025,10.139999999999985,43.0,0.044176976567131376,131,26461.562180892863,10661.506615710574,37123.06879660344,7595.799999999997
757,1116,283,22.87803161434942,3.789426523297491,8.7108422939068,11.764677419354836,53.053763440860216,21.94587813620071,42.25213167948541,134.3826164874552,428.44514032462894,14.0,10.79999999999999,13.020000000000008,61.5,548.3455471302681,145,0.2696140715670884,1.0,7.200000000000003,10.139999999999985,43.0,0.15760056706741032,131,25531.883281613955,11957.35326529437,37489.23654690832,7270.099999999998
758,1112,299,22.036519576830973,3.7706834532374103,8.706744604316546,11.762751798561144,53.09127697841727,21.552697841726648,43.285056925880326,134.55395683453239,372.6605064494167,14.0,10.79999999999999,13.020000000000008,61.5,547.3455471302681,145,0.2696140715670884,1.0,7.200000000000003,10.139999999999985,43.0,0.1142283165457827,131,24504.609769436043,12942.232020838217,37446.84179027426,7275.499999999998
759,1118,282,23.378943188343065,3.783542039355993,8.691413237924857,11.766440071556334,53.103309481216456,21.668962432915922,41.326208769580525,134.70572450805008,428.705919412355,14.0,10.79999999999999,13.020000000000008,61.5,546.3455471302681,145,0.2696140715670884,1.0,7.200000000000003,10.139999999999985,43.0,0.14586970639329322,131,26137.658484567546,11653.990873021708,37791.64935758925,6635.999999999998
760,1135,269,24.029420692020203,3.7955947136563877,8.680352422907491,11.774325991189414,53.05859030837004,21.956475770925124,38.37933673711259,134.8933920704846,552.2272055849429,14.0,10.79999999999999,13.020000000000008,61.5,255.41923049939567,145,0.3037987826367674,1.0,7.200000000000003,10.139999999999985,43.0,0.07187037439229105,132,27273.39248544293,10324.041582283286,37597.434067726215,7520.099999999998
761,1137,265,24.4725679822505,3.810905892700088,8.66525945470537,11.781899736147754,53.02154793315743,22.81433597185578,36.54559197021319,135.0123131046614,552.2272055849429,14.0,10.79999999999999,13.020000000000008,61.5,283.9819612892295,145,0.2577471683568711,1.0,7.100000000000003,10.139999999999985,43.0,0.017458884737526326,132,27825.30979581882,9684.581872106495,37509.891667925316,7862.999999999998
762,1100,304,23.662596561321315,3.84,8.659363636363624,11.788799999999998,53.088181818181816,23.019363636363643,37.14466466301233,135.1590909090909,635.2272055849429,14.0,10.79999999999999,13.020000000000008,61.5,372.6605064494167,145,0.2577471683568711,1.0,7.100000000000003,10.139999999999985,43.0,0.06523412232195458,132,26028.856217453445,11291.978057555749,37320.8342750092,8437.099999999999
763,1082,294,23.669345810078276,3.8807763401109057,8.654713493530506,11.781072088724583,53.055452865064694,23.682439926062862,38.22925621714025,135.35304990757857,381.71191389284706,14.0,10.79999999999999,13.080000000000009,62.0,539.7472436688663,146,0.2577471683568711,1.0,7.100000000000003,10.079999999999984,43.0,0.03337663776901856,132,25610.232166504695,11239.401327839232,36849.63349434393,8372.399999999998
764,1071,320,22.50578207811329,3.8972922502334266,8.655368814192343,11.767899159663859,53.04808590102708,22.95686274509806,37.96783996378197,135.52661064425772,381.71191389284706,15.0,10.79999999999999,13.080000000000009,62.0,538.7472436688663,146,0.2598999949255647,1.0,7.100000000000003,10.079999999999984,43.0,0.01668831888450928,132,24103.692605659333,12149.708788410231,36253.401394069566,8083.399999999998
765,1054,322,22.225335025965,3.864326375711575,8.655407969639468,11.763074003795056,52.98956356736243,22.322675521821626,40.03940223577144,135.7011385199241,539.7992777844677,15.0,10.79999999999999,13.080000000000009,62.0,381.71191389284706,146,0.2598999949255647,1.0,7.100000000000003,10.079999999999984,43.0,0.003102891956423548,132,23425.50311736711,12892.687519918403,36318.190637285516,7477.799999999998
766,1065,297,23.789357739592397,3.795305164319249,8.646478873239449,11.762478873239452,53.02065727699531,22.092394366197166,37.81266742227496,135.86854460093898,396.01700349058933,15.0,10.79999999999999,13.080000000000009,62.0,267.07659169824285,146,0.25326441503212266,1.0,7.100000000000003,10.079999999999984,43.0,0.1442317777199431,132,25335.6659926659,11230.362224415663,36566.02821708156,6933.5999999999985
767,1080,318,22.698017232805377,3.8314814814814815,8.670277777777779,11.758500000000002,53.1037037037037,21.526296296296284,38.02915816999546,136.05833333333334,396.01700349058933,15.0,10.79999999999999,13.14000000000001,62.0,256.3277907518251,146,0.25326441503212266,1.0,7.100000000000003,10.079999999999984,43.0,0.061314967228072614,133,24513.85861142981,12093.272298058557,36607.13090948836,7480.699999999998
768,1086,281,23.36915568162033,3.8158379373848987,8.664364640883994,11.762044198895028,53.14088397790055,21.762338858195207,39.6510304015683,136.21639042357273,406.01700349058933,15.0,10.79999999999999,13.14000000000001,62.0,455.82336797780295,146,0.25326441503212266,1.0,7.100000000000003,10.079999999999984,43.0,0.26860586315577706,133,25378.903070239678,11141.939542840692,36520.84261308037,7034.599999999998
769,1108,269,23.524814478531773,3.851083032490975,8.669133574007226,11.74965703971119,52.9851083032491,21.671931407942214,38.060743546490016,136.39350180505414,457.67939643007765,15.0,10.69999999999999,13.14000000000001,62.0,240.54856992847454,146,0.25326441503212266,1.0,7.100000000000003,10.079999999999984,43.0,0.02018242920466884,133,26065.494442213203,10238.340014005815,36303.83445621902,7329.299999999998
770,1096,277,23.446848599852153,3.8275547445255476,8.678010948905115,11.755346715328452,52.965328467153284,22.14753649635036,36.369925899391,136.5602189781022,457.67939643007765,15.0,10.69999999999999,13.14000000000001,62.0,295.202262076793,147,0.25326441503212266,1.0,7.100000000000003,10.079999999999984,43.0,0.013144778903017462,133,25697.74606543796,10074.469474131307,35772.21553956927,8281.199999999999
771,1094,309,21.0063143846255,3.8016453382084094,8.680895795246817,11.749579524680062,52.88117001828154,22.042138939670927,37.88028008158535,136.71755027422304,488.6748399524381,15.0,10.69999999999999,13.14000000000001,62.0,406.01700349058933,148,0.3043651771203445,1.0,7.100000000000003,10.019999999999984,43.0,0.17015317224904702,133,22980.9079367803,11705.006545209873,34685.91448199017,8717.999999999998
772,1088,310,21.815214907219833,3.791360294117647,8.694301470588243,11.76766544117647,52.950827205882355,22.450000000000014,35.79110682434051,136.89246323529412,272.36446570213445,15.0,10.69999999999999,13.14000000000001,62.5,407.4531560612921,148,0.3043651771203445,1.0,7.0000000000000036,10.019999999999984,43.0,0.1075108969714178,134,23734.95381905518,11095.243115545558,34830.19693460074,7811.299999999998
773,1067,329,21.799569963548084,3.81630740393627,8.699156513589505,11.771246485473275,53.009372071227745,22.004967197750705,36.16093360151597,137.0721649484536,327.0534428826633,15.0,10.69999999999999,13.14000000000001,62.5,406.4531560612921,148,0.2877625772141522,1.0,7.0000000000000036,10.019999999999984,43.0,0.2150217939428356,134,23260.141151105807,11896.947154898755,35157.08830600456,7590.899999999998
774,1072,294,21.977492841502542,3.888992537313433,8.691138059701482,11.7834514925373,53.02891791044776,22.358675373134353,42.28792231520726,137.22761194029852,407.33959812103876,16.0,10.69999999999999,13.14000000000001,62.5,327.0534428826633,148,0.2877625772141522,1.0,7.0000000000000036,10.019999999999984,43.0,0.04107791602072375,134,23559.872326090725,12432.649160670935,35992.52148676166,7042.599999999998
775,1062,320,22.517509980179135,3.9152542372881354,8.698210922787197,11.782881355932176,53.04048964218456,21.454425612052724,37.95109504205209,137.42655367231637,331.9182158293231,16.0,10.69999999999999,13.14000000000001,62.5,326.0534428826633,148,0.2585945350973121,1.0,7.0000000000000036,10.019999999999984,43.0,0.056618954973326474,134,23913.59559895024,12144.350413456668,36057.94601240691,7713.599999999998
776,1071,320,22.097100091587734,3.917833800186741,8.70345471521942,11.802689075630232,53.07983193277311,21.073669467787123,37.873151010902525,137.60877684407097,296.11243927612264,16.0,10.499999999999991,13.14000000000001,62.5,325.0534428826633,149,0.2585945350973121,1.0,7.0000000000000036,10.019999999999984,43.0,0.01581062997896132,134,23665.994198090462,12119.408323488808,35785.40252157927,7206.199999999998
777,1070,289,22.253821009671967,3.916822429906542,8.686542056074773,11.807271028037377,53.11308411214953,21.842149532710295,39.29914785685958,137.77757009345794,430.75744003259354,16.0,10.499999999999991,13.14000000000001,62.5,324.0534428826633,149,0.2585945350973121,1.0,7.0000000000000036,10.079999999999984,43.0,0.0310058630227541,134,23811.588480349004,11357.453730632418,35169.042210981424,7943.299999999997
778,1094,305,21.77606724145662,3.9351005484460693,8.681352833638037,11.800859232175503,53.19561243144424,21.738756855575904,35.94517896981094,137.96435100548447,430.75744003259354,16.0,10.399999999999991,13.14000000000001,62.5,295.11243927612264,149,0.2585945350973121,1.0,7.0000000000000036,10.079999999999984,42.5,0.0821558320414475,134,23823.01756215354,10963.279585792337,34786.29714794588,7693.799999999998
779,1089,298,21.404502285434553,3.8953168044077136,8.686685032139577,11.802975206611563,53.26905417814509,21.963085399449064,39.561076616096685,138.12213039485766,430.75744003259354,16.0,10.399999999999991,13.14000000000001,63.0,294.11243927612264,149,0.3574468895542573,1.0,7.0000000000000036,10.079999999999984,42.5,0.03237335865537272,135,23309.502988838227,11789.200831596812,35098.70382043504,7380.099999999998
780,1093,295,22.49396276274013,3.806953339432754,8.699359560841732,11.792772186642258,53.29780420860018,21.632570905763952,36.44363865349848,138.2644098810613,279.0474714408226,16.0,10.399999999999991,13.14000000000001,63.0,293.11243927612264,149,0.2660141648716501,1.0,7.0000000000000036,10.019999999999984,42.5,0.044401419335661885,135,24585.901299674963,10750.873402782052,35336.77470245701,7175.5999999999985
781,1085,295,22.034612176438017,3.752995391705069,8.702304147465421,11.79246082949309,53.384792626728114,21.693548387096776,39.27721040119302,138.3557603686636,289.4053471636686,16.0,10.399999999999991,13.14000000000001,63.0,292.11243927612264,149,0.2660141648716501,1.0,7.0000000000000036,10.019999999999984,42.5,0.0017841375947806881,135,23907.55421143525,11586.77706835194,35494.33127978719,7302.399999999998
782,1110,282,22.949206807198074,3.6981981981981984,8.704774774774783,11.788864864864868,53.41486486486487,21.98144144144144,37.33092910692755,138.47027027027028,289.4053471636686,16.0,10.399999999999991,13.14000000000001,63.0,291.11243927612264,148,0.31303198562103424,1.0,7.0000000000000036,10.019999999999984,42.5,0.29800233519251673,135,25473.619555989862,10527.32200815357,36000.94156414343,6875.799999999998
783,1108,281,23.097687093906057,3.71028880866426,8.700902527075781,11.793628158844779,53.3677797833935,22.283303249097454,36.91198119322316,138.59115523465704,262.7611518918762,17.0,10.199999999999992,13.14000000000001,63.0,290.11243927612264,148,0.28970417315107,1.0,7.0000000000000036,10.019999999999984,43.5,0.1615146115317696,135,25592.23730004791,10372.26671529571,35964.50401534362,7370.599999999998
784,1112,267,23.764687743107,3.710431654676259,8.692625899280578,11.797661870503594,53.33273381294964,22.27446043165468,35.835429850975906,138.7976618705036,293.385998531419,17.0,10.199999999999992,13.14000000000001,63.0,276.0474714408226,148,0.28970417315107,1.0,7.0000000000000036,10.019999999999984,43.0,0.05047138649231364,135,26426.332770334986,9568.059770210566,35994.39254054555,7105.899999999998
785,1141,277,21.815644531121812,3.6923751095530237,8.69631901840491,11.798702892199824,53.35845749342682,21.71349693251537,40.12280783061806,139.0587204206836,293.385998531419,17.0,10.199999999999992,13.080000000000009,63.0,275.0474714408226,148,0.28970417315107,1.0,7.0000000000000036,10.019999999999984,43.0,0.23479165176724326,136,24891.65041000999,11114.017769081202,36005.66817909119,7367.999999999998
786,1121,273,21.878289100715868,3.695807314897413,8.698661909009811,11.79388046387153,53.33318465655665,22.08180196253347,42.54171124824628,139.22479928635147,293.385998531419,18.0,10.199999999999992,13.080000000000009,63.0,274.0474714408226,148,0.28970417315107,1.0,7.0000000000000036,10.019999999999984,43.0,0.22119250084023556,136,24525.562081902488,11613.887170771235,36139.44925267372,7479.699999999998
787,1119,282,22.169382535362335,3.7622877569258266,8.69401251117069,11.8028418230563,53.34450402144772,22.33967828418231,39.93440456104428,139.3378016085791,303.50263547932457,18.0,10.199999999999992,13.080000000000009,63.0,293.385998531419,146,0.28970417315107,1.0,6.900000000000004,10.019999999999984,43.0,0.2001202103726114,136,24807.53905707045,11261.502086214487,36069.041143284936,8224.199999999997
788,1114,286,23.115302368163004,3.751346499102334,8.707719928186707,11.798886894075398,53.38420107719928,22.671723518850992,35.95761354461628,139.49461400359067,311.896663006204,18.0,10.199999999999992,13.080000000000009,63.5,274.3999624945078,146,0.3578361341423309,1.0,6.900000000000004,10.019999999999984,43.0,0.06861305232102266,136,25750.446838133586,10283.877473760256,36034.32431189384,7768.399999999998
789,1090,303,23.572826919931632,3.768807339449541,8.697431192660543,11.796275229357793,53.39908256880734,22.864954128440353,35.57576561937748,139.59816513761467,311.896663006204,18.0,10.299999999999992,13.080000000000009,63.5,273.3999624945078,146,0.3578361341423309,1.0,6.900000000000004,10.019999999999984,43.0,0.2502185848748802,137,25694.38134272548,10779.456982671376,36473.83832539686,8052.199999999998
790,1076,331,23.095104072728528,3.8048327137546467,8.678345724907054,11.798531598513014,53.31505576208178,21.854275092936792,35.898048688260374,139.74907063197026,311.896663006204,18.0,10.399999999999991,13.080000000000009,64.0,257.7611518918762,146,0.3578361341423309,1.0,6.800000000000004,9.959999999999983,43.0,0.06407504053682156,137,24850.331982255895,11882.254115814183,36732.58609807008,7392.799999999997
791,1077,299,23.681954126965017,3.86908077994429,8.687372330547806,11.800947075208908,53.268802228412255,21.39387186629526,39.53102229924581,139.91457753017642,275.27396469704917,18.0,10.399999999999991,13.020000000000008,64.0,311.896663006204,146,0.3578361341423309,1.0,6.800000000000004,9.959999999999983,43.0,0.08187830581181732,137,25505.464594741323,11819.775667474498,37325.24026221582,6241.899999999999
792,1121,285,23.606794403018153,3.8608385370205176,8.69705619982159,11.79917930419269,53.11730597680642,20.694736842105296,37.19185486313592,140.07136485280998,432.0030280567812,18.0,10.399999999999991,13.020000000000008,64.0,310.896663006204,146,0.5004371697497604,1.0,6.800000000000004,9.959999999999983,43.0,0.1494954175673442,137,26463.21652578335,10599.678635993738,37062.89516177709,6346.699999999998
793,1126,289,22.38811265588706,3.8605683836589697,8.703641207815274,11.800230905861454,53.14698046181172,20.903197158081703,41.19621762502359,140.22113676731794,359.07156846799694,18.0,10.399999999999991,13.020000000000008,64.0,432.0030280567812,147,0.25754756232298265,1.0,6.900000000000004,9.959999999999983,42.5,0.04852463340874458,137,25209.01485052883,11905.70689363182,37114.72174416065,7402.699999999998
794,1136,263,23.33240092667131,3.813380281690141,8.702992957746485,11.806267605633797,53.22931338028169,22.25589788732397,41.96671383875802,140.35651408450704,302.1541098703933,18.0,10.399999999999991,13.020000000000008,64.0,431.0030280567812,147,0.25754756232298265,1.0,6.900000000000004,9.959999999999983,42.5,0.007688550911644221,137,26505.607452698605,11037.245739593358,37542.853192291965,7502.799999999997
795,1117,299,23.809417257906784,3.7555953446732318,8.703491495076094,11.794109221128013,53.28692927484333,22.12963294538943,36.485648433461414,140.51566696508505,339.56507096964833,17.0,10.399999999999991,13.020000000000008,64.0,430.0030280567812,147,0.25754756232298265,1.0,6.900000000000004,9.959999999999983,42.5,0.022593743073901607,138,26595.119077081876,10909.208881604962,37504.32795868684,7825.499999999998
796,1114,273,24.381830134848766,3.7351885098743267,8.712118491920984,11.791885098743265,53.31687612208258,22.300897666068227,38.52937643605799,140.68132854578096,439.8950577862274,17.0,10.399999999999991,13.020000000000008,64.0,257.8268663545568,147,0.25754756232298265,1.0,6.900000000000004,9.959999999999983,42.5,0.11794447935731966,138,27161.358770221526,10518.51976704383,37679.87853726536,7126.499999999998
797,1127,273,23.593349085896488,3.727595385980479,8.720851818988464,11.783637976929885,53.38775510204081,22.563354037267064,41.333023647370815,140.84117125110913,382.21009629049956,17.0,10.399999999999991,13.020000000000008,64.0,439.8950577862274,147,0.26943075825230867,1.0,6.800000000000004,9.899999999999983,42.5,0.01611718422573749,138,26589.70441980534,11283.915455732233,37873.61987553757,8068.699999999998
798,1135,259,22.950421557932284,3.7066079295154184,8.738766519823784,11.799436123348016,53.414096916299556,23.392158590308377,42.36857940929772,140.9806167400881,456.45871687456344,17.0,10.399999999999991,13.020000000000008,64.0,382.21009629049956,147,0.26943075825230867,1.0,6.800000000000004,9.899999999999983,42.5,0.015377101823288442,138,26048.728468253143,10973.46206700811,37022.19053526125,8211.599999999999
799,1109,271,22.67925434751744,3.7421100090171326,8.758160504959418,11.793056807935065,53.37150586113616,23.499909828674475,41.22486198150154,141.11632100991883,340.1532181445658,17.0,10.399999999999991,13.020000000000008,64.0,381.21009629049956,148,0.26943075825230867,1.0,6.800000000000004,9.899999999999983,42.5,0.038154279296181315,138,25151.293071396838,11171.937596986918,36323.23066838375,8381.199999999997
800,1094,313,22.255527417647563,3.819926873857404,8.747440585009137,11.789890310786117,53.392595978062154,22.690950639853767,36.7922035539914,141.28702010968922,305.7872513299005,17.0,10.399999999999991,13.020000000000008,64.0,380.21009629049956,148,0.26943075825230867,1.0,6.700000000000005,9.899999999999983,42.5,0.021024129892138754,138,24347.546994906435,11515.959712399308,35863.50670730574,7665.699999999998
801,1083,286,22.688277178620638,3.8134810710987996,8.732502308402585,11.799556786703597,53.42059095106187,23.1206832871653,40.650433338772025,141.4487534626039,377.39200059960046,17.0,10.399999999999991,13.080000000000009,64.0,379.21009629049956,149,0.26943075825230867,1.0,6.700000000000005,9.899999999999983,42.5,0.047699660467487304,138,24571.40418444615,11626.023934888799,36197.428119334945,7209.299999999997
802,1089,279,22.20863990561378,3.760330578512397,8.744903581267213,11.793002754820943,53.29843893480257,22.751239669421473,41.57285501592183,141.6510560146924,345.8022091729161,15.0,10.499999999999991,13.080000000000009,64.0,378.21009629049956,149,0.2719188014216548,1.0,6.700000000000005,9.899999999999983,42.0,0.015436793998254705,138,24185.208857213405,11598.82654944219,35784.035406655596,7695.299999999997
803,1075,282,22.025301001796798,3.7925581395348837,8.73906976744185,11.791255813953489,53.30093023255814,22.66186046511629,40.604102894392,141.8679069767442,314.97986222355723,15.0,10.499999999999991,13.080000000000009,64.0,377.21009629049956,149,0.30484006846516665,1.0,6.700000000000005,9.899999999999983,42.0,0.047465199530507096,138,23677.198576931558,11450.357016218544,35127.5555931501,8231.099999999997
804,1077,297,21.41356138568683,3.8170844939647166,8.73426183844011,11.802674094707514,53.28226555246054,21.819777158774386,37.402463637741434,142.08820798514392,347.1333966889526,15.0,10.499999999999991,13.080000000000009,64.0,376.21009629049956,149,0.2845693939091263,1.0,6.700000000000005,9.899999999999983,42.0,0.06966880337707804,138,23062.405612384715,11108.531700409205,34170.93731279392,7987.399999999998
805,1075,276,22.387700753930933,3.862325581395349,8.735627906976738,11.815646511627914,53.28790697674419,21.97079069767444,33.953804387504654,142.28372093023256,382.12731287258043,16.0,10.499999999999991,13.080000000000009,64.0,225.2530856940299,149,0.27519879573403383,1.0,6.700000000000005,9.899999999999983,42.0,0.042432753279440405,139,24066.77831047575,9371.250010951284,33438.02832142703,7599.899999999998
806,1089,272,21.126114257301026,3.9329660238751147,8.747382920110184,11.820220385674933,53.25482093663912,22.183287419651062,35.60816957265649,142.39577594123048,382.12731287258043,16.0,10.499999999999991,13.080000000000009,64.0,224.2530856940299,149,0.27519879573403383,1.0,6.700000000000005,10.019999999999984,42.0,0.3500473689419126,139,23006.33842620082,9685.422123762566,32691.760549963386,7952.999999999998
807,1090,286,20.80170721228846,3.8697247706422018,8.768256880733949,11.806403669724737,53.26467889908257,22.148990825688056,33.91404695373247,142.4743119266055,347.1333966889526,16.0,10.499999999999991,13.080000000000009,64.0,263.96877423226414,149,0.2594637660980891,1.0,6.700000000000005,10.019999999999984,42.0,0.02339745327967524,139,22673.86086139442,9699.417428767487,32373.278290161907,7599.999999999998
808,1038,295,20.784162873359357,3.9113680154142583,8.76368015414258,11.807052023121381,53.43111753371869,21.947784200385392,35.03934340611853,142.64547206165705,393.78157536944263,16.0,10.499999999999991,13.080000000000009,64.0,347.1333966889526,150,0.2594637660980891,1.0,6.700000000000005,10.019999999999984,42.5,0.3644064488284926,139,21573.961062547012,10336.606304804967,31910.567367351978,8226.299999999997
809,1072,282,19.712318794373513,3.8638059701492535,8.773507462686554,11.815242537313429,53.50373134328358,21.55055970149253,38.08662510396159,142.8097014925373,393.78157536944263,16.0,10.499999999999991,13.080000000000009,64.0,346.1333966889526,150,0.2594637660980891,1.0,6.700000000000005,9.959999999999983,42.0,0.29008726018395775,139,21131.605747568407,10740.428279317168,31872.034026885573,6792.999999999998
810,1085,278,20.108870342803176,3.7732718894009216,8.770875576036863,11.811207373271895,53.57741935483871,20.979078341013846,36.238456158990935,142.963133640553,378.11855230325216,16.0,10.499999999999991,13.14000000000001,64.0,480.9386444892641,151,0.26920540179435315,1.0,6.700000000000005,9.959999999999983,42.0,0.20159036587227064,139,21818.124321941446,10074.29081219948,31892.415134140927,6688.399999999998
811,1103,261,19.31327318029073,3.7932910244786946,8.763191296464175,11.806019945602904,53.57434270172257,21.223662737987336,40.792575265491294,143.07796917497734,274.2331880888389,16.0,10.399999999999991,13.14000000000001,64.0,479.9386444892641,151,0.27519879573403383,1.0,6.700000000000005,9.959999999999983,42.0,0.021408707570854446,139,21302.540317860672,10646.862144293227,31949.4024621539,7120.099999999998
812,1096,272,19.59477082785525,3.843065693430657,8.761770072992691,11.812664233576635,53.60994525547445,22.38348540145983,36.98053572708042,143.22901459854015,484.5303567224262,16.0,10.399999999999991,13.14000000000001,64.0,377.11855230325216,151,0.2917876775528787,1.0,6.700000000000005,9.959999999999983,42.0,0.27519879573403383,140,21475.868827329356,10058.705717765875,31534.57454509523,8449.599999999997
813,1082,278,20.57657063757599,3.898336414048059,8.75212569316081,11.827319778188551,53.58826247689464,22.67116451016634,31.733377090050475,143.4343807763401,484.5303567224262,16.0,10.399999999999991,13.14000000000001,64.0,376.11855230325216,151,0.2917876775528787,1.0,6.600000000000005,9.959999999999983,42.0,0.26934638773976616,140,22263.849429857222,8821.878831034031,31085.728260891254,8052.199999999997
814,1089,303,19.417605211298213,3.8879706152433426,8.755188246097342,11.822148760330597,53.63223140495868,22.58181818181817,33.216380478949546,143.59504132231405,484.5303567224262,15.0,10.399999999999991,13.14000000000001,64.0,375.11855230325216,151,0.2917876775528787,1.0,6.600000000000005,9.959999999999983,42.0,0.008785060909272335,140,21145.772075103752,10064.563285121712,31210.335360225465,7204.799999999998
815,1062,282,20.116314786026813,3.8455743879472695,8.755461393596994,11.813163841807924,53.60875706214689,23.333898305084738,33.225287293335285,143.73634651600753,484.5303567224262,15.0,10.399999999999991,13.14000000000001,64.0,374.11855230325216,151,0.26858301423766495,1.0,6.600000000000005,9.959999999999983,42.0,0.19033523897034987,140,21363.526302760474,9369.53101672055,30733.057319481024,7885.799999999997
816,1068,304,17.721413442653137,3.863295880149813,8.748970037453176,11.802808988764037,53.65683520599251,22.22621722846441,36.345614163313066,143.90449438202248,484.5303567224262,15.0,10.399999999999991,13.080000000000009,64.0,373.11855230325216,151,0.2513223807458583,1.0,6.600000000000005,9.959999999999983,42.0,0.06931882230712594,140,18926.46955675355,11049.066705647172,29975.53626240072,7811.799999999997
817,1075,276,19.76697506141969,3.8613953488372093,8.754976744186047,11.798511627906974,53.60093023255814,22.631627906976714,32.24139631124598,144.05023255813953,484.5303567224262,15.0,10.399999999999991,13.080000000000009,64.0,318.45583390205985,151,0.2518030610086572,1.0,6.600000000000005,9.959999999999983,42.0,0.11142505541299186,140,21249.498191026167,8898.62538190389,30148.123572930057,6785.399999999998
818,1087,270,19.836154035338833,3.8380864765409384,8.746826126954927,11.79957681692733,53.57957681692732,23.79392824287029,29.931478906048817,144.2557497700092,484.5303567224262,15.0,10.399999999999991,13.14000000000001,64.0,457.28273846759197,151,0.2518030610086572,1.0,6.600000000000005,9.959999999999983,41.5,0.013174151819179913,140,21561.89943641331,8081.49930463318,29643.39874104649,8297.199999999997
819,1065,295,18.033882708898165,3.887323943661972,8.738403755868546,11.812394366197168,53.54741784037559,23.934084507042275,32.59314716908559,144.47605633802817,319.1530687860484,15.0,10.399999999999991,13.14000000000001,64.0,456.28273846759197,152,0.2518030610086572,1.0,6.600000000000005,9.959999999999983,41.5,0.0012246422638455545,140,19206.085084976545,9614.978414880248,28821.06349985679,8330.599999999997
820,1021,300,19.637042456825135,3.958863858961802,8.740058765915773,11.820293829578839,53.54995102840353,24.159647404505368,27.641889917668923,144.66993143976492,456.00488393201914,15.0,10.399999999999991,13.14000000000001,64.0,338.90417195860533,152,0.2518030610086572,1.0,6.600000000000005,9.959999999999983,41.5,0.03025609698149645,140,20049.42034841846,8292.566975300677,28341.98732371914,8733.199999999997
821,998,327,18.766165234143276,4.028056112224449,8.731462925851709,11.824989979959922,53.651803607214426,23.557815631262567,28.056673357062486,144.82565130260522,456.00488393201914,15.0,10.399999999999991,13.14000000000001,63.5,337.90417195860533,152,0.2518030610086572,1.0,6.500000000000005,10.019999999999984,41.5,0.026706546586860336,141,18728.63290367499,9174.532187759432,27903.16509143442,8138.299999999997
822,985,324,18.473735337514352,3.9431472081218275,8.718781725888332,11.819269035533003,53.65989847715736,22.258375634517776,28.845924047886108,144.9705583756345,456.00488393201914,15.0,10.399999999999991,13.14000000000001,62.5,319.1530687860484,152,0.2518030610086572,1.0,6.400000000000006,10.019999999999984,41.5,0.017799251502698343,141,18196.629307451636,9346.079391515099,27542.708698966737,7116.299999999998
823,1034,288,18.104309333052225,3.881044487427466,8.752707930367508,11.801547388781437,53.64168278529981,21.628143133462274,31.814878896442718,145.16731141199227,456.00488393201914,15.0,10.399999999999991,13.14000000000001,62.5,318.1530687860484,152,0.2518030610086572,1.0,6.400000000000006,9.959999999999983,41.5,0.020033190801767464,141,18719.855850376,9162.685122175502,27882.540972551502,6241.799999999998
824,1058,281,17.37673700845744,3.8667296786389413,8.758317580340261,11.803100189035897,53.683837429111534,21.100094517958414,31.67200881667057,145.33175803402648,456.00488393201914,15.0,10.399999999999991,13.080000000000009,63.0,317.1530687860484,153,0.2518030610086572,1.0,6.400000000000006,9.959999999999983,42.0,0.06320686982456092,141,18384.58775494797,8899.83447748443,27284.4222324324,7060.699999999998
825,1067,276,17.940019620446936,3.823805060918463,8.771790065604488,11.790984067478888,53.710402999062794,21.822774133083428,28.245843619910016,145.49015932521087,352.5759745063641,15.0,10.399999999999991,13.080000000000009,63.0,456.00488393201914,153,0.2518030610086572,1.0,6.400000000000006,9.959999999999983,42.5,0.07050968356897647,141,19142.00093501688,7795.852839095164,26937.853774112045,8018.199999999998
826,1057,276,16.793332876823026,3.8202459791863763,8.791769157994317,11.798883632923364,53.68259224219489,22.726584673604574,31.10601202217429,145.6546830652791,352.5759745063641,14.0,10.399999999999991,13.080000000000009,63.0,455.00488393201914,153,0.2518030610086572,1.0,6.500000000000005,9.959999999999983,42.5,0.12309402216055654,141,17750.552850801938,8585.259318120105,26335.812168922042,8979.299999999997
827,1040,292,17.1677359292069,3.8490384615384614,8.805865384615402,11.802576923076938,53.74951923076923,22.505961538461555,27.38930729942195,145.8576923076923,426.4135467877888,14.0,10.399999999999991,13.080000000000009,63.0,454.00488393201914,153,0.2594325338021206,1.0,6.500000000000005,10.559999999999988,42.5,0.25742967621518964,141,17854.445366375174,7997.677731431209,25852.123097806383,8444.799999999997
828,1021,312,15.96381741258107,3.9128305582762,8.808912830558274,11.778334965719875,53.689030362389815,22.514985308521037,28.348722629996644,146.0205680705191,405.6070543709696,15.0,10.399999999999991,13.14000000000001,63.0,453.00488393201914,153,0.2536111797807569,1.0,6.500000000000005,10.559999999999988,42.5,0.09053571842114705,141,16299.057578245272,8844.801460558952,25143.859038804225,7764.799999999997
829,1020,311,15.576085260046565,3.880392156862745,8.82088235294117,11.779823529411766,53.70343137254902,22.72264705882353,29.053628068489193,146.20980392156864,405.6070543709696,15.0,10.399999999999991,13.14000000000001,63.0,452.00488393201914,154,0.2531449654149624,1.0,6.500000000000005,10.559999999999988,42.0,0.17441777651251233,141,15887.606965247496,9035.678329300139,24923.285294547633,7485.199999999998
830,1005,311,15.740654512961644,3.8805970149253732,8.796318407960205,11.800059701492533,53.70348258706468,22.806368159203945,28.837623455401978,146.45373134328358,269.1234505327065,15.0,10.399999999999991,13.14000000000001,63.5,451.00488393201914,155,0.2531449654149624,1.0,6.500000000000005,10.559999999999988,42.0,0.006022181573210883,142,15819.357785526452,8968.500894630015,24787.858680156467,7319.799999999997
831,1014,302,14.9397904482996,3.831360946745562,8.786587771203164,11.807278106508859,53.80177514792899,22.482642998027597,30.641305302743852,146.63510848126234,451.9433469097239,15.0,10.399999999999991,13.14000000000001,63.5,404.6070543709696,155,0.2531449654149624,1.0,6.500000000000005,10.559999999999988,42.0,0.06125597189067067,142,15148.947514575795,9253.674201428643,24402.62171600444,7307.399999999998
832,1004,314,14.940612413330834,3.816733067729084,8.784362549800804,11.79992031872511,53.875498007968126,22.42290836653386,28.924016689167455,146.85059760956176,275.82427624768945,15.0,10.399999999999991,13.14000000000001,63.5,451.9433469097239,155,0.25152266975080656,1.0,6.500000000000005,10.559999999999988,42.0,0.216667811872572,142,15000.374862984158,9082.141240398581,24082.51610338274,7892.699999999998
833,1016,301,14.481211086428154,3.857283464566929,8.761220472440945,11.803169291338595,53.923228346456696,22.263385826771618,30.271772226250448,146.96161417322836,208.63488408843855,15.0,10.399999999999991,13.14000000000001,63.5,450.9433469097239,155,0.25152266975080656,1.0,6.500000000000005,10.559999999999988,44.5,0.05375279755063689,143,14712.910463811004,9111.803440101385,23824.713903912387,6921.099999999998
834,1035,268,15.674540030799772,3.919806763285024,8.758550724637667,11.800057971014501,53.897584541062805,22.78801932367143,27.326323844592867,147.14299516908213,451.8198665514754,15.0,10.399999999999991,13.14000000000001,63.5,319.96025812628204,155,0.25152266975080656,1.0,6.400000000000006,10.559999999999988,44.0,0.017811335919418747,143,16223.148931877764,7323.454790350888,23546.603722228654,7511.399999999998
835,1041,280,14.551985945712966,3.952929875120077,8.761767531219984,11.790259365994245,53.86791546589817,22.203458213256457,28.256413021334055,147.3073967339097,403.64267704280843,15.0,10.399999999999991,13.14000000000001,63.5,451.8198665514754,155,0.25152266975080656,1.0,6.400000000000006,10.499999999999988,44.0,0.014200859971717161,143,15148.617369487198,7911.795645973535,23060.413015460734,7371.399999999998
836,1036,267,14.266033876936811,3.9333976833976836,8.777509652509655,11.764864864864892,53.90830115830116,22.082818532818543,29.41169590643549,147.44787644787644,403.64267704280843,15.0,10.399999999999991,13.14000000000001,63.5,450.8198665514754,155,0.25152266975080656,1.0,6.400000000000006,10.499999999999988,44.0,0.03528766664711047,143,14779.611096506536,7852.922807018276,22632.53390352481,7184.099999999998
837,1045,256,14.483994817778086,3.9043062200956937,8.790143540669868,11.774526315789497,53.91961722488038,23.05014354066986,28.1420684302736,147.6373205741627,327.10117934423533,15.0,10.499999999999991,13.14000000000001,63.5,449.8198665514754,155,0.25152266975080656,1.0,6.400000000000006,10.499999999999988,44.0,0.1813937136249284,144,15135.7745845781,7204.369518150042,22340.14410272814,7854.899999999998
838,1029,284,13.879134506624911,3.890184645286686,8.778911564625844,11.784256559766767,54.03741496598639,23.25413022351803,27.063075889955563,147.87949465500486,255.16333560108484,15.0,10.499999999999991,13.14000000000001,63.5,448.8198665514754,156,0.25152266975080656,1.0,6.400000000000006,10.499999999999988,44.0,0.01787173831805533,144,14281.629407317034,7685.91355274738,21967.542960064413,8133.099999999998
839,987,327,13.490015643708084,3.8763931104356635,8.79321175278621,11.771975683890588,54.159574468085104,23.04437689969604,26.106651270463516,148.03140830800405,199.67130344300162,15.0,10.499999999999991,13.14000000000001,63.5,447.8198665514754,157,0.25152266975080656,1.0,6.400000000000006,10.499999999999988,45.0,0.020606444961680737,144,13314.645440339878,8536.87496544157,21851.520405781448,8134.399999999998
840,1020,293,13.910997787979142,3.868627450980392,8.790686274509795,11.764941176470568,54.15833333333333,22.68049019607844,24.977999586039182,148.228431372549,436.42087236040146,15.0,10.499999999999991,13.14000000000001,63.5,446.8198665514754,157,0.25393512077415537,1.0,6.400000000000006,10.499999999999988,45.0,0.021209493112231304,144,14189.217743738724,7318.55387870948,21507.771622448203,6787.799999999997
841,1026,266,13.277346246329904,3.914230019493177,8.78226120857699,11.784093567251475,54.113060428849906,22.33576998050683,28.418981322085326,148.39766081871346,436.42087236040146,15.0,10.499999999999991,13.14000000000001,62.5,445.8198665514754,157,0.25393512077415537,1.0,6.400000000000006,10.499999999999988,45.0,0.055146770273175605,144,13622.557248734482,7559.449031674697,21182.00628040918,7072.999999999997
842,1034,257,14.029422371051888,3.967117988394584,8.771856866537712,11.782340425531935,54.129593810444874,22.101547388781455,24.274291348487786,148.54835589941973,436.42087236040146,15.0,10.399999999999991,13.14000000000001,62.5,444.8198665514754,157,0.2821835659628028,1.0,6.400000000000006,10.439999999999987,45.0,0.05136214071916223,145,14506.422731667652,6238.492876561361,20744.915608229014,7595.899999999998
843,1044,257,13.453045087132262,3.8726053639846745,8.77701149425286,11.796321839080473,54.20593869731801,22.12241379310345,24.34686759990702,148.7250957854406,436.42087236040146,15.0,10.399999999999991,13.14000000000001,62.5,443.8198665514754,157,0.2821835659628028,1.0,6.400000000000006,10.439999999999987,44.5,0.23754775313285226,145,14044.979070966081,6257.144973176105,20302.124044142187,7531.999999999997
844,1034,253,12.97195072855055,3.859767891682785,8.768181818181823,11.804912959381053,54.26450676982592,22.734816247582206,26.233276624656238,148.857833655706,436.42087236040146,15.0,10.399999999999991,13.14000000000001,62.5,443.6149096273085,157,0.25352602305532557,1.0,6.400000000000006,10.439999999999987,44.5,0.017520861437946067,145,13412.997053321267,6637.018986038028,20050.016039359296,7863.599999999998
845,1043,248,12.74464904623323,3.806327900287632,8.792042186001918,11.792444870565689,54.2823585810163,23.318983700862926,26.327489711242297,148.9798657718121,436.42087236040146,15.0,10.499999999999991,13.14000000000001,61.0,442.6149096273085,157,0.2631326498221204,1.0,6.400000000000006,10.439999999999987,44.5,0.17490373521782,145,13292.66895522126,6529.21744838809,19821.88640360935,8119.799999999997
846,1011,302,12.291750072500998,3.8090999010880315,8.79525222551929,11.788783382789315,54.32739861523244,22.34164193867461,22.79169221570473,149.22354104846687,218.21043618020073,15.0,10.499999999999991,13.020000000000008,60.5,441.6149096273085,157,0.2631326498221204,1.0,6.400000000000006,10.379999999999987,44.5,0.052530599288481694,145,12426.959323298508,6883.0910491428285,19310.050372441336,8263.299999999997
847,1004,271,12.924675389695365,3.848605577689243,8.7906374501992,11.791792828685256,54.25747011952191,21.950099601593635,22.69793846446598,149.40537848605578,218.21043618020073,15.0,10.499999999999991,12.960000000000008,60.5,440.6149096273085,157,0.2631326498221204,1.0,6.400000000000006,10.379999999999987,44.5,0.009376974452765197,146,12976.374091254145,6151.141323870281,19127.515415124428,7243.599999999998
848,1033,274,12.12612860059705,3.7850919651500483,8.810164569215885,11.78724104549855,54.25266214908035,21.338722168441443,24.597125545163117,149.56534365924492,218.21043618020073,15.0,10.499999999999991,12.960000000000008,60.5,439.6149096273085,158,0.27226505046928284,1.0,6.400000000000006,10.379999999999987,44.5,0.014104092221302267,146,12526.290844416753,6739.612399374694,19265.903243791447,6658.499999999998
849,1073,243,12.386684452393546,3.7148182665424043,8.809972041006533,11.787623485554525,54.25349487418453,21.283038210624394,26.60015490131188,149.71854613233924,176.53982881688208,15.0,10.499999999999991,12.960000000000008,60.5,438.6149096273085,158,0.2576168235196633,1.0,6.400000000000006,10.379999999999987,45.0,0.05715955359622704,146,13290.912417418274,6463.837641018787,19754.75005843706,6461.099999999998
850,1064,244,12.424778788289073,3.6710526315789473,8.80404135338345,11.799586466165403,54.32377819548872,21.904417293233085,26.956689484369583,149.87687969924812,155.72462811263992,15.0,10.499999999999991,13.020000000000008,60.5,437.6149096273085,158,0.2576168235196633,1.0,6.400000000000006,10.319999999999986,45.0,0.05191387872340858,146,13219.964630739574,6577.432234186178,19797.39686492575,7985.599999999998
851,1047,250,13.303629242331375,3.658070678127985,8.79637058261699,11.79467048710603,54.29083094555874,22.101146131805155,22.337570904237957,150.054441260745,184.6548383570581,15.0,10.499999999999991,13.020000000000008,60.5,436.6149096273085,158,0.2576168235196633,1.0,6.400000000000006,10.319999999999986,45.0,0.03002140013473098,146,13928.89981672095,5584.392726059489,19513.29254278044,7884.299999999997
852,1068,244,12.317341074797369,3.695692883895131,8.805430711610484,11.787359550561817,54.340823970037455,22.17406367041199,24.680778271394,150.18539325842696,184.6548383570581,15.0,10.499999999999991,13.020000000000008,60.5,435.6149096273085,158,0.2519816051013334,1.0,6.400000000000006,10.319999999999986,45.0,0.021775500257122715,146,13154.92026788359,6022.1098982201365,19177.030166103727,7127.599999999998
853,1035,261,11.774005117087752,3.703381642512077,8.790628019323675,11.803420289855064,54.399033816425124,22.666183574879206,26.37342010991589,150.31787439613527,184.6548383570581,15.0,10.499999999999991,13.020000000000008,60.5,434.6149096273085,159,0.2519816051013334,1.0,6.400000000000006,10.319999999999986,45.5,0.24671317389928182,146,12186.095296185824,6883.462648688048,19069.55794487387,8391.699999999997
854,1019,249,12.308944164349976,3.703631010794897,8.802649656526006,11.793974484789008,54.44308145240432,23.97242394504415,24.796493197715176,150.46221786064768,163.08952866471773,15.0,10.499999999999991,13.080000000000009,61.0,433.6149096273085,159,0.2519816051013334,1.0,6.600000000000005,10.319999999999986,45.5,0.11968522800321324,146,12542.814103472625,6174.326806231079,18717.140909703703,7931.399999999998
855,991,290,13.041394001377896,3.663975782038345,8.801311806256303,11.793784056508569,54.39404641775984,22.750857719475274,18.394006764621594,150.66700302724522,437.810777186075,15.0,10.499999999999991,13.080000000000009,61.0,156.6494627717874,159,0.28083914673741023,1.0,6.600000000000005,10.319999999999986,45.5,0.035213550595992515,147,12924.021455365495,5334.261961740262,18258.28341710576,7461.799999999997
856,1014,266,12.907209171832296,3.613412228796844,8.777317554240634,11.783195266272175,54.3905325443787,21.375246548323478,21.94193195126144,150.82248520710058,218.9053885930375,15.0,10.499999999999991,13.080000000000009,61.0,203.79048373354905,159,0.2521491895087677,1.0,6.600000000000005,10.319999999999986,45.5,0.0062639910767350315,147,13087.910100237948,5836.5538990355435,18924.463999273492,5604.799999999998
857,1061,231,12.609608255792391,3.644674835061263,8.780584354382642,11.771253534401499,54.42742695570217,21.38360037700282,24.71553275519623,151.01979264844488,253.67945313848043,15.0,10.499999999999991,13.020000000000008,61.0,202.79048373354905,159,0.2781379513517021,1.0,6.600000000000005,10.319999999999986,45.5,0.08056496091567666,147,13378.794359395728,5709.288066450329,19088.082425846056,6681.0999999999985
858,1071,246,12.726657724882065,3.623716153127918,8.814472455648922,11.767114845938401,54.49439775910364,21.812418300653597,21.5143769416376,151.22595704948645,210.10952961495292,15.0,10.499999999999991,13.020000000000008,61.0,149.15653761944387,159,0.25841459009597534,1.0,6.600000000000005,10.259999999999986,45.5,0.01619286761945604,147,13630.25042334869,5292.53672764285,18922.787150991542,7799.199999999998
859,1069,233,13.213493601139819,3.576239476145931,8.821421889616461,11.75859681945745,54.583255378858745,22.8596819457437,19.133178143442013,151.3863423760524,210.10952961495292,15.0,10.499999999999991,13.020000000000008,61.5,102.7805452957127,159,0.25841459009597534,1.0,6.800000000000004,10.259999999999986,45.5,0.06477147047782417,148,14125.224659618467,4458.030507421989,18583.255167040457,8088.399999999998
860,1039,270,11.775364075533915,3.548604427333975,8.810298363811352,11.779980750721855,54.57266602502406,23.058517805582316,21.872973020116472,151.60250240615977,210.10952961495292,15.0,10.59999999999999,13.020000000000008,61.5,151.0949013594236,155,0.25841459009597534,1.0,6.900000000000004,10.259999999999986,46.5,0.15035716334357985,148,12234.603274479738,5905.702715431447,18140.305989911183,8484.799999999997
861,1028,280,11.584750884794188,3.4863813229571985,8.814980544747081,11.787081712062259,54.60700389105058,23.479766536964977,24.297669358195233,151.7558365758755,207.65810351735837,15.0,10.59999999999999,13.080000000000009,61.5,210.10952961495292,156,0.25841459009597534,1.0,6.800000000000004,10.259999999999986,46.5,0.12966676436247204,148,11909.123909568425,6803.347420294665,18712.47132986309,7367.599999999998
862,1030,270,12.02149892732924,3.478640776699029,8.842815533980565,11.758718446601948,54.61796116504854,24.1166990291262,22.55859279250163,151.85728155339805,183.60126428820234,15.0,10.59999999999999,13.080000000000009,61.5,209.10952961495292,156,0.25178359022556157,1.0,6.800000000000004,10.259999999999986,46.5,0.14042705385583432,148,12382.143895149118,6090.820053975441,18472.963949124558,7853.799999999997
863,986,302,12.009834009736517,3.5334685598377282,8.851014198782952,11.760365111561857,54.60446247464503,22.84594320486815,20.899586136534513,152.05375253549695,209.64618021962326,15.0,10.59999999999999,13.080000000000009,61.5,168.26506710418084,156,0.2632949461361982,1.0,6.800000000000004,10.259999999999986,46.5,0.0031490339789206345,148,11841.696333600206,6311.675013233423,18153.37134683363,7771.699999999998
864,1009,274,12.35207671916271,3.572844400396432,8.847175421209108,11.776114965312201,54.5792864222002,22.508919722497506,22.606073839527966,152.2775024777007,209.64618021962326,15.0,10.59999999999999,13.080000000000009,62.0,147.0949013594236,156,0.2632949461361982,1.0,6.800000000000004,10.259999999999986,46.5,0.021896831257785188,148,12463.245409635174,6194.064232030662,18657.309641665837,6589.399999999998
865,1018,269,12.276024083337372,3.5304518664047153,8.845186640471507,11.775383104125739,54.69106090373281,22.525638506876238,25.434205150795545,152.4312377210216,209.64618021962326,15.0,10.59999999999999,13.080000000000009,62.0,146.0949013594236,157,0.2699424192042973,1.0,6.800000000000004,10.259999999999986,47.0,0.039296396323178495,148,12496.992516837445,6841.801185564002,19338.793702401446,7092.499999999997
866,1025,266,11.79407690954874,3.56,8.824390243902425,11.768136585365859,54.697560975609754,21.78448780487805,26.08111992107369,152.6370731707317,159.98935811896374,13.0,10.59999999999999,13.080000000000009,62.0,174.9124230204684,158,0.25201229190420127,1.0,6.800000000000004,10.259999999999986,47.0,0.18985272414034493,149,12088.92883228746,6937.5778990056015,19026.506731293062,7275.399999999998
867,1034,256,12.575072098599328,3.5290135396518374,8.835493230174071,11.752630560928441,54.70551257253385,21.393907156673116,24.843893109116394,152.8733075435203,268.00387864635854,13.0,10.59999999999999,13.080000000000009,62.0,167.32278001034274,158,0.25201229190420127,1.0,6.800000000000004,10.259999999999986,47.0,0.03043890982738673,149,13002.624549951706,6360.036635933797,19362.661185885503,6892.599999999998
868,1046,250,13.282726219863784,3.5420650095602295,8.829349904397702,11.764359464627159,54.75095602294455,21.659369024856623,22.131123641088834,153.04110898661568,268.00387864635854,13.0,10.59999999999999,13.080000000000009,62.0,126.8968396747534,158,0.25201229190420127,1.0,6.800000000000004,10.259999999999986,47.0,0.18271013194236851,149,13893.731625977518,5532.7809102722085,19426.512536249727,7297.499999999997
869,1070,252,12.958059579762317,3.506542056074766,8.831121495327103,11.78618691588787,54.78317757009346,20.855981308411216,22.425730633919617,153.2233644859813,186.79970510319157,13.0,10.59999999999999,13.080000000000009,62.0,125.8968396747534,158,0.25015299733354096,1.0,6.800000000000004,10.259999999999986,47.0,0.2699424192042973,149,13865.12375034568,5651.284119747744,19516.407870093422,6682.799999999997
870,1091,228,13.644648533510404,3.4867094408799266,8.819615032080648,11.779138405132915,54.77543538038497,21.841613198900095,20.961763048336792,153.40604949587535,186.79970510319157,13.0,10.59999999999999,13.080000000000009,61.0,148.32299486318576,158,0.25015299733354096,1.0,6.800000000000004,10.259999999999986,47.0,0.05301897638194353,149,14886.31155005985,4779.281975020788,19665.59352508064,7213.899999999998
871,1069,253,13.115710861963233,3.4256314312441534,8.816931711880251,11.787109448082328,54.88119738072965,22.725912067352674,20.425888546177926,153.58091674462113,175.3524802493089,13.0,10.59999999999999,13.080000000000009,61.5,147.32299486318576,158,0.25015299733354096,1.0,6.900000000000004,10.259999999999986,47.0,0.04576862459508213,150,14020.694911438697,5167.749802183015,19188.444713621713,9142.899999999998
872,1072,242,12.642774074691657,3.417910447761194,8.800373134328353,11.803880597014917,54.8740671641791,23.120988805970164,21.334414260608757,153.77238805970148,193.02292113898363,13.0,10.59999999999999,13.080000000000009,61.5,152.13958849307568,158,0.25015299733354096,1.0,6.900000000000004,10.259999999999986,47.0,0.1675713761714599,150,13553.053808069455,5162.928251067319,18715.982059136775,8195.799999999997
873,1045,263,12.681766767402218,3.3923444976076556,8.793205741626783,11.793473684210527,54.94306220095694,23.324688995215325,19.399676739815806,153.9645933014354,193.02292113898363,12.0,10.69999999999999,13.14000000000001,61.5,175.3524802493089,158,0.25015299733354096,1.0,6.900000000000004,10.259999999999986,47.0,0.2561482271477084,150,13252.446271935318,5102.114982571557,18354.561254506876,8152.399999999998
874,1043,258,12.743793925134394,3.3346116970278046,8.782070949185032,11.798715244487063,54.893576222435286,22.96251198465966,20.000121814253404,154.17353787152445,193.02292113898363,12.0,10.69999999999999,13.14000000000001,61.5,154.1026871035137,158,0.25015299733354096,1.0,6.900000000000004,10.319999999999986,47.0,0.010424747426619918,150,13291.777063915173,5160.031428077378,18451.808491992553,7557.499999999997
875,1052,249,12.427724632252918,3.3583650190114067,8.784695817490485,11.805057034220537,54.928231939163496,22.524239543726267,20.43373605747574,154.34885931558935,197.02292113898363,12.0,10.69999999999999,13.14000000000001,61.5,153.1026871035137,158,0.26596304910040314,1.0,6.900000000000004,10.319999999999986,46.5,0.11262213410743538,150,13073.96631313007,5088.00027831146,18161.96659144153,7713.099999999998
876,1079,243,11.822239780131987,3.3327154772937906,8.777015755329012,11.793864689527341,54.92215013901761,22.082761816496763,23.564274383067982,154.50139017608896,197.02292113898363,12.0,10.69999999999999,13.14000000000001,61.5,182.11527148998232,159,0.2687960906699795,1.0,6.900000000000004,10.319999999999986,46.5,0.0680287415947276,150,12756.196722762414,5726.1186750855195,18482.31539784793,7214.799999999997
877,1099,239,12.591515993880057,3.3239308462238397,8.777343039126471,11.778616924476792,54.88171064604185,21.999727024567818,20.432592581367523,154.6897179253867,155.18890029230636,12.0,10.69999999999999,13.14000000000001,61.5,183.82745665034724,159,0.2687960906699795,1.0,6.900000000000004,10.319999999999986,46.5,0.03277729812553498,150,13838.076077274183,4883.389626946838,18721.46570422102,7188.699999999998
878,1091,253,12.428852042133807,3.2667277726856097,8.770485792850604,11.79002749770852,54.94271310724106,22.13932172318975,21.04263066240609,154.8377635197067,185.51146056949182,12.0,10.69999999999999,13.14000000000001,61.5,182.82745665034724,160,0.262459764219235,1.0,6.900000000000004,10.379999999999987,46.5,0.011259490760792357,150,13559.877577967984,5323.785557588741,18883.663135556722,7733.199999999998
879,1120,237,12.634860643622483,3.351785714285714,8.77732142857142,11.80564285714288,54.89821428571429,22.03892857142859,20.284901989662437,155.03392857142856,185.00027308520424,12.0,10.69999999999999,13.14000000000001,61.5,160.64059256755195,160,0.25159690807761925,1.0,6.900000000000004,10.379999999999987,46.5,0.003844751240278388,150,14151.04392085718,4807.5217715499975,18958.565692407177,7105.699999999998
880,1135,235,12.374505452691592,3.3453744493392072,8.78828193832598,11.813180616740105,54.88237885462555,22.24810572687225,21.444111418673494,155.21850220264318,151.94785633103825,12.0,10.69999999999999,13.14000000000001,61.5,159.64059256755195,160,0.25159690807761925,1.0,6.900000000000004,10.379999999999987,46.5,0.03277729812553498,150,14045.063688804958,5039.366183388271,19084.42987219323,7274.099999999998
881,1128,244,12.771979676232261,3.353723404255319,8.788120567375879,11.822021276595777,54.94902482269504,22.76356382978726,19.357316353531242,155.375,159.304816797386,13.0,10.79999999999999,13.14000000000001,61.5,114.48331012604548,160,0.25159690807761925,1.0,6.900000000000004,10.319999999999986,46.5,0.21031305270119827,150,14406.79307478999,4723.185190261624,19129.978265051614,7887.699999999997
882,1113,249,12.551240900542913,3.3423180592991915,8.767475292003573,11.841455525606495,55.040880503144656,23.50431266846364,19.582411818585058,155.51482479784366,171.2966799356626,13.0,10.79999999999999,13.20000000000001,61.5,151.94785633103825,160,0.25159690807761925,1.0,6.900000000000004,10.319999999999986,46.5,0.054422777261124544,151,13969.531122304263,4876.0205428276795,18845.55166513194,8354.299999999997
883,1101,262,12.284780677767557,3.320617620345141,8.761489554950039,11.858855585831076,55.05040871934605,23.97638510445049,19.083812044837035,155.6802906448683,159.304816797386,13.0,10.79999999999999,13.20000000000001,61.5,136.13359542711885,160,0.25867571516660626,1.0,6.800000000000004,10.319999999999986,46.5,0.03287435618212853,152,13525.54352622208,4999.958755747303,18525.502281969384,8195.499999999998
884,1080,270,12.347174837063237,3.3296296296296295,8.773888888888889,11.873833333333348,55.03564814814815,24.242129629629613,17.91597364239624,155.8212962962963,159.304816797386,13.0,10.79999999999999,13.20000000000001,61.5,135.13359542711885,159,0.25867571516660626,1.0,6.800000000000004,10.319999999999986,46.5,0.05702054524880884,152,13334.948824028297,4837.312883446984,18172.26170747528,7935.599999999998
885,1058,265,11.6986124199957,3.2637051039697544,8.768998109640828,11.86105860113423,54.975897920604915,24.614083175803415,21.637492824017666,155.96030245746692,149.67985356384776,13.0,10.89999999999999,13.20000000000001,61.5,162.65687760433946,160,0.25867571516660626,1.0,6.800000000000004,10.379999999999987,46.0,0.27021626816666144,152,12377.13194035545,5733.935598364682,18111.067538720134,7872.399999999998
886,1044,267,11.905015929763024,3.2097701149425286,8.787452107279698,11.86689655172414,54.98275862068966,24.012452107279668,22.763184318583974,156.06226053639847,165.845177380876,13.0,10.89999999999999,13.20000000000001,61.5,158.304816797386,161,0.2593779667048055,1.0,6.800000000000004,10.379999999999987,46.0,0.04546473387657546,152,12428.836630672598,6077.770213061921,18506.60684373452,7295.799999999997
887,1060,282,11.500660847175391,3.2084905660377356,8.767547169811317,11.90247169811321,54.987264150943396,22.777924528301863,24.155856273609313,156.30188679245282,194.9961929203011,13.0,10.89999999999999,13.20000000000001,61.5,157.304816797386,162,0.2593779667048055,1.0,6.800000000000004,10.379999999999987,46.0,0.01840199980977575,152,12190.700498005914,6811.951469157826,19002.65196716374,7007.899999999998
888,1063,280,12.086071614995491,3.2530573847601127,8.75860771401692,11.909350893697088,54.9755409219191,22.423142050799616,23.770195639456517,156.48071495766698,186.2520023620794,13.0,10.89999999999999,13.20000000000001,61.5,156.304816797386,162,0.2593779667048055,1.0,6.800000000000004,10.379999999999987,46.0,0.24249421297267504,152,12847.494126740208,6655.654779047824,19503.14890578803,6961.299999999997
889,1056,262,13.015987029780234,3.2518939393939394,8.769034090909079,11.901193181818188,54.93986742424242,22.503124999999994,20.83282806139628,156.62878787878788,204.05386502746126,14.0,10.89999999999999,13.20000000000001,62.0,147.09572095529435,162,0.2593779667048055,1.0,6.800000000000004,10.379999999999987,46.0,0.2168626223097434,153,13744.882303447928,5458.2009520858255,19203.083255533755,7781.999999999998
890,1083,252,12.504734285573246,3.240073868882733,8.798799630655576,11.895734072022169,54.9792243767313,22.88799630655589,23.730340998845982,156.7820867959372,204.05386502746126,14.0,10.89999999999999,13.20000000000001,62.0,149.67985356384776,162,0.2593779667048055,1.0,6.800000000000004,10.379999999999987,46.0,0.007624788788960668,153,13542.627231275825,5980.045931709187,19522.67316298501,7273.999999999998
891,1084,266,11.897610733660743,3.2306273062730626,8.801476014760135,11.889520295202958,54.957564575645755,22.499077490774937,25.163065940678717,156.9381918819188,204.05386502746126,14.0,10.89999999999999,13.20000000000001,62.0,276.595610300492,162,0.2593779667048055,1.0,6.800000000000004,10.379999999999987,46.0,0.04660163922972593,153,12897.010035288245,6693.375540220539,19590.385575508786,7470.199999999998
892,1088,263,12.718281431475768,3.275735294117647,8.791084558823519,11.873106617647093,54.96875,22.117830882352933,23.71703598963881,157.14430147058823,276.61698484201804,14.0,10.89999999999999,13.26000000000001,62.0,194.12653304867533,162,0.270923536209375,1.0,6.800000000000004,10.319999999999986,46.0,0.02137454152600604,153,13837.490197445635,6237.580465275007,20075.070662720642,6999.099999999998
893,1090,248,13.125291805865706,3.2908256880733946,8.796055045871558,11.888036697247696,55.08394495412844,23.107889908256876,21.197841741159444,157.3045871559633,218.05664514676658,12.0,10.89999999999999,13.26000000000001,62.0,154.41125859538917,162,0.270923536209375,1.0,6.800000000000004,10.319999999999986,46.0,0.14803651365170234,154,14306.568068393619,5257.064751807542,19563.63282020116,8165.799999999997
894,1068,272,12.445995663379389,3.295880149812734,8.801217228464413,11.897865168539298,55.081460674157306,23.06123595505615,21.75056084858029,157.49719101123594,203.49863899840517,12.0,10.89999999999999,13.26000000000001,62.0,218.05664514676658,162,0.27482665647923515,1.0,6.800000000000004,10.319999999999986,46.0,0.20477510679417454,154,13292.323368489187,5916.152550813838,19208.475919303026,8206.699999999997
895,1081,254,12.918877632704888,3.3256244218316375,8.813876040703038,11.902923219241444,55.08140610545791,23.418778908418123,22.670555311479756,157.67345050878816,203.49863899840517,12.0,10.89999999999999,13.26000000000001,62.0,217.05664514676658,163,0.27482665647923515,1.0,6.700000000000005,10.319999999999986,46.0,0.030681769761622846,154,13965.306720953984,5758.321049115858,19723.62777006984,7171.599999999998
896,1075,270,12.813867308558779,3.3265116279069766,8.833581395348833,11.91722790697675,55.203720930232556,23.324279069767424,20.610396583044704,157.86418604651163,217.85580313795302,12.0,10.89999999999999,13.26000000000001,62.5,168.4931302843962,163,0.2500858534200109,1.0,6.700000000000005,10.319999999999986,46.0,0.021078277887179198,154,13774.907356700687,5564.80707742207,19339.714434122758,7966.199999999997
897,1084,278,11.81078140892084,3.341328413284133,8.814114391143915,11.922066420664205,55.207564575645755,22.97047970479706,25.559185965533118,158.02029520295204,202.1902019312246,12.0,10.89999999999999,13.26000000000001,62.5,217.85580313795302,163,0.2500858534200109,1.0,6.700000000000005,10.319999999999986,46.0,0.03608911487509259,154,12802.887047270191,7105.453698418207,19908.340745688398,7227.999999999997
898,1071,280,12.67619826237422,3.380018674136321,8.802801120448171,11.91675070028012,55.244631185807656,22.59635854341736,24.827309185836437,158.18300653594773,202.1902019312246,12.0,10.89999999999999,13.20000000000001,62.5,216.85580313795302,163,0.2500858534200109,1.0,6.700000000000005,10.319999999999986,46.5,0.03036532897356281,154,13576.20833900279,6951.646572034202,20527.854911036993,7107.899999999998
899,1061,276,13.776331266274177,3.3694627709707823,8.806691800188496,11.914043355325173,55.22855796418473,23.283977379830333,23.803601707485203,158.33647502356268,218.04622910760176,12.0,10.79999999999999,13.20000000000001,62.5,147.96290991349352,163,0.2500858534200109,1.0,6.700000000000005,10.319999999999986,46.5,0.014078394317107445,154,14616.687473516902,6569.7940712659165,21186.48154478282,7533.999999999998
900,1060,275,13.763926114818062,3.3537735849056602,8.825283018867928,11.912603773584902,55.197641509433964,23.005849056603726,22.94246646287911,158.5132075471698,142.30918925203915,12.0,10.79999999999999,13.20000000000001,62.5,146.96290991349352,163,0.2500858534200109,1.0,6.700000000000005,10.319999999999986,47.0,0.05166792966418665,154,14589.761681707147,6309.178277291756,20898.939958998904,7430.899999999998
901,1062,260,13.875963530617408,3.3192090395480225,8.836064030131825,11.905762711864405,55.13935969868173,22.52523540489641,22.11956633819697,158.69868173258004,209.28455112121765,11.0,10.79999999999999,13.20000000000001,62.5,172.02093369464183,163,0.25211604044626057,1.0,6.700000000000005,10.319999999999986,46.5,0.025833964832093326,154,14736.273269515688,5751.087247931213,20487.3605174469,7527.899999999998
902,1099,262,12.994004093367142,3.305732484076433,8.833939945404891,11.902711555959947,55.14695177434031,22.08034576888079,24.330289676533354,158.86624203821657,209.28455112121765,11.0,10.79999999999999,13.20000000000001,62.5,171.02093369464183,163,0.2991336550195399,1.0,6.700000000000005,10.319999999999986,46.5,0.11980769948514514,155,14280.410498610489,6374.535895251739,20654.94639386223,7284.599999999998
903,1087,272,12.675241895836725,3.3532658693652255,8.80855565777369,11.902520699172024,55.20653173873045,21.631738730450774,26.27803072451484,159.03771849126034,181.3618028946496,11.0,10.89999999999999,13.20000000000001,62.5,209.28455112121765,163,0.2500107316775014,1.0,6.700000000000005,10.319999999999986,46.0,0.005209883158913797,155,13777.987940774521,7147.624357068036,20925.612297842556,7302.899999999998
904,1106,262,12.688064773281434,3.3164556962025316,8.822242314647376,11.87598553345388,55.10443037974684,21.622423146473764,27.506772456553367,159.19258589511753,181.96575657028592,11.0,10.89999999999999,13.20000000000001,62.5,238.69946966114253,164,0.29380613992768534,1.0,6.700000000000005,10.319999999999986,46.0,0.15631988192647017,155,14032.999639249267,7206.774383616982,21239.774022866248,6911.099999999998
905,1106,251,12.960730502981988,3.334538878842676,8.820614828209758,11.875714285714286,55.131555153707055,22.639240506329106,29.40328821548478,159.3616636528029,215.91413191753614,11.0,10.89999999999999,13.26000000000001,62.5,237.69946966114253,164,0.27262241743090193,1.0,6.700000000000005,10.319999999999986,46.0,0.049049244498820865,155,14334.567936298079,7380.225342086679,21714.793278384757,7753.699999999997
906,1107,252,13.352667072157093,3.3423667570009035,8.80948509485094,11.883035230352323,55.06594399277326,23.473261065944016,26.92766553397781,159.50948509485096,215.91413191753614,11.0,10.89999999999999,13.26000000000001,63.0,236.69946966114253,164,0.26900100345123784,1.0,6.800000000000004,10.319999999999986,46.0,0.26175158549043887,156,14781.402448877901,6785.771714562407,21567.174163440308,8454.899999999998
907,1083,270,14.198937337562386,3.36657433056325,8.789473684210513,11.89551246537397,55.03416435826408,23.7576177285319,21.489526835006437,159.64912280701753,237.11630867232586,11.0,10.79999999999999,13.26000000000001,63.0,195.66706251646866,164,0.26900100345123784,1.0,6.800000000000004,10.319999999999986,46.0,0.04876898193254786,156,15377.449136580064,5802.172245451738,21179.6213820318,8272.999999999996
908,1067,272,13.703132128749779,3.3833177132146206,8.798687910028113,11.874545454545444,54.940487347703844,23.929240862230575,26.90891122084263,159.79475164011245,237.11630867232586,11.0,10.79999999999999,13.26000000000001,63.0,155.23870673693722,164,0.26315178367082837,1.0,7.0000000000000036,10.259999999999986,46.0,0.0987433985582391,156,14621.241981376013,7319.223852069195,21940.46583344521,7622.499999999998
909,1013,312,13.65327486102828,3.4442250740375124,8.810266535044411,11.867087857847988,54.900789733464954,23.26535044422511,24.761984171327743,159.92398815399804,237.11630867232586,11.0,10.79999999999999,13.26000000000001,63.0,152.06540651285823,164,0.26315178367082837,1.0,7.0000000000000036,10.259999999999986,46.0,0.018418696387282996,156,13830.767434221647,7725.7390614542555,21556.5064956759,7929.499999999997
910,1041,292,12.867860296642128,3.414985590778098,8.82017291066283,11.857982708933735,54.81364073006724,23.185878962536027,28.39704493253688,160.073967339097,196.8321575794306,11.0,10.79999999999999,13.26000000000001,63.0,237.11630867232586,165,0.2504285509503334,1.0,6.900000000000004,10.199999999999985,46.0,0.07699576450046575,156,13395.442568804456,8291.937120300769,21687.379689105226,6235.399999999998
911,1024,318,12.790936827405902,3.423828125,8.805566406250005,11.865585937500008,54.75146484375,22.367871093749986,27.9735775100334,160.287109375,196.8321575794306,11.0,10.79999999999999,13.26000000000001,63.0,236.11630867232586,165,0.2504285509503334,1.0,6.900000000000004,10.199999999999985,46.0,0.14998360275625333,156,13097.919311263644,8895.597648190622,21993.516959454268,7310.899999999998
912,1044,283,14.031802806070646,3.4549808429118776,8.795210727969343,11.859425287356332,54.75670498084291,22.345114942528742,28.064328798848102,160.47413793103448,237.6561418792793,11.0,10.79999999999999,13.320000000000011,63.0,149.06540651285823,166,0.2504285509503334,1.0,6.900000000000004,10.199999999999985,46.0,0.04876898193254786,156,14649.202129537754,7942.205050074013,22591.407179611768,6191.599999999998
913,1071,262,15.28627445306292,3.4687208216619982,8.784220354808587,11.859103641456596,54.70774976657329,22.43828197945845,24.50941915355015,160.64425770308122,237.6561418792793,11.0,10.79999999999999,13.320000000000011,63.0,148.06540651285823,166,0.26315178367082837,1.0,6.900000000000004,10.139999999999985,46.0,0.019957524956615735,157,16371.599939230386,6421.4678182301395,22793.067757460525,6546.299999999997
914,1061,291,14.311472068701997,3.4542884071630535,8.796041470311032,11.835098963242233,54.66446748350613,22.601319509896346,25.73466004861089,160.76814326107447,199.33995866211822,11.0,10.69999999999999,13.320000000000011,63.0,196.8321575794306,166,0.26243377231641446,1.0,6.800000000000004,10.139999999999985,46.0,0.04034465808234433,157,15184.47186489282,7488.786074145769,22673.257939038587,7670.999999999997
915,1053,271,15.128030138624643,3.49002849002849,8.796391263057913,11.82894586894588,54.71604938271605,23.900379867046546,23.46465546090688,160.9145299145299,202.40232294603064,11.0,10.69999999999999,13.320000000000011,63.5,199.33995866211822,166,0.26243377231641446,1.0,6.800000000000004,10.139999999999985,46.0,0.002438902541216592,157,15929.81573597175,6358.921629905764,22288.737365877514,8086.099999999998
916,1021,298,14.822427053010811,3.513222331047992,8.786679725759047,11.849618021547508,54.78354554358472,23.886092066601368,22.464400406456036,161.06758080313418,257.1331070434225,11.0,10.79999999999999,13.320000000000011,63.5,198.33995866211822,167,0.26243377231641446,1.0,6.800000000000004,10.199999999999985,46.0,0.04672803243882706,157,15133.698021124039,6694.391321123899,21828.08934224794,8220.899999999998
917,1034,286,13.78752696395801,3.5357833655705995,8.753578336557064,11.85591876208896,54.73984526112186,23.332205029013515,27.80592639238542,161.26112185686654,173.41873740394956,11.0,10.79999999999999,13.320000000000011,63.5,198.92288385295063,167,0.26243377231641446,1.0,6.800000000000004,10.199999999999985,46.0,0.07154698352216293,157,14256.302880732583,7952.49494822223,22208.797828954812,6660.299999999997
918,1038,278,13.594846882006085,3.489402697495183,8.744219653179194,11.873583815028914,54.74710982658959,23.1679190751445,28.064087740699687,161.47495183044316,172.72973314731752,11.0,10.79999999999999,13.320000000000011,63.5,197.92288385295063,167,0.2696581281411474,1.0,6.800000000000004,10.199999999999985,46.0,0.1543012184815553,157,14111.451063522316,7801.816391914513,21913.267455436828,7491.699999999998
919,1055,286,14.00375615952369,3.4843601895734597,8.746635071090058,11.864075829383893,54.712322274881515,22.31895734597155,24.837866257976216,161.71184834123224,215.07228830452135,11.0,10.79999999999999,13.320000000000011,63.5,196.92288385295063,167,0.2696581281411474,1.0,6.800000000000004,10.199999999999985,46.0,0.12907546677267145,158,14773.962748297492,7103.629749781198,21877.59249807869,6970.199999999998
920,1069,269,14.116634078121162,3.4780168381665106,8.745463049579037,11.859681945743695,54.72170252572498,22.583816651075747,28.041995196878837,161.87745556594948,257.2199439061211,11.0,10.89999999999999,13.380000000000011,63.5,195.92288385295063,167,0.2696581281411474,1.0,6.800000000000004,10.199999999999985,46.0,0.25771574646613904,158,15090.681829511523,7543.296707960407,22633.97853747193,7092.799999999998
921,1066,301,14.035768846844045,3.4324577861163226,8.726454033771093,11.855234521575984,54.668855534709195,22.621669793621,24.748059812040776,162.02157598499062,198.2496844788822,11.0,10.89999999999999,13.380000000000011,63.5,257.2199439061211,167,0.2696581281411474,1.0,6.800000000000004,10.199999999999985,46.0,0.023011852298535196,158,14962.129590735753,7449.166003424273,22411.295594160027,8276.299999999997
922,1052,298,14.230072313663312,3.452471482889734,8.730608365019005,11.845437262357425,54.6430608365019,23.638783269961937,24.42458313274764,162.14828897338404,144.50293621485937,11.0,10.89999999999999,13.380000000000011,63.5,256.2199439061211,167,0.27074977021088764,1.0,6.800000000000004,10.139999999999985,46.0,0.007208726249740227,158,14970.036073973804,7278.525773558797,22248.5618475326,7921.499999999998
923,1003,310,14.676613222439634,3.476570289132602,8.722632103688934,11.846739780658046,54.641076769690926,23.867796610169478,23.608204383010012,162.31704885343967,259.3215190575921,11.0,10.89999999999999,13.320000000000011,63.5,169.72973314731752,167,0.27074977021088764,1.0,6.800000000000004,10.139999999999985,46.0,0.037396428788808,158,14720.643062106954,7318.543358733104,22039.18642084006,8604.899999999998
924,990,309,14.461017622093625,3.45959595959596,8.716464646464631,11.830545454545451,54.64242424242424,22.63787878787878,23.608771493901234,162.46767676767678,259.3215190575921,11.0,10.89999999999999,13.320000000000011,64.0,121.19954178783853,168,0.27074977021088764,1.0,6.800000000000004,10.139999999999985,46.5,0.13952539995871316,158,14316.407445872688,7295.110391615481,21611.51783748817,7317.099999999998
925,1029,276,14.31907212197549,3.457725947521866,8.759669582118535,11.82075801749271,54.76433430515063,22.61875607385816,26.611562907690207,162.66958211856172,177.57353712540083,11.0,10.89999999999999,13.320000000000011,64.0,259.3215190575921,168,0.28196880252446466,1.0,6.800000000000004,10.139999999999985,46.5,0.0036043631248701136,159,14734.325213512779,7344.791362522497,22079.116576035274,6307.399999999999
926,1032,277,14.257234831792383,3.4631782945736433,8.740697674418595,11.821220930232558,54.8687015503876,21.99844961240313,25.386298662148253,162.84883720930233,175.031200854551,11.0,10.89999999999999,13.380000000000011,64.0,258.3215190575921,168,0.28196880252446466,1.0,6.700000000000005,10.139999999999985,46.0,0.03826908355168568,159,14713.46634640974,7032.004729415066,21745.471075824804,7424.899999999998
927,1059,268,13.672729008784193,3.461756373937677,8.750236071765817,11.81031161473087,54.92540132200189,22.281869688385267,25.877246315292115,163.00661000944288,258.7864430416864,11.0,10.99999999999999,13.380000000000011,64.0,141.99055189900037,168,0.3095491437929487,1.0,6.700000000000005,10.139999999999985,46.0,0.05863946814464294,159,14479.420020302461,6935.102012498287,21414.52203280075,7582.199999999998
928,1019,293,14.068901595585173,3.4533856722276743,8.761432777232578,11.804043179587838,54.9342492639843,24.194798822374896,24.09953695719521,163.17173699705594,258.7864430416864,11.0,10.99999999999999,13.380000000000011,64.0,123.63788727593808,168,0.2624030355319089,1.0,6.700000000000005,10.139999999999985,46.0,0.002092808092500009,159,14336.21072590129,7061.164328458196,21397.375054359487,9697.999999999996
929,963,313,14.716451745530454,3.4402907580477673,8.782346832814111,11.788909657320875,54.90238836967809,25.087538940809964,21.737187757731935,163.34267912772586,251.86966958856158,10.0,10.99999999999999,13.320000000000011,64.0,258.7864430416864,168,0.2624030355319089,1.0,6.700000000000005,10.139999999999985,46.0,0.011485653719631728,159,14171.943030945828,6803.739768170095,20975.682799115923,9432.899999999998
930,965,323,12.977319524146509,3.4310880829015544,8.790362694300523,11.7863005181347,54.88238341968912,23.98103626943002,24.932605418423858,163.53575129533678,198.7858471213383,10.0,10.99999999999999,13.320000000000011,64.5,257.7864430416864,169,0.2624030355319089,1.0,6.600000000000005,10.139999999999985,46.0,0.042771911447141875,160,12523.113340801381,8053.231550150906,20576.344890952285,7593.999999999997
931,977,323,13.514439222846615,3.3889457523029685,8.787103377686789,11.768966223132038,54.82753326509724,22.634186284544526,25.8364420505444,163.70317297850562,198.7858471213383,10.0,10.99999999999999,13.20000000000001,64.5,256.7864430416864,169,0.2954791179499852,1.0,6.600000000000005,10.139999999999985,46.0,0.0006954572084474364,160,13203.607120721143,8345.17078232584,21548.777903046983,6608.599999999998
932,985,312,14.14414589978517,3.4060913705583755,8.789949238578677,11.792406091370564,54.833502538071066,22.039390862944163,23.972959538484236,163.88934010152283,162.3403305730526,10.0,10.99999999999999,13.20000000000001,64.5,255.78644304168643,169,0.2954791179499852,1.0,6.600000000000005,10.139999999999985,46.0,0.026224277229887516,160,13931.983711288392,7479.563376007081,21411.547087295476,6954.299999999997
933,992,315,13.266403624677615,3.4536290322580645,8.776310483870954,11.803790322580634,54.923891129032256,21.448084677419324,25.441294745212424,164.10987903225808,256.1304696791482,10.0,10.99999999999999,13.26000000000001,64.5,162.3403305730526,169,0.2688550466313358,1.0,6.600000000000005,10.139999999999985,46.0,0.10364356335444525,161,13160.272395680195,8014.007844741914,21174.280240422107,7360.599999999998
934,1021,272,14.4327368062622,3.4485798237022527,8.739764936336918,11.808952007835469,54.90695396669931,21.507933398628797,25.65688265120765,164.31145935357492,256.1304696791482,10.0,10.79999999999999,13.26000000000001,64.5,168.460980851601,169,0.26053815830973415,1.0,6.600000000000005,10.139999999999985,46.0,0.05921534973267195,161,14735.824279193706,6978.67208112848,21714.496360322188,6828.899999999998
935,1052,263,13.396870570735611,3.45532319391635,8.760456273764259,11.793193916349827,54.97908745247148,21.855228136882122,27.35162406542185,164.51045627376425,198.82310170861126,10.0,10.79999999999999,13.320000000000011,64.5,202.56640861979562,170,0.26053815830973415,1.0,6.600000000000005,10.139999999999985,46.0,0.50104640404625,161,14093.507840413864,7193.477129205946,21286.98496961981,7665.499999999997
936,1059,264,13.766552877925882,3.4787535410764874,8.765250236071758,11.78708215297451,55.061850802644,22.08611898016998,23.676831238957075,164.71860245514637,213.57811381922568,10.0,10.79999999999999,13.320000000000011,64.5,166.460980851601,170,0.26053815830973415,1.0,6.600000000000005,10.079999999999984,46.0,0.06828437246746466,161,14578.77949772351,6250.683447084668,20829.462944808176,7914.499999999997
937,1066,271,13.248975177985415,3.5384615384615383,8.747936210131337,11.78144465290808,55.150093808630395,22.23846153846154,23.33816063412903,164.90525328330207,213.57811381922568,10.0,10.79999999999999,13.320000000000011,64.5,170.65568853396644,170,0.26053815830973415,1.0,6.600000000000005,10.079999999999984,46.0,0.009002529481929589,161,14123.407539732452,6324.641531848967,20448.04907158142,8024.899999999998
938,1077,252,13.785228631961237,3.586815227483751,8.748653667595178,11.77431754874653,55.146239554317546,22.857938718662947,20.918974539202804,165.06499535747446,213.57811381922568,10.0,10.79999999999999,13.320000000000011,64.5,169.65568853396644,170,0.26053815830973415,1.0,6.700000000000005,10.079999999999984,46.0,0.03182661118223118,161,14846.691236622253,5271.581583879107,20118.27282050136,8144.699999999997
939,1065,283,12.383292709616269,3.596244131455399,8.768356807511731,11.764338028169014,55.18779342723005,23.76291079812209,23.08190497998218,165.22347417840376,231.71197729008492,10.0,10.69999999999999,13.320000000000011,64.5,168.65568853396644,170,0.26053815830973415,1.0,6.700000000000005,10.079999999999984,46.0,0.06365322236446236,161,13188.206735741327,6532.179109334957,19720.385845076285,9412.999999999996
940,1015,283,12.266431081568946,3.586206896551724,8.767290640394087,11.74652216748769,55.333990147783254,24.45083743842366,25.324744979551312,165.35960591133005,182.17172513814037,10.0,10.69999999999999,13.320000000000011,64.5,231.71197729008492,170,0.26053815830973415,1.0,6.900000000000004,10.139999999999985,46.0,0.004549864998698361,161,12450.42754779248,7166.9028292130215,19617.330377005503,9050.699999999997
941,988,328,11.987934364358509,3.632591093117409,8.774493927125498,11.758724696356285,55.308704453441294,23.276518218623476,23.105646879450788,165.58805668016194,185.37160798000943,10.0,10.79999999999999,13.320000000000011,65.0,230.71197729008492,171,0.26053815830973415,1.0,6.900000000000004,10.139999999999985,47.0,0.011315142475310402,161,11844.079151986207,7578.652176459858,19422.731328446065,8449.199999999997
942,991,289,13.127545669700542,3.6407669021190716,8.787487386478304,11.75745711402625,55.337033299697275,22.51291624621594,25.22801304427845,165.803229061554,182.17172513814037,10.0,10.79999999999999,13.320000000000011,65.0,229.71197729008492,171,0.2514143928094138,1.0,6.900000000000004,10.259999999999986,47.0,0.0631319072489922,162,13009.397758673236,7290.8957697964715,20300.29352846971,6310.899999999998
943,1023,271,13.632051842395324,3.644183773216031,8.782600195503415,11.769501466275686,55.31524926686217,22.172043010752667,24.246228914193534,165.98729227761487,232.6444744299364,10.0,10.79999999999999,13.380000000000011,65.0,152.84172415132346,172,0.2514143928094138,1.0,6.800000000000004,10.259999999999986,47.0,0.1619230508950329,162,13945.589034770417,6570.728035746448,20516.317070516867,6955.699999999998
944,1069,252,13.547917226985003,3.6145930776426565,8.772684752104762,11.77156220767073,55.31852198316184,22.335640785781116,23.957716248318203,166.14780168381665,173.70428015459308,11.0,10.79999999999999,13.380000000000011,65.0,182.17172513814037,172,0.2528084065351549,1.0,6.800000000000004,10.259999999999986,47.0,0.05664969344621351,162,14482.723515646969,6037.344494576188,20520.068010223156,6939.899999999998
945,1056,263,13.279663112788857,3.6136363636363638,8.77481060606061,11.791363636363627,55.328125,22.369034090909114,23.557081564746753,166.33901515151516,180.3929297861861,11.0,10.79999999999999,13.380000000000011,65.0,181.17172513814037,172,0.2528084065351549,1.0,6.800000000000004,10.259999999999986,47.0,0.09370571223992652,162,14023.324247105033,6195.512451528396,20218.83669863343,7943.499999999997
946,1079,248,13.372994055053805,3.6274328081557,8.76913809082484,11.78574606116776,55.390639481000925,23.40481927710843,22.232621464708103,166.53938832252086,240.63923289341608,11.0,10.79999999999999,13.20000000000001,65.0,123.23346640835992,172,0.2528084065351549,1.0,6.800000000000004,10.199999999999985,47.0,0.010915827389725852,162,14429.460585403056,5513.690123247609,19943.150708650664,8288.399999999998
947,1050,280,12.846533266328676,3.597142857142857,8.786190476190459,11.79760000000003,55.41047619047619,23.82580952380953,22.267400809474285,166.70666666666668,205.77503595502895,11.0,10.79999999999999,13.20000000000001,65.0,113.48590636213625,173,0.2528084065351549,1.0,6.800000000000004,10.199999999999985,47.0,0.046568234091209915,163,13488.859929645108,6234.8722266528,19723.73215629791,8656.299999999997
948,997,299,12.919184284022858,3.6308926780341024,8.769608826479434,11.825897693079238,55.413239719157474,23.953059177532584,21.093853411265023,166.82246740220663,180.3929297861861,12.0,10.79999999999999,13.20000000000001,65.0,205.77503595502895,173,0.2528084065351549,1.0,6.800000000000004,10.199999999999985,47.0,0.03133545962469264,163,12880.42673117079,6307.062169968242,19187.488901139033,8620.099999999997
949,989,287,12.795161845654786,3.627906976744186,8.758948432760368,11.846996966632966,55.49595551061678,24.226086956521748,21.555729329758382,166.97269969666328,207.652105773504,12.0,10.79999999999999,13.20000000000001,65.0,180.3929297861861,173,0.2528084065351549,1.0,6.800000000000004,10.199999999999985,48.0,0.02427424535403233,163,12654.415065352583,6186.494317640656,18840.90938299324,7674.599999999998
950,982,313,12.081852909100022,3.645621181262729,8.757637474541749,11.85171079429736,55.4745417515275,23.47087576374747,20.950426901718437,167.23625254582484,207.652105773504,12.0,10.79999999999999,13.26000000000001,65.0,179.3929297861861,174,0.2528084065351549,1.0,6.800000000000004,10.199999999999985,47.5,0.016566478631302894,163,11864.379556736221,6557.483620237871,18421.863176974093,7847.999999999997
951,979,290,12.09564949523056,3.6537282941777325,8.751583248212452,11.862533197139946,55.53421859039837,23.368845760980594,21.962824593402754,167.37691521961185,139.70059030538897,12.0,10.79999999999999,13.26000000000001,65.5,207.652105773504,174,0.25045809115664347,1.0,6.800000000000004,10.199999999999985,47.5,0.2310043795677461,163,11841.64085583072,6369.219132086799,18210.859987917516,7087.099999999998
952,985,280,11.716026267273223,3.649746192893401,8.749035532994919,11.859959390862947,55.53401015228427,23.716345177664973,22.92780170552666,167.59086294416244,197.62077694162053,12.0,10.79999999999999,13.26000000000001,65.5,206.652105773504,174,0.25045809115664347,1.0,6.800000000000004,10.199999999999985,47.5,0.02171152402080656,163,11540.285873264125,6419.784477547465,17960.07035081159,7542.899999999998
953,973,296,11.579260867418256,3.633093525179856,8.738232271325789,11.84626927029804,55.643884892086334,23.662281603288786,22.72377389848551,167.73689619732787,134.16792061080653,12.0,10.79999999999999,13.26000000000001,65.5,218.64471871383049,174,0.25045809115664347,1.0,6.800000000000004,10.199999999999985,47.5,0.028978138559266897,163,11266.620823997962,6726.237073951711,17992.857897949674,7779.999999999997
954,984,268,11.73535052831901,3.625,8.724898373983747,11.840731707317076,55.638719512195124,23.95843495934957,22.803234194169463,167.9420731707317,219.46322311419144,12.0,10.79999999999999,13.26000000000001,65.5,163.12641804220056,174,0.25045809115664347,1.0,6.800000000000004,10.199999999999985,47.5,0.04161413133514591,163,11547.584919865905,6111.266764037416,17658.851683903322,7090.399999999998
955,957,299,11.817604028453374,3.579937304075235,8.71170323928946,11.865768025078376,55.57889237199582,23.500940438871464,19.944590451138595,168.1128526645768,219.46322311419144,10.0,10.79999999999999,13.320000000000011,65.5,138.8935500379723,174,0.25045809115664347,1.0,6.800000000000004,10.199999999999985,47.5,0.026900045436362596,163,11309.447055229879,5963.43254489044,17272.87960012032,7975.899999999998
956,952,291,11.168220486021026,3.5220588235294117,8.721743697478983,11.862163865546206,55.53834033613445,23.36165966386558,22.536804561359258,168.27415966386553,219.46322311419144,9.0,10.79999999999999,13.320000000000011,65.5,181.64926545522255,174,0.25045809115664347,1.0,6.800000000000004,10.199999999999985,47.0,0.10941017823233423,163,10632.145902692017,6558.210127355544,17190.35603004756,6945.799999999998
957,954,279,11.320234170670721,3.4853249475890986,8.728930817610058,11.87509433962265,55.636792452830186,23.305345911949676,22.318538304924793,168.43396226415095,219.46322311419144,9.0,10.79999999999999,13.320000000000011,65.5,180.64926545522255,175,0.25744361909203567,1.0,6.800000000000004,10.199999999999985,47.0,0.04984757795132255,163,10799.503398819868,6226.872187074017,17026.375585893886,6947.899999999998
958,964,284,10.307442918595987,3.4761410788381744,8.761514522821582,11.85858921161826,55.6804979253112,22.930601659751034,26.25537594685948,168.6701244813278,151.24549802384155,9.0,10.79999999999999,13.320000000000011,65.5,219.46322311419144,175,0.2635346350717329,1.0,6.800000000000004,10.259999999999986,47.0,0.007325958751813744,164,9936.374973526532,7456.526768908092,17392.901742434624,6762.899999999998
959,996,277,11.337580414632798,3.4407630522088355,8.775301204819284,11.844518072289134,55.67218875502008,21.98082329317271,24.10270873713726,168.86947791164658,219.34265310608072,9.0,10.79999999999999,13.320000000000011,65.5,178.64926545522255,176,0.27323625066559853,1.0,6.800000000000004,10.259999999999986,47.0,0.14006425928221367,164,11292.230092974267,6676.450320187021,17968.680413161288,6452.199999999998
960,1002,273,11.933433678482897,3.4261477045908184,8.77175648702596,11.850179640718558,55.64570858283433,22.387724550898213,21.20545475459146,169.00598802395209,219.34265310608072,9.0,10.79999999999999,13.320000000000011,65.5,144.11049457583857,176,0.27323625066559853,1.0,6.900000000000004,10.259999999999986,47.0,0.013450022718181298,164,11957.300545839864,5789.089148003469,17746.38969384333,7224.799999999997
961,1023,250,12.088487733789467,3.439882697947214,8.76295210166178,11.857126099706731,55.69745845552297,22.222971652003906,19.843599380711453,169.21700879765396,219.34265310608072,10.0,10.79999999999999,13.320000000000011,65.5,173.35949760482396,176,0.27323625066559853,1.0,6.900000000000004,10.259999999999986,47.0,0.03443705503630601,164,12366.522951666624,4960.899845177863,17327.422796844487,7269.899999999998
962,1034,256,11.893295040905446,3.458413926499033,8.772147001934238,11.871295938104442,55.76208897485493,22.172533849129604,20.370631157100227,169.36557059961316,214.54572319074498,10.0,10.79999999999999,13.320000000000011,66.0,142.11049457583857,176,0.27323625066559853,1.0,6.900000000000004,10.199999999999985,47.0,0.11952390184873019,164,12297.667072296232,5214.881576217658,17512.54864851389,7349.499999999998
963,1037,244,11.594944154800109,3.4484088717454195,8.788717454194796,11.87155255544841,55.794117647058826,22.555159112825443,24.515803328924388,169.5053037608486,175.210766458711,10.0,10.79999999999999,13.26000000000001,66.0,214.54572319074498,176,0.29887374905112296,1.0,6.900000000000004,10.199999999999985,47.0,0.10728457105056388,165,12023.957088527713,5981.856012257551,18005.813100785264,7421.499999999998
964,1054,246,11.525586388601589,3.4250474383301706,8.799051233396586,11.873168880455404,55.814990512333964,22.405882352941155,22.288197595584762,169.67836812144213,215.61755094711194,10.0,10.79999999999999,13.26000000000001,66.0,179.49448471027026,177,0.29887374905112296,1.0,6.900000000000004,10.199999999999985,47.0,0.11171274462936731,165,12147.968053586075,5482.896608513852,17630.864662099928,7550.999999999998
965,1053,261,11.341563838078004,3.366571699905033,8.828395061728395,11.864045584045579,55.93827160493827,22.131054131054142,20.642742256886496,169.82146248812916,185.36572767346576,10.0,10.79999999999999,13.26000000000001,66.5,187.4368979083578,177,0.2800820373297323,1.0,6.800000000000004,10.199999999999985,47.0,0.0024629003858263054,165,11942.666721496138,5387.755729047375,17330.422450543512,7770.499999999998
966,1055,248,11.041654074659293,3.337440758293839,8.839526066350707,11.877383886255908,55.94454976303317,23.028341232227472,22.759510929853352,170.02464454976302,201.9538163178604,10.0,10.79999999999999,13.26000000000001,67.0,187.9776095386505,177,0.2800820373297323,1.0,6.800000000000004,10.199999999999985,47.0,0.08976585862706221,165,11648.945048765554,5644.358710603631,17293.303759369184,7565.999999999997
967,1049,249,11.123393245808343,3.3145853193517634,8.838512869399427,11.891897044804576,55.97855100095329,24.079218303145844,21.43504996648505,170.16873212583414,188.03727280542884,10.0,10.79999999999999,13.26000000000001,67.0,201.9538163178604,177,0.2800820373297323,1.0,6.800000000000004,10.199999999999985,46.5,0.07467266883584456,165,11668.439514852951,5337.327441654777,17005.76695650773,8190.999999999997
968,1011,282,10.534881202140685,3.304648862512364,8.833728981206733,11.901008902077155,55.990603363006926,24.662611275964395,22.10181064939433,170.31849653808112,184.98351029380981,10.0,10.79999999999999,13.26000000000001,67.0,200.9538163178604,177,0.2800820373297323,1.0,6.800000000000004,10.199999999999985,46.5,0.08989227948476919,166,10650.764895364233,6232.710603129201,16883.475498493433,8645.899999999998
969,979,308,10.424934956485126,3.237997957099081,8.844330949948942,11.894770173646561,56.030643513789585,23.994790602655765,20.563357798816266,170.43309499489274,241.45298750624784,9.0,10.79999999999999,13.26000000000001,67.0,144.68998653537795,177,0.27893508732170574,1.0,6.800000000000004,10.199999999999985,46.5,0.020862414977432575,167,10206.01132239894,6333.51420203541,16539.52552443435,7506.799999999997
970,994,290,10.644607367102177,3.2062374245472838,8.843963782696175,11.904265593561368,56.09607645875251,23.570020120724344,23.122357369709732,170.53420523138834,201.3293776968128,9.0,10.79999999999999,13.080000000000009,67.0,143.68998653537795,176,0.27893508732170574,1.0,6.800000000000004,10.199999999999985,46.5,0.010543015955043256,167,10580.739722899563,6705.4836372158225,17286.223360115386,6110.099999999998
971,1011,283,11.460450182055862,3.182987141444115,8.864985163204745,11.903501483679513,56.19287833827893,22.834619188921884,20.585381384096294,170.73095944609298,201.3293776968128,9.0,10.79999999999999,13.14000000000001,67.0,142.68998653537795,177,0.2574001585994362,1.0,6.800000000000004,10.199999999999985,46.5,0.07182775636695604,167,11586.515134058476,5825.662931699251,17412.178065757726,6317.699999999998
972,1015,295,11.2764969163697,3.2088669950738917,8.865123152709359,11.926640394088647,56.288669950738914,22.417241379310347,20.888633501766897,170.89556650246305,183.53674650885097,9.0,10.69999999999999,13.14000000000001,67.0,141.68998653537795,177,0.2551201706747972,1.0,6.800000000000004,10.199999999999985,46.5,0.038860580149220336,167,11445.644370115246,6162.146883021234,17607.79125313648,6697.699999999998
973,1023,266,11.334507579996298,3.1388074291300097,8.877908113391976,11.927038123167135,56.26099706744868,23.57321603128057,21.96805065551128,171.10654936461387,183.53674650885097,9.0,10.69999999999999,13.14000000000001,67.0,148.5842572005018,177,0.2551201706747972,1.0,6.800000000000004,10.199999999999985,46.5,0.0010729185653723938,167,11595.201254336213,5843.501474366,17438.702728702214,7340.299999999997
974,1020,273,10.774622178303558,3.1441176470588235,8.887352941176482,11.925764705882342,56.26960784313726,24.616568627450942,22.882167049573553,171.32647058823528,143.83567941865346,9.0,10.69999999999999,13.14000000000001,67.0,183.53674650885097,177,0.2551201706747972,1.0,7.100000000000003,10.199999999999985,46.0,0.013280355917775433,167,10990.114621869629,6246.83160453358,17236.946226403208,8155.399999999997
975,990,288,10.65475398924625,3.1,8.86414141414141,11.932727272727263,56.362626262626264,24.745353535353498,23.05454228038328,171.46969696969697,158.33178733386717,9.0,10.69999999999999,13.14000000000001,67.0,182.53674650885097,177,0.2551201706747972,1.0,7.100000000000003,10.199999999999985,46.0,0.2836778413495944,167,10548.206449353787,6639.708176750385,17187.91462610417,7819.699999999997
976,1002,287,11.176827179071317,3.1097804391217565,8.848602794411187,11.948742514970048,56.33383233532934,24.274750499002003,23.68528392383367,171.66067864271457,158.33178733386717,10.0,10.69999999999999,13.14000000000001,67.0,181.53674650885097,177,0.2551201706747972,1.0,7.100000000000003,10.199999999999985,46.0,0.06194166530377654,167,11199.18083342946,6797.6764861402635,17996.857319569724,6854.599999999998
977,1022,256,12.441832766629927,3.1262230919765166,8.85978473581214,11.953796477495104,56.27739726027397,23.874657534246577,23.564736824598437,171.866927592955,181.08843321348974,10.0,10.79999999999999,13.20000000000001,67.0,148.24341540517278,177,0.26242832948815964,1.0,7.0000000000000036,10.199999999999985,46.0,0.01785256617404052,168,12715.553087495786,6032.5726270972,18748.125714592985,6524.599999999998
978,1034,276,11.766217068339184,3.051257253384913,8.872727272727277,11.955725338491288,56.129593810444874,23.677272727272697,22.41435928775828,172.01063829787233,181.08843321348974,10.0,10.79999999999999,13.20000000000001,67.0,147.24341540517278,177,0.25332008897944386,1.0,7.0000000000000036,10.199999999999985,45.5,0.04971331795263856,168,12166.268448662717,6186.363163421285,18352.631612084002,7699.499999999997
979,1031,277,11.839084222962082,3.057225994180407,8.856741028128024,11.953326867119296,56.12560620756547,23.222890397672188,24.02292018581003,172.20174587778857,181.08843321348974,10.0,10.79999999999999,13.20000000000001,67.0,146.24341540517278,177,0.25332008897944386,1.0,7.0000000000000036,10.199999999999985,45.5,0.14396032505688816,168,12206.095833873907,6654.348891469378,18860.444725343285,7163.399999999998
980,1028,273,12.598936175422244,3.0583657587548636,8.858073929961085,11.937723735408554,56.122081712062254,23.01935797665368,24.189256509115904,172.44357976653697,229.2855405219221,10.0,10.89999999999999,13.20000000000001,67.0,131.21197250475802,178,0.25332008897944386,1.0,7.0000000000000036,10.199999999999985,45.5,0.02797619831601028,168,12951.706388334067,6603.667026988642,19555.37341532271,7151.199999999998
981,1025,277,13.094771251137786,3.084878048780488,8.86243902439024,11.938536585365869,56.11073170731707,23.363707317073143,22.948219432700466,172.65170731707317,181.08843321348974,10.0,10.89999999999999,13.20000000000001,67.0,229.2855405219221,178,0.25332008897944386,1.0,7.0000000000000036,10.199999999999985,45.5,0.1607758175505527,169,13422.14053241623,6356.656782858029,19778.79731527426,7515.699999999997
982,1029,282,12.662936832247606,3.0796890184645287,8.851992225461629,11.949795918367355,56.22497570456754,23.66861030126339,22.878816616923146,172.8231292517007,264.1159362083217,10.0,10.89999999999999,13.20000000000001,67.0,117.97669001551506,178,0.25332008897944386,1.0,7.0000000000000036,10.199999999999985,45.5,0.0039135106022274435,169,13030.162000382787,6451.826285972327,19481.988286355114,7992.299999999997
983,1036,278,12.022328405924059,3.0974903474903477,8.851061776061783,11.932528957528957,56.26496138996139,23.79874517374522,24.638530602377543,172.97007722007723,205.88550851799175,10.0,10.89999999999999,13.20000000000001,67.0,181.08843321348974,178,0.25332008897944386,1.0,7.0000000000000036,10.199999999999985,45.5,0.0640086100916526,169,12455.132228537324,6849.511507460957,19304.64373599828,7853.699999999997
984,1029,272,12.499864353360291,3.1030126336248784,8.838289601554917,11.916618075801756,56.19825072886297,23.82487852283771,23.034967239965646,173.1807580174927,169.58595136449975,10.0,10.89999999999999,13.20000000000001,67.0,180.08843321348974,178,0.272247150071147,1.0,7.0000000000000036,10.199999999999985,45.5,0.05355045241847667,169,12862.36041960774,6265.511089270655,19127.871508878394,7663.799999999997
985,996,290,12.307096235702103,3.075301204819277,8.85963855421689,11.928253012048174,56.2394578313253,23.398092369477922,23.837766737986144,173.28112449799198,181.74296575237406,10.0,10.89999999999999,13.20000000000001,67.0,196.0869521562413,178,0.272247150071147,1.0,7.0000000000000036,10.199999999999985,46.0,0.023451430652450256,169,12257.867850759294,6912.952354015982,19170.820204775275,7963.799999999997
986,1009,280,12.729113019220671,3.0158572844400395,8.868880079286427,11.930069375619428,56.234886025768084,23.22794846382556,24.65157287007984,173.40832507433103,169.39169088335993,10.0,10.99999999999999,13.20000000000001,67.0,195.0869521562413,179,0.279210713123981,1.0,7.0000000000000036,10.199999999999985,46.5,0.032650352427777474,169,12843.675036393657,6902.440403622355,19746.115440016012,7262.599999999998
987,1003,304,12.041682404755978,2.979062811565304,8.861714855433693,11.89555333998005,56.113160518444666,22.570588235294107,23.914340358258517,173.5852442671984,169.39169088335993,10.0,10.99999999999999,13.20000000000001,67.0,194.0869521562413,179,0.279210713123981,1.0,7.0000000000000036,10.199999999999985,47.0,0.10720634546960639,170,12077.807451970246,7269.95946891059,19347.766920880837,7841.199999999997
988,1019,288,12.734570765689925,2.9666339548577034,8.853287536800783,11.907320902845939,56.24730127576055,22.52355250245337,24.235767081915725,173.73110893032384,194.47094418128984,10.0,10.99999999999999,13.20000000000001,67.0,145.7077635139884,179,0.25636625559765924,1.0,7.0000000000000036,10.199999999999985,47.0,0.028229368673398758,170,12976.527610238034,6979.900919591729,19956.428529829762,7024.499999999997
989,1011,278,12.553157558936546,2.973293768545994,8.847972304648863,11.920474777448073,56.3595450049456,22.92640949554895,25.23692398867748,173.94757665677548,147.09645270133316,10.0,10.99999999999999,13.20000000000001,67.0,194.47094418128984,180,0.25636625559765924,1.0,6.900000000000004,10.199999999999985,47.5,0.019158084614731452,170,12691.242292084848,7015.864868852339,19707.107160937187,8035.899999999997
990,1027,278,12.624519188024744,2.9746835443037973,8.844011684518009,11.930126582278495,56.296007789678676,22.843622200584214,22.197642101770192,174.11879259980526,147.09645270133316,9.0,10.99999999999999,13.20000000000001,67.0,193.47094418128984,180,0.2637184301960181,1.0,6.900000000000004,10.199999999999985,47.5,0.10281665621728919,170,12965.381206101412,6170.944504292113,19136.325710393525,7635.999999999997
991,1024,294,12.120880650849815,2.9345703125,8.875781249999983,11.938945312499994,56.31396484375,22.723242187499963,21.322759005976984,174.3212890625,147.09645270133316,8.0,10.99999999999999,13.20000000000001,67.0,192.47094418128984,180,0.2876866903965809,1.0,6.900000000000004,10.199999999999985,47.5,0.08476153224237981,170,12411.78178647021,6268.891147757233,18680.67293422744,8194.799999999997
992,1033,294,11.66118787362543,2.957405614714424,8.887512100677638,11.947028073572117,56.362536302032915,23.36989351403676,21.958022848821237,174.5111326234269,144.89792671163434,9.0,10.99999999999999,13.20000000000001,67.5,191.47094418128984,180,0.2638405792250265,1.0,6.900000000000004,10.259999999999986,47.5,0.019263557217224836,171,12046.007073455068,6455.658717553444,18501.665791008512,8411.599999999997
993,992,324,10.885566960085635,2.907258064516129,8.923286290322586,11.952278225806435,56.322076612903224,23.44586693548391,23.03862869180803,174.74193548387098,137.38753255384617,9.0,10.99999999999999,13.20000000000001,67.5,190.47094418128984,181,0.25131595455484296,1.0,7.0000000000000036,10.259999999999986,47.5,0.04167544930985656,171,10798.48242440495,7464.5156961458015,18262.99812055075,9056.599999999997
994,994,299,11.995411129094462,2.9185110663983904,8.934808853118714,11.950985915492943,56.32897384305835,23.886619718309877,21.57590529604601,175.00804828973844,194.3831450138898,9.0,10.99999999999999,13.20000000000001,67.5,126.92961054720465,181,0.25131595455484296,1.0,7.0000000000000036,10.259999999999986,47.5,0.06875819197526489,171,11923.438662319895,6451.195683517757,18374.63434583765,7841.399999999997
995,980,325,11.66522208959989,2.951020408163265,8.920918367346925,11.97153061224491,56.43010204081633,23.16010204081634,20.056552487328883,175.19795918367348,194.3831450138898,9.0,10.99999999999999,13.20000000000001,67.5,134.3077879909515,181,0.2564201388709937,1.0,7.0000000000000036,10.259999999999986,48.0,0.05010977644816905,171,11431.917647807892,6518.379558381887,17950.297206189778,7933.099999999997
996,992,295,12.26766265424574,2.971774193548387,8.932762096774184,11.980826612903217,56.63659274193548,22.926814516129042,20.55520906961441,175.36592741935485,150.91904262182456,9.0,10.99999999999999,13.20000000000001,67.5,137.38753255384617,181,0.2564201388709937,1.0,6.900000000000004,10.319999999999986,48.0,0.07870988232224785,171,12169.521353011774,6063.786675536251,18233.308028548025,7083.799999999997
997,998,320,10.888661594115124,2.963927855711423,8.935170340681365,11.988877755511012,56.65981963927856,22.0821643286573,21.75552861112086,175.59218436873746,138.5130672683091,10.0,10.99999999999999,13.20000000000001,67.5,150.91904262182456,181,0.2564201388709937,1.0,6.900000000000004,10.319999999999986,47.5,0.1478327212968067,171,10866.884270926894,6961.769155558675,17828.65342648557,7764.099999999998
998,1020,261,11.313067178614906,2.9715686274509805,8.930588235294115,11.991941176470586,56.661274509803924,22.776960784313708,24.103036246462857,175.79117647058823,151.63197626683896,10.0,10.99999999999999,13.20000000000001,67.0,135.38753255384617,182,0.2564201388709937,1.0,6.900000000000004,10.319999999999986,47.5,0.07039985298682172,171,11539.328522187205,6290.892460326806,17830.22098251401,7311.799999999997
999,1042,278,10.544779955974471,3.0067178502879077,8.924184261036466,12.011458733205375,56.69385796545106,22.491938579654512,23.10438546013439,175.9644913627639,151.63197626683896,10.0,10.99999999999999,13.20000000000001,67.5,134.38753255384617,182,0.2604960342729651,1.0,6.900000000000004,10.319999999999986,47.5,0.0009098220071477314,171,10987.660714125399,6423.019157917361,17410.67987204276,8191.999999999997
1000,1025,263,11.70156950698566,3.0770731707317074,8.927707317073162,12.02353170731707,56.7409756097561,23.43229268292682,20.1353529980437,176.14536585365855,185.5130672683091,10.0,10.99999999999999,13.20000000000001,67.5,132.72219704656519,182,0.26231918715709596,1.0,6.900000000000004,10.319999999999986,47.5,0.03774546278698998,171,11994.108744660301,5295.597838485493,17289.706583145795,7971.799999999997
1001,1014,280,11.245023029200507,3.1291913214990137,8.917455621301764,12.024437869822478,56.72337278106509,23.573471400394485,20.55213615726713,176.3550295857988,151.63197626683896,10.0,10.99999999999999,13.20000000000001,67.5,131.72219704656519,182,0.26231918715709596,1.0,6.900000000000004,10.319999999999986,47.5,0.027401578098508406,172,11402.453351609314,5754.5981240347965,17157.05147564411,8545.499999999996
