Turn,#animals,#food,avgAE,avgET,avgH,avgV,avgML,avgL,avgFE,avgGen,maxAE,maxET,maxH,maxV,maxML,maxFE,maxGen,minAE,minET,minH,minV,minML,minFE,minGen,totalAE,totalFE,totalE,totalCombat
0,100,600,12.9325,51.73,4.72,12.04,27.21,0.0,49.105,0.0,24.75,99.0,9.0,14.0,49.0,99.0,0,0.25,1.0,1.0,10.0,3.0,1.0,0,1293.25,29463.0,30756.25,0.0
1,100,1125,45.1525,51.73,4.72,12.04,27.21,1.9,49.45422222222222,0.0,119.25,99.0,9.0,14.0,49.0,99.0,0,2.75,1.0,1.0,10.0,3.0,1.0,0,4515.25,55636.0,60151.25,90.0
2,122,1110,45.52049180327869,49.81147540983606,4.829508196721312,12.064590163934428,28.020491803278688,3.2459016393442623,48.90923423423423,0.22131147540983606,162.0,99.0,9.0,14.06,49.0,98.0,1,2.75,1.0,1.0,9.94,3.5,1.0,0,5553.5,54289.25,59842.75,183.0
3,142,1089,51.81987235915493,48.7887323943662,4.873239436619719,12.11887323943662,28.028169014084508,3.9577464788732395,48.31473829201102,0.3732394366197183,163.0,99.0,9.0,14.120000000000001,49.5,97.0,2,2.75,1.0,0.9,9.94,3.5,1.0,0,7358.421875,52614.75,59973.171875,173.0
4,168,1082,52.358072916666664,48.06547619047619,4.960714285714287,12.073452380952384,29.729166666666668,3.9184523809523815,47.991566543438076,0.5952380952380952,163.75,99.0,9.1,14.120000000000001,49.5,100.5,2,2.75,1.0,0.9,9.94,6.5,1.0,0,8796.15625,51926.875,60723.03125,252.3
5,204,1065,54.008808210784316,48.166666666666664,5.022058823529413,12.100588235294117,29.090686274509803,3.8161764705882355,47.19683098591549,0.803921568627451,243.75,99.0,9.1,14.120000000000001,49.5,99.5,2,2.75,1.0,0.8,9.94,6.5,1.0,0,11017.796875,50264.625,61282.421875,200.2
6,244,1033,55.27422195184426,46.47950819672131,5.048360655737706,12.137131147540986,29.348360655737704,4.8856557377049175,47.09329622458858,0.9713114754098361,176.25,99.0,9.2,14.120000000000001,49.5,192.75,3,2.75,1.0,0.8,9.879999999999999,7.0,1.0,0,13486.91015625,48647.375,62134.28515625,399.70000000000005
7,283,1015,53.74695643772085,47.71731448763251,5.073851590106005,12.042826855123675,29.969964664310954,5.507067137809187,47.046120689655176,1.1837455830388692,176.25,99.0,9.2,14.120000000000001,49.5,191.75,3,2.32421875,1.0,0.8,9.879999999999999,7.0,0.5,0,15210.388671875,47751.8125,62962.201171875,617.0999999999999
8,326,933,55.40225088669479,46.84969325153374,5.225460122699385,11.996380368098158,29.607361963190183,5.193251533742327,46.33860028135048,1.3865030674846626,193.84375,100.0,9.299999999999999,14.120000000000001,49.5,190.75,4,2.32421875,1.0,0.8,9.879999999999999,7.0,1.0,0,18061.1337890625,43233.9140625,61295.0478515625,592.6
9,380,878,52.915523488898025,46.89736842105263,5.0707894736842105,11.964263157894736,30.076315789473686,5.922631578947367,46.50260935720387,1.5868421052631578,234.25,100.0,9.299999999999999,14.120000000000001,49.5,189.75,4,0.5810546875,1.0,0.8,9.879999999999999,7.5,0.75,0,20107.89892578125,40829.291015625,60937.18994140625,790.4
10,424,775,51.08461200066333,46.219339622641506,5.1865566037735835,11.967830188679242,30.18514150943396,6.370283018867921,47.38811995967742,1.778301886792453,189.75,100.0,9.299999999999999,14.120000000000001,49.5,188.75,5,0.890380859375,1.0,0.8,9.879999999999999,7.5,1.0,0,21659.87548828125,36725.79296875,58385.66845703125,1109.7
11,482,664,50.5479943999611,46.02904564315353,5.079253112033195,11.934398340248958,30.178423236514522,6.5823651452282155,47.13604111269296,1.9688796680497926,179.375,100.0,9.299999999999999,14.120000000000001,49.5,189.75,5,0.890380859375,1.0,0.8,9.879999999999999,7.5,0.462158203125,0,24364.13330078125,31298.331298828125,55662.464599609375,1147.5
12,534,573,49.27770847506291,46.449438202247194,5.2016853932584235,11.966329588014998,30.694756554307116,7.695880149812731,46.53593852257853,2.1292134831460676,225.734375,100.0,9.299999999999999,14.180000000000001,50.0,186.75,5,0.42987060546875,1.0,0.8,9.879999999999999,7.5,0.697265625,0,26314.296325683594,26665.0927734375,52979.389099121094,1530.7
13,560,490,50.793178939819335,46.50714285714286,5.129285714285709,11.990321428571432,30.8875,9.05071428571428,45.868889259805485,2.2625,209.603515625,100.0,9.299999999999999,14.180000000000001,50.0,152.46875,5,0.890380859375,1.0,0.8,9.879999999999999,8.0,0.390625,0,28444.180206298828,22475.755737304688,50919.935943603516,2034.0
14,562,432,50.42371425425031,46.619217081850536,5.215658362989323,11.986690391459074,31.326512455516013,9.928113879003547,47.498627768622505,2.400355871886121,209.603515625,100.0,9.299999999999999,14.180000000000001,50.0,151.46875,5,2.26953125,1.0,0.8,9.879999999999999,8.5,0.734375,0,28338.127410888672,20519.407196044922,48857.534606933594,2263.0
15,581,377,47.82659019168191,45.17039586919105,5.315318416523238,11.975077452667808,32.024096385542165,11.076075731497415,50.628451359999275,2.559380378657487,209.603515625,100.0,9.399999999999999,14.180000000000001,50.0,176.0390625,5,2.26953125,1.0,0.8,9.879999999999999,8.5,1.0,0,27787.248901367188,19086.926162719727,46874.175064086914,2203.0
16,595,345,44.98066774256089,43.4655462184874,5.366890756302522,11.937915966386553,32.20672268907563,11.7818487394958,52.531347169737884,2.746218487394958,195.578125,100.0,9.399999999999999,14.180000000000001,50.0,165.58984375,6,2.756103515625,1.0,0.8,9.819999999999999,8.0,0.162109375,0,26763.49730682373,18123.31477355957,44886.8120803833,2468.4
17,598,311,43.83747581813646,42.97658862876254,5.43561872909699,11.958929765886285,32.607859531772576,12.09799331103679,53.679298768856135,2.9331103678929766,202.16015625,100.0,9.399999999999999,14.180000000000001,50.0,183.27734375,6,0.68902587890625,1.0,0.8,9.819999999999999,8.0,2.62890625,0,26214.810539245605,16694.261917114258,42909.07245635986,2347.1
18,596,288,42.969712042968546,42.81375838926174,5.450167785234896,12.015302013422819,33.22231543624161,12.424832214765107,52.63527536392212,3.1057046979865772,274.4033203125,100.0,9.399999999999999,14.180000000000001,50.0,182.27734375,7,0.68902587890625,1.0,0.8,9.819999999999999,8.0,0.344512939453125,0,25609.948377609253,15158.95930480957,40768.90768241882,2444.0
19,584,273,42.325860026764545,42.60958904109589,5.374315068493153,12.086301369863016,33.413527397260275,12.458047945205488,52.257901928800365,3.2482876712328768,186.4677734375,100.0,9.399999999999999,14.240000000000002,50.0,274.4033203125,7,0.68902587890625,1.0,0.8,9.819999999999999,8.0,0.62890625,0,24718.302255630493,14266.4072265625,38984.70948219299,2529.5
20,575,260,43.01674092168393,40.361739130434785,5.354260869565216,12.112660869565214,34.426086956521736,13.583304347826092,48.63312221673819,3.4017391304347826,307.2431640625,100.0,9.399999999999999,14.240000000000002,50.0,178.0546875,6,0.68902587890625,1.0,0.8,9.819999999999999,8.0,0.3597412109375,0,24734.62602996826,12644.611776351929,37379.23780632019,2611.8
21,564,250,40.29549538497384,39.5886524822695,5.3656028368794315,12.070141843971621,35.05762411347518,14.435992907801419,52.70146613311768,3.547872340425532,246.12109375,100.0,9.499999999999998,14.240000000000002,50.0,180.2021484375,7,1.2561416625976562,1.0,0.8,9.759999999999998,9.5,1.0,0,22726.659397125244,13175.366533279419,35902.02593040466,2661.1
22,544,255,38.037524447721594,38.97610294117647,5.359191176470589,12.10871323529412,35.0983455882353,14.496875000000006,53.91813832451315,3.71875,246.12109375,100.0,9.499999999999998,14.240000000000002,50.0,207.5589599609375,7,0.6280708312988281,1.0,0.8,9.759999999999998,10.0,0.3780517578125,0,20692.413299560547,13749.125272750854,34441.5385723114,2503.2
23,524,241,38.236786888755915,37.30343511450382,5.379389312977095,12.17232824427481,35.978053435114504,15.031679389312972,53.98923910307192,3.864503816793893,224.65478515625,100.0,9.499999999999998,14.300000000000002,50.0,182.4296875,7,0.6280708312988281,1.0,0.9,9.759999999999998,10.5,3.585693359375,0,20036.0763297081,13011.406623840332,33047.48295354843,2302.6
24,517,252,35.275791479033245,35.622823984526114,5.435009671179882,12.16000000000001,36.93617021276596,14.933462282398455,51.70329261961437,4.025145067698259,187.11565399169922,100.0,9.499999999999998,14.300000000000002,50.0,181.4296875,7,0.31403541564941406,1.0,0.9,9.759999999999998,10.5,2.585693359375,1,18237.584194660187,13029.229740142822,31266.81393480301,2241.1
25,521,240,33.43619947332796,35.31669865642994,5.333397312859885,12.155009596928982,37.5,14.303646833013435,50.75777240395546,4.172744721689059,218.8350830078125,100.0,9.499999999999998,14.300000000000002,50.5,174.67578125,7,0.31403541564941406,1.0,0.9,9.759999999999998,11.5,1.2561416625976562,1,17420.259925603867,12181.86537694931,29602.125302553177,1973.6
26,534,213,33.850141619698384,33.67977528089887,5.482584269662925,12.152958801498134,37.420411985018724,14.051872659176022,47.74885722952829,4.357677902621723,217.5824203491211,100.0,9.499999999999998,14.300000000000002,50.5,179.343994140625,8,0.31403541564941406,1.0,0.8,9.759999999999998,12.0,0.25614166259765625,1,18075.975624918938,10170.506589889526,28246.482214808464,1823.0
27,556,183,33.58672897389038,33.07374100719424,5.530755395683459,12.097697841726626,37.82014388489208,14.89658273381296,44.8260832692756,4.530575539568345,217.5824203491211,100.0,9.499999999999998,14.300000000000002,50.5,178.343994140625,8,0.31403541564941406,1.0,0.8,9.759999999999998,16.0,0.5334434509277344,1,18674.22130948305,8203.173238277435,26877.394547760487,2049.4
28,535,179,33.00296090139407,32.62803738317757,5.516261682242995,12.114130841121503,37.73364485981308,15.051214953271028,45.6086364005531,4.7214953271028035,217.5824203491211,100.0,9.499999999999998,14.300000000000002,50.5,221.01339721679688,8,0.6280708312988281,1.0,0.8,9.759999999999998,17.5,1.0135364532470703,1,17656.584082245827,8163.945915699005,25820.529997944832,2579.6
29,519,170,33.20333861764915,31.1252408477842,5.558188824662813,12.124816955684016,37.87957610789981,14.983236994219647,44.63194903205423,4.911368015414258,241.08235931396484,100.0,9.399999999999999,14.300000000000002,50.5,220.01339721679688,8,0.6280708312988281,1.0,0.8,9.819999999999999,17.5,0.013536453247070312,2,17232.53274255991,7587.431335449219,24819.96407800913,2112.1
30,545,145,30.84778631012374,30.930275229357797,5.622935779816514,12.126605504587149,37.89082568807339,14.42036697247707,44.62592116388781,5.044036697247706,204.4376220703125,100.0,9.399999999999999,14.300000000000002,50.5,219.01339721679688,8,0.31117844581604004,1.0,0.8,9.819999999999999,17.5,1.90869140625,2,16812.04353901744,6470.758568763733,23282.80210778117,1834.6
31,551,145,29.781256435462655,30.55535390199637,5.593466424682394,12.159709618874777,38.365698729582576,14.526134301270417,38.7774449467659,5.19600725952813,175.2908592224121,100.0,9.399999999999999,14.300000000000002,50.5,218.01339721679688,9,0.31117844581604004,1.0,0.8,9.819999999999999,17.5,0.6280708312988281,2,16409.472295939922,5622.729517281055,22032.201813220978,2151.9
32,529,136,29.159108091026038,30.90170132325142,5.618525519848767,12.1360302457467,38.63799621928166,15.810396975425332,42.7553997885655,5.33648393194707,187.14694213867188,100.0,9.399999999999999,14.300000000000002,50.5,217.01339721679688,9,0.31117844581604004,1.0,0.9,9.819999999999999,17.5,0.006768226623535156,2,15425.168180152774,5814.734371244907,21239.90255139768,2377.3
33,499,156,28.271710659345548,30.412825651302605,5.666933867735477,12.129899799599215,38.58216432865731,16.987775551102203,40.438806197582146,5.486973947895792,295.7234802246094,100.0,9.399999999999999,14.300000000000002,50.5,198.31494140625,9,0.5794841051101685,1.0,0.9,9.819999999999999,18.5,0.3642997741699219,2,14107.583619013429,6308.453766822815,20416.037385836244,2812.5
34,478,159,28.530771749943618,30.00836820083682,5.747489539748958,12.097489539748954,38.51987447698745,17.2970711297071,36.875292326669275,5.631799163179917,262.316650390625,100.0,9.399999999999999,14.300000000000002,50.5,197.31494140625,9,0.6378369480371475,1.0,0.9,9.819999999999999,18.5,0.15896821022033691,2,13637.70889647305,5863.171479940414,19500.880376413465,2264.6
35,479,145,27.85265491371255,29.609603340292274,5.788517745302715,12.079331941544893,38.438413361169104,16.828601252609594,35.38269988606716,5.78705636743215,262.316650390625,100.0,9.399999999999999,14.300000000000002,50.5,145.19314575195312,9,0.6378369480371475,1.0,0.9,9.819999999999999,18.5,1.4356646537780762,2,13341.421703668311,5130.491483479738,18471.91318714805,1886.3999999999999
36,466,140,26.148889029884206,28.44420600858369,5.781330472103007,12.078240343347645,38.69206008583691,17.03304721030042,39.14044004657439,5.879828326180258,262.316650390625,100.0,9.399999999999999,14.300000000000002,50.0,212.4546856880188,9,0.6378369480371475,1.0,0.9,9.819999999999999,18.5,0.7798750400543213,2,12185.38228792604,5479.661606520414,17665.043894446455,2099.7
37,460,145,26.48065939041705,28.184782608695652,5.796086956521741,12.054869565217396,39.12391304347826,16.370217391304344,31.30778831819008,6.078260869565217,262.316650390625,100.0,9.399999999999999,14.240000000000002,50.0,215.56684112548828,9,0.6378369480371475,1.0,0.9,9.819999999999999,18.5,0.2884061336517334,2,12181.103319591843,4539.629306137562,16720.732625729404,1836.2
38,460,136,23.359233181107708,27.16521739130435,5.853043478260875,12.057347826086955,38.946739130434786,15.785217391304348,37.905806337900955,6.282608695652174,187.81117391586304,100.0,9.399999999999999,14.240000000000002,50.0,262.316650390625,10,0.6378369480371475,1.0,0.9,9.819999999999999,18.5,0.36773681640625,2,10745.247263309546,5155.18966195453,15900.436925264075,1660.5
39,444,139,22.810837162688987,26.01126126126126,5.759234234234236,12.025585585585588,39.097972972972975,16.047522522522534,36.97931120245845,6.468468468468468,240.78198373317719,100.0,9.399999999999999,14.240000000000002,50.0,261.316650390625,10,0.6213011294603348,1.0,0.9,9.819999999999999,19.5,0.3106505647301674,2,10128.01170023391,5140.124257141724,15268.135957375634,2012.6
40,433,138,22.610438470480272,26.45727482678984,5.767436489607394,11.94023094688222,39.26558891454965,16.491454965357974,34.78068468472718,6.593533487297922,240.78198373317719,100.0,9.399999999999999,14.240000000000002,50.0,260.316650390625,10,0.6213011294603348,1.0,0.9,9.819999999999999,19.5,2.5221797823905945,2,9790.319857717957,4799.734486492351,14590.054344210308,1957.5
41,410,131,23.472687848873164,25.98780487804878,5.692195121951222,11.91121951219512,39.49634146341464,16.55560975609756,33.517544345461005,6.7317073170731705,240.78198373317719,98.0,9.399999999999999,14.240000000000002,50.0,259.316650390625,10,0.761284114792943,1.0,0.9,9.819999999999999,19.5,0.6213011294603348,2,9623.802018037997,4390.798309255391,14014.600327293389,1889.6
42,407,120,23.2730002718679,26.366093366093367,5.550368550368556,11.926044226044223,39.83046683046683,16.473710073710066,31.814887725297982,6.837837837837838,275.80027811974287,98.0,9.399999999999999,14.240000000000002,50.0,258.316650390625,10,0.5992079824209213,1.0,0.9,9.819999999999999,19.5,0.29960399121046066,2,9472.111110650236,3817.786527035758,13289.897637685994,1553.2
43,392,118,22.151563907560668,25.721938775510203,5.412755102040818,11.910051020408153,40.18877551020408,15.670663265306136,34.50067597942553,6.966836734693878,275.80027811974287,98.0,9.399999999999999,14.240000000000002,50.0,257.316650390625,10,0.555903971195221,1.0,0.9,9.819999999999999,19.5,0.5045547485351562,2,8683.413051763782,4071.0797655722126,12754.492817335995,1496.9
44,386,100,22.315687638523485,24.77461139896373,5.3445595854922265,11.91699481865285,40.384715025906736,15.974611398963727,36.6270630548289,7.046632124352332,279.39109802246094,97.0,9.1,14.240000000000002,50.0,275.80027811974287,10,0.5992079824209213,1.0,0.9,9.819999999999999,19.5,0.7184958457946777,2,8613.855428470066,3662.7063054828905,12276.561733952956,1276.2
45,395,87,21.83302707222137,24.460759493670885,5.393164556962025,11.89022784810126,40.38481012658228,16.835696202531647,34.33040347249761,7.172151898734177,291.57416653074324,97.0,9.1,14.240000000000002,50.0,165.42541885375977,10,0.5992079824209213,1.0,0.9,9.819999999999999,19.5,0.768646240234375,2,8624.045693527441,2986.745102107292,11610.790795634734,1343.1000000000001
46,380,95,20.356456751678074,24.271052631578947,5.524473684210523,11.868578947368425,40.38157894736842,16.940263157894737,35.47863778855995,7.339473684210526,136.3885976150632,97.0,9.1,14.180000000000001,50.0,164.42541885375977,11,0.5992079824209213,1.0,0.9,9.819999999999999,20.5,1.3465375159867108,3,7735.453565637668,3370.470589913195,11105.924155550863,1519.4
47,380,79,21.84246355750859,24.073684210526316,5.579736842105263,11.86915789473685,40.26973684210526,17.294736842105262,29.597794661183453,7.494736842105263,175.77045132406056,97.0,9.1,14.180000000000001,50.0,163.42541885375977,11,0.5992079824209213,1.0,0.9,9.819999999999999,20.5,0.3465375159867108,3,8300.136151853265,2338.2257782334927,10638.361930086758,1423.4
48,370,80,21.00398860570349,24.11891891891892,5.598918918918919,11.850054054054057,40.37567567567567,17.565135135135133,29.665875476553992,7.591891891891892,160.13431459665298,97.0,9.1,14.180000000000001,50.0,162.42541885375977,11,0.7673279758382705,1.0,0.9,9.819999999999999,24.0,0.5992079824209213,3,7771.475784110291,2373.2700381243194,10144.74582223461,1484.0
49,363,83,19.934669725256416,23.286501377410467,5.6719008264462785,11.798292011019296,40.09641873278237,17.26363636363636,29.65765208489695,7.779614325068871,160.13431459665298,97.0,9.1,14.180000000000001,50.0,161.42541885375977,12,0.7673279758382705,1.0,0.9,9.819999999999999,24.0,0.9172468492761254,3,7236.28511026808,2461.585123046447,9697.870233314527,1474.5
50,355,83,19.839528822780327,22.805633802816903,5.748732394366198,11.806197183098593,39.819718309859155,17.14112676056337,25.89557170801998,7.929577464788732,149.82544996822253,97.0,9.1,14.240000000000002,49.5,160.42541885375977,12,0.7673279758382705,1.0,0.9,9.819999999999999,24.0,1.897984460927546,3,7043.0327320870165,2149.3324517656583,9192.365183852675,1309.9
51,336,97,18.893066635615998,22.866071428571427,5.786607142857146,11.75357142857143,39.77232142857143,17.048511904761888,25.63496609849612,8.00297619047619,135.65929328696802,97.0,9.1,14.240000000000002,49.5,159.42541885375977,12,0.7673279758382705,1.0,0.9,9.819999999999999,24.0,0.897984460927546,3,6348.070389566976,2486.5917115541233,8834.6621011211,1379.4
52,323,97,19.37462646365271,22.854489164086687,5.823529411764706,11.706934984520124,39.93343653250774,17.030650154798753,22.362843889364026,8.130030959752322,230.11586725176312,97.0,9.1,14.240000000000002,49.5,114.83934780955315,13,0.7590185113949701,2.0,0.9,9.879999999999999,25.5,0.28358150110580027,3,6258.004347759826,2169.1958572683106,8427.200205028137,1314.9
53,319,92,18.64853117346185,22.74294670846395,5.796865203761755,11.709717868338556,40.00313479623824,16.868652037617547,22.681358251223884,8.266457680250785,183.2390085309744,97.0,9.1,14.240000000000002,49.5,230.11586725176312,13,0.7590185113949701,2.0,0.9,9.819999999999999,25.5,0.015859257255215198,3,5948.881444334331,2086.6849591125974,8035.566403446928,1174.6
54,311,83,19.040100660316924,22.874598070739548,5.82508038585209,11.757877813504823,40.045016077170416,16.732154340836008,20.76657803521667,8.414790996784566,270.1408697098959,97.0,9.1,14.240000000000002,49.5,120.86483502388,13,0.7590185113949701,2.0,0.9,9.819999999999999,25.5,0.15716111287474632,4,5921.471305358564,1723.6259769229837,7645.097282281547,1078.8
55,298,79,18.182905720376624,22.12751677852349,5.91510067114094,11.839463087248324,39.743288590604024,16.775838926174497,25.11091285759011,8.560402684563758,270.1408697098959,97.0,9.1,14.240000000000002,49.5,183.2390085309744,12,0.7533054989908123,2.0,0.9,9.819999999999999,25.5,0.7673279758382705,4,5418.5059046722345,1983.7621157496187,7402.268020421853,1072.5
56,291,73,17.32514576512711,21.697594501718214,5.902405498281785,11.783505154639169,39.66494845360825,16.88487972508591,27.8220107138459,8.711340206185566,270.1408697098959,85.0,9.1,14.240000000000002,49.5,182.2390085309744,13,0.7533054989908123,1.0,0.9,9.819999999999999,25.5,0.20251184568041936,4,5041.617417651989,2031.0067821107505,7072.624199762739,1055.5
57,292,66,16.990925218461534,21.434931506849313,5.852397260273972,11.747602739726025,39.638698630136986,17.42568493150685,26.58506707431852,8.842465753424657,167.58545963466167,85.0,9.1,14.240000000000002,49.5,181.2390085309744,14,0.8775511262911095,1.0,0.9,9.819999999999999,25.5,0.19579969497863203,4,4961.350163790768,1754.6144269050224,6715.96459069579,1056.6
58,291,62,15.890460523575284,20.19931271477663,5.922680412371135,11.729965635738834,39.175257731958766,16.55532646048111,29.080387367864578,9.096219931271477,183.86168527277187,84.0,8.9,14.240000000000002,49.5,180.2390085309744,14,0.8775511262911095,1.0,0.9,9.819999999999999,25.5,1.77123903429856,5,4624.1240123604075,1802.984016807604,6427.108029168012,866.1
59,294,53,15.510263200553588,19.537414965986393,5.932312925170071,11.67068027210884,39.20578231292517,15.725170068027223,28.756727086668022,9.282312925170068,167.58545963466167,84.0,8.9,14.06,49.0,179.2390085309744,14,0.5066983670051286,1.0,0.9,9.819999999999999,25.5,0.88561951714928,5,4560.017380962755,1524.1065355934052,6084.12391655616,800.2
60,293,53,15.22568812058667,18.931740614334473,5.929010238907841,11.62505119453925,39.20307167235495,16.092832764505122,26.264409320179233,9.41296928327645,190.2143975305371,84.0,8.9,14.06,49.0,128.92315367609262,14,0.2788801593600283,1.0,0.9,9.819999999999999,25.5,0.4945476076227351,6,4461.126619331894,1392.0136939694994,5853.140313301394,871.8000000000001
61,284,57,15.414207753970711,18.87323943661972,5.942605633802816,11.624788732394359,39.227112676056336,16.161971830985923,21.554886061049928,9.53169014084507,167.58545963466167,84.0,8.9,14.06,49.0,105.83422012068331,14,0.2788801593600283,1.0,1.0,9.819999999999999,25.5,0.10185507977979569,6,4377.635002127682,1228.628505479846,5606.263507607528,1032.2
62,289,51,13.926563558328443,18.34948096885813,5.867820069204151,11.612318339100343,39.41349480968858,16.740138408304496,24.915318599047044,9.650519031141869,167.58545963466167,84.0,8.8,13.94,49.0,104.83422012068331,14,0.2788801593600283,1.0,1.0,9.819999999999999,27.0,0.20557867925572282,6,4024.77686835692,1270.6812485513992,5295.458116908319,987.4
63,285,59,13.157963268160517,18.340350877192982,5.8364912280701775,11.550877192982451,39.72280701754386,16.6221052631579,21.128088133535307,9.72280701754386,124.20302993059158,84.0,8.599999999999998,13.94,48.5,106.11302915844135,14,0.2788801593600283,1.0,1.0,9.819999999999999,27.0,0.10278933962786141,6,3750.019531425747,1246.557199878583,4996.576731304331,899.6
64,278,50,13.888914870068819,18.287769784172664,5.843884892086332,11.570287769784162,39.893884892086334,16.72338129496403,17.402526848609714,9.827338129496402,120.06772552803159,84.0,8.599999999999998,13.94,48.5,105.11302915844135,14,0.2788801593600283,1.0,1.0,9.819999999999999,27.0,0.41133701313083293,6,3861.1183338791316,870.1263424304857,4731.244676309618,859.3000000000001
65,270,43,13.53136449446955,18.785185185185185,5.824814814814817,11.60133333333333,39.92037037037037,16.3288888888889,18.846669987563693,9.948148148148148,80.81147230812348,84.0,8.599999999999998,13.94,48.5,104.11302915844135,14,0.2788801593600283,1.0,1.0,9.819999999999999,27.0,2.242365792835699,6,3653.4684135067782,810.4068094652388,4463.875222972017,908.5
66,254,52,13.947266331321128,18.46062992125984,5.718110236220473,11.640393700787397,39.91535433070866,15.988188976377954,14.456650237940538,10.106299212598426,128.4685786499249,84.0,8.599999999999998,14.0,48.5,82.79272981733084,14,0.2788801593600283,1.0,1.0,9.819999999999999,27.0,0.5577603187200566,6,3542.6056481555665,751.745812372908,4294.3514605284745,976.1
67,246,50,13.65060103668512,18.483739837398375,5.669105691056911,11.722276422764224,39.98170731707317,16.548780487804883,15.004265229445528,10.215447154471544,128.4685786499249,84.0,8.499999999999998,14.0,48.5,81.79272981733084,15,0.3089903099232174,1.0,1.0,9.819999999999999,27.0,0.2788801593600283,6,3358.04785502454,750.2132614722764,4108.261116496817,875.4
68,243,44,13.817339417408808,18.102880658436213,5.724279835390949,11.687160493827161,39.794238683127574,17.434979423868306,13.54695393951772,10.34156378600823,132.49255779199302,84.0,8.499999999999998,14.0,48.5,65.20844289188972,15,0.3089903099232174,1.0,1.0,9.879999999999999,27.0,1.494835376739502,6,3357.6134784303404,596.0659733387797,3953.67945176912,855.3000000000001
69,226,52,14.21950697838847,18.376106194690266,5.75265486725664,11.673716814159295,39.940265486725664,18.26592920353982,12.009637945982409,10.429203539823009,132.49255779199302,84.0,8.499999999999998,14.0,48.5,64.20844289188972,15,0.3089903099232174,1.0,1.0,9.879999999999999,27.5,0.49483537673950195,6,3213.608577115794,624.5011731910853,3838.1097503068795,869.6
70,218,45,14.198588019591545,17.642201834862384,5.8802752293578,11.569449541284403,39.596330275229356,18.670183486238535,13.747690633324863,10.591743119266056,132.49255779199302,84.0,8.499999999999998,14.0,48.0,63.10080038092565,15,0.3089903099232174,1.0,1.0,9.819999999999999,27.5,0.3655190562178632,6,3095.292188270957,618.6460784996189,3713.938266770576,729.9
71,200,43,14.69826158611801,17.065,5.9170000000000025,11.495000000000003,39.4725,19.574,16.48167560241178,10.74,132.49255779199302,84.0,8.499999999999998,14.0,48.0,91.27930607594317,16,0.3102583575204143,1.0,1.0,9.819999999999999,27.5,0.6924509906426692,6,2939.652317223602,708.7120509037065,3648.364368127309,801.7
72,181,51,13.506142948336699,16.61878453038674,5.808839779005524,11.458121546961324,39.8756906077348,19.553591160221,20.928543340704163,10.767955801104973,132.49255779199302,84.0,8.499999999999998,14.0,48.0,128.4685786499249,16,0.3102583575204143,1.0,1.0,9.819999999999999,27.5,0.5577603187200566,6,2444.6118736489425,1067.3557103759124,3511.9675840248547,726.3000000000001
73,172,43,14.772436444044422,16.08139534883721,5.813372093023256,11.477325581395345,39.758720930232556,19.68081395348838,20.064009064554757,10.843023255813954,133.80746602279578,84.0,8.499999999999998,14.0,48.0,132.49255779199302,16,0.3102583575204143,1.0,1.0,9.819999999999999,27.5,0.3849019812853385,6,2540.8590683756406,862.7523897758546,3403.6114581514953,527.5
74,163,40,13.815878253916136,14.963190184049079,5.826993865030675,11.449202453987725,39.736196319018404,18.500613496932527,25.266560282806847,11.085889570552148,133.80746602279578,83.0,8.499999999999998,13.94,48.0,131.49255779199302,16,0.5066983670051286,1.0,1.0,9.819999999999999,27.5,1.4891674716681322,6,2251.98815538833,1010.6624113122739,3262.650566700604,481.3
75,173,37,12.1397918355407,14.190751445086706,5.782080924855494,11.434913294797688,39.5606936416185,16.878034682080926,26.256247610356343,11.369942196531792,133.80746602279578,75.0,8.299999999999999,13.819999999999999,48.0,130.49255779199302,17,0.5066983670051286,1.0,1.0,9.819999999999999,27.5,0.48916747166813224,6,2100.183987548541,971.4811615831848,3071.665149131726,362.1
76,173,31,11.602587859741213,13.919075144508671,5.808670520231212,11.420346820809247,39.39017341040462,15.70982658959538,29.89327520805779,11.54913294797688,116.95763991289232,75.0,8.299999999999999,13.300000000000002,48.0,133.80746602279578,17,0.3181693118486313,1.0,1.0,9.819999999999999,27.5,1.2905475473962724,6,2007.2476997352298,926.6915314497915,2933.9392311850215,353.40000000000003
77,179,30,11.041637996431835,13.927374301675977,5.761452513966478,11.389050279329608,39.53351955307262,15.629050279329617,26.944256846102594,11.636871508379889,115.75463619118091,75.0,8.299999999999999,13.300000000000002,48.0,132.80746602279578,18,0.3181693118486313,1.0,1.0,9.819999999999999,27.5,0.2905475473962724,6,1976.4532013612984,808.3277053830778,2784.7809067443764,425.79999999999995
78,192,18,10.195115967232843,13.760416666666666,5.806249999999999,11.404479166666667,39.440104166666664,15.10833333333334,37.10919688555495,11.791666666666666,69.43422012797464,75.0,8.399999999999999,13.300000000000002,48.0,131.80746602279578,18,0.3181693118486313,1.0,1.0,9.819999999999999,27.5,2.6098630962951574,6,1957.462265708706,667.9655439399892,2625.427809648695,262.4
79,190,17,11.86291119001803,13.76842105263158,5.724210526315785,11.44557894736842,39.60263157894737,15.507368421052632,15.540052226438533,11.826315789473684,134.246257936284,75.0,8.399999999999999,13.300000000000002,48.0,89.44176270900789,18,0.3181693118486313,1.0,1.0,9.819999999999999,27.5,1.1039993460053776,6,2253.953126103426,264.1808878494551,2518.134013952881,375.3
80,187,22,10.502741397701051,13.550802139037433,5.678074866310159,11.484491978609626,39.55347593582888,16.128877005347594,21.172695566724215,11.957219251336898,134.246257936284,75.0,8.399999999999999,13.300000000000002,48.0,110.57526888931898,18,0.3181693118486313,1.0,1.0,9.819999999999999,27.5,2.0309080034060525,6,1964.0126413700966,465.79930246793276,2429.8119438380295,532.1
81,173,29,12.209719256413946,13.676300578034683,5.70809248554913,11.49329479768786,39.8150289017341,15.853179190751447,8.97322966620497,11.965317919075144,134.246257936284,75.0,8.399999999999999,13.300000000000002,48.0,49.2413145082308,18,0.3181693118486313,1.0,1.0,9.819999999999999,27.5,0.4533039214918783,6,2112.2814313596127,260.22366031994414,2372.5050916795567,464.8
82,164,34,11.464910440818423,13.46951219512195,5.726829268292679,11.540853658536589,39.47560975609756,15.003658536585368,11.498504691754976,12.097560975609756,134.246257936284,75.0,8.399999999999999,13.300000000000002,48.0,47.620948574322654,18,0.3181693118486313,1.0,1.1,9.879999999999999,27.0,0.12250936031341553,6,1880.2453122942213,390.9491595196692,2271.1944718138907,391.6
83,167,25,11.118392891457498,13.437125748502995,5.656287425149698,11.598083832335337,39.75149700598802,15.807185628742513,13.106373734878675,12.1437125748503,134.246257936284,75.0,8.399999999999999,13.300000000000002,48.5,61.77736433000865,19,0.3181693118486313,1.0,1.1,9.879999999999999,27.0,0.9758718571153675,6,1856.771612873402,327.6593433719669,2184.430956245369,324.20000000000005
84,163,23,11.262367000583792,13.312883435582823,5.608588957055211,11.638159509202458,39.84049079754601,16.225766871165646,12.491823173050966,12.319018404907975,134.246257936284,75.0,8.399999999999999,13.300000000000002,48.5,55.975408175270786,19,0.277093128764669,1.0,1.1,9.879999999999999,27.0,0.9545397620569815,6,1835.7658210951581,287.31193298017223,2123.07775407533,475.4
85,159,18,10.804794830559805,12.9874213836478,5.571069182389933,11.650566037735848,39.72641509433962,16.832704402515724,18.794569120632612,12.38993710691824,134.246257936284,75.0,8.399999999999999,13.360000000000003,48.5,119.83580011066806,19,0.277093128764669,1.0,1.1,9.879999999999999,27.0,1.4841868353832979,6,1717.962378059009,338.30224417138703,2056.264622230396,335.2
86,151,26,10.105111801975596,12.57615894039735,5.572185430463573,11.693245033112582,39.54304635761589,17.378145695364235,18.480323846084573,12.589403973509933,134.246257936284,75.0,8.299999999999999,13.360000000000003,48.5,118.83580011066806,20,0.277093128764669,1.0,1.1,9.879999999999999,27.0,0.7161142568375922,6,1525.871882098315,480.4884199981989,2006.3603020965138,502.8
87,146,27,10.525928496378814,12.123287671232877,5.641095890410956,11.70383561643835,39.273972602739725,16.159589041095884,14.428689298445672,12.863013698630137,134.246257936284,75.0,8.299999999999999,13.360000000000003,48.5,52.55713328235896,20,0.277093128764669,1.0,1.1,9.94,27.0,1.7443508387943027,6,1536.7855604713068,389.57461105803316,1926.3601715293398,290.0
88,143,25,9.87060407750859,12.20979020979021,5.6972027972027925,11.698041958041957,39.23426573426573,16.342657342657333,17.764620495555604,13.048951048951048,121.80389246468621,75.0,8.299999999999999,13.360000000000003,48.5,134.246257936284,20,0.277093128764669,1.0,1.1,9.94,27.0,0.554186257529338,6,1411.4963830837282,444.11551238889007,1855.6118954726182,361.5
89,146,25,9.183259391737234,12.027397260273972,5.74657534246575,11.75479452054795,39.034246575342465,17.734246575342457,17.687077503232135,13.253424657534246,121.80389246468621,75.0,8.299999999999999,13.360000000000003,48.5,133.246257936284,20,0.3181693118486313,1.0,1.2000000000000002,9.94,27.0,0.9244256877371608,6,1340.7558711936363,442.1769375808034,1782.9328087744398,440.4
90,138,26,10.091054129599817,12.797101449275363,5.752173913043476,11.741304347826082,39.242753623188406,18.349999999999994,12.269452250110492,13.27536231884058,121.80389246468621,76.0,8.299999999999999,13.360000000000003,48.5,132.246257936284,20,0.3181693118486313,1.0,1.2000000000000002,9.94,27.5,0.3453218230760256,6,1392.5654698847748,319.00575850287277,1711.5712283876476,473.5
91,132,24,10.246682490153988,13.318181818181818,5.724242424242421,11.723787878787874,39.60227272727273,18.616666666666664,11.626474907963141,13.272727272727273,137.21786329361998,76.0,8.299999999999999,13.360000000000003,48.5,121.80389246468621,20,0.33751763867537343,1.0,1.2000000000000002,9.94,27.5,0.3181693118486313,6,1352.5620887003265,279.0353977911154,1631.597486491442,417.5
92,120,31,9.191120882428683,12.758333333333333,5.7724999999999955,11.716499999999996,39.795833333333334,17.668333333333333,13.774382461468363,13.233333333333333,128.2801804410301,76.0,8.399999999999999,13.360000000000003,48.5,56.46169459963653,20,0.33751763867537343,1.0,2.0,9.94,27.5,0.027889279691470037,7,1102.9345058914419,427.0058563055193,1529.9403621969611,362.2
93,119,19,10.202197076936812,12.949579831932773,5.703361344537812,11.739831932773107,40.075630252100844,16.93697478991597,11.274479769780116,13.193277310924369,82.63089816345541,76.0,8.399999999999999,13.360000000000003,48.5,31.390149719714827,20,0.33751763867537343,1.0,2.0,9.94,27.5,0.027889279691470037,7,1214.0614521554808,214.21511562582222,1428.276567781303,156.0
94,119,21,9.145214444056407,13.100840336134453,5.512605042016802,11.84067226890756,40.58403361344538,15.999999999999998,11.709199576681678,13.159663865546218,82.63089816345541,76.0,8.399999999999999,13.360000000000003,48.5,42.707352585249744,21,0.513944639845735,1.0,2.0,9.94,28.0,0.9066078429837566,7,1088.2805188427124,245.89319111031526,1334.1737099530276,322.1
95,119,20,8.886925506400939,13.621848739495798,5.4235294117647035,11.849915966386547,41.11344537815126,16.489915966386555,10.722281242428279,13.042016806722689,82.63089816345541,76.0,8.399999999999999,13.360000000000003,48.5,41.707352585249744,21,0.513944639845735,1.0,2.0,9.94,28.0,0.6875881933768672,7,1057.5441352617117,214.4456248485656,1271.9897601102773,313.7
96,115,20,8.797276733895657,13.347826086956522,5.339130434782605,11.85182608695652,41.48695652173913,17.629565217391306,11.20545840359069,12.991304347826087,46.9045366145034,49.0,8.399999999999999,13.360000000000003,48.5,82.63089816345541,21,0.513944639845735,1.0,2.0,9.94,28.0,0.1886724743189152,9,1011.6868243980007,224.1091680718138,1235.7959924698146,281.9
97,110,15,9.647431475733637,13.4,5.312727272727271,11.857999999999999,41.60454545454545,19.632727272727273,9.843962039607023,12.918181818181818,90.25217479569588,49.0,8.399999999999999,13.360000000000003,48.5,33.98115747917946,21,0.756383019201422,1.0,2.0,9.94,28.0,0.0943362371594576,9,1061.2174623307,147.65943059410534,1208.8768929248054,307.3
98,104,17,8.722915309387375,13.336538461538462,5.331730769230769,11.857115384615383,41.40384615384615,19.77980769230769,15.125008269782787,12.971153846153847,46.9045366145034,49.0,8.399999999999999,13.360000000000003,48.5,65.05120258943698,21,0.756383019201422,1.0,2.0,9.94,28.0,1.490189310915298,9,907.183192176287,257.1251405863074,1164.3083327625943,300.5
99,99,17,9.492920454152655,12.878787878787879,5.296969696969694,11.865252525252526,41.621212121212125,19.05151515151515,9.878199014321357,12.8989898989899,68.05995822821917,33.0,8.399999999999999,13.360000000000003,48.5,46.9045366145034,21,0.756383019201422,1.0,2.6999999999999997,9.879999999999999,28.0,0.49018931091529794,10,939.7991249611129,167.92938324346306,1107.728508204576,192.0
100,99,15,8.9393676257774,13.030303030303031,5.394949494949495,11.83010101010101,41.505050505050505,18.872727272727275,10.873102377615773,13.121212121212121,68.05995822821917,33.0,8.399999999999999,13.360000000000003,48.5,45.9045366145034,22,0.8147004514424641,1.0,2.6999999999999997,9.879999999999999,28.0,0.756383019201422,10,884.9973949519626,163.0965356642366,1048.0939306161993,183.3
101,98,13,9.35619073871027,12.642857142857142,5.412244897959182,11.881224489795919,41.23979591836735,17.790816326530614,6.723505579606198,13.5,68.05995822821917,33.0,8.399999999999999,13.360000000000003,48.5,15.055382325114223,23,0.8147004514424641,1.0,2.6999999999999997,9.879999999999999,28.0,0.8156181550113288,10,916.9066923936065,87.40557253488058,1004.312264928487,144.9
102,100,11,8.703626444994605,12.1,5.489000000000001,11.8956,40.855,18.094,15.446398797229769,13.89,71.56602739275361,33.0,8.399999999999999,13.360000000000003,48.5,86.0,23,0.8038745029389929,1.0,2.6999999999999997,9.879999999999999,28.0,0.012138329068875464,10,870.3626444994605,169.91038676952746,1040.273031268988,202.1
103,105,10,7.998604353554352,11.685714285714285,5.600000000000001,11.872190476190475,40.58095238095238,18.142857142857146,19.22548786076367,14.19047619047619,40.269818325746925,33.0,8.399999999999999,13.420000000000003,48.5,85.0,23,0.8038745029389929,1.0,2.6999999999999997,9.879999999999999,28.0,0.28509306847467997,10,839.853457123207,192.25487860763673,1032.1083357308437,182.0
104,97,19,6.890217670839126,11.11340206185567,5.490721649484535,12.008453608247422,40.371134020618555,17.155670103092785,17.4073960492159,14.525773195876289,24.16607327248167,32.0,8.299999999999999,13.420000000000003,48.5,84.0,23,0.8038745029389929,1.0,2.6999999999999997,9.879999999999999,28.5,1.6077490058779857,10,668.3511140713953,330.74052493510214,999.0916390064974,296.5
105,106,11,7.631790570573876,10.754716981132075,5.580188679245284,11.98679245283019,40.089622641509436,17.130188679245286,15.389880596435411,14.783018867924529,51.85679044711128,32.0,8.299999999999999,13.420000000000003,48.5,83.0,23,0.3802157224075242,1.0,2.6999999999999997,9.879999999999999,28.5,0.6330806279424905,10,808.9698004808308,169.28868656078953,978.2584870416204,115.9
106,103,16,7.213852309286377,10.83495145631068,5.665048543689322,11.933203883495144,39.99514563106796,17.75436893203884,16.407904199733593,14.883495145631068,51.85679044711128,32.0,8.299999999999999,13.420000000000003,48.5,82.0,23,0.3802157224075242,1.0,2.6999999999999997,9.879999999999999,28.5,0.3037612366772068,10,743.0267878564969,262.5264671957375,1005.5532550522344,296.0
107,95,20,7.0910648758487955,11.042105263157895,5.581052631578947,11.962105263157891,40.242105263157896,18.19052631578947,14.66679406980568,14.736842105263158,32.80487637451205,32.0,8.299999999999999,13.420000000000003,47.5,81.0,23,0.3802157224075242,1.0,2.6999999999999997,9.879999999999999,28.5,0.745813773813151,10,673.6511632056356,293.3358813961136,966.9870446017492,267.0
108,91,15,7.663961815791113,11.12087912087912,5.538461538461539,11.955824175824173,40.434065934065934,19.65824175824176,15.4625692252707,14.637362637362637,40.485089804979324,32.0,8.299999999999999,13.420000000000003,47.5,80.0,23,0.3802157224075242,1.0,2.6999999999999997,9.879999999999999,28.5,0.3802157224075242,10,697.4205252369914,231.9385383790605,929.3590636160518,280.8
109,86,16,7.016683304114313,11.244186046511627,5.36860465116279,11.995581395348834,40.86046511627907,19.137209302325584,17.865446198938137,14.418604651162791,28.54671854568184,18.0,8.299999999999999,13.420000000000003,47.5,79.0,23,0.3802157224075242,1.0,2.6999999999999997,9.819999999999999,28.5,0.8147004514424641,10,603.4347641538309,285.8471391830102,889.2819033368411,222.4
110,86,13,6.8584162276554705,10.930232558139535,5.448837209302326,11.979302325581394,40.58139534883721,18.77674418604651,20.686265716319785,14.651162790697674,22.138617635552407,18.0,8.299999999999999,13.420000000000003,47.5,78.0,23,0.3802157224075242,1.0,2.6999999999999997,9.819999999999999,28.5,0.018919449647819997,10,589.8237955783704,268.9214543121572,858.7452498905277,79.7
111,81,21,6.908114418082266,10.654320987654321,5.493827160493825,11.97901234567901,40.60493827160494,16.64320987654321,15.698443118626534,14.82716049382716,39.685472075071125,18.0,8.299999999999999,13.480000000000004,47.5,77.0,23,0.3802157224075242,1.0,2.6999999999999997,9.819999999999999,30.0,0.6075224733544136,10,559.5572678646636,329.6673054911572,889.2245733558208,141.7
112,85,12,8.008880079389312,10.717647058823529,5.52470588235294,11.953647058823526,40.53529411764706,16.898823529411768,15.631906386385955,14.91764705882353,80.28805822792563,18.0,8.299999999999999,13.480000000000004,47.5,59.0,24,0.3802157224075242,1.0,2.6999999999999997,9.819999999999999,30.0,0.15064147971736874,10,680.7548067480916,187.58287663663145,868.337683384723,16.299999999999997
113,91,9,7.016977976089003,10.604395604395604,5.643956043956042,11.921098901098901,40.12637362637363,15.938461538461539,19.12314221896645,15.241758241758241,40.144029113962816,18.0,8.299999999999999,13.480000000000004,47.5,58.0,25,0.3802157224075242,1.0,2.6999999999999997,9.819999999999999,29.5,2.0,10,638.5449958240993,172.10827997069805,810.6532757947973,36.6
114,96,10,6.345019849500464,10.145833333333334,5.621875000000002,11.99458333333333,39.890625,15.398958333333338,26.013485007700787,15.677083333333334,20.072014556981408,18.0,8.299999999999999,13.480000000000004,47.5,92.0,26,0.3802157224075242,1.0,2.6999999999999997,9.879999999999999,29.5,1.0,10,609.1219055520446,260.13485007700785,869.2567556290525,77.9
115,94,13,6.274284964286728,9.914893617021276,5.7446808510638325,11.974468085106382,39.537234042553195,15.110638297872343,25.619650862467463,16.106382978723403,35.18050803654476,18.0,8.299999999999999,13.480000000000004,47.5,91.0,26,0.30541103342448234,1.0,2.8,9.879999999999999,29.5,0.00793545093438297,10,589.7827866429525,333.05546121207703,922.8382478550295,131.2
116,95,10,6.3528014422683015,10.2,5.685263157894741,11.977894736842105,39.8,16.474736842105266,31.220161218005092,15.936842105263159,22.57484209394329,18.0,8.299999999999999,13.480000000000004,47.5,90.0,26,0.30541103342448234,1.0,2.8,9.879999999999999,29.5,0.30541103342448234,10,603.5161370154887,312.2016121800509,915.7177491955396,140.2
117,92,14,5.8910898552285795,10.08695652173913,5.66413043478261,12.001521739130434,39.80434782608695,17.60326086956522,25.5819527766248,15.945652173913043,20.072014556981408,18.0,8.299999999999999,13.480000000000004,47.5,89.0,26,0.30541103342448234,1.0,2.8,9.879999999999999,29.5,0.15736953264780218,10,541.9802666810293,358.1473388727472,900.1276055537764,215.1
118,85,18,6.377588908178164,10.08235294117647,5.722352941176473,11.973882352941173,39.68235294117647,18.21882352941176,19.12519164088012,16.011764705882353,28.920279012385038,18.0,8.299999999999999,13.480000000000004,47.0,88.0,26,0.30541103342448234,1.0,2.8,9.879999999999999,29.5,0.5786847663239011,11,542.0950571951439,344.2534495358422,886.3485067309862,217.39999999999998
119,87,13,7.126068078346205,10.172413793103448,5.745977011494253,11.954942528735629,39.68390804597701,19.304597701149422,18.456081721139924,16.011494252873565,71.22164413369794,18.0,8.399999999999999,13.480000000000004,47.0,87.0,26,0.30541103342448234,1.0,2.8,9.879999999999999,29.5,0.15736953264780218,11,619.9679228161199,239.929062374819,859.896985190939,137.79999999999998
120,88,13,7.184470069160387,9.988636363636363,5.82159090909091,11.948863636363631,39.44318181818182,18.80909090909091,20.291077332478718,16.295454545454547,86.30541103342448,18.0,8.399999999999999,13.480000000000004,47.5,83.0,26,0.5646253360624602,1.0,2.8,9.879999999999999,29.5,2.5914623515805317,11,632.2333660861141,263.7840053222233,896.0173714083373,119.7
121,85,17,6.873744655341721,10.011764705882353,5.9411764705882355,11.881882352941172,39.34117647058824,18.64470588235294,18.06576642402928,16.58823529411765,43.15270551671224,18.0,8.399999999999999,13.480000000000004,47.5,82.0,27,0.5646253360624602,1.0,3.0,9.879999999999999,29.5,1.182843213213098,11,584.2682957040463,307.1180292084978,891.3863249125441,178.29999999999998
122,84,18,6.96553375323882,9.130952380952381,6.201190476190474,11.84285714285714,38.666666666666664,16.716666666666665,18.97798474139669,17.55952380952381,57.79512700913619,18.0,8.399999999999999,13.480000000000004,47.5,83.0,28,0.47371025849110815,1.0,3.0,9.879999999999999,29.5,0.5914623515805317,12,585.1048352720609,341.6037253451404,926.7085606172013,115.10000000000001
123,95,11,5.865594361472248,8.273684210526316,6.237894736842105,11.93999999999999,38.247368421052634,15.071578947368419,28.536534131770136,18.610526315789475,28.897563504568094,18.0,8.399999999999999,13.480000000000004,47.5,82.0,29,0.39046074644017775,1.0,3.0,9.879999999999999,29.5,1.755087499020874,12,557.2314643398636,313.9018754494715,871.1333397893351,75.2
124,98,17,5.154354807350922,7.959183673469388,6.191836734693879,11.998367346938767,38.29081632653061,13.275510204081632,20.846901042698015,19.102040816326532,27.143494736977054,18.0,8.399999999999999,13.480000000000004,47.5,81.0,29,0.27820954739725756,1.0,3.0,9.879999999999999,29.5,0.33713051184931436,12,505.12677112039034,354.39731772586623,859.5240888462565,115.1
125,105,14,5.6362451057127165,8.00952380952381,6.2409523809523835,11.954285714285707,38.22857142857143,13.646666666666668,28.079562159520453,19.228571428571428,80.69704409479452,18.0,8.399999999999999,13.480000000000004,47.5,95.0,29,0.27820954739725756,1.0,3.0,9.879999999999999,29.5,0.12106775862609576,12,591.8057360998353,393.1138702332863,984.9196063331216,85.1
126,101,16,6.032073229521689,7.871287128712871,6.2633663366336645,11.957029702970289,38.113861386138616,13.365346534653469,26.017928265887477,19.524752475247524,65.68162726335319,18.0,8.399999999999999,13.480000000000004,47.5,94.0,29,0.273694504279301,1.0,3.0,9.879999999999999,29.5,0.6776967418587931,12,609.2393961816906,416.28685225419963,1025.5262484358902,118.9
127,103,13,6.350369032445242,7.805825242718447,6.237864077669905,11.989902912621346,37.99029126213592,14.22718446601942,32.03180789681499,19.728155339805824,82.28805822792563,18.0,8.399999999999999,13.480000000000004,47.5,93.0,30,0.273694504279301,1.0,3.0,9.879999999999999,29.5,0.24345858028475775,12,654.0880103418599,416.41350265859484,1070.5015130004547,154.1
128,103,18,5.631469298573708,8.009708737864077,6.218446601941747,11.98019417475727,37.95631067961165,14.31747572815534,26.381059321382413,19.728155339805824,41.144029113962816,18.0,8.399999999999999,13.480000000000004,47.5,92.0,31,0.273694504279301,1.0,3.0,9.879999999999999,29.5,0.22164413369792935,12,580.041337753092,474.85906778488345,1054.9004055379755,259.99999999999994
129,107,16,5.2494050779118835,7.981308411214953,6.128971962616823,12.065607476635508,37.808411214953274,14.485046728971964,27.661752466774267,20.093457943925234,28.921911886262254,18.0,8.399999999999999,13.480000000000004,47.5,91.0,31,0.27820954739725756,1.0,3.0,9.879999999999999,29.5,0.34852204739725745,12,561.6863433365716,442.5880394683883,1004.2743828049598,235.7
130,105,15,6.083537337183801,7.904761904761905,6.168571428571429,12.041523809523806,37.74761904761905,15.404761904761905,22.291305384419555,20.34285714285714,100.26026004766257,18.0,8.399999999999999,13.480000000000004,47.5,78.0,31,0.27820954739725756,1.0,3.0,9.879999999999999,29.0,0.547389008558602,12,638.7714204042991,334.3695807662933,973.1410011705924,269.59999999999997
131,100,16,7.387264279757355,8.42,6.065999999999998,12.059199999999993,37.905,16.084999999999997,11.240313010318724,20.22,83.2860072784907,18.0,8.499999999999998,13.420000000000003,47.5,46.0,31,0.27820954739725756,1.0,3.0,9.879999999999999,29.0,0.24345858028475775,12,738.7264279757355,179.84500816509959,918.5714361408351,321.09999999999997
132,95,19,6.932111044363869,8.557894736842105,6.069473684210527,12.059789473684203,37.921052631578945,16.109473684210528,11.218143070256602,20.294736842105262,83.2860072784907,18.0,8.499999999999998,13.420000000000003,47.5,45.0,31,0.27820954739725756,1.0,2.9,9.819999999999999,29.0,0.12925067212492047,12,658.5505492145676,213.14471833487545,871.6952675494431,305.4
133,87,18,7.576156850246593,8.919540229885058,6.024137931034485,12.054942528735632,38.132183908045974,16.48045977011494,9.237802009606138,19.988505747126435,83.2860072784907,18.0,8.499999999999998,13.420000000000003,47.5,36.0,30,0.27820954739725756,1.0,2.9,9.819999999999999,29.0,0.2608913139811644,12,659.1256459714537,166.2804361729105,825.4060821443642,275.7
134,82,15,7.7683603877295235,9.207317073170731,5.925609756097562,12.07243902439024,38.34146341463415,17.23292682926829,9.525328929504845,19.75609756097561,83.2860072784907,18.0,8.499999999999998,13.420000000000003,47.5,35.0,30,0.27820954739725756,1.0,2.9,9.819999999999999,29.0,0.34852204739725745,12,637.0055517938209,142.87993394257268,779.8854857363935,226.7
135,80,12,6.875823727434654,9.5125,5.874999999999999,12.075749999999998,38.65,17.747499999999995,22.767975878718744,19.5,20.535750909811338,18.0,8.499999999999998,13.420000000000003,47.5,83.2860072784907,30,0.5564190947945151,1.0,2.9,9.819999999999999,29.0,1.5217826279623288,12,550.0658981947723,273.2157105446249,823.2816087393973,161.0
136,78,18,6.902705382963251,9.243589743589743,5.930769230769229,12.078461538461537,38.31410256410256,15.307692307692305,13.91960901684955,19.884615384615383,86.62416973698276,18.0,8.499999999999998,13.420000000000003,47.5,79.0,31,0.37597148164382954,1.0,2.9,9.819999999999999,29.0,0.5217826279623288,12,538.4110198711336,250.5529623032919,788.9639821744255,145.00000000000003
137,79,11,7.156929174246195,9.189873417721518,5.9278481012658215,12.06632911392405,38.34177215189873,15.744303797468357,16.063051927689614,19.962025316455698,43.31208486849138,18.0,8.499999999999998,13.420000000000003,47.5,78.0,31,0.37597148164382954,1.0,2.9,9.819999999999999,29.0,0.2608913139811644,12,565.3974047654494,176.69357120458577,742.0909759700352,111.2
138,83,13,6.00703878172217,8.963855421686747,6.132530120481927,11.931325301204817,38.06024096385542,14.478313253012049,17.63940164423684,20.265060240963855,21.65604243424569,18.0,8.499999999999998,13.420000000000003,47.5,77.0,32,0.43440190152296015,1.0,2.9,9.819999999999999,29.0,0.5564190947945151,12,498.5842188829401,229.31222137507893,727.8964402580191,139.2
139,86,14,5.499184327718779,8.976744186046512,6.155813953488372,11.902325581395347,38.06395348837209,14.43488372093023,16.116634530793696,20.209302325581394,20.535750909811338,18.0,8.499999999999998,13.420000000000003,47.5,76.0,32,0.43440190152296015,1.0,2.9,9.819999999999999,29.0,0.3290870817551358,13,472.929852183815,225.63288343111174,698.5627356149267,130.7
140,88,10,6.146668369980277,8.818181818181818,6.1738636363636346,11.888409090909086,37.9375,16.114772727272726,19.999092586694093,20.420454545454547,32.026275425989894,18.0,8.499999999999998,13.420000000000003,47.5,75.0,32,0.2969140798099046,1.0,2.9,9.819999999999999,29.0,1.8628381895890302,13,540.9068165582644,199.99092586694093,740.8977424252053,227.59999999999997
141,85,12,5.469357273004794,8.505882352941176,6.260000000000001,11.869882352941175,37.529411764705884,16.60470588235294,20.539029758522123,20.764705882352942,27.050211916093176,18.0,8.499999999999998,13.420000000000003,47.5,74.0,32,0.2969140798099046,1.0,2.9,9.819999999999999,29.0,2.5641909479451512,13,464.8953682054075,246.4683571022655,711.363725307673,240.7
142,76,19,5.859927179108469,8.947368421052632,6.1421052631578945,11.883684210526313,37.73026315789474,15.05657894736842,12.177901441514598,20.30263157894737,30.366404289796268,18.0,8.499999999999998,13.420000000000003,47.5,73.0,32,0.2969140798099046,1.0,2.9,9.819999999999999,29.0,0.43440190152296015,13,445.35446561224364,231.38012738877737,676.734593001021,264.4
143,74,14,6.204328880707632,9.0,6.0621621621621635,11.931351351351351,37.79054054054054,15.827027027027027,13.501327260432427,20.12162162162162,32.06085686785792,18.0,8.499999999999998,13.420000000000003,47.5,72.0,32,0.2969140798099046,1.0,2.9,9.819999999999999,28.5,0.11283818958903025,13,459.1203371723648,189.01858164605397,648.1389188184188,158.2
144,70,15,5.379116442582804,8.742857142857142,6.222857142857142,11.829714285714289,37.49285714285714,15.35285714285714,16.7384741333388,20.257142857142856,16.999365952300487,17.0,8.499999999999998,13.420000000000003,47.5,71.0,32,0.2969140798099046,1.0,2.9,9.819999999999999,28.5,0.8032057045688805,14,376.5381509807963,251.077112000082,627.6152629808782,189.5
145,66,8,6.678207610263167,8.43939393939394,6.26060606060606,11.849696969696968,37.22727272727273,15.310606060606059,21.469138081644687,20.681818181818183,40.4928711156647,17.0,8.499999999999998,13.420000000000003,47.5,70.0,32,0.2972503457829548,1.0,2.9,9.819999999999999,28.5,3.131377129949468,14,440.761702277369,171.7531046531575,612.5148069305264,96.0
146,68,8,7.026350753181155,8.632352941176471,6.066176470588235,11.891470588235293,38.036764705882355,14.883823529411767,12.299834713937415,20.191176470588236,78.35324404626543,17.0,8.499999999999998,13.420000000000003,47.5,55.0,32,0.2972503457829548,1.0,2.9,9.819999999999999,28.5,0.8407919742137986,14,477.7918512163185,98.39867771149932,576.1905289278178,144.6
147,68,6,6.589905575819775,8.720588235294118,6.042647058823528,11.895882352941177,38.220588235294116,15.814705882352943,15.461980150945323,20.058823529411764,40.4928711156647,17.0,8.499999999999998,13.480000000000004,47.5,54.0,32,0.2972503457829548,1.0,2.9,9.819999999999999,28.5,1.5227830710958865,14,448.1135791557447,92.77188090567194,540.8854600614166,145.4
148,69,4,7.1877569215427775,8.840579710144928,5.933333333333332,11.935942028985504,38.58695652173913,16.853623188405802,4.981157690033295,19.797101449275363,60.591601072449066,17.0,8.499999999999998,13.480000000000004,47.5,14.252655319862367,32,0.2972503457829548,1.0,2.9,9.819999999999999,28.5,0.40160285228444026,14,495.95522758645166,19.92463076013318,515.8798583465848,111.10000000000001
149,67,6,6.407230384176126,9.014925373134329,5.758208955223879,11.999999999999998,39.23880597014925,16.91940298507463,9.456462082164238,19.55223880597015,40.4928711156647,17.0,8.499999999999998,13.480000000000004,47.5,29.797873591508175,32,0.2972503457829548,1.0,2.9,9.879999999999999,28.5,2.2035476935941234,14,429.2844357398004,56.73877249298543,486.02320823278586,140.20000000000002
150,67,5,6.410622000528384,9.492537313432836,5.611940298507463,12.015820895522388,39.843283582089555,17.811940298507466,5.684808570842504,19.16417910447761,40.4928711156647,17.0,8.499999999999998,13.480000000000004,47.5,12.201595695616266,31,0.3660332087448488,1.0,2.9,9.879999999999999,28.5,0.8688038030459203,14,429.5116740354017,28.424042854212523,457.93571688961424,157.0
151,66,6,5.359178325220566,9.272727272727273,5.589393939393939,12.049999999999997,39.93939393939394,18.125757575757582,13.94245430804937,19.439393939393938,16.296837063866356,17.0,8.399999999999999,13.480000000000004,47.5,40.4928711156647,32,0.3660332087448488,1.0,2.9,9.879999999999999,29.0,2.111046882051266,14,353.70576946455736,83.65472584829622,437.3604953128536,159.1
152,61,8,5.277596008380919,8.967213114754099,5.722950819672129,11.99606557377049,39.442622950819676,18.185245901639348,12.964894475736784,19.672131147540984,28.582604489132237,17.0,8.399999999999999,13.480000000000004,47.5,53.146015444924274,32,0.37519950984426953,1.0,2.9,9.879999999999999,29.0,0.3660332087448488,14,321.93335651123607,103.71915580589427,425.65251231713034,185.1
153,60,6,6.436392204744266,9.416666666666666,5.656666666666666,11.995,39.68333333333333,17.673333333333336,2.7324156602143965,19.4,55.54184010983324,18.0,8.399999999999999,13.480000000000004,47.5,4.183927981929255,32,0.37519950984426953,1.0,2.9,9.879999999999999,29.0,0.5945006915659096,14,386.18353228465594,16.39449396128638,402.57802624594234,102.49999999999999
154,55,8,6.01769128164164,9.218181818181819,5.709090909090908,12.001090909090905,39.58181818181818,17.490909090909092,7.642892052481068,19.89090909090909,55.54184010983324,18.0,8.399999999999999,13.480000000000004,47.5,20.141593386044036,32,0.4653614754349512,1.0,2.9,9.879999999999999,29.0,2.6148592346124535,15,330.9730204902902,61.143136419848545,392.1161569101387,160.5
155,51,9,6.161103225139957,8.862745098039216,5.705882352941176,12.035686274509803,39.754901960784316,17.121568627450984,8.70140133579174,20.294117647058822,55.54184010983324,18.0,8.399999999999999,13.480000000000004,47.5,14.291302244566118,32,0.4653614754349512,1.0,2.9,9.94,29.0,0.2510213591048969,15,314.21626448213783,78.31261202212566,392.5288765042635,110.10000000000001
156,53,5,6.127355651571344,8.79245283018868,5.741509433962262,12.012075471698111,39.679245283018865,18.290566037735854,8.938466649023738,20.452830188679247,27.77092005491662,18.0,8.399999999999999,13.480000000000004,47.5,12.0,32,0.3256270728374193,1.0,2.9,9.94,29.0,0.5945006915659096,15,324.74984953328124,44.69233324511869,369.4421827783999,84.30000000000001
157,50,8,6.155120328900275,8.84,5.7139999999999995,12.0208,39.58,19.132,6.924805559745723,20.3,27.77092005491662,18.0,8.399999999999999,13.480000000000004,47.5,11.0,32,0.3256270728374193,1.0,2.9,9.94,29.0,0.5938281596198092,15,307.75601644501376,55.39844447796578,363.1544609229795,100.30000000000001
158,47,9,5.915486497716038,8.872340425531915,5.736170212765956,12.028510638297876,39.52127659574468,19.706382978723404,10.007916294947405,20.361702127659573,27.77092005491662,18.0,8.399999999999999,13.480000000000004,47.5,18.264980245905477,32,0.3256270728374193,1.0,3.0,9.94,29.0,0.9307229508699024,15,278.0278653926538,90.07124665452665,368.0991120471804,99.4
159,39,14,6.667942609946952,9.461538461538462,5.528205128205127,12.065641025641028,40.30769230769231,18.594871794871793,6.5839926639035955,19.923076923076923,26.357068904989536,18.0,8.399999999999999,13.480000000000004,47.5,16.0,32,0.3256270728374193,1.0,3.0,9.94,29.0,0.6304456569905822,15,260.0497617879311,92.17589729465034,352.22565908258144,102.19999999999999
160,40,12,6.13739519014438,9.575,5.479999999999999,12.084500000000004,40.4625,19.755,6.961842059329217,19.875,26.357068904989536,18.0,8.399999999999999,13.480000000000004,47.5,15.0,32,0.3256270728374193,1.0,3.0,9.94,29.0,1.0016422141243684,15,245.4958076057752,83.5421047119506,329.03791231772584,78.7
161,37,11,6.065728000300997,9.756756756756756,5.475675675675674,12.088108108108111,40.513513513513516,20.916216216216217,8.418725118780811,19.72972972972973,24.090775711552578,18.0,8.399999999999999,13.480000000000004,47.5,26.357068904989536,32,0.3256270728374193,1.0,3.0,9.94,29.0,0.5020427182097938,16,224.43193601113688,92.60597630658893,317.03791231772584,83.9
162,32,14,5.769285292379653,9.65625,5.640625000000001,12.009375000000002,40.296875,20.18125,8.636707818876292,20.0,24.090775711552578,18.0,8.399999999999999,13.480000000000004,47.5,32.96384714527561,32,0.3256270728374193,1.0,3.0,9.94,29.0,1.0626419087381036,16,184.6171293561489,120.91390946426809,305.531038820417,93.2
163,33,9,6.974890060636757,9.454545454545455,5.6878787878787875,12.010909090909093,40.03030303030303,21.566666666666663,6.6965618902580335,20.393939393939394,35.64885204637117,18.0,8.399999999999999,13.480000000000004,47.5,12.88546002745831,33,0.3256270728374193,1.0,3.0,9.94,29.0,2.2445266293618418,16,230.171372001013,60.2690570123223,290.4404290133353,35.900000000000006
164,33,11,5.8393002361322495,9.333333333333334,5.709090909090908,12.000000000000004,40.04545454545455,20.924242424242422,6.986751352751511,20.545454545454547,24.090775711552578,18.0,8.399999999999999,13.420000000000003,47.5,13.191233258674767,33,0.3256270728374193,1.0,3.0,9.94,29.0,1.2445266293618418,16,192.69690779236424,76.85426488026661,269.55117267263086,45.50000000000001
165,33,11,5.67234290870706,8.848484848484848,5.715151515151514,12.060606060606062,39.78787878787879,19.5030303030303,14.760222297814606,21.12121212121212,24.632466517349535,18.0,8.399999999999999,13.420000000000003,47.5,96.0,33,0.3256270728374193,1.0,3.0,9.94,29.0,0.24452662936184177,16,187.187315987333,162.36244527596065,349.54976126329365,11.8
166,31,11,6.778453107923603,9.548387096774194,5.483870967741934,12.094838709677422,40.854838709677416,20.229032258064514,20.04066883736074,20.29032258064516,29.19343355359971,18.0,8.399999999999999,13.420000000000003,47.5,95.0,33,0.3256270728374193,1.0,3.0,9.94,29.0,0.873755799388857,16,210.1320463456317,220.44735721096814,430.5794035565998,55.09999999999999
167,32,10,6.085709082715921,10.40625,5.281249999999999,12.110625000000004,41.671875,19.5625,24.706631466374127,19.375,14.596716776799855,19.0,8.399999999999999,13.420000000000003,47.5,94.0,33,0.6512541456748386,1.0,3.0,9.94,29.0,0.09060980708163524,16,194.74269064690947,247.06631466374125,441.8090053106507,44.19999999999999
168,32,6,6.200480944873875,10.125,5.268749999999998,12.171250000000002,41.375,19.14375,51.2110285406028,19.625,22.482176804258167,19.0,8.399999999999999,13.420000000000003,47.5,93.0,33,0.6512541456748386,1.0,3.0,9.94,29.0,3.859738264022017,16,198.415390235964,307.2661712436168,505.68156147958075,0.0
169,32,8,5.990757382119308,10.5625,5.146874999999999,12.200625000000002,41.796875,20.690625,45.169597631337304,19.15625,12.545389180605333,19.0,8.399999999999999,13.420000000000003,47.5,92.0,31,0.6512541456748386,1.0,3.0,9.94,29.0,1.0906098070816352,16,191.70423622781786,361.35678105069843,553.0610172785163,54.099999999999994
170,31,6,7.517785668397357,10.774193548387096,5.083870967741936,12.20709677419355,42.17741935483871,22.264516129032252,67.66827692636637,19.06451612903226,45.91221301159279,19.0,8.399999999999999,13.420000000000003,47.5,94.0,31,0.6512541456748386,1.0,3.0,9.94,29.0,2.0096615581982045,16,233.05135572031807,406.0096615581982,639.0610172785163,33.3
171,31,7,8.685518823113808,11.064516129032258,5.035483870967742,12.218709677419358,42.645161290322584,21.393548387096768,62.79914059420057,18.677419354838708,58.69563655340403,19.0,8.399999999999999,13.420000000000003,47.5,93.0,24,1.7534897050142828,2.0,3.0,9.94,29.0,0.6512541456748386,16,269.25108351652807,439.593984159404,708.8450676759321,22.3
172,32,6,12.90205571272194,10.65625,4.815625,12.405000000000003,42.734375,19.1375,55.00759694085508,18.9375,105.10082666615111,19.0,8.299999999999999,13.420000000000003,47.5,89.0,24,1.7534897050142828,2.0,3.0,10.0,29.0,7.500192464525116,16,412.8657828071021,330.0455816451305,742.9113644522326,0.0
173,37,7,9.411895383280427,10.378378378378379,4.940540540540541,12.360000000000003,42.21621621621622,17.254054054054052,54.86365452073293,19.18918918918919,52.550413333075554,19.0,8.299999999999999,13.420000000000003,47.5,88.0,25,1.7534897050142828,2.0,3.0,10.0,29.0,6.500192464525116,16,348.24012918137583,384.0455816451305,732.2857108265064,0.0
174,43,8,7.114081391087921,9.953488372093023,5.162790697674418,12.286511627906977,41.18604651162791,14.73255813953488,48.02274765292494,19.72093023255814,26.275206666537777,19.0,8.299999999999999,13.420000000000003,47.5,87.0,26,0.917119321146938,2.0,3.0,10.0,29.0,5.0,16,305.9054998167806,384.18198122339953,690.0874810401801,13.600000000000001
175,48,10,5.932008708093103,9.729166666666666,5.310416666666666,12.201666666666666,40.864583333333336,13.820833333333333,40.093547092841376,19.875,24.47550179220069,19.0,8.299999999999999,13.420000000000003,47.5,86.0,26,0.917119321146938,1.0,3.0,10.0,29.0,1.7534897050142828,16,284.73641798846893,400.9354709284138,685.6718889168827,32.50000000000001
176,49,10,6.7803548011314545,9.795918367346939,5.4367346938775505,12.099183673469385,40.744897959183675,13.689795918367349,34.42561904893661,19.857142857142858,67.57395013405613,19.0,8.299999999999999,13.420000000000003,47.5,85.0,26,0.917119321146938,1.0,3.0,10.0,29.0,3.0,16,332.23738525544127,344.25619048936613,676.4935757448075,13.8
177,52,11,5.987833474552986,9.76923076923077,5.471153846153844,12.079999999999997,40.67307692307692,13.963461538461537,35.568744589942376,19.903846153846153,33.78697506702807,19.0,8.299999999999999,13.420000000000003,47.5,84.0,26,0.917119321146938,1.0,3.0,10.0,29.0,2.0,16,311.3673406767553,391.25619048936613,702.6235311661214,10.3
178,54,11,5.569841375788635,9.87037037037037,5.394444444444442,12.119629629629628,40.93518518518518,15.059259259259258,40.743816474854505,19.88888888888889,16.893487533514033,19.0,8.299999999999999,13.420000000000003,48.0,83.0,26,0.917119321146938,1.0,3.0,10.0,29.0,1.0,16,300.7714342925863,448.18198122339953,748.9534155159859,39.1
179,54,11,6.664187321921638,9.925925925925926,5.394444444444444,12.119629629629628,40.97222222222222,15.755555555555553,42.26035711353081,19.88888888888889,74.7390266264491,19.0,8.299999999999999,13.420000000000003,48.0,91.0,26,0.917119321146938,1.0,3.0,10.0,29.0,2.636592042794237,16,359.86611538376843,464.8639282488389,824.7300436326072,32.0
180,52,12,6.458859109965396,9.98076923076923,5.399999999999998,12.100384615384616,41.08653846153846,15.56153846153846,44.09871777148288,19.884615384615383,37.36951331322455,19.0,8.299999999999999,13.420000000000003,48.0,90.0,26,0.917119321146938,1.0,3.0,10.0,30.0,4.309722612591297,16,335.8606737182006,529.1846132577946,865.0452869759952,31.799999999999997
181,51,13,7.86094294999054,10.352941176470589,5.119607843137253,12.215686274509801,42.01960784313726,14.696078431372545,33.69877691359108,19.666666666666668,85.62054420106455,19.0,8.299999999999999,13.420000000000003,48.0,89.0,25,0.917119321146938,1.0,2.9,10.0,30.0,0.917119321146938,16,400.90809044951754,438.08409987668404,838.9921903262016,38.9
182,53,14,7.778102916053529,10.584905660377359,4.975471698113206,12.269811320754714,42.443396226415096,15.037735849056602,31.761575094409675,19.641509433962263,57.118875448050176,19.0,8.299999999999999,13.420000000000003,48.0,88.0,25,0.917119321146938,1.0,2.9,10.0,30.0,0.8342386422938759,16,412.239454550837,444.6620513217355,856.9015058725724,86.6
183,55,14,8.404342681024046,10.963636363636363,4.914545454545454,12.261090909090903,42.763636363636365,15.841818181818182,37.10677491958886,19.563636363636363,84.56880166663444,19.0,8.299999999999999,13.420000000000003,48.0,99.0,25,0.917119321146938,1.0,2.9,10.0,30.0,1.0,16,462.23884745632256,519.494848874244,981.7336963305665,60.9
184,52,16,11.213335692847657,11.653846153846153,4.782692307692307,12.264615384615382,43.44230769230769,14.351923076923075,26.625431027641053,19.346153846153847,91.43182946186865,19.0,8.299999999999999,13.360000000000003,48.0,98.0,25,0.917119321146938,1.0,2.9,10.0,30.0,0.5453891806053335,16,583.0934560280782,426.00689644225685,1009.1003524703351,67.8
185,58,13,9.443614012025915,11.758620689655173,4.837931034482758,12.194827586206891,43.51724137931034,13.64310344827586,35.748412007569094,19.413793103448278,45.71591473093432,19.0,8.299999999999999,13.360000000000003,48.0,97.0,26,0.43783949086020346,1.0,2.9,10.0,30.5,0.8342386422938759,16,547.7296126975031,464.7293560983982,1012.4589687959012,35.1
186,65,11,8.767111161549714,11.846153846153847,4.875384615384616,12.155999999999993,43.56923076923077,14.029230769230765,38.18735261943732,19.446153846153845,63.9511960489265,19.0,8.299999999999999,13.360000000000003,48.0,96.0,26,0.43783949086020346,1.0,2.9,10.0,30.5,1.059437724025086,16,569.8622255007314,420.0608788138105,989.9231043145419,73.60000000000001
187,64,16,8.609763551319949,12.015625,5.046875000000002,12.012187499999994,43.59375,13.165624999999999,30.032654854972325,19.359375,60.35128401256654,19.0,8.299999999999999,13.360000000000003,48.0,95.0,26,0.43783949086020346,1.0,2.9,10.0,30.5,0.05943772402508607,16,551.0248672844767,480.5224776795572,1031.547344964034,117.40000000000002
188,66,12,9.816729870160255,12.06060606060606,5.057575757575757,12.000303030303025,43.61363636363637,12.76666666666667,29.475965772863145,19.439393939393938,87.71448934136679,19.0,8.299999999999999,13.360000000000003,48.0,94.0,26,0.43783949086020346,1.0,2.9,10.0,30.5,2.0014410897853896,16,647.9041714305769,353.7115892743577,1001.6157607049346,30.500000000000007
189,70,12,9.490498777122205,12.214285714285714,4.892857142857143,12.081142857142853,43.97857142857143,12.801428571428572,28.47080612612913,19.5,69.28555010416466,19.0,8.299999999999999,13.360000000000003,48.0,93.0,26,0.43783949086020346,1.0,2.9,10.06,30.5,6.0,16,664.3349143985544,341.64967351354954,1005.984587912104,68.30000000000001
190,72,14,8.824400879116833,12.38888888888889,4.854166666666668,12.104999999999997,44.05555555555556,14.004166666666665,32.347133595581724,19.583333333333332,34.64277505208233,19.0,8.299999999999999,13.240000000000002,48.0,92.0,26,0.43783949086020346,1.0,2.9,10.06,30.5,3.039529157334346,16,635.356863296412,452.85987033814416,1088.2167336345562,109.00000000000001
191,75,13,8.575565921131233,12.413333333333334,4.845333333333336,12.103199999999998,44.10666666666667,16.182666666666666,38.84615384615385,19.64,28.834238642293876,19.0,8.299999999999999,13.240000000000002,48.0,91.0,26,0.43783949086020346,1.0,2.9,10.06,30.5,4.0,16,643.1674440848425,505.0,1148.1674440848424,137.4
192,71,20,8.197995488824454,12.253521126760564,4.853521126760566,12.112112676056334,43.88732394366197,16.067605633802817,28.484899230815206,19.845070422535212,28.834238642293876,19.0,8.299999999999999,13.240000000000002,47.5,90.0,26,0.43783949086020346,1.0,2.9,10.06,30.5,3.0,17,582.0576797065362,569.6979846163041,1151.7556643228404,133.8
193,72,20,8.566902858376316,12.097222222222221,4.886111111111112,12.111388888888888,43.74305555555556,16.78611111111111,30.194678717910087,19.944444444444443,56.321387526041164,19.0,8.299999999999999,13.240000000000002,47.5,94.0,25,2.3355945820765345,2.0,2.9,10.06,30.5,2.0,17,616.8170058030948,603.8935743582017,1220.7105801612965,84.10000000000001
194,76,18,9.310399568917688,11.671052631578947,5.0092105263157904,12.079999999999997,43.19736842105263,17.472368421052632,30.19814344533347,20.223684210526315,90.33559458207654,19.0,8.299999999999999,13.240000000000002,47.5,93.0,26,0.6823199575716836,2.0,2.9,10.06,30.5,1.0,17,707.5903672377443,543.5665820160025,1251.156949253747,106.80000000000001
195,78,21,8.386656800313732,11.448717948717949,5.079487179487181,12.059999999999993,43.05769230769231,17.0025641025641,33.66103337346598,20.371794871794872,56.321387526041164,19.0,8.399999999999999,13.240000000000002,47.5,95.0,26,0.6823199575716836,2.0,2.9,10.06,30.5,2.0,17,654.159230424471,706.8817008427857,1361.0409312672568,114.2
196,78,22,8.599523370778087,11.474358974358974,5.034615384615385,12.078205128205123,43.28846153846154,17.17179487179487,32.96837806165461,20.41025641025641,56.321387526041164,19.0,8.399999999999999,13.300000000000002,47.5,94.0,26,0.9010699575716836,2.0,2.9,10.06,30.5,1.0,17,670.7628229206908,725.3043173564015,1396.0671402770922,71.60000000000001
197,82,22,7.780538755324902,11.402439024390244,4.947560975609755,12.131219512195116,43.451219512195124,16.607317073170734,37.97878692866403,20.585365853658537,56.321387526041164,19.0,8.399999999999999,13.300000000000002,48.0,93.0,27,1.8021399151433672,2.0,2.9,10.06,30.5,4.223371883378508,17,638.004177936642,835.5333124306086,1473.5374903672505,82.6
198,84,22,8.283779548014783,10.916666666666666,5.054761904761905,12.118333333333323,43.01190476190476,17.06309523809524,41.15336165594087,20.845238095238095,88.21448934136679,18.0,8.399999999999999,13.300000000000002,48.0,99.0,28,0.8012452056775358,2.0,2.9,10.06,30.5,5.0,17,695.8374820332417,905.3739564306992,1601.2114384639408,142.20000000000002
199,82,25,9.581727599861916,10.853658536585366,5.048780487804878,12.132682926829258,43.02439024390244,17.102439024390243,34.271374753531425,20.9390243902439,96.08859285266942,18.0,8.399999999999999,13.300000000000002,48.0,98.0,28,0.8012452056775358,2.0,2.9,10.06,30.5,1.8021399151433672,17,785.7016631886771,856.7843688382856,1642.4860320269627,114.30000000000001
200,90,22,9.550072405803505,10.78888888888889,5.0377777777777775,12.16288888888888,42.95,16.664444444444445,37.77830237028424,21.133333333333333,90.80124520567753,18.0,8.399999999999999,13.300000000000002,48.0,97.0,28,0.8012452056775358,2.0,2.9,10.06,30.5,3.0,17,859.5065165223155,831.1226521462532,1690.6291686685686,72.3
201,99,22,9.012662775844424,10.454545454545455,5.191919191919191,12.116767676767665,42.494949494949495,15.711111111111112,34.88683667949642,21.32323232323232,81.8520471940875,18.0,8.399999999999999,13.300000000000002,48.0,96.0,29,0.5563168723482302,1.0,2.9,10.06,30.0,2.0,17,892.253614808598,767.5104069489212,1659.764021757519,83.5
202,105,23,7.671121536314544,10.209523809523809,5.422857142857141,11.98019047619046,42.2,15.088571428571424,36.41685359346951,21.4,40.92602359704375,18.0,8.399999999999999,13.300000000000002,48.0,95.0,29,0.5563168723482302,1.0,2.9,10.0,30.0,1.0,17,805.4677613130272,837.5876326497987,1643.0553939628257,137.0
203,108,25,8.117486629389036,10.24074074074074,5.4462962962962935,11.956296296296276,42.254629629629626,15.288888888888888,35.223524008645725,21.444444444444443,61.109045644133055,18.0,8.399999999999999,13.300000000000002,48.0,94.0,29,0.5563168723482302,1.0,2.9,9.94,30.0,1.2057998939292092,17,876.688555974016,880.5881002161432,1757.2766561901592,237.9
204,107,24,9.630498555035638,10.158878504672897,5.480373831775697,11.931775700934566,42.36915887850467,15.471028037383176,29.202023257668028,21.39252336448598,100.93526944797942,18.0,8.499999999999998,13.300000000000002,48.0,93.0,29,0.6028999469646046,1.0,3.0,9.94,30.0,0.20579989392920917,17,1030.4633453888132,700.8485581840326,1731.311903572846,223.1
205,111,25,8.425003895891955,10.198198198198199,5.531531531531529,11.860180180180166,42.66216216216216,14.277477477477477,31.353586927198123,21.405405405405407,79.49542462958686,18.0,8.499999999999998,13.300000000000002,48.5,94.0,29,0.6028999469646046,1.0,3.0,9.94,30.0,0.6024904113550715,17,935.175432444007,783.839673179953,1719.0151056239602,203.3
206,116,24,8.337493652911695,9.922413793103448,5.5758620689655185,11.884655172413778,42.35344827586207,13.780172413793103,34.62510481592101,21.74137931034483,83.44431535275831,18.0,8.499999999999998,13.300000000000002,48.5,93.0,30,0.6028999469646046,1.0,3.0,9.94,30.0,0.7513765783556989,17,967.1492637377567,831.0025155821044,1798.151779319861,232.9
207,115,32,7.379313653410101,9.652173913043478,5.6626086956521755,11.860173913043463,42.06956521739131,13.567826086956522,27.237471707807213,22.0,58.75034606583074,18.0,8.499999999999998,13.300000000000002,48.5,92.0,30,0.5512452056775358,1.0,3.1,9.94,30.0,0.27604182473489125,17,848.6210701421616,871.5990946498308,1720.2201647919924,280.6
208,117,24,8.217022676980337,9.58974358974359,5.765811965811966,11.797777777777757,41.876068376068375,13.975213675213679,30.047178871492935,22.085470085470085,58.75034606583074,18.0,8.499999999999998,13.300000000000002,48.5,91.0,30,0.37568828917784947,1.0,3.1,9.94,30.0,0.10160493635752532,17,961.3916532066994,721.1322929158305,1682.5239461225299,227.3
209,126,25,7.460402414369285,9.357142857142858,5.9801587301587285,11.686349206349192,41.32142857142857,13.843650793650797,34.893204735750686,22.285714285714285,58.75034606583074,15.0,8.499999999999998,13.300000000000002,48.5,95.0,30,0.37568828917784947,1.0,3.1,9.94,30.0,0.05943772402508607,17,940.0107042105299,872.3301183937671,1812.340822604297,275.90000000000003
210,138,21,6.85504004787368,9.152173913043478,6.040579710144926,11.680144927536212,40.92391304347826,14.628985507246378,37.4197617723421,22.55072463768116,64.63863070551663,15.0,8.499999999999998,13.300000000000002,48.5,94.0,30,0.37568828917784947,1.0,3.1,9.94,30.0,0.6028999469646046,17,945.9955266065679,785.8149972191841,1731.810523825752,328.7
211,134,21,7.442110960025964,9.23134328358209,5.9589552238805945,11.707014925373116,41.16044776119403,15.744029850746267,32.28532645474189,22.597014925373134,81.3840553351035,15.0,8.499999999999998,13.300000000000002,48.5,93.0,31,0.48832203387430995,1.0,3.1,9.94,30.0,2.2032098727150506,18,997.2428686434791,677.9918555495798,1675.2347241930588,437.7
212,124,27,7.067312038532016,9.403225806451612,5.904032258064514,11.705483870967722,41.45564516129032,16.754838709677415,28.322607849857672,22.516129032258064,58.75034606583074,15.0,8.499999999999998,13.300000000000002,48.5,92.0,31,0.3003687125263892,1.0,3.1,10.0,30.0,1.2032098727150506,18,876.34669277797,764.7104119461571,1641.0571047241272,505.8
213,122,30,7.591004687234851,9.62295081967213,5.970491803278686,11.615737704918011,41.76639344262295,16.52540983606557,24.108172895187337,22.368852459016395,86.00276852664592,15.0,8.499999999999998,13.300000000000002,48.5,91.0,31,0.3003687125263892,1.0,3.1,10.0,30.0,0.48832203387430995,18,926.1025718426519,723.2451868556201,1649.347758698272,298.2
214,122,32,6.573744008711888,9.581967213114755,6.057377049180326,11.567049180327851,41.72950819672131,14.931147540983602,25.250691518703025,22.418032786885245,43.00138426332296,15.0,8.499999999999998,13.300000000000002,48.5,90.0,31,0.3003687125263892,1.0,3.1,10.0,30.0,0.7093847281693557,18,801.9967690628503,808.0221285984968,1610.0188976613472,203.70000000000002
215,124,21,8.664764661954125,9.483870967741936,6.0830645161290295,11.554999999999986,41.66935483870968,15.176612903225804,31.262755367478565,22.5,92.26748242887578,15.0,8.499999999999998,13.300000000000002,48.5,88.0,31,0.3003687125263892,1.0,3.1,9.94,30.0,0.5520836494697825,18,1074.4308180823116,656.5178627170499,1730.9486807993615,155.3
216,128,27,7.485007385201181,9.4765625,6.189843749999998,11.486718749999982,41.65234375,14.847656249999996,29.05765272277982,22.5703125,92.26748242887578,15.0,8.499999999999998,13.300000000000002,48.5,87.0,31,0.3003687125263892,1.0,3.1,9.94,29.5,1.2062162277923953,18,958.0809453057511,784.5566235150552,1742.6375688208063,346.5
217,134,19,7.997303003099768,9.253731343283581,6.354477611940297,11.422089552238788,41.28731343283582,15.776119402985074,31.80378435927529,22.791044776119403,92.26748242887578,15.0,8.499999999999998,13.300000000000002,48.5,82.0,31,0.3003687125263892,1.0,3.1,9.94,29.5,1.0055370532918388,18,1071.638602415369,604.2719028262305,1675.9105052415994,291.70000000000005
218,133,27,7.582670135063684,9.285714285714286,6.4451127819548875,11.334135338345844,41.3984962406015,16.10150375939849,21.434593247689754,22.827067669172934,92.26748242887578,15.0,8.599999999999998,13.300000000000002,48.5,81.0,31,0.3003687125263892,1.0,3.1,9.94,29.5,0.27541480159218784,18,1008.4951279634699,578.7340176876233,1587.2291456510934,478.1
219,126,30,8.558769367167113,9.333333333333334,6.538888888888888,11.24190476190474,41.583333333333336,17.75714285714286,14.777252819581424,22.73015873015873,92.26748242887578,15.0,8.599999999999998,13.300000000000002,48.5,80.0,31,0.3003687125263892,1.0,3.1,9.94,29.5,0.20008681872790768,18,1078.4049402630562,443.3175845874427,1521.722524850499,654.6
220,122,32,8.54557458712629,9.598360655737705,6.50655737704918,11.215901639344247,42.06967213114754,16.188524590163937,14.168217482567877,22.5327868852459,92.26748242887578,15.0,8.699999999999998,13.300000000000002,48.5,85.0,31,0.3003687125263892,1.0,3.1,9.94,30.0,0.36966604378102685,18,1042.5600996294072,453.3829594421721,1495.9430590715792,441.5
221,128,22,7.472043879891048,9.6484375,6.604687500000001,11.124531249999986,42.10546875,15.611718750000003,20.532931788202742,22.5234375,46.13374121443789,16.0,8.699999999999998,13.360000000000003,48.5,84.0,31,0.3003687125263892,1.0,3.1,9.879999999999999,30.0,0.9466796407812704,18,956.4216166260542,451.72449934046034,1408.1461159665146,238.3
222,130,27,8.171657632127728,9.669230769230769,6.555384615384614,11.149230769230753,42.16153846153846,14.294615384615385,13.530664642480478,22.661538461538463,87.75034606583074,16.0,8.699999999999998,13.360000000000003,48.5,83.0,31,0.8651443248767621,2.0,3.1,9.879999999999999,30.0,0.0942122764235096,18,1062.3154921766045,365.3279453469729,1427.6434375235774,325.1
223,131,20,7.305925391061407,9.541984732824428,6.5694656488549645,11.170076335877845,42.0,15.014503816793889,18.434806943450248,22.82442748091603,43.87517303291537,16.0,8.699999999999998,13.360000000000003,48.5,82.0,31,0.7910037935654428,2.0,3.1,9.879999999999999,30.0,1.7743528000967768,18,957.0762262290442,368.6961388690049,1325.7723650980492,323.20000000000005
224,137,18,6.7146183620159645,9.678832116788321,6.558394160583939,11.162335766423343,42.28832116788321,15.090510948905113,17.36233607606493,22.795620437956206,56.66717651804736,16.0,8.699999999999998,13.360000000000003,48.5,81.0,31,0.7910037935654428,2.0,3.1,9.879999999999999,30.0,0.7743528000967768,19,919.9027155961871,312.52204936916877,1232.424764965356,319.6
225,136,12,7.349614043340224,9.823529411764707,6.533823529411765,11.19161764705881,42.31617647058823,17.12058823529412,15.569256380501402,22.845588235294116,80.68897077978065,16.0,8.699999999999998,13.360000000000003,48.5,80.0,31,0.7910037935654428,2.0,3.0,9.879999999999999,30.0,1.1016592063687514,19,999.5475098942704,186.83107656601683,1186.3785864602874,470.30000000000007
226,132,18,6.6714938812740785,9.878787878787879,6.486363636363629,11.21636363636362,42.34090909090909,17.23333333333333,13.410210175774575,23.0,56.66717651804736,16.0,8.699999999999998,13.240000000000002,48.5,79.0,31,0.7910037935654428,2.0,3.0,9.879999999999999,30.0,2.0227821201993446,19,880.6371923281783,241.38378316394235,1122.0209754921207,496.8
227,128,16,7.017554487294964,9.8671875,6.568749999999995,11.165624999999986,42.3125,18.422656249999996,11.579188891488329,23.0,56.66717651804736,16.0,8.699999999999998,13.240000000000002,48.5,78.0,31,0.904588584972825,2.0,3.0,9.879999999999999,30.0,0.7910037935654428,19,898.2469743737554,185.26702226381326,1083.5139966375687,328.7
228,126,21,6.414560228400664,9.753968253968255,6.729365079365074,11.049682539682527,42.198412698412696,18.154761904761905,10.363771417109174,22.96031746031746,56.68995863824671,16.0,8.699999999999998,13.240000000000002,48.5,77.0,31,0.904588584972825,2.0,3.0,9.879999999999999,30.0,2.957328126562193,19,808.2345887784837,217.63919975929264,1025.8737885377764,362.4
229,119,24,5.974574134081358,9.907563025210084,6.692436974789911,11.039663865546204,42.57983193277311,17.9546218487395,10.989332925399069,22.907563025210084,15.90245570914857,16.0,8.699999999999998,13.240000000000002,48.5,76.0,31,0.904588584972825,2.0,3.0,9.879999999999999,30.0,1.80917716994565,19,710.9743219556816,263.74399020957765,974.7183121652592,353.9
230,122,17,5.625796668792498,9.688524590163935,6.6704918032786855,11.105245901639336,42.24180327868852,17.177049180327863,14.099721020530502,23.18032786885246,15.193388459111269,16.0,8.699999999999998,13.240000000000002,48.5,75.0,31,0.8848339284232697,2.0,3.0,9.879999999999999,30.0,0.80917716994565,19,686.3471935926848,239.69525734901853,926.0424509417034,176.1
231,117,12,7.012328272496737,9.7008547008547,6.560683760683756,11.170427350427346,42.24786324786325,17.919658119658123,6.567072290473736,23.316239316239315,81.90123037911053,16.0,8.699999999999998,13.240000000000002,48.5,15.193388459111269,31,0.7651110110605401,2.0,3.0,9.879999999999999,30.0,2.521530336868145,19,820.4424078821182,78.80486748568484,899.247275367803,313.2
232,110,13,6.670805792949094,9.736363636363636,6.605454545454538,11.12345454545454,42.3,19.322727272727278,10.890217701166591,23.30909090909091,81.90123037911053,16.0,8.699999999999998,13.240000000000002,48.5,66.37147363238557,31,0.7651110110605401,2.0,3.0,9.879999999999999,30.0,1.2271067990862208,19,733.7886372244003,141.5728301151657,875.3614673395659,385.90000000000003
233,101,18,5.828665566416784,9.594059405940595,6.4712871287128655,11.232673267326728,42.21287128712871,18.140594059405945,14.071949767283458,23.712871287128714,15.351052483150973,16.0,8.599999999999998,13.240000000000002,48.5,81.90123037911053,31,0.7651110110605401,2.0,3.0,9.879999999999999,30.0,0.8138842633229597,20,588.6952222080952,253.29509581110224,841.9903180191974,333.1
234,95,17,7.134739838516129,9.705263157894738,6.392631578947364,11.263999999999992,42.45789473684211,19.675789473684205,8.411347581497825,23.694736842105264,84.60426438684244,16.0,8.599999999999998,13.240000000000002,48.5,64.37147363238557,31,0.7651110110605401,2.0,3.0,9.879999999999999,30.0,1.5917631069891625,20,677.8002846590323,142.99290888546304,820.7931935444954,281.8
235,92,18,6.83595139501575,9.804347826086957,6.29673913043478,11.291086956521735,42.81521739130435,20.728260869565226,7.993246306860069,23.641304347826086,42.30213219342122,16.0,8.599999999999998,13.240000000000002,49.0,63.37147363238557,31,0.7958815534945812,2.0,3.0,9.879999999999999,30.0,0.5917631069891625,20,628.907528341449,143.87843352348125,772.7859618649303,266.8
236,87,20,6.808764481511511,9.655172413793103,6.311494252873558,11.297011494252866,42.804597701149426,20.50689655172414,6.930297990091144,23.839080459770116,66.09708755967272,16.0,8.599999999999998,13.240000000000002,49.0,21.502472390924407,31,0.7958815534945812,2.0,3.0,9.94,30.0,0.0006921316614798556,20,592.3625098915014,138.60595980182288,730.9684696933243,272.09999999999997
237,81,19,7.327399863439305,9.814814814814815,6.266666666666666,11.296296296296294,43.0679012345679,20.258024691358028,5.667601592312107,23.790123456790123,66.09708755967272,16.0,8.599999999999998,13.240000000000002,49.0,20.127334926870112,31,0.7958815534945812,2.0,3.0,9.94,30.0,0.1569853898903224,20,593.5193889385837,107.68443025393003,701.2038191925137,175.0
238,75,25,7.118066932232358,9.973333333333333,6.117333333333331,11.328266666666666,43.4,20.40666666666667,5.454277099454661,23.85333333333333,66.09708755967272,16.0,8.599999999999998,13.240000000000002,49.0,19.127334926870112,31,0.7958815534945812,3.0,3.0,9.94,30.0,0.4421511036495205,20,533.8550199174268,136.35692748636652,670.2119474037934,285.79999999999995
239,74,17,6.6700041447102,9.72972972972973,6.199999999999998,11.266756756756752,43.236486486486484,20.60810810810811,8.494571384446532,24.027027027027028,66.09708755967272,14.0,8.599999999999998,13.240000000000002,49.0,27.442495729445422,31,0.7958815534945812,3.0,3.0,9.94,30.0,0.4300886091265994,20,493.5803067085548,144.40771353559106,637.9880202441459,126.8
240,70,12,7.576173784969477,9.628571428571428,6.342857142857142,11.181714285714282,42.878571428571426,19.682857142857145,7.227639001885038,24.314285714285713,66.09708755967272,14.0,8.599999999999998,13.180000000000001,49.0,22.762796340540486,32,0.7958815534945812,3.0,3.0,9.94,30.0,0.12437978198416921,20,530.3321649478634,86.73166802262045,617.0638329704839,104.8
241,70,14,6.905284367164862,9.357142857142858,6.298571428571428,11.20771428571428,42.65714285714286,19.15142857142858,8.656762946769668,24.7,33.169090673117054,14.0,8.599999999999998,13.180000000000001,49.0,28.0,32,0.7958815534945812,3.0,3.0,9.879999999999999,29.5,2.690292564708325,20,483.36990570154035,121.19468125477535,604.5645869563157,141.29999999999998
242,71,16,5.952340454102399,9.169014084507042,6.25070422535211,11.264507042253518,42.57746478873239,17.611267605633802,13.295244068874098,25.08450704225352,28.201602342377562,14.0,8.599999999999998,13.180000000000001,49.5,67.0,32,0.7958815534945812,3.0,3.0,9.879999999999999,29.5,2.363297471835816,21,422.6161722412703,212.72390510198557,635.3400773432559,64.3
243,76,11,5.520424864869793,9.210526315789474,6.289473684210523,11.225526315789468,42.57236842105263,17.138157894736846,20.469727473716826,25.17105263157895,21.773031453886517,14.0,8.599999999999998,13.180000000000001,49.5,66.0,32,0.7958815534945812,3.0,3.0,9.879999999999999,29.5,1.363297471835816,22,419.55228973010423,225.1670022108851,644.7192919409894,40.300000000000004
244,75,17,4.969762142321062,9.373333333333333,6.28533333333333,11.208799999999995,42.666666666666664,17.03733333333334,16.874906565492402,25.093333333333334,21.773031453886517,15.0,8.599999999999998,13.240000000000002,49.5,65.0,32,0.7958815534945812,4.0,3.0,9.879999999999999,29.5,0.36329747183581595,22,372.73216067407964,286.8734116133708,659.6055722874505,135.70000000000002
245,71,16,5.005367251333083,9.267605633802816,6.271830985915492,11.230422535211261,42.647887323943664,18.673239436619724,25.803824998185355,25.112676056338028,16.9808131248177,15.0,8.599999999999998,13.240000000000002,49.5,80.0,32,0.7958815534945812,4.0,3.0,9.879999999999999,29.5,1.3724369014841127,22,355.3810748446489,412.8611999709657,768.2422748156146,154.90000000000003
246,69,14,5.461076480697832,9.26086956521739,6.256521739130435,11.259999999999994,42.69565217391305,20.19275362318841,26.389936912457586,25.159420289855074,24.904099426366063,15.0,8.599999999999998,13.240000000000002,49.5,79.0,32,0.7958815534945812,4.0,3.0,9.879999999999999,29.5,2.404220970183989,22,376.8142771681504,369.4591167744062,746.2733939425566,177.50000000000003
247,67,16,5.922871534765456,9.08955223880597,6.331343283582089,11.204477611940295,42.582089552238806,20.053731343283584,24.379557596870168,25.238805970149254,63.09571222089441,15.0,8.599999999999998,13.240000000000002,49.5,78.0,32,0.7958815534945812,4.0,3.1,9.879999999999999,29.5,1.4042209701839892,22,396.83239282928554,390.0729215499227,786.9053143792082,136.1
248,67,18,5.552251817972362,8.850746268656716,6.377611940298506,11.194029850746267,42.343283582089555,18.558208955223883,25.758858421310272,25.47761194029851,31.547856110447206,15.0,8.599999999999998,13.240000000000002,49.5,91.0,33,0.7958815534945812,3.0,3.1,9.879999999999999,29.5,0.40422097018398917,22,372.00087180414823,463.6594515835849,835.6603233877331,66.10000000000001
249,68,16,5.931597382443379,8.823529411764707,6.3397058823529395,11.249117647058823,42.26470588235294,19.13970588235294,26.853998485141638,25.602941176470587,44.82947661653819,15.0,8.599999999999998,13.240000000000002,49.5,90.0,34,0.7958815534945812,2.0,3.1,9.879999999999999,29.5,0.6862184507420563,22,403.3486220061498,429.6639757622662,833.0125977684161,70.4
250,69,17,5.609598783028044,8.492753623188406,6.250724637681157,11.357101449275358,41.869565217391305,18.408695652173915,24.25337545298388,26.057971014492754,28.69429096591425,15.0,8.599999999999998,13.240000000000002,49.5,89.0,35,0.7958815534945812,1.0,3.1,9.879999999999999,29.5,2.4329190293351965,22,387.0623160289351,412.307382700726,799.3696987296611,143.9
251,73,15,5.176857313885524,8.547945205479452,6.316438356164381,11.310958904109587,41.67123287671233,18.33561643835617,30.024436707355243,26.123287671232877,14.347145482957124,16.0,8.599999999999998,13.240000000000002,49.5,88.0,35,0.7958815534945812,1.0,3.0,9.879999999999999,29.5,1.8639238446563131,22,377.9105839136432,450.36655061032866,828.2771345239719,110.70000000000002
252,67,20,5.07986813533271,8.522388059701493,6.323880597014923,11.299104477611937,41.62686567164179,17.746268656716417,23.902441621631898,26.059701492537314,15.366448131121718,16.0,8.599999999999998,13.240000000000002,49.0,87.0,35,0.8142694635230248,1.0,3.0,9.879999999999999,29.5,0.7958815534945812,22,340.35116506729156,478.04883243263794,818.3999974999294,219.70000000000002
253,66,19,5.090191782241384,8.530303030303031,6.448484848484847,11.195757575757575,41.621212121212125,18.415151515151518,28.510233639901617,26.0,20.533510200594613,16.0,8.599999999999998,13.240000000000002,49.0,87.0,35,0.8142694635230248,1.0,3.0,9.879999999999999,29.5,2.8151620355247946,22,335.95265762793133,541.6944391581308,877.6470967860621,130.2
254,66,13,7.650168442699736,8.5,6.574242424242424,11.113939393939392,41.42424242424242,18.4969696969697,29.79324596831941,26.060606060606062,73.84949014923771,16.0,8.599999999999998,13.240000000000002,49.0,86.0,35,0.8142694635230248,1.0,3.0,9.879999999999999,29.5,2.287766524177653,22,504.9111172181826,387.31219758815234,892.2233148063349,105.5
255,70,13,6.350869224393159,8.557142857142857,6.661428571428572,11.082285714285709,41.25,19.260000000000005,31.0877641049117,26.12857142857143,36.924745074618855,16.0,8.599999999999998,13.240000000000002,49.0,85.0,35,0.8142694635230248,1.0,3.0,9.879999999999999,29.5,1.2877665241776528,22,444.5608457075211,404.14093336385207,848.7017790713732,160.20000000000002
256,72,14,5.450967106926871,8.472222222222221,6.605555555555557,11.179722222222217,40.833333333333336,18.056944444444447,33.30594841862753,26.61111111111111,18.462372537309427,16.0,8.499999999999998,13.240000000000002,49.0,84.0,35,0.8142694635230248,1.0,3.0,9.879999999999999,29.5,5.517389050211502,22,392.46963169873476,466.28327786078546,858.7529095595203,125.70000000000002
257,74,13,5.951231975075476,8.202702702702704,6.602702702702702,11.259189189189184,40.270270270270274,17.918918918918923,30.988256173607695,27.08108108108108,73.60368457706727,16.0,8.499999999999998,13.240000000000002,49.0,83.0,35,0.8142694635230248,1.0,3.0,9.879999999999999,29.5,4.666911182540766,22,440.39116615558527,402.8473302569,843.2384964124853,106.4
258,71,18,6.959546387650425,8.225352112676056,6.698591549295774,11.250985915492956,39.894366197183096,16.687323943661973,22.8050376635215,27.225352112676056,73.60368457706727,16.0,8.499999999999998,13.240000000000002,49.0,82.0,35,0.8142694635230248,1.0,3.0,9.879999999999999,29.5,1.964676258628688,22,494.1277935231802,410.49067794338697,904.6184714665671,108.10000000000001
259,69,15,7.517622526408628,8.434782608695652,6.704347826086956,11.20028985507246,40.34782608695652,18.63913043478261,27.706275416337686,26.971014492753625,73.60368457706727,16.0,8.499999999999998,13.240000000000002,49.0,81.0,35,0.982338129314344,1.0,3.0,9.879999999999999,30.0,0.8142694635230248,22,518.7159543221953,415.5941312450653,934.3100855672606,134.9
260,71,13,7.206608555887324,8.535211267605634,6.82676056338028,11.124225352112676,40.29577464788732,18.47887323943662,35.458388038223006,27.028169014084508,82.68795202666831,16.0,8.599999999999998,13.240000000000002,49.0,79.0,36,0.8861617557163595,1.0,3.0,9.879999999999999,30.0,0.9706711051628911,22,511.66920746799997,460.9590444968991,972.628251964899,94.6
261,73,15,6.235465342068302,8.493150684931507,6.906849315068492,11.062191780821916,40.23287671232877,17.675342465753424,37.36458759827905,27.136986301369863,66.53159219549134,16.0,8.599999999999998,13.240000000000002,48.0,87.0,36,0.8861617557163595,1.0,3.0,9.879999999999999,30.0,2.8232833979823786,22,455.1889699709861,560.4688139741858,1015.6577839451718,62.2
262,76,11,6.886971644330771,8.460526315789474,6.919736842105264,11.058421052631575,40.125,19.056578947368422,43.73736817474182,27.32894736842105,74.20613697997746,16.0,8.599999999999998,13.240000000000002,48.0,86.0,36,0.8861617557163595,1.0,3.0,9.879999999999999,30.0,1.8232833979823786,22,523.4098449691386,481.11104992216,1004.5208948912987,91.99999999999999
263,79,17,5.822936273470087,8.215189873417721,6.829113924050635,11.101265822784807,40.09493670886076,17.7379746835443,32.61149235245117,27.772151898734176,37.10306848998873,16.0,8.599999999999998,13.240000000000002,48.0,85.0,36,0.8861617557163595,1.0,3.0,9.879999999999999,29.5,0.8232833979823786,22,460.01196560413683,554.3953699916699,1014.4073355958067,162.59999999999997
264,82,17,5.0837454193053695,7.987804878048781,6.808536585365853,11.128780487804871,39.90853658536585,16.885365853658534,38.20164723324537,28.21951219512195,18.551534244994365,16.0,8.599999999999998,13.240000000000002,48.0,84.0,36,0.982338129314344,1.0,3.0,9.879999999999999,29.5,1.2877665241776528,23,416.86712438304033,649.4280029651712,1066.2951273482115,57.3
265,80,23,6.090504599139825,8.05,6.836249999999997,11.054999999999996,40.1625,16.011249999999997,27.080816015041588,28.1375,85.24216706730881,16.0,8.599999999999998,13.240000000000002,48.0,83.0,36,0.982338129314344,1.0,3.0,9.879999999999999,29.5,0.2877665241776528,23,487.24036793118603,622.8587683459565,1110.0991362771424,122.80000000000001
266,77,23,6.627008373339331,8.220779220779221,6.763636363636363,11.112207792207787,40.357142857142854,15.051948051948049,26.493036399888286,28.16883116883117,69.63305115281551,16.0,8.599999999999998,13.240000000000002,48.0,82.0,36,0.982338129314344,1.0,3.0,9.879999999999999,29.5,0.7723235114327189,23,510.2796447471285,609.3398371974306,1119.619481944559,115.90000000000005
267,82,20,6.79628115440708,7.963414634146342,6.720731707317073,11.134878048780484,40.298780487804876,14.054878048780486,31.97208936918106,28.24390243902439,76.15822451221821,14.0,8.499999999999998,13.240000000000002,48.0,91.0,36,0.9468138199691716,1.0,3.0,9.879999999999999,29.5,1.2544349988429278,23,557.2950546613805,639.4417873836212,1196.7368420450016,58.000000000000014
268,85,23,7.3488168792650335,8.2,6.641176470588236,11.121176470588235,40.688235294117646,12.901176470588235,27.317698698244257,28.24705882352941,76.22822064324026,14.0,8.499999999999998,13.240000000000002,48.0,90.0,37,0.982338129314344,2.0,3.0,9.819999999999999,29.5,0.8018422885336367,23,624.6494347375278,628.3070700596179,1252.9565047971457,114.50000000000001
269,89,19,7.9303710024470755,8.415730337078651,6.66629213483146,11.081348314606736,40.949438202247194,12.394382022471909,33.95764382240955,28.202247191011235,83.62934726255287,14.0,8.499999999999998,13.240000000000002,48.0,96.0,38,0.982338129314344,2.0,3.0,9.819999999999999,29.5,0.7734684144485349,23,705.8030192177897,645.1952326257815,1350.9982518435713,131.8
270,98,14,7.842990070912696,8.387755102040817,6.641836734693876,11.13714285714285,40.66836734693877,11.803061224489799,47.162726163326155,28.622448979591837,67.27889828358184,14.0,8.499999999999998,13.240000000000002,48.0,99.0,38,0.8348895766417472,2.0,3.0,9.819999999999999,29.0,3.2768237652784276,23,768.6130269494441,660.2781662865661,1428.8911932360102,125.30000000000001
271,108,17,7.801557192897449,8.416666666666666,6.5268518518518475,11.260925925925918,40.592592592592595,11.735185185185188,33.68533487024666,28.87962962962963,100.37994451600682,14.0,8.599999999999998,13.300000000000002,48.0,94.0,38,0.8348895766417472,2.0,3.0,9.819999999999999,29.0,2.2768237652784276,23,842.5681768329245,572.6506927941932,1415.2188696271178,228.30000000000007
272,113,14,8.104826629730898,8.601769911504425,6.426548672566368,11.332743362831845,40.663716814159294,12.545132743362837,34.035793481579766,28.858407079646017,90.34371719329846,14.0,8.599999999999998,13.300000000000002,48.0,93.0,39,0.8348895766417472,2.0,3.0,9.819999999999999,29.0,5.16799700166677,23,915.8454091595914,476.5011087421167,1392.346517901708,205.80000000000007
273,113,18,8.190377955055268,8.716814159292035,6.321238938053095,11.408141592920344,40.80530973451327,13.353097345132742,27.614547124670715,28.778761061946902,81.35206569705097,14.0,8.599999999999998,13.300000000000002,48.0,92.0,40,0.8348895766417472,2.0,3.0,9.819999999999999,29.0,2.0791122561091044,23,925.5127089212453,497.06184824407285,1422.5745571653183,298.50000000000006
274,118,16,8.075294357460976,8.923728813559322,6.320338983050848,11.347966101694906,41.190677966101696,14.251694915254237,23.653930754931856,28.483050847457626,96.22683420390956,14.0,8.599999999999998,13.300000000000002,48.0,86.0,40,0.8348895766417472,2.0,3.0,9.819999999999999,29.0,1.6697791532834945,23,952.8847341803952,378.4628920789097,1331.347626259305,252.8
275,118,21,8.025141224409714,8.889830508474576,6.390677966101694,11.324237288135585,41.03813559322034,13.02118644067797,13.709547490580993,28.440677966101696,94.52852758040504,14.0,8.599999999999998,13.300000000000002,48.0,76.0,40,0.8348895766417472,2.0,3.0,9.819999999999999,29.0,1.6458745671528199,23,946.9666644803461,287.90049730220085,1234.867161782547,308.20000000000005
276,121,19,7.013215884733009,8.834710743801653,6.482644628099172,11.232561983471063,41.239669421487605,13.91074380165289,20.03141117771682,28.223140495867767,94.52852758040504,14.0,8.599999999999998,13.300000000000002,48.0,75.0,40,0.8348895766417472,1.0,3.0,9.819999999999999,29.0,0.6458745671528199,23,848.5991220526942,380.59681237661954,1229.1959344293136,223.70000000000002
277,120,22,6.828176255931593,8.775,6.6191666666666675,11.138666666666655,41.2375,14.90833333333333,19.686158839881195,28.083333333333332,94.52852758040504,14.0,8.599999999999998,13.300000000000002,48.0,74.0,40,0.3603688867142302,1.0,3.0,9.819999999999999,29.0,0.31894178062429557,23,819.3811507117912,433.0954944773863,1252.4766451891774,418.6
278,111,27,7.626129508348413,8.72072072072072,6.652252252252253,11.136936936936927,41.067567567567565,15.366666666666667,14.36030023042319,28.243243243243242,94.52852758040504,14.0,8.599999999999998,13.240000000000002,47.5,72.0,40,0.3603688867142302,1.0,3.0,9.819999999999999,29.0,1.3189417806242956,23,846.5003754266738,387.7281062214261,1234.2284816481,480.70000000000005
279,108,21,7.105443221248221,8.675925925925926,6.622222222222222,11.204444444444434,40.800925925925924,16.269444444444442,19.5277621757967,28.49074074074074,51.379944516006816,14.0,8.599999999999998,13.240000000000002,47.5,94.52852758040504,40,0.3603688867142302,1.0,3.0,9.819999999999999,29.0,0.31894178062429557,23,767.3878678948079,410.0830056917307,1177.4708735865386,392.5
280,111,20,7.861888162233416,8.783783783783784,6.59099099099099,11.216036036036027,41.009009009009006,16.079279279279277,14.547149021361083,28.576576576576578,98.69652458207182,14.0,8.599999999999998,13.240000000000002,47.5,70.0,41,0.7207377734284603,1.0,3.0,9.819999999999999,28.5,0.3603688867142302,23,872.6695860079092,290.94298042722164,1163.6125664351307,312.4
281,108,21,8.257867914787838,8.712962962962964,6.555555555555555,11.249444444444432,40.84722222222222,15.813888888888892,8.525667818694112,28.935185185185187,71.29250317495597,14.0,8.599999999999998,13.240000000000002,47.5,60.0,41,0.7207377734284603,2.0,3.0,9.819999999999999,28.5,0.22999812604173098,23,891.8497347970864,179.03902419257636,1070.8887589896628,317.0
282,113,17,7.130147788916365,8.70796460176991,6.541592920353982,11.246902654867245,40.8141592920354,15.57522123893806,9.255760039539403,29.04424778761062,71.15986228544773,14.0,8.599999999999998,13.240000000000002,47.5,59.0,41,0.7207377734284603,2.0,3.0,9.819999999999999,28.5,0.8829510937138414,23,805.7067001475492,157.34792067216986,963.054620819719,217.0
283,111,18,6.351518635267916,8.594594594594595,6.618918918918921,11.156036036036031,40.88288288288288,14.718018018018023,11.315614728454651,29.063063063063062,71.15986228544773,14.0,8.499999999999998,13.240000000000002,47.5,58.0,39,0.7207377734284603,2.0,3.0,9.819999999999999,28.5,3.2268342039095543,24,705.0185685147387,203.68106511218372,908.6996336269224,290.3
284,109,16,7.056911938152075,8.73394495412844,6.6366972477064206,11.107522935779812,41.022935779816514,15.233027522935778,6.3019357362661585,28.880733944954127,71.15986228544773,14.0,8.399999999999999,13.240000000000002,47.5,15.085602814686858,39,0.7207377734284603,2.0,3.0,9.819999999999999,28.5,0.8348895766417472,24,769.2034012585762,100.83097178025854,870.0343730388347,238.9
285,104,17,6.92499696670596,8.932692307692308,6.514423076923079,11.15038461538461,41.37980769230769,15.73269230769231,5.969875844443552,28.66346153846154,71.15986228544773,14.0,8.499999999999998,13.300000000000002,47.5,15.751926279730547,39,0.7207377734284603,2.0,3.0,9.819999999999999,28.5,0.7419924390864732,24,720.1996845374198,101.48788935554037,821.6875738929601,296.0
286,108,14,5.819250167054925,8.935185185185185,6.515740740740741,11.139999999999995,41.49074074074074,16.989814814814817,10.325528828844202,28.62037037037037,17.505598359138467,14.0,8.499999999999998,13.300000000000002,48.0,71.15986228544773,39,0.7207377734284603,2.0,3.0,9.819999999999999,28.5,1.2919992504166924,24,628.4790180419319,144.55740360381884,773.0364216457508,279.50000000000006
287,109,12,6.245322386900979,8.8348623853211,6.529357798165138,11.167339449541279,41.31192660550459,19.211926605504583,5.4863798544035625,28.834862385321102,74.58778599813411,14.0,8.499999999999998,13.300000000000002,48.0,14.933420609045402,39,0.7207377734284603,2.0,3.0,9.819999999999999,28.5,0.2919992504166924,24,680.7401401722067,65.83655825284275,746.5766984250495,376.20000000000005
288,99,19,5.931585990676774,8.666666666666666,6.473737373737376,11.224040404040396,41.186868686868685,19.94848484848485,7.39639633959857,29.232323232323232,74.58778599813411,14.0,8.499999999999998,13.300000000000002,48.0,15.035170703620725,39,0.7207377734284603,2.0,3.0,9.819999999999999,28.5,2.352189767890213,24,587.2270130770006,140.53153045237283,727.7585435293735,426.80000000000007
289,91,16,6.245392688948503,8.945054945054945,6.2780219780219815,11.311868131868128,41.543956043956044,20.989010989010993,7.207148268553501,29.0,37.293892999067054,15.0,8.499999999999998,13.300000000000002,48.0,15.147627423191071,39,0.7207377734284603,2.0,3.0,9.819999999999999,28.5,1.3521897678902128,24,568.3307346943138,115.31437229685602,683.6451069911699,342.3
290,91,11,6.191908325866668,9.065934065934066,6.285714285714288,11.313186813186809,41.5,20.45494505494506,6.735142790167356,29.153846153846153,19.093117549610028,15.0,8.499999999999998,13.300000000000002,48.0,13.25570897673675,39,0.7207377734284603,2.0,3.0,9.819999999999999,28.5,0.35218976789021283,24,563.4636576538668,74.08657069184092,637.5502283457078,179.00000000000003
291,90,15,5.698954607034476,8.966666666666667,6.373333333333334,11.275333333333329,41.31111111111111,18.96333333333334,5.895197008221503,29.41111111111111,19.443273937983648,15.0,8.499999999999998,13.180000000000001,48.0,8.310541766827203,40,0.7207377734284603,1.0,3.0,9.819999999999999,28.0,1.575970506397237,24,512.9059146331028,88.42795512332255,601.3338697564254,203.10000000000002
292,82,17,5.319452364934193,8.890243902439025,6.364634146341463,11.335609756097554,40.98780487804878,17.86341463414634,8.273629637056912,29.73170731707317,16.37964241200948,15.0,8.499999999999998,13.180000000000001,48.0,19.443273937983648,40,0.7207377734284603,1.0,3.0,9.819999999999999,28.0,0.5759705063972369,24,436.19509392460384,140.6517038299675,576.8467977545713,216.60000000000005
293,80,12,5.90288379689168,8.7625,6.379999999999997,11.357999999999993,40.76875,17.740000000000002,6.5477461901557605,29.9875,22.819673527768266,15.0,8.499999999999998,13.180000000000001,48.0,10.060778568096623,40,0.7207377734284603,1.0,3.0,9.819999999999999,28.0,1.8834748706201934,24,472.2307037513344,78.57295428186913,550.8036580332035,155.50000000000003
294,81,13,5.516843106935051,8.864197530864198,6.41604938271605,11.32024691358024,40.864197530864196,18.456790123456795,5.271921780789204,30.02469135802469,17.17415301450414,15.0,8.499999999999998,13.180000000000001,48.0,9.060778568096623,40,0.7207377734284603,1.0,3.0,9.819999999999999,28.0,0.8834748706201934,24,446.8642916617391,68.53498315025965,515.3992748119988,222.80000000000004
295,75,17,5.395150194752358,8.88,6.418666666666667,11.26746666666666,41.086666666666666,18.378666666666668,5.098416584667176,30.066666666666666,17.17415301450414,15.0,8.499999999999998,13.180000000000001,48.0,12.289053812531382,40,0.7207377734284603,1.0,3.0,9.819999999999999,28.0,0.8527665337920958,24,404.6362646064269,86.673081939342,491.3093465457689,244.4
296,67,20,5.143989919648425,8.925373134328359,6.346268656716418,11.299104477611936,41.28358208955224,18.202985074626863,6.219505915700818,30.149253731343283,14.228001763949438,15.0,8.499999999999998,13.180000000000001,48.0,17.17415301450414,40,0.9394723867888608,1.0,3.0,9.819999999999999,28.5,0.8829510937138414,25,344.6473246164445,124.39011831401636,469.0374429304609,221.00000000000003
297,64,15,5.372937677953186,8.8125,6.4453125,11.253124999999997,41.1015625,19.021874999999998,6.781965333783717,30.140625,12.495183357468365,15.0,8.499999999999998,13.180000000000001,48.0,16.17415301450414,40,0.9394723867888608,1.0,3.0,9.819999999999999,28.5,0.8232411622905769,25,343.8680113890039,101.72948000675575,445.5974913957597,127.30000000000003
298,63,13,5.619785491548496,8.73015873015873,6.573015873015873,11.173968253968255,40.87301587301587,19.239682539682537,10.386447942704605,30.428571428571427,24.720711789309153,15.0,8.499999999999998,13.180000000000001,47.5,66.0,40,0.9394723867888608,1.0,3.0,9.819999999999999,28.5,1.042138163044383,25,354.04648596755527,135.02382325515987,489.07030922271514,140.1
299,60,14,5.4957176338364455,8.766666666666667,6.583333333333332,11.184666666666665,40.675,19.334999999999997,9.729891023166857,30.65,13.581003635726773,15.0,8.499999999999998,13.240000000000002,47.5,65.0,40,0.9394723867888608,1.0,3.0,9.819999999999999,28.5,0.04213816304438289,25,329.7430580301867,136.218474324336,465.9615323545227,136.0
300,57,12,5.587454001938681,8.701754385964913,6.689473684210525,11.13859649122807,40.41228070175438,20.828070175438597,11.202876340081128,30.912280701754387,16.990865921174503,15.0,8.499999999999998,13.240000000000002,46.5,64.0,40,0.9394723867888608,1.0,3.1,9.819999999999999,28.5,0.5732411622905769,26,318.48487811050484,134.43451608097354,452.9193941914784,114.00000000000003
301,55,12,5.315668913260768,8.690909090909091,6.659999999999999,11.143636363636364,40.67272727272727,21.15454545454545,11.51816956969013,30.90909090909091,13.523543700234915,15.0,8.599999999999998,13.240000000000002,47.0,63.0,40,0.9394723867888608,1.0,3.1,9.819999999999999,28.5,1.0819088604267,26,292.36179022934226,138.21803483628156,430.5798250656238,143.8
302,54,9,5.7001451210645655,8.833333333333334,6.738888888888888,11.074444444444445,40.76851851851852,21.10555555555555,11.669653083574097,30.85185185185185,17.804589938915477,15.0,8.599999999999998,13.240000000000002,47.0,62.0,40,0.9394723867888608,1.0,3.1,9.819999999999999,28.5,0.08190886042669998,26,307.80783653748654,105.02687775216687,412.8347142896534,50.40000000000001
303,55,8,4.864843655440469,8.727272727272727,6.761818181818183,11.09127272727273,40.57272727272727,20.12909090909091,15.688025802678109,31.12727272727273,12.51758405025614,15.0,8.599999999999998,13.240000000000002,47.0,61.0,41,0.5641295753161124,1.0,3.1,9.819999999999999,28.5,3.114000881974719,27,267.56640104922576,125.50420642142487,393.07060747065066,70.20000000000002
304,52,8,6.428668015554643,8.826923076923077,6.705769230769231,11.11346153846154,40.70192307692308,21.89230769230769,9.847483832726148,31.115384615384617,64.02615172374354,15.0,8.599999999999998,13.240000000000002,47.0,28.0,41,0.5641295753161124,1.0,3.1,9.819999999999999,28.5,1.1282591506322248,27,334.2907368088414,78.77987066180918,413.0706074706506,104.50000000000001
305,48,14,6.030494450272582,8.8125,6.599999999999999,11.196250000000001,40.625,19.633333333333333,9.850202467022594,31.333333333333332,64.02615172374354,15.0,8.599999999999998,13.180000000000001,47.0,32.0,41,0.5641295753161124,1.0,3.1,9.879999999999999,28.5,0.12825915063222482,27,289.46373361308395,137.9028345383163,427.36656815140026,68.10000000000001
306,48,10,6.139195069482672,8.6875,6.683333333333333,11.171666666666669,40.333333333333336,20.812499999999996,13.655040773466387,31.604166666666668,32.01307586187177,15.0,8.599999999999998,13.180000000000001,47.0,33.0,41,0.5641295753161124,1.0,3.3000000000000003,9.879999999999999,28.5,0.16221332028538105,27,294.68136333516827,136.55040773466388,431.2317710698321,61.10000000000001
307,48,11,5.558887258558649,8.770833333333334,6.631249999999999,11.219583333333334,40.052083333333336,20.45208333333333,16.416713700570337,31.9375,16.006537930935885,15.0,8.599999999999998,13.180000000000001,47.0,43.0,41,0.5641295753161124,1.0,3.3000000000000003,9.879999999999999,28.5,1.9462243397288699,27,266.82658841081513,180.58385070627372,447.41043911708886,112.2
308,47,14,5.410499761830817,8.808510638297872,6.631914893617021,11.242978723404256,40.11702127659574,19.576595744680848,13.505121853118277,32.255319148936174,21.692285589489416,15.0,8.599999999999998,13.180000000000001,47.0,42.0,41,0.5641295753161124,1.0,3.3000000000000003,9.879999999999999,28.5,1.1602101602173212,27,254.2934888060484,189.07170594365587,443.3651947497043,100.2
309,49,11,5.451263257993199,8.489795918367347,6.730612244897959,11.25469387755102,39.43877551020408,18.385714285714283,22.533333640778462,32.816326530612244,30.680089417474385,14.0,8.599999999999998,13.180000000000001,46.0,99.0,41,0.47142418162943267,1.0,3.3000000000000003,9.879999999999999,28.5,3.464241074411431,27,267.11189964166675,247.8666700485631,514.9785696902298,88.20000000000002
310,48,14,4.909129269908568,8.208333333333334,6.687499999999999,11.285833333333336,39.552083333333336,17.437499999999996,20.110949513640403,33.041666666666664,15.340044708737192,14.0,8.599999999999998,13.180000000000001,46.0,98.0,42,0.5801050801086606,1.0,3.3000000000000003,9.94,30.0,2.464241074411431,27,235.63820495561123,281.55329319096563,517.1914981465768,61.2
311,46,13,6.120925819090868,8.152173913043478,6.834782608695652,11.173043478260876,39.48913043478261,17.630434782608692,21.043878459975385,33.02173913043478,44.704918381942065,14.0,8.599999999999998,13.180000000000001,46.0,97.0,42,0.5801050801086606,1.0,3.3000000000000003,9.94,29.5,0.7243397355334336,27,281.5625876781799,273.57041997968,555.1330076578599,92.4
312,47,11,6.00331334521122,8.27659574468085,6.959574468085106,11.053191489361707,39.62765957446808,18.172340425531914,27.574623464648084,32.808510638297875,31.641908934955744,14.0,8.599999999999998,13.180000000000001,46.0,96.0,42,0.5801050801086606,1.0,3.3000000000000003,9.94,29.5,1.211246532250426,27,282.1557272249273,303.3208581111289,585.4765853360562,91.80000000000001
313,48,10,5.875477927064034,8.125,6.995833333333334,11.07666666666667,39.416666666666664,19.197916666666668,28.393142794747735,32.875,22.352459190971032,14.0,8.599999999999998,13.180000000000001,46.0,95.0,42,0.5801050801086606,1.0,3.3000000000000003,9.94,29.5,0.211246532250426,27,282.0229404990736,283.93142794747735,565.9543684465509,72.4
314,50,11,4.9928466038734305,8.26,6.922,11.139600000000003,39.28,18.704,29.06475084986687,33.06,11.176229595485516,14.0,8.599999999999998,13.180000000000001,46.0,94.0,41,0.30586982788314276,1.0,3.3000000000000003,9.94,29.5,1.5085810343533497,28,249.64233019367154,319.71225934853555,569.3545895422071,104.0
315,45,12,7.51268132924958,8.222222222222221,7.031111111111111,11.036000000000005,39.355555555555554,18.755555555555556,23.52366081049799,33.08888888888889,61.522332241903875,14.0,8.599999999999998,13.180000000000001,46.0,93.0,41,0.30586982788314276,1.0,3.3000000000000003,9.94,29.5,0.5801050801086606,28,338.0706598162311,282.2839297259759,620.354589542207,87.1
316,48,8,7.031203639754626,8.270833333333334,7.041666666666668,10.992500000000005,39.520833333333336,19.368750000000002,39.649742174530175,33.041666666666664,30.761166120951938,14.0,8.599999999999998,13.180000000000001,46.0,92.0,41,0.30586982788314276,1.0,3.3000000000000003,9.94,29.5,0.023879294939268547,28,337.49777470822204,317.1979373962414,654.6957121044634,43.70000000000001
317,49,13,5.305713854581625,8.204081632653061,7.106122448979594,10.930612244897961,39.57142857142857,16.112244897959187,34.07643017314504,33.244897959183675,15.380583060475969,15.0,8.599999999999998,13.180000000000001,46.0,91.0,41,0.30586982788314276,1.0,3.3000000000000003,9.94,29.5,4.821598910331112,28,259.97997887449964,442.9935922508855,702.9735711253852,59.20000000000002
318,52,10,5.521626180257903,8.134615384615385,7.105769230769232,10.90346153846154,39.67307692307692,16.292307692307695,49.21587182217361,33.26923076923077,19.880282587705373,15.0,8.599999999999998,13.180000000000001,46.0,97.0,41,0.30586982788314276,1.0,3.3000000000000003,9.94,29.5,5.465029385203721,28,287.124561373411,492.15871822173614,779.2832795951472,15.700000000000001
319,52,13,5.206714087062606,8.653846153846153,7.071153846153848,10.878461538461542,40.09615384615385,16.282692307692308,38.29450185646213,32.84615384615385,10.874571843163434,15.0,8.599999999999998,13.180000000000001,46.0,96.0,41,0.30586982788314276,1.0,3.3000000000000003,9.94,29.5,1.223479311532571,28,270.7491325272555,497.82852413400764,768.5776566612631,59.60000000000001
320,53,11,7.051879680853931,8.584905660377359,7.062264150943397,10.865283018867927,40.12264150943396,16.19433962264151,36.65424617264994,32.886792452830186,100.70491838194206,15.0,8.599999999999998,13.180000000000001,46.0,88.0,41,0.30586982788314276,1.0,3.3000000000000003,9.94,29.5,0.22347931153257106,28,373.74962308525835,403.1967078991493,776.9463309844077,7.0000000000000036
321,49,16,7.809174699911944,8.795918367346939,7.0285714285714285,10.880408163265308,40.11224489795919,16.171428571428574,28.145244478781148,32.91836734693877,76.11534089602476,15.0,8.599999999999998,13.180000000000001,46.0,98.0,41,0.30586982788314276,1.0,3.3000000000000003,9.94,29.5,1.8341324470115645,28,382.64956029568526,450.32391166049837,832.9734719561836,153.20000000000002
322,49,11,10.591108251124828,8.755102040816327,7.022448979591836,10.843265306122452,40.38775510204081,15.924489795918367,28.64528729367696,32.91836734693877,89.0171620687067,15.0,8.599999999999998,13.180000000000001,46.0,97.0,41,0.6117396557662855,1.0,3.3000000000000003,9.94,29.5,1.4650293852037208,28,518.9643043051166,315.0981602304466,834.0624645355631,68.50000000000001
323,61,11,7.867419353546985,8.639344262295081,7.090163934426229,10.848196721311476,40.4344262295082,12.283606557377048,27.131240664852342,33.22950819672131,56.60846815493108,15.0,8.599999999999998,13.240000000000002,46.5,96.0,42,0.4538170259008696,1.0,3.3000000000000003,10.0,29.5,0.46502938520372084,28,479.9125805663661,298.4436473133758,778.3562278797419,23.400000000000002
324,71,9,7.234440291344517,8.507042253521126,7.084507042253523,10.867887323943657,40.45070422535211,11.469014084507043,28.219755631867233,33.54929577464789,98.50163448273398,15.0,8.599999999999998,13.240000000000002,46.5,75.0,43,0.4538170259008696,1.0,3.3000000000000003,10.0,29.5,3.681177384273589,28,513.6452606854607,253.9778006868051,767.6230613722657,23.0
325,75,12,5.973307841371054,8.253333333333334,7.053333333333335,10.949599999999997,40.22666666666667,10.317333333333332,26.211859509448885,34.08,49.25081724136699,15.0,8.599999999999998,13.240000000000002,46.5,74.0,44,0.4538170259008696,1.0,3.3000000000000003,10.0,29.5,4.448071035050547,28,447.99808810282906,314.5423141133866,762.5404022162156,78.90000000000002
326,82,11,5.2109125125113955,8.231707317073171,7.129268292682928,10.950487804878044,40.03048780487805,11.817073170731708,30.77058116894207,34.26829268292683,24.625408620683494,15.0,8.699999999999998,13.240000000000002,46.5,73.0,44,0.4538170259008696,1.0,3.3000000000000003,10.0,29.5,2.0008172413669856,28,427.2948260259344,338.4763928583628,765.7712188842972,165.40000000000003
327,80,15,4.679706353704172,8.225,7.061250000000001,11.064249999999996,39.725,12.322500000000002,24.161676139690012,34.6375,14.21864296079086,15.0,8.699999999999998,13.240000000000002,46.5,72.0,44,0.4538170259008696,1.0,3.3000000000000003,10.0,29.5,2.713845589550576,28,374.3765082963338,362.42514209535017,736.801650391684,258.0
328,81,13,5.407235684833219,8.185185185185185,7.0555555555555545,11.099753086419748,39.48765432098765,13.299999999999999,27.932244119357712,34.864197530864196,53.14702869943569,15.0,8.699999999999998,13.240000000000002,46.5,86.0,44,0.4538170259008696,1.0,3.3000000000000003,10.0,29.5,0.6117396557662855,28,437.98609047149074,363.11917355165025,801.105264023141,142.79999999999998
329,80,15,5.161340252624361,8.2875,7.062499999999998,11.086999999999994,39.55,14.627500000000001,26.872039974079367,34.8375,26.573514349717843,15.0,8.799999999999997,13.240000000000002,46.5,85.0,44,0.4538170259008696,1.0,3.3000000000000003,10.0,29.5,1.0004086206834928,28,412.90722020994883,403.0805996111905,815.9878198211393,189.6
330,80,12,5.46755584380584,8.275,7.052499999999999,11.091499999999996,39.5625,15.768750000000008,37.71520155764441,34.95,38.37860440300077,15.0,8.799999999999997,13.240000000000002,46.5,98.0,44,0.4538170259008696,1.0,3.3000000000000003,10.0,29.5,0.18136178720054552,28,437.4044675044672,452.5824186917329,889.9868861962002,113.5
331,80,16,4.956834216659984,8.2625,7.068749999999999,11.044499999999996,39.8125,16.015000000000008,33.9357450064179,34.85,19.189302201500386,15.0,8.799999999999997,13.240000000000002,46.5,97.0,43,0.4538170259008696,1.0,3.3000000000000003,10.0,29.5,1.3908931573235421,28,396.5467373327987,542.9719201026865,939.5186574354852,142.20000000000002
332,77,18,5.653436488172664,8.233766233766234,7.048051948051949,11.03480519480519,40.032467532467535,16.88701298701299,36.38933664003485,34.87012987012987,69.83650567201857,15.0,8.799999999999997,13.240000000000002,46.5,96.0,43,0.4538170259008696,1.0,3.3000000000000003,10.0,29.5,0.39089315732354213,29,435.3146095892952,655.0080595206273,1090.3226691099226,149.60000000000002
333,76,16,8.773187533091098,8.302631578947368,7.064473684210528,11.024473684210522,40.18421052631579,17.503947368421052,30.159886465842867,34.9078947368421,99.12385824014682,15.0,8.799999999999997,13.240000000000002,46.5,83.0,43,0.4538170259008696,1.0,3.3000000000000003,10.0,29.5,0.5390880387927184,29,666.7622525149235,482.55818345348587,1149.3204359684094,135.30000000000004
334,75,23,7.013711352658977,8.226666666666667,7.004000000000001,11.07573333333333,40.28666666666667,16.03066666666667,26.264783387179815,35.22666666666667,49.56192912007341,15.0,8.799999999999997,13.240000000000002,46.5,82.0,44,0.4538170259008696,1.0,3.3000000000000003,10.0,29.5,1.8461427947447078,29,526.0283514494233,604.0900179051357,1130.118369354559,200.70000000000005
335,81,16,7.650840217701585,8.197530864197532,6.939506172839508,11.115555555555552,40.45679012345679,16.296296296296298,30.065908706414497,35.44444444444444,76.70875279429607,15.0,8.799999999999997,13.240000000000002,47.0,81.0,44,0.4538170259008696,1.0,3.2,10.0,29.5,3.4175055885921495,29,619.7180576338284,481.05453930263195,1100.7725969364603,149.00000000000003
336,86,23,6.718633347242539,7.8023255813953485,7.051162790697675,11.032790697674415,40.383720930232556,14.125581395348838,23.11082041568519,36.0,84.79732555037509,15.0,8.799999999999997,13.180000000000001,47.0,78.0,44,0.4538170259008696,1.0,3.2,10.0,29.5,1.922572882559496,30,577.8024678628584,531.5488695607594,1109.3513374236177,222.60000000000002
337,90,23,5.887880049927545,7.677777777777778,7.112222222222223,10.967555555555553,40.40555555555556,13.011111111111113,21.72810906808019,36.08888888888889,42.398662775187546,15.0,8.799999999999997,13.180000000000001,47.0,77.0,44,0.4538170259008696,1.0,3.2,10.0,29.5,0.9225728825594961,30,529.909204493479,499.7465085658444,1029.6557130593235,177.60000000000002
338,94,23,5.156464848805229,7.691489361702128,7.170212765957448,10.88510638297872,40.659574468085104,13.164893617021276,24.33509544971673,35.829787234042556,21.199331387593773,15.0,8.799999999999997,13.180000000000001,47.0,76.0,44,0.4538170259008696,1.0,3.2,10.0,29.5,0.4175055885921495,30,484.7076957876916,559.7071953434847,1044.4148911311763,196.20000000000005
339,93,24,4.90339042462048,7.548387096774194,7.263440860215054,10.807311827956985,40.725806451612904,13.469892473118277,22.85789877848964,35.935483870967744,21.927883924671544,15.0,8.799999999999997,13.180000000000001,47.0,75.0,44,0.4771128232921812,1.0,3.2,9.94,29.5,0.14171039869052748,30,456.01530948970463,548.5895706837514,1004.604880173456,260.70000000000005
340,91,24,4.621210942306516,7.549450549450549,7.2703296703296685,10.800439560439555,40.824175824175825,15.102197802197804,22.929676779649906,35.97802197802198,20.32796444118629,15.0,8.799999999999997,13.180000000000001,47.0,74.0,44,0.4771128232921812,1.0,3.2,9.94,29.5,2.0,30,420.5301957498929,550.3122427115977,970.8424384614907,294.90000000000003
341,87,23,5.9004658810061255,7.471264367816092,7.235632183908046,10.820689655172409,40.804597701149426,15.974712643678163,19.854674969511315,36.08045977011494,73.95422564658436,15.0,8.599999999999998,13.180000000000001,47.0,69.0,44,0.4771128232921812,1.0,3.2,9.94,29.5,1.874099215977017,30,513.3405316475329,456.6575242987602,969.9980559462931,258.90000000000003
342,90,18,5.251341843702696,7.5,7.21,10.809111111111106,40.95,16.895555555555557,23.960471209398722,35.98888888888889,36.97711282329218,15.0,8.599999999999998,13.180000000000001,47.0,68.0,44,0.4771128232921812,1.0,3.2,9.94,29.5,0.8740992159770169,30,472.6207659332427,431.288481769177,903.9092477024196,191.90000000000003
343,84,22,5.666822088367904,7.488095238095238,7.2428571428571455,10.758571428571425,41.0,15.908333333333339,17.52977506183422,35.82142857142857,70.39866277518755,15.0,8.599999999999998,13.180000000000001,47.0,64.0,45,0.4771128232921812,1.0,3.2,9.94,29.5,1.0,30,476.01305542290396,385.6550513603528,861.6681067832567,280.5
344,87,20,5.250054834428135,7.482758620689655,7.2448275862069,10.765057471264363,40.89080459770115,14.605747126436786,17.272855796834953,35.87356321839081,35.19933138759377,15.0,8.599999999999998,13.180000000000001,47.0,63.0,45,0.4771128232921812,1.0,3.2,9.94,29.5,0.5218541058623054,30,456.75477059524775,345.4571159366991,802.2118865319469,70.0
345,91,18,4.598422522389258,7.318681318681318,7.292307692307691,10.734285714285711,40.81868131868132,13.80769230769231,22.629442679889202,36.175824175824175,24.732834617469138,16.0,8.599999999999998,13.120000000000001,47.0,68.0,45,0.4771128232921812,1.0,3.2,9.94,29.5,0.07817607758543677,30,418.4564495374225,407.3299682380056,825.7864177754282,65.20000000000002
346,92,15,4.64470042690187,7.282608695652174,7.284782608695651,10.730217391304343,40.82608695652174,14.359782608695653,28.09121905097727,36.28260869565217,24.732834617469138,16.0,8.599999999999998,13.120000000000001,47.0,67.0,45,0.4771128232921812,1.0,3.2,9.94,29.5,0.04370821172461081,30,427.312439274972,421.36828576465905,848.680725039631,112.50000000000001
347,92,10,5.201211463409677,7.271739130434782,7.2749999999999995,10.714999999999996,41.01086956521739,15.52826086956522,40.69006875590423,36.32608695652174,62.48197098116788,16.0,8.599999999999998,13.120000000000001,47.0,66.0,45,0.4771128232921812,1.0,3.2,9.94,29.5,7.167852941573109,30,478.5114546336903,406.9006875590423,885.4121421927325,92.2
348,94,9,6.393326169604601,7.297872340425532,7.275531914893616,10.70106382978723,41.005319148936174,17.1968085106383,38.76548785715558,36.234042553191486,63.44933138759377,16.0,8.599999999999998,13.120000000000001,47.0,97.0,45,0.4771128232921812,1.0,3.2,9.94,29.5,1.9479153328905268,30,600.9726599428325,348.8893907144002,949.8620506572327,205.80000000000004
349,94,15,5.65197183464409,7.414893617021277,7.248936170212764,10.734042553191484,40.744680851063826,16.14148936170213,28.390196489338614,36.308510638297875,31.724665693796887,16.0,8.599999999999998,13.120000000000001,47.0,96.0,45,0.4771128232921812,1.0,3.2,9.94,29.5,0.8126532327563099,30,531.2853524565445,425.8529473400792,957.1382997966236,183.40000000000003
350,92,18,5.424236521565932,7.608695652173913,7.230434782608696,10.724999999999994,40.85326086956522,14.988043478260868,28.266247203682322,36.30434782608695,30.760201380650756,16.0,8.599999999999998,13.120000000000001,47.0,95.0,46,0.4771128232921812,1.0,3.2,9.94,29.5,0.5218541058623054,31,499.0297599840658,508.7924496662818,1007.8222096503475,110.40000000000002
351,95,15,5.578491692321285,7.568421052631579,7.236842105263159,10.728842105263151,40.76842105263158,15.51263157894737,34.775267123552084,36.50526315789474,40.490985490583945,16.0,8.599999999999998,13.120000000000001,47.0,94.0,46,0.4771128232921812,1.0,3.2,9.94,29.5,0.070151035488067,31,529.9567107705221,521.6290068532812,1051.5857176238032,121.60000000000001
352,93,18,5.190670624158173,7.354838709677419,7.280645161290323,10.71354838709677,40.704301075268816,15.674193548387096,35.09863431080758,36.806451612903224,47.920200706764376,16.0,8.599999999999998,13.120000000000001,47.0,93.0,46,0.4771128232921812,1.0,3.2,9.94,29.5,0.7817863146470843,31,482.73236804671006,631.7754175945365,1114.5077856412465,220.80000000000007
353,94,12,7.105842350982085,7.425531914893617,7.289361702127661,10.702765957446802,40.638297872340424,15.379787234042558,41.62415955207464,36.765957446808514,94.02524604207166,16.0,8.599999999999998,13.120000000000001,47.0,94.0,46,0.4771128232921812,1.0,3.2,9.94,29.5,1.7942970496435047,31,667.949180992316,499.4899146248956,1167.4390956172115,90.70000000000002
354,98,11,7.368604744998383,7.479591836734694,7.311224489795919,10.664081632653057,40.81122448979592,16.457142857142856,37.03480854200204,36.704081632653065,98.07371191606678,16.0,8.599999999999998,13.180000000000001,47.0,93.0,47,0.4771128232921812,2.0,3.2,9.94,29.5,0.5777673878639403,31,722.1232650098416,407.3828939620224,1129.506158971864,249.60000000000005
355,100,10,8.39344049906351,7.53,7.239999999999998,10.709599999999991,40.925,16.67,19.894332148225768,36.75,104.39048228001835,16.0,8.599999999999998,13.240000000000002,47.0,82.0,48,0.4771128232921812,2.0,3.2,9.94,29.5,1.1555347757278807,31,839.3440499063511,198.9433214822577,1038.2873713886088,298.00000000000006
356,108,11,7.190818511178413,7.555555555555555,7.218518518518522,10.732962962962958,40.773148148148145,15.903703703703705,14.60015862573498,37.02777777777778,104.39048228001835,16.0,8.599999999999998,13.240000000000002,47.0,81.0,48,0.5277615435374068,2.0,3.2,9.94,29.5,0.15553477572788066,31,776.6083992072686,160.6017448830848,937.2101440903534,216.30000000000007
357,111,13,6.743894060300495,7.558558558558558,7.261261261261262,10.691351351351342,40.734234234234236,14.726126126126127,9.395397103150355,36.88288288288288,104.39048228001835,16.0,8.599999999999998,13.240000000000002,47.0,48.0,48,0.5277615435374068,2.0,3.2,9.94,29.5,0.7777615435374068,31,748.572240693355,122.1401623409546,870.7124030343095,319.9000000000001
358,108,23,5.151371646476999,7.768518518518518,7.321296296296297,10.587407407407401,41.06018518518518,15.070370370370373,11.113660715668184,36.47222222222222,41.11233284689845,16.0,8.599999999999998,13.240000000000002,47.0,104.39048228001835,48,0.5277615435374068,2.0,3.2,9.94,29.5,0.39714852482175234,31,556.348137819516,255.61419646036822,811.9623342798842,401.80000000000007
359,107,17,5.953090521697852,7.728971962616822,7.291588785046732,10.604859813084106,41.0,16.106542056074773,7.444254692095241,36.58878504672897,112.18334399003211,16.0,8.499999999999998,13.240000000000002,47.0,46.0,48,0.5832846306122204,2.0,3.2,9.94,29.5,0.3336920861671637,31,636.9806858216701,126.55232976561909,763.5330155872892,321.50000000000006
360,103,20,6.0477803111317945,7.669902912621359,7.2436893203883495,10.657281553398049,40.72330097087379,14.467961165048546,4.926978311777333,36.95145631067961,112.18334399003211,16.0,8.499999999999998,13.240000000000002,47.0,12.824378087690935,49,0.5832846306122204,2.0,3.2,9.94,29.5,0.012623021035828907,31,622.9213720465748,98.53956623554666,721.4609382821214,281.6000000000001
361,99,12,5.158829547019137,7.636363636363637,7.2747474747474765,10.612525252525245,40.813131313131315,14.964646464646467,14.532433700519574,36.91919191919192,23.84726681554136,16.0,8.499999999999998,13.240000000000002,47.0,112.18334399003211,49,0.5832846306122204,2.0,3.2,9.94,30.0,1.062810865676529,31,510.7241251548946,174.38920440623488,685.1133295611295,153.90000000000003
362,102,15,4.732312684660964,7.588235294117647,7.283333333333332,10.603921568627445,40.818627450980394,14.705882352941176,12.80271235374734,37.068627450980394,13.293522557098305,16.0,8.499999999999998,13.240000000000002,47.0,111.18334399003211,49,0.5832846306122204,2.0,3.2,9.94,30.0,1.3589230000548569,31,482.6958938354183,192.0406853062101,674.7365791416285,266.6000000000001
363,101,17,5.576574158781546,7.4950495049504955,7.292079207920792,10.612871287128709,40.81683168316832,15.089108910891092,9.52124608052036,37.257425742574256,115.70774913253327,16.0,8.499999999999998,13.240000000000002,47.0,78.0,49,0.7345722347036848,2.0,3.2,9.94,30.0,0.3589230000548569,31,563.2339900369361,161.86118336884613,725.0951734057822,213.40000000000006
364,96,18,5.389464471568022,7.864583333333333,7.245833333333334,10.599166666666664,41.0,13.943750000000003,8.474845979789018,36.739583333333336,57.85387456626663,16.0,8.499999999999998,13.240000000000002,47.0,77.0,48,0.8343273504304745,2.0,3.2,9.94,30.0,0.46914446940736965,31,517.3885892705301,152.54722763620234,669.9358169067325,133.20000000000002
365,97,11,5.376112135830461,7.907216494845361,7.209278350515466,10.62762886597938,41.05154639175258,15.6,14.292304373098633,36.75257731958763,57.982902464904626,16.0,8.499999999999998,13.240000000000002,47.0,76.0,48,0.8343273504304745,2.0,3.2,9.94,30.0,0.04370821172461081,31,521.4828771755547,157.21534810408497,678.6982252796397,126.10000000000002
366,90,17,5.0917973222204,7.955555555555556,7.18888888888889,10.617999999999997,41.28888888888889,15.351111111111113,17.19473147927896,36.666666666666664,57.982902464904626,16.0,8.499999999999998,13.240000000000002,47.0,91.0,48,0.8343273504304745,2.0,3.2,9.94,30.5,0.9382889388147393,31,458.26175899983605,292.31043514774234,750.5721941475783,243.50000000000003
367,89,13,5.312153569171072,7.842696629213483,7.2303370786516865,10.569438202247188,41.41011235955056,15.916853932584269,26.02327463505637,36.71910112359551,57.982902464904626,16.0,8.499999999999998,13.240000000000002,47.0,90.0,48,0.9858021304536669,2.0,3.2,9.94,30.5,0.2596280870129595,32,472.78166765622547,338.3025702557328,811.0842379119583,177.4
368,85,14,5.165672936677715,7.752941176470588,7.191764705882355,10.542823529411764,41.705882352941174,16.54588235294117,29.970359511913298,36.65882352941176,57.982902464904626,16.0,8.499999999999998,13.240000000000002,47.0,89.0,48,0.9858021304536669,2.0,3.2,9.94,30.5,1.3252449946827547,32,439.08219961760574,419.58503316678616,858.6672327843919,193.50000000000003
369,84,12,5.310231521043506,7.833333333333333,7.130952380952384,10.564761904761905,41.92261904761905,18.110714285714284,31.726578078021788,36.67857142857143,36.20070302905484,16.0,8.499999999999998,13.240000000000002,47.0,88.0,48,0.9858021304536669,2.0,3.2,9.94,30.5,2.102823969281305,32,446.0594477676545,380.71893693626146,826.7783847039159,212.30000000000004
370,73,19,7.415541746530872,7.52054794520548,7.315068493150685,10.406027397260273,41.95890410958904,18.295890410958908,14.237769082717454,36.73972602739726,88.08195941684885,15.0,8.499999999999998,13.240000000000002,46.5,87.0,42,0.9858021304536669,2.0,3.2,9.94,38.0,1.9346540100074807,32,541.3345474967537,270.5176125716316,811.8521600683853,300.9000000000001
371,77,12,7.4583571245891624,7.701298701298701,7.30649350649351,10.425454545454544,41.90909090909091,18.22987012987013,12.649163209648222,36.54545454545455,44.04097970842442,15.0,8.599999999999998,13.240000000000002,46.5,86.0,42,0.9858021304536669,2.0,3.2,9.94,38.0,0.9346540100074807,32,574.2934985933655,151.78995851577866,726.0834571091441,93.60000000000004
372,82,10,6.598218917332111,7.963414634146342,7.228048780487807,10.482926829268287,41.9390243902439,19.03292682926829,18.647330118295475,36.451219512195124,42.48717684867847,15.0,8.599999999999998,13.240000000000002,46.5,85.0,42,0.9858021304536669,2.0,3.2,9.94,38.0,0.38303743437678683,32,541.0539512212331,186.47330118295474,727.5272524041878,231.10000000000005
373,76,18,5.536120356126319,7.855263157894737,7.231578947368424,10.502105263157892,41.85526315789474,18.226315789473688,15.042429845899058,36.53947368421053,42.48717684867847,15.0,8.599999999999998,13.240000000000002,46.0,84.0,42,0.9858021304536669,2.0,3.2,9.94,38.0,1.3125562371108952,32,420.74514706560024,270.763737226183,691.5088842917833,329.50000000000006
374,73,14,5.22392726051594,7.602739726027397,7.23287671232877,10.476712328767123,41.97260273972603,18.786301369863015,20.259132507768328,36.76712328767123,43.76344526053486,14.0,8.599999999999998,13.240000000000002,46.0,83.0,42,0.9858021304536669,2.0,3.2,9.94,38.0,0.3125562371108952,32,381.3466900176636,283.6278551087566,664.9745451264203,141.9
375,73,13,6.231037465190149,7.657534246575342,7.228767123287674,10.47013698630137,41.93835616438356,17.023287671232872,16.87148410320537,36.64383561643836,91.56555064281264,14.0,8.599999999999998,13.240000000000002,46.0,57.0,42,0.8810408214166323,2.0,3.2,9.94,38.0,1.1310408214166323,32,454.8657349588809,219.32929334166977,674.1950283005507,131.70000000000002
376,74,14,6.302448241724332,7.945945945945946,7.105405405405406,10.536756756756754,42.03378378378378,16.347297297297295,17.3812169083926,36.66216216216216,46.03676469442393,14.0,8.599999999999998,13.240000000000002,46.0,93.0,42,0.8810408214166323,2.0,3.1,9.94,38.0,0.1310408214166323,32,466.38116988760055,243.3370367174964,709.718206605097,131.70000000000002
377,74,11,5.466721461789904,8.067567567567568,7.002702702702703,10.624324324324323,42.07432432432432,17.06081081081081,32.75975811598318,36.810810810810814,22.89138766070316,14.0,8.599999999999998,13.240000000000002,46.0,95.0,42,0.7362184034141619,2.0,3.1,9.94,37.5,2.064803497377087,33,404.5373881724529,360.35733927581504,764.894727448268,207.50000000000003
378,72,14,5.468218090236222,8.416666666666666,6.95,10.688333333333334,42.083333333333336,16.915277777777774,24.005275897154302,36.888888888888886,52.05819601657072,15.0,8.699999999999998,13.240000000000002,46.0,94.0,42,0.7362184034141619,2.0,3.1,9.94,37.5,1.535898383721027,33,393.711702497008,336.07386256016025,729.7855650571682,252.10000000000005
379,66,10,8.790308927382304,8.5,6.8954545454545455,10.742727272727272,42.17424242424242,17.51212121212121,13.562517584993648,37.015151515151516,98.90282762597748,15.0,8.699999999999998,13.240000000000002,46.0,53.0,42,0.7362184034141619,2.0,3.1,9.94,37.5,1.7620816428332646,33,580.160389207232,135.62517584993648,715.7855650571685,134.90000000000003
380,66,10,8.559094109042535,8.651515151515152,6.83030303030303,10.779090909090911,42.196969696969695,17.283333333333335,9.584505416584777,36.984848484848484,94.55308044570035,15.0,8.699999999999998,13.240000000000002,46.0,52.0,42,0.7362184034141619,2.0,3.1,9.94,37.5,0.7679491918605135,33,564.9002111968073,95.84505416584777,660.745265362655,162.60000000000002
381,70,5,7.657928588940867,8.557142857142857,6.938571428571429,10.714857142857143,42.09285714285714,17.21142857142857,15.366573134186208,37.17142857142857,94.55308044570035,15.0,8.699999999999998,13.240000000000002,46.0,51.0,42,0.7362184034141619,2.0,3.1,9.94,37.5,3.604281204396729,33,536.0550012258607,76.83286567093104,612.8878668967917,108.80000000000003
382,73,8,6.593221190713076,8.506849315068493,7.067123287671236,10.633698630136987,42.04794520547945,15.283561643835615,23.907855207212037,37.54794520547945,94.55308044570035,15.0,8.699999999999998,13.240000000000002,46.0,93.0,43,0.7362184034141619,2.0,3.1,9.94,37.5,2.7747939228727283,33,481.3051469220546,191.2628416576963,672.5679885797508,87.90000000000002
383,73,11,5.025110539355552,8.438356164383562,7.053424657534248,10.641917808219178,42.178082191780824,14.838356164383558,33.02215857707141,37.78082191780822,15.423198313563756,15.0,8.699999999999998,13.240000000000002,46.0,94.55308044570035,43,0.9858021304536669,2.0,3.1,9.94,37.5,1.7747939228727283,33,366.8330693729553,363.2437443477855,730.0768137207408,79.10000000000002
384,74,8,6.213806513669332,8.283783783783784,7.048648648648648,10.63810810810811,42.21621621621622,16.539189189189187,44.07517861366164,37.87837837837838,97.0386955668871,15.0,8.699999999999998,13.240000000000002,46.0,96.0,43,0.9023089500415813,2.0,3.1,9.94,37.5,1.5107156610733936,33,459.8216820115306,352.60142890929313,812.4231109208238,112.50000000000001
385,72,12,5.4901957930966,8.166666666666666,7.097222222222222,10.612500000000004,42.24305555555556,17.688888888888883,37.037172811464394,38.041666666666664,48.51934778344355,15.0,8.699999999999998,13.240000000000002,46.0,95.0,43,0.9023089500415813,2.0,3.1,9.94,37.5,3.5027876997512135,33,395.2940971029552,444.44607373757276,839.740170840528,164.20000000000002
386,68,14,5.724673387834251,8.029411764705882,7.141176470588235,10.594705882352946,42.220588235294116,17.183823529411768,30.73340178921483,38.205882352941174,33.153965812011535,15.0,8.699999999999998,13.240000000000002,45.5,94.0,43,0.9023089500415813,2.0,3.1,9.94,37.5,2.569520802931153,33,389.27779037272904,430.2676250490076,819.5454154217366,117.00000000000001
387,73,10,5.276842176983457,7.917808219178082,7.171232876712328,10.560547945205482,42.25342465753425,17.791780821917808,42.58114226995342,38.16438356164384,21.580099646955325,15.0,8.699999999999998,13.240000000000002,45.5,93.0,43,0.9023089500415813,2.0,3.1,9.879999999999999,37.5,3.0081840523793684,33,385.20947891979233,425.81142269953415,811.0209016193264,68.30000000000001
388,70,17,5.7864697455607015,7.914285714285715,7.208571428571429,10.528000000000006,42.24285714285714,18.242857142857144,25.81104555986407,38.2,73.73774733314279,15.0,8.699999999999998,13.240000000000002,45.5,92.0,43,0.9023089500415813,2.0,3.1,9.879999999999999,37.5,1.3364763117723426,33,405.0528821892491,438.7877745176892,843.8406567069383,224.20000000000005
389,67,15,7.278084860978782,7.940298507462686,7.199999999999998,10.543582089552244,42.28358208955224,19.595522388059692,27.31830227920494,38.23880597014925,92.12960699475417,15.0,8.699999999999998,13.240000000000002,45.5,91.0,43,0.9023089500415813,2.0,3.1,9.879999999999999,37.5,0.7513938498756068,33,487.6316856855784,409.7745341880741,897.4062198736525,145.60000000000002
390,68,14,7.437379006206044,7.867647058823529,7.270588235294117,10.494117647058825,42.1985294117647,19.192647058823525,23.597618492974508,38.38235294117647,91.87180453444645,15.0,8.699999999999998,13.240000000000002,45.5,88.0,43,0.9023089500415813,2.0,3.1,9.879999999999999,37.5,0.008184052379368367,33,505.74177242201097,330.3666589016431,836.108431323654,161.70000000000002
391,72,13,7.006674202089324,7.375,7.277777777777778,10.47166666666667,42.34027777777778,17.806944444444447,20.09724040923567,38.52777777777778,51.98580213045366,15.0,8.499999999999998,13.240000000000002,45.5,87.0,43,0.9023089500415813,2.0,3.1,9.879999999999999,38.0,0.690020166795505,33,504.4805425504313,261.2641253200637,765.744667870495,155.10000000000002
392,81,9,5.690073774796152,7.0246913580246915,7.3234567901234575,10.44296296296296,42.339506172839506,16.480246913580245,26.83638952939237,38.69135802469136,32.025793477306905,15.0,8.499999999999998,13.240000000000002,45.5,86.0,44,0.9023089500415813,1.0,3.1,9.879999999999999,38.0,0.5326491813038166,33,460.8959757584883,241.52750576453133,702.4234815230196,38.80000000000001
393,88,11,4.77339387785563,6.863636363636363,7.344318181818181,10.426136363636363,42.30681818181818,16.337500000000002,24.04543205695646,38.81818181818182,32.025793477306905,15.0,8.499999999999998,13.240000000000002,45.5,85.0,44,0.5760761510401781,1.0,3.1,9.879999999999999,38.0,1.4359917625708283,33,420.05866125129546,264.49975262652106,684.5584138778165,132.00000000000003
394,87,20,3.8589352856247046,6.32183908045977,7.426436781609194,10.361379310344827,42.247126436781606,14.510344827586207,18.703040217377186,39.11494252873563,11.516200874344271,15.0,8.499999999999998,13.240000000000002,45.5,84.0,44,0.5760761510401781,1.0,3.1,9.879999999999999,38.0,0.4359917625708283,33,335.7273698493493,374.06080434754375,709.7881741968931,188.20000000000005
395,86,18,5.104178874774126,6.232558139534884,7.4069767441860455,10.36,42.19767441860465,14.347674418604655,14.06274116185772,39.16279069767442,85.84737529340964,15.0,8.499999999999998,13.240000000000002,45.5,51.0,44,0.5760761510401781,1.0,3.1,9.879999999999999,38.0,0.40613907914416925,33,438.9593832305748,253.12934091343894,692.0887241440138,145.10000000000002
396,86,16,4.8000581021014765,6.058139534883721,7.408139534883722,10.36,42.24418604651163,15.519767441860468,21.579538968336287,39.30232558139535,42.92368764670482,15.0,8.499999999999998,13.240000000000002,45.5,82.0,44,0.5760761510401781,1.0,3.1,9.879999999999999,38.0,1.0907133633117962,33,412.804996780727,345.2726234933806,758.0776202741076,205.30000000000004
397,87,13,4.9377641155021825,5.908045977011494,7.451724137931034,10.334482758620688,42.189655172413794,16.722988505747125,22.35038348842753,39.47126436781609,40.465017096465246,14.0,8.499999999999998,13.240000000000002,45.5,81.0,45,0.7177484729253629,1.0,3.1,9.879999999999999,38.0,0.09071336331179625,33,429.5854780486899,290.55498534955785,720.1404633982477,236.60000000000005
398,87,15,4.594065145970937,5.839080459770115,7.505747126436781,10.310344827586206,42.12643678160919,16.336781609195405,18.88534694319527,39.724137931034484,40.465017096465246,14.0,8.499999999999998,13.240000000000002,45.5,80.0,46,0.7177484729253629,1.0,3.1,9.879999999999999,38.0,1.1521523020803561,33,399.6836676994715,283.28020414792906,682.9638718474006,266.4000000000001
399,90,11,5.618221249695465,5.733333333333333,7.543333333333335,10.292000000000002,42.13333333333333,16.520000000000003,13.100802528998342,40.03333333333333,80.42326618857382,13.0,8.499999999999998,10.660000000000005,44.5,47.0,46,0.7177484729253629,1.0,6.900000000000004,9.879999999999999,38.0,1.2620816428332646,33,505.6399124725919,144.10882781898175,649.7487402915737,249.50000000000009
400,90,14,5.017770153757511,5.588888888888889,7.523333333333335,10.298666666666662,42.28333333333333,16.69111111111111,10.271260799365326,40.36666666666667,47.68273047791905,13.0,8.499999999999998,10.660000000000005,44.5,46.0,46,0.7177484729253629,1.0,6.900000000000004,9.879999999999999,38.0,0.2620816428332646,34,451.599313838176,143.79765119111457,595.3969650292905,249.50000000000009
401,89,16,4.601502629127305,5.719101123595506,7.516853932584272,10.2952808988764,42.241573033707866,15.635955056179775,8.499773955737558,40.39325842696629,47.68273047791905,13.0,8.599999999999998,10.660000000000005,44.5,45.0,46,0.7177484729253629,1.0,7.0000000000000036,9.879999999999999,38.5,0.8122781582883385,34,409.5337339923301,135.99638329180092,545.530117284131,259.6000000000001
402,96,15,3.6963137081665742,5.90625,7.533333333333338,10.292499999999995,42.255208333333336,13.671875000000002,8.404510108299004,40.53125,23.841365238959526,13.0,8.599999999999998,10.660000000000005,44.5,44.0,46,0.7177484729253629,1.0,7.0000000000000036,9.879999999999999,38.0,0.7806953957208462,34,354.8461159839911,126.06765162448507,480.9137676084762,172.30000000000004
403,102,11,3.2794007469102175,5.784313725490196,7.505882352941181,10.306470588235292,42.36274509803921,12.950000000000003,9.986079461599939,40.88235294117647,12.503820967409736,13.0,8.599999999999998,10.660000000000005,44.5,43.0,46,0.628306767098233,1.0,7.0000000000000036,9.879999999999999,38.0,1.0810043717213587,34,334.4988761848422,109.84687407759932,444.34575026244147,209.8
404,100,10,3.2176057182722775,5.76,7.485000000000003,10.310199999999998,42.42,14.912000000000004,10.311393853628264,41.13,21.362440721129726,13.0,8.599999999999998,10.720000000000006,44.5,42.0,47,0.628306767098233,1.0,7.0000000000000036,9.879999999999999,38.0,1.3413652389595256,34,321.76057182722775,103.11393853628265,424.8745103635104,362.30000000000007
405,96,12,3.163460701092287,5.78125,7.477083333333336,10.310624999999996,42.432291666666664,17.348958333333332,8.27546450232022,41.28125,11.920682619479763,13.0,8.599999999999998,10.720000000000006,44.5,41.0,47,0.628306767098233,1.0,7.0000000000000036,9.879999999999999,38.0,1.1521523020803561,34,303.69222730485956,99.30557402784265,402.99780133270224,467.8000000000001
406,85,18,3.2268691575253796,5.694117647058824,7.456470588235299,10.323294117647057,42.45882352941177,17.84117647058824,6.200930795245267,41.61176470588235,31.758100437172136,13.0,8.599999999999998,10.720000000000006,44.5,40.0,47,0.628306767098233,1.0,7.0000000000000036,9.879999999999999,38.0,0.619321646802041,34,274.2838783896573,111.61675431441479,385.90063270407205,461.30000000000007
407,77,16,3.3896253324885057,5.48051948051948,7.425974025974028,10.32805194805195,42.55194805194805,18.20779220779221,6.617977241131713,41.83116883116883,31.758100437172136,12.0,8.499999999999998,10.720000000000006,44.5,39.0,47,0.628306767098233,1.0,7.0000000000000036,9.879999999999999,38.0,0.763265186752347,34,261.00115060161494,105.8876358581074,366.8887864597223,234.20000000000005
408,73,15,3.0308748786557573,5.424657534246576,7.41232876712329,10.327123287671238,42.57534246575342,18.680821917808224,11.418877150375902,41.863013698630134,10.173486838881011,12.0,8.499999999999998,10.720000000000006,44.5,47.0,47,0.628306767098233,1.0,7.0000000000000036,9.879999999999999,38.0,1.3592504939835504,34,221.25386614187028,171.28315725563854,392.53702339750885,156.90000000000003
409,77,11,3.2468982650488614,5.324675324675325,7.418181818181821,10.336623376623379,42.58441558441559,19.471428571428575,19.160280881384804,42.03896103896104,32.09946567613166,12.0,8.499999999999998,10.720000000000006,44.5,91.0,47,0.628306767098233,1.0,7.0000000000000036,9.879999999999999,38.0,0.8986160638105511,34,250.01116640876234,210.76308969523285,460.7742561039952,111.70000000000003
410,76,12,3.746391987832783,5.2368421052631575,7.427631578947372,10.346578947368421,42.57236842105263,20.457894736842114,21.039190507390582,42.18421052631579,46.90324541877609,12.0,8.499999999999998,10.720000000000006,44.5,99.0,47,0.628306767098233,1.0,7.0000000000000036,9.879999999999999,38.0,1.0446827839829655,34,284.7257910752915,252.47028608868698,537.1960771639785,222.10000000000005
411,76,13,3.3656659838657537,5.171052631578948,7.461842105263162,10.346578947368423,42.51315789473684,19.130263157894746,24.942069936838802,42.21052631578947,23.451622709388044,12.0,8.599999999999998,10.720000000000006,44.5,98.0,48,0.5499175801025831,1.0,7.0000000000000036,9.819999999999999,38.0,0.044682783982965546,34,255.79061477379727,324.24690917890445,580.0375239527017,133.60000000000002
412,78,13,3.9504237599948775,5.0,7.474358974358976,10.380769230769232,42.58974358974359,18.56410256410257,24.021775380170304,42.65384615384615,91.89117481944797,12.0,8.599999999999998,10.720000000000006,44.5,97.0,48,0.5499175801025831,1.0,7.0000000000000036,9.819999999999999,38.0,0.7384531029898667,34,308.13305327960046,312.28307994221393,620.4161332218143,107.80000000000001
413,77,8,5.299537495809157,5.0,7.4649350649350685,10.384935064935066,42.603896103896105,19.450649350649353,28.021846602165077,42.675324675324674,98.87099389170145,12.0,8.599999999999998,10.720000000000006,44.5,78.0,48,0.5499175801025831,1.0,7.0000000000000036,9.819999999999999,38.0,2.9818104130858054,34,408.0643871773051,224.17477281732062,632.2391599946257,123.60000000000002
414,76,13,4.605242038101153,4.9868421052631575,7.451315789473687,10.385263157894736,42.64473684210526,18.898684210526323,24.642989246639505,42.723684210526315,49.43549694585072,12.0,8.599999999999998,10.720000000000006,44.5,92.0,48,0.5499175801025831,1.0,7.0000000000000036,9.819999999999999,38.0,1.5973891681791699,34,349.9983948956876,320.3588602063136,670.3572551020012,155.00000000000003
415,80,9,4.895639558567751,5.1,7.447500000000003,10.37575,42.63125,18.667500000000004,30.2502616375273,42.7125,65.00310830237912,12.0,8.599999999999998,10.720000000000006,44.5,91.0,48,0.5499175801025831,1.0,7.0000000000000036,9.819999999999999,38.0,0.7806953957208462,34,391.6511646854201,272.2523547377457,663.9035194231658,75.70000000000002
416,82,9,4.603039652390099,4.975609756097561,7.423170731707322,10.382682926829268,42.74390243902439,18.09146341463415,35.892583382925125,42.8780487804878,44.69844917900825,12.0,8.599999999999998,10.720000000000006,44.5,90.0,49,0.5499175801025831,1.0,7.0000000000000036,9.819999999999999,38.0,1.4909052065429027,35,377.44925149598816,323.0332504463261,700.4825019423142,108.9
417,87,12,3.9373131363203258,5.0,7.447126436781613,10.38068965517241,42.706896551724135,16.726436781609202,29.863433602491018,42.96551724137931,35.00621660475823,11.0,8.599999999999998,10.720000000000006,44.5,89.0,50,0.5499175801025831,1.0,7.0000000000000036,9.759999999999998,38.0,0.8122781582883385,35,342.54624285986836,358.3612032298922,700.9074460897606,127.10000000000004
418,87,15,4.4896364097057315,4.977011494252873,7.480459770114946,10.399999999999999,42.701149425287355,15.88045977011495,23.221353416515687,43.40229885057471,89.25021087390014,11.0,8.599999999999998,10.720000000000006,44.5,84.0,51,0.5499175801025831,1.0,7.0000000000000036,9.759999999999998,38.0,0.6842200187520171,35,390.59836764439865,348.3203012477353,738.918668892134,187.20000000000005
419,92,11,4.486543923366944,4.923913043478261,7.493478260869571,10.406304347826081,42.64673913043478,15.967391304347826,32.47173226014582,43.608695652173914,73.84140150376413,11.0,8.599999999999998,10.780000000000006,44.5,83.0,51,0.5499175801025831,1.0,7.0000000000000036,9.759999999999998,38.0,1.3178449684760944,35,412.76204094975884,357.18905486160406,769.9510958113628,99.80000000000001
420,96,13,3.9996760062419887,4.989583333333333,7.507291666666672,10.411874999999997,42.578125,16.973958333333332,28.53248298666478,43.822916666666664,36.920700751882066,11.0,8.599999999999998,10.780000000000006,44.5,82.0,51,0.5078367836123369,1.0,7.0000000000000036,9.759999999999998,38.0,0.31784496847609445,35,383.9688965992309,370.9222788266421,754.891175425873,217.60000000000005
421,99,16,3.20017826408027,4.878787878787879,7.518181818181825,10.426060606060604,42.53030303030303,16.27474747474747,24.36341239135008,44.25252525252525,19.24679106121076,12.0,8.599999999999998,10.780000000000006,44.0,81.0,51,0.5078367836123369,1.0,7.0000000000000036,9.759999999999998,38.0,1.5132270683929319,35,316.8176481439467,389.8145982616013,706.632246405548,265.1000000000001
422,99,16,3.245026923415116,4.929292929292929,7.518181818181825,10.43151515151515,42.48989898989899,15.978787878787877,22.043743356949044,44.464646464646464,46.87159921310775,12.0,8.599999999999998,10.780000000000006,44.5,80.0,51,0.5078367836123369,1.0,7.0000000000000036,9.759999999999998,38.0,1.165725283197248,36,321.2576654180965,352.6998937111847,673.9575591292812,309.3
423,91,20,4.193070870513137,4.868131868131868,7.521978021978025,10.436483516483516,42.472527472527474,16.524175824175824,18.619997692673515,44.69230769230769,64.51322706839294,12.0,8.599999999999998,10.780000000000006,44.5,98.0,51,0.5078367836123369,1.0,7.0000000000000036,9.759999999999998,38.0,0.165725283197248,36,381.56944921669543,372.3999538534703,753.9694030701658,257.80000000000007
424,87,23,4.456882908842536,4.747126436781609,7.529885057471267,10.434482758620684,42.53448275862069,16.019540229885056,13.848211660939064,44.735632183908045,62.87159921310775,12.0,8.599999999999998,10.780000000000006,44.5,97.0,51,0.5078367836123369,1.0,7.0000000000000036,9.699999999999998,37.5,0.43549694585072585,36,387.74881306930064,318.5088682015985,706.2576812708992,260.80000000000007
425,91,15,3.8710342148594195,4.857142857142857,7.534065934065939,10.421978021978019,42.527472527472526,16.338461538461537,20.693556576775432,44.7032967032967,31.435799606553875,12.0,8.599999999999998,10.780000000000006,45.0,96.0,51,0.3379853098065529,1.0,7.0000000000000036,9.699999999999998,37.5,0.7588323166519775,36,352.26411355220716,310.40334865163146,662.6674622038386,157.80000000000004
426,92,16,3.6230983986596867,4.956521739130435,7.492391304347831,10.422608695652174,42.630434782608695,15.441304347826089,23.667916972210055,44.891304347826086,40.61508759398526,12.0,8.599999999999998,10.780000000000006,45.0,97.0,51,0.3379853098065529,1.0,7.0000000000000036,9.699999999999998,37.5,0.7276922731959647,37,333.3250526766912,378.6866715553609,712.0117242320521,223.60000000000002
427,93,13,4.725945375904383,5.064516129032258,7.476344086021511,10.414838709677419,42.596774193548384,17.104301075268822,18.21033328313714,44.87096774193548,99.54678439423924,12.0,8.599999999999998,10.780000000000006,45.0,94.0,51,0.3379853098065529,1.0,7.0000000000000036,9.699999999999998,37.5,0.3172889193367525,37,439.5129199591076,236.73433268078279,676.2472526398903,281.00000000000006
428,90,17,5.9909022744723135,4.988888888888889,7.460000000000004,10.400666666666666,42.605555555555554,16.89777777777778,4.691267914494352,44.733333333333334,94.98223408867351,12.0,8.599999999999998,10.780000000000006,45.0,22.0,51,0.3379853098065529,1.0,7.0000000000000036,9.699999999999998,37.5,0.0062166047582286055,37,539.1812047025082,79.75155454640398,618.9327592489122,354.9000000000001
429,93,14,4.982047468572635,4.946236559139785,7.4569892473118315,10.399354838709677,42.5,17.716129032258067,4.682904389810625,44.763440860215056,47.491117044336754,12.0,8.599999999999998,10.780000000000006,45.0,21.0,51,0.5078367836123369,1.0,7.0000000000000036,9.699999999999998,37.5,0.026454136785863724,37,463.330414577255,65.56066145734876,528.8910760346038,279.1000000000001
430,88,24,4.34795438479886,4.681818181818182,7.463636363636368,10.416590909090909,42.60795454545455,15.948863636363637,5.579227530677831,45.21590909090909,24.88669609855981,12.0,8.599999999999998,10.780000000000006,45.0,43.0,52,0.5078367836123369,1.0,7.0000000000000036,9.699999999999998,39.0,0.7936530736880156,37,382.61998586229964,133.90146073626795,516.5214465985675,391.3000000000001
431,98,19,3.4952134415535934,4.469387755102041,7.445918367346939,10.424897959183673,42.704081632653065,13.626530612244897,10.103148049153493,45.48979591836735,12.443348049279905,12.0,7.800000000000001,10.780000000000006,45.0,82.0,53,0.5078367836123369,1.0,7.0000000000000036,9.819999999999999,39.5,0.08788369244651051,40,342.53091727225217,191.95981293391637,534.4907302061686,92.00000000000001
432,104,14,3.5115524654997166,4.288461538461538,7.449038461538464,10.436153846153845,42.75,13.950000000000006,14.046583194426614,45.77884615384615,43.18788853779739,12.0,7.800000000000001,10.780000000000006,45.0,81.0,53,0.2719709231116276,1.0,6.900000000000004,9.819999999999999,39.5,0.40736858970982925,40,365.2014564119705,196.65216472197258,561.8536211339431,260.70000000000005
433,104,16,3.1234229042591912,4.134615384615385,7.456730769230774,10.435576923076923,42.73076923076923,15.22692307692308,12.639654781221376,45.93269230769231,21.593944268898696,12.0,7.800000000000001,10.780000000000006,45.0,80.0,53,0.2719709231116276,1.0,6.900000000000004,9.819999999999999,39.5,0.012832234578778134,40,324.8359820429559,202.234476499542,527.0704585424979,422.9000000000001
434,99,21,2.8904979551143044,4.02020202020202,7.456565656565661,10.458787878787879,42.82828282828283,15.643434343434343,10.1146556248944,46.474747474747474,13.496360754082819,12.0,7.800000000000001,10.780000000000006,45.0,79.0,53,0.2719709231116276,1.0,6.900000000000004,9.819999999999999,39.5,0.6526120307310945,40,286.1592975563161,212.4077681227824,498.5670656790985,439.60000000000014
435,102,13,2.6667558125378417,3.9019607843137254,7.452941176470592,10.47,42.8578431372549,16.08137254901961,17.74679798925084,46.549019607843135,9.76431905603755,11.0,7.800000000000001,10.780000000000006,45.0,78.0,53,0.26891115907610685,1.0,6.900000000000004,10.120000000000001,39.5,0.2692214873120393,42,272.00909287885986,230.7083738602609,502.71746673912077,248.30000000000007
436,95,17,2.7018489351337687,3.863157894736842,7.441052631578952,10.455999999999998,42.92631578947368,15.69473684210526,13.396892645468228,46.526315789473685,15.45496176008778,11.0,7.800000000000001,10.780000000000006,45.0,77.0,53,0.26891115907610685,1.0,6.900000000000004,10.120000000000001,39.5,0.5384429746240786,42,256.675648837708,227.74717497295987,484.42282381066786,286.20000000000005
437,98,10,2.543868879872521,3.877551020408163,7.430612244897967,10.456122448979592,42.87244897959184,16.60510204081632,20.23384180398524,46.66326530612245,8.602148327853968,11.0,7.800000000000001,10.780000000000006,45.0,76.0,53,0.26891115907610685,1.0,6.900000000000004,10.120000000000001,39.5,1.0658025712778092,42,249.29915022750703,202.3384180398524,451.6375682673594,194.40000000000003
438,97,13,2.4033811440209427,3.804123711340206,7.436082474226808,10.455257731958762,42.95360824742268,18.080412371134017,20.361239774911855,46.76288659793814,8.602148327853968,11.0,7.800000000000001,10.780000000000006,45.0,75.0,53,0.2719709231116276,1.0,6.900000000000004,10.120000000000001,39.5,0.0908809302306921,42,233.12797097003144,264.6961170738541,497.8240880438856,311.7000000000001
439,94,16,2.320347377142605,3.776595744680851,7.430851063829791,10.457021276595745,42.92553191489362,18.34361702127659,21.764296610149877,46.97872340425532,8.602148327853968,11.0,7.800000000000001,10.780000000000006,45.0,86.0,53,0.2719709231116276,1.0,6.900000000000004,10.120000000000001,39.5,0.8147371794196585,42,218.1126534514049,348.22874576239803,566.3413992138029,275.4000000000001
440,90,15,2.21762879154617,3.5444444444444443,7.452222222222225,10.464,42.955555555555556,18.841111111111108,23.18718577330174,47.2,9.630339905060184,11.0,7.800000000000001,10.780000000000006,45.0,85.0,53,0.2719709231116276,1.0,6.900000000000004,10.120000000000001,39.5,1.232765411111338,42,199.5865912391553,347.8077865995261,547.3943778386814,212.80000000000007
441,92,15,3.0910901354589133,3.4565217391304346,7.454347826086958,10.461086956521738,42.92391304347826,18.508695652173916,17.688725766958132,47.130434782608695,79.85894990163847,11.0,7.800000000000001,10.780000000000006,45.0,84.0,53,0.26490675414745746,1.0,6.900000000000004,10.180000000000001,39.0,0.23276541111133797,42,284.38029246222004,265.33088650437196,549.711178966592,163.60000000000005
442,89,18,2.63494460707776,3.4269662921348316,7.446067415730341,10.459775280898874,42.92134831460674,19.806741573033708,18.41895945112267,47.235955056179776,39.929474950819234,11.0,7.800000000000001,10.780000000000006,45.0,83.0,53,0.26490675414745746,1.0,6.900000000000004,10.180000000000001,39.0,0.39453454490468975,42,234.51007002992066,331.5412701202081,566.0513401501287,321.80000000000007
443,80,22,2.530112019356975,3.2875,7.456250000000004,10.471,42.96875,19.64875,16.470566153518842,47.6625,24.585705191056018,11.0,7.800000000000001,10.780000000000006,45.0,82.0,53,0.26490675414745746,1.0,6.900000000000004,10.180000000000001,39.0,0.5439418462232553,42,202.408961548558,362.3524553774145,564.7614169259725,253.20000000000007
444,82,19,2.319205691326547,3.451219512195122,7.425609756097565,10.458048780487806,42.98170731707317,18.621951219512198,21.738787967048978,47.451219512195124,12.292852595528009,11.0,7.9,10.780000000000006,45.0,81.0,53,0.26490675414745746,1.0,6.900000000000004,10.180000000000001,39.0,0.7420487038177618,42,190.17486668877683,413.0369713739306,603.2118380627074,114.00000000000003
445,81,18,2.190446765319895,3.45679012345679,7.406172839506176,10.44888888888889,43.08024691358025,18.053086419753086,27.445652134487858,47.370370370370374,16.568101682864604,11.0,7.9,10.780000000000006,45.0,97.0,53,0.26490675414745746,1.0,6.900000000000004,10.180000000000001,41.0,0.5469721344493473,42,177.4261879909115,494.02173842078145,671.447926411693,142.50000000000003
446,79,19,2.107650442557829,3.518987341772152,7.388607594936713,10.442025316455698,43.107594936708864,16.659493670886075,26.824891881539582,47.12658227848101,8.284050841432302,11.0,7.9,10.780000000000006,45.0,96.0,53,0.26490675414745746,1.0,6.900000000000004,10.180000000000001,41.0,0.11083701231997622,42,166.5043849620685,509.67294574925205,676.1773307113206,104.80000000000003
447,80,17,3.3922180468249126,3.4375,7.383750000000002,10.435750000000004,43.10625,15.843750000000004,27.315324783861055,47.1,79.43798979897576,11.0,7.9,10.780000000000006,45.0,95.0,53,0.26490675414745746,1.0,6.900000000000004,10.180000000000001,41.5,0.30117462327601086,42,271.377443745993,464.36052132563793,735.7379650716309,110.90000000000003
448,83,14,3.8413386875069304,3.4457831325301207,7.387951807228918,10.443855421686752,43.126506024096386,15.819277108433733,26.93840660687968,47.36144578313253,78.00641611728939,11.0,7.9,10.780000000000006,45.0,94.0,53,0.2719709231116276,1.0,6.900000000000004,10.180000000000001,41.5,0.26490675414745746,42,318.83111106307524,377.13769249631554,695.9688035593908,73.40000000000002
449,90,12,3.0488561338609212,3.411111111111111,7.385555555555559,10.436000000000002,43.138888888888886,16.31333333333334,33.10087982701759,47.4,39.003208058644695,11.0,7.9,10.780000000000006,45.0,93.0,54,0.2518385613165489,1.0,6.900000000000004,10.180000000000001,41.5,0.548394488006887,42,274.39705204748293,397.2105579242111,671.607609971694,130.60000000000005
450,92,16,3.1055940358888297,3.380434782608696,7.38260869565218,10.427826086956522,43.13586956521739,16.258695652173913,27.45485168584346,47.44565217391305,53.9911843688524,11.0,7.9,10.780000000000006,45.0,95.0,54,0.2518385613165489,1.0,6.900000000000004,10.180000000000001,41.5,0.548807351757143,43,285.71465130177234,439.2776269734954,724.9922782752677,227.90000000000006
451,101,12,3.901705868988633,3.396039603960396,7.371287128712876,10.414653465346534,43.10891089108911,16.150495049504947,37.38472604319559,47.386138613861384,91.54394184622325,11.0,7.9,10.780000000000006,45.0,94.0,55,0.2518385613165489,1.0,6.900000000000004,10.120000000000001,41.5,0.9609177863472432,43,394.07229276785193,448.61671251834713,842.6890052861991,147.30000000000004
452,104,18,3.4279462721487137,3.605769230769231,7.355769230769235,10.395192307692307,43.05769230769231,14.890384615384615,25.486127724196464,47.17307692307692,45.771970923111624,11.0,7.9,10.780000000000006,45.0,93.0,55,0.2719709231116276,1.0,6.900000000000004,10.120000000000001,41.5,0.2518385613165489,43,356.5064123034662,458.7502990355364,815.2567113390025,251.30000000000007
453,109,12,4.587593162847747,3.614678899082569,7.349541284403672,10.390275229357792,43.05045871559633,15.163302752293575,31.068251626749916,47.15596330275229,93.536606574441,11.0,7.9,10.780000000000006,45.0,77.0,55,0.2719709231116276,1.0,6.900000000000004,10.120000000000001,41.5,1.4745829296517918,43,500.04765475040443,372.819019520999,872.8666742714034,15.200000000000003
454,110,21,3.7224033037643993,3.5090909090909093,7.3363636363636395,10.393818181818178,43.03636363636364,15.173636363636362,22.850049772044233,47.31818181818182,46.7683032872205,11.0,7.9,10.780000000000006,45.0,94.0,55,0.2719709231116276,1.0,6.900000000000004,10.120000000000001,41.5,0.7683032872205006,43,409.46436341408395,479.8510452129289,889.3154086270129,240.60000000000008
455,113,19,3.5126849853932076,3.4424778761061945,7.319469026548677,10.38973451327433,43.06194690265487,15.121238938053096,26.218136224506196,47.26548672566372,27.797591319658302,11.0,7.9,10.840000000000007,45.0,93.0,55,0.2741972440034435,1.0,6.900000000000004,10.120000000000001,41.5,0.2719709231116276,43,396.93340334943247,498.14458826561776,895.0779916150502,211.90000000000006
456,121,20,3.151704336621433,3.371900826446281,7.308264462809921,10.38628099173553,43.11570247933884,14.468595041322315,27.604809555614178,47.22314049586777,45.63093091384011,11.0,7.9,10.840000000000007,45.0,92.0,55,0.2741972440034435,1.0,6.900000000000004,10.120000000000001,41.5,0.35759352283680956,43,381.3562247311934,552.0961911122836,933.452415843477,233.50000000000009
457,126,17,3.5462808142776896,3.2857142857142856,7.300793650793653,10.387142857142852,43.142857142857146,15.214285714285715,33.31767987693477,47.20634920634921,77.14202542071615,11.0,7.9,10.840000000000007,45.0,97.0,55,0.2741972440034435,1.0,6.900000000000004,10.120000000000001,41.5,0.3690233378806227,43,446.8313825989889,566.4005579078911,1013.2319405068799,199.90000000000006
458,130,20,4.2808705962925275,3.3615384615384616,7.308461538461538,10.395538461538457,43.176923076923075,16.383846153846157,21.370285231597997,47.4,90.68887318269448,11.0,7.9,10.840000000000007,45.0,96.0,55,0.2741972440034435,1.0,6.900000000000004,10.120000000000001,41.5,0.3422558344701557,43,556.5131775180286,427.4057046319599,983.9188821499885,294.80000000000007
459,137,17,3.7872387934088447,3.394160583941606,7.305839416058396,10.39897810218978,43.17153284671533,16.57226277372263,22.217783991022355,47.45985401459854,45.34443659134724,11.0,7.9,10.840000000000007,45.0,95.0,55,0.2681951421276072,1.0,6.900000000000004,10.120000000000001,41.5,0.29061589675724575,43,518.8517146970117,377.70232784738005,896.5540425443918,317.0000000000001
460,148,19,3.7328440375609078,3.5405405405405403,7.304054054054051,10.40216216216216,43.17567567567568,15.562837837837838,17.39553420220101,47.61486486486486,94.68451166894032,11.0,7.9,10.840000000000007,45.0,75.0,55,0.2681951421276072,1.0,6.900000000000004,10.120000000000001,41.5,0.18798979897577106,43,552.4609175590143,330.51514984181915,882.9760674008335,257.9000000000001
461,157,17,3.524342214867062,3.573248407643312,7.312101910828026,10.402420382165603,43.1687898089172,15.10509554140128,23.93261875865622,47.77707006369427,49.34962151680617,11.0,7.9,10.840000000000007,45.5,99.0,55,0.2681951421276072,1.0,6.900000000000004,10.120000000000001,41.5,0.2744036758785715,43,553.3217277341287,406.8545188971557,960.1762466312844,270.0000000000001
462,161,21,3.101247571381096,3.5962732919254656,7.296894409937888,10.398385093167697,43.17391304347826,15.211801242236024,25.453318520206228,47.77018633540373,46.2477960922131,11.0,7.9,10.840000000000007,45.5,98.0,56,0.2681951421276072,1.0,6.900000000000004,10.120000000000001,41.5,0.5298135082949149,43,499.3008589923565,534.5196889243308,1033.8205479166872,441.5000000000001
463,158,26,2.9825277297403234,3.5,7.305063291139245,10.399113924050628,43.13607594936709,14.951265822784812,19.577227845961655,47.96835443037975,46.2477960922131,11.0,7.9,10.900000000000007,45.5,97.0,57,0.2681951421276072,1.0,6.900000000000004,10.120000000000001,41.5,0.24120757925587588,44,471.2393812989711,509.007923995003,980.2473052939741,478.00000000000017
464,161,23,2.5615990908761095,3.3354037267080745,7.312422360248447,10.408447204968942,43.12732919254658,15.510559006211187,29.232618084197792,48.18633540372671,17.92301895545128,11.0,7.9,10.900000000000007,45.5,96.0,57,0.2681951421276072,1.0,6.900000000000004,10.120000000000001,41.5,0.22128385552894447,44,412.4174536310536,672.3502159365493,1084.7676695676028,429.90000000000015
465,167,15,4.180090906858336,3.2994011976047903,7.3185628742515,10.4102994011976,43.09281437125748,16.374850299401203,22.626787464872855,48.35329341317365,98.0383963248827,11.0,7.9,10.900000000000007,45.5,94.0,57,0.2681951421276072,1.0,6.900000000000004,10.120000000000001,41.5,0.30195424193735554,44,698.0751814453421,339.40181197309283,1037.4769934184349,439.20000000000016
466,170,17,3.8703645712205157,3.264705882352941,7.321764705882354,10.410823529411756,43.10588235294118,16.174705882352942,15.886875620524005,48.55882352941177,73.48075473886281,11.0,7.9,10.900000000000007,45.5,93.0,57,0.2681951421276072,1.0,6.900000000000004,10.120000000000001,41.0,0.34443659134723836,44,657.9619771074877,270.0768855489081,928.0388626563957,402.3000000000001
467,179,19,3.087552014400521,3.3240223463687153,7.318435754189945,10.401899441340772,43.10614525139665,15.695530726256983,14.37872922839621,48.659217877094974,36.74037736943141,11.0,7.9,10.900000000000007,45.5,92.0,58,0.2604863737067981,1.0,6.900000000000004,10.06,40.5,0.5209727474135962,44,552.6718105776932,273.195855339528,825.8676659172213,404.90000000000015
468,190,20,2.9784930546605253,3.4,7.3084210526315765,10.38968421052631,43.13421052631579,15.038421052631577,9.128240985287803,48.81578947368421,91.7710878362001,10.0,7.800000000000001,10.900000000000007,45.5,91.0,58,0.2604863737067981,1.0,6.800000000000004,10.0,40.5,0.21885025183264672,44,565.9136803854998,182.56481970575607,748.4785000912559,414.8000000000001
469,192,16,2.55972768941421,3.40625,7.3046875,10.394999999999992,43.1328125,15.965104166666663,11.97920294385172,49.078125,45.88554391810005,10.0,7.800000000000001,10.900000000000007,45.5,90.0,58,0.2604863737067981,1.0,6.800000000000004,10.0,40.5,0.6412291194109396,44,491.4677163675283,191.6672471016275,683.1349634691558,566.9000000000002
470,186,24,2.488704761410234,3.4623655913978495,7.300537634408602,10.399032258064508,43.166666666666664,17.245698924731176,7.266413493154339,49.3494623655914,22.942771959050024,10.0,7.800000000000001,10.900000000000007,45.5,89.0,58,0.2604863737067981,1.0,6.800000000000004,10.0,40.5,0.11103948900647387,44,462.8990856223035,174.39392383570413,637.2930094580076,739.2000000000003
471,182,21,2.830342332270139,3.532967032967033,7.310989010989012,10.410439560439556,43.16483516483517,17.873626373626376,3.637913892935429,49.637362637362635,88.35759352283681,10.0,7.800000000000001,10.900000000000007,45.5,47.0,58,0.2604863737067981,1.0,6.800000000000004,10.0,40.5,0.00801917294363963,44,515.1223044731653,76.39619175164401,591.5184962248093,568.5000000000002
472,181,16,2.589063956729524,3.5138121546961325,7.32375690607735,10.423977900552483,43.1353591160221,18.303314917127068,4.1647059157058415,49.93370165745856,44.178796761418404,10.0,7.800000000000001,10.900000000000007,45.5,46.0,58,0.2604863737067981,1.0,6.800000000000004,10.0,40.5,0.04194549482719245,44,468.62057616804384,66.63529465129346,535.2558708193374,421.60000000000014
473,174,18,2.3776890200937055,3.413793103448276,7.327586206896553,10.424827586206892,43.166666666666664,19.11091954022988,5.348452863119908,50.132183908045974,44.178796761418404,10.0,7.800000000000001,10.900000000000007,45.5,45.0,58,0.2604863737067981,1.0,6.800000000000004,10.0,40.5,0.21885025183264672,44,413.71788949630474,96.27215153615835,509.99004103246307,611.6000000000003
474,162,21,2.449445879915941,3.4135802469135803,7.32407407407408,10.41185185185185,43.126543209876544,20.093827160493824,4.278827297945793,50.123456790123456,44.178796761418404,10.0,7.800000000000001,10.900000000000007,45.5,44.0,58,0.2604863737067981,1.0,6.800000000000004,10.0,40.5,0.129705419126946,44,396.8102325463824,89.85537325686165,486.66560580324403,624.9000000000002
475,156,14,2.753771420817062,3.423076923076923,7.319871794871797,10.406923076923071,43.11217948717949,21.325641025641023,6.429084649072166,50.044871794871796,44.178796761418404,10.0,7.800000000000001,10.900000000000007,45.5,57.0,58,0.2604863737067981,1.0,6.900000000000004,10.0,40.5,0.04194549482719245,44,429.5883416474617,90.00718508701033,519.5955267344721,469.8000000000001
476,149,18,2.5461935551241157,3.51006711409396,7.320134228187924,10.403489932885904,43.100671140939596,22.118791946308733,7.795482634830598,49.93288590604027,44.178796761418404,10.0,7.800000000000001,10.900000000000007,45.5,56.0,58,0.2604863737067981,1.0,6.900000000000004,10.0,40.5,0.3584808118601566,44,379.38283971349324,140.31868742695076,519.701527140444,457.10000000000014
477,136,22,2.342920166159133,3.5808823529411766,7.3080882352941225,10.399264705882347,43.12132352941177,23.602941176470587,9.988554415326236,49.911764705882355,10.929240405930079,10.0,7.800000000000001,10.900000000000007,45.5,55.0,58,0.2604863737067981,1.0,6.900000000000004,10.06,40.5,0.4312391698208436,44,318.6371425976421,219.7481971371772,538.3853397348192,448.8000000000001
478,122,28,2.646839660114803,3.5245901639344264,7.310655737704924,10.38754098360655,43.045081967213115,24.51639344262296,8.603207110068315,49.85245901639344,33.30195424193735,10.0,7.800000000000001,10.900000000000007,45.5,54.0,58,0.2604863737067981,1.0,6.900000000000004,10.06,40.5,0.12100598701468845,45,322.91443853400597,240.8897990819128,563.8042376159187,508.20000000000016
479,113,32,2.7775859663145726,3.424778761061947,7.321238938053102,10.382831858407075,43.008849557522126,23.57079646017699,6.808001964845242,49.93805309734513,42.86909046081556,10.0,7.800000000000001,10.900000000000007,45.5,53.0,58,0.2681951421276072,1.0,6.900000000000004,10.06,40.5,0.2871969438557853,45,313.8672141935467,217.85606287504774,531.7232770685945,334.60000000000014
480,107,25,2.6166098374186872,3.5046728971962615,7.339252336448604,10.38467289719626,42.97196261682243,21.98224299065421,11.844009417637862,49.981308411214954,21.43454523040778,10.0,7.800000000000001,10.900000000000007,45.5,92.0,58,0.2681951421276072,1.0,6.900000000000004,10.06,40.5,0.054589345647038545,45,279.9772526037995,296.10023544094656,576.0774880447461,93.70000000000003
481,104,26,2.305393413026663,3.3076923076923075,7.339423076923082,10.38134615384615,43.01923076923077,20.771153846153855,14.708935619865153,49.99038461538461,11.476915772555468,10.0,7.800000000000001,10.900000000000007,45.5,91.0,58,0.2681951421276072,1.0,6.900000000000004,10.0,40.5,0.3607481826944765,45,239.76091495477297,382.432326116494,622.1932410712669,228.30000000000007
482,114,17,2.8100548067162663,3.254385964912281,7.327192982456146,10.377894736842096,42.99561403508772,20.22543859649123,18.67242845596401,50.03508771929825,52.41068829439738,10.0,7.800000000000001,10.900000000000007,45.5,90.0,58,0.2681951421276072,1.0,6.900000000000004,10.0,40.5,0.21885025183264672,45,320.34624796565436,317.43128375138815,637.7775317170425,148.10000000000005
483,105,24,2.3821812628605183,3.1619047619047618,7.319047619047626,10.367999999999991,42.957142857142856,19.65428571428572,17.79441994254037,49.98095238095238,52.41068829439738,10.0,7.800000000000001,10.900000000000007,45.5,89.0,58,0.2681951421276072,1.0,6.900000000000004,10.0,40.5,0.11103948900647387,45,250.1290326003544,427.0660786209689,677.1951112213233,310.0000000000001
484,98,21,3.16956649369939,3.0510204081632653,7.309183673469393,10.357551020408161,43.0,20.442857142857147,16.170311478497307,49.94897959183673,88.69029369939716,10.0,7.800000000000001,10.900000000000007,45.5,86.0,59,0.2681951421276072,1.0,6.900000000000004,10.0,40.5,0.5379676141840477,45,310.6175163825402,339.57654104844346,650.1940574309837,373.60000000000014
485,91,26,3.7324880059059318,2.868131868131868,7.319780219780222,10.367912087912087,42.994505494505496,18.78791208791209,11.084642241624767,50.1978021978022,52.119195116137185,10.0,7.800000000000001,10.900000000000007,45.5,85.0,59,0.2681951421276072,1.0,6.900000000000004,10.0,40.5,0.2864815763978368,45,339.6564085374398,288.20069828224393,627.8571068196837,299.9000000000001
486,95,25,3.0332181291655926,2.9157894736842107,7.307368421052636,10.345473684210525,42.95789473684211,18.146315789473686,11.611276589774588,50.05263157894737,26.059597558068592,10.0,7.9,10.840000000000007,45.5,84.0,59,0.2681951421276072,1.0,6.900000000000004,10.0,40.5,0.054589345647038545,45,288.1557222707313,290.2819147443647,578.437637015096,234.30000000000007
487,100,20,2.423922556009685,2.91,7.305000000000007,10.332399999999998,42.94,15.528000000000002,16.914779949653116,50.11,13.029798779034296,10.0,7.9,10.840000000000007,45.5,83.0,59,0.2681951421276072,1.0,6.800000000000004,10.0,40.5,0.18551217595444047,46,242.39225560096853,338.2955989930623,580.6878545940308,128.90000000000006
488,112,15,1.953436701145096,2.8660714285714284,7.2955357142857205,10.324107142857143,42.910714285714285,14.796428571428569,23.30859115309728,50.13392857142857,11.086286712424645,10.0,7.9,10.840000000000007,45.5,82.0,59,0.2681951421276072,1.0,6.800000000000004,10.0,40.5,0.319188395926815,46,218.78491052825075,349.6288672964592,568.41377782471,123.30000000000004
489,111,18,2.090135966713175,2.9279279279279278,7.287387387387392,10.316756756756753,42.9009009009009,14.391891891891891,22.801095145159472,50.11711711711712,26.520343035030272,10.0,7.9,10.780000000000006,45.5,95.0,58,0.3108983847925842,1.0,6.800000000000004,10.0,40.5,0.2681951421276072,46,232.0050923051624,410.4197126128705,642.4248049180329,214.2000000000001
490,112,14,2.191278733295722,2.9910714285714284,7.294642857142862,10.31660714285714,42.861607142857146,14.558035714285712,26.842294741164267,50.169642857142854,33.3013129685207,10.0,7.9,10.780000000000006,45.5,94.0,58,0.3108983847925842,1.0,6.800000000000004,10.0,40.5,0.37450197676843705,46,245.42321812912084,375.79212637629973,621.2153445054206,129.80000000000004
491,110,16,2.07265766248943,2.9454545454545453,7.300000000000007,10.319636363636361,42.845454545454544,16.060909090909092,26.725997401304028,50.236363636363635,16.65065648426035,10.0,7.9,10.780000000000006,45.5,93.0,57,0.3108983847925842,1.0,6.800000000000004,10.0,40.5,0.0943145816721842,46,227.9923428738373,427.61595842086444,655.6083012947017,306.0000000000001
492,103,23,1.7666891943517926,2.912621359223301,7.312621359223308,10.331456310679613,42.810679611650485,17.005825242718444,19.436868458330263,50.44660194174757,8.325328242130174,10.0,8.0,10.780000000000006,45.5,92.0,57,0.3108983847925842,1.0,6.800000000000004,10.06,40.5,0.33965907690048636,46,181.96898701823463,447.0479745415961,629.0169615598307,481.00000000000017
493,102,18,2.568302141299138,2.872549019607843,7.321568627450989,10.349411764705879,42.76470588235294,17.2078431372549,23.257808214614297,50.754901960784316,59.814362423689644,10.0,8.0,10.780000000000006,45.5,91.0,57,0.3108983847925842,1.0,6.800000000000004,10.06,40.5,0.6698295384502432,46,261.96681841251205,418.64054786305735,680.6073662755693,225.70000000000007
494,104,15,2.402422224081855,2.75,7.334615384615388,10.351923076923072,42.78365384615385,18.555769230769233,25.823959849420323,50.75961538461539,29.907181211844822,10.0,8.0,10.780000000000006,45.5,90.0,57,0.3108983847925842,1.0,6.900000000000004,10.06,40.5,0.36077181776723266,46,249.85191130451292,387.35939774130486,637.2113090458178,319.5000000000001
495,105,19,2.1183260481646267,2.7714285714285714,7.324761904761909,10.342857142857136,42.84285714285714,17.674285714285716,19.974151462094067,50.733333333333334,25.27675358370726,10.0,8.0,10.780000000000006,45.5,89.0,57,0.3108983847925842,1.0,6.800000000000004,10.0,40.5,0.5664685885658214,46,222.42423505728578,379.50887777978727,601.933112837073,264.9000000000001
496,109,14,1.9379441864628744,2.770642201834862,7.317431192660554,10.33633027522935,42.8394495412844,17.17522935779817,31.091959776367506,50.73394495412844,25.27675358370726,10.0,8.0,10.780000000000006,46.0,88.0,57,0.3108983847925842,1.0,6.800000000000004,10.0,40.5,0.2641388050989345,46,211.2359163244533,435.2874368691451,646.5233531935984,117.70000000000003
497,114,16,1.6308200340369636,2.710526315789474,7.308771929824564,10.324210526315788,42.73684210526316,16.571052631578947,28.90907546237376,50.86842105263158,25.27675358370726,10.0,8.0,10.780000000000006,46.0,87.0,57,0.3108983847925842,1.0,6.800000000000004,10.0,40.0,0.46729970643507535,47,185.91348388021385,462.54520739798016,648.458691278194,259.5000000000001
498,105,24,1.954765454406145,2.7333333333333334,7.309523809523812,10.323999999999998,42.766666666666666,16.02952380952381,17.426633227856843,50.923809523809524,49.59214543635503,10.0,8.0,10.780000000000006,46.0,86.0,57,0.3108983847925842,1.0,6.800000000000004,10.0,40.0,0.26424885594358716,47,205.25037271264523,418.2391974685642,623.4895701812095,299.1000000000001
499,106,13,1.7571194139425244,2.839622641509434,7.3122641509434,10.319245283018867,42.75471698113208,17.933018867924527,30.511600120403504,50.886792452830186,24.796072718177516,11.0,8.0,10.720000000000006,46.0,85.0,57,0.3108983847925842,1.0,6.800000000000004,10.0,40.0,1.1692323453363596,47,186.2546578779076,396.65080156524556,582.9054594431532,306.7000000000001
500,102,14,3.1108562835622746,3.019607843137255,7.312745098039221,10.313529411764703,42.745098039215684,19.55,17.169635621551837,50.78431372549019,76.40916861440338,12.0,8.0,10.720000000000006,46.0,84.0,57,0.3108983847925842,1.0,6.800000000000004,10.0,40.0,0.16923234533635956,47,317.307340923352,240.37489870172573,557.6822396250777,379.8000000000001
501,98,18,4.1589884527360175,3.13265306122449,7.31326530612245,10.293877551020405,42.85204081632653,18.124489795918368,5.166616319724216,50.44897959183673,83.88675902404384,12.0,8.0,10.720000000000006,46.0,47.0,57,0.3108983847925842,1.0,6.800000000000004,9.94,40.0,0.20132597391913554,47,407.5808683681297,92.99909375503589,500.5799621231656,210.30000000000007
502,98,9,3.702294460638835,3.163265306122449,7.3387755102040835,10.308571428571428,42.933673469387756,18.01122448979592,8.577652349526447,50.54081632653061,75.19901817954438,12.0,8.0,10.720000000000006,46.0,46.0,57,0.3108983847925842,1.0,6.800000000000004,9.94,40.0,0.8143624236896435,47,362.8248571426058,77.19887114573802,440.0237282883438,130.90000000000003
503,98,14,3.000472030878914,3.0816326530612246,7.3500000000000005,10.315306122448975,43.02040816326531,17.243877551020407,8.011231451622569,50.57142857142857,75.19901817954438,12.0,7.9,10.720000000000006,46.0,45.0,57,0.3108983847925842,1.0,6.800000000000004,9.94,40.5,0.40692502819973164,47,294.04625902613355,112.15724032271598,406.2034993488495,212.70000000000007
504,99,17,3.0050446038819074,3.0606060606060606,7.393939393939395,10.34121212121212,43.19191919191919,15.663636363636364,4.590770011814506,50.74747474747475,75.19901817954438,12.0,8.0,10.780000000000006,46.0,18.569188395926815,58,0.2984733149000132,1.0,6.900000000000004,9.94,40.5,0.5677744862613818,47,297.49941578430884,78.04309020084659,375.54250598515546,196.60000000000008
505,106,9,3.0003693642575575,2.981132075471698,7.398113207547174,10.355471698113204,43.14150943396226,15.69245283018868,2.400804346191082,51.06603773584906,75.19901817954438,12.0,8.0,10.780000000000006,46.0,8.48584487800548,58,0.2838872431306909,1.0,6.900000000000004,9.94,40.5,0.015931473402694074,47,318.0391526113011,21.607239115719736,339.64639172702084,123.00000000000001
506,108,7,2.6740117700507415,3.009259259259259,7.411111111111114,10.372222222222218,43.032407407407405,16.791666666666668,11.352205556466503,51.407407407407405,37.59950908977219,12.0,8.0,10.780000000000006,46.0,65.0,58,0.2838872431306909,1.0,6.900000000000004,9.94,40.5,1.1370980873625889,47,288.79327116548006,79.46543889526552,368.25871006074556,301.00000000000006
507,106,12,2.180413905694541,3.207547169811321,7.417924528301889,10.386037735849053,42.91981132075472,17.50754716981132,9.163773133939255,51.66981132075472,18.799754544886095,12.0,8.0,10.780000000000006,46.0,64.0,58,0.2838872431306909,1.0,6.900000000000004,9.94,40.0,0.3970655516896706,47,231.12387400362135,109.96527760727106,341.08915161089243,332.1000000000001
508,103,13,2.3188454660479882,3.320388349514563,7.420388349514566,10.396116504854366,42.883495145631066,18.366990291262134,13.643112431474764,51.81553398058252,18.888314907565437,12.0,8.0,10.780000000000006,46.0,98.0,58,0.2838872431306909,1.0,6.900000000000004,9.94,40.0,0.037402355075483174,47,238.8410830029428,177.36046160917192,416.20154461211473,281.00000000000006
509,99,14,2.0620539975035093,3.3333333333333335,7.428282828282829,10.406060606060604,42.86868686868687,18.806060606060605,13.682072743970986,51.898989898989896,9.399877272443048,12.0,8.0,10.780000000000006,46.0,97.0,58,0.2838872431306909,1.0,6.900000000000004,9.94,40.0,0.3560124964696969,47,204.1433457528474,191.5490184155938,395.6923641684412,258.80000000000007
510,93,15,2.15904431593028,3.2795698924731185,7.415053763440859,10.4058064516129,42.90860215053763,20.193548387096772,11.940091631629864,51.96774193548387,19.980483589750268,12.0,8.0,10.780000000000006,46.0,96.0,58,0.27838148312965816,1.0,6.900000000000004,9.94,40.0,0.06099904539940759,47,200.79112138151604,179.10137447444797,379.892495855964,345.30000000000007
511,78,21,2.1246422986809166,3.423076923076923,7.41666666666667,10.420769230769233,42.89102564102564,19.23076923076923,9.553142539219502,52.15384615384615,11.139348349440844,12.0,8.0,10.780000000000006,46.0,95.0,58,0.27838148312965816,1.0,6.900000000000004,9.94,40.0,0.4074843102112158,47,165.7220992971115,200.61599332360953,366.338092620721,360.6000000000001
512,73,16,3.384531699566665,3.5342465753424657,7.415068493150686,10.435616438356167,42.8013698630137,17.613698630136987,5.978497778161044,52.32876712328767,94.27838148312966,12.0,8.0,10.780000000000006,46.0,59.0,59,0.27838148312965816,1.0,6.900000000000004,10.180000000000001,40.0,0.12202557337374209,47,247.07081406836656,95.6559644505767,342.72677851894326,149.50000000000003
513,76,7,3.10246394409957,3.473684210526316,7.422368421052631,10.440526315789475,42.8421052631579,17.318421052631585,9.49608617181806,52.421052631578945,47.13919074156483,12.0,8.0,10.780000000000006,46.0,58.0,59,0.27838148312965816,1.0,6.900000000000004,10.180000000000001,40.0,0.3211485494908519,47,235.78725975156732,66.47260320272642,302.25986295429374,58.10000000000002
514,78,7,2.794901663222402,3.5,7.423076923076923,10.434615384615384,42.87820512820513,18.488461538461543,12.769047026896631,52.37179487179487,23.569595370782416,12.0,8.0,10.780000000000006,46.0,57.0,59,0.27838148312965816,1.0,6.900000000000004,10.180000000000001,40.0,0.5969466298000264,47,218.00232973134737,89.38332918827642,307.3856589196238,151.70000000000002
515,76,8,2.6457391259580665,3.526315789473684,7.421052631578948,10.435789473684213,42.81578947368421,19.79736842105263,15.484324746922391,52.526315789473685,23.569595370782416,12.0,8.0,10.780000000000006,46.0,56.0,59,0.27838148312965816,1.0,6.900000000000004,10.180000000000001,40.0,0.7547443076753648,47,201.07617357281305,123.87459797537913,324.95077154819217,237.00000000000006
516,67,18,2.398667006969164,3.462686567164179,7.452238805970149,10.438805970149257,42.88059701492537,18.355223880597016,8.2979310039427,52.92537313432836,23.569595370782416,12.0,8.0,10.780000000000006,46.0,55.0,59,0.27838148312965816,1.0,6.900000000000004,10.180000000000001,40.0,0.2984733149000132,48,160.71068946693399,149.3627580709686,310.07344753790255,363.1000000000001
517,65,10,2.327460882851522,3.5076923076923077,7.430769230769231,10.428307692307694,42.815384615384616,19.06153846153846,21.89618522846656,52.84615384615385,11.784797685391208,12.0,8.0,10.780000000000006,46.0,89.0,59,0.27838148312965816,1.0,6.900000000000004,10.180000000000001,40.0,0.5969466298000264,48,151.28495738534892,218.9618522846656,370.2468096700145,160.20000000000002
518,65,13,2.0837518663635493,3.4307692307692306,7.396923076923077,10.422769230769234,42.723076923076924,19.703076923076928,16.856257141495337,52.84615384615385,9.399877272443048,12.0,8.0,10.780000000000006,46.0,88.0,59,0.27838148312965816,1.0,6.900000000000004,10.180000000000001,40.0,0.44004162689164206,48,135.4438713136307,219.13134283943938,354.5752141530701,234.90000000000003
519,57,14,2.246619999408285,3.3859649122807016,7.394736842105263,10.414736842105269,42.719298245614034,18.661403508771926,15.237792319721967,53.05263157894737,15.799754544886095,12.0,8.0,10.780000000000006,46.0,87.0,59,0.27838148312965816,1.0,6.900000000000004,10.180000000000001,40.0,0.5567629662593163,48,128.05733996627225,213.32909247610755,341.3864324423798,197.50000000000006
520,51,17,2.237113254874722,3.784313725490196,7.405882352941179,10.408235294117654,42.794117647058826,19.770588235294113,12.292719072443377,52.8235294117647,10.091417022239984,12.0,8.0,10.780000000000006,46.0,86.0,59,0.27838148312965816,1.0,6.900000000000004,10.180000000000001,40.0,0.19389325960005288,48,114.09277599861083,208.97622423153743,323.0690002301483,268.80000000000007
521,47,13,2.0624991553785015,3.765957446808511,7.442553191489363,10.42255319148937,42.98936170212766,20.255319148936174,16.234791818557035,52.8936170212766,9.399877272443048,12.0,8.0,10.780000000000006,46.0,85.0,59,0.2650764139781568,1.0,6.900000000000004,10.180000000000001,40.0,0.36827492766847525,48,96.93746030278957,211.05229364124148,307.98975394403107,165.80000000000007
522,43,12,2.018588570143466,3.744186046511628,7.434883720930232,10.408837209302334,43.01162790697674,21.27441860465116,24.421672917114307,52.906976744186046,9.399877272443048,12.0,8.0,10.720000000000006,46.0,84.0,59,0.2650764139781568,1.0,6.900000000000004,10.180000000000001,40.0,1.0954069317669846,48,86.79930851616905,293.0600750053717,379.85938352154074,110.30000000000004
523,41,10,2.256343148859407,3.7804878048780486,7.4439024390243915,10.418536585365862,43.1219512195122,22.190243902439022,29.734931441830508,52.829268292682926,9.399877272443048,12.0,8.0,10.720000000000006,46.0,83.0,59,0.2650764139781568,1.0,6.900000000000004,10.180000000000001,40.0,1.473099710673901,48,92.51006910323568,297.3493144183051,389.85938352154074,43.40000000000002
524,41,10,2.396807722351973,3.8292682926829267,7.439024390243903,10.414146341463422,43.073170731707314,21.936585365853663,32.7312412914974,52.926829268292686,9.399877272443048,12.0,8.0,10.720000000000006,46.0,82.0,59,0.2650764139781568,1.0,6.900000000000004,10.180000000000001,40.0,0.473099710673901,48,98.26911661643089,327.31241291497395,425.58152953140484,50.70000000000002
525,37,12,2.2688635481158057,3.864864864864865,7.472972972972975,10.426486486486493,43.21621621621622,22.208108108108107,28.459588216312184,53.08108108108108,9.399877272443048,12.0,8.0,10.720000000000006,46.0,81.0,59,0.2984733149000132,1.0,6.900000000000004,10.180000000000001,40.0,1.6249879609808604,49,83.94795128028481,341.5150585957462,425.46300987603104,72.30000000000003
526,36,12,2.2523235753290067,3.5,7.472222222222224,10.431666666666672,43.19444444444444,21.974999999999998,31.043711365098442,53.416666666666664,11.100359359589199,12.0,8.0,10.720000000000006,46.0,80.0,59,0.2984733149000132,1.0,6.900000000000004,10.180000000000001,40.0,0.6249879609808604,49,81.08364871184425,372.5245363811813,453.60818509302555,36.30000000000001
527,37,11,5.449781556393023,3.7027027027027026,7.475675675675676,10.428108108108113,43.12162162162162,21.313513513513513,25.41901799874648,53.351351351351354,87.39987727244305,12.0,8.0,10.720000000000006,46.0,79.0,59,0.2984733149000132,1.0,6.900000000000004,10.180000000000001,40.0,1.7096495660108515,49,201.64191758654187,279.60919798621126,481.2511155727531,6.900000000000004
528,36,11,5.314207584141268,3.888888888888889,7.461111111111112,10.433333333333339,43.166666666666664,20.172222222222224,24.466785636853455,53.30555555555556,43.699938636221525,12.0,8.0,10.720000000000006,46.0,81.84600607917001,59,0.2984733149000132,1.0,6.900000000000004,10.180000000000001,40.0,2.475104067229105,49,191.31147302908565,269.134642005388,460.4461150344737,34.70000000000002
529,41,10,4.733568784231441,4.2439024390243905,7.497560975609758,10.447804878048789,43.18292682926829,18.38780487804878,24.030848795436764,53.63414634146341,38.30957603362209,12.0,8.0,10.720000000000006,46.0,80.84600607917001,60,0.2984733149000132,1.0,6.900000000000004,10.180000000000001,40.0,1.6270009835328114,49,194.07632015348906,240.30848795436765,434.3848081078567,49.10000000000002
530,47,12,5.10635442450826,4.23404255319149,7.536170212765957,10.458297872340435,43.12765957446808,15.331914893617022,17.85439382166179,54.319148936170215,81.01810143918854,12.0,8.0,10.720000000000006,46.0,61.0,61,0.2984733149000132,1.0,7.0000000000000036,10.180000000000001,39.5,0.6270009835328114,49,239.99865795188825,214.25272585994148,454.2513838118297,28.30000000000001
531,49,11,4.61273702763364,4.122448979591836,7.56326530612245,10.461632653061237,43.275510204081634,15.818367346938777,20.80920434478799,54.40816326530612,40.50905071959427,12.0,8.0,10.720000000000006,46.5,60.0,61,0.2984733149000132,1.0,7.100000000000003,10.180000000000001,39.5,0.11352593251863263,49,226.02411435404838,228.9012477926679,454.9253621467163,61.20000000000001
532,49,13,4.807220476331569,4.081632653061225,7.544897959183675,10.442040816326541,43.255102040816325,17.614285714285714,22.203149107769093,54.224489795918366,40.515077078337804,12.0,8.0,10.720000000000006,46.5,98.0,61,0.2984733149000132,1.0,7.100000000000003,10.180000000000001,39.5,0.6465290110370293,49,235.55380334024687,288.6409384009982,524.194741741245,239.40000000000003
533,53,12,6.618542424421871,3.9622641509433962,7.545283018867926,10.41433962264152,43.35849056603774,17.233962264150946,19.273074649177854,54.15094339622642,107.92498465905538,12.0,7.9,10.720000000000006,46.5,95.0,61,0.2984733149000132,1.0,7.100000000000003,10.180000000000001,39.5,0.2725474366676144,49,350.78274849435917,231.27689579013426,582.0596442844934,152.40000000000003
534,56,15,4.781912181578569,3.857142857142857,7.55714285714286,10.398571428571438,43.714285714285715,14.107142857142858,16.69004926814311,53.642857142857146,53.96249232952769,12.0,8.0,10.720000000000006,46.5,94.0,61,0.2984733149000132,1.0,7.100000000000003,10.180000000000001,39.5,0.19717425105069042,49,267.7870821683999,250.35073902214663,518.1378211905464,216.00000000000003
535,64,12,3.7892849030391167,3.90625,7.556250000000002,10.393750000000006,43.875,12.471874999999999,22.745597195893357,53.40625,26.981246164763846,12.0,8.0,10.720000000000006,47.0,93.0,61,0.2984733149000132,1.0,7.100000000000003,10.120000000000001,39.5,0.6330480793490282,49,242.51423379450347,272.9471663507203,515.4614001452237,60.90000000000001
536,73,14,3.052420481365242,4.260273972602739,7.534246575342466,10.397808219178083,43.82876712328767,11.035616438356161,18.588001294135893,53.35616438356164,44.92498465905538,13.0,8.0,10.660000000000005,47.0,92.0,62,0.2984733149000132,1.0,7.0000000000000036,10.120000000000001,39.5,0.40484472563027285,49,222.82669513966266,260.2320181179025,483.05871325756516,147.4
537,75,10,3.6594786197424143,4.413333333333333,7.525333333333333,10.386400000000004,43.74666666666667,11.506666666666666,17.837537449621117,53.28,56.39434850210138,13.0,8.0,10.660000000000005,47.0,91.0,62,0.2737637348346771,1.0,7.0000000000000036,10.120000000000001,39.5,0.2984733149000132,49,274.4608964806811,178.37537449621115,452.83627097689225,189.70000000000005
538,71,13,2.6967631994535006,4.577464788732394,7.514084507042254,10.393802816901411,43.725352112676056,12.83802816901408,18.44566768690028,53.478873239436616,11.231246164763846,13.0,8.0,10.660000000000005,47.0,90.0,63,0.2737637348346771,1.0,7.0000000000000036,10.120000000000001,39.5,0.9061375415176696,49,191.47018716119854,239.79367992970361,431.2638670909022,327.1000000000001
539,69,13,3.5013560971871502,4.63768115942029,7.524637681159421,10.396521739130439,43.7463768115942,13.578260869565216,13.348871800363414,53.666666666666664,56.19010987867742,13.0,8.0,10.720000000000006,47.0,89.0,64,0.2737637348346771,1.0,7.0000000000000036,10.120000000000001,39.5,0.06370390200674336,49,241.59357070591338,173.53533340472438,415.1289041106378,241.40000000000006
540,74,12,2.849248654851043,4.364864864864865,7.522972972972972,10.393243243243244,43.67567567567568,15.497297297297294,21.48245258887822,54.17567567567568,28.09505493933871,13.0,8.0,10.720000000000006,47.0,88.0,64,0.2737637348346771,1.0,7.0000000000000036,10.120000000000001,39.0,0.6069739160459351,49,210.8444004589772,257.78943106653867,468.63383152551586,241.60000000000005
541,72,14,2.972374232449398,4.472222222222222,7.483333333333334,10.380000000000003,43.395833333333336,15.58888888888889,18.415143542548176,54.263888888888886,14.047527469669355,13.0,8.0,10.720000000000006,47.0,87.0,64,0.2737637348346771,1.0,7.0000000000000036,10.06,39.0,0.6132961498742253,49,214.01094473635663,257.81200959567445,471.8229543320311,222.00000000000003
542,70,11,2.7245990513786507,4.4,7.497142857142858,10.384000000000002,43.49285714285714,15.245714285714284,28.811294433775743,54.32857142857143,14.047527469669355,13.0,8.0,10.720000000000006,47.0,86.0,64,0.2737637348346771,1.0,7.0000000000000036,10.06,39.0,0.5985871255253452,49,190.72193359650555,316.92423877153317,507.6461723680387,102.20000000000003
543,75,8,2.9512772105372522,4.373333333333333,7.493333333333333,10.373600000000001,43.473333333333336,14.84933333333333,39.84100110710404,54.373333333333335,25.146511920002318,13.0,8.0,10.720000000000006,47.0,85.0,64,0.2737637348346771,1.0,7.0000000000000036,10.06,39.0,0.09505493933870834,49,221.34579079029393,318.72800885683233,540.0737996471263,30.10000000000001
544,76,10,2.562034603154413,4.223684210526316,7.480263157894737,10.368684210526318,43.30921052631579,14.449999999999998,35.116854216712255,54.61842105263158,12.573255960001159,13.0,8.0,10.720000000000006,47.0,84.0,64,0.2737637348346771,1.0,7.0000000000000036,10.06,39.0,1.2265922997484506,49,194.71462983973538,351.16854216712255,545.8831720068579,106.90000000000002
545,79,10,3.4991565775699454,4.189873417721519,7.4848101265822775,10.364556962025318,43.29746835443038,15.431645569620255,29.247901283783232,54.68354430379747,82.26590783498732,13.0,8.0,10.720000000000006,47.0,83.0,64,0.2737637348346771,1.0,7.0000000000000036,10.06,39.0,0.22659229974845063,49,276.4333696280257,292.47901283783233,568.912382465858,96.00000000000003
546,79,8,4.123253042046352,4.012658227848101,7.500000000000002,10.362278481012659,43.348101265822784,16.520253164556962,26.971552106889604,54.77215189873418,52.573255960001156,13.0,8.0,10.720000000000006,47.0,82.0,64,0.2737637348346771,1.0,7.0000000000000036,10.06,39.0,1.3139211985135626,49,325.73699032166184,215.77241685511683,541.5094071767787,176.80000000000007
547,82,6,3.7352455839785117,3.9634146341463414,7.508536585365853,10.359268292682929,43.3780487804878,18.331707317073167,39.0,54.80487804878049,26.286627980000578,13.0,8.0,10.720000000000006,47.0,81.0,64,0.2737637348346771,1.0,7.0000000000000036,10.06,39.0,2.0,49,306.29013788623797,234.0,540.290137886238,124.10000000000004
548,81,13,4.372421700511284,3.9876543209876543,7.523456790123455,10.34888888888889,43.598765432098766,18.55802469135802,13.141102188057296,54.592592592592595,81.06574535829839,13.0,8.0,10.720000000000006,47.0,49.0,64,0.2737637348346771,1.0,7.0000000000000036,10.06,39.0,0.5475274696693542,49,354.166157741414,170.83432844474484,525.0004861861588,245.10000000000008
549,88,12,3.9747162565643106,3.9545454545454546,7.537499999999997,10.346363636363638,43.55113636363637,16.856818181818177,17.62203117191895,54.95454545454545,40.53287267914919,13.0,8.0,10.720000000000006,47.0,92.0,64,0.2737637348346771,1.0,7.0000000000000036,10.06,39.0,0.39814053260243476,49,349.7750305776593,211.4643740630274,561.2394046406868,100.70000000000002
550,96,13,3.202586261633464,3.8854166666666665,7.54270833333333,10.347499999999998,43.583333333333336,15.890624999999995,17.37031524028554,55.260416666666664,20.266436339574597,13.0,8.1,10.720000000000006,47.0,91.0,64,0.2737637348346771,1.0,6.900000000000004,10.06,39.0,0.26590783498732096,49,307.44828111681255,225.814098123712,533.2623792405245,131.8
551,99,16,2.6852920227854007,3.787878787878788,7.56464646464646,10.349696969696971,43.601010101010104,14.805050505050502,19.893100372964405,55.74747474747475,18.632953917493662,12.0,8.1,10.720000000000006,47.5,90.0,65,0.3165240396745141,1.0,6.900000000000004,10.06,39.0,0.2737637348346771,49,265.8439102557547,318.2896059674305,584.1335162231851,144.20000000000002
552,109,11,2.688194981111687,3.6605504587155964,7.566972477064216,10.340733944954126,43.53669724770642,14.625688073394496,25.1865316208007,55.908256880733944,37.80781154119096,12.0,8.1,10.720000000000006,47.5,89.0,65,0.3165240396745141,1.0,6.800000000000004,10.0,39.0,1.2660961586980564,49,293.0132529411739,277.0518478288077,570.0651007699817,137.20000000000002
553,110,14,2.2201623426021126,3.609090909090909,7.580909090909089,10.343090909090908,43.595454545454544,16.242727272727272,26.300073934635897,56.06363636363636,18.90390577059548,12.0,8.1,10.720000000000006,47.5,88.0,65,0.3165240396745141,1.0,6.800000000000004,10.0,39.0,0.26609615869805636,49,244.2178576862324,368.20103508490257,612.418892771135,335.90000000000003
554,109,17,3.1368512661711927,3.63302752293578,7.578899082568807,10.350642201834859,43.54587155963303,17.09908256880734,20.807581331578792,56.22018348623853,88.57165699500014,12.0,8.1,10.720000000000006,47.5,81.0,65,0.3165240396745141,1.0,6.800000000000004,10.0,39.0,0.3290227425524138,50,341.91678801266,353.72888263683944,695.6456706494994,314.70000000000005
555,101,19,2.7669846038734542,3.6633663366336635,7.572277227722773,10.348118811881188,43.48514851485149,17.690099009900987,19.65136612448159,56.198019801980195,23.247871813238124,12.0,8.1,10.720000000000006,47.5,80.0,65,0.3165240396745141,1.0,6.800000000000004,10.0,39.0,0.7866279800005791,50,279.4654449912189,373.3759563651502,652.841401356369,308.80000000000007
556,95,23,2.8543573890792215,3.4947368421052634,7.579999999999999,10.351789473684208,43.54736842105263,17.075789473684203,16.386328311875435,56.252631578947366,43.53330454244683,12.0,8.1,10.720000000000006,47.5,79.0,64,0.3165240396745141,1.0,6.800000000000004,10.0,39.0,0.39814053260243476,50,271.163951962526,376.88555117313496,648.049503135661,249.80000000000004
557,98,20,2.702864123312262,3.489795918367347,7.5867346938775455,10.353877551020407,43.63265306122449,17.01632653061224,21.149745496504387,56.316326530612244,23.563962783447778,12.0,8.1,10.720000000000006,47.5,78.0,65,0.3165240396745141,1.0,6.800000000000004,10.0,39.0,0.2666522712234123,50,264.8806840846017,422.9949099300878,687.8755940146895,145.90000000000003
558,104,15,3.540876144020551,3.4423076923076925,7.6182692307692275,10.360576923076918,43.74038461538461,17.263461538461538,27.337018670312588,56.50961538461539,63.16455961984335,12.0,8.1,10.720000000000006,47.5,80.0,66,0.3165240396745141,1.0,6.800000000000004,10.0,39.0,0.2778075211504322,50,368.2511189781373,410.0552800546888,778.3063990328261,128.10000000000002
559,105,17,4.297699578064734,3.2285714285714286,7.644761904761901,10.37142857142857,43.7047619047619,15.912380952380952,24.407195603309006,57.03809523809524,76.32457211902354,12.0,8.2,10.720000000000006,47.0,79.0,66,0.3066904914120123,1.0,6.800000000000004,10.0,38.5,0.6329539174936605,50,451.258455696797,414.9223252562531,866.1807809530501,284.40000000000003
560,117,15,3.326858796046281,3.1623931623931623,7.637606837606833,10.365641025641025,43.73504273504273,14.795726495726495,31.933173212449333,57.05982905982906,38.16228605951177,12.0,8.2,10.720000000000006,47.0,78.0,66,0.2718576780688766,1.0,6.800000000000004,10.0,38.5,0.26590783498732096,50,389.2424791374149,478.99759818674,868.2400773241549,69.30000000000001
561,127,15,2.7045190524570666,3.094488188976378,7.631496062992121,10.361889763779525,43.71653543307087,14.907086614173227,40.80492726950159,57.04724409448819,19.081143029755886,12.0,8.2,10.720000000000006,47.0,87.0,66,0.2718576780688766,1.0,6.800000000000004,10.0,38.5,0.40433946424118633,50,343.4739196620475,612.0739090425238,955.5478287045713,112.40000000000003
562,134,18,2.8984132852840028,2.9925373134328357,7.623880597014922,10.3586567164179,43.65298507462686,14.171641791044777,36.4775702324929,57.12686567164179,92.08114302975588,12.0,8.2,10.720000000000006,47.0,89.0,66,0.2718576780688766,1.0,6.800000000000004,10.0,38.5,0.9871391109090268,50,388.3873802280564,656.5962641848722,1044.9836444129287,189.50000000000003
563,144,20,3.6225539689036625,2.8680555555555554,7.607638888888886,10.356666666666662,43.704861111111114,13.963194444444447,28.696097084874786,57.18055555555556,86.64291424875003,12.0,8.2,10.720000000000006,47.5,88.0,66,0.2718576780688766,1.0,6.800000000000004,10.0,38.5,0.4569120805340374,50,521.6477715221274,573.9219416974958,1095.5697132196233,209.8
564,140,25,4.8651852703159335,2.7642857142857142,7.58,10.34714285714285,43.635714285714286,12.51857142857143,16.5141616607986,57.25714285714286,88.28540480992167,12.0,8.2,10.720000000000006,47.5,74.0,66,0.2718576780688766,1.0,6.800000000000004,10.0,38.5,0.4624923295276906,50,681.1259378442307,412.854041519965,1093.9799793641957,395.6
565,148,17,4.042790168473586,2.77027027027027,7.584459459459461,10.345810810810798,43.71283783783784,14.002702702702706,22.710079093989947,57.25,46.04057151487794,12.0,8.2,10.720000000000006,47.5,73.0,66,0.2718576780688766,1.0,6.800000000000004,10.0,38.5,0.3604157669514634,50,598.3329449340907,386.0713445978291,984.4042895319199,291.70000000000005
566,158,16,3.323147247150703,2.8354430379746836,7.58860759493671,10.343291139240488,43.787974683544306,15.394936708860758,31.769490131039905,57.278481012658226,46.04057151487794,12.0,8.2,10.720000000000006,47.5,94.0,66,0.2718576780688766,1.0,6.800000000000004,10.0,38.5,0.3165240396745141,50,525.0572650498111,508.3118420966385,1033.3691071464496,492.3000000000001
567,161,24,2.9822224136935995,2.8509316770186337,7.607453416149071,10.354409937888187,43.88509316770186,14.627329192546584,22.86333881601747,57.4472049689441,78.16580276217653,12.0,8.2,10.720000000000006,47.5,93.0,67,0.2718576780688766,1.0,6.800000000000004,10.0,38.5,0.7491570439435327,50,480.13780860466954,548.7201315844193,1028.8579401890888,436.6000000000001
568,165,19,3.709315739958417,2.890909090909091,7.606060606060607,10.367272727272715,43.74242424242424,14.577575757575753,18.449795019056783,57.666666666666664,47.425714393597424,12.0,8.2,10.720000000000006,47.5,92.0,67,0.2718576780688766,1.0,6.800000000000004,10.0,38.5,0.3326201983725705,50,612.0370970931388,350.5461053620789,962.5832024552176,382.9000000000001
569,172,11,3.360728684421968,3.046511627906977,7.59593023255814,10.367325581395335,43.69767441860465,16.973837209302324,29.22358638378178,57.66860465116279,47.425714393597424,13.0,8.2,10.720000000000006,47.5,91.0,67,0.2718576780688766,1.0,6.800000000000004,10.0,38.5,1.2854048099216768,50,578.0453337205785,321.4594502215996,899.504783942178,530.0000000000001
570,169,20,3.02763665311458,3.106508875739645,7.58165680473373,10.36639053254437,43.69230769230769,18.590532544378693,17.622914818572745,57.52662721893491,47.425714393597424,13.0,8.2,10.720000000000006,47.5,90.0,67,0.2718576780688766,1.0,6.800000000000004,10.0,38.5,0.2854048099216768,50,511.670594376364,352.45829637145494,864.128890747819,715.8000000000001
571,155,29,2.9732888838102376,3.174193548387097,7.574193548387097,10.360774193548377,43.7,19.000645161290322,12.793391987983505,57.49677419354839,29.596285719679873,13.0,8.2,10.720000000000006,47.5,89.0,67,0.2718576780688766,1.0,6.800000000000004,10.0,38.5,0.3213512024804192,50,460.8597769905868,371.0083676515216,831.8681446421084,671.1000000000001
572,154,29,3.167988057381862,3.175324675324675,7.566233766233767,10.365844155844144,43.66558441558441,18.277922077922074,14.132502862872832,57.642857142857146,48.38173033519533,13.0,8.2,10.720000000000006,47.5,88.0,67,0.2718576780688766,1.0,6.800000000000004,10.0,38.5,0.23637739442593508,51,487.87016083680675,409.8425830233121,897.7127438601188,411.50000000000006
573,147,31,2.9179390985935987,3.17687074829932,7.55034013605442,10.370204081632641,43.60204081632653,17.282312925170068,13.362299018823554,57.863945578231295,35.97389248812011,13.0,8.2,10.720000000000006,47.5,87.0,67,0.2718576780688766,1.0,6.800000000000004,10.0,38.5,0.3231908580005013,51,428.937047493259,414.2312695835302,843.1683170767892,493.80000000000007
574,150,19,2.8525574393700284,3.2133333333333334,7.545333333333332,10.370799999999987,43.556666666666665,18.188,18.918728006113522,57.96666666666667,47.48610726287714,13.0,8.2,10.720000000000006,47.5,86.0,67,0.2718576780688766,1.0,6.800000000000004,10.0,38.5,0.018383386006596503,51,427.88361590550426,359.4558321161569,787.3394480216612,314.50000000000006
575,144,19,3.3597785674931466,3.25,7.537499999999998,10.36583333333332,43.53472222222222,19.433333333333334,14.465489859552816,58.0,64.61562308238192,13.0,8.2,10.720000000000006,47.5,85.0,67,0.2718576780688766,1.0,6.800000000000004,10.0,38.5,0.36562327310756637,51,483.80811371901314,274.8443073315035,758.6524210505166,533.0000000000001
576,142,18,3.615255674125363,3.267605633802817,7.5274647887323916,10.36845070422534,43.5,18.667605633802815,9.85945585212161,58.16901408450704,83.88536267263603,13.0,8.2,10.720000000000006,47.5,84.0,67,0.2718576780688766,1.0,6.800000000000004,10.0,38.5,0.34168272110602343,51,513.3663057258016,177.47020533818898,690.8365110639905,448.20000000000005
577,145,23,3.014647440651254,3.4551724137931035,7.51586206896552,10.375310344827573,43.50689655172414,17.085517241379314,8.100904894725808,58.186206896551724,41.94268133631802,13.0,8.1,10.720000000000006,47.5,83.0,67,0.2718576780688766,1.0,6.800000000000004,10.0,38.5,0.4725454625736404,51,437.1238788944318,186.3208125786936,623.4446914731254,329.6
578,147,19,2.749291341897985,3.707482993197279,7.512244897959183,10.383673469387741,43.58163265306123,17.253061224489795,15.951230005448325,58.06802721088435,20.97134066815901,13.0,8.1,10.720000000000006,47.5,95.0,67,0.27295742501162745,1.0,6.800000000000004,10.0,38.5,0.28104603506343834,51,404.1458272590038,303.0733701035182,707.219197362522,245.80000000000004
579,132,30,2.488746658828553,3.787878787878788,7.4893939393939375,10.375909090909078,43.63257575757576,16.4530303030303,15.869746966617912,57.93181818181818,10.485670334079504,14.0,8.1,10.720000000000006,47.5,94.0,65,0.27295742501162745,1.0,6.800000000000004,10.0,38.5,0.04668403840025204,51,328.51455896536896,476.09240899853734,804.6069679639063,477.5000000000001
580,131,22,3.248632831047905,3.8091603053435112,7.487786259541985,10.380610687022887,43.652671755725194,18.068702290076335,23.321344362027478,58.045801526717554,89.77072534527207,14.0,8.1,10.720000000000006,47.5,93.0,66,0.27295742501162745,1.0,6.800000000000004,10.0,39.0,0.31747932620373964,51,425.57090086727555,513.0695759646045,938.64047683188,358.7000000000001
581,129,17,3.5237677182945233,3.9224806201550386,7.486821705426354,10.378604651162776,43.6124031007752,20.796124031007746,25.51973468724407,58.03875968992248,60.82764832213615,14.0,8.1,10.720000000000006,47.5,92.0,66,0.27295742501162745,1.0,6.800000000000004,10.0,39.0,0.7199285234712431,51,454.56603565999353,433.8354896831492,888.4015253431428,501.40000000000015
582,118,28,2.977891656258201,3.957627118644068,7.4957627118644075,10.38135593220338,43.79661016949152,21.044067796610165,17.172322095993554,58.03389830508475,30.413824161068074,14.0,8.1,10.720000000000006,47.5,91.0,66,0.26833569065885615,1.0,6.900000000000004,10.0,39.0,0.4480275398704494,51,351.3912154384677,480.82501868781947,832.2162341262872,558.5000000000001
583,115,27,2.977504260800761,4.156521739130435,7.475652173913041,10.374086956521728,43.721739130434784,19.56695652173913,16.01008789307527,57.88695652173913,19.97134066815901,14.0,8.1,10.720000000000006,47.5,90.64619085046508,66,0.26833569065885615,1.0,6.800000000000004,10.0,39.0,0.33817053513671924,51,342.41298999208755,432.2723731130323,774.6853631051199,370.00000000000006
584,120,20,3.392676970135002,4.2,7.469999999999998,10.355499999999989,43.6625,18.326666666666657,23.723268355587365,57.825,90.3615878006201,14.0,8.1,10.720000000000006,47.5,91.0,66,0.26833569065885615,1.0,6.800000000000004,10.0,39.0,0.3214189003100525,51,407.12123641620025,474.4653671117473,881.5866035279475,238.10000000000005
585,116,27,4.5567012155370605,4.275862068965517,7.481034482758622,10.345517241379296,43.69396551724138,18.03793103448276,13.953754015438383,57.741379310344826,91.85473751671917,14.0,8.1,10.720000000000006,47.5,71.0,65,0.26833569065885615,1.0,6.800000000000004,10.0,39.0,0.19257143935974286,51,528.577341002299,376.75135841683635,905.3286994191353,441.5000000000001
586,118,20,4.253904793392022,4.271186440677966,7.4864406779661,10.340169491525412,43.63559322033898,17.837288135593216,18.061600579165297,57.847457627118644,58.91382416106808,14.0,8.1,10.720000000000006,47.5,70.0,65,0.26833569065885615,1.0,6.800000000000004,10.0,39.0,0.5459148500232549,51,501.9607656202586,361.23201158330596,863.1927772035646,246.70000000000007
587,118,16,4.225744607178757,4.254237288135593,7.503389830508475,10.33457627118643,43.733050847457626,18.123728813559325,18.767232568313215,57.78813559322034,45.927368758359584,14.0,8.2,10.720000000000006,47.5,69.0,65,0.26833569065885615,1.0,6.800000000000004,10.0,39.0,0.06228014644470159,51,498.6378636470933,300.27572109301144,798.9135847401047,308.0000000000001
588,113,23,3.757766299013944,4.292035398230088,7.521238938053096,10.330796460176979,43.73893805309734,16.656637168141597,12.984906901938492,57.93805309734513,22.963684379179792,14.0,8.2,10.720000000000006,47.5,68.0,65,0.34168272110602343,1.0,6.800000000000004,10.0,39.0,0.2416796613024066,51,424.62759178857567,298.65285874458533,723.280450533161,366.80000000000007
589,116,17,3.962957263514327,4.198275862068965,7.493965517241376,10.324827586206885,43.672413793103445,16.352586206896554,12.62511584569116,58.11206896551724,67.57114010066755,14.0,8.2,10.720000000000006,47.5,64.0,65,0.34168272110602343,1.0,6.800000000000004,10.0,39.0,0.4389484753269704,51,459.70304256766195,214.62696937674974,674.3300119444117,262.80000000000007
590,119,15,4.1071301167945915,4.151260504201681,7.443697478991593,10.32016806722688,43.39495798319328,15.34201680672269,9.463462095118834,58.54621848739496,61.81796441951722,14.0,8.2,10.720000000000006,47.5,63.0,65,0.34168272110602343,1.0,6.800000000000004,10.0,39.0,0.36200688496761235,51,488.7484838985564,141.9519314267825,630.7004153253389,330.50000000000006
591,120,10,3.930898939204719,4.191666666666666,7.438333333333329,10.322999999999997,43.3375,16.689166666666665,11.545918602773257,58.56666666666667,33.785570050333774,14.0,8.2,10.720000000000006,47.5,62.0,65,0.34168272110602343,1.0,6.800000000000004,10.0,39.0,0.518561290587713,51,471.7078727045663,115.45918602773257,587.1670587322989,280.6000000000001
592,113,21,3.2389943522244153,4.20353982300885,7.443362831858403,10.316460176991143,43.35398230088496,18.01504424778761,9.10032885845575,58.415929203539825,33.785570050333774,14.0,8.299999999999999,10.720000000000006,47.5,61.0,65,0.34168272110602343,1.0,6.800000000000004,10.0,39.0,0.45534812814586084,51,366.00636180135893,191.10690602757074,557.1132678289297,551.2000000000002
593,109,24,2.9315803717428373,4.137614678899083,7.468807339449536,10.32256880733944,43.362385321100916,17.91192660550459,8.473173820861321,58.45871559633027,26.70460547397474,13.0,8.399999999999999,10.720000000000006,47.5,60.0,65,0.34168272110602343,1.0,6.800000000000004,10.0,39.0,0.46026425125834436,51,319.54226051996926,203.35617170067172,522.898432220641,369.4000000000001
594,107,19,3.5404163143183602,4.037383177570093,7.490654205607474,10.321869158878494,43.41121495327103,17.882242990654206,5.944202201449744,58.4392523364486,34.72771192142745,13.0,8.399999999999999,10.720000000000006,47.5,59.0,65,0.34168272110602343,1.0,6.800000000000004,10.0,39.0,0.3465781787888095,51,378.82454563206454,112.93984182754514,491.7643874596097,191.10000000000005
595,106,16,3.6613980152586802,3.839622641509434,7.501886792452828,10.314150943396221,43.4811320754717,17.724528301886785,5.137350554801436,58.60377358490566,59.900864010066755,13.0,8.399999999999999,10.720000000000006,47.5,34.128367524382966,66,0.3465781787888095,1.0,6.800000000000004,10.0,39.0,0.34168272110602343,51,388.1081896174201,82.19760887682298,470.3057984942431,238.9000000000001
596,104,21,2.5625697954943427,3.7884615384615383,7.509615384615382,10.31153846153845,43.40865384615385,18.19230769230769,7.533481356140804,58.625,14.975216002516689,13.0,8.399999999999999,10.720000000000006,47.5,34.72771192142745,66,0.3465781787888095,1.0,6.800000000000004,10.0,39.0,0.038296236403398076,51,266.50725873141164,158.2031084789569,424.71036721036853,339.8000000000001
597,101,20,3.2144177527362396,3.742574257425743,7.510891089108911,10.308316831683161,43.272277227722775,18.006930693069307,3.8186196235849517,58.663366336633665,34.99882807178044,13.0,8.399999999999999,10.720000000000006,47.5,28.950432005033377,66,0.3465781787888095,1.0,6.700000000000005,10.0,39.0,0.12418414025375335,51,324.6561930263602,76.37239247169903,401.0285854980592,245.10000000000005
598,106,13,2.8102548799891984,3.7547169811320753,7.517924528301885,10.311886792452828,43.34905660377358,17.879245283018868,4.787827428438184,58.735849056603776,17.49941403589022,13.0,8.399999999999999,10.720000000000006,47.5,27.950432005033377,66,0.26914811820169904,1.0,6.700000000000005,10.0,39.0,0.4432454229577118,51,297.887017278855,62.24175656969639,360.1287738485514,158.70000000000005
599,106,14,2.6016401094636312,3.6792452830188678,7.493396226415091,10.316415094339616,43.179245283018865,18.04433962264151,4.551211058326404,59.056603773584904,17.49941403589022,13.0,8.399999999999999,10.720000000000006,47.5,26.950432005033377,66,0.2645595529392174,1.0,6.700000000000005,10.0,39.0,0.032913592371270006,51,275.7738516031449,63.716954816569654,339.49080641971454,307.20000000000005
600,102,13,2.6093023273998734,3.764705882352941,7.514705882352937,10.328235294117643,43.31372549019608,18.68137254901961,4.490675988759255,59.029411764705884,26.900864010066755,13.0,8.399999999999999,10.720000000000006,47.5,17.49941403589022,66,0.2645595529392174,1.0,6.700000000000005,10.0,39.0,0.2810460350634383,51,266.1488373947871,58.37878785387032,324.52762524865744,245.70000000000007
601,100,6,2.901237407531533,3.8,7.528999999999996,10.323999999999995,43.28,19.769999999999996,3.1029600874330505,58.99,26.900864010066755,13.0,8.399999999999999,10.720000000000006,47.5,8.0,66,0.2645595529392174,1.0,6.700000000000005,10.0,39.0,0.9504320050333773,51,290.1237407531533,18.617760524598303,308.7415012777516,226.10000000000005
602,92,17,2.464238881161473,3.760869565217391,7.543478260869563,10.337173913043474,43.28804347826087,19.16086956521739,4.184806544912952,59.23913043478261,18.23310166400445,13.0,8.399999999999999,10.720000000000006,47.5,26.900864010066755,66,0.2645595529392174,1.0,6.700000000000005,10.0,39.0,0.17972206749989894,52,226.70997706685552,71.14171126352018,297.8516883303757,342.6000000000001
603,90,8,2.6182574073458373,3.7444444444444445,7.534444444444441,10.327999999999998,43.233333333333334,19.605555555555554,5.56728980613109,59.166666666666664,41.80789140069336,13.0,8.399999999999999,10.720000000000006,47.5,18.23310166400445,66,0.2645595529392174,1.0,6.700000000000005,10.0,39.0,0.3173223866738679,52,235.64316666112538,44.53831844904872,280.1814851101741,112.90000000000002
604,80,16,2.4874835873709853,4.0125,7.522500000000001,10.34575,43.34375,19.56625,4.220322543984972,59.0,18.16407928509762,13.0,8.399999999999999,10.720000000000006,47.5,41.80789140069336,66,0.26914811820169904,1.0,6.700000000000005,10.0,39.0,0.16098840443314066,52,198.99868698967882,67.52516070375955,266.52384769343837,412.00000000000006
605,81,7,2.320360856699002,4.0,7.516049382716049,10.348148148148146,43.376543209876544,20.36913580246914,12.258604168911573,59.074074074074076,9.90746097959736,12.0,8.399999999999999,10.720000000000006,47.5,40.80789140069336,66,0.26914811820169904,1.0,6.700000000000005,10.0,39.0,0.9389081409492175,52,187.94922939261915,85.81022918238101,273.75945857500017,170.00000000000006
606,75,10,3.0760073306354982,3.9066666666666667,7.579999999999997,10.3688,43.58,20.941333333333333,3.293827251549086,59.0,40.86612961245023,12.0,8.399999999999999,10.720000000000006,47.5,9.7157644216096,66,0.2784058051289749,1.0,6.700000000000005,10.0,39.0,0.26914811820169904,52,230.70054979766238,32.93827251549086,263.63882231315324,322.9000000000001
607,74,9,2.9157600562769357,3.77027027027027,7.6054054054054046,10.382702702702703,43.6554054054054,20.991891891891893,2.220151366651079,59.2027027027027,20.433064806225115,12.0,8.399999999999999,10.720000000000006,47.5,5.610670334079504,66,0.2784058051289749,1.0,6.700000000000005,10.0,39.0,0.0010803411458704115,52,215.76624416449323,19.98136229985971,235.74760646435294,188.00000000000006
608,76,8,2.4120973807372126,3.6842105263157894,7.628947368421049,10.374999999999998,43.73684210526316,20.623684210526317,3.6038790542796213,59.38157894736842,11.892372692358766,12.0,8.399999999999999,10.720000000000006,47.5,9.90746097959736,67,0.2784058051289749,1.0,6.700000000000005,9.94,39.0,0.4744292705412174,52,183.31940093602816,28.83103243423697,212.15043337026512,203.30000000000004
609,71,12,2.384538443203279,3.6056338028169015,7.642253521126758,10.379436619718314,43.570422535211264,18.71267605633803,2.4418237722392413,59.70422535211268,10.216532403112558,12.0,8.399999999999999,10.720000000000006,47.5,11.892372692358766,67,0.2784058051289749,1.0,6.700000000000005,9.94,39.0,0.3966776915567025,52,169.3022294674328,29.301885266870894,198.6041147343037,196.10000000000005
610,70,7,2.2668512416131423,3.6,7.6599999999999975,10.36857142857143,43.55714285714286,20.267142857142858,3.732592569961782,59.614285714285714,9.702280386812411,12.0,8.399999999999999,10.720000000000006,47.5,10.892372692358766,67,0.2784058051289749,1.0,6.700000000000005,9.94,39.0,0.3192666375972674,52,158.67958691291997,26.128147989732476,184.80773490265244,220.9
611,65,11,2.144713610892818,3.6923076923076925,7.64153846153846,10.359076923076927,43.6,19.61230769230769,3.2672003009420014,59.66153846153846,10.435153005941192,12.0,8.399999999999999,10.720000000000006,47.5,9.702280386812411,67,0.2784058051289749,1.0,6.700000000000005,9.94,39.0,0.06198671843297854,52,139.40638470803316,35.93920331036202,175.34558801839518,251.9
612,64,11,1.7966139317348273,3.5,7.665625,10.364687500000004,43.6796875,17.8953125,4.020938285269005,60.234375,7.5769528852977395,12.0,8.499999999999998,10.720000000000006,47.5,8.702280386812411,68,0.2784058051289749,1.0,6.700000000000005,9.94,39.5,0.4028995320364652,52,114.98329163102895,44.23032113795905,159.213612768988,156.10000000000002
613,65,7,1.8168029636734708,3.4615384615384617,7.701538461538461,10.377538461538464,43.73076923076923,18.392307692307693,8.653544639816932,60.43076923076923,7.5769528852977395,12.0,8.499999999999998,10.720000000000006,47.5,32.0,68,0.2784058051289749,1.0,6.900000000000004,9.94,39.5,0.5291191058784348,52,118.0921926387756,60.57481247871853,178.6670051174941,85.30000000000001
614,64,9,1.7494779470090576,3.34375,7.737499999999998,10.383437500000005,43.78125,17.9390625,17.15521356058243,60.6875,13.94822744735928,12.0,8.499999999999998,10.720000000000006,47.5,98.0,68,0.2784058051289749,1.0,6.900000000000004,9.94,39.5,0.3192666375972674,52,111.96658860857968,154.39692204524187,266.36351065382155,134.3
615,65,4,1.9184236110914425,3.3846153846153846,7.736923076923079,10.384000000000002,43.792307692307695,19.31076923076923,32.329788116918785,60.6,10.690340530485402,12.0,8.499999999999998,10.720000000000006,47.5,97.0,68,0.28103406746809534,1.0,6.900000000000004,9.94,39.5,0.5291191058784348,52,124.69753472094376,129.31915246767514,254.0166871886189,138.40000000000003
616,57,13,1.692469135153977,3.1052631578947367,7.775438596491229,10.388421052631582,44.00877192982456,18.945614035087722,11.582152171771359,60.91228070175438,10.690340530485402,12.0,8.499999999999998,10.720000000000006,47.5,96.0,68,0.28103406746809534,1.0,7.0000000000000036,9.94,39.5,0.4577999127918023,52,96.47074070377668,150.56797823302767,247.03871893680434,239.90000000000003
617,52,10,4.0350038212075185,2.8653846153846154,7.803846153846155,10.380769230769236,44.21153846153846,19.71923076923077,2.563902655076771,60.94230769230769,95.65219706287132,12.0,8.499999999999998,10.720000000000006,47.5,6.97411372367964,68,0.28103406746809534,1.0,7.0000000000000036,9.94,39.5,0.05823821175686961,52,209.82019870279098,25.639026550767714,235.45922525355869,123.90000000000002
618,50,9,3.4756350711192043,3.1,7.798000000000002,10.39240000000001,44.3,20.432000000000002,2.7572468006403668,60.86,47.82609853143566,12.0,8.499999999999998,10.720000000000006,47.5,6.67323324686728,68,0.28103406746809534,1.0,7.0000000000000036,9.94,40.0,0.4028995320364652,52,173.78175355596022,24.8152212057633,198.59697476172352,184.8
619,52,6,2.936335302766813,3.1346153846153846,7.780769230769234,10.415384615384625,44.17307692307692,18.265384615384615,1.7580442478800304,61.46153846153846,23.91304926571783,12.0,8.499999999999998,10.720000000000006,47.5,4.97411372367964,69,0.28103406746809534,1.0,7.0000000000000036,9.94,40.0,0.3192666375972674,52,152.68943574387427,10.548265487280183,163.23770123115446,89.4
620,54,7,2.2741031554764355,2.9074074074074074,7.844444444444445,10.414444444444454,44.351851851851855,17.82777777777778,16.318415989460426,61.574074074074076,11.956524632858915,12.0,8.499999999999998,10.720000000000006,47.5,96.0,69,0.28103406746809534,1.0,7.0000000000000036,9.94,40.0,0.7413351837428912,52,122.80157039572752,114.22891192622298,237.0304823219505,119.90000000000003
621,54,5,2.2536392560456053,2.7777777777777777,7.868518518518521,10.408888888888898,44.425925925925924,17.76666666666667,20.650308437624574,61.77777777777778,11.956524632858915,12.0,8.499999999999998,10.720000000000006,47.5,95.0,69,0.3192666375972674,1.0,7.0000000000000036,9.94,40.0,0.6385332751945348,52,121.69651982646269,103.25154218812287,224.94806201458556,135.2
622,54,4,1.9724716010743106,2.6481481481481484,7.911111111111112,10.422222222222231,44.50925925925926,21.087037037037042,27.471411737011564,62.01851851851852,11.956524632858915,12.0,8.499999999999998,10.720000000000006,47.5,94.0,69,0.3192666375972674,1.0,7.0000000000000036,10.0,40.0,1.1459911660802127,53,106.51346645801277,109.88564694804626,216.39911340605903,263.4
623,47,12,1.790817317190157,2.702127659574468,7.9170212765957455,10.426382978723414,44.56382978723404,22.397872340425536,10.608049667598296,61.93617021276596,7.953378620835392,12.0,8.499999999999998,10.720000000000006,47.5,93.0,69,0.3192666375972674,1.0,7.0000000000000036,10.0,40.0,0.14599116608021268,53,84.16841390793738,127.29659601117956,211.46500991911694,338.40000000000003
624,42,13,1.9419147897464226,2.8333333333333335,7.959523809523811,10.430000000000009,44.654761904761905,21.98095238095238,9.030497629135208,61.857142857142854,7.967393474644187,12.0,8.499999999999998,10.720000000000006,47.0,92.0,69,0.3192666375972674,1.0,7.100000000000003,10.0,40.0,0.304394125742649,53,81.56042116934975,117.3964691787577,198.95689034810744,204.3
625,44,6,1.7988487891674045,2.75,7.9818181818181815,10.428181818181828,44.73863636363637,20.96590909090909,17.35250025993877,61.93181818181818,11.45109021196628,12.0,8.599999999999998,10.720000000000006,47.0,91.0,69,0.3192666375972674,1.0,7.0000000000000036,10.0,40.0,0.3451199844758849,53,79.1493467233658,104.1150015596326,183.2643482829984,53.80000000000001
626,40,9,1.7703925028138028,2.75,8.0075,10.441000000000008,44.7875,21.94,15.932944972768988,61.975,11.45109021196628,12.0,8.599999999999998,10.720000000000006,47.0,90.0,69,0.3192666375972674,1.0,7.0000000000000036,10.180000000000001,43.0,0.497086163802212,53,70.81570011255211,143.3965047549209,214.21220486747302,118.0
627,36,9,1.8846092176513929,2.8055555555555554,8.044444444444444,10.441666666666675,44.736111111111114,24.358333333333334,15.374838494888811,61.861111111111114,11.45109021196628,12.0,8.599999999999998,10.720000000000006,47.0,89.0,69,0.3192666375972674,1.0,7.0000000000000036,10.180000000000001,43.0,0.5568116102579498,53,67.84593183545014,138.3735464539993,206.21947828944946,171.1
628,35,7,1.8941344063573724,2.8857142857142857,8.031428571428572,10.456000000000008,44.52857142857143,23.537142857142857,18.169942933710416,62.34285714285714,6.937787746005318,12.0,8.599999999999998,10.720000000000006,46.5,88.0,69,0.3192666375972674,1.0,7.0000000000000036,10.180000000000001,43.0,0.3192666375972674,53,66.29470422250803,127.18960053597291,193.48430475848096,57.3
629,30,10,1.7392969291876268,3.033333333333333,7.993333333333334,10.454000000000008,44.5,24.606666666666666,23.34527391115823,62.266666666666666,6.937787746005318,12.0,8.599999999999998,10.720000000000006,46.5,99.0,69,0.3192666375972674,1.0,7.0000000000000036,10.180000000000001,43.0,0.5769528852977395,53,52.1789078756288,233.4527391115823,285.6316469872111,125.99999999999999
630,29,5,2.0625786010540086,3.0689655172413794,7.982758620689655,10.457241379310348,44.48275862068966,26.051724137931036,55.74998329445757,62.206896551724135,6.937787746005318,12.0,8.599999999999998,10.720000000000006,46.5,98.0,69,0.3192666375972674,1.0,7.0000000000000036,10.180000000000001,43.0,0.7499164722878678,53,59.814779430566254,278.74991647228785,338.5646959028541,39.400000000000006
631,26,8,2.1213832209522043,3.1923076923076925,7.992307692307692,10.443076923076926,44.5,27.51923076923077,45.57530367616415,61.96153846153846,6.937787746005318,12.0,8.599999999999998,10.660000000000005,46.5,97.0,68,0.3192666375972674,1.0,7.0000000000000036,10.180000000000001,43.0,0.8791723488955459,53,55.15596374475731,364.6024294093132,419.75839315407046,70.80000000000001
632,26,8,1.9332732383547322,3.3461538461538463,7.996153846153845,10.440769230769236,44.51923076923077,27.423076923076923,45.00931801387829,61.96153846153846,6.937787746005318,12.0,8.499999999999998,10.660000000000005,46.5,96.0,68,0.3192666375972674,1.0,7.0000000000000036,10.180000000000001,43.0,0.15538528153901887,53,50.26510419722304,360.07454411102634,410.33964830824937,66.3
633,24,8,2.1014318837368013,3.5,8.0,10.445000000000006,44.416666666666664,27.475000000000005,55.71873722712839,62.166666666666664,8.580166027635757,12.0,8.499999999999998,10.660000000000005,46.5,95.0,68,0.3192666375972674,1.0,7.0000000000000036,10.180000000000001,43.0,0.5969601482208099,53,50.434365209683236,445.74989781702715,496.18426302671037,23.9
634,23,11,1.947150307945856,3.5217391304347827,8.01304347826087,10.443478260869572,44.52173913043478,25.760869565217398,47.298767871279374,61.95652173913044,6.937787746005318,12.0,8.599999999999998,10.660000000000005,46.5,94.0,68,0.3192666375972674,1.0,7.0000000000000036,10.180000000000001,43.0,0.15293766880634374,53,44.78445708275469,520.2864465840731,565.0709036668278,0.0
635,24,10,1.7766423156602393,3.4583333333333335,8.037500000000001,10.445000000000007,44.5625,25.520833333333332,59.15484951149534,62.083333333333336,6.937787746005318,12.0,8.599999999999998,10.660000000000005,46.5,93.0,68,0.3192666375972674,1.0,7.0000000000000036,10.180000000000001,43.0,0.5362603767272348,53,42.639415575845746,591.5484951149534,634.1879106907992,0.0
636,20,14,1.744110772107689,3.4,8.070000000000002,10.453000000000007,44.525,23.73,43.82152176311104,62.35,6.937787746005318,12.0,8.599999999999998,10.660000000000005,46.5,92.0,68,0.3192666375972674,1.0,7.0000000000000036,10.240000000000002,43.0,0.012234738226205799,53,34.88221544215378,613.5013046835546,648.3835201257084,24.1
637,21,10,9.730759765020313,3.3333333333333335,8.095238095238095,10.451428571428577,44.57142857142857,23.45714285714286,44.626802865143986,62.476190476190474,90.34065094181808,12.0,8.599999999999998,10.660000000000005,46.5,91.0,68,0.3192666375972674,1.0,7.0000000000000036,10.240000000000002,43.0,0.12092418433052332,53,204.34595506542655,446.26802865143986,650.6139837168664,0.0
638,23,10,7.010291697085889,3.260869565217391,8.126086956521737,10.456521739130439,44.608695652173914,22.2,46.81471044671093,62.56521739130435,45.17032547090904,12.0,8.599999999999998,10.660000000000005,46.5,90.0,68,0.3192666375972674,1.0,7.0000000000000036,10.240000000000002,43.0,3.1471044671093074,53,161.23670903297545,468.14710446710933,629.3838135000848,0.0
639,25,12,7.944798021983158,3.28,8.148,10.458400000000006,44.66,19.416000000000004,34.369327368847294,62.72,77.44844480914873,12.0,8.599999999999998,10.660000000000005,46.5,89.0,68,0.3192666375972674,1.0,7.0000000000000036,10.240000000000002,43.0,0.6385332751945348,53,198.61995054957896,412.43192842616753,611.0518789757465,0.0
640,31,12,4.939115665893117,3.2580645161290325,8.141935483870968,10.462580645161298,44.67741935483871,16.20645161290323,36.747520817420096,63.12903225806452,38.72422240457436,12.0,8.599999999999998,10.660000000000005,46.5,88.0,69,0.3192666375972674,1.0,7.0000000000000036,10.240000000000002,43.0,1.1471044671093074,53,153.1125856426866,440.97024980904115,594.0828354517278,0.0
641,39,12,3.794979726982858,3.1794871794871793,8.135897435897434,10.467692307692317,44.69230769230769,13.751282051282052,39.57463884128219,63.69230769230769,21.74271540950553,12.0,8.699999999999998,10.660000000000005,46.5,87.0,70,0.3192666375972674,1.0,7.0000000000000036,10.240000000000002,43.0,1.0725207534544696,53,148.00420935233146,474.8956660953863,622.8998754477177,75.1
642,42,16,2.9641706964882824,3.1666666666666665,8.026190476190473,10.470000000000011,44.583333333333336,12.069047619047618,33.79929020662137,64.28571428571429,11.29258136772726,12.0,8.699999999999998,10.660000000000005,46.5,86.0,71,0.3736413947768411,1.0,7.0000000000000036,10.360000000000003,42.5,0.07252075345446962,53,124.49516925250785,540.788643305942,665.2838125584498,142.59999999999997
643,43,18,3.3119542367736345,3.13953488372093,8.01860465116279,10.471627906976755,44.56976744186046,13.506976744186048,32.68034732964811,64.62790697674419,39.37364139477684,12.0,8.699999999999998,10.660000000000005,46.5,85.0,71,0.3971621038489487,1.0,7.0000000000000036,10.360000000000003,42.5,0.49456557910736443,53,142.4140321812663,588.2462519336659,730.6602841149322,139.29999999999998
644,47,16,4.752758275160738,2.978723404255319,8.048936170212764,10.465957446808522,44.680851063829785,16.136170212765958,34.53217649038922,64.72340425531915,71.21013195014295,12.0,8.699999999999998,10.660000000000005,47.0,84.0,71,0.4557863354829538,1.0,7.0000000000000036,10.300000000000002,42.5,0.07914499385104179,53,223.37963893255468,552.5148238462275,775.8944627787822,142.6
645,49,19,6.033263580132582,3.1020408163265305,7.983673469387752,10.470204081632666,44.6530612244898,15.271428571428572,22.678612579582488,64.91836734693878,89.93778774600531,12.0,8.699999999999998,10.720000000000006,47.0,71.0,71,0.3397299282735239,1.0,7.0000000000000036,10.300000000000002,42.5,0.35891971309409554,53,295.6299154264965,430.89363901206724,726.5235544385637,212.7
646,56,15,4.715195760901941,3.4285714285714284,7.964285714285714,10.461785714285723,44.598214285714285,13.823214285714288,29.36070201864594,64.78571428571429,44.968893873002656,12.0,8.699999999999998,10.720000000000006,47.0,70.0,72,0.3397299282735239,1.0,7.0000000000000036,10.300000000000002,42.5,1.4115726709659075,53,264.0509626105087,440.4105302796891,704.4614928901979,99.90000000000002
647,69,17,3.920814763513927,3.8260869565217392,7.962318840579713,10.457391304347832,44.54347826086956,12.07391304347826,26.586428030677855,64.53623188405797,66.17465514574917,12.0,8.699999999999998,10.720000000000006,47.0,71.0,72,0.30760657339669406,1.0,7.0000000000000036,10.300000000000002,42.5,0.3397299282735239,53,270.53621868246097,451.9692765215235,722.5054952039845,77.10000000000001
648,77,15,3.4582182706211237,4.298701298701299,7.93896103896104,10.459740259740263,44.493506493506494,11.605194805194804,33.931673174779654,64.11688311688312,33.087327572874585,12.0,8.699999999999998,10.720000000000006,47.0,92.0,72,0.30760657339669406,1.0,7.0000000000000036,10.300000000000002,42.5,0.6794598565470478,53,266.2828068378265,508.9750976216948,775.2579044595213,112.5
649,77,20,3.481545228229433,4.48051948051948,7.936363636363638,10.466753246753248,44.54545454545455,11.95064935064935,31.93142519549023,64.0909090909091,45.621111734125336,13.0,8.799999999999997,10.720000000000006,47.0,91.0,72,0.30760657339669406,1.0,7.0000000000000036,10.300000000000002,42.5,1.0113793586776285,53,268.07898257366634,638.6285039098046,906.707486483471,256.1
650,80,20,3.175616523943174,4.5125,7.953750000000004,10.4695,44.575,12.430000000000001,35.114182041127215,64.225,28.347844400757786,13.0,8.799999999999997,10.720000000000006,47.0,90.0,72,0.30760657339669406,1.0,7.0000000000000036,10.240000000000002,42.5,0.011379358677628515,54,254.0493219154539,702.2836408225443,956.3329627379982,154.00000000000003
651,83,21,3.069821571817392,4.698795180722891,7.93253012048193,10.463373493975906,44.53012048192771,13.28313253012048,34.72882311341875,64.04819277108433,15.863335202375996,13.0,8.799999999999997,10.660000000000005,47.0,89.0,72,0.30760657339669406,1.0,7.0000000000000036,10.240000000000002,42.5,0.28275520606228643,54,254.79519046084351,729.3052853817937,984.1004758426373,141.8
652,86,21,2.712282622988934,4.848837209302325,7.905813953488377,10.461162790697676,44.47093023255814,14.720930232558143,39.970153364366986,63.93023255813954,8.271831893218646,13.0,8.799999999999997,10.660000000000005,47.0,99.0,72,0.30760657339669406,1.0,7.0000000000000036,10.240000000000002,42.5,1.229317268372147,54,233.25630557704832,839.3732206517067,1072.629526228755,237.79999999999998
653,79,28,2.6229482994898077,4.860759493670886,7.95189873417722,10.461012658227851,44.56962025316456,15.86962025316456,30.065727671889395,63.65822784810127,8.271831893218646,13.0,8.799999999999997,10.660000000000005,47.0,98.0,72,0.30760657339669406,1.0,7.0000000000000036,10.240000000000002,42.5,0.2956377651477162,54,207.2129156596948,841.8403748129031,1049.0532904725978,326.59999999999997
654,73,28,3.031243082944689,4.986301369863014,7.931506849315071,10.465205479452058,44.57534246575342,18.17123287671233,32.74234531003176,63.64383561643836,24.347844400757786,13.0,8.799999999999997,10.660000000000005,47.0,97.0,72,0.2942875790163223,1.0,7.0000000000000036,10.240000000000002,42.5,0.30760657339669406,54,221.2807450549623,916.7856686808892,1138.0664137358515,347.9
655,66,33,3.149731284273528,5.46969696969697,7.866666666666667,10.476363636363642,44.484848484848484,16.507575757575758,31.641064101134265,63.36363636363637,12.173922200378893,13.0,8.799999999999997,10.660000000000005,47.0,96.0,72,0.2942875790163223,1.0,7.0000000000000036,10.300000000000002,42.5,0.3397299282735239,54,207.88226476205284,1044.1551153374307,1252.0373800994835,187.79999999999998
656,68,26,5.114212222203139,5.455882352941177,7.876470588235296,10.476470588235301,44.51470588235294,16.47058823529412,34.24144171828303,63.36764705882353,92.83797493516295,13.0,8.799999999999997,10.660000000000005,47.0,95.0,72,0.2942875790163223,1.0,7.0000000000000036,10.300000000000002,42.5,0.7556654220433651,54,347.7664311098134,890.2774846753588,1238.0439157851722,32.5
657,69,25,6.300049266876135,5.521739130434782,7.8565217391304385,10.483478260869571,44.47826086956522,16.02028985507247,33.49814357294511,63.43478260869565,77.45063324688394,13.0,8.699999999999998,10.660000000000005,47.0,94.0,72,0.2942875790163223,1.0,7.0000000000000036,10.300000000000002,42.5,0.4557863354829538,54,434.7033994144533,837.4535893236279,1272.156988738081,81.69999999999999
658,70,24,5.744743855899117,5.5285714285714285,7.84571428571429,10.483428571428576,44.42857142857143,16.15428571428572,39.16256672283237,63.614285714285714,77.45063324688394,13.0,8.699999999999998,10.660000000000005,47.0,93.0,73,0.2942875790163223,1.0,7.0000000000000036,10.300000000000002,42.0,0.8913776030311431,54,402.13206991293816,939.901601347977,1342.033671260915,102.5
659,74,24,6.994152909428296,5.621621621621622,7.7729729729729735,10.480810810810816,44.2972972972973,15.591891891891898,33.72616470800804,64.3108108108108,74.41898746758147,13.0,8.699999999999998,10.660000000000005,47.0,92.0,73,0.2942875790163223,1.0,7.0000000000000036,10.300000000000002,42.0,0.5885751580326446,54,517.5673152976939,809.427952992193,1326.995268289887,107.19999999999999
660,81,20,7.90765083557765,5.481481481481482,7.744444444444447,10.482962962962965,44.23456790123457,15.602469135802474,39.1287738293659,65.03703703703704,82.85131948338284,13.0,8.699999999999998,10.660000000000005,47.0,96.0,73,0.2942875790163223,1.0,7.0000000000000036,10.360000000000003,42.0,0.587217158466796,54,640.5197176817896,782.5754765873179,1423.0951942691077,145.0
661,88,24,5.828032184899924,5.6477272727272725,7.743181818181822,10.481363636363639,44.25568181818182,15.12045454545455,37.24000562021089,64.93181818181819,41.42565974169142,13.0,8.699999999999998,10.720000000000006,47.0,95.0,73,0.2942875790163223,1.0,7.0000000000000036,10.300000000000002,42.0,1.4115726709659075,54,512.8668322711933,893.7601348850613,1406.6269671562545,206.8
662,103,26,4.15165986235742,5.640776699029126,7.78932038834952,10.484660194174754,44.383495145631066,14.139805825242721,34.291159790085004,64.93203883495146,20.71282987084571,13.0,8.699999999999998,10.720000000000006,47.0,94.0,73,0.2942875790163223,1.0,7.0000000000000036,10.300000000000002,42.0,0.5257232919353692,54,427.6209658228142,891.5701545422102,1319.1911203650243,241.00000000000003
663,107,27,4.361745151526516,5.700934579439252,7.814953271028042,10.490093457943921,44.38785046728972,13.728037383177574,29.82291314605691,64.81308411214954,83.85131948338284,13.0,8.699999999999998,10.720000000000006,47.0,93.0,73,0.2942875790163223,1.0,7.0000000000000036,10.300000000000002,42.0,0.7628616459676846,54,466.7067312133372,805.2186549435365,1271.9253861568736,271.20000000000005
664,103,28,5.750857028480057,5.932038834951456,7.776699029126218,10.486990291262135,44.286407766990294,13.845631067961168,22.159929417508526,64.6116504854369,93.05395368519615,13.0,8.699999999999998,10.720000000000006,47.0,87.0,74,0.2942875790163223,1.0,7.0000000000000036,10.300000000000002,41.5,0.7930034939497499,54,592.3382739334459,620.4780236902387,1212.8162976236845,393.5
665,105,27,5.036346727531873,5.9714285714285715,7.760952380952386,10.48685714285714,44.34285714285714,15.640952380952383,23.858160581517314,64.54285714285714,46.526976842598074,13.0,8.699999999999998,10.720000000000006,47.5,86.0,74,0.2942875790163223,1.0,7.0000000000000036,10.240000000000002,41.5,0.5217402750473616,54,528.8164063908466,644.1703357009675,1172.986742091814,398.5
666,106,22,6.146712416902546,5.943396226415095,7.778301886792458,10.490188679245284,44.37735849056604,15.846226415094346,22.935343440209508,64.5754716981132,85.70578633548295,13.0,8.699999999999998,10.720000000000006,47.5,84.0,74,0.3132759751615923,1.0,7.0000000000000036,10.240000000000002,41.5,0.2942875790163223,54,651.5515161916699,504.57755568460914,1156.1290718762789,238.5
667,115,17,5.914386366254312,6.017391304347826,7.772173913043483,10.49252173913044,44.36086956521739,15.793913043478263,24.83122446487576,64.55652173913043,95.51698949332616,13.0,8.799999999999997,10.720000000000006,47.5,66.0,74,0.3132759751615923,1.0,7.0000000000000036,10.240000000000002,41.5,0.04348055009472329,54,680.1544321192458,422.1308159028879,1102.2852480221336,204.3
668,121,20,5.004041353445807,6.074380165289257,7.786776859504137,10.49537190082645,44.40909090909091,15.24380165289256,26.320940351081397,64.52066115702479,47.75849474666308,14.0,8.799999999999997,10.720000000000006,47.5,67.0,74,0.3132759751615923,1.0,7.0000000000000036,10.240000000000002,41.5,0.5402418964205649,54,605.4890037669426,526.4188070216279,1131.9078107885705,322.6
669,124,20,5.794939752873033,6.217741935483871,7.775806451612908,10.489677419354841,44.391129032258064,15.912903225806453,17.671497721444332,64.63709677419355,69.45448949332616,14.0,8.899999999999997,10.720000000000006,47.5,64.0,74,0.2501206646364367,1.0,7.0000000000000036,10.240000000000002,41.5,0.5002413292728733,54,718.572529356256,353.4299544288866,1072.0024837851427,481.20000000000005
670,126,20,5.161905764075873,6.2936507936507935,7.7904761904761965,10.49380952380953,44.42460317460318,16.73333333333333,20.789019869890133,64.77777777777777,34.72724474666308,14.0,8.899999999999997,10.720000000000006,47.5,72.0,74,0.2501206646364367,1.0,7.0000000000000036,10.240000000000002,41.5,1.450593358361921,54,650.40012627356,415.7803973978027,1066.1805236713626,430.4
671,123,23,4.438536415580637,6.154471544715447,7.810569105691063,10.498536585365859,44.45528455284553,17.33170731707317,21.103643394534647,65.0569105691057,17.36362237333154,14.0,8.899999999999997,10.720000000000006,47.5,71.0,74,0.3595896221813008,1.0,7.0000000000000036,10.240000000000002,41.5,0.45059335836192105,54,545.9399791164183,485.38379807429686,1031.3237771907152,444.2
672,122,26,4.668995023822708,6.295081967213115,7.783606557377053,10.505081967213117,44.47540983606557,17.068852459016398,22.180847613325927,65.09836065573771,35.46394799025772,14.0,8.899999999999997,10.780000000000006,47.5,98.0,74,0.4506207801292738,1.0,7.0000000000000036,10.240000000000002,41.5,0.3595896221813008,54,569.6173929063704,576.7020379464741,1146.3194308528446,336.70000000000005
673,112,31,4.847730122414994,5.901785714285714,7.841071428571435,10.513750000000002,44.66517857142857,16.673214285714288,18.254028451728953,65.91071428571429,46.40760876719046,14.0,8.899999999999997,10.780000000000006,48.0,97.0,74,0.4506207801292738,1.0,7.0000000000000036,10.300000000000002,41.5,0.4539680263311898,54,542.9457737104793,565.8748820035976,1108.820655714077,476.2000000000001
674,107,35,4.475440014891811,5.91588785046729,7.828037383177573,10.51196261682243,44.6588785046729,17.760747663551403,17.270598606328342,66.17757009345794,23.20380438359523,14.0,8.899999999999997,10.780000000000006,48.0,96.0,74,0.5516655182965171,1.0,7.0000000000000036,10.300000000000002,41.5,0.4506207801292738,54,478.87208159342384,604.470951221492,1083.343032814916,431.1000000000001
675,113,26,4.718443455820048,5.610619469026549,7.855752212389384,10.511858407079645,44.73451327433628,17.20796460176991,22.16367496811734,66.46902654867256,61.48283228896512,14.0,8.899999999999997,10.780000000000006,48.0,95.0,74,0.5516655182965171,1.0,7.0000000000000036,10.300000000000002,41.5,0.933794713218245,54,533.1841105076654,576.2555491710509,1109.4396596787165,181.10000000000005
676,119,28,4.792886660350066,5.53781512605042,7.836134453781519,10.5127731092437,44.705882352941174,15.724369747899162,21.091636747053776,66.84873949579831,48.900475547949405,14.0,8.899999999999997,10.780000000000006,48.0,94.0,75,0.5516655182965171,1.0,7.0000000000000036,10.300000000000002,41.5,0.055123866978063596,54,570.3535125816579,590.5658289175058,1160.9193414991637,223.50000000000003
677,121,24,5.238017340255755,5.570247933884297,7.854545454545461,10.515206611570253,44.72727272727273,16.149586776859508,25.689694618942664,66.91735537190083,58.50951095898807,14.0,8.899999999999997,10.780000000000006,48.0,93.0,76,0.5834010181952096,1.0,7.0000000000000036,10.300000000000002,41.5,0.6265519503231846,54,633.8000981709464,616.5526708546239,1250.3527690255703,322.80000000000007
678,121,24,5.545398991626811,5.43801652892562,7.863636363636372,10.517190082644632,44.752066115702476,15.561983471074383,21.038478065707984,67.24793388429752,97.62111173412534,14.0,8.899999999999997,10.780000000000006,48.0,79.0,76,0.5834010181952096,1.0,7.0000000000000036,10.240000000000002,41.5,1.3391529114919212,54,670.9932779868442,504.9234735769916,1175.9167515638358,377.40000000000003
679,129,22,4.833690306840039,5.294573643410852,7.867441860465124,10.519999999999998,44.78294573643411,16.98914728682171,24.317122169701953,67.62015503875969,48.81055586706267,14.0,8.899999999999997,10.780000000000006,48.0,78.0,76,0.5834010181952096,1.0,6.900000000000004,10.240000000000002,41.5,0.33915291149192117,54,623.5460495823651,534.976687733443,1158.5227373158082,453.50000000000006
680,130,30,4.219495343976623,5.3076923076923075,7.896923076923083,10.524307692307689,44.9,15.95,18.721290909660457,67.37692307692308,38.097760879136494,14.0,8.899999999999997,10.780000000000006,48.0,77.0,76,0.5834010181952096,1.0,6.900000000000004,10.240000000000002,41.5,0.4502377739747019,54,548.5343947169611,561.6387272898137,1110.1731220067747,495.1000000000001
681,125,32,3.915987691151964,5.472,7.930400000000005,10.528,45.008,14.541599999999999,20.919360971134463,67.368,48.481414935422855,15.0,8.899999999999997,10.780000000000006,48.0,76.0,77,0.5834010181952096,1.0,6.900000000000004,10.240000000000002,41.5,0.7587293672378816,54,489.4984613939955,669.4195510763028,1158.9180124702984,414.00000000000006
682,127,31,4.344419298638935,5.669291338582677,7.914960629921264,10.523464566929135,44.95275590551181,13.855118110236221,20.201251128647,66.98425196850394,57.85730608478807,15.0,8.899999999999997,10.780000000000006,48.0,75.0,77,0.44728987422379973,1.0,6.900000000000004,10.240000000000002,41.5,0.8403071699528124,54,551.7412509271447,626.2387849880571,1177.9800359152018,332.7
683,129,26,4.346074876707871,5.542635658914729,7.944186046511631,10.527906976744188,44.992248062015506,13.775193798449612,21.011953422385982,67.21705426356588,75.7950410437915,15.0,8.899999999999997,10.840000000000007,48.0,74.0,77,0.44728987422379973,1.0,6.900000000000004,10.240000000000002,41.5,0.4192549447330072,54,560.6436590953155,546.3107889820355,1106.9544480773511,302.4
684,136,21,3.8510631217180977,5.522058823529412,7.9419117647058854,10.532058823529413,45.044117647058826,15.627941176470593,24.36515129514689,67.26470588235294,37.89752052189575,15.0,8.899999999999997,10.840000000000007,48.5,73.0,77,0.44728987422379973,1.0,6.900000000000004,10.180000000000001,41.5,0.23524530034305258,54,523.7445845536613,511.6681771980847,1035.412761751746,394.40000000000003
685,138,23,3.4881929131175573,5.253623188405797,7.97608695652174,10.539130434782606,45.231884057971016,17.041304347826085,21.884142672051933,67.68840579710145,73.71429081514962,15.0,8.899999999999997,10.900000000000007,48.5,69.0,77,0.44728987422379973,1.0,6.900000000000004,10.180000000000001,42.0,1.0,54,481.3706220102229,503.33528145719447,984.7059034674173,595.9000000000001
686,131,25,3.68907232082895,5.213740458015267,8.037404580152675,10.543664122137404,45.39312977099237,16.45725190839696,18.045340048881236,67.6412213740458,46.37190065236969,15.0,8.899999999999997,10.900000000000007,48.5,68.0,77,0.44728987422379973,1.0,6.900000000000004,10.180000000000001,42.0,0.8573060847880701,54,483.26847402859244,451.1335012220309,934.4019752506233,371.40000000000003
687,129,20,4.452459515076373,5.178294573643411,8.014728682170547,10.54790697674419,45.406976744186046,17.945736434108536,15.810433977796759,67.78294573643412,66.6076276638998,15.0,8.899999999999997,10.900000000000007,48.5,67.0,77,0.5834010181952096,1.0,6.900000000000004,10.180000000000001,42.0,0.7146121695761403,54,574.3672774448521,316.2086795559352,890.5759570007873,420.4
688,126,22,4.212304292031223,5.253968253968254,8.02698412698413,10.549047619047622,45.45634920634921,18.838095238095242,13.741190727265804,68.03174603174604,46.37190065236969,15.0,8.899999999999997,10.900000000000007,48.5,66.0,78,0.30911234277974964,1.0,6.900000000000004,10.180000000000001,42.0,0.29239411393649006,54,530.7503407959341,302.3061959998477,833.0565367957818,578.8000000000001
689,123,23,4.231334517943416,5.219512195121951,8.050406504065043,10.551219512195122,45.5650406504065,18.38617886178862,11.443759729117632,68.04065040650407,66.97215008404504,15.0,8.899999999999997,10.900000000000007,48.5,58.0,79,0.30911234277974964,1.0,6.900000000000004,10.180000000000001,42.0,0.84267701806032,54,520.4541457070401,263.20647376970555,783.6606194767456,433.09999999999997
690,121,23,4.04745566811383,5.082644628099174,8.057851239669427,10.555867768595041,45.66942148760331,17.56776859504133,11.038239310929793,68.11570247933884,66.97215008404504,15.0,8.899999999999997,10.900000000000007,48.5,57.0,79,0.30911234277974964,1.0,6.900000000000004,10.180000000000001,42.0,0.30836216957614027,55,489.7421358417735,253.87950415138522,743.6216399931587,312.09999999999997
691,116,27,3.9680925920760632,5.086206896551724,8.06120689655173,10.560689655172416,45.668103448275865,17.471551724137935,12.023021265786406,68.25862068965517,66.97215008404504,15.0,8.899999999999997,10.900000000000007,48.5,69.0,79,0.30911234277974964,1.0,6.900000000000004,10.240000000000002,42.0,0.2990536145399476,55,460.29874068082336,324.62157417623297,784.9203148570564,237.0
692,115,20,3.943835678793496,4.886956521739131,8.072173913043482,10.564521739130436,45.7304347826087,19.635652173913048,15.074783257600547,68.68695652173913,66.97215008404504,15.0,8.899999999999997,10.900000000000007,48.5,68.0,79,0.30911234277974964,1.0,6.900000000000004,10.240000000000002,42.0,0.05246524593330015,55,453.54110306125204,301.49566515201093,755.036768213263,326.6
693,112,17,3.509717596606466,4.928571428571429,8.066964285714292,10.56089285714286,45.70982142857143,21.611607142857135,19.0156979900302,68.69642857142857,33.48607504202252,15.0,8.999999999999996,10.900000000000007,48.5,67.0,79,0.30911234277974964,1.0,6.900000000000004,10.240000000000002,42.0,1.1782074677114274,55,393.0883708199242,323.26686583051344,716.3552366504376,344.8
694,108,21,3.7192373649500214,4.814814814814815,8.076851851851856,10.561111111111112,45.726851851851855,22.53518518518519,13.03608998632196,68.75,54.16788106319161,15.0,8.999999999999996,10.900000000000007,48.5,66.0,79,0.32709054239403507,1.0,6.900000000000004,10.240000000000002,42.0,0.17820746771142737,55,401.6776354146023,273.75788971276114,675.4355251273635,472.5
695,97,26,3.274931424893577,4.938144329896907,8.03298969072165,10.568453608247426,45.649484536082475,22.280412371134027,12.39323508840739,68.84536082474227,19.57144514923629,15.0,8.999999999999996,10.900000000000007,48.5,65.0,79,0.5758928969933564,1.0,6.900000000000004,10.300000000000002,42.0,0.5589156570458351,55,317.66834821467694,322.22411229859216,639.892460513269,447.7
696,89,29,3.5711764593945383,4.741573033707865,8.070786516853934,10.56898876404495,45.668539325842694,22.067415730337082,11.310359964612992,69.41573033707866,53.82206214797968,15.0,8.999999999999996,10.900000000000007,48.5,64.0,79,0.6182246855594993,1.0,6.900000000000004,10.300000000000002,42.0,0.42424475652848304,55,317.8347048861139,328.0004389737768,645.8351438598906,406.7
697,80,28,4.7165253464084635,4.5875,8.062500000000002,10.571500000000006,45.63125,21.09125000000001,13.08764057827066,69.2375,54.94737911874748,15.0,8.999999999999996,10.900000000000007,48.5,77.0,78,0.6182246855594993,1.0,6.900000000000004,10.300000000000002,42.0,0.3394216033238546,55,377.3220277126771,366.45393619157846,743.7759639042556,312.99999999999994
698,82,23,4.860147812382112,4.536585365853658,8.08780487804878,10.5729268292683,45.640243902439025,20.886585365853662,16.56931916390551,69.3048780487805,66.0036883500845,15.0,8.999999999999996,10.900000000000007,48.5,76.0,78,0.55838435400566,1.0,6.900000000000004,10.300000000000002,42.0,0.4991219265352189,55,398.5321206153332,381.0943407698268,779.6264613851599,215.5
699,77,26,4.3395050489165845,4.584415584415584,8.145454545454546,10.578181818181822,45.70779220779221,19.21688311688312,15.42575236800914,69.77922077922078,42.20911312583953,15.0,8.999999999999996,10.900000000000007,48.5,75.0,79,0.55838435400566,1.0,6.900000000000004,10.300000000000002,42.0,0.27919217700283,55,334.141888766577,401.06956156823765,735.2114503348146,344.8
700,82,20,4.982567875836997,4.390243902439025,8.243902439024392,10.572195121951227,45.78658536585366,16.3609756097561,13.72967206214438,70.01219512195122,68.61976998038375,15.0,8.999999999999996,10.900000000000007,48.5,74.0,79,0.27919217700283,1.0,6.900000000000004,10.300000000000002,42.0,0.6182246855594993,55,408.5705658186338,274.5934412428876,683.1640070615214,106.70000000000002
701,90,12,4.966350978850468,4.322222222222222,8.254444444444445,10.568666666666669,45.855555555555554,15.89777777777778,23.511472603277895,70.13333333333334,74.3796055180711,15.0,8.999999999999996,10.900000000000007,48.5,63.0,79,0.27919217700283,1.0,6.900000000000004,10.300000000000002,42.0,0.10755602711980217,55,446.97158809654206,282.13767123933474,729.1092593358768,124.39999999999998
702,98,13,4.3482488371401065,4.112244897959184,8.321428571428573,10.560816326530615,46.066326530612244,15.475510204081631,25.853959406021204,70.61224489795919,64.7592110361422,15.0,8.999999999999996,10.900000000000007,48.5,91.0,80,0.27919217700283,1.0,6.900000000000004,10.300000000000002,42.0,0.8731335045240549,56,426.12838603973046,336.10147227827565,762.2298583180061,266.4
703,103,14,4.108304542342452,4.106796116504855,8.350485436893203,10.557475728155342,46.15533980582524,15.333009708737865,21.45555855986642,70.9126213592233,64.7592110361422,15.0,8.999999999999996,10.900000000000007,48.5,90.0,80,0.27919217700283,1.0,6.900000000000004,10.300000000000002,42.0,0.6541810847880701,56,423.1553678612726,300.3778198381299,723.5331876994026,372.7999999999999
704,112,13,3.7957833084078882,4.0625,8.389285714285714,10.563035714285716,46.285714285714285,14.833035714285714,21.772864242442225,71.0,64.7592110361422,15.0,8.999999999999996,10.900000000000007,48.5,89.0,80,0.27919217700283,1.0,6.900000000000004,10.300000000000002,42.0,0.31397857940583984,56,425.1277305416835,283.0472351517489,708.1749656934323,243.29999999999995
705,115,13,3.1908235511475613,4.113043478260869,8.37217391304348,10.56765217391305,46.2695652173913,14.615652173913041,27.5557875188238,71.01739130434783,64.7592110361422,15.0,8.999999999999996,10.900000000000007,48.5,88.0,80,0.27919217700283,1.0,6.800000000000004,10.300000000000002,42.0,0.3149564070237121,56,366.9447083819696,358.2252377447094,725.169946126679,231.99999999999994
706,114,16,3.007880902290523,3.9649122807017543,8.369298245614035,10.572105263157894,46.28508771929825,16.01491228070175,21.36862443473182,71.28070175438596,32.3796055180711,15.0,8.999999999999996,10.900000000000007,48.5,87.0,80,0.27919217700283,1.0,6.800000000000004,10.300000000000002,42.0,1.0928796901264075,56,342.8984228611196,341.89799095570913,684.7964138168288,511.59999999999985
707,115,12,2.909802541670008,3.9304347826086956,8.381739130434786,10.57495652173913,46.32608695652174,17.932173913043474,27.172436172694862,71.41739130434783,32.3796055180711,15.0,8.999999999999996,10.960000000000008,48.5,86.0,80,0.27919217700283,1.0,6.800000000000004,10.300000000000002,42.0,1.5928796901264075,56,334.6272922920509,326.06923407233836,660.6965263643892,330.49999999999994
708,111,17,3.861059061841556,3.918918918918919,8.384684684684686,10.581081081081086,46.328828828828826,19.745945945945945,12.609559864319063,71.56756756756756,62.401001589270045,15.0,8.999999999999996,10.960000000000008,48.5,85.0,80,0.27919217700283,1.0,6.800000000000004,10.300000000000002,42.0,0.3297586962956213,56,428.5775558644127,214.36251769342408,642.9400735578367,529.5999999999999
709,101,23,3.4639466736950943,4.03960396039604,8.340594059405941,10.580396039603963,46.23267326732673,18.573267326732672,10.536208150344105,71.22772277227723,31.200500794635023,14.0,8.999999999999996,10.960000000000008,48.5,84.0,80,0.2947689491815116,1.0,6.800000000000004,10.300000000000002,42.0,0.1279082931184674,56,349.8586140432045,242.33278745791443,592.1914015011189,385.4999999999999
710,98,19,3.913471563187539,4.214285714285714,8.312244897959184,10.586530612244898,46.142857142857146,17.613265306122447,16.10645903231234,70.79591836734694,45.86733551021388,14.0,8.999999999999996,10.960000000000008,48.5,96.0,80,0.2947689491815116,1.0,6.800000000000004,10.300000000000002,42.0,0.27255747060734253,56,383.52021319237883,306.0227216139345,689.5429348063133,261.4
711,102,13,4.26461529240865,4.215686274509804,8.304901960784315,10.582941176470591,46.07843137254902,16.92549019607843,15.916856096591992,70.91176470588235,82.81548731849284,14.0,8.999999999999996,10.960000000000008,49.0,95.0,80,0.2947689491815116,1.0,6.800000000000004,10.240000000000002,42.0,0.42885382624904533,57,434.99075982568235,206.9191292556959,641.9098890813782,231.29999999999998
712,107,8,4.323106424569226,4.158878504672897,8.321495327102804,10.5814953271028,46.13551401869159,17.371028037383176,18.974030467356048,71.1214953271028,82.81548731849284,14.0,8.999999999999996,10.960000000000008,49.0,94.0,80,0.2947689491815116,1.0,6.800000000000004,10.240000000000002,42.0,0.8409697210621825,57,462.57238742890723,151.79224373884838,614.3646311677556,252.29999999999995
713,106,12,4.016216259702545,4.122641509433962,8.314150943396227,10.572264150943395,46.12264150943396,17.658490566037738,13.544636383048704,71.24528301886792,82.81548731849284,14.0,8.999999999999996,10.960000000000008,49.0,93.0,80,0.2947689491815116,1.0,6.800000000000004,10.240000000000002,42.0,0.3535085232646429,57,425.71892352846976,162.53563659658445,588.2545601250542,330.29999999999995
714,99,12,3.9562043865065135,4.212121212121212,8.316161616161615,10.573939393939396,46.111111111111114,19.05858585858586,13.27838446903091,71.25252525252525,45.86733551021388,14.0,8.999999999999996,10.960000000000008,49.0,92.0,80,0.30891281922919794,1.0,6.800000000000004,10.240000000000002,42.0,0.55838435400566,57,391.66423426414485,159.3406136283709,551.0048478925157,381.69999999999993
715,95,17,3.824998836551358,4.178947368421053,8.317894736842106,10.576000000000006,46.07368421052632,19.500000000000004,8.854033363505364,71.36842105263158,41.40774365924642,14.0,8.999999999999996,10.960000000000008,49.0,91.0,79,0.30891281922919794,1.0,6.800000000000004,10.240000000000002,42.0,0.12165191522840857,57,363.374889472379,150.51856717959117,513.8934566519702,344.19999999999993
716,100,10,3.4568739855793695,4.07,8.312999999999995,10.573000000000002,46.04,20.708000000000002,16.160183950811618,71.43,41.40774365924642,14.0,8.999999999999996,10.960000000000008,49.0,90.0,79,0.2836825115363731,1.0,6.800000000000004,10.240000000000002,42.0,0.11342181123081918,57,345.68739855793694,161.60183950811617,507.28923806605314,277.59999999999997
717,97,15,3.678125619928982,4.195876288659794,8.270103092783502,10.568453608247426,45.95876288659794,19.6360824742268,8.62980831270316,71.23711340206185,89.82977136397017,14.0,8.999999999999996,10.960000000000008,49.0,41.40774365924642,79,0.2836825115363731,1.0,6.800000000000004,10.240000000000002,42.0,0.3670645189288217,57,356.77818513311126,129.4471246905474,486.2253098236587,405.79999999999995
718,90,17,3.879421956943548,4.011111111111111,8.242222222222221,10.577333333333339,46.05,20.562222222222214,5.719451395759454,71.22222222222223,44.91488568198508,14.0,8.999999999999996,10.960000000000008,49.0,30.0,79,0.2836825115363731,1.0,6.800000000000004,10.240000000000002,42.0,0.03763863558380587,57,349.14797612491935,97.23067372791071,446.37864985283005,416.9999999999999
719,92,17,3.244254473656889,3.880434782608696,8.211956521739127,10.581086956521746,46.15217391304348,19.339130434782604,7.942902000771193,71.47826086956522,22.45744284099254,14.0,8.999999999999996,10.960000000000008,49.0,39.0,79,0.25834231252030143,1.0,6.800000000000004,10.240000000000002,42.0,0.017393253458235947,57,298.4714115764338,135.0293340131103,433.50074558954407,268.09999999999997
720,93,17,2.8351365033525666,3.5376344086021505,8.233333333333334,10.57870967741936,46.24731182795699,18.182795698924732,7.831617969262321,72.08602150537635,21.49786381897466,14.0,8.999999999999996,10.960000000000008,49.0,38.0,79,0.25834231252030143,1.0,6.800000000000004,10.240000000000002,42.0,0.023725344879443888,59,263.6676948117887,133.13750547745946,396.80520028924815,310.4
721,96,11,2.4884955401282007,3.65625,8.190624999999999,10.574375000000005,46.234375,18.61145833333334,11.546737575029114,71.96875,16.620953121855173,14.0,8.999999999999996,10.960000000000008,49.0,37.0,79,0.25834231252030143,1.0,6.800000000000004,10.240000000000002,42.0,0.7341290378576434,59,238.89557185230726,127.01411332532027,365.9096851776275,290.2
722,90,18,2.85082458455237,3.477777777777778,8.176666666666666,10.577333333333335,46.34444444444444,18.40777777777778,9.073813775641888,71.97777777777777,37.36070097993938,14.0,8.999999999999996,10.960000000000008,49.0,76.0,79,0.25834231252030143,1.0,6.800000000000004,10.240000000000002,42.0,0.35089754439050846,59,256.5742126097133,163.328647961554,419.9028605712673,426.99999999999994
723,94,11,2.7177937408591877,3.3297872340425534,8.168085106382977,10.578297872340428,46.37234042553192,18.317021276595746,20.489956185036277,72.17021276595744,18.68035048996969,14.0,8.999999999999996,10.960000000000008,49.0,95.0,79,0.25834231252030143,1.0,6.800000000000004,10.240000000000002,42.0,0.45680705120182497,59,255.47261164076366,225.38951803539905,480.8621296761627,138.1
724,83,21,3.4851960411213336,3.2289156626506026,8.090361445783133,10.585542168674706,46.44578313253012,18.02650602409639,11.377787697490717,72.1566265060241,77.40006259932937,14.0,8.999999999999996,11.020000000000008,48.5,94.0,78,0.25834231252030143,1.0,6.800000000000004,10.240000000000002,42.0,0.46828337613101373,59,289.2712714130707,238.93354164730508,528.2048130603757,465.19999999999993
725,83,21,2.865018846063436,3.2048192771084336,8.074698795180723,10.584096385542177,46.506024096385545,17.904819277108434,12.333272223138428,72.3855421686747,38.70003129966469,14.0,8.999999999999996,11.020000000000008,48.5,93.0,79,0.25834231252030143,1.0,6.800000000000004,10.240000000000002,42.0,0.39272883799887204,59,237.79656422326516,258.99871668590697,496.7952809091721,260.9
726,87,19,3.354614921649767,3.4367816091954024,8.081609195402297,10.583448275862075,46.4367816091954,18.529885057471265,11.777690263789914,72.34482758620689,98.80012519865876,14.0,8.999999999999996,11.020000000000008,48.5,65.0,79,0.25834231252030143,1.0,6.700000000000005,10.240000000000002,42.0,0.19078523615599163,59,291.8514981835297,223.77611501200838,515.6276131955381,312.99999999999994
727,80,24,2.917496518358314,3.75,8.001249999999997,10.587250000000008,46.41875,17.73125,13.910608411715563,71.8625,49.40006259932938,14.0,8.999999999999996,11.020000000000008,48.5,99.0,79,0.25834231252030143,1.0,6.700000000000005,10.240000000000002,42.0,0.30718782262881106,59,233.39972146866512,333.8546018811735,567.2543233498386,355.8
728,83,16,2.86131162992021,3.9156626506024095,7.967469879518073,10.577590361445786,46.325301204819276,19.52289156626506,22.275639681899452,71.63855421686748,26.67500782491617,14.0,8.999999999999996,11.020000000000008,48.5,98.0,79,0.25834231252030143,1.0,6.700000000000005,10.240000000000002,42.0,0.04385408946720459,59,237.48886528337744,356.41023491039124,593.8991001937686,280.7
729,76,20,2.902712839096002,4.421052631578948,7.94342105263158,10.565263157894742,46.13157894736842,19.76315789473684,17.026436413904243,71.17105263157895,15.403590177562034,14.0,8.999999999999996,11.020000000000008,48.5,97.0,79,0.25834231252030143,1.0,6.700000000000005,10.240000000000002,42.0,0.28378733086880015,59,220.60617577129617,340.5287282780848,561.134904049381,499.8
730,70,22,2.7875812935045743,4.571428571428571,7.9571428571428555,10.556285714285721,46.042857142857144,18.764285714285716,15.22511687318388,71.17142857142858,12.350015649832345,14.0,8.999999999999996,11.020000000000008,48.5,96.0,79,0.25834231252030143,1.0,6.700000000000005,10.240000000000002,42.0,0.28769609460085555,59,195.1306905453202,334.9525712100454,530.0832617553656,313.0
731,73,15,2.5196758529080236,4.260273972602739,7.949315068493152,10.554794520547953,46.17123287671233,18.135616438356163,22.26503764330156,71.6986301369863,12.350015649832345,14.0,8.999999999999996,11.020000000000008,49.0,95.0,79,0.2848162599327437,1.0,6.700000000000005,10.240000000000002,42.0,0.25834231252030143,59,183.93633726228572,333.9755646495234,517.9119019118091,205.3
732,71,14,4.1157838949048875,4.084507042253521,7.933802816901406,10.55690140845071,46.274647887323944,19.008450704225346,14.94572258101223,72.11267605633803,70.9633845192671,14.0,8.899999999999997,11.020000000000008,49.0,94.0,79,0.2848162599327437,1.0,6.700000000000005,10.240000000000002,42.0,0.2875078380103189,59,292.220656538247,209.24011613417122,501.4607726724182,262.7
733,61,20,3.8574629732224968,3.557377049180328,7.944262295081968,10.54590163934427,46.442622950819676,18.14590163934426,11.91490619263892,72.65573770491804,70.9633845192671,14.0,8.899999999999997,11.020000000000008,49.0,93.0,79,0.28951947487864405,1.0,6.700000000000005,10.240000000000002,42.5,0.2848162599327437,59,235.3052413665723,238.2981238527784,473.6033652193507,259.0
734,62,15,3.7311869379881735,3.661290322580645,7.956451612903226,10.553548387096782,46.46774193548387,17.129032258064516,15.332054625694727,72.66129032258064,70.9633845192671,14.0,8.799999999999997,11.020000000000008,49.0,92.0,79,0.26806227440816993,1.0,6.700000000000005,10.240000000000002,42.5,0.052692633171525394,59,231.33359015526676,229.98081938542092,461.3144095406877,117.4
735,65,13,3.3584772346156115,3.7384615384615385,7.953846153846154,10.55107692307693,46.39230769230769,17.530769230769234,17.89496494573228,72.63076923076923,70.9633845192671,14.0,8.799999999999997,11.020000000000008,49.0,91.0,79,0.26806227440816993,1.0,6.700000000000005,10.240000000000002,42.5,0.2459145656969668,59,218.30102025001474,232.63454429451963,450.9355645445344,121.39999999999999
736,64,16,3.1865524288705513,3.609375,7.9624999999999995,10.561562500000008,46.421875,17.796875000000007,18.115347641680422,72.859375,70.9633845192671,14.0,8.799999999999997,11.020000000000008,49.0,90.0,80,0.26806227440816993,1.0,6.700000000000005,10.240000000000002,42.5,0.8080408151496272,59,203.9393554477153,289.84556226688676,493.78491771460205,192.1
737,63,14,2.9903348905978384,3.4285714285714284,7.9587301587301615,10.564761904761912,46.507936507936506,17.741269841269844,24.454611631314297,73.17460317460318,35.48169225963355,14.0,8.799999999999997,11.020000000000008,49.0,89.0,80,0.26806227440816993,1.0,6.700000000000005,10.240000000000002,43.0,0.1552382804637933,60,188.39109810766382,342.36456283840016,530.7556609460639,118.7
738,66,12,2.73104756539857,3.484848484848485,7.9424242424242415,10.560909090909098,46.46969696969697,18.609090909090913,33.31703074756564,73.21212121212122,17.740846129816774,14.0,8.799999999999997,11.020000000000008,49.0,88.0,80,0.26806227440816993,1.0,6.700000000000005,10.240000000000002,43.0,1.4035901775620339,60,180.24913931630562,399.80436897078766,580.0535082870933,159.4
739,69,11,3.809264743952516,3.260869565217391,7.956521739130435,10.56869565217392,46.492753623188406,19.847826086956523,26.453654411527307,73.6086956521739,88.92544877219525,14.0,8.799999999999997,11.020000000000008,49.0,78.0,80,0.26806227440816993,1.0,6.700000000000005,10.240000000000002,43.0,0.40359017756203386,60,262.8392673327236,290.9901985268004,553.8294658595239,191.1
740,67,15,4.399978288291879,3.328358208955224,7.929850746268658,10.586567164179112,46.57462686567164,19.385074626865674,14.362470741951936,73.55223880597015,78.1675219056231,14.0,8.799999999999997,11.020000000000008,49.0,69.0,80,0.26806227440816993,1.0,6.700000000000005,10.240000000000002,43.0,0.31474013828228503,60,294.7985453155559,215.43706112927904,510.23560644483496,268.7
741,66,16,3.475877784300279,3.212121212121212,7.906060606060607,10.57363636363637,46.61363636363637,17.457575757575757,14.11471903922644,73.6969696969697,39.08376095281155,14.0,8.799999999999997,11.020000000000008,49.0,68.0,80,0.25487266183145524,1.0,6.700000000000005,10.240000000000002,43.0,0.5361245488163399,60,229.40793376381842,225.83550462762304,455.2434383914415,208.7
742,64,16,4.307499592523666,3.375,7.917187499999998,10.582187500000005,46.6875,15.390625,14.513298270590447,73.8125,49.26806227440817,14.0,8.799999999999997,11.020000000000008,49.5,91.0,80,0.25487266183145524,1.0,6.700000000000005,10.240000000000002,43.0,0.1392650397309747,60,275.6799739215146,232.21277232944715,507.89274625096175,136.0
743,67,10,3.66998633422792,3.3582089552238807,7.920895522388057,10.61074626865672,46.78358208955224,15.077611940298505,21.706488948304155,73.91044776119404,24.634031137204087,14.0,8.899999999999997,11.020000000000008,49.5,90.0,81,0.25487266183145524,1.0,6.700000000000005,10.240000000000002,43.0,0.2684251728528563,60,245.88908439327065,217.06488948304155,462.9539738763122,187.00000000000003
744,75,9,2.755542889927685,3.3466666666666667,7.955999999999998,10.633600000000008,46.86,14.030666666666667,24.45750097368896,74.41333333333333,19.541880476405776,14.0,8.899999999999997,11.080000000000009,49.5,89.0,82,0.25487266183145524,1.0,6.600000000000005,10.240000000000002,43.0,0.3583385586735459,60,206.66571674457637,220.11750876320062,426.783225507777,203.60000000000002
745,79,9,2.336261495847482,3.1265822784810124,8.010126582278481,10.651645569620257,46.88607594936709,14.765822784810126,24.80490566686697,74.84810126582279,19.70940238202888,14.0,8.899999999999997,11.080000000000009,49.5,88.0,82,0.25487266183145524,1.0,6.600000000000005,10.240000000000002,43.0,0.6269242876519878,60,184.5646581719511,223.24415100180272,407.80880917375384,217.8
746,81,12,2.71328530080146,3.0123456790123457,8.02962962962963,10.67407407407408,46.96913580246913,13.945679012345678,13.728404783944969,75.1604938271605,65.7789202741311,14.0,8.899999999999997,11.080000000000009,49.5,87.0,82,0.25487266183145524,1.0,6.600000000000005,10.240000000000002,43.0,0.3874412215221761,60,219.77610936491826,164.74085740733963,384.5169667722579,197.70000000000002
747,84,9,2.228695480403246,2.9047619047619047,8.015476190476194,10.66928571428572,47.041666666666664,15.98095238095238,17.87302090403534,75.39285714285714,32.88946013706555,14.0,8.899999999999997,11.080000000000009,49.5,86.0,82,0.25487266183145524,1.0,6.600000000000005,10.240000000000002,43.0,0.15470836119016274,61,187.21042035387268,160.85718813631806,348.06760849019076,240.0
748,82,6,3.1326468925857562,2.7195121951219514,8.048780487804883,10.6819512195122,47.19512195121951,18.385365853658527,11.836294707860121,75.85365853658537,86.80718035512407,13.0,8.899999999999997,11.080000000000009,50.0,47.0,82,0.25487266183145524,1.0,6.600000000000005,10.240000000000002,43.0,0.9844415291247284,61,256.877045192032,71.01776824716073,327.8948134391928,356.90000000000003
749,79,9,2.7896672138186935,2.7974683544303796,8.055696202531651,10.682025316455704,47.22784810126582,19.99873417721519,7.955833543927095,76.0253164556962,43.40359017756204,13.0,8.899999999999997,11.080000000000009,50.0,46.0,82,0.25487266183145524,1.0,6.600000000000005,10.240000000000002,43.0,0.6947300685327754,61,220.3837098916768,71.60250189534385,291.98621178702064,367.5
750,80,8,2.1583381373040544,2.475,8.08125,10.696000000000009,47.44375,20.66,11.096898357800907,76.5875,21.70179508878102,12.0,8.899999999999997,11.080000000000009,50.0,45.0,82,0.25487266183145524,1.0,6.600000000000005,10.420000000000003,45.0,0.3473650342663877,65,172.66705098432436,88.77518686240725,261.4422378467316,323.09999999999997
751,85,8,1.935439411715751,2.458823529411765,8.06235294117647,10.684705882352949,47.40588235294118,20.00823529411765,8.857905130672732,76.54117647058824,17.893438252820562,12.0,8.899999999999997,11.080000000000009,50.0,44.0,82,0.25487266183145524,1.0,6.600000000000005,10.420000000000003,45.0,1.3894601370655508,65,164.51234999583883,70.86324104538186,235.37559104122067,267.2
752,87,10,1.7672033534667813,2.5057471264367814,8.031034482758624,10.670344827586213,47.333333333333336,18.55977011494253,7.487610698554342,76.47126436781609,11.532427873941536,12.0,8.899999999999997,11.080000000000009,50.0,43.0,82,0.25487266183145524,1.0,6.600000000000005,10.360000000000003,45.0,0.6106837648876805,65,153.74669175160997,74.87610698554342,228.6227987371534,156.49999999999997
753,84,11,1.70625766159256,2.4523809523809526,8.040476190476193,10.671428571428578,47.25595238095238,18.864285714285717,13.91819183961236,76.53571428571429,18.454797974009637,12.0,8.899999999999997,11.080000000000009,49.5,82.0,82,0.25487266183145524,1.0,6.600000000000005,10.360000000000003,45.0,0.5396269460752554,65,143.32564357377504,153.10011023573597,296.425753809511,203.9
754,87,6,2.9929603822485396,2.586206896551724,8.0264367816092,10.669655172413801,47.12643678160919,18.59540229885058,5.025732267883133,76.4367816091954,82.0277956292833,12.0,8.899999999999997,11.080000000000009,49.5,14.0,82,0.25487266183145524,1.0,6.600000000000005,10.360000000000003,44.5,0.3390905482622034,65,260.38755325562295,30.1543936072988,290.54194686292175,109.50000000000001
755,88,7,2.381559545282192,2.602272727272727,8.039772727272728,10.67363636363637,47.19886363636363,19.47272727272728,7.169705063723297,76.60227272727273,41.01389781464165,12.0,8.899999999999997,11.080000000000009,49.5,13.0,82,0.25487266183145524,1.0,6.600000000000005,10.360000000000003,44.5,0.28951947487864405,65,209.5772399848329,50.18793544606308,259.76517543089597,178.60000000000002
756,88,7,2.198020669158535,2.590909090909091,8.043181818181823,10.672272727272734,47.20454545454545,22.150000000000002,6.214633242772858,76.63636363636364,20.506948907320826,12.0,8.899999999999997,11.080000000000009,49.5,12.0,82,0.25487266183145524,1.0,6.600000000000005,10.360000000000003,44.5,0.8320512946630415,65,193.42581888595106,43.50243269941001,236.92825158536107,313.0
757,89,12,2.0432834780107707,2.606741573033708,8.070786516853934,10.675505617977535,47.23033707865169,24.032584269662916,5.317965274478326,76.87640449438203,20.506948907320826,12.0,8.999999999999996,11.080000000000009,49.5,29.0,82,0.25487266183145524,1.0,6.600000000000005,10.360000000000003,44.5,0.2795849727003213,65,181.85222954295858,63.81558329373992,245.6678128366985,377.70000000000005
758,88,12,1.5663914894406405,2.477272727272727,8.127272727272729,10.690681818181822,47.26136363636363,24.439772727272725,7.389578112646478,77.23863636363636,5.425448772195255,12.0,8.999999999999996,11.080000000000009,49.5,28.0,82,0.25487266183145524,1.0,6.600000000000005,10.360000000000003,44.5,0.6272438609762712,66,137.84245107077638,88.67493735175773,226.5173884225341,299.8
759,77,22,1.858679985771795,2.4935064935064934,8.179220779220785,10.710649350649355,47.23376623376623,23.787012987012986,5.097506445869453,77.53246753246754,24.633686134151034,12.0,8.999999999999996,11.080000000000009,49.5,42.0,82,0.25487266183145524,1.0,6.600000000000005,10.360000000000003,44.5,0.16752190562310565,66,143.11835890442822,112.14514180912796,255.2635007135562,358.3
760,74,14,2.418699984670532,2.4864864864864864,8.212162162162164,10.71351351351352,47.222972972972975,24.185135135135134,4.8256934404199745,77.72972972972973,42.501108491992966,12.0,8.999999999999996,11.080000000000009,49.5,26.0,82,0.29689149931349024,1.0,6.600000000000005,10.360000000000003,44.5,0.27300271215337263,66,178.98379886561935,67.55970816587964,246.543507031499,153.6
761,66,18,1.9583077490080285,2.484848484848485,8.201515151515153,10.699090909090916,47.11363636363637,22.428787878787876,4.983323283664707,77.78787878787878,21.250554245996483,12.0,8.999999999999996,11.080000000000009,49.5,25.0,82,0.36606215998649416,1.0,6.600000000000005,10.360000000000003,44.5,0.29689149931349024,66,129.24831143452988,89.69981910596474,218.94813054049462,244.99999999999994
762,69,14,2.014484363987478,2.5652173913043477,8.144927536231886,10.664347826086965,47.03623188405797,20.655072463768114,3.57615638283007,77.69565217391305,26.19705474756614,12.0,8.999999999999996,11.080000000000009,49.5,24.0,82,0.2960424382697966,1.0,6.600000000000005,10.360000000000003,44.5,0.027795629283298373,66,138.99942111513596,50.06618935962098,189.06561047475694,176.49999999999994
763,74,7,1.812274585626008,2.6486486486486487,8.117567567567567,10.64540540540541,47.020270270270274,19.709459459459453,10.949662843351016,77.72972972972973,13.09852737378307,12.0,8.999999999999996,11.080000000000009,49.5,47.0,82,0.2960424382697966,1.0,6.600000000000005,10.360000000000003,44.5,0.09201084861349051,66,134.1083193363246,76.6476399034571,210.7559592397817,78.09999999999998
764,74,11,1.5873849445649393,2.675675675675676,8.117567567567567,10.64540540540541,46.932432432432435,19.882432432432427,8.29533381065407,77.8108108108108,13.09852737378307,12.0,8.999999999999996,11.080000000000009,49.5,46.0,82,0.2960424382697966,1.0,6.600000000000005,10.360000000000003,44.5,0.2938975065486389,66,117.46648589780551,91.24867191719477,208.71515781500028,284.9
765,70,12,1.534643500926164,2.6714285714285713,8.137142857142855,10.644571428571435,46.84285714285714,21.537142857142857,11.05814331032272,77.8,13.09852737378307,12.0,8.999999999999996,11.080000000000009,49.5,45.0,82,0.2960424382697966,1.0,6.600000000000005,10.360000000000003,44.5,0.7321243199729883,66,107.42504506483148,132.69771972387264,240.1227647887041,284.5
766,60,18,1.6479641777488514,2.783333333333333,8.084999999999999,10.619000000000007,46.858333333333334,20.36,7.818415029058361,77.53333333333333,13.09852737378307,12.0,8.999999999999996,11.080000000000009,49.5,44.0,82,0.3147686679497882,1.0,6.600000000000005,10.360000000000003,44.5,0.027795629283298373,66,98.87785066493109,140.7314705230505,239.60932118798158,219.39999999999998
767,54,16,1.3139566140565333,2.5555555555555554,8.125925925925927,10.627777777777787,46.76851851851852,20.033333333333335,11.46618644675462,77.61111111111111,3.942720416981865,6.0,8.999999999999996,11.080000000000009,49.5,43.0,82,0.3147686679497882,1.0,7.600000000000001,10.360000000000003,45.0,0.18416975307918637,74,70.9536571590528,183.4589831480739,254.4126403071267,120.0
768,52,11,2.5029152071554317,2.576923076923077,8.11153846153846,10.62076923076924,46.75,21.448076923076922,18.802453614946543,77.57692307692308,43.281684306707554,6.0,8.899999999999997,11.080000000000009,49.5,96.0,82,0.3147686679497882,1.0,7.600000000000001,10.360000000000003,45.0,0.03566835201481844,74,130.15159077208244,206.826989764412,336.9785805364944,82.49999999999999
769,49,11,2.382332881317524,2.63265306122449,8.140816326530611,10.6195918367347,46.795918367346935,21.755102040816325,24.48330096334619,77.85714285714286,21.640842153353777,7.0,8.899999999999997,11.080000000000009,49.0,95.0,82,0.3147686679497882,1.0,7.600000000000001,10.360000000000003,45.0,1.641191168511031,74,116.73431118455869,269.3163105968081,386.0506217813668,162.5
770,48,14,2.3041150969421937,2.7916666666666665,8.118749999999999,10.606250000000012,46.916666666666664,20.968750000000004,23.100126616281347,78.14583333333333,14.882076305232541,7.0,8.799999999999997,11.14000000000001,49.0,94.0,83,0.3147686679497882,1.0,7.600000000000001,10.360000000000003,45.0,0.5591699454006426,74,110.59752465322529,323.40177262793884,433.9992972811641,149.89999999999998
771,50,12,2.035048763141111,2.98,8.120000000000001,10.625200000000012,47.07,19.582000000000004,28.180853195676665,78.42,7.4410381526162706,7.0,8.799999999999997,11.14000000000001,49.0,93.0,83,0.3160801591150295,1.0,7.600000000000001,10.360000000000003,45.0,0.4007230462552503,74,101.75243815705555,338.17023834812,439.92267650517556,73.8
772,52,14,1.7622910007706223,2.8846153846153846,8.126923076923076,10.643846153846166,47.11538461538461,18.31923076923077,28.374983429576833,78.61538461538461,5.410210538338444,7.0,8.799999999999997,11.14000000000001,49.0,92.0,83,0.3160801591150295,1.0,7.600000000000001,10.360000000000003,45.0,0.13163147009289844,74,91.63913204007235,397.24976801407564,488.888900054148,92.89999999999998
773,49,14,3.616397794043528,2.938775510204082,8.140816326530611,10.648979591836747,47.11224489795919,17.228571428571428,30.90178964370184,78.91836734693878,94.25096679533115,7.0,8.799999999999997,11.14000000000001,49.0,96.0,83,0.3160801591150295,1.0,7.600000000000001,10.360000000000003,45.0,0.6469487532743194,74,177.20349190813286,432.62505501182574,609.8285469199586,100.19999999999999
774,50,15,3.022189490108943,2.92,8.144,10.652800000000013,47.13,17.29,33.84290478262023,79.0,47.125483397665576,7.0,8.899999999999997,11.20000000000001,49.0,95.0,83,0.32267096428541214,1.0,7.600000000000001,10.360000000000003,45.0,0.2590746717991528,74,151.10947450544717,507.64357173930347,658.7530462447506,72.7
775,51,14,3.7755833328977553,2.9607843137254903,8.150980392156862,10.667058823529425,47.1078431372549,17.849019607843132,36.133767070577456,79.13725490196079,62.74220102539389,7.0,8.999999999999996,11.20000000000001,49.0,94.0,84,0.32267096428541214,1.0,7.500000000000002,10.360000000000003,45.0,0.3127416988327876,74,192.55474997778552,505.8727389880844,698.4274889658699,103.7
776,52,16,3.660201929850544,3.019230769230769,8.126923076923077,10.668076923076931,47.0,16.659615384615382,29.07495703276851,79.21153846153847,36.70510526916922,7.0,8.999999999999996,11.20000000000001,49.0,93.0,84,0.32267096428541214,1.0,7.500000000000002,10.360000000000003,45.0,0.23183764887680502,75,190.33050035222828,465.19931252429615,655.5298128765244,181.6
777,58,15,2.759595720474125,3.1551724137931036,8.087931034482759,10.655862068965522,46.88793103448276,15.448275862068966,37.531936646241256,79.17241379310344,18.35255263458461,7.0,8.999999999999996,11.20000000000001,49.0,92.0,84,0.32267096428541214,1.0,7.400000000000002,10.360000000000003,45.0,0.32267096428541214,75,160.05655178749925,562.9790496936189,723.0356014811182,39.6
778,60,15,3.890638252076435,3.15,8.081666666666665,10.660000000000005,46.9,16.73166666666667,41.27716295291516,79.3,61.67197892112434,7.0,8.999999999999996,11.20000000000001,49.0,91.0,85,0.32267096428541214,1.0,7.400000000000002,10.360000000000003,45.0,0.7127243860976273,75,233.4382951245861,619.1574442937274,852.5957394183135,114.6
779,58,20,4.814799228351158,3.206896551724138,8.08965517241379,10.674482758620696,46.93103448275862,16.620689655172416,31.799255317984795,79.48275862068965,80.47267135617705,7.0,8.999999999999996,11.20000000000001,49.0,90.0,85,0.32267096428541214,1.0,7.400000000000002,10.360000000000003,45.0,0.5591699454006426,75,279.2583552443672,635.9851063596959,915.2434616040631,232.5
780,61,18,5.067734057192639,3.1639344262295084,8.088524590163932,10.673770491803285,46.91803278688525,17.913114754098363,34.110168094382594,79.59016393442623,81.7672716447866,7.0,8.999999999999996,11.20000000000001,49.0,89.0,85,0.32267096428541214,1.0,7.400000000000002,10.360000000000003,44.5,0.7008036840820759,75,309.13177748875097,613.9830256988866,923.1148031876376,183.20000000000002
781,61,24,5.925323825539881,3.377049180327869,8.03934426229508,10.639344262295092,47.01639344262295,16.237704918032787,25.486073952932426,79.62295081967213,83.65738433397489,7.0,8.799999999999997,11.14000000000001,49.0,88.0,85,0.32267096428541214,1.0,7.400000000000002,10.360000000000003,44.5,0.3201190868552235,75,361.4447533579327,611.6657748703782,973.1105282283108,192.49999999999997
782,71,14,5.2694368010493795,3.2816901408450705,8.025352112676055,10.64140845070423,47.070422535211264,16.176056338028165,47.63246419161216,79.6056338028169,45.98034689102178,7.0,8.799999999999997,11.14000000000001,49.0,87.0,85,0.4818123353212839,1.0,7.3000000000000025,10.360000000000003,44.5,1.8544986825702714,75,374.13001287450595,666.8544986825702,1040.984511557076,111.0
783,78,19,4.12377631351052,3.141025641025641,8.012820512820515,10.65615384615385,47.083333333333336,15.862820512820512,42.06165317979643,79.62820512820512,22.99017344551089,7.0,8.799999999999997,11.14000000000001,49.0,97.0,86,0.30513008413316733,1.0,7.3000000000000025,10.360000000000003,44.5,0.7813192807495603,75,321.6545524538206,799.1714104161322,1120.8259628699527,245.20000000000002
784,88,19,5.62412673794138,3.0113636363636362,8.00340909090909,10.657272727272728,47.18181818181818,15.622727272727268,36.51734645798197,79.72727272727273,101.02954195976106,7.0,8.799999999999997,11.14000000000001,49.5,98.0,86,0.30513008413316733,1.0,7.3000000000000025,10.360000000000003,44.5,0.6954370059638517,75,494.92315293884144,693.8295827016575,1188.752735640499,240.8
785,97,26,5.1512219881050605,2.7731958762886597,8.047422680412367,10.668041237113403,47.21134020618557,13.321649484536078,23.79033096990384,79.78350515463917,101.02954195976106,8.0,8.799999999999997,11.14000000000001,49.5,97.0,86,0.30513008413316733,1.0,7.3000000000000025,10.360000000000003,44.5,0.3281596403747802,75,499.6685328461909,618.5486052174999,1118.2171380636908,341.90000000000003
786,107,22,4.2155869314143155,2.869158878504673,8.031775700934578,10.661121495327109,47.1822429906542,13.516822429906544,27.72831714308355,79.8411214953271,50.51477097988053,9.0,8.899999999999997,11.14000000000001,49.5,96.0,86,0.30513008413316733,1.0,7.3000000000000025,10.360000000000003,44.5,0.3267866575545894,75,451.06780166133177,610.0229771478381,1061.09077880917,242.4
787,119,22,4.145683359967445,3.0252100840336134,8.006722689075632,10.6564705882353,47.260504201680675,14.505882352941178,21.35861941422463,80.21848739495799,82.64023817371044,9.0,8.899999999999997,11.14000000000001,49.5,95.0,86,0.30513008413316733,1.0,7.3000000000000025,10.360000000000003,44.5,0.12377168068886113,76,493.336319836126,469.88962711294187,963.2259469490679,427.2
788,124,23,3.8259194418941087,3.064516129032258,8.015322580645162,10.655645161290321,47.23790322580645,14.575806451612905,20.253405685701527,80.25,60.65357331510918,9.0,8.999999999999996,11.14000000000001,49.5,94.0,86,0.35922146008610767,1.0,7.3000000000000025,10.360000000000003,44.5,0.2701669352678382,76,474.41401079486945,465.8283307711351,940.2423415660046,432.6
789,132,25,3.960258464556354,3.0,8.036363636363633,10.65454545454545,47.178030303030305,13.463636363636368,16.641265361313152,80.39393939393939,64.53470170243122,9.0,8.999999999999996,11.14000000000001,49.5,93.0,86,0.3026799863318841,1.0,7.3000000000000025,10.300000000000002,44.5,0.22052033653266934,77,522.7541173214387,416.03163403282883,938.7857513542675,429.1
790,141,19,3.3969582825798788,2.971631205673759,8.032624113475178,10.643404255319144,47.173758865248224,14.091489361702129,25.882808453967524,80.41134751773049,32.26735085121561,9.0,8.999999999999996,11.14000000000001,49.5,92.0,86,0.3026799863318841,1.0,7.3000000000000025,10.240000000000002,44.5,0.3850834676339191,77,478.9711178437629,491.77336062538296,970.7444784691459,407.0
791,147,20,2.8138988227868156,2.857142857142857,8.03061224489796,10.627755102040815,47.12244897959184,14.6,24.638778281860276,80.34013605442176,27.990089315141418,9.0,8.999999999999996,11.080000000000009,49.5,91.0,86,0.3026799863318841,1.0,7.3000000000000025,10.240000000000002,44.5,0.34771850298192586,77,413.6431269496619,492.77556563720555,906.4186925868675,462.8
792,154,22,3.038744741166108,2.8051948051948052,8.027922077922073,10.614415584415587,47.1525974025974,14.36493506493507,21.211925547592607,80.44155844155844,78.37969017396539,9.0,8.999999999999996,11.080000000000009,49.5,90.0,87,0.3026799863318841,1.0,7.3000000000000025,10.240000000000002,44.5,0.6030013261959312,77,467.96669013958063,466.66236204703733,934.629052186618,488.0
793,159,17,2.8195358138133586,2.660377358490566,8.037106918238992,10.609811320754718,47.15094339622642,14.517610062893086,32.54850890031196,80.49685534591195,78.37969017396539,8.0,8.999999999999996,11.080000000000009,49.5,89.0,87,0.3015006630979656,1.0,7.3000000000000025,10.240000000000002,44.5,0.8669033177393951,77,448.30619439632403,553.3246513053033,1001.6308457016273,386.70000000000005
794,172,16,3.1373422651398686,2.63953488372093,8.045930232558142,10.617093023255814,47.21220930232558,14.798255813953489,31.476467782012154,80.67441860465117,92.22744512496536,8.0,8.999999999999996,11.080000000000009,49.5,88.0,87,0.2768465850085326,1.0,7.3000000000000025,10.240000000000002,44.5,0.3312838927932148,77,539.6228696040574,503.62348451219447,1043.246354116252,262.5
795,177,19,3.212847360928679,2.7062146892655368,8.05593220338983,10.621694915254238,47.22598870056497,15.266101694915257,23.505770028576265,80.91525423728814,81.55369317001707,9.0,8.999999999999996,11.14000000000001,50.0,87.0,87,0.2768465850085326,1.0,7.200000000000003,10.240000000000002,44.5,0.30714663021835764,78,568.6739828843762,446.60963054294905,1015.2836134273252,373.59999999999997
796,180,21,3.6223600915099294,2.761111111111111,8.046666666666665,10.621333333333338,47.25555555555555,16.702222222222215,14.607675016154184,81.01666666666667,87.30714663021836,9.0,8.899999999999997,11.14000000000001,50.0,84.0,87,0.2768465850085326,1.0,7.200000000000003,10.240000000000002,44.5,0.2776136194497907,78,652.0248164717873,306.76117533923787,958.7859918110252,620.5
797,169,29,2.984327947264066,2.6745562130177514,8.04852071005917,10.613136094674559,47.150887573964496,17.273372781065085,14.019949362171074,80.94674556213018,87.30714663021836,9.0,8.899999999999997,11.14000000000001,50.0,83.0,87,0.2768465850085326,1.0,7.200000000000003,10.240000000000002,44.5,0.43345165886969755,78,504.35142308762715,406.57853150296114,910.9299545905883,806.4
798,165,28,3.0795946270069776,2.672727272727273,8.059393939393935,10.604727272727276,47.11515151515152,18.15090909090908,13.789484532804883,81.01212121212122,87.30714663021836,9.0,8.899999999999997,11.14000000000001,50.0,82.0,87,0.2768465850085326,1.0,7.200000000000003,10.240000000000002,44.5,0.2701669352678382,78,508.1331134561513,386.10556691853674,894.2386803746881,741.1999999999999
799,159,27,2.953634684713637,2.7169811320754715,8.053459119496852,10.604528301886798,47.119496855345915,19.130817610062895,16.432914424273115,81.0754716981132,87.30714663021836,9.0,8.899999999999997,11.080000000000009,50.0,81.0,87,0.2768465850085326,1.0,7.200000000000003,10.240000000000002,44.5,0.21026832877729484,78,469.62791486946827,443.6886894553741,913.3166043248424,675.5
800,150,33,2.556921491554035,2.7133333333333334,8.06133333333333,10.603200000000005,47.10333333333333,18.438666666666663,16.60051266044701,81.14666666666666,87.30714663021836,9.0,8.899999999999997,11.020000000000008,50.0,80.0,87,0.2768465850085326,1.0,7.200000000000003,10.240000000000002,44.5,0.10738634003413039,78,383.5382237331052,547.8169177947514,931.3551415278566,496.3
801,141,30,2.5668436303366393,2.6879432624113475,8.095035460992907,10.605531914893618,47.12765957446808,17.78085106382978,20.555995148915162,81.36170212765957,46.83679220433981,9.0,8.899999999999997,11.020000000000008,50.0,87.30714663021836,87,0.2768465850085326,1.0,7.200000000000003,10.240000000000002,44.5,0.49017344551088976,78,361.9249518774661,616.6798544674549,978.604806344921,490.1
802,141,23,2.398900841309114,2.652482269503546,8.114184397163127,10.609361702127666,47.10992907801418,19.14539007092199,26.981500843025106,81.56028368794327,46.83679220433981,9.0,8.899999999999997,11.020000000000008,50.0,86.30714663021836,87,0.2684314176569227,1.0,7.200000000000003,10.240000000000002,44.5,0.5368628353138454,78,338.2450186245851,620.5745193895774,958.8195380141625,553.6999999999999
803,137,29,2.335915261584039,2.6934306569343067,8.084671532846716,10.605693430656943,47.14963503649635,18.359854014598536,22.197081834927406,81.69343065693431,68.93565752103329,9.0,8.899999999999997,11.020000000000008,50.0,85.30714663021836,87,0.2684314176569227,1.0,7.200000000000003,10.240000000000002,44.5,0.10705665267113629,78,320.02039083701334,643.7153732128947,963.7357640499081,457.69999999999993
804,135,27,3.191518476948232,2.688888888888889,8.105185185185181,10.606222222222224,47.21851851851852,18.70962962962963,20.86896379571712,81.98518518518519,68.93565752103329,9.0,8.899999999999997,11.020000000000008,50.0,84.30714663021836,87,0.2684314176569227,1.0,7.200000000000003,10.240000000000002,44.5,0.07372567062769075,78,430.8549943880113,563.4620224843623,994.3170168723735,366.9
805,137,24,3.332691661829173,2.6934306569343067,8.101459854014598,10.610948905109488,47.21897810218978,18.432116788321174,20.17884359511857,82.15328467153284,71.24659349170479,9.0,8.999999999999996,11.020000000000008,50.0,83.30714663021836,87,0.2684314176569227,1.0,7.200000000000003,10.240000000000002,44.5,0.2215069621581538,78,456.5787576705967,484.29224628284567,940.8710039534424,482.79999999999995
806,133,25,2.61704858813791,2.7293233082706765,8.10075187969925,10.61037593984962,47.28195488721804,17.609774436090223,24.82481007661669,82.3984962406015,35.62329674585239,9.0,8.999999999999996,11.020000000000008,50.0,95.0,87,0.2684314176569227,1.0,7.200000000000003,10.240000000000002,44.5,0.22188064879886915,78,348.06746222234204,620.6202519154173,968.6877141377593,356.2
807,133,19,4.595337259836523,2.699248120300752,8.098496240601502,10.602706766917292,47.3421052631579,17.741353383458645,21.121743816427102,82.53383458646617,95.85740268251077,9.0,8.999999999999996,11.020000000000008,50.0,96.0,87,0.2684314176569227,1.0,7.200000000000003,10.240000000000002,44.5,0.8003549766090927,78,611.1798555582575,401.3131325121149,1012.4929880703723,292.4
808,144,14,3.809407520088178,2.638888888888889,8.106944444444444,10.609166666666669,47.43055555555556,18.349999999999998,24.724337130825315,82.71527777777777,47.92870134125538,9.0,9.099999999999996,11.080000000000009,50.0,95.0,88,0.2684314176569227,1.0,7.200000000000003,10.240000000000002,44.5,0.15675527569918035,78,548.5546828926977,346.1407198315544,894.6954027242521,376.5
809,155,22,2.8259441766135445,2.496774193548387,8.128387096774194,10.61083870967742,47.44516129032258,17.21161290322581,16.066003885488865,82.9483870967742,23.96435067062769,9.0,9.099999999999996,11.080000000000009,50.0,94.0,88,0.2684314176569227,1.0,7.200000000000003,10.240000000000002,44.5,0.3637832257004185,78,438.02134737509937,353.45208548075504,791.4734328558544,501.59999999999997
810,167,23,2.46261811338917,2.4910179640718564,8.112574850299403,10.604670658682636,47.467065868263475,15.72455089820359,13.101787268866769,83.07185628742515,50.775045190390955,9.0,9.099999999999996,11.080000000000009,50.0,93.0,88,0.2684314176569227,1.0,7.200000000000003,10.180000000000001,44.5,0.46057200470774373,79,411.2572249359914,301.34110718393566,712.5983321199271,318.4
811,173,31,2.0708209420678254,2.485549132947977,8.113294797687866,10.593410404624281,47.34971098265896,13.32080924855491,9.301653422348584,83.16763005780346,25.387522595195477,9.0,9.099999999999996,11.080000000000009,50.0,92.0,88,0.2783070058269718,1.0,7.200000000000003,10.180000000000001,44.5,0.33915629144362286,79,358.2520229777338,288.3512560928061,646.6032790705399,408.09999999999997
812,177,21,1.9461552639146078,2.4858757062146895,8.111299435028252,10.58949152542373,47.282485875706215,13.958757062146894,11.932041441743342,83.17514124293785,22.507503315489828,9.0,9.099999999999996,11.080000000000009,50.0,91.0,88,0.2783070058269718,1.0,7.200000000000003,10.180000000000001,44.5,0.2809971999424299,79,344.46948171288557,250.5728702766102,595.0423519894957,509.19999999999993
813,181,12,2.2547032257494775,2.4917127071823204,8.110497237569069,10.590055248618789,47.290055248618785,15.451933701657458,12.606027705953975,83.20994475138122,90.60052268216984,9.0,9.099999999999996,11.080000000000009,50.0,67.0,88,0.2783070058269718,1.0,7.200000000000003,10.180000000000001,44.5,0.17041959761065595,79,408.1012838606554,151.2723324714477,559.3736163321031,491.09999999999997
814,174,23,1.8809446477989402,2.4827586206896552,8.112643678160921,10.584482758620684,47.27873563218391,17.26609195402298,8.11791517901989,83.24137931034483,45.30026134108492,9.0,8.999999999999996,10.960000000000008,50.0,66.0,89,0.2783070058269718,1.0,7.200000000000003,10.180000000000001,44.0,0.3393301497117203,79,327.2843687170156,186.71204911745747,513.996417834473,831.0999999999999
815,164,19,2.455934144180765,2.5365853658536586,8.113414634146345,10.580975609756097,47.28048780487805,18.52865853658536,4.032952370959461,83.3109756097561,65.56107005190536,9.0,8.999999999999996,10.960000000000008,50.0,21.65013067054246,89,0.2783070058269718,1.0,7.200000000000003,10.180000000000001,44.0,0.3015006630979656,79,402.7731996456455,76.62609504822977,479.3992946938753,626.4
816,165,16,2.215078195344743,2.515151515151515,8.113333333333339,10.574181818181815,47.28181818181818,18.949696969696973,3.4379480202216013,83.38787878787879,32.78053502595268,9.0,8.999999999999996,10.960000000000008,50.0,20.65013067054246,89,0.30026134108491953,1.0,7.200000000000003,10.180000000000001,44.0,0.11322802330788728,79,365.48790223188263,55.00716832354562,420.49507055542824,466.9
817,154,32,1.9914123539233453,2.5259740259740258,8.08961038961039,10.581298701298701,47.31818181818182,19.742857142857147,2.257157404248066,83.45454545454545,22.354302891422112,8.0,8.999999999999996,10.960000000000008,50.0,19.65013067054246,89,0.30026134108491953,1.0,7.200000000000003,10.180000000000001,44.0,0.2340681245728713,79,306.67750250419516,72.22903693593811,378.90653944013326,645.0999999999999
818,153,17,1.9963305637300157,2.5555555555555554,8.08039215686275,10.585490196078432,47.3202614379085,19.928104575163403,1.9476998726975783,83.6078431372549,24.312663338178076,8.0,8.999999999999996,10.960000000000008,50.0,12.0,89,0.30026134108491953,1.0,7.200000000000003,10.180000000000001,44.0,0.06527771194058474,79,305.4385762506924,33.11089783585883,338.54947408655124,435.3
819,153,21,1.5349777800706867,2.450980392156863,8.073202614379085,10.579215686274507,47.310457516339866,18.684313725490195,3.712708265503126,83.57516339869281,24.312663338178076,8.0,8.999999999999996,10.960000000000008,50.0,22.354302891422112,89,0.30026134108491953,1.0,7.200000000000003,10.120000000000001,44.0,0.2560979298902553,79,234.85160035081506,77.96687357556564,312.8184739263807,455.5
820,146,14,1.927081426427525,2.493150684931507,8.059589041095892,10.578219178082191,47.33561643835616,19.72671232876712,0.818960181881444,83.58219178082192,24.312663338178076,8.0,8.999999999999996,10.960000000000008,50.0,1.7184260123862938,89,0.30026134108491953,1.0,7.200000000000003,10.120000000000001,44.5,0.2560979298902553,80,281.35388825841864,11.465442546340217,292.81933080475886,357.0
821,143,14,1.7378044762622924,2.5524475524475525,8.05734265734266,10.579020979020983,47.34965034965035,21.630069930069933,1.4561560129672384,83.7132867132867,24.312663338178076,8.0,8.999999999999996,10.960000000000008,50.0,7.439484539303729,89,0.29894536430452856,1.0,7.200000000000003,10.120000000000001,44.5,0.08672016219971734,80,248.50604010550782,20.38618418154134,268.89222428704915,608.8
822,131,14,1.643029260997344,2.6030534351145036,8.05267175572519,10.580305343511451,47.38931297709924,21.890839694656485,2.877052468216118,83.80916030534351,12.074295376424939,8.0,8.899999999999997,10.840000000000007,50.5,24.312663338178076,89,0.29894536430452856,1.0,7.200000000000003,10.120000000000001,45.0,0.30026134108491953,80,215.23683319065208,40.27873455502565,255.51556774567774,380.59999999999997
823,126,9,1.7599537192952874,2.626984126984127,8.044444444444444,10.578095238095235,47.44047619047619,24.02142857142856,2.0835614572541723,83.93650793650794,24.02047992163253,8.0,8.899999999999997,10.840000000000007,50.5,6.237745543028269,89,0.29894536430452856,1.0,7.200000000000003,10.120000000000001,45.0,0.07668981064367908,80,221.75416863120623,18.752053115287552,240.5062217464938,444.2
824,114,18,1.7245278872027487,2.6666666666666665,8.039473684210527,10.586315789473687,47.49561403508772,24.87982456140351,1.4930525342656116,84.1140350877193,12.074295376424939,8.0,8.899999999999997,10.840000000000007,50.5,6.284290956276692,89,0.29894536430452856,1.0,7.200000000000003,10.120000000000001,45.0,0.11322802330788728,80,196.59617914111337,26.87494561678101,223.4711247578944,538.1
825,112,11,1.653711075050763,2.6785714285714284,8.049107142857142,10.591428571428574,47.473214285714285,26.312500000000004,1.3401646975039903,84.22321428571429,12.074295376424939,8.0,8.899999999999997,10.840000000000007,50.5,3.8755221696312807,89,0.29894536430452856,1.0,7.200000000000003,10.120000000000001,45.5,0.3340168385826673,80,185.21564040568546,14.741811672543893,199.95745207822935,278.9
826,104,14,1.574257097560119,2.6923076923076925,8.045192307692307,10.602307692307695,47.60576923076923,25.299038461538455,1.6736372113782774,84.46153846153847,6.005119980408132,8.0,8.999999999999996,10.840000000000007,50.5,12.074295376424939,89,0.32024929998560747,1.0,7.200000000000003,10.240000000000002,45.5,0.29894536430452856,80,163.72273814625237,23.430920959295882,187.15365910554826,304.7
827,90,18,1.6870030575412047,2.6666666666666665,8.066666666666665,10.598666666666672,47.644444444444446,25.52444444444445,1.2788037912647714,84.54444444444445,12.620164854351321,7.0,8.999999999999996,10.840000000000007,50.5,3.403912029746947,89,0.32024929998560747,1.0,7.200000000000003,10.240000000000002,45.5,0.07668981064367908,80,151.83027517870843,23.018468242765884,174.84874342147432,339.1
828,84,12,1.708405682075544,2.7857142857142856,8.054761904761904,10.59642857142858,47.654761904761905,25.69523809523809,1.1003398859628406,84.61904761904762,6.310082427175661,7.0,8.999999999999996,10.840000000000007,50.5,2.4223340458306337,90,0.32024929998560747,1.0,7.200000000000003,10.240000000000002,45.5,0.3744429792285577,80,143.5060772943457,13.204078631554086,156.71015592589978,250.6
829,85,3,1.6014776097791705,2.835294117647059,8.041176470588237,10.592941176470594,47.66470588235294,26.760000000000005,18.59732760524066,84.65882352941176,4.237855988468671,7.0,8.999999999999996,10.840000000000007,50.5,49.0,90,0.32024929998560747,1.0,7.200000000000003,10.240000000000002,45.5,0.7868628353138454,80,136.1255968312295,55.79198281572198,191.91757964695148,138.5
830,75,14,1.5953748296314154,2.84,8.024000000000003,10.605600000000008,47.75333333333333,25.570666666666664,6.973565226511944,84.89333333333333,6.506399975510165,7.0,8.999999999999996,10.840000000000007,50.5,48.0,90,0.295680740570578,1.0,7.200000000000003,10.360000000000003,45.5,0.37531999877550826,81,119.65311222235616,97.62991317116722,217.28302539352336,220.89999999999998
831,74,8,1.6348202895380268,2.891891891891892,8.03108108108108,10.604864864864872,47.729729729729726,26.587837837837835,16.878519608932674,84.93243243243244,4.237855988468671,7.0,8.999999999999996,10.840000000000007,50.5,53.0,90,0.295680740570578,1.0,7.200000000000003,10.360000000000003,45.5,0.35662516577449144,81,120.97670142581399,135.0281568714614,256.0048582972754,87.3
832,68,14,1.4887215268666691,2.75,8.039705882352942,10.593823529411774,47.69117647058823,25.785294117647055,13.308855778386505,84.92647058823529,4.237855988468671,7.0,8.999999999999996,10.840000000000007,50.5,52.0,90,0.26843928350185065,1.0,7.200000000000003,10.360000000000003,45.5,1.2809971999424299,81,101.2330638269335,186.32398089741108,287.55704472434456,176.5
833,58,16,2.9675690448173118,2.7241379310344827,8.049999999999999,10.591724137931045,47.66379310344828,25.684482758620682,6.339877507808781,84.89655172413794,45.31043627497481,7.0,8.999999999999996,10.840000000000007,50.5,51.0,90,0.26843928350185065,1.0,7.200000000000003,10.360000000000003,45.5,0.2809971999424299,81,172.1190045994041,101.4380401249405,273.55704472434456,219.79999999999998
834,57,13,2.9200518195994203,2.8421052631578947,8.056140350877191,10.598947368421065,47.70175438596491,23.20526315789473,5.290477356776312,85.10526315789474,25.70335947860906,7.0,8.999999999999996,10.840000000000007,50.5,50.0,90,0.26843928350185065,1.0,7.200000000000003,10.360000000000003,45.5,0.4681362491457426,81,166.44295371716694,68.77620563809205,235.219159355259,90.0
835,60,7,3.280220516124634,2.8666666666666667,8.048333333333334,10.601000000000008,47.71666666666667,22.598333333333326,9.076249847985006,85.21666666666667,49.82082136402762,7.0,8.999999999999996,10.840000000000007,50.5,59.0,90,0.26843928350185065,1.0,7.200000000000003,10.360000000000003,45.5,0.08608411236970293,81,196.81323096747803,63.533748935895034,260.34697990337304,89.39999999999999
836,66,8,2.390717703359278,2.696969696969697,8.083333333333336,10.605454545454554,47.78030303030303,18.953030303030296,13.906194152823524,85.48484848484848,24.91041068201381,7.0,8.999999999999996,10.900000000000007,50.5,58.0,90,0.26843928350185065,1.0,7.200000000000003,10.360000000000003,45.5,0.6678879174434478,81,157.78736842171233,111.24955322258819,269.0369216443005,63.5
837,76,4,3.1288342540491985,2.6184210526315788,8.096052631578948,10.610263157894744,47.86842105263158,16.48421052631579,16.348938529530376,85.73684210526316,58.11007843582717,7.0,8.999999999999996,10.900000000000007,51.0,62.0,91,0.26843928350185065,1.0,7.200000000000003,10.360000000000003,45.5,0.024391719561021263,81,237.79140330773907,65.3957541181215,303.18715742586056,0.0
838,81,4,3.2126883602649023,2.567901234567901,8.106172839506174,10.612592592592598,47.96913580246913,15.308641975308639,11.241300359871003,85.93827160493827,62.606459967413066,7.0,8.999999999999996,10.900000000000007,51.0,39.0,91,0.26843928350185065,1.0,7.200000000000003,10.360000000000003,45.5,1.6265999938775413,81,260.2277571814571,44.96520143948401,305.1929586209411,24.1
839,84,6,2.6357842472638446,2.5714285714285716,8.139285714285714,10.607857142857148,47.94047619047619,18.297619047619044,15.0714349877888,85.95238095238095,31.303229983706533,7.0,8.999999999999996,10.900000000000007,51.0,45.0,91,0.26843928350185065,1.0,7.200000000000003,10.360000000000003,45.5,0.8733911646822117,81,221.40587677016296,90.4286099267328,311.83448669689574,333.3
840,83,14,2.2000265827198544,2.5180722891566263,8.180722891566266,10.60361445783133,47.98192771084337,17.642168674698794,7.519772243760215,86.26506024096386,31.303229983706533,5.0,8.999999999999996,10.960000000000008,51.0,44.0,91,0.26843928350185065,1.0,7.400000000000002,10.360000000000003,46.0,0.4652102809242571,81,182.60220636574792,105.27681141264301,287.8790177783909,380.6
841,87,13,1.9292105411414768,2.4942528735632186,8.19655172413793,10.594482758620694,47.87931034482759,17.85632183908046,9.44991942804095,86.19540229885058,15.651614991853267,5.0,8.999999999999996,10.960000000000008,51.0,43.0,91,0.26843928350185065,1.0,7.400000000000002,10.360000000000003,46.0,0.024391719561021263,81,167.84131707930848,122.84895256453235,290.69026964384085,287.7
842,91,8,2.4972777468090124,2.5274725274725274,8.216483516483514,10.592087912087917,47.78021978021978,19.140659340659344,11.055934191093073,86.21978021978022,45.55218514430171,5.0,8.999999999999996,10.960000000000008,51.0,46.0,91,0.26843928350185065,1.0,7.400000000000002,10.360000000000003,46.0,0.1482157174314338,81,227.2522749596201,88.44747352874458,315.69974848836466,323.79999999999995
843,86,14,2.148294246474715,2.511627906976744,8.18720930232558,10.583953488372098,47.674418604651166,18.549999999999997,11.784927169446918,86.24418604651163,22.776092572150855,5.0,8.999999999999996,10.960000000000008,51.0,63.0,91,0.26843928350185065,1.0,7.400000000000002,10.300000000000002,46.0,0.017630056871975608,82,184.75330519682547,164.98898037225686,349.74228556908236,285.4
844,86,12,1.9482676554105953,2.558139534883721,8.172093023255814,10.572093023255817,47.53488372093023,16.938372093023258,18.26677118201469,86.31395348837209,11.388046286075427,5.0,8.999999999999996,10.960000000000008,51.0,66.0,92,0.26843928350185065,1.0,7.400000000000002,10.300000000000002,46.0,0.5569006676258632,82,167.5510183653112,219.20125418417626,386.75227254948743,95.2
845,89,12,2.453951674654592,2.5168539325842696,8.168539325842692,10.556179775280901,47.5,15.471910112359554,14.713893950256557,86.35955056179775,66.36896655600893,5.0,8.999999999999996,10.960000000000008,51.0,61.0,92,0.26843928350185065,1.0,7.400000000000002,10.300000000000002,46.0,0.32622123948975823,82,218.40169904425872,176.5667274030787,394.9684264473374,96.0
846,89,10,2.3196973801755885,2.49438202247191,8.174157303370782,10.554831460674158,47.47191011235955,15.897752808988768,27.27862279344737,86.29213483146067,66.36896655600893,5.0,8.999999999999996,10.960000000000008,51.0,99.0,92,0.26843928350185065,1.0,7.400000000000002,10.300000000000002,46.0,0.20104536433967812,82,206.45306683562737,272.7862279344737,479.2392947701011,105.5
847,88,12,2.280720529583875,2.534090909090909,8.167045454545452,10.553636363636365,47.47727272727273,17.620454545454546,25.023875794434357,86.39772727272727,66.36896655600893,5.0,8.999999999999996,10.960000000000008,51.0,98.0,92,0.3336438901685057,1.0,7.400000000000002,10.300000000000002,46.0,0.26181403015453525,82,200.703406603381,300.28650953321227,500.98991613659325,206.09999999999997
848,87,10,2.091561346248455,2.5172413793103448,8.185057471264367,10.548275862068968,47.39655172413793,18.654022988505755,30.318801221409302,86.41379310344827,33.184483278004464,5.0,8.999999999999996,10.960000000000008,51.0,97.0,92,0.3336438901685057,1.0,7.400000000000002,10.300000000000002,46.0,0.7079755667964814,82,181.9658371236156,303.188012214093,485.1538493377086,153.0
849,88,11,2.517982825732308,2.5,8.187499999999995,10.552954545454547,47.36363636363637,19.54659090909091,22.154042685435897,86.47727272727273,31.9548449755598,5.0,8.999999999999996,10.960000000000008,51.0,96.0,92,0.3336438901685057,1.0,7.400000000000002,10.300000000000002,45.5,0.2792338492703638,82,221.5824886644431,243.69446953979488,465.276958204238,185.1
850,88,12,3.3116302575508287,2.477272727272727,8.202272727272721,10.558409090909095,47.31818181818182,18.648863636363636,16.930305276347926,86.68181818181819,126.95484497555981,5.0,8.999999999999996,10.960000000000008,51.0,56.0,92,0.3336438901685057,1.0,7.400000000000002,10.300000000000002,45.5,0.9564518739816583,82,291.42346266447294,203.1636633161751,494.587125980648,96.5
851,92,11,3.29317667016318,2.4456521739130435,8.198913043478255,10.56804347826087,47.28804347826087,19.098913043478266,15.999412829535883,86.78260869565217,63.477422487779904,6.0,8.999999999999996,10.960000000000008,51.0,55.0,92,0.26181403015453525,1.0,7.400000000000002,10.300000000000002,45.0,0.4550506683786273,82,302.97225365501254,175.9935411248947,478.96579477990724,187.19999999999996
852,93,17,2.744155602135309,2.4516129032258065,8.175268817204296,10.577419354838712,47.18817204301075,18.209677419354843,14.340449570129826,86.98924731182795,31.738711243889952,6.0,8.999999999999996,10.960000000000008,51.0,65.0,93,0.2592537756094099,1.0,7.400000000000002,10.300000000000002,45.0,0.2592537756094099,82,255.20647099858374,243.78764269220704,498.99411369079075,187.09999999999997
853,93,12,2.569377297696176,2.4731182795698925,8.177419354838706,10.584516129032261,47.193548387096776,18.236559139784955,28.78155579140693,86.94623655913979,31.738711243889952,6.0,8.999999999999996,10.960000000000008,51.0,93.0,93,0.2592537756094099,1.0,7.400000000000002,10.300000000000002,45.0,0.5584676985407276,82,238.95208868574437,345.37866949688316,584.3307581826275,117.39999999999998
854,102,12,2.071187333715287,2.4313725490196076,8.190196078431368,10.586470588235294,47.17156862745098,17.214705882352952,33.46541278608045,87.05882352941177,31.738711243889952,6.0,8.999999999999996,10.960000000000008,51.5,92.0,93,0.2592537756094099,1.0,7.400000000000002,10.300000000000002,45.0,0.22963516794622807,82,211.26110803895926,401.5849534329654,612.8460614719247,92.79999999999998
855,109,14,1.7266127272908247,2.403669724770642,8.188990825688068,10.59449541284404,47.15137614678899,15.758715596330282,29.816097681858423,87.18348623853211,15.869355621944976,6.0,8.999999999999996,10.960000000000008,51.5,91.0,93,0.2592537756094099,1.0,7.400000000000002,10.300000000000002,45.0,0.6844832780044622,82,188.2007872746999,417.4253675460179,605.6261548207178,84.89999999999998
856,108,13,2.5745074870486473,2.388888888888889,8.18981481481481,10.598888888888894,47.148148148148145,17.156481481481485,32.798858568093785,87.31481481481481,58.52362806030907,6.0,8.999999999999996,10.960000000000008,51.5,96.0,93,0.2592537756094099,1.0,7.400000000000002,10.300000000000002,45.0,1.1113294541688568,82,278.04680860125393,426.3851613852192,704.4319699864732,190.29999999999998
857,105,19,2.3201892354547495,2.380952380952381,8.187619047619041,10.605714285714289,47.22380952380952,18.97809523809524,29.211336661842203,87.37142857142857,29.261814030154536,6.0,8.999999999999996,10.960000000000008,51.5,95.0,93,0.2592537756094099,1.0,7.400000000000002,10.300000000000002,45.0,0.6694660623361548,82,243.6198697227487,555.0153965750019,798.6352662977506,455.29999999999995
858,105,20,2.7646162219346864,2.380952380952381,8.181904761904754,10.608571428571432,47.23809523809524,20.71333333333333,30.20521040531289,87.33333333333333,34.31119352099629,6.0,8.999999999999996,10.960000000000008,51.5,94.0,93,0.26181403015453525,1.0,7.400000000000002,10.300000000000002,45.0,0.3849448942089433,82,290.28470330314207,604.1042081062578,894.3889114094,413.09999999999997
859,106,22,2.3413164895127747,2.358490566037736,8.155660377358485,10.620943396226417,47.221698113207545,20.741509433962264,34.586705814281935,87.30188679245283,18.99183472637156,6.0,8.999999999999996,10.960000000000008,51.5,93.0,93,0.26181403015453525,1.0,7.400000000000002,10.360000000000003,45.0,0.815939951119599,82,248.17954788835414,760.9075279142025,1009.0870758025567,350.3999999999999
860,106,27,3.49246371384657,2.349056603773585,8.12830188679245,10.631698113207552,47.193396226415096,19.5622641509434,28.025213838496093,87.27358490566037,86.97822593699082,6.0,8.999999999999996,10.900000000000007,51.5,92.0,93,0.26181403015453525,1.0,7.400000000000002,10.360000000000003,45.0,0.3336438901685057,82,370.20115366773643,756.6807736393945,1126.8819273071308,391.49999999999994
861,111,28,2.347007618264931,2.369369369369369,8.124324324324323,10.62810810810811,47.17567567567568,18.558558558558566,33.20097497377369,87.1981981981982,43.48911296849541,6.0,8.999999999999996,10.900000000000007,51.5,91.0,93,0.26181403015453525,1.0,7.400000000000002,10.360000000000003,45.0,0.4356713513650071,82,260.5178456274073,929.6272992656634,1190.1451448930707,284.29999999999995
862,111,28,2.0469060484473167,2.3963963963963963,8.11261261261261,10.628108108108114,47.21621621621622,17.753153153153153,32.480929404678726,87.28828828828829,21.744556484247706,6.0,8.999999999999996,10.900000000000007,51.5,90.0,93,0.26181403015453525,1.0,7.400000000000002,10.360000000000003,45.0,0.00020977905242425265,83,227.20657137765215,909.4660233310043,1136.6725947086566,291.69999999999993
863,116,23,2.6243980264029236,2.3706896551724137,8.100862068965517,10.623793103448277,47.150862068965516,18.59741379310345,38.02549809995996,87.26724137931035,59.4539849877799,6.0,8.999999999999996,10.900000000000007,51.5,89.0,93,0.26181403015453525,1.0,7.400000000000002,10.360000000000003,45.0,0.0014844412358892,83,304.43017106273913,874.586456299079,1179.016627361818,246.49999999999997
864,122,19,3.769530044809522,2.3852459016393444,8.095081967213114,10.616229508196723,47.09836065573771,19.04426229508197,34.79308277246913,87.24590163934427,89.22963516794623,6.0,8.599999999999998,10.900000000000007,50.5,88.0,93,0.31717431826810005,1.0,7.400000000000002,10.300000000000002,45.0,0.26181403015453525,83,459.8826654667617,661.0685726769134,1120.951238143675,282.2
865,125,21,4.0537740556551505,2.392,8.098399999999996,10.608160000000003,47.064,18.2128,27.66782084916903,87.328,66.67943619806458,6.0,8.599999999999998,10.900000000000007,50.5,87.0,93,0.31717431826810005,1.0,7.400000000000002,10.300000000000002,45.0,0.35903478026548163,83,506.72175695689384,581.0242378325496,1087.7459947894436,251.1
866,132,18,3.323062577672501,2.371212121212121,8.103030303030298,10.600000000000001,47.08712121212121,17.448484848484853,31.21675078556731,87.43181818181819,71.84701157151886,6.0,8.599999999999998,10.900000000000007,50.5,86.0,93,0.2951306634141148,1.0,7.400000000000002,10.300000000000002,45.0,0.3397586950663704,83,438.64426025277015,561.9015141402116,1000.5457743929817,278.7
867,148,15,3.2221197771073893,2.3783783783783785,8.107432432432434,10.584594594594593,47.145270270270274,16.45202702702703,30.796569415225296,87.54729729729729,48.83971809903229,6.0,8.599999999999998,10.900000000000007,50.5,85.0,93,0.2951306634141148,1.0,7.400000000000002,10.240000000000002,45.0,0.45927033589245614,83,476.8737270118936,461.94854122837944,938.822268240273,274.79999999999995
868,158,23,2.406350790315487,2.430379746835443,8.112658227848096,10.570379746835446,47.14556962025316,15.084810126582285,22.6682069635533,87.68354430379746,24.419859049516145,6.0,8.699999999999998,10.900000000000007,50.5,84.0,93,0.2951306634141148,1.0,7.400000000000002,10.240000000000002,45.0,0.2680561993827835,83,380.20342486984697,521.3687601617258,901.5721850315729,416.09999999999997
869,177,12,2.0186586923444816,2.4745762711864407,8.109039548022595,10.559999999999999,47.155367231638415,15.68135593220339,39.82265836723544,87.7909604519774,19.273765165840594,6.0,8.699999999999998,10.900000000000007,50.5,83.0,94,0.2951306634141148,1.0,7.400000000000002,10.240000000000002,45.0,0.7426854054600285,83,357.3025885449732,477.8719004068253,835.1744889517986,366.5
870,182,21,1.619890500268045,2.5054945054945055,8.10989010989011,10.549560439560437,47.104395604395606,16.251098901098906,24.184922167408317,88.04395604395604,11.969458605529113,6.0,8.699999999999998,10.900000000000007,50.0,82.0,94,0.26046654764868976,1.0,7.400000000000002,10.240000000000002,45.0,0.4572158442211646,84,294.8200710487842,507.88336551557467,802.7034365643589,658.5
871,175,21,1.7033542834711468,2.525714285714286,8.115428571428575,10.548228571428574,47.07714285714286,17.594285714285718,22.87116560666951,88.22285714285714,19.199291251039703,6.0,8.699999999999998,10.900000000000007,50.0,81.0,94,0.26046654764868976,1.0,7.400000000000002,10.240000000000002,45.0,0.8319022671859257,84,298.0869996074507,480.29447774005973,778.3814773475104,577.5999999999999
872,163,25,2.0101987683426277,2.521472392638037,8.114110429447855,10.544049079754602,47.107361963190186,19.095092024539873,20.45132261709126,88.28220858895706,62.85793703086812,6.0,8.699999999999998,10.900000000000007,50.0,89.0,94,0.26046654764868976,1.0,7.400000000000002,10.300000000000002,45.0,0.5555226536564593,84,327.6623992398483,511.2830654272815,838.9454646671297,702.3
873,152,25,1.8643691447059374,2.5328947368421053,8.123684210526314,10.541973684210527,47.108552631578945,21.592763157894737,23.44118991759339,88.32236842105263,31.42896851543406,6.0,8.699999999999998,10.900000000000007,50.0,88.0,94,0.26046654764868976,1.0,7.400000000000002,10.300000000000002,45.0,0.31717431826810005,84,283.3841099953025,586.0297479398348,869.4138579351372,844.0999999999999
874,145,23,4.055017455896032,2.606896551724138,8.126206896551723,10.546206896551727,47.09310344827586,21.845517241379305,12.85623505505025,88.36551724137931,79.65314095370566,7.0,8.699999999999998,10.900000000000007,50.0,87.0,94,0.34158423766592605,1.0,7.400000000000002,10.300000000000002,45.0,0.12260955580498223,84,587.9775311049247,295.69340626615576,883.6709373710804,475.59999999999997
875,140,27,4.205991434712546,2.6285714285714286,8.145000000000005,10.549428571428571,47.114285714285714,19.563571428571418,11.692857834091594,88.50714285714285,79.65314095370566,7.0,8.699999999999998,10.900000000000007,50.0,92.0,95,0.34158423766592605,1.0,7.400000000000002,10.300000000000002,45.0,0.23556704677575668,84,588.8388008597565,315.70716152047305,904.5459623802295,417.7
876,144,19,3.56255428341414,2.6319444444444446,8.154861111111112,10.558750000000007,47.12847222222222,19.284027777777773,15.213843774678232,88.68055555555556,85.89796094296673,7.0,8.699999999999998,10.900000000000007,50.0,91.0,95,0.36998803586281553,1.0,7.400000000000002,10.300000000000002,45.0,0.29998892579749536,84,513.0078168116362,289.0630317188864,802.0708485305227,335.79999999999995
877,151,24,3.1932151256725625,2.6357615894039736,8.157615894039736,10.562251655629137,47.19205298013245,16.892052980132444,9.204966242617035,88.82781456953643,80.89836006531563,7.0,8.799999999999997,10.900000000000007,50.0,90.0,95,0.26182401219263335,1.0,7.400000000000002,10.300000000000002,45.0,0.00829290137208627,84,482.1754839765569,220.91918982280882,703.0946737993658,465.9
878,153,27,2.627093304476471,2.6993464052287583,8.17385620915033,10.56666666666667,47.18627450980392,14.756209150326793,7.879785406447614,89.20261437908496,40.449180032657814,7.0,8.799999999999997,10.900000000000007,50.5,89.0,95,0.26182401219263335,1.0,7.400000000000002,10.300000000000002,44.5,0.18698967039822256,84,401.94527558490006,212.75420597408558,614.6994815589857,431.4
879,158,22,2.9129413524359213,2.6202531645569622,8.16898734177215,10.57569620253165,47.24367088607595,14.742405063291141,4.7255053350219915,89.4367088607595,91.05248238118952,7.0,8.799999999999997,10.900000000000007,51.0,50.0,95,0.26182401219263335,1.0,7.3000000000000025,10.300000000000002,44.5,0.14444959506226818,84,460.24473368487554,103.9611173704838,564.2058510553593,572.0
880,164,16,2.4011812447126797,2.5792682926829267,8.168292682926827,10.589390243902441,47.25609756097561,14.373170731707315,6.765897038272855,89.67073170731707,45.52624119059476,7.0,8.799999999999997,10.900000000000007,51.0,49.0,95,0.26182401219263335,1.0,7.3000000000000025,10.300000000000002,44.5,0.18391433370747334,85,393.7937241328795,108.25435261236568,502.04807674524517,441.8
881,168,22,2.2275239573515,2.619047619047619,8.157142857142857,10.589642857142858,47.282738095238095,15.5125,3.6884005228059866,89.83333333333333,44.2400285320493,7.0,8.799999999999997,10.960000000000008,51.0,48.0,95,0.2704024333269651,1.0,7.3000000000000025,10.300000000000002,44.5,0.041866190594759045,85,374.224024835052,81.14481150173171,455.3688363367837,671.1999999999999
882,156,25,1.7734162631389199,2.641025641025641,8.16538461538461,10.591153846153846,47.294871794871796,15.075000000000008,5.763674853121343,90.0,11.38156029764869,7.0,8.799999999999997,10.960000000000008,51.0,47.0,95,0.2704024333269651,1.0,7.3000000000000025,10.300000000000002,44.5,0.4226997293721787,85,276.6529370496715,144.0918713280336,420.7448083777051,775.8999999999999
883,160,14,2.034027257717276,2.68125,8.162499999999998,10.586125000000001,47.346875,16.515624999999993,4.219732900854661,90.0125,51.48215526610731,7.0,8.799999999999997,10.960000000000008,51.0,43.2400285320493,95,0.2704024333269651,1.0,7.3000000000000025,10.300000000000002,44.5,0.11755668844232914,85,325.4443612347642,59.076260611965246,384.52062184672945,535.4
884,156,13,2.139591044502265,2.7435897435897436,8.158974358974358,10.584230769230768,47.40064102564103,18.188461538461535,2.3769938222789126,90.0,43.43774065689718,7.0,8.799999999999997,10.960000000000008,51.0,11.0,95,0.2704024333269651,1.0,7.3000000000000025,10.300000000000002,44.5,0.13683116665870632,85,333.77620294235334,30.900919689625862,364.6771226319792,539.6999999999999
885,147,16,1.9850473924193788,2.8503401360544216,8.161224489795915,10.580408163265309,47.425170068027214,19.620408163265306,3.12496464188789,90.03401360544218,21.71887032844859,8.0,8.799999999999997,10.960000000000008,51.0,11.0,95,0.2704024333269651,1.0,7.3000000000000025,10.300000000000002,45.0,0.5920196921876847,85,291.80196668564867,49.99943427020624,341.8014009558549,588.3
886,138,21,1.898465342212285,2.963768115942029,8.171739130434782,10.578695652173913,47.36231884057971,21.431159420289863,4.871395549210536,90.1376811594203,11.079400757604697,8.0,8.799999999999997,10.960000000000008,51.0,51.0,95,0.2704024333269651,1.0,7.3000000000000025,10.300000000000002,45.0,0.13683116665870632,85,261.98821722529533,102.29930653342126,364.2875237587166,670.4
887,123,33,1.7153005959365284,2.8536585365853657,8.150406504065039,10.588780487804883,47.40243902439025,21.17235772357724,4.766182744354918,90.22764227642277,6.435269408263414,8.0,8.799999999999997,10.960000000000008,51.0,50.0,95,0.3355069093985003,1.0,7.3000000000000025,10.300000000000002,45.0,0.08160973330786048,85,210.981973300193,157.2840305637123,368.2660038639053,618.3
888,118,23,2.2506142744952067,2.8389830508474576,8.140677966101693,10.590847457627127,47.45762711864407,22.338135593220333,9.394046425321296,90.23728813559322,49.8996383155937,8.0,8.799999999999997,10.960000000000008,51.0,88.0,95,0.3355069093985003,1.0,7.3000000000000025,10.300000000000002,45.0,0.5787791592280431,85,265.5724843904344,216.0630677823898,481.6355521728242,271.4
889,111,21,1.8987261687594197,2.774774774774775,8.127927927927926,10.601081081081087,47.513513513513516,23.30990990990992,11.087607586238489,90.26126126126127,24.94981915779685,8.0,8.799999999999997,10.960000000000008,51.0,87.0,95,0.3355069093985003,1.0,7.3000000000000025,10.300000000000002,45.0,0.3151166369121725,85,210.7586047322956,232.83975931100827,443.59836404330383,371.99999999999994
890,107,19,1.978325586165474,2.7663551401869158,8.118691588785042,10.600000000000005,47.495327102803735,24.433644859813082,11.459088377284708,90.29906542056075,12.756822069336557,8.0,8.799999999999997,10.960000000000008,51.0,86.0,96,0.3355069093985003,1.0,7.3000000000000025,10.300000000000002,45.0,0.42269503720608625,85,211.68083771970572,217.72267916840946,429.4035168881152,395.59999999999997
891,101,24,1.633554175720673,2.742574257425743,8.116831683168314,10.60237623762377,47.475247524752476,22.873267326732677,12.226808185029379,90.45544554455445,6.435269408263414,8.0,8.699999999999998,10.960000000000008,51.0,85.0,96,0.3355069093985003,1.0,7.3000000000000025,10.300000000000002,45.0,0.22490957889842433,85,164.98897174778799,293.4433964407051,458.4323681884931,358.0
892,97,20,2.4752541013594036,2.7216494845360826,8.104123711340202,10.603711340206187,47.51030927835052,21.843298969072162,14.37123321105393,90.55670103092784,50.335506909398504,8.0,8.699999999999998,10.960000000000008,51.0,96.0,96,0.3355389099334638,1.0,7.3000000000000025,10.300000000000002,45.0,0.014204266651965725,85,240.09964783186214,287.4246642210786,527.5243120529408,165.1
893,94,19,2.9670901872049904,2.8085106382978724,8.096808510638294,10.609574468085109,47.558510638297875,20.386170212765958,13.33382665571142,90.53191489361703,84.62927522632815,8.0,8.699999999999998,11.020000000000008,51.0,95.0,96,0.2693469105127202,1.0,7.3000000000000025,10.300000000000002,45.0,0.1594277979599319,85,278.9064775972691,253.34270645851697,532.249184055786,156.29999999999998
894,96,15,2.68609718564899,2.8333333333333335,8.082291666666665,10.615000000000002,47.635416666666664,19.770833333333336,19.712741955689566,90.51041666666667,42.314637613164074,8.0,8.699999999999998,11.020000000000008,51.0,94.0,95,0.2693469105127202,1.0,7.3000000000000025,10.300000000000002,45.0,0.5999232728708319,85,257.86532982230307,295.6911293353435,553.5564591576465,107.49999999999999
895,102,13,2.7069850912704663,2.7058823529411766,8.07843137254902,10.617058823529412,47.622549019607845,18.54901960784314,24.94831185137953,90.63725490196079,55.67107781986693,8.0,8.799999999999997,11.020000000000008,51.0,93.0,95,0.2693469105127202,1.0,7.3000000000000025,10.360000000000003,45.0,0.32616990124913575,85,276.11247930958757,324.32805406793386,600.4405333775214,116.29999999999998
896,103,12,2.76643974817962,2.6990291262135924,8.090291262135919,10.619223300970877,47.71844660194175,17.822330097087374,24.003402864570464,90.81553398058253,48.638813855345866,8.0,8.899999999999997,11.020000000000008,51.0,92.0,95,0.2693469105127202,1.0,7.3000000000000025,10.360000000000003,45.0,0.8353960594164815,85,284.94329406250085,288.0408343748456,572.9841284373465,242.7
897,109,11,2.2638416050842034,2.7339449541284404,8.091743119266052,10.618715596330274,47.72018348623853,18.348623853211002,25.073583867775756,90.79816513761467,24.319406927672933,8.0,8.899999999999997,11.020000000000008,51.0,91.0,95,0.2693469105127202,1.0,7.3000000000000025,10.360000000000003,45.0,0.4529908375486804,85,246.75873495417818,275.8094225455333,522.5681574997116,285.59999999999997
898,111,13,1.8547878057537315,2.7387387387387387,8.067567567567565,10.62972972972973,47.887387387387385,18.050450450450448,22.18005164495979,90.82882882882883,12.159703463836466,8.0,8.899999999999997,11.080000000000009,51.5,90.0,95,0.2693469105127202,1.0,7.3000000000000025,10.360000000000003,45.0,0.22490957889842433,85,205.8814464386642,288.3406713844773,494.2221178231415,266.4
899,107,15,1.825868532386568,2.8130841121495327,8.070093457943923,10.628598130841123,48.0,18.035514018691593,18.337576567138118,90.8411214953271,11.15686131826833,8.0,8.899999999999997,11.080000000000009,51.5,89.0,95,0.2693469105127202,1.0,7.3000000000000025,10.360000000000003,45.0,0.13190328057778622,85,195.36793296536277,275.0636485070718,470.4315814724346,348.3
900,111,10,2.508876525366917,2.774774774774775,8.070270270270267,10.627027027027033,47.97747747747748,18.01171171171172,17.018980719553685,90.97297297297297,87.86664109095695,8.0,8.899999999999997,11.080000000000009,51.5,88.0,95,0.2693469105127202,1.0,7.3000000000000025,10.360000000000003,45.0,0.09462541645189093,85,278.4852943157278,170.18980719553684,448.67510151126464,241.89999999999998
901,111,8,2.746646306320854,2.7567567567567566,8.08018018018018,10.623783783783784,47.93693693693694,19.23513513513514,13.473454231624686,91.07207207207207,69.84936353709003,8.0,8.899999999999997,11.080000000000009,51.5,87.0,95,0.2693469105127202,1.0,7.3000000000000025,10.360000000000003,45.0,0.6710778198669276,85,304.8777400016148,107.78763385299749,412.6653738546123,360.7
902,111,10,2.393824657966347,2.684684684684685,8.054954954954955,10.628648648648648,47.950450450450454,18.926126126126128,10.096640045396622,91.01801801801801,34.924681768545014,7.0,8.899999999999997,11.080000000000009,51.5,86.0,95,0.2693469105127202,1.0,7.3000000000000025,10.360000000000003,44.5,0.3421556397338552,85,265.71453703426454,100.96640045396623,366.68093748823077,283.4
903,111,12,2.016806670444918,2.7927927927927927,8.036936936936932,10.632972972972976,47.950450450450454,18.772072072072078,8.716618817100986,90.84684684684684,17.462340884272507,8.0,8.899999999999997,11.080000000000009,51.5,85.0,95,0.2693469105127202,1.0,7.3000000000000025,10.360000000000003,44.5,0.38984092434057577,85,223.8655404193859,104.59942580521184,328.46496622459773,432.0
904,110,10,1.8163750513701693,2.7818181818181817,8.01909090909091,10.627272727272729,47.89545454545455,18.823636363636368,10.174362816216064,90.57272727272728,8.731170442136253,8.0,8.899999999999997,11.080000000000009,51.5,84.0,95,0.2693469105127202,1.0,7.3000000000000025,10.360000000000003,44.5,0.3305831063528443,85,199.80125565071862,101.74362816216065,301.5448838128793,376.1
905,114,8,1.670224127432417,2.7280701754385963,7.99912280701754,10.627368421052632,47.8640350877193,18.972807017543857,20.303096655477646,90.4298245614035,5.611662127056887,8.0,8.899999999999997,11.080000000000009,51.5,83.0,95,0.2693469105127202,1.0,7.3000000000000025,10.300000000000002,44.5,0.2728490763167579,85,190.40555052729553,162.42477324382116,352.8303237711167,207.70000000000002
906,100,19,1.4794621801802004,2.62,7.9739999999999975,10.640799999999999,47.9,18.683000000000003,11.77420482687067,90.41,4.86478413477101,8.0,8.899999999999997,11.080000000000009,51.5,82.0,95,0.2693469105127202,1.0,7.3000000000000025,10.300000000000002,44.5,0.5456981526335158,86,147.94621801802003,223.70989171054273,371.6561097285628,383.3
907,99,10,2.3934066708685133,2.6464646464646466,7.969696969696966,10.643030303030304,47.93434343434343,19.507070707070707,17.603640402815056,90.47474747474747,67.33058310635285,8.0,8.899999999999997,11.080000000000009,52.0,81.0,95,0.2849296856886479,1.0,7.200000000000003,10.300000000000002,44.5,0.2693469105127202,86,236.9472604159828,176.03640402815057,412.9836644441334,118.10000000000001
908,100,12,1.929908504361016,2.63,7.945999999999999,10.6516,47.98,20.088,22.570840782920513,90.41,33.665291553176424,8.0,8.899999999999997,11.080000000000009,52.0,82.0,94,0.2728490763167579,1.0,7.200000000000003,10.300000000000002,44.5,0.16050671132434502,86,192.9908504361016,270.85008939504615,463.84093983114775,157.29999999999998
909,102,8,3.072544312947748,2.607843137254902,7.952941176470586,10.642941176470588,47.88235294117647,19.416666666666668,23.332327620232995,90.38235294117646,80.7832842493519,8.0,8.899999999999997,11.080000000000009,52.0,81.0,94,0.2728490763167579,1.0,7.200000000000003,10.300000000000002,44.5,0.05104215092507758,86,313.3995199206703,186.65862096186396,500.05814088253425,46.400000000000006
910,106,6,2.6881149227424475,2.5660377358490565,7.946226415094335,10.641886792452834,47.87735849056604,19.7188679245283,32.76686581473693,90.36792452830188,40.39164212467595,8.0,8.899999999999997,11.080000000000009,52.0,80.0,94,0.2728490763167579,1.0,7.200000000000003,10.300000000000002,44.5,0.7864922954593516,86,284.9401818106994,196.6011948884216,481.541376699121,135.8
911,110,9,3.0970624794932387,2.5090909090909093,7.959090909090906,10.63545454545455,47.82272727272727,20.64636363636364,12.116864213999728,90.4090909090909,81.7458325340924,8.0,8.899999999999997,11.080000000000009,52.0,59.0,94,0.2728490763167579,1.0,7.200000000000003,10.300000000000002,44.5,0.6611662127056886,86,340.67687274425623,109.05177792599756,449.7286506702538,299.7
912,117,14,2.40647402838712,2.547008547008547,7.9641025641025625,10.632820512820519,47.82051282051282,18.632478632478637,13.48460008015232,90.48717948717949,40.8729162670462,8.0,8.899999999999997,11.080000000000009,52.0,80.0,95,0.2728490763167579,1.0,7.200000000000003,10.300000000000002,44.5,0.05204036103676324,86,281.55746132129303,188.7844011221325,470.3418624434255,233.5
913,124,16,1.9290523344544868,2.532258064516129,7.954032258064513,10.633387096774197,47.87096774193548,16.766129032258064,13.822838696457593,90.61290322580645,20.4364581335231,8.0,8.899999999999997,11.080000000000009,52.0,79.0,95,0.2630100902591908,1.0,7.200000000000003,10.300000000000002,45.5,0.3486519161958853,86,239.20248947235635,221.1654191433215,460.36790861567783,172.5
914,129,15,1.6904880067965138,2.558139534883721,7.962790697674417,10.631162790697674,47.87596899224806,15.93565891472868,15.921166869787934,90.67441860465117,10.21822906676155,8.0,8.899999999999997,11.080000000000009,52.0,78.0,95,0.2630100902591908,1.0,7.200000000000003,10.300000000000002,45.5,0.06252152645413589,86,218.07295287675026,238.817503046819,456.8904559235693,198.1
915,126,17,1.6203239815676804,2.611111111111111,7.9730158730158704,10.630476190476193,47.904761904761905,16.65,17.83698702593895,90.69047619047619,12.336977867900156,8.0,8.899999999999997,11.080000000000009,51.5,77.0,95,0.2630100902591908,1.0,7.3000000000000025,10.360000000000003,45.5,0.06281645864740248,86,204.16082167752774,303.2287794409621,507.38960111848985,337.6
916,123,8,2.547160029516745,2.6097560975609757,7.971544715447154,10.632195121951225,47.89430894308943,19.13983739837398,22.51229915215195,90.7560975609756,77.7430781404423,8.0,8.899999999999997,11.080000000000009,51.5,69.0,95,0.2849296856886479,1.0,7.3000000000000025,10.360000000000003,45.5,1.1040807220735265,86,313.3006836305596,180.0983932172156,493.3990768477752,320.4
917,119,14,2.343322489365799,2.588235294117647,7.969747899159658,10.631764705882357,47.85294117647059,21.089915966386553,13.859568659490234,90.89075630252101,77.7430781404423,8.0,8.899999999999997,11.080000000000009,51.5,68.0,95,0.2849296856886479,1.0,7.3000000000000025,10.360000000000003,45.5,0.3729162670462023,86,278.85537623453007,194.03396123286328,472.8893374673934,551.5
918,114,14,3.3633949598505133,2.6228070175438596,7.949999999999995,10.634210526315798,47.8859649122807,21.442982456140356,4.837995957172573,90.90350877192982,77.7430781404423,8.0,8.899999999999997,11.080000000000009,51.5,24.0,95,0.2849296856886479,1.0,7.3000000000000025,10.360000000000003,45.5,0.3729162670462023,86,383.42702542295854,67.73194340041601,451.15896882337455,418.2
919,113,10,3.362554912110863,2.672566371681416,7.946902654867255,10.637699115044255,47.915929203539825,23.00530973451328,10.662358293167518,90.92035398230088,67.3639104217127,8.0,8.899999999999997,11.080000000000009,51.5,74.0,95,0.2849296856886479,1.0,7.200000000000003,10.360000000000003,45.5,0.3355389099334638,86,379.9687050685275,106.62358293167517,486.5922880002027,317.0
920,102,18,2.9443637409464394,2.6470588235294117,7.9372549019607765,10.638823529411772,47.89705882352941,22.50294117647059,9.627141028668596,91.0,67.3639104217127,8.0,8.799999999999997,11.080000000000009,51.5,73.0,95,0.2849296856886479,1.0,7.200000000000003,10.360000000000003,45.5,0.5314082293237012,86,300.32510157653684,173.28853851603472,473.6136400925716,389.5
921,97,17,2.8780698552184876,2.6907216494845363,7.939175257731953,10.632164948453612,47.91752577319588,23.475257731958763,9.531802091988851,90.95876288659794,67.3639104217127,8.0,8.799999999999997,11.080000000000009,51.5,72.0,95,0.31555970409903084,1.0,7.200000000000003,10.360000000000003,45.5,0.09943031823776916,86,279.1727759561933,162.04063556381047,441.2134115200038,284.90000000000003
922,92,13,2.872181751128056,2.6847826086956523,7.953260869565212,10.635869565217392,47.96739130434783,24.215217391304346,12.218863383167614,91.18478260869566,67.3639104217127,8.0,8.799999999999997,11.080000000000009,52.0,71.0,95,0.31555970409903084,1.0,7.200000000000003,10.360000000000003,45.5,0.7264954187743402,87,264.24072110378114,158.84522398117898,423.08594508496014,332.5
923,87,15,3.348487344810126,2.7701149425287355,7.970114942528733,10.631724137931037,47.86206896551724,24.552873563218384,7.230720277956143,91.37931034482759,67.3639104217127,8.0,8.799999999999997,11.080000000000009,52.0,70.0,95,0.31555970409903084,1.0,7.200000000000003,10.360000000000003,45.5,0.27727863334519376,87,291.318398998481,108.46080416934215,399.77920316782314,281.8
924,82,18,2.9721410385218165,2.8292682926829267,7.946341463414633,10.630731707317077,47.75,22.654878048780493,9.05053883178205,91.34146341463415,33.68195521085635,8.0,8.699999999999998,11.080000000000009,52.0,69.0,95,0.31555970409903084,1.0,7.200000000000003,10.360000000000003,45.5,0.6761960876912504,87,243.71556515878896,162.9096989720769,406.62526413086584,242.5
925,77,14,2.610845491991163,2.896103896103896,7.903896103896104,10.64597402597403,47.785714285714285,20.51298701298701,12.528371110941274,91.45454545454545,19.487809896147336,8.0,8.699999999999998,11.080000000000009,52.0,68.0,95,0.31555970409903084,1.0,7.200000000000003,10.300000000000002,45.5,0.3384716175960076,87,201.03510288331952,175.39719555317782,376.4322984364974,271.8
926,78,10,2.16922384733449,2.9358974358974357,7.855128205128204,10.665384615384623,47.81410256410256,20.161538461538463,18.237600115476702,91.42307692307692,16.840977605428176,8.0,8.699999999999998,11.080000000000009,52.0,67.0,95,0.31555970409903084,1.0,7.200000000000003,10.300000000000002,45.5,0.6756396461466412,87,169.19946009209022,182.376001154767,351.57546124685723,183.8
927,78,13,2.13540793225335,2.9743589743589745,7.821794871794872,10.668461538461546,47.97435897435897,18.05,12.611191993557718,91.58974358974359,20.91728108803616,8.0,8.699999999999998,11.080000000000009,52.0,66.0,95,0.3223274905957376,1.0,7.200000000000003,10.300000000000002,45.5,0.3486519161958853,87,166.5618187157613,163.94549591625034,330.5073146320116,180.8
928,75,10,2.4651793519384464,2.96,7.809333333333334,10.665600000000008,47.96,17.664000000000005,12.67564626811108,91.78666666666666,31.227653363489868,5.0,8.699999999999998,11.080000000000009,52.0,65.0,96,0.33347044546129684,1.0,7.200000000000003,10.300000000000002,45.5,0.27418891580109506,87,184.88845139538347,126.7564626811108,311.6449140764943,159.20000000000002
929,74,7,2.7864121439839935,3.027027027027027,7.809459459459459,10.658378378378385,47.810810810810814,18.309459459459465,11.59627678059219,91.9054054054054,52.39784907631676,6.0,8.399999999999999,11.080000000000009,52.0,64.0,96,0.33347044546129684,1.0,7.200000000000003,10.240000000000002,45.5,0.09139630526703169,88,206.19449865481553,81.17393746414533,287.36843611896086,248.00000000000003
930,80,3,2.371663702926795,3.0,7.79125,10.660000000000007,47.775,17.870000000000008,22.22002929757096,91.9125,26.19892453815838,6.0,8.399999999999999,11.080000000000009,52.0,63.0,96,0.33347044546129684,1.0,7.200000000000003,10.240000000000002,45.5,1.2622388163961233,88,189.7330962341436,66.66008789271288,256.39318412685645,107.70000000000002
931,86,5,1.9764661642235584,3.058139534883721,7.762790697674416,10.661395348837214,47.68023255813954,16.48604651162791,22.522110553245348,91.84883720930233,13.09946226907919,6.0,8.399999999999999,11.080000000000009,52.0,62.0,96,0.33347044546129684,1.0,7.200000000000003,10.240000000000002,45.0,0.6669408909225937,88,169.97609012322602,112.61055276622673,282.5866428894527,69.80000000000001
932,88,4,1.7904892900354328,3.1136363636363638,7.751136363636363,10.6559090909091,47.70454545454545,18.59772727272727,36.45172833521812,91.8409090909091,6.549731134539595,6.0,8.399999999999999,11.080000000000009,52.0,61.0,96,0.33347044546129684,1.0,7.200000000000003,10.240000000000002,45.0,7.806913340872467,88,157.5630575231181,145.80691334087248,303.3699708639906,204.20000000000005
933,80,11,2.1949677006961754,3.15,7.7524999999999995,10.658500000000009,47.7625,19.11875,11.20097414575067,92.075,31.781353386403133,6.0,8.399999999999999,11.080000000000009,52.0,60.0,96,0.33347044546129684,1.0,7.200000000000003,10.240000000000002,45.0,1.3471085743462212,88,175.59741605569403,123.21071560325738,298.8081316589514,308.1
934,80,8,2.7554657667644356,3.0875,7.738749999999999,10.666750000000008,47.8125,20.733750000000008,7.306208475448347,92.0875,61.177284863651174,6.0,8.399999999999999,11.080000000000009,52.0,43.0,96,0.33347044546129684,1.0,7.200000000000003,10.240000000000002,45.0,0.3471085743462212,88,220.43726134115485,58.44966780358678,278.88692914474166,152.90000000000003
935,84,4,2.4286450727768445,3.0833333333333335,7.727380952380951,10.678571428571434,47.916666666666664,21.127380952380957,30.456779603121113,92.27380952380952,30.588642431825587,6.0,8.399999999999999,11.080000000000009,52.0,77.0,96,0.30868421310273975,1.0,7.200000000000003,10.240000000000002,45.0,0.6735542871731106,88,204.00618611325493,121.82711841248445,325.8333045257394,145.70000000000002
936,80,11,2.185584346164667,3.0875,7.7212499999999995,10.683250000000006,47.95,21.286249999999995,19.222290081544408,92.4125,15.294321215912793,6.0,8.399999999999999,11.080000000000009,52.0,77.0,96,0.30868421310273975,1.0,7.200000000000003,10.240000000000002,45.0,0.9253713651215332,88,174.84674769317337,211.4451908969885,386.29193859016186,293.90000000000003
937,76,15,3.061265208803204,3.0,7.677631578947368,10.716842105263167,48.026315789473685,20.90526315789474,13.848203396556771,92.35526315789474,76.97586416760906,6.0,8.399999999999999,11.080000000000009,52.0,75.0,96,0.30868421310273975,1.0,7.200000000000003,10.240000000000002,45.0,0.05256110033926098,88,232.65615586904352,207.72305094835156,440.3792068173951,243.20000000000002
938,73,12,4.583010069810868,3.041095890410959,7.668493150684934,10.714246575342473,48.06164383561644,22.719178082191778,12.248968741975617,92.53424657534246,76.97586416760906,6.0,8.399999999999999,11.080000000000009,52.0,72.0,96,0.30868421310273975,1.0,7.200000000000003,10.240000000000002,45.0,0.06903186932127459,88,334.5597350961934,146.9876249037074,481.5473599999008,211.20000000000005
939,70,12,5.084063349279069,2.9571428571428573,7.678571428571431,10.720000000000008,48.035714285714285,24.435714285714283,7.927291301642253,92.62857142857143,76.97586416760906,6.0,8.399999999999999,11.080000000000009,52.0,71.0,96,0.30868421310273975,1.0,7.200000000000003,10.240000000000002,45.0,0.2748655672697975,88,355.88443444953487,95.12749561970703,451.0119300692419,264.90000000000003
940,70,11,4.530040962758999,2.9285714285714284,7.691428571428573,10.711428571428584,48.042857142857144,24.664285714285707,8.67546643897781,92.78571428571429,76.97586416760906,6.0,8.399999999999999,11.080000000000009,52.0,70.0,96,0.30868421310273975,1.0,7.100000000000003,10.240000000000002,45.0,0.2748655672697975,88,317.10286739312994,95.43013082875592,412.53299822188586,226.70000000000005
941,74,10,3.4708642745257836,3.027027027027027,7.668918918918919,10.711891891891902,48.101351351351354,22.387837837837832,15.46838707951554,92.95945945945945,42.2748655672698,6.0,8.399999999999999,11.080000000000009,52.0,69.0,96,0.30868421310273975,1.0,7.0000000000000036,10.240000000000002,45.0,0.33347044546129684,89,256.843956314908,154.6838707951554,411.5278271100634,83.80000000000001
942,78,10,2.849763030985835,3.08974358974359,7.6987179487179445,10.679230769230779,47.90384615384615,21.75384615384615,18.55071882029502,93.06410256410257,21.1374327836349,6.0,8.399999999999999,11.080000000000009,52.0,68.0,96,0.28018268427427806,1.0,7.0000000000000036,10.240000000000002,45.0,0.418662869334638,89,222.28151641689513,185.5071882029502,407.78870461984536,142.00000000000003
943,81,11,2.3647749273180447,3.1358024691358026,7.676543209876542,10.680000000000007,47.901234567901234,21.7320987654321,21.30345742413902,93.06172839506173,10.56871639181745,7.0,8.399999999999999,11.080000000000009,52.0,67.0,96,0.28018268427427806,1.0,7.0000000000000036,10.240000000000002,45.0,0.15559704099030824,89,191.5467691127616,234.3380316655292,425.8848007782908,101.40000000000003
944,84,7,3.28694132778893,3.1547619047619047,7.655952380952378,10.670000000000007,47.75595238095238,22.03214285714285,31.42142052360481,93.03571428571429,52.226014623945254,7.0,8.399999999999999,11.080000000000009,52.0,88.0,96,0.28018268427427806,1.0,7.0000000000000036,10.240000000000002,44.5,1.4054957552377831,89,276.1030715342701,219.94994366523366,496.05301519950376,124.80000000000004
945,87,9,2.694755379135656,3.1149425287356323,7.656321839080461,10.658620689655177,47.62643678160919,22.16896551724138,32.523689318313934,93.06896551724138,26.113007311972627,7.0,8.399999999999999,11.080000000000009,52.0,87.0,96,0.28018268427427806,1.0,7.0000000000000036,10.240000000000002,44.5,0.40549575523778314,89,234.44371798480208,292.7132038648254,527.1569218496275,165.80000000000004
946,85,15,2.382936744091058,3.164705882352941,7.6858823529411735,10.639529411764716,47.55882352941177,20.757647058823522,24.93895189814616,93.44705882352942,13.056503655986313,7.0,8.399999999999999,11.080000000000009,52.0,86.0,97,0.28018268427427806,1.0,7.0000000000000036,10.240000000000002,44.5,0.45606499740044715,90,202.54962324773993,374.0842784721924,576.6339017199323,175.40000000000003
947,90,14,2.2276296200619448,3.1555555555555554,7.697777777777773,10.62733333333334,47.43888888888889,20.362222222222215,31.175659494727274,93.62222222222222,19.390945843606183,7.0,8.399999999999999,11.080000000000009,52.0,85.0,98,0.28018268427427806,1.0,7.0000000000000036,10.240000000000002,44.5,0.02212501252101351,90,200.48666580557503,436.4592329261818,636.9458987317569,147.3
948,88,14,2.5549414282069347,3.25,7.724999999999997,10.619090909090914,47.4375,20.103409090909086,28.660556481144216,93.7840909090909,43.52447763279225,7.0,8.399999999999999,11.080000000000009,52.0,84.0,98,0.28018268427427806,1.0,7.0000000000000036,10.240000000000002,44.5,0.4080157392495723,90,224.83484568221024,401.247790736019,626.0826364182292,177.8
949,89,13,2.375338104999584,3.3258426966292136,7.716853932584269,10.617528089887644,47.42134831460674,21.23932584269663,29.500282389990602,93.88764044943821,21.762238816396124,7.0,8.399999999999999,11.020000000000008,52.0,83.0,98,0.28018268427427806,1.0,7.0000000000000036,10.240000000000002,44.5,0.5971560643517064,90,211.40509134496295,383.50367106987784,594.9087624148408,293.80000000000007
950,87,11,3.6414698790296307,3.3333333333333335,7.732183908045977,10.613103448275867,47.35632183908046,21.67126436781609,30.655390927382147,93.95402298850574,75.64217909795437,7.0,8.399999999999999,11.020000000000008,52.0,83.0,98,0.3006869694047229,1.0,7.0000000000000036,10.240000000000002,44.5,0.7813533864031311,90,316.80787947557786,337.20930020120363,654.0171796767816,166.80000000000004
951,89,12,3.852286818591695,3.247191011235955,7.731460674157303,10.608764044943827,47.235955056179776,20.27528089887641,24.526713553717403,94.08988764044943,83.61466013600452,7.0,8.399999999999999,11.020000000000008,52.0,82.0,98,0.3006869694047229,1.0,7.0000000000000036,10.240000000000002,44.5,0.31382724448953814,90,342.85352685466086,294.32056264460886,637.1740894992697,143.30000000000004
952,90,14,4.263452802932397,3.188888888888889,7.738888888888892,10.598666666666672,47.13333333333333,18.304444444444446,20.49749480893507,94.15555555555555,58.56036536854856,7.0,8.399999999999999,11.020000000000008,52.0,90.0,98,0.3006869694047229,1.0,7.0000000000000036,10.240000000000002,44.5,0.9931672933250979,90,383.71075226391577,286.96492732509097,670.6756795890067,175.60000000000002
953,96,13,3.8235308046816576,3.2604166666666665,7.708333333333332,10.611875,47.375,17.30729166666667,24.48179805060021,94.3125,63.77428901608793,7.0,8.399999999999999,11.020000000000008,52.0,89.0,98,0.3006869694047229,1.0,6.900000000000004,10.240000000000002,44.5,0.6013739388094458,90,367.0589572494391,318.26337465780273,685.3223319072418,205.70000000000005
954,103,15,3.9250679615919464,3.1844660194174756,7.724271844660196,10.59941747572816,47.37378640776699,15.677669902912623,15.583299371190352,94.51456310679612,87.72027985204952,7.0,8.399999999999999,11.020000000000008,51.0,88.0,98,0.34003498150618944,1.0,6.900000000000004,10.240000000000002,44.5,0.3006869694047229,91,404.28200004397047,233.74949056785528,638.0314906118258,232.00000000000006
955,109,9,4.3371317996063805,3.1559633027522938,7.7688073394495385,10.588990825688075,47.41743119266055,15.212844036697248,12.437428932711367,94.6788990825688,81.26412591399658,7.0,8.499999999999998,11.020000000000008,51.0,87.0,98,0.34003498150618944,1.0,6.900000000000004,10.240000000000002,44.5,0.2411491604725624,91,472.7473661570955,111.9368603944023,584.6842265514978,224.30000000000004
956,113,8,3.83063038982289,3.1238938053097347,7.766371681415929,10.591504424778762,47.482300884955755,15.50619469026549,12.527682721182106,94.70796460176992,63.77428901608793,7.0,8.499999999999998,11.020000000000008,51.0,86.0,97,0.34003498150618944,1.0,6.900000000000004,10.240000000000002,44.5,0.5667935587795179,91,432.8612340499866,100.22146176945685,533.0826958194434,252.50000000000003
957,115,8,3.208346517188211,3.0782608695652174,7.788695652173913,10.592695652173918,47.54347826086956,15.967826086956519,13.200420926178579,94.85217391304347,31.887144508043963,7.0,8.499999999999998,11.020000000000008,51.0,85.0,97,0.26165273177033654,1.0,6.900000000000004,10.240000000000002,44.5,0.7833967793897589,91,368.95984947664425,105.60336740942863,474.5632168860729,340.40000000000003
958,124,4,2.761932846100052,3.0806451612903225,7.824193548387092,10.585,47.475806451612904,16.8491935483871,22.312404253596924,95.11290322580645,21.93006996301238,7.0,8.499999999999998,11.020000000000008,51.0,84.0,98,0.26165273177033654,1.0,6.900000000000004,10.240000000000002,44.5,0.4000185958180962,91,342.47967291640646,89.2496170143877,431.72928993079415,257.50000000000006
959,129,9,2.4003603724983438,3.0775193798449614,7.855038759689918,10.576744186046515,47.46124031007752,17.387596899224807,10.841202702782605,95.31007751937985,21.93006996301238,7.0,8.499999999999998,11.020000000000008,51.0,83.0,99,0.26165273177033654,1.0,6.900000000000004,10.240000000000002,44.5,0.25258590180063933,91,309.6464880522864,97.57082432504345,407.2173123773298,361.80000000000007
960,126,16,1.9128995589783968,3.0317460317460316,7.879365079365076,10.576666666666673,47.507936507936506,17.44444444444445,8.942494309496759,95.57936507936508,10.158015739249572,7.0,8.499999999999998,11.020000000000008,51.0,82.0,99,0.26165273177033654,1.0,6.900000000000004,10.240000000000002,44.5,0.3073300680022599,92,241.025344431278,143.07990895194814,384.1052533832261,435.6
961,123,15,1.8153379078009289,3.0813008130081303,7.8804878048780465,10.576097560975613,47.552845528455286,17.321138211382117,9.322021194481602,95.65853658536585,10.158015739249572,7.0,8.499999999999998,11.020000000000008,51.0,81.0,99,0.26165273177033654,1.0,6.900000000000004,10.240000000000002,44.5,0.3886242574068257,92,223.28656265951426,139.83031791722402,363.11688057673825,270.2
962,115,17,2.047004574780657,3.026086956521739,7.889565217391302,10.559826086956525,47.573913043478264,16.400000000000002,6.392404632950025,95.76521739130435,24.0419580810772,7.0,8.499999999999998,11.020000000000008,51.0,80.0,99,0.26165273177033654,1.0,6.900000000000004,10.240000000000002,44.5,0.5034348470236145,92,235.40552609977556,108.67087876015042,344.07640485992596,276.6
963,113,13,1.8628982232348554,3.079646017699115,7.916814159292031,10.552212389380534,47.5,17.393805309734514,8.361827405649013,95.85840707964601,12.0209790405386,7.0,8.499999999999998,11.020000000000008,51.0,79.0,99,0.26165273177033654,1.0,6.900000000000004,10.240000000000002,44.5,0.3706293726882737,92,210.50749922553865,108.70375627343718,319.21125549897585,331.90000000000003
964,110,9,1.8317993247417927,3.0272727272727273,7.9118181818181785,10.56236363636364,47.586363636363636,18.512727272727272,11.007856969048557,95.98181818181818,12.965590221695743,7.0,8.499999999999998,11.020000000000008,51.0,78.0,99,0.26165273177033654,1.0,6.900000000000004,10.240000000000002,44.5,0.5564241952287008,92,201.4979257215972,99.07071272143702,300.5686384430342,325.2
965,108,8,1.7665588022739143,3.0185185185185186,7.92685185185185,10.567777777777781,47.620370370370374,20.299074074074074,11.981748136497599,96.14814814814815,6.482795110847872,7.0,8.499999999999998,11.020000000000008,51.0,77.0,100,0.26165273177033654,1.0,6.900000000000004,10.240000000000002,44.5,0.9120440731799497,92,190.78835064558274,95.85398509198079,286.64233573756354,373.00000000000006
966,101,12,1.696708384704074,3.01980198019802,7.920792079207919,10.570297029702976,47.613861386138616,22.161386138613864,8.464501088050188,96.22772277227723,6.482795110847872,7.0,8.499999999999998,11.080000000000009,51.0,76.0,100,0.26165273177033654,1.0,6.900000000000004,10.240000000000002,44.5,0.3706293726882737,92,171.36754685511147,101.57401305660225,272.94155991171374,398.79999999999995
967,95,10,2.5791029809900063,3.0736842105263156,7.908421052631576,10.58105263157895,47.61578947368421,22.064210526315783,1.4468832016985005,96.26315789473684,75.45750285444178,7.0,8.499999999999998,11.080000000000009,51.0,3.909545242027685,100,0.26165273177033654,1.0,6.900000000000004,10.240000000000002,45.0,0.4209407112470088,92,245.0147831940506,14.468832016985004,259.4836152110356,235.89999999999998
968,93,10,2.0279619530336834,3.096774193548387,7.902150537634406,10.582580645161292,47.59139784946237,22.455913978494625,3.851288941075404,96.24731182795699,37.72875142722089,7.0,8.499999999999998,11.080000000000009,51.0,18.864375713610446,100,0.26165273177033654,1.0,6.900000000000004,10.240000000000002,45.0,0.8418814224940177,92,188.60046163213258,38.51288941075404,227.11335104288662,278.70000000000005
969,84,15,1.7779834765957387,3.0595238095238093,7.914285714285711,10.572857142857146,47.523809523809526,22.47023809523809,3.831261184142611,96.22619047619048,18.864375713610446,6.0,8.499999999999998,11.080000000000009,51.0,17.864375713610446,100,0.26165273177033654,1.0,6.900000000000004,10.240000000000002,45.0,0.8160314784991446,92,149.35061203404206,57.468917762139164,206.81952979618123,265.90000000000003
970,80,9,2.0715007630608993,3.0625,7.949999999999998,10.567750000000002,47.46875,23.19125,2.3963714827119444,96.275,17.77938142249402,6.0,8.499999999999998,11.020000000000008,51.0,8.432187856805223,100,0.26165273177033654,1.0,6.900000000000004,10.240000000000002,45.0,0.3064790646250706,92,165.72006104487193,21.5673433444075,187.28740438927943,151.90000000000003
971,77,8,2.0132399120643942,3.038961038961039,7.9805194805194795,10.570389610389615,47.577922077922075,25.106493506493507,2.0528674127298965,96.3896103896104,8.88969071124701,6.0,8.599999999999998,11.020000000000008,51.0,4.797726210138424,100,0.26165273177033654,1.0,6.900000000000004,10.240000000000002,45.0,0.07267672618774679,92,155.01947322895836,16.422939301839172,171.44241253079753,286.50000000000006
972,72,14,1.8258516866214864,2.9722222222222223,8.055555555555554,10.547500000000005,47.520833333333336,24.436111111111106,1.9214804588510501,96.48611111111111,7.1783964840963055,6.0,8.599999999999998,11.020000000000008,50.0,4.577055937863808,100,0.26165273177033654,1.0,6.900000000000004,10.240000000000002,45.0,0.39231631164524194,92,131.46132143674703,26.9007264239147,158.36204786066173,296.40000000000003
973,67,15,1.77585040459428,2.8507462686567164,8.102985074626865,10.54985074626866,47.56716417910448,24.06716417910447,7.79308163665065,96.61194029850746,7.1783964840963055,6.0,8.599999999999998,10.960000000000008,50.0,92.0,99,0.26165273177033654,1.0,6.900000000000004,10.240000000000002,45.0,0.3673714503590131,92,118.98197710781676,116.89622454975975,235.8782016575765,196.5
974,63,13,1.6750577539058795,2.761904761904762,8.125396825396827,10.548571428571433,47.54761904761905,22.553968253968247,8.79573893334879,96.82539682539682,6.898366583948478,6.0,8.599999999999998,10.960000000000008,50.0,91.0,99,0.26165273177033654,1.0,6.900000000000004,10.240000000000002,45.0,0.09700562606397733,93,105.52863849607041,114.34460613353428,219.8732446296047,185.1
975,60,10,1.7409409086749361,2.85,8.120000000000001,10.547000000000006,47.56666666666667,23.075,10.31774489021885,96.86666666666666,8.160939284026117,6.0,8.599999999999998,10.960000000000008,50.0,90.0,99,0.26165273177033654,1.0,6.900000000000004,10.240000000000002,45.0,0.046610927081346176,93,104.45645452049617,103.1774489021885,207.63390342268468,113.6
976,54,11,1.78841136413359,2.8703703703703702,8.114814814814817,10.551111111111119,47.583333333333336,23.283333333333328,11.332232031502928,97.0,8.160939284026117,6.0,8.599999999999998,10.960000000000008,50.0,89.0,99,0.26165273177033654,1.0,6.900000000000004,10.240000000000002,45.0,0.5233054635406731,93,96.57421366321385,124.6545523465322,221.22876600974604,141.1
977,52,6,1.7042625308718904,2.923076923076923,8.100000000000001,10.549230769230777,47.52884615384615,24.742307692307694,34.11487348268134,96.96153846153847,6.673965395916378,6.0,8.599999999999998,10.960000000000008,50.0,88.0,99,0.26165273177033654,1.0,6.900000000000004,10.240000000000002,45.0,0.9044327743377512,93,88.6216516053383,204.68924089608802,293.31089250142634,88.6
978,53,4,3.4814838365576737,2.943396226415094,8.101886792452833,10.547924528301897,47.5188679245283,24.896226415094343,27.150349658649603,97.01886792452831,89.5592559022186,6.0,8.599999999999998,10.960000000000008,50.0,81.0,99,0.26165273177033654,1.0,6.900000000000004,10.240000000000002,45.0,0.601398634598413,93,184.5186433375567,108.60139863459841,293.12004197215515,29.500000000000007
979,51,8,3.0575936551361016,3.019607843137255,8.125490196078433,10.5329411764706,47.470588235294116,25.735294117647058,15.986025975670902,97.15686274509804,44.7796279511093,6.0,8.599999999999998,10.960000000000008,50.0,80.0,100,0.26165273177033654,1.0,6.900000000000004,10.240000000000002,45.0,0.8160314784991446,93,155.93727641194118,127.88820780536722,283.8254842173084,155.0
980,51,8,2.7840638548025027,3.0588235294117645,8.147058823529411,10.525882352941188,47.46078431372549,26.872549019607842,19.027925024573577,97.31372549019608,22.38981397555465,6.0,8.599999999999998,10.960000000000008,50.0,79.0,100,0.26165273177033654,1.0,6.900000000000004,10.240000000000002,45.0,0.9409364575985584,93,141.98725659492763,152.2234001965886,294.21065679151627,114.8
981,44,15,2.949099821067587,3.272727272727273,8.138636363636365,10.531818181818194,47.42045454545455,27.277272727272734,9.874209864407394,97.45454545454545,22.38981397555465,6.0,8.599999999999998,10.960000000000008,50.0,78.0,101,0.26165273177033654,1.0,6.900000000000004,10.240000000000002,45.0,0.046610927081346176,93,129.76039212697384,148.11314796611092,277.8735400930848,241.99999999999997
982,44,14,2.4759537037470163,3.25,8.14318181818182,10.531818181818194,47.36363636363637,25.34090909090909,14.01663948169096,97.70454545454545,22.38981397555465,6.0,8.599999999999998,10.960000000000008,50.0,77.0,101,0.26165273177033654,1.0,6.900000000000004,10.240000000000002,45.0,0.13206295699828918,93,108.94196296486871,196.23295274367345,305.17491570854213,76.09999999999998
983,45,11,2.5074802650712433,3.2666666666666666,8.106666666666667,10.549333333333344,47.477777777777774,24.586666666666662,19.033039548514587,97.84444444444445,22.38981397555465,6.0,8.599999999999998,10.960000000000008,50.0,76.0,101,0.26165273177033654,1.0,6.800000000000004,10.240000000000002,45.0,0.039503934812393116,93,112.83661192820595,209.36343503366047,322.2000469618664,57.599999999999994
984,48,9,2.3453507771142115,3.1458333333333335,8.068750000000001,10.570000000000011,47.583333333333336,21.90833333333333,23.72993170659408,98.0625,16.985893063505497,6.0,8.599999999999998,10.960000000000008,50.0,75.0,101,0.26165273177033654,1.0,6.800000000000004,10.240000000000002,45.0,1.3163628944875427,93,112.57683730148214,213.5693853593467,326.14622266082887,0.0
985,51,8,2.025676519480614,3.196078431372549,8.107843137254903,10.557647058823541,47.549019607843135,20.976470588235298,26.15360494940728,98.27450980392157,11.194906987777324,6.0,8.699999999999998,10.960000000000008,50.0,74.0,102,0.26165273177033654,1.0,6.800000000000004,10.240000000000002,45.0,1.0,93,103.3095024935113,209.22883959525825,312.5383420887696,25.499999999999993
986,48,12,1.8893881919069004,3.2916666666666665,8.11875,10.537500000000012,47.520833333333336,19.73333333333333,21.969992881155076,98.33333333333333,11.194906987777324,6.0,8.699999999999998,10.960000000000008,50.0,73.0,102,0.26165273177033654,1.0,6.800000000000004,10.240000000000002,45.0,0.5618425743028104,93,90.69063321153122,263.6399145738609,354.3305477853921,81.69999999999999
987,46,11,1.9366373505912022,3.391304347826087,8.10217391304348,10.537391304347837,47.52173913043478,20.61521739130435,28.75486475977542,98.34782608695652,6.058338435960986,6.0,8.699999999999998,10.960000000000008,50.0,72.0,102,0.26165273177033654,1.0,6.800000000000004,10.240000000000002,45.0,0.6409600700743131,93,89.08531812719531,316.3035123575296,405.3888304847249,102.19999999999997
988,45,11,1.9277183887800498,3.488888888888889,8.106666666666666,10.537333333333345,47.44444444444444,21.222222222222225,27.733316748052882,98.44444444444444,8.29554361430516,6.0,8.699999999999998,10.960000000000008,50.0,71.0,102,0.5216995978555496,1.0,6.800000000000004,10.240000000000002,45.0,0.26165273177033654,93,86.74732749510224,305.0664842285817,391.81381172368395,130.1
989,43,9,2.434265007396782,3.488372093023256,8.125581395348835,10.527441860465126,47.43023255813954,22.72790697674419,40.72259769046344,98.48837209302326,23.169115340878363,6.0,8.699999999999998,10.960000000000008,50.0,89.0,102,0.5216995978555496,1.0,6.800000000000004,10.240000000000002,45.0,1.054195922196685,93,104.67339531806164,366.50337921417093,471.17677453223257,75.99999999999999
990,38,14,2.2485186529246195,3.4473684210526314,8.105263157894736,10.538421052631588,47.43421052631579,24.52631578947369,33.06719906327696,98.65789473684211,11.584557670439182,6.0,8.599999999999998,10.960000000000008,50.0,92.0,102,0.5216995978555496,1.0,6.800000000000004,10.240000000000002,45.0,1.3993633734721656,93,85.44370881113554,462.94078688587746,548.384495697013,226.09999999999997
991,37,17,2.046005327876439,3.675675675675676,8.105405405405403,10.528648648648657,47.21621621621622,21.10810810810811,30.202936383297597,99.08108108108108,5.792278835219591,6.0,8.599999999999998,10.900000000000007,50.0,91.0,103,0.5216995978555496,1.0,6.800000000000004,10.240000000000002,45.0,0.39936337347216555,93,75.70219713142825,513.4499185160591,589.1521156474873,134.0
992,37,12,6.270915185168898,3.8378378378378377,8.14054054054054,10.520540540540551,47.054054054054056,20.13243243243243,33.43230202665794,99.43243243243244,93.38107232025345,6.0,8.599999999999998,10.900000000000007,49.5,86.0,103,0.5216995978555496,1.0,6.800000000000004,10.240000000000002,45.0,0.04339919571109929,93,232.0238618512492,401.18762431989535,633.2114861711445,39.0
993,38,9,6.37908818306426,3.763157894736842,8.078947368421051,10.533684210526326,47.13157894736842,18.573684210526316,44.63407675040963,99.3157894736842,46.690536160126726,6.0,8.599999999999998,10.900000000000007,49.5,85.0,103,0.4758086056650853,1.0,6.800000000000004,10.240000000000002,45.0,1.1650081835980783,93,242.40535095644188,401.7066907536867,644.1120417101286,25.599999999999994
994,41,10,4.175806869651766,3.7804878048780486,8.097560975609756,10.540000000000012,47.146341463414636,16.153658536585365,48.25808502842566,99.4390243902439,23.345268080063363,6.0,8.599999999999998,10.900000000000007,49.5,84.0,103,0.4758086056650853,1.0,6.800000000000004,10.240000000000002,45.0,1.3993633734721656,94,171.20808165572242,482.5808502842566,653.788931939979,22.600000000000005
995,49,10,3.665779081466561,3.693877551020408,8.108163265306123,10.546122448979602,47.142857142857146,15.23061224489796,50.93993633734722,99.48979591836735,35.72099084559684,6.0,8.599999999999998,10.900000000000007,49.5,83.0,104,0.4758086056650853,1.0,6.800000000000004,10.240000000000002,45.0,0.39936337347216555,94,179.6231749918615,509.39936337347217,689.0225383653337,51.00000000000002
996,57,9,3.9221668520820083,3.5789473684210527,8.124561403508771,10.55578947368422,47.14035087719298,15.789473684210527,52.0,99.64912280701755,63.06743799185155,6.0,8.599999999999998,10.900000000000007,49.5,82.0,104,0.4758086056650853,1.0,6.800000000000004,10.240000000000002,45.0,21.0,94,223.56351056867447,468.0,691.5635105686745,115.70000000000002
997,59,11,4.296793129158457,3.5254237288135593,8.162711864406782,10.532881355932213,47.1271186440678,17.41016949152542,37.30911862457013,99.77966101694915,59.16309277012643,6.0,8.599999999999998,10.900000000000007,49.5,81.0,104,0.26704286649050346,1.0,6.800000000000004,10.240000000000002,45.0,0.4758086056650853,94,253.51079462034897,410.40030487027144,663.9110994906205,236.60000000000002
998,56,14,3.451976142178402,3.5357142857142856,8.171428571428574,10.54107142857144,47.098214285714285,17.93392857142857,36.10360171296084,99.82142857142857,29.581546385063216,6.0,8.599999999999998,10.900000000000007,49.5,80.0,104,0.26704286649050346,1.0,6.800000000000004,10.240000000000002,45.0,1.084557670439181,94,193.3106639619905,505.4504239814517,698.7610879434422,176.9
999,61,14,3.348119334065462,3.540983606557377,8.17377049180328,10.550819672131157,47.09016393442623,16.821311475409836,33.770517420667986,99.80327868852459,35.25507657857784,6.0,8.599999999999998,10.900000000000007,49.5,79.0,104,0.26704286649050346,1.0,6.800000000000004,10.240000000000002,44.5,0.08455767043918105,94,204.23527937799318,472.7872438893518,677.022523267345,75.69999999999999
1000,64,11,5.366873145251633,3.453125,8.190625,10.559687500000006,47.0078125,17.5328125,35.443089526650404,99.96875,79.17766568241636,6.0,8.599999999999998,10.900000000000007,49.5,77.0,105,0.26704286649050346,1.0,6.800000000000004,10.240000000000002,44.5,0.26704286649050346,94,343.4798812961045,389.8739847931544,733.3538660892589,98.6
1001,68,12,4.535757550327087,3.514705882352941,8.197058823529412,10.554117647058824,47.044117647058826,17.988235294117647,39.74590228606711,100.1029411764706,50.448069708804894,6.0,8.599999999999998,10.900000000000007,50.0,96.0,105,0.26704286649050346,1.0,6.800000000000004,10.180000000000001,44.5,0.5340857329810069,94,308.43151342224195,476.9508274328053,785.3823408550472,147.39999999999998
