Turn,#animals,#food,avgAE,avgET,avgH,avgV,avgML,avgL,avgFE,avgGen,maxAE,maxET,maxH,maxV,maxML,maxFE,maxGen,minAE,minET,minH,minV,minML,minFE,minGen,totalAE,totalFE,totalE,totalCombat
0,100,1100,12.165,48.66,5.07,12.02,25.83,0.0,50.67727272727273,0.0,24.75,99.0,9.0,14.0,49.0,99.0,0,0.5,2.0,1.0,10.0,2.0,1.0,0,1216.5,55745.0,56961.5,0.0
1,100,1335,51.125,48.66,5.07,12.02,25.83,1.99,50.38501872659176,0.0,118.0,99.0,9.0,14.0,49.0,99.0,0,1.25,2.0,1.0,10.0,2.0,1.0,0,5112.5,67264.0,72376.5,99.0
2,109,1317,61.63646788990825,47.65137614678899,5.319266055045871,11.990825688073395,27.665137614678898,3.0458715596330275,49.73880030372058,0.1743119266055046,199.5,99.0,9.1,14.06,49.5,146.75,1,0.625,1.0,0.9,10.0,3.0,1.0,0,6718.375,65506.0,72224.375,177.0
3,132,1308,59.21212121212121,48.21212121212121,5.401515151515151,12.00090909090909,27.859848484848484,3.2196969696969697,49.38073394495413,0.36363636363636365,240.25,99.0,9.1,14.06,49.5,145.75,1,0.625,1.0,0.9,9.94,3.0,1.0,0,7816.0,64590.0,72406.0,113.0
4,159,1298,62.1434748427673,46.63522012578616,5.5207547169811315,12.03522012578616,28.49685534591195,3.347798742138365,48.8698719183359,0.5723270440251572,199.5,99.0,9.2,14.120000000000001,49.5,144.75,2,0.625,1.0,0.9,9.94,3.0,0.5,0,9880.8125,63433.09375,73313.90625,180.3
5,183,1274,66.59793374316939,46.82513661202186,5.439890710382514,12.090710382513658,28.065573770491802,3.6519125683060105,48.862858124018835,0.73224043715847,206.125,99.0,9.2,14.120000000000001,49.5,155.0,2,0.625,1.0,0.9,9.879999999999999,3.5,1.0,0,12187.421875,62251.28125,74438.703125,234.2
6,225,1255,62.46838541666666,45.57333333333333,5.6320000000000014,12.076711111111106,27.851111111111113,4.655555555555556,48.8269297808765,0.9066666666666666,199.75,99.0,9.2,14.120000000000001,49.5,154.0,3,0.625,1.0,0.9,9.879999999999999,4.0,1.0,0,14055.38671875,61277.796875,75333.18359375,281.2
7,254,1205,66.13353531003936,44.37007874015748,5.605118110236222,12.056614173228343,27.99015748031496,5.669685039370078,48.52533713692946,1.047244094488189,289.75,99.0,9.2,14.120000000000001,49.5,153.0,3,0.625,1.0,0.8,9.819999999999999,3.5,0.5,0,16797.91796875,58473.03125,75270.94921875,535.2
8,297,1124,63.385318023989896,41.82828282828283,5.803367003367003,12.030909090909082,27.838383838383837,5.470370370370372,48.28739435053381,1.2861952861952861,204.015625,98.0,9.299999999999999,14.180000000000001,49.5,178.25,4,0.625,1.0,0.8,9.819999999999999,3.5,0.5,0,18825.439453125,54275.03125,73100.470703125,519.0000000000001
9,336,1080,61.582815987723215,40.375,5.866666666666665,12.020654761904757,28.233630952380953,5.797023809523811,48.54295428240741,1.4702380952380953,262.25,98.0,9.299999999999999,14.180000000000001,50.0,197.8125,4,1.78125,1.0,0.7000000000000001,9.759999999999998,3.5,1.0,0,20691.826171875,52426.390625,73118.216796875,667.8
10,374,1054,57.98956984249666,40.18449197860963,5.768181818181814,12.051176470588226,28.86764705882353,6.246791443850269,48.93446654115275,1.6229946524064172,264.6875,98.0,9.299999999999999,14.240000000000002,50.0,196.8125,4,2.9765625,1.0,0.7000000000000001,9.759999999999998,3.5,0.25,0,21688.09912109375,51576.927734375,73265.02685546875,994.1
11,405,914,61.542921730324075,39.72592592592593,5.646666666666664,12.091851851851844,29.55679012345679,7.078765432098767,49.87440594228665,1.7555555555555555,204.8046875,98.0,9.299999999999999,14.240000000000002,50.0,195.8125,4,2.9765625,1.0,0.7000000000000001,9.759999999999998,3.5,1.0,0,24924.88330078125,45585.20703125,70510.09033203125,1104.0
12,468,844,52.25239549946581,40.083333333333336,5.552350427350423,12.121666666666654,29.957264957264957,7.291880341880346,50.36149300670172,1.9465811965811965,188.1796875,98.0,9.299999999999999,14.240000000000002,50.0,194.8125,5,2.9765625,1.0,0.7000000000000001,9.759999999999998,3.5,1.0,0,24454.12109375,42505.10009765625,66959.22119140625,1392.1
13,502,732,53.29744279717069,39.21713147410359,5.5141434262948135,12.130677290836655,30.070717131474105,7.978685258964141,51.493314816000684,2.1075697211155378,190.474609375,98.0,9.299999999999999,14.240000000000002,50.0,193.8125,5,1.71630859375,1.0,0.7000000000000001,9.759999999999998,3.5,1.0,0,26755.316284179688,37693.1064453125,64448.42272949219,1457.1000000000001
14,556,654,49.20990539111679,38.931654676258994,5.498201438848913,12.094136690647463,30.325539568345324,8.59964028776979,52.33026253703173,2.323741007194245,199.03125,97.0,9.299999999999999,14.240000000000002,50.0,192.8125,5,1.71630859375,1.0,0.7000000000000001,9.759999999999998,3.5,1.0,0,27360.707397460938,34223.99169921875,61584.69909667969,1854.8999999999999
15,595,570,48.33020419593619,38.3546218487395,5.502016806722685,12.110756302521013,30.863025210084032,8.801344537815133,52.885968767132674,2.4941176470588236,190.474609375,98.0,9.299999999999999,14.240000000000002,50.0,191.8125,6,1.100372314453125,1.0,0.7000000000000001,9.819999999999999,3.5,1.0,0,28756.47149658203,30145.002197265625,58901.473693847656,1790.9
16,628,498,46.94753486487516,38.496815286624205,5.507484076433115,12.116305732484072,31.612261146496817,8.994585987261155,53.32229932915255,2.7038216560509554,185.640625,98.0,9.299999999999999,14.240000000000002,50.0,190.8125,6,1.37646484375,1.0,0.7000000000000001,9.819999999999999,3.5,1.0,0,29483.0518951416,26554.50506591797,56037.55696105957,2093.3
17,658,434,46.742300491564905,37.8419452887538,5.530091185410324,12.08173252279635,31.86322188449848,9.932674772036469,52.24774816838278,2.89209726443769,195.431640625,98.0,9.299999999999999,14.240000000000002,50.0,186.1796875,6,0.539581298828125,1.0,0.7000000000000001,9.819999999999999,3.5,0.09375,0,30756.433723449707,22675.522705078125,53431.95642852783,2349.1
18,674,391,44.81694507881866,36.97032640949555,5.572997032640944,12.0666172106825,32.22774480712166,10.901780415430256,53.44065892056126,3.0756676557863503,230.9560546875,98.0,9.299999999999999,14.240000000000002,50.0,185.640625,6,0.539581298828125,1.0,0.7000000000000001,9.759999999999998,3.5,0.7958984375,0,30206.62098312378,20895.297637939453,51101.91862106323,2778.9
19,655,380,44.212207596174636,37.06564885496183,5.5145038167938845,12.041221374045827,32.24503816793893,12.05923664122137,52.89294575139096,3.2473282442748093,247.37646484375,98.0,9.299999999999999,14.300000000000002,50.0,206.10546875,7,1.30950927734375,1.0,0.7000000000000001,9.759999999999998,3.0,0.316650390625,0,28958.995975494385,20099.319385528564,49058.31536102295,3350.5
20,636,372,42.48431850154445,36.70125786163522,5.509276729559739,12.095157232704402,32.261792452830186,12.3443396226415,54.30527183061005,3.4449685534591197,247.37646484375,98.0,9.399999999999999,14.300000000000002,50.0,205.10546875,7,0.54974365234375,1.0,0.7000000000000001,9.759999999999998,3.0,1.0,0,27020.02656698227,20201.56112098694,47221.58768796921,3182.9
21,613,363,42.07961648517876,36.564437194127244,5.613376835236534,12.125448613376838,32.72675367047308,13.716639477977171,54.71815729141235,3.5856443719412723,247.37646484375,98.0,9.399999999999999,14.300000000000002,50.5,204.10546875,8,0.54974365234375,1.0,0.7000000000000001,9.759999999999998,3.0,0.7562732696533203,0,25794.80490541458,19862.691096782684,45657.496002197266,2880.0
22,575,353,43.47269377418186,36.76869565217391,5.630434782608694,12.108069565217388,33.485217391304346,15.199130434782612,54.81380236385227,3.733913043478261,247.37646484375,98.0,9.399999999999999,14.300000000000002,50.5,203.10546875,8,1.0570068359375,1.0,0.7000000000000001,9.759999999999998,3.0,0.6416015625,0,24996.79892015457,19349.27223443985,44346.07115459442,3013.0
23,535,380,41.36773428827803,35.84485981308411,5.599252336448594,12.0478878504673,34.162616822429904,15.327850467289725,54.14182106695677,3.9065420560747666,252.8231201171875,98.0,9.399999999999999,14.300000000000002,50.5,222.400146484375,8,1.1940040588378906,1.0,0.7000000000000001,9.819999999999999,3.0,0.05806732177734375,0,22131.737844228745,20573.892005443573,42705.62984967232,2755.2
24,543,328,43.694465868819925,35.06998158379374,5.706998158379369,12.071896869244945,34.25230202578269,15.546408839779007,52.757186772619804,4.116022099447513,252.8231201171875,98.0,9.399999999999999,14.300000000000002,50.5,247.37646484375,8,0.7991973161697388,1.0,0.7000000000000001,9.819999999999999,3.0,0.1161346435546875,1,23726.09496676922,17304.357261419296,41030.452228188515,2050.1
25,541,309,39.449489983304815,35.28280961182995,5.652125693160809,12.046802218114593,34.626617375231056,14.842329020332727,56.768612007492955,4.288354898336414,275.2459716796875,91.0,9.399999999999999,14.360000000000003,50.5,236.73974609375,8,0.7991973161697388,1.0,0.7000000000000001,9.819999999999999,3.0,0.2919921875,1,21342.174080967903,17541.501110315323,38883.675191283226,2258.8
26,557,313,35.8826032143949,34.77917414721723,5.649551166965889,12.008150807899465,34.92100538599641,13.423518850987438,54.42387101939692,4.490125673249551,275.2459716796875,91.0,9.399999999999999,14.360000000000003,51.0,235.73974609375,9,0.838099479675293,1.0,0.6000000000000001,9.819999999999999,7.5,0.19400405883789062,1,19986.609990417957,17034.671629071236,37021.28161948919,2126.1
27,568,266,36.415401111028984,33.941901408450704,5.664084507042252,12.023802816901423,34.40580985915493,13.292429577464784,56.03233002002974,4.665492957746479,275.2459716796875,91.0,9.399999999999999,14.300000000000002,51.0,375.3599853515625,9,0.838099479675293,1.0,0.6000000000000001,9.819999999999999,7.5,0.7733020782470703,1,20683.947831064463,14904.599785327911,35588.547616392374,2021.7
28,577,254,35.615223039296716,32.79376083188908,5.644194107452344,12.031403812824957,34.8370883882149,13.11681109185442,52.73892141022081,4.852686308492201,275.2459716796875,91.0,9.399999999999999,14.300000000000002,51.0,374.3599853515625,10,0.8843100965023041,1.0,0.6000000000000001,9.819999999999999,7.5,0.20385360717773438,1,20549.983693674207,13395.686038196087,33945.66973187029,2328.6
29,568,234,35.806929565402086,32.21654929577465,5.652640845070429,12.027147887323952,35.00880281690141,13.656161971830981,51.96183795278144,5.029929577464789,389.72321701049805,91.0,9.399999999999999,14.300000000000002,51.0,275.2459716796875,10,0.36616456508636475,1.0,0.5000000000000001,9.819999999999999,7.5,0.4633359909057617,1,20338.335993148386,12159.070080950856,32497.406074099243,2510.9
30,571,231,34.92287704363243,32.15411558669002,5.707880910683009,12.065744308231157,35.11908931698774,13.825043782837124,46.718946821697344,5.257443082311734,359.3856201171875,92.0,9.399999999999999,14.240000000000002,51.0,184.73046875,11,0.32472002506256104,1.0,0.5000000000000001,9.759999999999998,9.0,0.12816542387008667,1,19940.96279191412,10792.076715812087,30733.039507726207,2656.9
31,566,213,34.08731383088377,31.45053003533569,5.705830388692583,12.096925795052998,34.99734982332156,14.042579505300342,47.02078805772911,5.429328621908128,309.67718505859375,92.0,9.399999999999999,14.300000000000002,51.5,183.73046875,11,0.36616456508636475,1.0,0.5000000000000001,9.759999999999998,9.0,0.52618408203125,1,19293.419628280215,10015.4278562963,29308.847484576516,2537.6
32,553,216,32.77171645297334,30.866184448462928,5.749547920434004,12.19439421338155,34.725135623869804,13.838878842676289,46.019181949534904,5.603978300180832,226.75079345703125,92.0,9.499999999999998,14.300000000000002,52.0,309.67718505859375,11,0.36616456508636475,1.0,0.5000000000000001,9.759999999999998,9.0,0.7032470703125,1,18122.759198494256,9940.143301099539,28062.902499593794,2642.9
33,539,211,32.848269426260416,30.98886827458256,5.741187384044529,12.16515769944341,34.83302411873841,14.831725417439698,44.17748371009843,5.7272727272727275,232.7359161376953,92.0,9.499999999999998,14.300000000000002,52.0,308.67718505859375,10,0.36616456508636475,1.0,0.5000000000000001,9.759999999999998,9.0,0.4184253215789795,2,17705.217220754363,9321.449062830769,27026.66628358513,2598.2
34,514,221,31.3796138284048,31.81906614785992,5.7749027237354085,12.145680933852141,35.304474708171206,15.18151750972763,43.998316252628356,5.871595330739299,317.2943649291992,92.0,9.499999999999998,14.300000000000002,52.0,225.75079345703125,10,0.36616456508636475,1.0,0.5000000000000001,9.759999999999998,9.0,0.013186047784984112,2,16129.121507800068,9723.627891830867,25852.749399630935,2563.2
35,509,214,30.74943533708111,31.009823182711198,5.8850687622789835,12.186758349705297,35.54322200392927,15.226915520628683,42.93864758835918,6.086444007858546,209.91579914093018,92.0,9.499999999999998,14.300000000000002,52.0,224.75079345703125,10,0.3079378306865692,1.0,0.5000000000000001,9.759999999999998,9.5,0.013186047784984112,2,15651.462586574286,9188.870583908865,24840.33317048315,2082.6
36,505,174,32.47679241770414,29.68910891089109,5.953861386138616,12.167643564356423,35.77623762376238,15.702772277227728,42.153246351788034,6.289108910891089,252.0879020690918,92.0,9.499999999999998,14.300000000000002,52.0,167.11737060546875,11,0.3079378306865692,1.0,0.5000000000000001,9.759999999999998,9.5,0.3338623046875,2,16400.78017094059,7334.664865211118,23735.44503615171,1989.3999999999999
37,492,195,30.671515423776928,29.03252032520325,6.007317073170743,12.145975609756096,36.18292682926829,14.883130081300802,38.0747037124438,6.5772357723577235,252.0879020690918,92.0,9.499999999999998,14.360000000000003,52.0,166.11737060546875,12,0.28481827676296234,1.0,0.8,9.759999999999998,9.0,0.7687887661159039,2,15090.385588498248,7424.5672239265405,22514.952812424788,2336.0
38,476,185,29.915167863024717,27.6218487394958,6.063865546218498,12.072563025210084,36.52731092436975,14.24621848739494,39.447634691712324,6.792016806722689,209.91579914093018,92.0,9.499999999999998,14.360000000000003,52.0,252.0879020690918,12,0.28481827676296234,1.0,0.8,9.699999999999998,9.0,0.16464552283287048,2,14239.619902799765,7297.812417966779,21537.432320766544,1968.3
39,477,175,29.734894986802065,27.59119496855346,6.101048218029353,12.115094339622631,36.68867924528302,13.95702306079664,36.190787186960804,6.9245283018867925,269.827676653862,92.0,9.499999999999998,14.360000000000003,52.5,209.91579914093018,12,0.28481827676296234,1.0,0.8,9.699999999999998,9.0,0.4273458104580641,3,14183.544908704585,6333.387757718141,20516.932666422726,1819.8
40,473,175,26.474286723531606,26.374207188160675,6.122832980972521,12.117463002114171,36.93763213530655,14.01268498942917,39.91973406481199,7.156448202959831,269.827676653862,91.0,9.499999999999998,14.360000000000003,52.5,208.91579914093018,12,0.3079378306865692,1.0,0.8,9.639999999999997,20.0,0.19856548309326172,4,12522.33762023045,6985.953461342098,19508.291081572548,2290.7999999999997
41,483,157,26.066880779953067,26.113871635610767,6.133954451345758,12.13134575569357,36.727743271221534,13.808902691511388,37.80629356925311,7.3436853002070395,233.51860678195953,91.0,9.499999999999998,14.360000000000003,52.5,207.91579914093018,12,0.3079378306865692,1.0,0.8,9.639999999999997,20.0,0.3616604804992676,4,12590.303416717332,5935.5880903727375,18525.89150709007,1825.5
42,501,132,24.511100881253686,24.171656686626747,6.212175648702604,12.059720558882232,36.5249500998004,14.162075848303402,41.35523900913188,7.636726546906187,233.51860678195953,91.0,9.499999999999998,14.360000000000003,52.5,206.91579914093018,12,0.3079378306865692,1.0,0.8,9.639999999999997,20.0,0.8240371542051435,4,12280.061541508097,5458.8915492054075,17738.953090713505,1882.1
43,500,135,23.125300798427954,22.242,6.271600000000007,12.004159999999988,36.448,14.27620000000001,40.512840420008786,7.872,233.51860678195953,91.0,9.499999999999998,14.360000000000003,53.0,205.91579914093018,12,0.3793099361064378,1.0,0.8,9.639999999999997,20.0,0.1366872787475586,4,11562.650399213977,5469.233456701186,17031.883855915163,2304.3
44,494,125,23.312684924339205,21.044534412955464,6.277732793522275,12.014574898785416,36.43724696356275,15.315384615384614,39.38564873256581,8.018218623481781,233.51860678195953,91.0,9.499999999999998,14.360000000000003,53.0,204.91579914093018,12,0.3793099361064378,1.0,0.9,9.639999999999997,20.0,0.4931428639974911,4,11516.466352623567,4923.206091570726,16439.672444194293,2231.2
45,480,136,22.041642755952747,20.527083333333334,6.268125000000002,12.05924999999999,36.807291666666664,15.301458333333336,37.37119614396515,8.133333333333333,214.65849353931844,91.0,9.499999999999998,14.360000000000003,53.0,200.836606182158,13,0.2744244746863842,1.0,0.9,9.639999999999997,20.5,0.3606526255607605,4,10579.988522857318,5082.48267557926,15662.471198436579,2269.9
46,471,125,23.701326968934485,20.685774946921445,6.229087048832277,12.076390658174093,37.25796178343949,15.682165605095543,30.347237536179716,8.252653927813164,210.39455384761095,91.0,9.499999999999998,14.360000000000003,53.0,174.9377670288086,13,0.2744244746863842,1.0,0.8,9.699999999999998,20.5,0.40939995570806786,4,11163.325002368143,3793.4046920224646,14956.729694390608,2034.1
47,452,144,20.907909953725923,18.97345132743363,6.218362831858412,12.046814159292033,37.3396017699115,15.16681415929203,34.32229783711455,8.45353982300885,210.39455384761095,91.0,9.499999999999998,14.360000000000003,53.0,159.3675325922668,13,0.2744244746863842,1.0,0.7000000000000001,9.699999999999998,20.5,0.04741392727009952,4,9450.375299084117,4942.410888544495,14392.786187628612,2187.3
48,447,138,20.381141053839578,18.599552572706934,6.27114093959732,12.078076062639822,37.36353467561521,14.85838926174497,34.55565738208084,8.630872483221477,210.39455384761095,91.0,9.499999999999998,14.360000000000003,53.0,158.3675325922668,13,0.2744244746863842,1.0,0.7000000000000001,9.699999999999998,20.5,0.04741392727009952,4,9110.370051066291,4768.680718727155,13879.050769793446,1958.3
49,444,137,20.120929061583134,18.313063063063062,6.276351351351362,12.094909909909898,37.656531531531535,14.909459459459457,31.063140878162827,8.756756756756756,210.39455384761095,89.0,9.299999999999999,14.360000000000003,53.0,157.3675325922668,14,0.2744244746863842,1.0,0.7000000000000001,9.699999999999998,20.5,0.5178739847997349,4,8933.69250334291,4255.650300308307,13189.342803651218,1814.3
50,430,134,19.452380769832356,16.77674418604651,6.241627906976747,12.095627906976748,38.24186046511628,14.85627906976745,32.98951361964392,8.993023255813954,203.13665329560172,89.0,9.299999999999999,14.300000000000002,53.0,210.39455384761095,14,0.25893699239986745,1.0,0.7000000000000001,9.759999999999998,22.5,0.3764951154589653,4,8364.523731027914,4420.594825032285,12785.118556060199,1850.2
51,435,130,18.63960257136293,15.806896551724138,6.242298850574708,12.041149425287369,38.5,15.082528735632188,32.87362345860436,9.213793103448277,223.33396009600256,89.0,9.299999999999999,14.300000000000002,53.0,174.13895508646965,14,0.25893699239986745,1.0,0.7000000000000001,9.759999999999998,22.5,0.319022698327899,4,8108.227118542874,4273.571049618567,12381.79816816144,1757.7
52,432,143,16.669001241162707,15.17361111111111,6.270601851851848,12.017824074074095,38.50694444444444,15.361111111111105,32.75928675771306,9.418981481481481,198.6564453759347,89.0,9.299999999999999,14.300000000000002,53.0,173.13895508646965,14,0.2744244746863842,1.0,0.7000000000000001,9.759999999999998,22.5,0.1836445446824655,5,7201.008536182289,4684.578006352968,11885.586542535257,1946.0
53,428,138,16.336989963975544,14.66588785046729,6.33317757009346,11.997803738317753,38.625,15.579205607476647,34.08791500456,9.623831775700934,198.6564453759347,89.0,9.299999999999999,14.300000000000002,53.0,165.24048784002662,14,0.2744244746863842,1.0,0.7000000000000001,9.759999999999998,22.5,0.021161507669603452,5,6992.2317045815325,4704.13227062928,11696.363975210814,1868.8999999999999
54,450,129,15.797854096539684,14.235555555555555,6.346666666666675,11.995911111111113,38.04,14.10977777777778,31.47587331136861,9.935555555555556,178.11477879621089,90.0,9.399999999999999,14.360000000000003,53.0,198.6564453759347,15,0.2744244746863842,1.0,0.7000000000000001,9.759999999999998,22.5,0.029009288115958043,5,7109.034343442858,4060.3876571665505,11169.422000609407,1614.5
55,475,126,14.806178371497857,14.090526315789473,6.323578947368429,11.95124210526316,37.973684210526315,13.698947368421043,28.069501396782066,10.08,186.29251726460643,90.0,9.399999999999999,14.360000000000003,53.0,200.9099508596919,15,0.2744244746863842,1.0,0.7000000000000001,9.699999999999998,22.0,0.029009288115958043,5,7032.934726461483,3536.7571759945404,10569.691902456023,1717.7
56,485,121,14.233782498149994,13.696907216494845,6.293814432989693,11.908618556701036,38.06907216494845,14.289484536082458,27.2414642830707,10.222680412371133,235.34816912918905,90.0,9.399999999999999,14.360000000000003,53.0,186.29251726460643,15,0.2744244746863842,1.0,0.7000000000000001,9.699999999999998,21.5,0.0761769120763347,5,6903.384511602747,3296.2171782515547,10199.601689854302,2045.0
57,469,132,14.359204468385661,13.560767590618337,6.243070362473356,11.935010660980808,38.37953091684435,14.609808102345413,22.83785345440354,10.373134328358208,199.2508897706066,90.0,9.399999999999999,14.360000000000003,53.0,94.08098584413528,15,0.2600541164498509,1.0,0.7000000000000001,9.639999999999997,21.5,0.1909140832722187,5,6734.466895672875,3014.5966559812673,9749.063551654142,2283.6
58,453,125,14.991735529143122,13.900662251655628,6.199337748344378,11.964150110375266,38.730684326710815,15.205960264900664,20.424016867210607,10.437086092715232,172.23141828132793,90.0,9.399999999999999,14.420000000000003,53.0,115.79858596777194,16,0.2600541164498509,1.0,0.7000000000000001,9.639999999999997,21.5,0.21604742054597637,5,6791.256194701835,2553.002108401326,9344.25830310316,2095.9
59,461,132,12.581915988642303,13.737527114967461,6.229501084598692,11.980000000000004,39.135574837310195,14.988286334056394,22.772319519237257,10.600867678958785,149.47462039161474,90.0,9.399999999999999,14.420000000000003,53.0,172.23141828132793,16,0.2600541164498509,1.0,0.7000000000000001,9.639999999999997,25.5,0.0761769120763347,5,5800.263270764101,3005.946176539318,8806.20944730342,1856.0
60,450,130,12.581905887262941,14.246666666666666,6.223333333333335,11.981688888888891,39.257777777777775,15.153555555555558,21.702669957417047,10.69111111111111,127.63148897061728,90.0,9.399999999999999,14.420000000000003,53.0,171.23141828132793,16,0.27022375015803846,1.0,0.7000000000000001,9.639999999999997,25.5,0.2668997550426866,5,5661.857649268323,2821.3470944642163,8483.20474373254,1872.5
61,428,138,12.574675243093248,14.595794392523365,6.235046728971967,11.974158878504685,39.26051401869159,15.05794392523364,21.322341886427505,10.836448598130842,183.05904694343917,90.0,9.399999999999999,14.420000000000003,53.0,170.23141828132793,16,0.27022375015803846,1.0,0.7000000000000001,9.699999999999998,25.5,0.13519701508630533,5,5381.96100404391,2942.483180326996,8324.444184370906,1898.7
62,432,122,12.035005699254812,14.38425925925926,6.278935185185183,11.950694444444457,39.22106481481482,15.468981481481476,23.95177121218117,11.016203703703704,177.08402392755306,90.0,9.499999999999998,14.420000000000003,53.0,183.05904694343917,17,0.36352983604592737,1.0,0.7000000000000001,9.699999999999998,25.5,0.3152868416218553,5,5199.122462078079,2922.116087886103,8121.238549964181,1764.4
63,420,126,11.692497986005646,14.038095238095238,6.279761904761913,11.906,39.15952380952381,16.09166666666666,24.54032368024552,11.192857142857143,219.42770204134285,90.0,9.499999999999998,14.420000000000003,53.5,177.08402392755306,17,0.33441907441099694,1.0,0.7000000000000001,9.699999999999998,25.5,0.1811790162755642,5,4910.849154122371,3092.0807837109355,8002.929937833307,1933.7
64,401,123,12.909048671036834,13.309226932668329,6.258603491271821,11.873366583541152,38.84413965087282,16.390773067331665,23.05898893794354,11.354114713216958,219.42770204134285,90.0,9.499999999999998,14.420000000000003,53.5,125.63148897061728,18,0.33441907441099694,1.0,0.7000000000000001,9.699999999999998,25.5,0.07626415774575435,6,5176.5285170857705,2836.255639367055,8012.784156452826,1791.7
65,412,106,13.34150025699133,12.78883495145631,6.322572815533981,11.832184466019426,38.49514563106796,15.748786407766985,22.258988666512625,11.58252427184466,178.04717533910934,90.0,9.499999999999998,14.420000000000003,53.5,124.63148897061728,18,0.33441907441099694,1.0,1.4000000000000004,9.639999999999997,25.5,0.0828415707219392,6,5496.698105880428,2359.452798650338,7856.150904530766,1408.3
66,418,105,12.413635877763644,12.796650717703349,6.422248803827751,11.779090909090915,38.5933014354067,15.412200956937811,20.93611300855594,11.873205741626794,128.4245271856198,90.0,9.499999999999998,14.420000000000003,53.5,123.63148897061728,18,0.33441907441099694,1.0,3.6999999999999993,9.639999999999997,25.5,0.24484087751625339,6,5188.899796905203,2198.2918658983735,7387.191662803577,1603.8
67,419,99,12.385327710738451,12.486873508353222,6.508114558472555,11.748066825775657,38.372315035799524,15.72434367541766,18.9050371165804,12.13365155131265,134.10111161880195,90.0,9.499999999999998,14.420000000000003,53.5,122.63148897061728,19,0.33441907441099694,1.0,3.6999999999999993,9.639999999999997,25.5,0.0676317665274837,6,5189.452310799411,1871.5986745414596,7061.05098534087,1756.3999999999999
68,413,105,12.167946756607254,12.537530266343826,6.585956416464893,11.739854721549635,38.42493946731235,15.803874092009687,18.811536838319444,12.36319612590799,134.10111161880195,90.0,9.599999999999998,14.360000000000003,53.5,97.0,19,0.264428103611408,1.0,3.6999999999999993,9.639999999999997,25.5,0.008793690149900613,6,5025.362010478796,1975.2113680235418,7000.573378502338,1785.4
69,400,108,12.329561394548472,11.875,6.5717500000000015,11.73505,38.44125,15.973000000000003,17.868064033843037,12.49,134.10111161880195,90.0,9.599999999999998,14.360000000000003,53.5,125.32961426289356,19,0.264428103611408,1.0,3.6999999999999993,9.639999999999997,25.5,0.1966832209059255,6,4931.824557819389,1929.7509156550482,6861.575473474437,1653.5
70,381,118,11.443331852973232,11.658792650918635,6.602362204724416,11.721049868766409,38.24146981627297,15.789763779527563,19.622076531156683,12.664041994750656,114.7818659460172,90.0,9.699999999999998,14.360000000000003,53.5,134.10111161880195,19,0.264428103611408,1.0,3.6999999999999993,9.639999999999997,25.0,0.31535007032886697,6,4359.909435982801,2315.4050306764884,6675.31446665929,1777.2
71,371,114,11.540300351007083,11.161725067385445,6.515094339622648,11.689110512129387,37.971698113207545,15.26415094339623,21.032362301065003,12.824797843665769,143.86653888528235,90.0,9.699999999999998,14.360000000000003,53.5,114.7818659460172,19,0.264428103611408,1.0,3.6999999999999993,9.639999999999997,25.0,0.004232349580888695,6,4281.4514302236275,2397.68930232141,6679.140732545038,1536.0
72,377,108,12.388649541592281,10.716180371352785,6.558885941644564,11.6484350132626,37.87931034482759,14.852254641909822,16.378412058731183,12.946949602122016,143.86653888528235,90.0,9.699999999999998,14.360000000000003,53.5,111.10734022251563,19,0.26731302507406873,1.0,3.6999999999999993,9.639999999999997,24.5,0.14561708916153293,6,4670.52087718029,1768.8685023429675,6439.389379523258,1498.7
73,381,105,10.672540152036307,10.47769028871391,6.603674540682416,11.606561679790037,37.6496062992126,13.736482939632532,19.15176116241728,13.204724409448819,143.86653888528235,90.0,9.699999999999998,14.360000000000003,53.5,110.10734022251563,19,0.30481411123432167,1.0,3.6999999999999993,9.639999999999997,24.5,0.04485233426813906,8,4066.2377979258326,2010.9349220538145,6077.172719979647,1402.6
74,403,85,10.231195354856563,9.806451612903226,6.736972704714643,11.567593052109183,38.07196029776675,13.848883374689834,18.705036321429997,13.49379652605459,125.47285485493558,90.0,9.699999999999998,14.360000000000003,53.5,81.0,19,0.265329860087121,1.0,3.6999999999999993,9.639999999999997,24.5,0.10616545813638112,8,4123.171728007195,1589.9280873215498,5713.0998153287455,1364.8999999999999
75,413,83,10.126368142348026,9.665859564164649,6.729297820823248,11.573607748184012,38.05205811138015,13.824213075060541,16.02623694548659,13.648910411622277,125.47285485493558,90.0,9.699999999999998,14.360000000000003,53.5,95.0,19,0.265329860087121,1.0,3.6999999999999993,9.639999999999997,24.5,0.20370217190367157,8,4182.190042789734,1330.177666475387,5512.367709265121,1637.0
76,408,87,9.19717786958832,9.223039215686274,6.710049019607845,11.583725490196075,38.41053921568628,14.98725490196079,16.647519208057123,13.877450980392156,110.2384148810379,90.0,9.699999999999998,14.360000000000003,53.5,125.47285485493558,19,0.265329860087121,1.0,3.6999999999999993,9.579999999999997,24.5,0.27682301220901984,9,3752.4485707920344,1448.3341711009698,5200.782741893005,1949.6
77,389,115,8.247838755793884,8.709511568123393,6.4627249357326475,11.626580976863755,38.61568123393316,14.557326478149113,14.39054138769694,13.848329048843187,137.99983633219108,90.0,9.599999999999998,14.360000000000003,53.5,126.51854418398807,19,0.265329860087121,1.0,3.6999999999999993,9.579999999999997,24.5,0.32069996366529807,9,3208.4092760038207,1654.9122595851481,4863.321535588969,2130.1
78,401,87,8.401209650223175,8.980049875311721,6.471571072319204,11.608827930174558,38.281795511221944,15.124937655860366,13.015958000639602,14.0,96.63792630176704,90.0,9.599999999999998,14.420000000000003,53.5,125.51854418398807,19,0.265329860087121,1.0,3.6999999999999993,9.579999999999997,25.0,0.02284466452624656,9,3368.885069739493,1132.3883460556453,4501.273415795138,1366.5
79,392,100,7.507334548679602,7.971938775510204,6.489795918367347,11.558928571428563,38.01275510204081,15.105867346938785,13.976923141396547,14.114795918367347,112.57385340004487,89.0,9.599999999999998,14.420000000000003,53.5,124.51854418398807,19,0.265329860087121,1.0,3.6999999999999993,9.519999999999996,25.0,0.21895007148156687,9,2942.875143082404,1397.6923141396546,4340.567457222059,1741.2
80,395,93,7.701235181279229,8.027848101265823,6.471645569620251,11.570430379746828,38.234177215189874,15.217215189873418,10.877689272385894,14.232911392405063,112.57385340004487,89.0,9.599999999999998,14.420000000000003,53.5,123.51854418398807,19,0.2515390418749135,1.0,3.6999999999999993,9.519999999999996,25.0,0.10754955003937283,9,3041.987896605295,1011.6251023318881,4053.6129989371834,1591.8999999999999
81,381,91,7.203467176781141,7.519685039370079,6.3792650918635125,11.566194225721778,37.91601049868766,15.235958005249342,13.050832077984378,14.351706036745407,101.27681920169323,89.0,9.599999999999998,14.420000000000003,53.5,122.51854418398807,19,0.2515390418749135,1.0,3.6999999999999993,9.519999999999996,25.0,0.173127188795557,9,2744.5209943536147,1187.6257190965785,3932.146713450193,1673.3999999999999
82,378,79,7.393290130666061,7.48941798941799,6.352645502645501,11.61820105820106,38.166666666666664,16.271693121693115,13.11358538394325,14.420634920634921,128.32099272917284,89.0,9.599999999999998,14.420000000000003,53.5,111.57385340004487,20,0.2515390418749135,1.0,3.6999999999999993,9.519999999999996,25.0,0.08193790255828048,9,2794.6636693917712,1035.9732453315166,3830.636914723288,1320.8999999999999
83,368,88,7.441358849543608,7.625,6.403532608695647,11.637391304347831,38.59103260869565,16.097554347826097,9.942980826730228,14.55163043478261,101.27681920169323,89.0,9.599999999999998,14.420000000000003,54.0,110.57385340004487,20,0.2515390418749135,1.0,3.599999999999999,9.519999999999996,25.0,0.0697043136665556,9,2738.420056632048,874.98231275226,3613.402369384308,1438.8
84,367,74,7.196223478237769,7.141689373297003,6.323433242506806,11.631062670299722,38.50408719346049,16.197002724795638,10.820662121053322,14.662125340599456,112.40148729166529,48.0,9.599999999999998,14.360000000000003,54.0,81.67881116077842,20,0.2515390418749135,1.0,3.599999999999999,9.519999999999996,25.0,0.05580688091627617,10,2641.014016513261,800.7289969579458,3441.7430134712067,1253.8999999999999
85,359,86,6.250824203112416,7.155988857938719,6.371030640668522,11.61593314763231,38.278551532033426,15.47325905292479,10.672261892996374,14.924791086350975,80.96619530147711,35.0,9.699999999999998,14.360000000000003,54.0,112.40148729166529,20,0.2515390418749135,1.0,3.599999999999999,9.519999999999996,25.0,0.06131944034848402,10,2244.0458889173574,917.8145227976883,3161.8604117150458,1328.8999999999999
86,361,63,6.432826731114618,6.725761772853185,6.361218836565098,11.58731301939058,37.7617728531856,14.991689750692508,10.112180358806954,15.166204986149584,114.69827928231379,35.0,9.699999999999998,14.360000000000003,54.0,70.0,21,0.2515390418749135,1.0,3.599999999999999,9.519999999999996,25.0,0.016630427349006105,10,2322.2504499323773,637.0673626048381,2959.317812537215,1075.7
87,352,78,5.853210160648274,6.642045454545454,6.3099431818181815,11.64965909090909,37.97727272727273,15.25795454545455,9.020082489835971,15.28125,81.34569683257232,35.0,9.699999999999998,14.360000000000003,54.0,69.0,22,0.25192380234364187,1.0,3.599999999999999,9.519999999999996,24.5,0.004320970243205213,10,2060.3299765481925,703.5664342072057,2763.8964107553984,1561.5
88,335,73,5.916945122441037,6.692537313432836,6.2328358208955255,11.72029850746268,38.19402985074627,16.72776119402986,8.50737813946785,15.304477611940298,57.349139641156896,35.0,9.699999999999998,14.360000000000003,54.0,68.0,22,0.25192380234364187,1.0,3.599999999999999,9.519999999999996,24.5,0.11066988964012126,10,1982.1766160177474,621.038604181153,2603.2152201989,1492.6999999999998
89,309,80,5.579167507969146,6.802588996763754,6.224271844660198,11.715080906148867,38.14563106796116,16.89579288025889,9.224664774261296,15.459546925566343,48.822496524288795,34.0,9.699999999999998,14.360000000000003,54.0,67.0,22,0.25192380234364187,1.0,3.599999999999999,9.519999999999996,24.5,0.41719592109679193,10,1723.9627599624662,737.9731819409037,2461.93594190337,1373.3
90,294,81,5.715021520520016,6.826530612244898,6.214285714285716,11.74387755102041,37.82823129251701,16.375170068027206,7.875517091280678,15.598639455782314,59.54889956657799,34.0,9.699999999999998,14.360000000000003,54.0,66.0,22,0.28805901401314027,1.0,3.6999999999999993,9.519999999999996,24.5,0.09263053834017865,10,1680.2163270328847,637.9168843937349,2318.1332114266197,1077.6999999999998
91,282,66,5.611607064491353,6.49290780141844,6.187588652482266,11.768226950354608,37.523049645390074,16.130496453900705,9.815243230021364,15.73404255319149,47.76169223276009,34.0,9.699999999999998,14.420000000000003,54.0,89.0,22,0.30120799816152066,1.0,3.6999999999999993,9.519999999999996,24.5,0.05661319918139318,10,1582.4731921865616,647.80605318141,2230.2792453679717,1031.0
92,275,65,5.449667906446291,6.596363636363637,6.186181818181816,11.777381818181825,37.776363636363634,16.04945454545454,8.70565294320351,15.81090909090909,47.76169223276009,34.0,9.699999999999998,14.420000000000003,54.0,88.0,22,0.2641532997953483,1.0,3.6999999999999993,9.519999999999996,24.5,0.012125161800333295,11,1498.65867427273,565.8674413082282,2064.526115580958,865.5999999999999
93,272,59,5.55141801047537,6.426470588235294,6.129044117647059,11.799779411764696,37.92095588235294,16.91654411764705,7.906423656160919,15.904411764705882,88.92254715140459,34.0,9.699999999999998,14.420000000000003,54.0,63.0,22,0.2641532997953483,1.0,3.6999999999999993,9.519999999999996,24.5,0.005015511393325678,11,1509.9856988493007,466.4789957134942,1976.4646945627949,946.8
94,249,67,5.25363714463204,6.329317269076305,5.957429718875504,11.865863453815265,38.15060240963855,17.393975903614454,8.132404494793304,15.835341365461847,62.96127357570229,34.0,9.699999999999998,14.420000000000003,54.0,48.0,22,0.2641532997953483,1.0,3.6999999999999993,9.519999999999996,24.0,0.14708062411583844,11,1308.155649013378,544.8711011511514,1853.0267501645294,1122.8999999999999
95,238,62,5.550317313322015,6.3655462184873945,5.872268907563025,11.869915966386559,38.28781512605042,17.490336134453777,6.216072002385022,15.815126050420169,76.50463631221461,34.0,9.699999999999998,14.420000000000003,54.0,46.76169223276009,22,0.2641532997953483,1.0,3.6999999999999993,9.519999999999996,24.0,0.2650968015855799,11,1320.9755205706397,385.39646414787137,1706.3719847185112,985.0999999999999
96,233,61,4.887707081214333,6.32618025751073,5.736909871244635,11.83450643776824,38.197424892703864,16.251072961373392,7.01047981454907,15.819742489270386,38.25231815610731,34.0,9.699999999999998,14.420000000000003,53.0,45.76169223276009,22,0.2641532997953483,1.0,3.6999999999999993,9.519999999999996,24.0,0.11531705094688594,11,1138.8357499229396,427.63926868749326,1566.475018610433,740.4
97,221,65,4.443934491312684,6.1900452488687785,5.5800904977375545,11.845067873303156,38.126696832579185,15.486425339366514,8.323772177368525,15.864253393665159,38.187035519857844,34.0,9.699999999999998,14.420000000000003,53.0,44.76169223276009,22,0.2615324678391625,1.0,3.6999999999999993,9.519999999999996,24.5,0.2641532997953483,11,982.1095225801032,541.0451915289541,1523.1547141090573,621.4
98,205,64,4.523357047370261,6.209756097560976,5.530731707317074,11.850731707317069,38.26829268292683,15.643414634146337,7.934472915055802,15.980487804878049,38.187035519857844,34.0,9.699999999999998,14.420000000000003,53.0,43.76169223276009,22,0.2615324678391625,1.0,3.6999999999999993,9.519999999999996,24.5,0.05661319918139318,11,927.2881947109036,507.80626656357134,1435.094461274475,704.1999999999999
99,199,48,5.0092672413992805,6.201005025125628,5.511557788944725,11.864623115577892,38.459798994974875,17.235175879396976,7.573892315429774,15.989949748743719,38.35778895039728,34.0,9.699999999999998,14.420000000000003,53.0,42.76169223276009,22,0.2615324678391625,1.0,3.6999999999999993,9.519999999999996,24.5,0.15144526136792535,11,996.8441810384569,363.54683114062914,1360.391012179086,572.1999999999999
100,179,60,4.338426617190565,6.966480446927374,5.544134078212292,11.862458100558651,39.12290502793296,17.28212290502793,8.116428219398747,15.910614525139664,34.3894147992407,34.0,9.699999999999998,14.360000000000003,52.5,41.76169223276009,22,0.2615324678391625,1.0,3.6999999999999993,9.519999999999996,25.5,0.4714530568293178,11,776.5783644771112,486.9856931639248,1263.564057641036,793.6999999999999
101,163,48,5.098724726430643,6.987730061349693,5.37116564417178,11.934355828220857,39.46319018404908,17.86319018404907,7.736970704147392,15.699386503067485,59.924532394894186,34.0,9.699999999999998,14.360000000000003,52.5,40.76169223276009,22,0.2615324678391625,1.0,3.6999999999999993,10.120000000000001,25.5,0.011950439644351718,11,831.0921304081947,371.37459379907483,1202.4667242072696,423.19999999999993
102,155,51,4.866034162082097,6.903225806451613,5.435483870967744,11.920774193548379,39.464516129032255,16.881935483870965,7.183215334033706,15.870967741935484,59.924532394894186,34.0,9.499999999999998,14.360000000000003,52.5,39.76169223276009,23,0.2615324678391625,1.0,3.6999999999999993,10.120000000000001,25.5,0.3468869857022924,11,754.235295122725,366.343982035719,1120.579277158444,468.79999999999995
103,157,35,4.697386719621871,6.6050955414012735,5.440764331210194,11.918089171974517,39.4171974522293,16.706369426751586,8.268891970664322,16.006369426751593,36.48556433431609,34.0,9.499999999999998,14.360000000000003,52.5,59.924532394894186,23,0.2615324678391625,1.0,3.6999999999999993,10.120000000000001,25.5,0.01215151658275837,12,737.4897149806337,289.41121897325127,1026.900933953885,224.69999999999996
104,155,31,4.580489040604331,6.890322580645162,5.505806451612905,11.871483870967735,39.44193548387097,17.74129032258064,8.389928104690375,16.15483870967742,29.88913696433697,34.0,9.499999999999998,14.360000000000003,52.5,58.924532394894186,23,0.34102164522610834,1.0,3.6999999999999993,10.120000000000001,25.5,0.22481777128203362,12,709.9758012936712,260.0877712454016,970.0635725390728,455.19999999999993
105,146,28,4.800154352108713,6.780821917808219,5.487671232876714,11.858493150684923,39.523972602739725,19.402054794520545,8.300429711099595,16.17808219178082,67.48761193392102,34.0,9.499999999999998,14.360000000000003,53.0,39.77498291440185,23,0.34102164522610834,1.0,3.6999999999999993,10.120000000000001,25.5,0.5459456669797834,12,700.8225354078721,232.41203191078864,933.2345673186608,554.4
106,138,29,4.71301223577727,6.746376811594203,5.482608695652178,11.859999999999987,39.630434782608695,19.79057971014492,7.593368809912024,16.21014492753623,40.281628255222735,34.0,9.499999999999998,14.360000000000003,53.0,29.88913696433697,23,0.34735369981017417,1.0,3.6999999999999993,10.120000000000001,25.5,0.34102164522610834,12,650.3956885372633,220.2076954874487,870.6033840247119,485.59999999999997
107,127,29,4.934297722198177,7.283464566929134,5.501574803149607,11.8379527559055,39.81496062992126,20.109448818897633,6.657132011417902,16.236220472440944,21.630257485163632,34.0,9.499999999999998,14.360000000000003,53.0,28.88913696433697,23,0.34735369981017417,1.0,3.6999999999999993,10.120000000000001,25.5,0.4873238883458123,12,626.6558107191685,193.05682833111916,819.7126390502876,354.99999999999994
108,112,33,5.345734763409088,7.544642857142857,5.427678571428572,11.902321428571412,39.70982142857143,20.265178571428574,5.295493947339136,16.1875,37.83721055186232,34.0,9.499999999999998,14.360000000000003,53.0,20.86085748496869,23,0.34735369981017417,1.0,3.6999999999999993,10.180000000000001,25.5,0.4009918495228161,12,598.7222935018178,174.75130026219148,773.4735937640094,543.0999999999999
109,110,29,5.229997111774392,7.618181818181818,5.462727272727273,11.92999999999999,39.88636363636363,20.291818181818186,5.099071312463573,16.418181818181818,37.83721055186232,34.0,9.499999999999998,14.360000000000003,53.0,19.86085748496869,23,0.34735369981017417,1.0,3.599999999999999,10.180000000000001,26.0,0.2789237586159281,12,575.2996822951832,147.8730680614436,723.1727503566268,323.09999999999997
110,107,22,5.515739246170476,7.654205607476635,5.427102803738316,11.944299065420552,40.018691588785046,20.51682242990654,4.124190464049006,16.439252336448597,37.83721055186232,34.0,9.499999999999998,14.360000000000003,53.0,12.834587304017504,23,0.34735369981017417,1.0,3.599999999999999,10.120000000000001,26.0,0.2321105863370816,12,590.1840993402409,90.73219020907813,680.916289549319,277.59999999999997
111,104,22,4.951017284077441,7.173076923076923,5.442307692307692,11.907884615384605,40.08653846153846,19.35480769230769,5.988092658396551,16.66346153846154,30.981305340270318,34.0,9.499999999999998,14.240000000000002,53.5,37.83721055186232,24,0.2562632144212802,1.0,3.599999999999999,10.120000000000001,26.0,0.3478095469918958,13,514.9057975440538,131.73803848472411,646.643836028778,265.09999999999997
112,95,24,5.092992719002509,6.7894736842105265,5.436842105263158,11.92547368421052,40.1,18.200000000000003,5.6150630221351685,16.778947368421054,55.963369629915974,34.0,9.499999999999998,14.240000000000002,53.5,30.981305340270318,24,0.2562632144212802,1.0,3.599999999999999,10.120000000000001,26.0,0.3150669537486071,13,483.8343083052384,134.76151253124405,618.5958208364824,217.89999999999998
113,88,21,5.175521087738454,7.034090909090909,5.414772727272726,11.925227272727266,39.96590909090909,18.22272727272727,5.761547877858633,16.90909090909091,37.022306253104354,34.0,9.499999999999998,14.240000000000002,53.5,29.981305340270318,24,0.2562632144212802,1.0,3.599999999999999,10.120000000000001,26.0,0.46753979924069666,13,455.44585572098396,120.99250543503129,576.4383611560153,289.49999999999994
114,82,22,5.066291289779869,7.280487804878049,5.523170731707316,11.938292682926825,40.457317073170735,16.341463414634145,5.421667967513215,16.975609756097562,30.717290098446156,34.0,9.499999999999998,14.240000000000002,53.5,28.981305340270318,24,0.2562632144212802,1.0,3.599999999999999,10.120000000000001,26.0,0.3225698759141338,13,415.43588576194924,119.27669528529073,534.71258104724,202.69999999999996
115,80,17,3.834373427688251,6.5875,5.419999999999999,11.899,40.41875,15.596250000000001,11.787094447051363,17.0125,27.981684814957987,34.0,9.499999999999998,14.240000000000002,53.5,30.717290098446156,24,0.2562632144212802,1.0,3.499999999999999,10.120000000000001,30.0,0.3745789862574207,13,306.74987421506006,200.38060559987318,507.1304798149332,190.29999999999998
116,78,19,4.238803746418213,6.3076923076923075,5.312820512820513,11.94743589743589,40.44230769230769,14.832051282051284,8.194911567782395,17.03846153846154,37.941124344435295,34.0,9.499999999999998,14.240000000000002,53.5,29.717290098446156,24,0.2562632144212802,1.0,3.499999999999999,10.120000000000001,30.0,0.12701226568284607,13,330.62669222062067,155.7033197878655,486.33001200848616,130.0
117,82,8,4.333835093050037,6.512195121951219,5.245121951219511,11.969999999999994,40.40243902439025,15.485365853658536,11.237563569144353,17.0609756097561,30.790605474064524,34.0,9.499999999999998,14.240000000000002,53.5,28.717290098446156,25,0.2562632144212802,1.0,3.499999999999999,10.180000000000001,30.0,1.783313041269464,13,355.374477630103,89.90050855315482,445.27498618325785,81.5
118,83,10,4.191414103142838,6.554216867469879,5.149397590361445,11.957590361445774,40.325301204819276,15.67710843373494,7.041727446286548,17.096385542168676,27.981684814957987,34.0,9.499999999999998,14.240000000000002,53.5,27.717290098446156,25,0.2562632144212802,1.0,3.399999999999999,10.180000000000001,30.0,0.6301339074972142,13,347.8873705608556,70.41727446286548,418.30464502372104,141.7
119,84,11,3.797495120133803,6.107142857142857,5.1,11.959523809523802,40.20238095238095,17.047619047619055,14.607810438407482,17.19047619047619,27.981684814957987,34.0,9.499999999999998,14.240000000000002,53.5,78.0,25,0.2562632144212802,1.0,3.399999999999999,10.180000000000001,30.0,0.41046277526514574,13,318.98959009123945,160.6859148224823,479.67550491372174,196.29999999999998
120,78,14,3.681472802271696,6.0256410256410255,5.116666666666666,11.95153846153845,40.44871794871795,17.717948717948723,12.863583028109986,17.012820512820515,27.981684814957987,34.0,9.499999999999998,14.240000000000002,53.5,77.0,24,0.2562632144212802,1.0,3.399999999999999,10.180000000000001,30.5,0.4022476027470643,13,287.1548785771923,180.0901623935398,467.2450409707321,214.89999999999998
121,75,12,3.3872195313367786,5.533333333333333,5.011999999999999,11.973066666666659,40.586666666666666,18.87733333333333,15.97636724233888,16.973333333333333,18.970562172217647,34.0,9.399999999999999,14.240000000000002,53.5,76.0,23,0.2562632144212802,1.0,3.399999999999999,10.180000000000001,31.0,1.7546470546329453,14,254.0414648502584,191.71640690806655,445.75787175832494,211.89999999999998
122,71,14,3.9613848224226245,5.563380281690141,4.964788732394363,11.97492957746478,40.436619718309856,17.828169014084505,10.16474586930936,16.985915492957748,36.237261378234074,34.0,9.399999999999999,14.240000000000002,53.0,75.0,23,0.2562632144212802,1.0,3.399999999999999,10.180000000000001,31.0,0.29319261038126965,14,281.25832239200633,142.30644217033105,423.56476456233736,185.6
123,70,13,3.771966269148487,5.071428571428571,4.9242857142857135,11.987142857142851,40.25714285714286,17.32428571428571,9.880228422154042,17.242857142857144,36.237261378234074,34.0,9.399999999999999,14.240000000000002,53.0,74.0,24,0.2562632144212802,1.0,3.399999999999999,10.180000000000001,30.5,0.043042641952073524,14,264.0376388403941,128.44296948800255,392.48060832839667,190.59999999999997
124,68,7,3.945193007945283,5.044117647058823,4.905882352941175,11.963529411764702,40.10294117647059,18.882352941176464,15.151321460723256,17.294117647058822,36.237261378234074,34.0,9.399999999999999,14.240000000000002,53.0,73.0,24,0.2562632144212802,1.0,3.399999999999999,10.180000000000001,30.5,0.5534604253756981,14,268.27312454027924,106.0592502250628,374.332374765342,243.59999999999997
125,61,15,3.59614903396489,5.327868852459017,5.049180327868853,12.00459016393442,39.84426229508197,18.009836065573765,9.499055806766709,17.327868852459016,36.237261378234074,34.0,9.399999999999999,14.240000000000002,53.0,72.0,24,0.33695238674797395,1.0,3.399999999999999,10.180000000000001,30.5,0.2562632144212802,14,219.3650910718583,142.48583710150064,361.85092817335897,290.99999999999994
126,64,6,3.456127118723936,5.625,4.973437499999998,12.042187499999995,39.96875,18.8109375,18.74121344229701,17.25,21.677847709001448,34.0,9.399999999999999,14.240000000000002,53.0,71.0,24,0.31368860460514153,1.0,3.399999999999999,10.180000000000001,30.5,0.26346582494234294,14,221.1921355983319,112.44728065378206,333.63941625211396,90.79999999999998
127,61,10,4.62590096164722,5.868852459016393,5.024590163934424,12.088852459016387,40.40983606557377,18.445901639344267,3.8000266172164316,17.311475409836067,70.52152132097603,34.0,9.399999999999999,14.240000000000002,53.0,15.082166254644871,24,0.31368860460514153,1.0,3.399999999999999,10.180000000000001,30.5,0.8628574764927354,14,282.17995866048045,38.00026617216432,320.18022483264474,198.89999999999995
128,57,12,4.599382088137,5.947368421052632,5.0526315789473655,12.08877192982456,40.6140350877193,19.30175438596491,10.137272429473056,17.280701754385966,35.26076066048802,34.0,9.399999999999999,14.240000000000002,53.0,95.0,24,0.31368860460514153,1.0,3.399999999999999,10.180000000000001,31.5,0.7257149529854707,14,262.164779023809,121.64726915367666,383.8120481774856,170.49999999999997
129,55,13,3.7057359588725602,5.4363636363636365,4.9036363636363625,12.036727272727274,40.27272727272727,16.967272727272725,11.21957113795243,17.21818181818182,18.118630689117037,33.0,9.399999999999999,14.0,53.0,94.0,23,0.31368860460514153,1.0,3.399999999999999,10.180000000000001,35.5,0.4314287382463677,14,203.81547773799082,145.85442479338158,349.6699025313724,180.7
130,63,11,2.8484282948976345,4.984126984126984,4.704761904761903,12.075238095238088,40.26190476190476,15.353968253968254,12.759012294565297,17.317460317460316,18.118630689117037,33.0,9.399999999999999,14.0,53.0,93.0,23,0.31368860460514153,1.0,3.399999999999999,10.240000000000002,35.5,0.5127052559286692,14,179.45098257855096,140.34913524021826,319.8001178187692,110.09999999999998
131,64,11,2.2476281648567857,4.421875,4.6625,12.069374999999997,40.0703125,13.332812500000001,14.25012496852442,17.390625,16.021167943146867,33.0,9.399999999999999,14.0,53.0,92.0,23,0.27547469266006264,1.0,3.499999999999999,10.240000000000002,35.5,0.0508855469785261,14,143.8482025508343,156.7513746537686,300.5995772046029,89.19999999999999
132,65,8,2.1961113470055564,4.292307692307692,4.627692307692308,12.039384615384611,39.823076923076925,13.29076923076923,27.754104791882853,17.353846153846153,16.021167943146867,33.0,9.399999999999999,14.0,52.5,91.0,23,0.27547469266006264,1.0,3.499999999999999,10.240000000000002,35.5,1.6473354690808544,14,142.74723755536118,222.03283833506282,364.780075890424,57.8
133,64,9,2.8785494251158177,4.328125,4.6343749999999995,12.034374999999995,39.8828125,14.5984375,20.689425383095593,17.4375,47.19929639343823,33.0,9.399999999999999,14.0,52.5,90.0,23,0.27547469266006264,1.0,3.499999999999999,10.240000000000002,35.5,0.27547469266006264,14,184.22716320741233,186.20482844786034,370.43199165527267,92.79999999999998
134,63,8,2.6032254389332317,4.809523809523809,4.71111111111111,12.033968253968252,39.96825396825397,14.393650793650794,24.669158787032018,17.41269841269841,23.599648196719116,33.0,9.399999999999999,14.0,52.5,89.0,23,0.27547469266006264,1.0,3.499999999999999,10.240000000000002,35.5,1.0583864429429486,14,164.0032026527936,197.35327029625614,361.3564729490497,89.19999999999999
135,61,9,2.607193980362998,4.836065573770492,4.640983606557375,12.059999999999997,40.040983606557376,16.57377049180328,25.886846910763616,17.39344262295082,23.599648196719116,33.0,9.299999999999999,14.0,52.5,88.0,23,0.27547469266006264,1.0,3.499999999999999,10.240000000000002,35.5,0.33601795003434687,15,159.03883280214288,232.98162219687254,392.02045499901544,123.09999999999998
136,60,6,5.326199811879135,4.9,4.64,12.048999999999998,40.083333333333336,17.901666666666664,20.038803280003304,17.5,96.48528108610883,33.0,9.299999999999999,14.0,52.5,57.0,23,0.27547469266006264,1.0,3.499999999999999,10.240000000000002,35.5,0.5936447465643552,15,319.5719887127481,120.23281968001982,439.80480839276794,91.69999999999999
137,60,7,5.453734942248063,5.433333333333334,4.784999999999999,12.010666666666664,40.1,18.836666666666666,21.93940425321126,17.633333333333333,58.66541047438436,33.0,9.299999999999999,14.0,52.5,90.0,24,0.27547469266006264,1.0,3.499999999999999,10.240000000000002,35.5,0.31368860460514153,15,327.2240965348838,153.57582977247884,480.7999263073626,126.79999999999998
138,59,10,4.66239826510738,6.0508474576271185,4.8949152542372865,11.94406779661017,40.03389830508475,18.215254237288132,16.895251659430482,17.847457627118644,29.33270523719218,33.0,9.399999999999999,12.360000000000003,46.0,89.0,25,0.27547469266006264,1.0,3.499999999999999,10.180000000000001,35.5,0.5509493853201253,15,275.08149764133543,168.95251659430483,444.03401423564026,109.59999999999998
139,60,12,4.195715381751064,6.183333333333334,5.133333333333332,11.845,39.916666666666664,17.03833333333333,17.299186417178127,18.3,30.307366572000397,33.0,9.399999999999999,12.360000000000003,46.0,88.0,25,0.27547469266006264,1.0,3.499999999999999,10.120000000000001,35.5,0.9792722339405637,15,251.74292290506386,207.59023700613753,459.3331599112014,59.39999999999999
140,64,7,5.243016976546845,6.109375,5.135937499999999,11.831874999999998,39.890625,17.401562499999997,19.798577839297984,18.453125,103.02116794314686,33.0,9.399999999999999,12.360000000000003,46.0,44.0,25,0.33911267198429507,1.0,3.499999999999999,10.120000000000001,35.5,0.5900448750858671,15,335.5530864989981,138.59004487508588,474.14313137408396,38.39999999999999
141,63,12,4.729320385918051,6.507936507936508,5.155555555555555,11.810476190476189,40.11904761904762,16.96507936507936,17.92774496518845,18.666666666666668,51.51058397157343,33.0,9.399999999999999,12.360000000000003,46.0,75.0,25,0.33911267198429507,1.0,3.499999999999999,10.120000000000001,35.5,0.3773734633003132,15,297.9471843128372,215.13293958226137,513.0801238950985,119.39999999999998
142,64,8,4.927543990885199,6.984375,5.1015625,11.81625,40.3359375,17.93125,30.252933253225688,18.5625,36.57507023758585,33.0,9.399999999999999,12.360000000000003,46.0,75.0,25,0.33911267198429507,1.0,3.499999999999999,10.120000000000001,35.5,0.4483957882196603,15,315.3628154166527,242.0234660258055,557.3862814424582,67.39999999999999
143,65,11,4.533082251848509,7.2153846153846155,5.184615384615385,11.775692307692307,40.40769230769231,17.80153846153846,28.044289928419445,18.70769230769231,30.307366572000397,33.0,9.399999999999999,12.360000000000003,46.0,74.0,26,0.33911267198429507,1.0,3.499999999999999,10.120000000000001,35.5,0.5483584145626957,15,294.6503463701531,308.4871892126139,603.137535582767,73.99999999999999
144,63,14,3.9995401186748962,7.0,5.328571428571428,11.701269841269845,40.198412698412696,16.407936507936505,27.273755399368525,19.095238095238095,24.121320271527207,33.0,9.399999999999999,12.300000000000002,45.5,73.0,27,0.27417920728134787,1.0,3.499999999999999,10.120000000000001,35.5,0.5509493853201253,15,251.97102747651846,381.83257559115935,633.8036030676778,88.79999999999998
145,62,12,4.265684337820738,6.887096774193548,5.487096774193548,11.64709677419355,40.056451612903224,16.566129032258065,30.507329780193817,19.467741935483872,30.071163168724713,33.0,9.399999999999999,12.300000000000002,45.5,72.0,27,0.27417920728134787,1.0,3.499999999999999,10.120000000000001,35.5,0.18008975017173423,15,264.47242894488573,366.0879573623258,630.5603863072115,63.89999999999999
146,60,12,4.567978343887879,7.033333333333333,5.531666666666665,11.628333333333336,40.016666666666666,17.213333333333328,29.933010664734606,19.516666666666666,24.755291985786716,33.0,9.399999999999999,12.300000000000002,45.5,71.0,27,0.27417920728134787,1.0,3.499999999999999,10.120000000000001,35.5,0.30460012022922944,15,274.0787006332728,359.19612797681526,633.274828610088,113.89999999999998
147,60,12,5.4678842532319925,7.35,5.5233333333333325,11.607666666666665,40.266666666666666,16.771666666666665,26.013018916597574,19.783333333333335,73.57507023758585,33.0,9.399999999999999,12.300000000000002,45.5,70.0,27,0.27417920728134787,1.0,3.499999999999999,10.120000000000001,35.5,0.09837473140687303,15,328.0730551939196,312.1562269991709,640.2292821930905,94.09999999999998
148,62,11,4.877422244875412,7.193548387096774,5.469354838709678,11.618387096774194,40.29838709677419,17.48064516129032,28.30783060736877,19.870967741935484,36.787535118792924,33.0,9.399999999999999,12.300000000000002,45.5,69.0,26,0.3760779779215984,1.0,3.499999999999999,10.120000000000001,35.5,1.1429709449245578,15,302.4001791822755,311.3861366810565,613.786315863332,105.99999999999999
149,62,13,4.826378636966651,6.758064516129032,5.4967741935483865,11.58225806451613,40.193548387096776,17.258064516129025,27.524291604063805,20.193548387096776,30.220993683235356,33.0,9.399999999999999,12.240000000000002,45.5,69.0,26,0.3760779779215984,1.0,3.499999999999999,10.120000000000001,35.5,0.30569631192075164,15,299.2354754919324,357.8157908528295,657.0512663447619,107.89999999999998
150,61,15,5.553709633963333,6.049180327868853,5.560655737704918,11.508852459016397,40.01639344262295,14.273770491803276,20.21523446287135,20.770491803278688,69.81772307984123,32.0,9.499999999999998,12.240000000000002,45.5,67.0,26,0.46986192451132364,1.0,3.499999999999999,10.120000000000001,35.5,0.3760779779215984,15,338.7762876717633,303.22851694307025,642.0048046148336,121.09999999999998
151,66,9,6.644680205466065,5.848484848484849,5.518181818181818,11.533030303030307,40.015151515151516,14.606060606060602,29.216905434988487,20.893939393939394,72.43882299644667,32.0,9.499999999999998,12.240000000000002,45.5,54.0,27,0.46986192451132364,1.0,3.499999999999999,10.120000000000001,36.0,4.0,15,438.5488935607603,262.9521489148964,701.5010424756567,86.5
152,68,15,5.765068240749987,5.544117647058823,5.283823529411764,11.587352941176473,40.220588235294116,13.67647058823529,19.852940464912436,20.941176470588236,70.18882299644667,22.0,9.499999999999998,12.240000000000002,45.5,53.0,27,0.46986192451132364,1.0,3.499999999999999,10.120000000000001,36.0,0.5660601949504698,15,392.0246403709991,297.79410697368655,689.8187473446857,177.7
153,73,15,4.855157276785676,5.342465753424658,5.116438356164382,11.652054794520549,40.4041095890411,13.739726027397255,25.456296397203893,20.986301369863014,70.18882299644667,22.0,9.499999999999998,12.240000000000002,45.5,83.0,27,0.46986192451132364,1.0,3.499999999999999,10.120000000000001,36.0,0.46954381425631814,15,354.4264812053544,381.8444459580584,736.2709271634128,104.3
154,69,21,4.867852194791642,5.173913043478261,4.856521739130435,11.745797101449275,40.594202898550726,13.337681159420287,23.50059981829449,20.782608695652176,41.800271206893875,22.0,9.499999999999998,12.240000000000002,45.5,95.0,27,0.46986192451132364,1.0,3.499999999999999,10.120000000000001,36.0,1.0,15,335.88180144062335,493.51259618418425,829.3943976248077,198.5
155,73,17,5.363807341828503,5.068493150684931,4.819178082191781,11.76712328767123,40.61643835616438,14.083561643835615,23.333910819522018,20.82191780821918,70.54357718236764,22.0,9.499999999999998,12.240000000000002,45.5,94.0,27,0.46986192451132364,1.0,3.499999999999999,10.120000000000001,36.0,0.21485472462278832,15,391.5579359534807,396.6764839318743,788.234419885355,89.39999999999999
156,75,20,5.324893192149672,5.04,4.889333333333332,11.752266666666666,40.553333333333335,13.748,24.685380293871464,20.986666666666668,70.54357718236764,22.0,9.499999999999998,12.240000000000002,45.5,93.0,28,0.46986192451132364,1.0,3.499999999999999,10.06,36.0,0.2531617311378338,15,399.36698941122535,493.7076058774293,893.0745952886546,143.89999999999998
157,76,17,4.272434093181306,5.2631578947368425,4.8394736842105255,11.770263157894735,40.651315789473685,13.924999999999997,42.00987439602513,20.93421052631579,40.877645992893356,22.0,9.499999999999998,12.240000000000002,45.5,94.0,28,0.46986192451132364,1.0,3.499999999999999,10.06,36.0,0.9397238490226473,16,324.70499108177927,714.1678647324272,1038.8728558142066,79.1
158,77,17,5.5992657960686625,5.441558441558442,4.8428571428571425,11.761818181818178,40.77272727272727,14.935064935064933,35.377381416848216,21.051948051948052,70.98079282372333,22.0,9.499999999999998,12.240000000000002,45.5,93.0,28,0.46986192451132364,1.0,3.499999999999999,10.06,35.5,1.5250411639225434,16,431.14346629728703,601.4154840864197,1032.5589503837068,201.79999999999998
159,79,17,4.947472513829057,5.493670886075949,4.903797468354429,11.742531645569615,40.68987341772152,14.881012658227847,38.81253072905827,21.10126582278481,40.877645992893356,22.0,9.299999999999999,12.240000000000002,45.5,92.0,29,0.46986192451132364,1.0,3.499999999999999,10.06,35.5,1.8835840416420457,16,390.8503285924955,659.8130223939905,1050.663350986486,121.8
160,79,19,6.527768940309027,4.886075949367089,4.927848101265822,11.755189873417718,40.4746835443038,14.379746835443038,32.29135800662759,21.27848101265823,90.34303910338923,22.0,9.399999999999999,12.240000000000002,45.5,97.0,30,0.46986192451132364,1.0,3.499999999999999,10.06,35.5,0.8835840416420457,16,515.6937462844131,613.5358021259242,1129.2295484103374,169.7
161,82,22,5.548085043529662,4.780487804878049,4.917073170731706,11.767073170731708,40.40243902439025,13.603658536585366,26.91119727247859,21.29268292682927,45.171519551694615,22.0,9.399999999999999,12.240000000000002,45.5,96.0,30,0.46986192451132364,1.0,3.499999999999999,10.06,35.5,0.9390876285126363,16,454.9429735694323,592.0463399945289,1046.9893135639613,235.69999999999996
162,90,21,4.669780278807526,4.8,4.9033333333333315,11.764444444444441,40.43888888888889,13.356666666666666,27.64036773342095,21.555555555555557,45.171519551694615,22.0,9.399999999999999,12.240000000000002,45.5,95.0,30,0.46986192451132364,1.0,3.499999999999999,10.06,35.5,1.1818038462450384,16,420.2802250926773,580.4477224018399,1000.7279474945171,189.59999999999997
163,89,25,4.381169288478204,4.51685393258427,4.9505617977528065,11.753932584269657,40.3876404494382,12.861797752808991,22.565645664324787,22.1123595505618,35.49039641186167,22.0,9.399999999999999,12.240000000000002,45.5,94.0,30,0.46986192451132364,1.0,3.399999999999999,10.06,35.5,0.18180384624503843,16,389.92406667456015,564.1411416081197,954.0652082826798,274.9
164,94,17,4.761664658600788,4.617021276595745,5.091489361702125,11.709787234042546,40.3563829787234,13.707446808510639,26.755421372084864,22.52127659574468,86.41047935351096,23.0,9.499999999999998,12.240000000000002,45.5,93.0,30,0.31449751070464965,1.0,3.399999999999999,10.06,35.5,1.072609542491306,16,447.59647790847407,454.8421633254427,902.4386412339168,281.5999999999999
165,94,18,5.547543703212264,4.691489361702128,5.252127659574467,11.641489361702124,40.202127659574465,15.40957446808511,18.50961546381372,22.80851063829787,107.34441149822334,23.0,9.499999999999998,12.240000000000002,45.5,86.0,30,0.31449751070464965,1.0,3.399999999999999,10.06,35.5,0.07260954249130602,16,521.4691081019528,333.173078348647,854.6421864505998,310.29999999999995
166,97,14,5.980249885136143,5.020618556701031,5.262886597938143,11.632577319587622,40.329896907216494,15.398969072164949,13.813047784796668,22.711340206185568,87.4362995514827,23.0,9.499999999999998,12.240000000000002,46.0,85.0,30,0.272574954815404,1.0,3.399999999999999,10.06,35.5,1.0,16,580.0842388582058,193.38266898715335,773.4669078453592,317.49999999999994
167,102,14,4.915321962270955,5.754901960784314,5.355882352941176,11.576274509803913,40.529411764705884,16.03529411764705,12.307698690960335,22.725490196078432,43.71814977574135,23.0,9.499999999999998,12.240000000000002,46.0,84.0,31,0.272574954815404,1.0,3.399999999999999,10.06,35.5,0.55149069154598,16,501.3628401516374,172.30778167344468,673.6706218250821,318.69999999999993
168,103,16,4.338125128441906,6.087378640776699,5.285436893203884,11.590485436893195,40.62135922330097,16.52427184466019,10.74873610335274,22.475728155339805,21.859074887870676,23.0,9.499999999999998,12.240000000000002,46.0,83.0,31,0.272574954815404,1.0,3.399999999999999,10.0,35.5,0.5191411547009646,16,446.8268882295163,171.97977765364385,618.8066658831601,381.79999999999995
169,102,15,4.0474013955690245,6.411764705882353,5.403921568627451,11.54274509803921,40.5735294117647,16.362745098039213,11.246400049652072,22.686274509803923,21.859074887870676,23.0,9.499999999999998,12.240000000000002,46.0,82.0,32,0.272574954815404,1.0,3.399999999999999,10.0,35.5,0.018717770991967475,16,412.8349423480405,168.6960007447811,581.5309430928216,285.4
170,100,15,3.8748712171916906,6.07,5.457999999999999,11.531799999999999,40.525,16.058999999999997,11.384171179122863,23.01,21.859074887870676,23.0,9.499999999999998,12.240000000000002,46.0,81.0,32,0.272574954815404,1.0,3.399999999999999,10.0,35.5,0.35291597370962713,16,387.48712171916907,170.76256768684294,558.2496894060121,207.6
171,100,13,3.8527925945767483,6.12,5.608,11.477199999999996,40.42,16.431,11.260618532857766,23.4,21.336102874555834,23.0,9.599999999999998,12.240000000000002,46.0,80.0,32,0.272574954815404,1.0,3.399999999999999,10.0,35.5,0.8332940773245112,16,385.2792594576748,146.38804092715097,531.6673003848258,164.29999999999998
172,101,9,3.7807175308041265,6.118811881188119,5.62970297029703,11.462574257425736,40.301980198019805,16.614851485148513,13.768539746974959,23.435643564356436,21.336102874555834,23.0,9.599999999999998,12.240000000000002,46.0,79.0,32,0.272574954815404,1.0,3.399999999999999,10.0,35.5,1.8231353216294819,16,381.8524706112168,123.91685772277464,505.76932833399144,165.5
173,100,10,3.7181846717344125,6.12,5.739999999999998,11.410599999999995,40.25,17.588,11.926184736746029,23.71,21.336102874555834,23.0,9.599999999999998,12.240000000000002,46.0,78.0,32,0.272574954815404,1.0,3.399999999999999,10.0,35.5,0.31449751070464965,16,371.81846717344126,119.26184736746029,491.08031454090155,239.7
174,90,19,4.28686999148761,5.811111111111111,5.611111111111111,11.458444444444442,40.37777777777778,16.88,4.713240374021565,23.622222222222224,78.2579900428186,22.0,9.499999999999998,12.240000000000002,46.0,19.0,33,0.26923109876836887,1.0,3.399999999999999,10.0,35.5,0.272574954815404,16,385.81829923388483,89.55156710640973,475.36986634029455,385.8
175,87,12,4.51149471143656,5.735632183908046,5.651724137931035,11.450574712643675,40.298850574712645,16.87011494252873,3.5798229120954304,23.7816091954023,39.1289950214093,22.0,9.499999999999998,12.300000000000002,46.0,13.539998276612645,33,0.26923109876836887,1.0,3.299999999999999,10.0,35.5,0.507077538167866,16,392.5000398949808,42.957874945145164,435.4579148401259,135.5
176,82,15,4.019724189415324,5.487804878048781,5.650000000000001,11.452682926829263,40.25,16.184146341463414,5.7876959519927444,24.097560975609756,21.336102874555834,22.0,9.499999999999998,12.300000000000002,46.0,21.0,33,0.26923109876836887,1.0,3.299999999999999,10.0,35.5,0.5159800856371972,17,329.6173835320566,86.81543927989117,416.43282281194774,253.09999999999997
177,82,16,3.6579989972647287,5.695121951219512,5.443902439024392,11.532439024390241,40.451219512195124,15.028048780487804,10.77628271939452,24.073170731707318,21.336102874555834,22.0,9.499999999999998,12.360000000000003,46.0,94.0,33,0.3182339462617988,1.0,3.299999999999999,10.0,36.0,0.26923109876836887,17,299.95591777570775,172.4205235103123,472.37644128602005,192.39999999999998
178,87,10,3.2808664298674586,5.620689655172414,5.467816091954021,11.531264367816089,40.44827586206897,15.224137931034488,20.042573409467455,24.471264367816094,21.336102874555834,22.0,9.499999999999998,12.360000000000003,46.0,93.0,33,0.2616714383824724,1.0,3.299999999999999,10.0,36.0,0.4772646635128339,17,285.4353793984689,200.42573409467454,485.8611134931434,130.9
179,85,10,3.506779710039267,5.682352941176471,5.558823529411765,11.49670588235294,40.4,16.504705882352944,17.429163056330378,24.694117647058825,21.336102874555834,22.0,9.499999999999998,12.360000000000003,46.0,92.0,33,0.2616714383824724,1.0,3.299999999999999,10.0,36.0,0.15384879014695096,17,298.0762753533377,174.29163056330378,472.36790591664146,169.0
180,84,12,3.2892521154393117,5.571428571428571,5.660714285714285,11.454999999999998,40.267857142857146,16.977380952380955,21.1906124969139,25.107142857142858,21.336102874555834,22.0,9.499999999999998,12.360000000000003,46.0,91.0,33,0.2616714383824724,1.0,3.299999999999999,10.0,35.5,1.1995070872431546,17,276.29717769690217,254.2873499629668,530.584527659869,171.7
181,81,13,3.3967933891150253,5.62962962962963,5.717283950617281,11.434814814814816,40.22839506172839,17.964197530864197,22.660749496344298,25.246913580246915,21.336102874555834,22.0,9.499999999999998,12.360000000000003,46.0,90.0,33,0.2616714383824724,1.0,3.199999999999999,10.0,35.5,0.3796978009037919,17,275.14026451831705,294.5897434524759,569.7300079707929,165.2
182,75,15,3.337227936099391,5.6,5.712,11.445066666666664,40.14,19.013333333333332,20.17367861155433,25.333333333333332,21.336102874555834,22.0,9.499999999999998,12.360000000000003,46.0,89.0,34,0.2616714383824724,1.0,3.199999999999999,10.0,35.5,0.3182339462617988,17,250.2920952074543,302.6051791733149,552.8972743807692,310.0
183,68,16,3.0172557976012055,5.1911764705882355,5.763235294117647,11.442352941176466,40.00735294117647,18.645588235294117,20.5468017636148,25.83823529411765,21.336102874555834,22.0,9.499999999999998,12.360000000000003,46.0,88.0,34,0.39807933445451005,1.0,3.199999999999999,10.0,35.5,0.7003274797972177,17,205.173394236882,328.7488282178368,533.9222224547187,235.99999999999997
184,63,17,4.409377544139546,5.079365079365079,5.70952380952381,11.461269841269841,40.007936507936506,18.099999999999998,17.60687146938256,25.984126984126984,89.5309990686429,22.0,9.499999999999998,12.360000000000003,46.0,74.0,34,0.39807933445451005,1.0,3.199999999999999,10.0,35.5,0.5576932963051067,17,277.7907852807914,299.31681497950353,577.1076002602949,131.2
185,58,18,5.221225745685194,4.844827586206897,5.856896551724137,11.426896551724138,39.86206896551724,18.029310344827582,16.4631146637271,26.396551724137932,71.33610287455583,22.0,9.499999999999998,12.360000000000003,46.0,73.0,34,0.39807933445451005,1.0,3.199999999999999,10.0,35.5,0.2391757507740908,17,302.83109324974123,296.33606394708784,599.1671571968291,111.29999999999997
186,58,17,4.5786749463705005,5.241379310344827,5.9465517241379295,11.380344827586207,39.85344827586207,16.21034482758621,16.135912012300146,26.689655172413794,35.66805143727792,22.0,9.499999999999998,12.360000000000003,46.0,72.0,35,0.39807933445451005,2.0,3.199999999999999,10.0,35.0,0.7619752085213618,17,265.563146889489,274.3105042091025,539.8736510985915,85.59999999999998
187,64,12,4.549256589768705,5.53125,5.970312499999997,11.361249999999997,39.8125,15.2890625,22.230728335450568,26.609375,59.51914115470097,22.0,9.499999999999998,12.360000000000003,46.0,71.0,36,0.39807933445451005,2.0,3.199999999999999,10.0,35.0,0.11556004364340122,17,291.1524217451971,266.7687400254068,557.9211617706039,71.5
188,69,10,4.014229001729381,5.550724637681159,6.091304347826085,11.319710144927532,39.63768115942029,14.655072463768116,25.413710476193955,26.594202898550726,29.759570577350484,22.0,9.499999999999998,12.360000000000003,46.0,70.0,36,0.39807933445451005,2.0,3.199999999999999,10.0,35.0,1.189460868537956,17,276.9818011193273,254.13710476193955,531.1189058812669,64.39999999999999
189,72,10,3.5478071777252227,5.152777777777778,6.206944444444443,11.27944444444444,39.423611111111114,14.305555555555555,29.85277321155113,26.916666666666668,17.83402571863896,22.0,9.499999999999998,12.360000000000003,45.5,69.0,36,0.39807933445451005,1.0,3.199999999999999,9.94,35.0,1.3501637398986088,17,255.44211679621603,298.5277321155113,553.9698489117274,55.699999999999996
190,75,11,4.076557803857478,4.986666666666666,6.009333333333331,11.356799999999994,39.486666666666665,14.052000000000001,28.467672305193364,26.466666666666665,59.35638644992258,22.0,9.499999999999998,12.360000000000003,45.5,87.0,36,0.39807933445451005,1.0,3.0999999999999988,9.94,35.0,0.35016373989860883,17,305.7418352893108,313.144395357127,618.8862306464378,84.59999999999998
191,77,14,4.31871178015181,4.883116883116883,6.045454545454543,11.341298701298696,39.37662337662338,13.788311688311685,21.317031758832957,26.532467532467532,84.83402571863896,22.0,9.499999999999998,12.360000000000003,45.5,86.0,36,0.39807933445451005,1.0,3.0999999999999988,9.94,35.0,0.7595705773504823,17,332.5408070716894,298.4384446236614,630.9792516953507,108.89999999999998
192,82,11,3.9860279496294284,4.817073170731708,6.1292682926829265,11.314146341463404,39.26219512195122,15.201219512195117,27.517847258064652,26.5609756097561,84.83402571863896,22.0,9.499999999999998,12.360000000000003,45.5,85.0,36,0.39807933445451005,1.0,3.0999999999999988,9.94,35.0,0.4649932902711013,17,326.8542918696131,302.6963198387112,629.5506117083244,117.79999999999998
193,76,20,3.7763920679698266,4.868421052631579,6.367105263157894,11.236052631578941,39.00657894736842,13.681578947368424,17.77831727673813,26.93421052631579,84.83402571863896,22.0,9.499999999999998,12.360000000000003,45.5,84.0,36,0.39807933445451005,1.0,3.0999999999999988,9.94,35.0,0.7003274797972177,18,287.00579716570684,355.5663455347626,642.5721427004694,207.79999999999995
194,72,18,4.194021375823841,4.638888888888889,6.497222222222221,11.194166666666666,38.791666666666664,12.719444444444441,17.949984012510182,27.01388888888889,59.22278109441904,22.0,9.499999999999998,12.360000000000003,45.5,84.83402571863896,36,0.39807933445451005,1.0,3.0999999999999988,9.94,35.0,0.07692439507347548,18,301.96953905931656,323.0997122251833,625.0692512844998,78.79999999999998
195,73,12,5.0274201394175195,4.63013698630137,6.527397260273972,11.181917808219175,38.794520547945204,14.332876712328764,26.418177659063293,27.164383561643834,86.27958790747704,22.0,9.499999999999998,12.360000000000003,45.5,82.0,36,0.39807933445451005,1.0,3.0999999999999988,9.94,35.0,1.5081407907399136,18,367.0016701774789,317.0181319087595,684.0198020862384,104.99999999999999
196,75,16,3.440744049390787,4.6,6.662666666666666,11.125333333333328,38.63333333333333,14.482666666666667,26.436503712421384,27.453333333333333,21.725150096315122,22.0,9.499999999999998,12.360000000000003,45.5,86.27958790747704,36,0.39807933445451005,1.0,3.0999999999999988,9.94,35.0,0.5081407907399136,18,258.055803704309,422.98405939874215,681.0398631030512,111.89999999999998
197,80,11,3.363188308638714,4.6625,6.6899999999999995,11.111749999999997,38.60625,16.038750000000004,42.57087162795246,27.5625,26.561490706633023,22.0,9.499999999999998,12.360000000000003,45.5,85.27958790747704,36,0.39807933445451005,1.0,3.0999999999999988,9.94,35.0,2.0,18,269.05506469109713,468.27958790747704,737.3346525985742,129.89999999999998
198,76,15,4.818417412472074,4.2631578947368425,6.655263157894736,11.13684210526315,38.44736842105263,16.196052631578947,25.678777459875857,27.644736842105264,80.85488707656008,7.0,9.499999999999998,12.360000000000003,44.0,84.27958790747704,36,0.39807933445451005,1.0,3.0999999999999988,9.94,35.0,0.9274435382800403,18,366.1997233478776,385.18166189813786,751.3813852460155,185.29999999999995
199,72,16,5.665559949304988,4.361111111111111,6.7888888888888905,11.077222222222217,38.38194444444444,15.120833333333334,17.602980909499184,27.833333333333332,77.7014238184012,7.0,9.499999999999998,12.360000000000003,44.0,84.50236900189607,36,0.39807933445451005,1.0,3.0999999999999988,9.94,35.0,0.9299865805422026,18,407.9203163499592,281.64769455198694,689.5680109019461,204.59999999999997
200,82,13,4.074250418723901,4.219512195121951,6.656097560975611,11.128292682926823,38.53658536585366,14.0609756097561,26.029223882709168,27.9390243902439,38.8507119092006,7.0,9.499999999999998,12.360000000000003,44.0,83.50236900189607,36,0.39807933445451005,1.0,3.0999999999999988,9.879999999999999,35.0,0.8599731610844052,18,334.0885343353599,338.37991047521916,672.4684448105791,134.7
201,97,10,3.578566821668165,4.030927835051546,6.532989690721652,11.1841237113402,38.670103092783506,12.704123711340204,35.48734697589005,28.123711340206185,64.8507119092006,7.0,9.599999999999998,12.420000000000003,44.0,82.50236900189607,36,0.39807933445451005,1.0,3.0999999999999988,9.879999999999999,35.0,0.36633690920059503,18,347.120981701812,354.87346975890046,701.9944514607125,61.49999999999999
202,105,9,3.7044166752359144,4.0095238095238095,6.511428571428572,11.188571428571422,38.65714285714286,12.302857142857142,34.60896404759566,28.057142857142857,84.4265556743426,7.0,9.599999999999998,12.420000000000003,44.0,76.0,36,0.39807933445451005,1.0,3.0999999999999988,9.879999999999999,35.0,1.8548870765600807,18,388.963750899771,311.480676428361,700.444427328132,115.19999999999999
203,107,9,4.82177042636703,4.037383177570093,6.31869158878505,11.263738317757001,38.78971962616822,12.606542056074764,16.64978638828245,27.878504672897197,76.28674650180982,7.0,9.599999999999998,12.420000000000003,44.0,59.0,36,0.39807933445451005,1.0,3.0999999999999988,9.879999999999999,35.0,1.1257805646871484,18,515.9294356212722,149.84807749454205,665.7775131158143,178.59999999999997
204,114,9,3.969256844275422,4.043859649122807,6.208771929824563,11.30508771929824,38.91228070175438,13.746491228070173,22.036570811591872,28.0,38.14337325090491,7.0,9.599999999999998,12.420000000000003,44.0,58.0,36,0.39807933445451005,1.0,3.0999999999999988,9.879999999999999,35.0,0.12578056468714838,18,452.4952802473981,198.32913730432685,650.824417551725,201.99999999999997
205,109,17,3.712281858523552,4.045871559633028,6.011926605504588,11.382752293577978,39.12844036697248,13.426605504587156,17.893792465814528,27.954128440366972,23.293940874951183,7.0,9.599999999999998,12.420000000000003,44.0,95.0,36,0.5326667400111901,1.0,3.0999999999999988,9.879999999999999,35.0,0.39807933445451005,18,404.6387225790672,304.194471918847,708.8331944979142,259.79999999999995
206,112,17,3.7585013372778877,4.116071428571429,5.799107142857145,11.461964285714282,39.392857142857146,14.19107142857143,19.73632920583366,28.017857142857142,58.76495007392843,7.0,9.599999999999998,12.420000000000003,44.0,95.0,36,0.585542793468349,1.0,3.0999999999999988,9.879999999999999,35.0,0.2617276253577592,18,420.9521497751234,335.5175964991722,756.4697462742956,226.19999999999996
207,108,14,4.671304889148373,4.157407407407407,5.686111111111114,11.497592592592586,39.550925925925924,14.289814814814815,20.319185131413445,28.194444444444443,60.59568744179018,7.0,9.599999999999998,12.420000000000003,44.0,94.0,36,0.585542793468349,1.0,2.9999999999999987,9.879999999999999,35.0,0.23128998451348526,18,504.50092802802425,284.46859183978825,788.9695198678126,234.59999999999997
208,113,13,3.819290039497017,4.1946902654867255,5.853097345132742,11.432920353982297,39.33185840707964,12.730973451327433,25.022440354728637,28.265486725663717,30.29784372089509,7.0,9.599999999999998,12.420000000000003,43.0,93.0,36,0.269822128414538,1.0,2.9999999999999987,9.879999999999999,35.0,0.3989218604475453,18,431.5797744631629,325.29172461147226,756.8714990746352,127.09999999999998
209,125,10,3.252844565276751,4.208,5.664000000000001,11.50127999999999,39.416,12.674399999999999,36.961796592514034,28.112,25.38329864823206,7.0,9.599999999999998,12.420000000000003,43.0,92.0,36,0.269822128414538,1.0,2.8999999999999986,9.879999999999999,35.0,0.055936241925831354,18,406.60557065959387,369.6179659251403,776.2235365847341,179.49999999999997
210,133,11,3.1657353616694905,4.2330827067669174,5.685714285714286,11.487518796992472,39.32330827067669,12.787218045112782,33.153695397709406,28.13533834586466,67.7326738184012,7.0,9.599999999999998,12.420000000000003,43.0,91.0,36,0.269822128414538,1.0,2.8999999999999986,9.94,35.0,0.539644256829076,18,421.0428031020422,364.69064937480346,785.7334524768457,244.59999999999997
211,131,16,3.043820716392877,4.190839694656488,5.50229007633588,11.555114503816784,39.45038167938932,12.793893129770993,24.707276706415993,28.03053435114504,33.8663369092006,7.0,9.599999999999998,12.420000000000003,43.0,90.0,36,0.269822128414538,1.0,2.8999999999999986,9.879999999999999,35.0,0.5839160025200607,18,398.7405138474669,395.3164273026559,794.0569411501228,230.59999999999997
212,126,19,4.080283558469938,4.166666666666667,5.437301587301588,11.57841269841269,39.44444444444444,13.229365079365081,17.52433328923565,27.944444444444443,92.11108323401103,7.0,9.599999999999998,12.420000000000003,43.0,88.0,36,0.269822128414538,1.0,2.8999999999999986,9.879999999999999,35.0,0.06035884416491477,18,514.1157283672122,332.9623324954773,847.0780608626895,173.69999999999996
213,128,12,4.806900220922687,4.140625,5.4250000000000025,11.58687499999999,39.4765625,14.246875000000001,17.61593082946976,27.953125,88.07465096655797,7.0,9.599999999999998,12.420000000000003,43.0,42.0,36,0.269822128414538,1.0,2.8999999999999986,9.879999999999999,35.0,0.04763612969161435,18,615.2832282781039,211.39116995363713,826.6743982317411,167.09999999999997
214,128,17,4.20373793318901,4.140625,5.3468750000000025,11.62093749999999,39.6015625,13.695312500000002,14.914404273317741,27.9609375,44.037325483278984,8.0,9.599999999999998,12.420000000000003,43.0,52.0,36,0.269822128414538,1.0,2.8999999999999986,9.879999999999999,35.5,1.3706241612838876,18,538.0784554481933,253.5448726464016,791.6233280945949,226.89999999999995
215,140,14,3.4799394799148473,4.185714285714286,5.502857142857147,11.562857142857135,39.44642857142857,13.503571428571428,24.6077409294148,28.207142857142856,22.018662741639492,8.0,9.599999999999998,12.420000000000003,43.0,67.0,36,0.269822128414538,1.0,2.8999999999999986,9.879999999999999,35.5,2.4455621888380814,18,487.1915271880786,344.5083730118072,831.6999001998859,119.19999999999996
216,149,16,3.2080025321809167,4.241610738255034,5.5577181208053705,11.54644295302013,39.41610738255034,14.177852348993289,26.436817910657485,28.40268456375839,39.29195800126003,8.0,9.699999999999998,12.420000000000003,43.0,75.0,37,0.269822128414538,1.0,2.8999999999999986,9.879999999999999,35.5,1.4455621888380814,18,477.99237729495655,422.98908657051976,900.9814638654764,231.49999999999994
217,151,21,3.452158278613469,4.178807947019868,5.50927152317881,11.563708609271519,39.43377483443709,14.44966887417219,20.85726689206258,28.417218543046356,52.672809379620524,8.0,9.699999999999998,12.420000000000003,43.5,75.0,37,0.269822128414538,1.0,2.8999999999999986,9.879999999999999,35.5,0.4653476368023801,19,521.2759000706338,438.0026047333142,959.278504803948,256.49999999999994
218,149,16,4.448552943068616,4.167785234899329,5.509395973154365,11.56107382550335,39.446308724832214,15.767114093959727,23.421209891927447,28.59731543624161,78.8454197013214,8.0,9.699999999999998,12.420000000000003,43.5,73.0,37,0.5291615142062593,1.0,2.8999999999999986,9.879999999999999,35.5,1.388710084779174,19,662.8343885172238,374.73935827083915,1037.573746788063,244.19999999999993
219,143,29,3.8942163417752003,4.181818181818182,5.3797202797202806,11.607132867132865,39.49300699300699,16.28111888111888,17.760827179167503,28.48951048951049,39.75694270212569,8.0,9.699999999999998,12.420000000000003,43.5,72.0,37,0.5291615142062593,1.0,2.8999999999999986,9.879999999999999,35.5,0.26458075710312967,19,556.8729368738536,515.0639881958576,1071.9369250697114,461.7999999999999
220,146,26,3.6761330348828056,4.171232876712328,5.282191780821919,11.637123287671223,39.57876712328767,16.158219178082184,20.92149121829779,28.76027397260274,47.87847135106284,8.0,9.699999999999998,12.420000000000003,43.5,71.0,38,0.5291615142062593,1.0,2.8999999999999986,9.94,35.5,1.2633576105712512,19,536.7154230928896,543.9587716757425,1080.674194768632,313.99999999999994
221,158,21,3.661553622746344,4.215189873417722,5.4563291139240535,11.573670886075941,39.41772151898734,15.597468354430374,21.853556019535137,29.158227848101266,63.26523520860732,8.0,9.699999999999998,12.420000000000003,43.5,70.0,38,0.5291615142062593,1.0,2.8999999999999986,9.94,35.0,0.2633576105712512,19,578.5254723939223,458.92467641023785,1037.45014880416,208.69999999999993
222,153,30,3.391965522653944,4.333333333333333,5.659477124183008,11.503921568627437,39.254901960784316,15.366013071895422,21.080259844974627,29.359477124183005,54.70705089785067,9.0,9.699999999999998,12.420000000000003,43.5,89.0,38,0.5291615142062593,1.0,2.8999999999999986,9.94,35.0,0.5839160025200607,19,518.9707249660535,632.4077953492388,1151.3785203152922,430.8999999999999
223,146,28,4.324823992957819,4.417808219178082,5.721232876712329,11.480547945205469,39.23287671232877,15.852054794520548,16.363207435576168,29.52054794520548,88.58228251811754,9.0,9.699999999999998,12.420000000000003,43.5,84.0,38,0.5291615142062593,1.0,2.8999999999999986,9.94,35.0,0.9117426093688978,19,631.4243029718416,458.1698081961327,1089.5941111679742,397.5999999999999
224,141,32,3.8342503170283426,4.375886524822695,5.560283687943265,11.534751773049635,39.38652482269504,15.639716312056732,14.315588189360717,29.602836879432623,44.29114125905877,9.0,9.699999999999998,12.420000000000003,43.5,83.0,38,0.4114518927578242,1.0,2.7999999999999985,9.94,35.0,0.02754014535382332,21,540.6292947009963,458.09882205954295,998.7281167605393,391.5999999999999
225,135,28,3.89214468705519,4.340740740740741,5.4444444444444455,11.579259259259246,39.44814814814815,15.955555555555549,14.701120382666772,29.40740740740741,43.40358328724379,9.0,9.699999999999998,12.420000000000003,43.5,82.0,38,0.4114518927578242,1.0,2.7999999999999985,9.94,35.0,0.3356640100802428,21,525.4395327524506,411.63137071466963,937.0709034671203,384.89999999999986
226,136,25,4.11384887632143,4.375,5.493382352941177,11.5645588235294,39.341911764705884,15.023529411764699,13.459825739488116,29.49264705882353,57.910064116065676,9.0,9.699999999999998,12.420000000000003,43.5,81.0,39,0.4114518927578242,1.0,2.7999999999999985,9.94,35.0,0.7412483225677753,21,559.4834471797144,336.49564348720287,895.9790906669173,249.79999999999993
227,144,23,3.517792290123459,4.298611111111111,5.575694444444448,11.533194444444426,39.25347222222222,15.15555555555555,13.624297211622935,29.583333333333332,28.955032058032838,9.0,9.699999999999998,12.420000000000003,44.0,80.0,40,0.3754015135709689,1.0,2.7999999999999985,9.94,35.0,0.058323028412518685,21,506.5620897777781,313.3588358673275,819.9209256451056,250.99999999999994
228,144,23,3.0123323181854236,4.194444444444445,5.479166666666668,11.557638888888874,39.34375,15.601388888888879,21.043227662894846,29.65972222222222,14.477516029016419,9.0,9.699999999999998,12.420000000000003,44.0,85.0,40,0.3754015135709689,1.0,2.7999999999999985,9.94,35.0,0.3840981643455865,21,433.775853818701,483.99423624658147,917.7700900652825,381.49999999999994
229,140,26,3.4728438495000797,4.185714285714286,5.292857142857143,11.624714285714274,39.52142857142857,16.447142857142854,15.04570357424975,29.542857142857144,62.885575041261916,9.0,9.599999999999998,12.420000000000003,44.5,84.0,39,0.3754015135709689,1.0,2.7999999999999985,9.94,35.0,0.44331460816349844,21,486.19813893001117,391.1882929304935,877.3864318605047,575.6999999999999
230,138,29,3.766685027673404,4.13768115942029,5.261594202898549,11.638985507246359,39.70289855072464,15.92246376811594,10.49493730981542,29.753623188405797,84.55386703024072,9.0,9.599999999999998,12.360000000000003,44.5,77.0,40,0.3754015135709689,1.0,2.7999999999999985,9.94,35.0,0.6460252931131414,21,519.8025338189298,304.35318198464716,824.1557158035769,377.4999999999999
231,136,27,3.4840369348767126,4.205882352941177,5.200735294117648,11.671176470588218,39.724264705882355,16.024264705882352,12.394560349036944,29.522058823529413,42.27693351512036,9.0,9.599999999999998,12.360000000000003,44.5,76.0,40,0.3754015135709689,1.0,2.7999999999999985,9.94,35.0,0.37616642135246825,21,473.8290231432329,334.6531294239975,808.4821525672304,282.99999999999994
232,138,28,3.7602211637162,4.1231884057971016,5.047826086956524,11.726956521739115,39.78623188405797,15.266666666666662,7.970022496715309,29.420289855072465,75.69204908217279,9.0,9.599999999999998,12.360000000000003,44.5,59.0,40,0.3754015135709689,1.0,2.7999999999999985,9.94,35.0,0.07970866818341715,21,518.9105205928356,223.16062990802865,742.0711505008643,268.3999999999999
233,134,29,3.2267605442868907,3.962686567164179,5.091044776119407,11.709104477611929,39.600746268656714,14.095522388059699,8.29120460784089,29.276119402985074,37.84602454108639,9.0,9.599999999999998,12.360000000000003,44.5,58.0,40,0.3754015135709689,1.0,2.7999999999999985,9.94,35.0,0.23169458250376174,22,432.38591293444335,240.44493362738578,672.8308465618292,347.99999999999994
234,136,18,3.563339065599356,3.963235294117647,5.195588235294121,11.668382352941167,39.49264705882353,14.352941176470592,8.403653325500098,29.455882352941178,55.99430334458107,9.0,9.599999999999998,12.360000000000003,44.5,57.0,40,0.3754015135709689,1.0,2.7999999999999985,9.94,35.0,0.380832106762341,22,484.61411292151246,151.26575985900178,635.8798727805142,255.19999999999993
235,133,21,3.1804497312046305,3.9022556390977443,5.123308270676693,11.683759398496226,39.54887218045113,14.296240601503763,8.129711618918712,29.49624060150376,37.84602454108639,9.0,9.599999999999998,12.360000000000003,44.5,56.0,40,0.3754015135709689,1.0,2.7999999999999985,9.94,35.0,0.12666154669765728,22,422.9998142502159,170.72394399729296,593.7237582475088,354.2999999999999
236,132,15,3.424440709849463,3.878787878787879,5.167424242424244,11.673484848484838,39.583333333333336,13.829545454545457,8.265209009380024,29.75,56.82012823213136,9.0,9.599999999999998,12.360000000000003,44.5,46.0,40,0.3495052825082258,1.0,2.7999999999999985,9.94,35.0,0.9333711152004825,22,452.0261737001291,123.97813514070036,576.0043088408295,182.09999999999994
237,135,12,3.3055018724907423,3.8518518518518516,5.308888888888891,11.625037037037027,39.47037037037037,14.235555555555559,11.971477759673784,29.94814814814815,56.82012823213136,9.0,9.599999999999998,12.360000000000003,44.5,53.0,40,0.29821302732868277,1.0,2.7999999999999985,9.94,35.0,0.3103348916157014,22,446.2427527862502,143.6577331160854,589.9004859023356,234.49999999999991
238,137,13,2.6149730344950592,3.8394160583941606,5.404379562043797,11.591094890510938,39.42700729927007,14.890510948905106,19.31687385446545,30.1021897810219,19.269036811629594,9.0,9.599999999999998,12.360000000000003,44.5,56.82012823213136,40,0.29821302732868277,1.0,2.7999999999999985,9.94,35.0,0.4491999061018448,22,358.2513057258231,251.11936010805084,609.370665833874,295.4999999999999
239,135,11,2.9738503683030384,3.7777777777777777,5.312592592592593,11.62459259259258,39.46296296296296,16.892592592592585,16.217141402932274,29.992592592592594,56.72497298394489,9.0,9.599999999999998,12.360000000000003,44.5,51.0,40,0.29821302732868277,1.0,2.7999999999999985,9.94,35.0,0.6460252931131414,22,401.4697997209102,178.388555432255,579.8583551531652,329.7999999999999
240,124,20,2.7441241373862937,3.7903225806451615,5.420967741935484,11.589354838709662,39.41532258064516,17.954032258064515,11.235218495655051,30.233870967741936,56.72497298394489,9.0,9.599999999999998,12.360000000000003,44.5,50.0,40,0.29821302732868277,1.0,2.7999999999999985,9.94,35.0,0.6815722525200607,22,340.2713930359004,224.704369913101,564.9757629490014,420.6999999999998
241,119,18,3.1309666334180153,3.773109243697479,5.5344537815126085,11.549243697478982,39.247899159663866,18.71596638655462,9.36752783986409,30.277310924369747,56.72497298394489,9.0,9.599999999999998,12.360000000000003,44.5,49.0,40,0.29821302732868277,1.0,2.7999999999999985,9.94,35.0,0.8232362259959352,22,372.5850293767438,168.61550111755363,541.2005304942975,278.1999999999999
242,112,20,2.4878038173517933,3.75,5.549107142857145,11.53785714285713,39.232142857142854,19.45625,11.455052374353766,30.446428571428573,13.332688290409786,9.0,9.599999999999998,12.360000000000003,44.5,56.72497298394489,40,0.307270521853358,1.0,2.7999999999999985,9.94,35.0,0.12275403579906641,22,278.63402754340086,229.10104748707533,507.7350750304762,362.2999999999999
243,106,18,3.1187498361849904,3.669811320754717,5.4971698113207585,11.55566037735848,39.37735849056604,18.799056603773586,8.04899858976826,30.72641509433962,56.629817735758415,9.0,9.599999999999998,12.360000000000003,44.5,47.0,40,0.307270521853358,1.0,2.7999999999999985,9.94,35.0,0.008596951546627984,22,330.587482635609,144.88197461582868,475.4694572514377,268.3999999999999
244,103,17,2.8580574449200364,3.436893203883495,5.1980582524271846,11.654563106796104,39.56310679611651,17.434951456310678,14.002291897863367,30.50485436893204,41.77187170692229,8.0,9.599999999999998,12.360000000000003,44.5,91.0,40,0.307270521853358,1.0,2.7999999999999985,9.94,35.0,0.7229395242497203,22,294.37991682676375,238.03896226367723,532.418879090441,192.69999999999996
245,105,16,3.838956087438787,3.4571428571428573,5.09809523809524,11.693333333333326,39.714285714285715,16.417142857142853,5.262420058365351,30.60952380952381,90.34950528250823,8.0,9.599999999999998,12.420000000000003,44.5,45.0,40,0.307270521853358,1.0,2.7999999999999985,9.94,35.0,0.5964260546573655,22,403.0903891810726,84.19872093384562,487.28911011491823,130.39999999999995
246,111,12,3.189797913249309,3.4504504504504503,5.263963963963968,11.636576576576566,39.63513513513514,15.830630630630631,8.888696696848342,31.063063063063062,45.174752641254116,8.0,9.599999999999998,12.420000000000003,44.5,44.0,41,0.307270521853358,1.0,2.7999999999999985,9.94,35.0,0.1594184911279073,22,354.0675683706733,106.6643603621801,460.7319287328534,154.09999999999994
247,115,15,2.633729096963968,3.5217391304347827,5.411304347826091,11.573217391304336,39.56956521739131,15.266086956521738,9.64143890332036,31.643478260869564,22.587376320627058,8.0,9.599999999999998,12.420000000000003,44.5,43.0,41,0.25339331372470053,1.0,2.7999999999999985,9.94,35.0,0.3188369822558146,22,302.87884615085636,144.6215835498054,447.50042970066175,204.89999999999995
248,117,14,2.3345792063898454,3.6495726495726495,5.441880341880345,11.552478632478618,39.636752136752136,15.02820512820513,15.801982606165605,32.1025641025641,11.293688160313529,8.0,9.599999999999998,12.420000000000003,45.0,81.0,41,0.25339331372470053,1.0,2.7999999999999985,9.94,35.0,0.49106513664341384,22,273.14576714761193,221.22775648631847,494.3735236339304,218.69999999999993
249,112,16,2.804415909452108,3.625,5.320535714285719,11.604999999999984,39.785714285714285,15.735714285714286,16.321861522381354,32.026785714285715,83.59473459932622,8.0,9.599999999999998,12.420000000000003,45.0,99.0,41,0.25339331372470053,1.0,2.7999999999999985,10.0,35.0,0.8346303835411659,22,314.0945818586361,261.14978435810167,575.2443662167377,300.4
250,109,16,2.605351671675579,3.4954128440366974,5.256880733944957,11.620917431192648,39.76605504587156,16.08532110091743,20.295649173466614,32.06422018348624,41.79736729966311,7.0,9.599999999999998,12.420000000000003,45.0,98.0,41,0.25339331372470053,1.0,2.7999999999999985,10.0,35.0,0.8244885083667806,22,283.9833322126381,324.73038677546583,608.7137189881039,259.49999999999994
251,113,12,2.2857215306468,3.495575221238938,5.339823008849558,11.581769911504413,39.650442477876105,16.646902654867258,25.186977453089018,32.309734513274336,20.898683649831554,7.0,9.599999999999998,12.420000000000003,45.0,97.0,42,0.25339331372470053,1.0,2.7999999999999985,9.94,35.0,0.3529277550097978,22,258.2865329630884,302.2437294370682,560.5302624001566,166.39999999999995
252,116,13,2.121916721814063,3.4827586206896552,5.454310344827588,11.52362068965516,39.577586206896555,16.79137931034482,24.589419346825384,32.724137931034484,11.293688160313529,7.0,9.599999999999998,12.420000000000003,45.0,96.0,43,0.25339331372470053,1.0,2.7999999999999985,9.879999999999999,35.0,0.614541043706716,22,246.14233973043127,319.66245150873,565.8047912391612,174.69999999999996
253,112,15,2.6348507463131634,3.3660714285714284,5.416964285714288,11.5417857142857,39.5625,17.35625,20.859429938992548,32.74107142857143,41.22467091245789,7.0,9.599999999999998,12.420000000000003,45.0,95.0,43,0.25339331372470053,1.0,2.7999999999999985,9.879999999999999,35.0,0.7787658081957134,25,295.1032835870743,312.8914490848882,607.9947326719625,301.09999999999997
254,105,17,2.530491957487932,3.4095238095238094,5.4304761904761945,11.546476190476183,39.58095238095238,18.07904761904762,19.849248966869997,32.78095238095238,20.612335456228944,7.0,9.599999999999998,12.420000000000003,45.0,94.0,43,0.25339331372470053,1.0,2.7999999999999985,9.879999999999999,35.0,0.5606377962453987,25,265.70165553623286,337.43723243678994,603.1388879730227,244.69999999999996
255,102,14,3.0343043375505503,3.5,5.47745098039216,11.532549019607833,39.6764705882353,18.409803921568628,18.712739859526245,33.13725490196079,70.11268451914604,7.0,9.599999999999998,12.420000000000003,45.0,93.0,43,0.25339331372470053,1.0,2.7999999999999985,9.879999999999999,35.0,0.7973672996631114,25,309.4990424301561,261.97835803336744,571.4774004635235,231.29999999999993
256,92,25,2.668174710763356,3.4565217391304346,5.37391304347826,11.578695652173904,39.72282608695652,16.789130434782606,11.44832316669184,33.09782608695652,35.05634225957302,7.0,9.599999999999998,12.420000000000003,45.0,92.0,43,0.25339331372470053,1.0,2.8999999999999986,9.94,35.0,0.2766328019881889,25,245.4720733902288,286.208079167296,531.6801525575247,285.9
257,90,14,3.2211166798383366,3.4555555555555557,5.41,11.565333333333323,39.638888888888886,16.96888888888889,14.565554908249654,33.144444444444446,30.612335456228944,7.0,9.599999999999998,12.420000000000003,45.0,91.0,43,0.25339331372470053,1.0,2.8999999999999986,9.94,35.0,0.15409148957440522,25,289.9005011854503,203.91776871549516,493.81826990094544,107.59999999999997
258,97,13,2.7151605176237474,3.4742268041237114,5.530927835051546,11.524123711340195,39.49484536082474,16.89484536082474,17.505895064419708,33.44329896907217,28.28827096601431,7.0,9.599999999999998,12.420000000000003,45.0,90.0,43,0.25339331372470053,1.0,2.8999999999999986,9.94,35.0,0.7522186776091391,25,263.3705702095035,227.5766358374562,490.9472060469597,164.99999999999994
259,98,14,3.393176931144004,3.5306122448979593,5.615306122448979,11.486326530612237,39.41836734693877,17.98775510204081,14.09681351445558,33.66326530612245,90.52543532272405,7.0,9.599999999999998,12.420000000000003,45.0,65.0,44,0.25339331372470053,1.0,2.8999999999999986,9.94,35.0,0.23988229583597054,25,332.5313392521124,197.35538920237812,529.8867284544905,250.19999999999993
260,89,16,3.8965986849026377,3.5730337078651684,5.598876404494382,11.485617977528083,39.438202247191015,18.444943820224715,10.505551850798938,33.8876404494382,90.52543532272405,7.0,9.599999999999998,12.420000000000003,45.0,64.0,44,0.25339331372470053,1.0,2.8999999999999986,9.94,35.0,0.34090071888081264,25,346.79728295633475,168.088829612783,514.8861125691178,290.8999999999999
261,82,17,3.739408219081743,3.5121951219512195,5.571951219512196,11.494390243902432,39.457317073170735,19.806097560975612,9.8762855514229,34.01219512195122,45.262717661362025,7.0,9.399999999999999,12.420000000000003,45.0,63.0,44,0.25339331372470053,1.0,2.9999999999999987,9.94,35.0,0.3053709908413216,25,306.63147396470293,167.8968543741893,474.52832833889227,274.59999999999997
262,78,19,3.0405124822952727,3.4743589743589745,5.248717948717949,11.61538461538461,39.6474358974359,18.453846153846158,10.15931153130511,33.43589743589744,28.28827096601431,7.0,9.399999999999999,12.420000000000003,45.0,62.0,43,0.25339331372470053,1.0,2.9999999999999987,10.0,35.0,0.6045569439036258,25,237.15997361903126,193.0269190947971,430.18689271382834,209.19999999999996
263,81,13,2.941857805273006,3.3950617283950617,5.209876543209876,11.620740740740736,39.623456790123456,18.360493827160493,16.09133722927936,33.50617283950617,21.930739316262237,7.0,9.399999999999999,12.420000000000003,45.0,61.0,44,0.33454372438602253,1.0,2.8999999999999986,10.0,35.5,0.3813329640128318,25,238.2904822271135,209.1873839806317,447.4778662077452,97.29999999999995
264,82,17,2.5849680595956057,3.4634146341463414,5.1890243902439,11.59878048780487,39.609756097560975,17.454878048780483,15.341796658380458,33.97560975609756,21.930739316262237,7.0,9.399999999999999,12.420000000000003,43.5,60.0,45,0.33454372438602253,1.0,2.7999999999999985,10.0,35.5,0.565533493134153,26,211.96738088683966,260.8105431924678,472.77792407930747,222.19999999999993
265,77,18,2.3109624531041963,3.4675324675324677,5.3012987012987,11.55558441558441,39.42857142857143,16.712987012987014,16.91185131074907,34.1948051948052,14.144135483007155,7.0,9.399999999999999,12.420000000000003,43.5,59.0,45,0.33454372438602253,1.0,2.7999999999999985,10.0,35.5,0.33268829040978565,26,177.9441088890231,304.41332359348326,482.3574324825064,188.79999999999993
266,74,15,2.7789161219056795,3.418918918918919,5.313513513513513,11.558918918918913,39.391891891891895,17.42432432432432,17.026524922987193,34.2972972972973,50.83465082152248,7.0,9.399999999999999,12.420000000000003,43.5,58.0,45,0.33454372438602253,1.0,2.7999999999999985,10.0,35.5,0.6665860363012233,26,205.6397930210203,255.3978738448079,461.0376668658282,155.19999999999996
267,69,16,2.780948648961077,3.420289855072464,5.191304347826086,11.609565217391296,39.471014492753625,19.043478260869566,15.111060084114493,34.130434782608695,25.41732541076124,7.0,9.399999999999999,12.420000000000003,43.5,57.0,45,0.33454372438602253,1.0,2.7999999999999985,10.0,35.5,0.44453516545020166,26,191.8854567783143,241.7769613458319,433.6624181241462,232.49999999999994
268,62,16,3.782892947062202,3.564516129032258,4.930645161290323,11.7258064516129,39.75,19.82419354838709,10.983227914436535,33.66129032258065,52.83465082152248,7.0,9.2,12.420000000000003,43.5,56.0,45,0.33454372438602253,1.0,2.8999999999999986,10.0,35.5,0.19102139122331385,26,234.5393627178565,175.73164663098456,410.27100934884106,234.19999999999993
269,70,8,3.2152213906261196,3.8285714285714287,5.014285714285713,11.698857142857138,39.75,18.155714285714282,17.812754429346064,34.07142857142857,26.41732541076124,8.0,9.299999999999999,12.420000000000003,43.5,55.0,46,0.33454372438602253,1.0,2.8999999999999986,10.0,35.5,0.7080564862619823,26,225.06549734382838,142.50203543476852,367.5675327785969,71.29999999999997
270,63,16,2.972290063074527,3.984126984126984,4.753968253968254,11.790476190476186,40.15079365079365,16.53174603174603,12.0367581507785,34.07936507936508,25.41732541076124,8.0,9.299999999999999,12.420000000000003,43.5,54.0,46,0.33454372438602253,1.0,2.8999999999999986,10.0,35.5,1.095510695611657,26,187.2542739736952,192.588130412456,379.8424043861512,162.59999999999997
271,62,17,2.731756735199599,3.9838709677419355,4.577419354838709,11.869354838709674,40.25806451612903,14.824193548387095,11.81461749993307,33.66129032258065,12.70866270538062,8.0,9.299999999999999,12.420000000000003,43.5,53.0,46,0.33454372438602253,1.0,2.8999999999999986,10.0,36.5,0.09551069561165693,26,169.36891758237513,200.84849749886217,370.2174150812373,68.1
272,62,14,2.7898880776592714,4.064516129032258,4.5774193548387085,11.867419354838704,40.28225806451613,14.109677419354838,12.87498500641588,33.74193548387097,20.334543724386023,8.0,9.299999999999999,12.420000000000003,43.5,52.0,46,0.35264220886762926,1.0,2.8999999999999986,10.0,36.5,0.5335754451276085,26,172.97306081487483,180.2497900898223,353.2228509046971,75.49999999999999
273,64,10,2.5855108274450775,3.9375,4.403124999999998,11.934062499999996,40.328125,13.84375,25.6430650443427,33.390625,10.167271862193012,8.0,9.299999999999999,12.420000000000003,43.5,89.0,46,0.2911138527045527,1.0,2.8999999999999986,10.0,36.5,1.4996439590363169,26,165.47269295648496,256.430650443427,421.90334339991193,39.9
274,67,12,2.3517639645032955,3.91044776119403,4.379104477611939,11.94238805970149,40.32089552238806,14.56417910447761,23.238385008285448,33.35820895522388,6.60433135269031,8.0,9.299999999999999,12.420000000000003,43.5,88.0,46,0.2911138527045527,1.0,2.8999999999999986,10.0,36.5,0.49964395903631686,26,157.5681856217208,278.8606200994254,436.4288057211462,82.99999999999997
275,63,15,2.5427444747737744,3.857142857142857,4.168253968253967,12.024444444444445,40.41269841269841,14.866666666666664,20.11386929927564,33.06349206349206,18.276082838172577,8.0,9.299999999999999,12.420000000000003,43.5,87.0,46,0.2911138527045527,1.0,2.8999999999999986,10.0,36.5,0.27090898277412645,26,160.1929019107478,301.7080394891346,461.9009413998824,150.39999999999995
276,64,11,2.963776196066241,3.78125,4.248437499999999,11.993750000000002,40.3203125,15.953124999999996,27.457045317778842,33.34375,36.35264220886763,8.0,9.399999999999999,12.420000000000003,43.5,86.0,47,0.2911138527045527,1.0,2.8999999999999986,10.0,36.5,0.26678772256380423,26,189.68167654823944,302.0274984955673,491.7091750438067,74.59999999999997
277,60,14,3.731348993141688,3.816666666666667,4.113333333333333,12.041666666666668,40.6,15.42666666666666,20.7027023349384,33.416666666666664,50.302165676345155,8.0,9.399999999999999,12.420000000000003,43.5,85.0,47,0.2911138527045527,1.0,2.8999999999999986,10.0,36.5,0.5472193470643902,26,223.8809395885013,289.8378326891376,513.7187722776389,94.69999999999996
278,63,9,3.6824751672371265,3.888888888888889,4.166666666666665,12.019365079365079,40.611111111111114,15.43492063492063,38.62042123606543,33.714285714285715,28.635454491387062,8.0,9.399999999999999,12.480000000000004,43.5,99.0,47,0.2911138527045527,1.0,2.8999999999999986,9.94,36.5,1.6877203804985657,26,231.99593553593897,347.5837911245889,579.5797266605279,35.89999999999999
279,67,10,3.1427302305790343,3.8955223880597014,4.11194029850746,12.02985074626865,40.71641791044776,15.485074626865668,38.95125494720531,33.940298507462686,18.276082838172577,8.0,9.399999999999999,12.480000000000004,44.0,98.0,47,0.2911138527045527,1.0,2.8999999999999986,9.94,36.5,0.8289198538351266,26,210.5629254487953,389.5125494720531,600.0754749208484,90.49999999999997
280,67,13,3.5888353797442005,3.8955223880597014,4.052238805970149,12.059701492537307,40.75373134328358,15.035820895522386,32.90278293613772,33.8955223880597,49.81084494518817,8.0,9.399999999999999,12.480000000000004,44.0,97.0,47,0.2911138527045527,1.0,2.8999999999999986,9.94,36.5,0.6910213912233139,26,240.45197044286144,427.7361781697903,668.1881486126517,122.49999999999997
281,67,14,4.378298648590212,3.8656716417910446,3.819402985074626,12.153731343283576,40.88059701492537,14.410447761194026,27.640397050342823,33.55223880597015,83.27204013805422,8.0,8.9,12.480000000000004,44.0,96.0,44,0.30226873817468436,1.0,2.8999999999999986,9.94,36.5,0.7052844177352585,26,293.34600945554416,386.96555870479955,680.3115681603438,128.39999999999998
282,71,13,4.261219235814911,3.7746478873239435,3.814084507042252,12.15014084507042,40.88732394366197,14.753521126760564,28.91390947098171,33.71830985915493,41.63602006902711,8.0,8.9,12.480000000000004,44.0,95.0,44,0.30226873817468436,1.0,2.8999999999999986,9.94,36.5,0.3177272456935316,26,302.5465657428587,375.88082312276225,678.427388865621,65.99999999999997
283,70,15,3.642635678469073,3.7714285714285714,3.7928571428571414,12.142857142857139,40.94285714285714,14.48285714285714,30.369587874316476,33.957142857142856,40.40935331342765,8.0,8.9,12.480000000000004,44.0,94.0,44,0.30226873817468436,1.0,2.8999999999999986,9.94,36.5,0.5056718454367108,26,254.98449749283512,455.5438181147471,710.5283156075823,117.29999999999995
284,78,11,5.118913715270244,3.7564102564102564,3.8653846153846145,12.103333333333326,40.83974358974359,14.396153846153847,30.50327656255193,34.15384615384615,91.28777070954314,8.0,8.9,12.480000000000004,44.0,93.0,45,0.3268211737740263,1.0,2.8999999999999986,9.879999999999999,36.5,0.4374924409032399,26,399.27526979107904,335.53604218807124,734.8113119791503,49.09999999999999
285,88,12,3.886734713449701,3.7954545454545454,3.8613636363636363,12.101818181818182,40.86363636363637,13.811363636363636,28.081262572847177,34.30681818181818,63.635454491387065,8.0,8.9,12.480000000000004,44.0,92.0,45,0.3268211737740263,1.0,2.8999999999999986,9.879999999999999,36.5,0.5842874346407991,27,342.03265478357366,336.9751508741661,679.0078056577397,115.89999999999996
286,92,10,4.646997852445483,3.7934782608695654,3.8869565217391306,12.100652173913046,40.81521739130435,13.403260869565214,21.32372056099492,34.28260869565217,63.635454491387065,8.0,8.9,12.480000000000004,44.0,91.0,45,0.3268211737740263,1.0,2.8999999999999986,9.879999999999999,36.5,1.0,27,427.52380242498447,213.2372056099492,640.7610080349336,79.59999999999998
287,96,12,3.9157083440832587,3.9270833333333335,3.844791666666667,12.127083333333337,41.020833333333336,13.019791666666663,22.22241985224098,34.520833333333336,63.635454491387065,8.0,8.9,12.480000000000004,44.5,90.0,45,0.3268211737740263,1.0,2.8999999999999986,9.879999999999999,36.5,0.5885828381725775,27,375.90800103199285,266.66903822689176,642.5770392588846,146.09999999999994
288,104,8,3.637257894276102,3.8173076923076925,3.802884615384616,12.136346153846155,41.09134615384615,13.135576923076922,30.6213308001222,34.68269230769231,63.635454491387065,8.0,8.9,12.480000000000004,44.5,89.0,45,0.3268211737740263,1.0,2.7999999999999985,9.879999999999999,36.5,0.8948579528558457,27,378.2748210047146,244.9706464009776,623.2454674056922,125.89999999999996
289,106,15,2.6510385204115274,3.7358490566037736,3.775471698113207,12.136603773584904,41.12735849056604,12.845283018867924,22.751628558914717,34.764150943396224,16.150968879035943,8.0,8.9,12.480000000000004,44.5,88.0,45,0.3268211737740263,1.0,2.7999999999999985,9.879999999999999,36.5,0.47145709543144365,27,281.0100831636219,341.27442838372076,622.2845115473426,170.69999999999993
290,114,14,2.805384349874685,3.587719298245614,3.698245614035088,12.146491228070174,41.223684210526315,12.845614035087719,23.030219155095725,35.09649122807018,63.541817965548255,8.0,8.9,12.480000000000004,44.5,87.0,45,0.3268211737740263,1.0,2.7999999999999985,9.879999999999999,36.5,0.7897159057116914,29,319.81381588571406,322.42306817134016,642.2368840570542,140.79999999999995
291,119,12,3.3124430375199205,3.5126050420168067,3.6655462184873953,12.147899159663863,41.260504201680675,13.915966386554622,21.22007164049049,35.260504201680675,87.50739054888166,8.0,8.9,12.480000000000004,44.5,53.0,45,0.29255803887834314,1.0,2.7999999999999985,9.879999999999999,36.5,1.4080602070813404,30,394.18072146487054,254.64085968588589,648.8215811507564,180.49999999999994
292,120,13,3.683328498723777,3.5416666666666665,3.719999999999999,12.128499999999997,41.141666666666666,14.203333333333331,17.627151576737216,35.30833333333333,43.75369527444083,8.0,8.9,12.480000000000004,44.5,64.0,46,0.29255803887834314,1.0,2.7999999999999985,9.879999999999999,36.5,0.6505628135785486,30,441.99941984685324,229.1529704975838,671.152390344437,180.89999999999995
293,122,15,3.183446441069354,3.540983606557377,3.8106557377049177,12.091147540983602,41.032786885245905,14.293442622950819,21.51753267713928,35.59016393442623,31.770908982774127,8.0,8.9,12.480000000000004,44.5,86.0,47,0.2528359227183554,1.0,2.7999999999999985,9.819999999999999,36.5,0.30112562715709723,30,388.3804658104612,322.7629901570892,711.1434559675504,185.39999999999995
294,129,16,3.2170813238032956,3.387596899224806,3.9573643410852717,12.021860465116271,40.85658914728682,14.520930232558138,21.95471862750053,36.27906976744186,65.14388535477157,8.0,9.0,12.480000000000004,44.5,85.0,48,0.2528359227183554,1.0,2.7999999999999985,9.819999999999999,36.5,0.2720401380542268,30,415.00349077062515,351.2754980400085,766.2789888106336,197.99999999999994
295,135,16,3.0069274188024067,3.3925925925925924,4.096296296296296,11.963407407407399,40.74074074074074,14.923703703703705,24.319395338911118,36.86666666666667,32.571942677385785,8.0,9.0,12.480000000000004,44.5,84.0,49,0.2528359227183554,1.0,2.7999999999999985,9.819999999999999,36.5,0.49351743871494824,30,405.9352015383249,389.1103254225779,795.0455269609029,250.49999999999991
296,138,22,2.732445110889452,3.4565217391304346,4.094927536231883,11.970724637681148,40.778985507246375,14.260144927536231,23.929461308148493,36.92028985507246,31.41576693562997,8.0,9.0,12.480000000000004,44.5,83.0,49,0.2528359227183554,1.0,2.7999999999999985,9.819999999999999,36.5,0.5056718454367108,30,377.07742530274436,526.4481487792668,903.5255740820112,239.39999999999992
297,145,19,2.447628112456538,3.537931034482759,4.070344827586207,11.987448275862068,40.90689655172414,14.762758620689658,31.631266375699827,37.00689655172414,15.707883467814986,9.0,9.0,12.480000000000004,44.5,87.0,49,0.2528359227183554,1.0,2.7999999999999985,9.819999999999999,36.5,0.4474289764279229,30,354.90607630619803,600.9940611382967,955.9001374444947,264.69999999999993
298,146,25,2.842137499016072,3.541095890410959,4.071917808219177,11.997534246575336,40.852739726027394,14.979452054794521,23.767159639183006,36.95205479452055,87.36730297732628,9.0,9.0,12.480000000000004,44.5,81.0,49,0.2528359227183554,1.0,2.7999999999999985,9.819999999999999,36.5,0.06509010836921814,30,414.95207485634654,594.1789909795751,1009.1310658359216,321.6999999999999
299,143,16,4.16087564122443,3.4685314685314683,4.065734265734266,12.003496503496498,40.76573426573427,16.14405594405595,29.97685905351644,36.91608391608391,87.36730297732628,9.0,9.0,12.480000000000004,44.5,93.0,49,0.2528359227183554,1.0,2.7999999999999985,9.819999999999999,36.5,0.2988650782740764,30,595.0052166950935,479.629744856263,1074.6349615513566,307.19999999999993
300,142,17,4.220362375824367,3.4577464788732395,4.0556338028168994,12.017183098591538,40.70774647887324,16.74014084507042,25.443876746799965,36.83802816901409,99.85394173390749,9.0,9.0,12.540000000000004,44.5,79.0,49,0.2528359227183554,1.0,2.7999999999999985,9.819999999999999,36.5,0.683651488663138,30,599.2914573670602,432.5459046955994,1031.8373620626596,309.7999999999999
301,148,22,4.398284793981977,3.52027027027027,4.130405405405404,11.994729729729722,40.641891891891895,15.587837837837844,13.964465700484276,37.013513513513516,80.0188711098795,9.0,9.0,12.540000000000004,44.5,72.0,49,0.2528359227183554,1.0,2.7999999999999985,9.819999999999999,36.5,0.3092587193574741,30,650.9461495093327,307.21824541065405,958.1643949199868,242.09999999999994
302,161,17,3.783283376371176,3.590062111801242,4.206211180124221,11.970186335403714,40.59316770186335,14.6,20.279349583419876,37.285714285714285,51.63139614552231,9.0,9.0,12.540000000000004,44.5,71.0,49,0.2528359227183554,1.0,2.7999999999999985,9.819999999999999,36.0,0.5147964581541198,30,609.1086235957594,344.7489429181379,953.8575665138973,186.89999999999995
303,163,25,3.8965817174946036,3.6503067484662575,4.157668711656437,11.990920245398765,40.6319018404908,14.111042944785279,14.768672644395787,37.29447852760736,74.47162099915393,9.0,9.0,12.540000000000004,44.5,77.0,49,0.2528359227183554,1.0,2.7999999999999985,9.819999999999999,36.0,0.26641709847538275,30,635.1428199516204,369.2168161098947,1004.3596360615151,261.49999999999994
304,174,20,3.376468101966826,3.6724137931034484,4.168390804597695,11.991379310344817,40.560344827586206,14.705747126436785,25.112323899452527,37.275862068965516,74.47162099915393,9.0,9.0,12.540000000000004,44.5,81.0,49,0.2528359227183554,1.0,2.7999999999999985,9.819999999999999,36.0,0.2627922910446141,30,587.5054497422277,502.2464779890505,1089.751927731278,295.5999999999999
305,177,24,2.880017079918553,3.7401129943502824,4.197740112994344,11.988700564971749,40.52824858757062,15.190395480225988,28.217147369516912,37.429378531073446,34.58250691727976,9.0,9.0,12.540000000000004,44.5,82.0,49,0.2528359227183554,1.0,2.7999999999999985,9.819999999999999,36.0,0.49027615807242236,30,509.76302314558393,677.2115368684059,1186.97456001399,378.89999999999986
306,168,27,3.1818775690195946,3.8273809523809526,4.132738095238093,12.022380952380939,40.61904761904762,15.941666666666663,22.63372357520546,37.285714285714285,77.88804141908629,9.0,9.0,12.540000000000004,45.0,81.0,49,0.2573982290770599,1.0,2.7999999999999985,9.819999999999999,36.0,0.2528359227183554,30,534.5554315952919,611.1105365305475,1145.6659681258393,535.0999999999998
307,158,33,3.0953046638054587,3.8607594936708862,4.115189873417719,12.023797468354427,40.75316455696203,17.193670886075946,18.284633480760604,37.677215189873415,38.944020709543146,9.0,9.0,12.540000000000004,45.0,80.0,49,0.2573982290770599,1.0,2.7999999999999985,9.819999999999999,36.0,0.4445922900740076,31,489.05813688126244,603.3929048650999,1092.4510417463623,545.1999999999998
308,149,32,3.482262442977107,3.7315436241610738,4.085234899328857,12.032214765100663,40.73489932885906,17.20067114093959,19.25957742359728,37.644295302013425,78.54781130799844,9.0,9.0,12.540000000000004,45.0,96.0,50,0.2573982290770599,1.0,2.7999999999999985,9.819999999999999,36.0,0.06957361306714138,31,518.8571040035889,616.3064775551129,1135.163581558702,396.19999999999993
309,158,23,3.404119023412564,3.7658227848101267,4.025949367088607,12.065822784810125,40.822784810126585,17.434177215189884,22.645028783940106,37.462025316455694,52.90337688147129,9.0,9.0,12.540000000000004,45.0,95.0,50,0.2573982290770599,1.0,2.7999999999999985,9.819999999999999,35.5,0.13914722613428276,31,537.8508056991851,520.8356620306224,1058.6864677298076,349.3999999999999
310,146,32,3.406836864983267,3.780821917808219,3.7657534246575333,12.174931506849314,41.082191780821915,15.850000000000005,15.612360805961846,37.0,39.25899283467322,9.0,8.9,12.540000000000004,45.0,99.81327742391807,49,0.2573982290770599,1.0,2.7999999999999985,9.879999999999999,35.5,0.13914722613428276,31,497.39818228755695,499.59554579077906,996.9937280783361,380.9999999999999
311,151,18,4.234123991933977,3.794701986754967,3.721854304635761,12.175894039735093,41.22185430463576,15.548344370860928,15.705606929756792,36.980132450331126,103.94051157500161,9.0,8.9,12.540000000000004,45.0,93.0,49,0.2573982290770599,1.0,2.7999999999999985,9.879999999999999,35.5,0.11317780907426078,31,639.3527227820306,282.70092473562227,922.0536475176528,210.69999999999993
312,169,10,3.49697966436761,3.8402366863905324,3.7502958579881627,12.170887573964492,41.29585798816568,14.497633136094677,22.82963118568606,37.0414201183432,61.78790318152799,9.0,8.9,12.540000000000004,45.0,92.0,49,0.2573982290770599,1.0,2.7999999999999985,9.879999999999999,35.5,0.37469352620794094,31,590.9895632781261,228.29631185686063,819.2858751349867,150.99999999999994
313,171,19,3.6067121797078268,3.912280701754386,3.7362573099415184,12.17134502923976,41.3421052631579,13.488888888888889,8.06659685316367,37.111111111111114,92.00943555493974,9.0,8.9,12.540000000000004,45.0,74.0,49,0.2573982290770599,1.0,2.7999999999999985,9.879999999999999,35.5,0.33392862238160875,31,616.7477827300384,153.26534021010974,770.0131229401482,180.39999999999995
314,176,15,3.187691740314325,3.9943181818181817,3.755113636363636,12.17329545454545,41.36647727272727,14.168181818181814,14.33743972480832,37.10795454545455,46.00471777746987,9.0,8.9,12.540000000000004,45.0,76.0,49,0.2573982290770599,1.0,2.7999999999999985,9.879999999999999,35.5,0.5602178395923045,31,561.0337462953212,215.0615958721248,776.095342167446,194.69999999999993
315,174,21,2.967140463018287,4.005747126436781,3.7712643678160918,12.160114942528729,41.32183908045977,14.45804597701149,11.814545893079336,37.04597701149425,25.985127893750402,9.0,8.9,12.540000000000004,45.0,75.0,49,0.2573982290770599,1.0,2.7999999999999985,9.879999999999999,35.5,0.49351743871494824,32,516.2824405651819,248.10546375466603,764.387904319848,346.0999999999999
316,174,17,3.0418680827107707,3.9597701149425286,3.7810344827586198,12.154252873563216,41.2816091954023,15.828160919540235,12.496656831822465,37.14942528735632,33.52406799485285,9.0,8.9,12.540000000000004,45.0,74.0,49,0.2573982290770599,1.0,2.7999999999999985,9.879999999999999,35.5,0.4827179936056874,32,529.2850463916741,212.4431661409819,741.728212532656,351.2999999999999
317,177,17,2.817225601334472,3.903954802259887,3.761581920903953,12.15717514124293,41.259887005649716,16.648587570621466,14.38793119955185,37.101694915254235,25.985127893750402,9.0,8.9,12.540000000000004,45.0,73.0,49,0.2573982290770599,1.0,2.7999999999999985,9.879999999999999,35.5,0.6238371935747411,32,498.64893143620156,244.59483039238145,743.243761828583,360.0999999999999
318,179,15,3.08810247079029,3.899441340782123,3.7491620111731834,12.156759776536308,41.279329608938546,16.786592178770942,10.53527451533218,37.26815642458101,73.79693809573946,9.0,8.9,12.540000000000004,45.0,69.0,49,0.2573982290770599,1.0,2.7999999999999985,9.879999999999999,35.5,0.6136547758437378,32,552.7703422714619,158.0291177299827,710.7994600014446,272.19999999999993
319,180,19,2.9658059759500373,3.9,3.7555555555555555,12.154555555555548,41.272222222222226,17.009444444444437,7.488393636791581,37.34444444444444,68.65453293804435,9.0,8.9,12.540000000000004,45.0,43.0,49,0.2573982290770599,1.0,2.7999999999999985,9.879999999999999,35.5,0.35330137244410764,32,533.8450756710067,142.27947909904003,676.1245547700468,295.1999999999999
320,177,16,3.088222457656999,3.824858757062147,3.7621468926553665,12.149378531073438,41.28813559322034,17.999435028248595,8.657276290881228,37.4180790960452,68.65453293804435,9.0,8.9,12.540000000000004,45.0,42.0,49,0.2573982290770599,1.0,2.7999999999999985,9.879999999999999,35.5,0.35250340374362976,32,546.6153750052888,138.51642065409965,685.1317956593884,299.49999999999994
321,173,19,2.581327055357651,3.820809248554913,3.7549132947976886,12.14901734104045,41.31791907514451,18.39537572254336,11.473107984310106,37.46242774566474,29.015077418240086,9.0,8.9,12.540000000000004,45.0,68.65453293804435,49,0.2573982290770599,1.0,2.7999999999999985,9.879999999999999,35.5,0.7079541543138862,32,446.5695805768736,217.989051701892,664.5586322787656,332.0999999999999
322,169,18,2.5876594042669834,3.7810650887573964,3.7301775147929,12.157278106508864,41.32248520710059,18.63668639053255,16.035441733178637,37.50887573964497,33.1792494692736,9.0,8.9,12.540000000000004,45.0,88.0,49,0.2573982290770599,1.0,2.7999999999999985,9.879999999999999,35.5,0.6545329380443594,32,437.3144393211202,288.63795119721544,725.9523905183356,252.29999999999993
323,158,21,3.259394308412557,3.6455696202531644,3.6791139240506334,12.170759493670882,41.2373417721519,18.784810126582283,9.484551307477856,37.436708860759495,67.0085100152013,9.0,8.9,12.540000000000004,45.0,87.0,48,0.2573982290770599,1.0,2.7999999999999985,9.94,36.0,0.6678572447632175,32,514.984300729184,199.175577457035,714.159878186219,299.4999999999999
324,161,16,2.8883471422730875,3.739130434782609,3.6850931677018637,12.182111801242229,41.27639751552795,19.079503105590064,16.464093901832015,37.47204968944099,33.50425500760065,9.0,8.9,12.540000000000004,45.0,86.0,48,0.2573982290770599,1.0,2.7999999999999985,9.94,36.0,0.17665068622205382,32,465.0238899059671,263.42550242931225,728.4493923352793,133.19999999999993
325,165,17,3.2143934915326016,3.757575757575758,3.645454545454547,12.200727272727267,41.35454545454545,18.235757575757575,19.11752612036508,37.527272727272724,88.6436463276468,9.0,5.099999999999996,12.600000000000005,45.0,90.0,42,0.2573982290770599,1.0,2.7999999999999985,11.639999999999997,36.5,0.22730955168747569,32,530.3749261028793,324.9979440462064,855.3728701490857,184.99999999999991
326,166,18,3.474798287413398,3.7409638554216866,3.6674698795180736,12.204578313253004,41.36144578313253,17.137349397590366,16.631187226605075,37.626506024096386,85.826615263773,9.0,5.099999999999996,12.600000000000005,45.0,89.0,42,0.2573982290770599,1.0,2.7999999999999985,11.639999999999997,36.5,0.38680231614484467,32,576.816515710624,299.36137007889135,876.1778857895154,129.89999999999995
327,173,19,3.102755598568024,3.7109826589595376,3.6734104046242795,12.205317919075132,41.35260115606936,17.16820809248555,19.399301470479184,37.68208092485549,42.9133076318865,9.0,5.099999999999996,12.600000000000005,45.0,88.0,42,0.2701758352912481,1.0,2.7999999999999985,11.639999999999997,36.5,0.2573982290770599,32,536.7767185522682,368.5867279391045,905.3634464913728,195.09999999999994
328,173,20,2.8854886389615158,3.6820809248554913,3.6739884393063607,12.204624277456634,41.28901734104046,16.862427745664743,20.093805943497475,37.69942196531792,28.048135989705703,9.0,5.099999999999996,12.600000000000005,45.0,87.0,42,0.2704487460035546,1.0,2.6999999999999984,11.639999999999997,36.5,0.2701758352912481,32,499.1895345403422,401.8761188699495,901.0656534102917,187.79999999999993
329,176,13,3.642207884199529,3.6931818181818183,3.6517045454545465,12.203863636363627,41.28409090909091,17.038636363636364,26.498850666944154,37.83522727272727,57.69900008089665,10.0,5.099999999999996,12.600000000000005,45.0,86.0,42,0.2704487460035546,1.0,2.6999999999999984,11.639999999999997,36.5,0.562806149193595,32,641.0285876191172,344.485058670274,985.5136462893911,237.19999999999993
330,176,19,3.7903042839739154,3.6420454545454546,3.6505681818181825,12.200795454545448,41.29261363636363,17.188068181818185,14.362378338394334,38.01704545454545,75.79757953173174,10.0,5.099999999999996,12.600000000000005,45.0,85.0,42,0.2704487460035546,1.0,2.6999999999999984,11.639999999999997,36.5,0.3679423666074647,33,667.0935539794091,272.88518842949236,939.9787424089014,304.19999999999993
331,177,18,4.195058975677211,3.593220338983051,3.6457627118644083,12.205423728813555,41.29661016949152,17.858757062146896,11.595292668537134,38.07909604519774,73.30034669614507,10.0,4.9999999999999964,12.600000000000005,45.0,84.0,43,0.2704487460035546,1.0,2.6999999999999984,11.639999999999997,36.5,0.2573813144810324,33,742.5254386948664,208.71526803366842,951.2407067285347,370.6999999999999
332,180,19,3.6532034459039076,3.522222222222222,3.683888888888889,12.200666666666658,41.18333333333333,18.16722222222222,11.494445231149925,38.205555555555556,57.69900008089665,10.0,4.9999999999999964,12.660000000000005,45.0,83.0,44,0.2704487460035546,1.0,2.6999999999999984,11.639999999999997,36.5,0.5688666527634061,33,657.5766202627034,218.39445939184856,875.9710796545519,438.89999999999986
333,183,21,3.6348802515578384,3.5245901639344264,3.627868852459017,12.201967213114745,41.17213114754098,17.730601092896176,6.902602730012561,38.4207650273224,84.77011394773896,10.0,4.9999999999999964,12.660000000000005,45.0,67.0,44,0.2704487460035546,1.0,2.6999999999999984,11.639999999999997,36.5,0.39580009205151073,33,665.1830860350844,144.95465733026379,810.1377433653482,431.6999999999998
334,193,11,3.4912284526038895,3.4507772020725387,3.621761658031088,12.198031088082887,41.17616580310881,17.92435233160622,7.808752136931597,38.55440414507772,84.77011394773896,10.0,4.9999999999999964,12.660000000000005,45.0,66.0,44,0.26175199224688006,1.0,2.6999999999999984,11.639999999999997,36.5,0.2960842950458271,33,673.8070913525506,85.89627350624757,759.7033648587982,267.7999999999999
335,193,17,2.729885024335672,3.3523316062176165,3.6025906735751305,12.195233160621749,41.181347150259064,18.176683937823842,11.955619435877765,38.751295336787564,84.77011394773896,10.0,4.9999999999999964,12.660000000000005,45.0,65.0,44,0.26175199224688006,1.0,2.6999999999999984,11.639999999999997,36.5,0.4827179936056874,33,526.8678096967847,203.245530409922,730.1133401067067,458.39999999999986
336,185,21,3.0027281212829555,3.291891891891892,3.6037837837837836,12.186162162162157,41.097297297297295,18.843243243243236,6.362848225994094,38.8,59.51902731084569,10.0,4.9999999999999964,12.660000000000005,45.0,64.0,44,0.25676982655420233,1.0,2.6999999999999984,11.699999999999998,36.5,0.048135989705702986,33,555.5047024373467,133.61981274587598,689.1245151832227,475.1999999999999
337,182,19,2.6382897532513008,3.2142857142857144,3.595604395604396,12.179340659340651,41.00824175824176,19.887912087912095,7.760811190889353,38.934065934065934,29.759513655422847,10.0,4.9999999999999964,12.660000000000005,45.0,63.0,44,0.25676982655420233,1.0,2.5999999999999983,11.699999999999998,36.5,0.04762712483915155,33,480.1687350917368,147.4554126268977,627.6241477186345,468.59999999999985
338,169,25,2.5585534927165776,3.201183431952663,3.5491124260355043,12.171834319526615,40.93195266272189,19.920710059171604,6.211199879386958,39.03550295857988,23.138735542936153,10.0,4.9999999999999964,12.660000000000005,45.0,62.0,44,0.25676982655420233,1.0,2.5999999999999983,11.699999999999998,36.5,0.42974499069229344,33,432.3955402691016,155.27999698467394,587.6755372537756,458.59999999999985
339,167,21,2.587899565643646,3.0479041916167664,3.5107784431137734,12.164550898203583,40.90419161676647,19.5,5.48147448768617,39.33532934131737,29.139533939606682,10.0,4.9999999999999964,12.660000000000005,45.0,61.0,44,0.25676982655420233,1.0,2.5999999999999983,11.699999999999998,36.5,0.08070334116499245,33,432.1792274624888,115.11096424140958,547.2901917038984,364.6999999999999
340,159,26,2.7638494166714853,2.993710691823899,3.4974842767295597,12.155471698113198,40.84905660377358,19.679874213836474,2.9155809281954057,39.38364779874214,60.776895919554754,10.0,4.9999999999999964,12.660000000000005,45.0,12.879756827711423,44,0.25676982655420233,1.0,2.5999999999999983,11.699999999999998,36.5,0.25392391983611806,33,439.4520572507662,75.80510413308055,515.2571613838468,380.4999999999999
341,150,24,2.748100590254776,3.02,3.4779999999999998,12.15799999999999,40.903333333333336,19.66,2.960370563764108,39.56666666666667,60.776895919554754,10.0,4.9999999999999964,12.660000000000005,45.0,11.569367771468077,45,0.25676982655420233,1.0,2.5999999999999983,11.699999999999998,37.0,0.3565629254679537,34,412.21508853821643,71.04889353033859,483.26398206855504,372.6999999999999
342,141,22,2.663253890575159,2.971631205673759,3.502127659574469,12.157021276595733,40.93262411347518,20.20780141843971,3.646955158873352,39.57446808510638,60.776895919554754,10.0,4.9999999999999964,12.660000000000005,45.0,29.139533939606682,45,0.25676982655420233,1.0,2.5999999999999983,11.699999999999998,37.0,0.009138967318148117,34,375.5187985710974,80.23301349521374,455.7518120663112,325.9999999999999
343,138,14,2.6139872116189635,2.8115942028985508,3.5072463768115942,12.157391304347822,40.85507246376812,20.853623188405805,3.9523391838279838,39.710144927536234,30.388447959777377,10.0,4.9999999999999964,12.660000000000005,45.0,15.194223979888688,45,0.2528903238111699,1.0,2.5999999999999983,11.699999999999998,37.0,0.04762712483915155,34,360.73023520341695,55.33274857359177,416.06298377700875,298.6999999999999
344,130,24,2.1768352571753034,2.707692307692308,3.5053846153846155,12.145384615384609,40.76923076923077,20.51,4.155683529157801,39.723076923076924,30.388447959777377,10.0,4.9999999999999964,12.660000000000005,44.5,14.194223979888688,45,0.2528903238111699,1.0,2.5999999999999983,11.699999999999998,37.0,0.39155248443557467,34,282.9885834327894,99.73640469978722,382.72498813257664,338.09999999999985
345,126,15,2.403632928765705,2.6825396825396823,3.4793650793650803,12.148571428571424,40.86507936507937,21.273809523809526,3.423711034747385,39.817460317460316,43.582671939666064,10.0,4.9999999999999964,12.660000000000005,44.5,10.561207984607286,45,0.2528903238111699,1.0,2.5999999999999983,11.699999999999998,37.0,0.5135396531084047,34,302.8577490244788,51.355665521210774,354.21341454568955,236.5999999999999
346,125,19,2.0692220938868586,2.64,3.464,12.149280000000001,40.852,19.7488,2.9785715087319615,39.984,21.791335969833032,10.0,4.9999999999999964,12.600000000000005,44.5,8.229042446629741,45,0.2528903238111699,1.0,2.5999999999999983,11.699999999999998,37.0,0.3718767163671508,34,258.6527617358573,56.592858665907265,315.2456204017646,213.19999999999993
347,125,25,1.7548848007199198,2.608,3.4184,12.148799999999996,40.828,17.889599999999994,2.3239225007219906,40.168,10.895667984916516,10.0,4.9999999999999964,12.600000000000005,44.5,6.068246069472648,45,0.2528903238111699,1.0,2.5999999999999983,11.699999999999998,37.0,0.08557766223392349,34,219.36060008999,58.098062518049765,277.45866260803973,194.39999999999992
348,125,19,1.742021055100374,2.584,3.3944,12.149760000000002,40.9,16.762399999999992,1.4148927049758677,40.296,9.07594150939996,10.0,4.9999999999999964,12.600000000000005,44.0,4.49336955880095,45,0.2528903238111699,1.0,2.5999999999999983,11.699999999999998,37.0,0.18433718018330847,34,217.75263188754676,26.882961394541486,244.63559328208825,140.99999999999994
349,123,13,1.5629765007559666,2.5365853658536586,3.3642276422764232,12.16439024390244,40.95528455284553,16.508943089430893,2.261372002887365,40.552845528455286,9.07594150939996,10.0,4.9999999999999964,12.600000000000005,44.0,5.447833992458258,45,0.2528903238111699,1.0,2.5999999999999983,11.699999999999998,37.0,0.02136782839083784,34,192.24610959298388,29.397836037535747,221.64394563051962,165.49999999999994
350,117,14,1.5881897539383638,2.58974358974359,3.3572649572649578,12.162051282051282,40.94444444444444,17.38461538461538,2.365444029311667,40.64957264957265,7.171750988687387,10.0,4.9999999999999964,12.600000000000005,44.0,11.0,45,0.2528903238111699,1.0,2.5999999999999983,11.699999999999998,37.0,0.5057806476223398,34,185.81820121078857,33.116216410363336,218.9344176211519,245.0999999999999
351,114,12,1.480831655911939,2.526315789473684,3.339473684210527,12.166842105263157,41.09649122807018,17.640350877192976,2.6801399736714373,40.85964912280702,6.8474522067680255,10.0,4.9999999999999964,12.660000000000005,44.5,10.0,46,0.2528903238111699,1.0,2.5999999999999983,11.699999999999998,37.0,0.4049860254020379,36,168.81480877396103,32.16167968405725,200.97648845801828,213.0999999999999
352,112,9,1.4327537552321237,2.5089285714285716,3.329464285714285,12.17035714285714,41.107142857142854,18.18482142857142,2.913278224225424,40.94642857142857,6.979876026588218,10.0,4.9999999999999964,12.660000000000005,44.5,9.0,46,0.2528903238111699,1.0,2.5999999999999983,11.699999999999998,37.0,0.4933695588009499,36,160.46842058599785,26.219504018028818,186.68792460402668,140.09999999999994
353,110,10,1.444624605291918,2.5090909090909093,3.327272727272727,12.1690909090909,41.027272727272724,19.044545454545457,8.726775675913345,41.0,9.454994636374396,10.0,4.9999999999999964,12.660000000000005,44.5,69.0,46,0.2528903238111699,1.0,2.5999999999999983,11.699999999999998,37.0,0.5726589585636334,36,158.908706582111,87.26775675913345,246.17646334124444,172.59999999999994
354,108,9,1.4247125256336814,2.537037037037037,3.290740740740741,12.184444444444434,41.092592592592595,19.71944444444445,10.396252307620689,41.157407407407405,9.454994636374396,10.0,4.899999999999997,12.660000000000005,44.5,68.0,46,0.2528903238111699,1.0,2.5999999999999983,11.759999999999998,37.0,0.29063583425453343,37,153.8689527684376,93.5662707685862,247.43522353702377,147.69999999999993
355,99,15,1.494696544893512,2.5555555555555554,3.262626262626262,12.1890909090909,41.166666666666664,20.17676767676767,6.76217953876672,41.27272727272727,12.908764577906837,10.0,4.899999999999997,12.660000000000005,44.5,67.0,46,0.2528903238111699,1.0,2.5999999999999983,11.759999999999998,37.0,0.3098700996592393,37,147.97495794445769,101.4326930815008,249.4076510259585,202.5999999999999
356,94,13,1.4562383897910798,2.5531914893617023,3.257446808510637,12.183829787234036,41.17553191489362,19.934042553191492,7.221471389172283,41.287234042553195,6.8474522067680255,9.0,4.899999999999997,12.660000000000005,44.5,66.0,46,0.2528903238111699,1.0,2.5999999999999983,11.759999999999998,37.0,0.3404896245286411,37,136.8864086403615,93.87912805923968,230.76553669960117,136.89999999999995
357,94,7,1.4940038782173257,2.574468085106383,3.256382978723403,12.182553191489355,41.16489361702128,20.759574468085106,20.00057604186867,41.329787234042556,9.452448122643206,9.0,4.899999999999997,12.660000000000005,44.5,65.0,46,0.2528903238111699,1.0,2.5999999999999983,11.759999999999998,37.0,0.9391865448611191,37,140.4363645524286,140.00403229308068,280.4403968455093,126.79999999999995
358,89,12,1.3431753004706246,2.50561797752809,3.213483146067415,12.200898876404485,41.17977528089887,20.894382022471905,14.988301779605138,41.53932584269663,6.8474522067680255,9.0,4.899999999999997,12.660000000000005,44.5,64.0,46,0.2528903238111699,1.0,2.5999999999999983,11.759999999999998,37.0,0.9371479783485578,37,119.54260174188559,179.85962135526165,299.40222309714727,160.59999999999994
359,84,14,1.3609999169272065,2.511904761904762,3.238095238095237,12.20285714285714,41.220238095238095,21.88571428571429,14.170580002145853,41.63095238095238,6.8474522067680255,9.0,4.899999999999997,12.660000000000005,44.5,63.0,46,0.2528903238111699,1.0,2.5999999999999983,11.759999999999998,37.0,0.6809792490572822,37,114.32399302188534,198.38812003004193,312.7121130519273,197.99999999999991
360,78,14,2.1698179839039984,2.5,3.23974358974359,12.199999999999996,41.16025641025641,23.020512820512824,9.235224346277368,41.64102564102564,62.006650521836406,9.0,4.899999999999997,12.660000000000005,44.5,62.0,46,0.2528903238111699,1.0,2.5999999999999983,11.759999999999998,37.0,0.14090020501512424,37,169.24580274451188,129.29314084788317,298.53894359239507,187.59999999999994
361,73,13,1.8824379137424065,2.3424657534246576,3.224657534246575,12.188219178082184,41.082191780821915,23.652054794520545,10.216796147595545,41.61643835616438,31.003325260918203,9.0,4.899999999999997,12.660000000000005,44.5,61.0,46,0.2528903238111699,1.0,2.5999999999999983,11.759999999999998,37.0,0.7929377471718468,37,137.41796770319567,132.8183499187421,270.23631762193776,171.79999999999993
362,69,14,1.7812972381865448,2.391304347826087,3.2115942028985502,12.174782608695649,41.14492753623188,24.005797101449275,8.766823247712521,41.57971014492754,15.501662630459101,9.0,4.899999999999997,12.660000000000005,44.5,60.0,46,0.2508637536590427,1.0,2.4999999999999982,11.759999999999998,37.0,0.2689853773499902,37,122.9095094348716,122.73552546797531,245.6450349028469,169.29999999999993
363,66,10,1.5262552928392061,2.3333333333333335,3.1893939393939394,12.177272727272728,41.15909090909091,23.665151515151518,12.324406756805216,41.78787878787879,7.750831315229551,9.0,4.899999999999997,12.660000000000005,44.5,59.0,46,0.2508637536590427,1.0,2.4999999999999982,11.759999999999998,37.0,1.1220949556235513,37,100.73284932738761,123.24406756805216,223.97691689543979,140.79999999999995
364,61,13,1.5185483660512313,2.262295081967213,3.1918032786885253,12.171147540983608,41.040983606557376,22.647540983606554,8.927139199541276,41.80327868852459,6.8474522067680255,9.0,4.899999999999997,12.480000000000004,43.5,58.0,45,0.2508637536590427,1.0,2.4999999999999982,11.759999999999998,37.0,0.4543822889534179,37,92.63145032912512,116.05280959403659,208.6842599231617,108.39999999999995
365,58,10,1.4016264347216782,2.1724137931034484,3.1758620689655173,12.177931034482759,41.01724137931034,23.062068965517245,11.391468334066571,41.91379310344828,6.378510745471434,9.0,4.899999999999997,12.480000000000004,43.5,57.0,45,0.2508637536590427,1.0,2.399999999999998,11.759999999999998,37.0,0.4844269572018469,37,81.29433321385734,113.91468334066572,195.20901655452306,119.89999999999995
366,54,9,1.4353420809031636,2.2037037037037037,3.17037037037037,12.174444444444449,40.99074074074074,23.29074074074074,11.861256824869589,41.925925925925924,7.785160035575413,9.0,4.899999999999997,12.480000000000004,43.5,56.0,45,0.2508637536590427,1.0,2.399999999999998,11.759999999999998,37.0,0.5907780076652004,37,77.50847236877084,106.7513114238263,184.25978379259715,134.29999999999995
367,46,14,1.3713501007289854,2.1956521739130435,3.117391304347825,12.182608695652178,41.09782608695652,22.07608695652173,7.902900795893197,42.21739130434783,3.8925800177877066,9.0,4.899999999999997,12.480000000000004,43.5,55.0,45,0.2508637536590427,1.0,2.399999999999998,11.759999999999998,37.5,0.05327101529387157,37,63.08210463353333,110.64061114250477,173.72271577603811,94.49999999999996
368,47,9,1.3054756264703198,2.1702127659574466,3.104255319148935,12.181276595744686,41.04255319148936,22.77021276595744,10.960547128736115,42.319148936170215,3.8754156576147754,9.0,4.899999999999997,12.480000000000004,43.5,54.0,45,0.2508637536590427,1.0,2.399999999999998,11.759999999999998,37.5,0.1344926886749951,37,61.35735444410503,98.64492415862503,160.00227860273006,53.49999999999997
369,42,9,1.3650753409921164,2.0714285714285716,3.057142857142856,12.188571428571434,40.98809523809524,21.735714285714284,10.591242758607532,42.57142857142857,3.8754156576147754,6.0,4.6999999999999975,12.480000000000004,43.5,53.0,45,0.2508637536590427,1.0,2.399999999999998,11.879999999999999,39.0,0.25676982655420233,38,57.33316432166889,95.32118482746779,152.6543491491367,52.99999999999997
370,43,4,1.2564162188694445,2.046511627906977,3.0395348837209286,12.186976744186051,40.93023255813954,22.90930232558139,22.468853914403695,42.674418604651166,3.189255372735717,6.0,4.6999999999999975,12.480000000000004,43.5,52.0,45,0.31040497483435875,1.0,2.399999999999998,11.879999999999999,39.0,3.8754156576147754,38,54.02589741138611,89.87541565761478,143.90131306900088,72.89999999999996
371,40,9,1.2109170645238314,1.825,2.9799999999999978,12.180000000000005,40.7,21.324999999999996,16.439655047097762,42.825,3.844269572018469,5.0,4.6999999999999975,12.480000000000004,43.0,57.0,45,0.2505945647734498,1.0,2.399999999999998,11.879999999999999,38.5,0.8346282285751322,38,48.43668258095325,147.95689542387987,196.39357800483313,45.49999999999998
372,38,10,1.1700253904771798,1.8157894736842106,2.960526315789472,12.178421052631585,40.55263157894737,21.618421052631568,17.513691754512056,42.973684210526315,3.189255372735717,5.0,4.6999999999999975,12.480000000000004,43.0,56.0,45,0.2505945647734498,1.0,2.399999999999998,11.879999999999999,38.5,0.4049860254020379,38,44.46096483813283,175.13691754512055,219.5978823832534,59.79999999999997
373,38,7,1.1910403290516633,1.8421052631578947,2.965789473684209,12.184736842105268,40.55263157894737,22.844736842105256,24.660458553344295,43.05263157894737,3.189255372735717,5.0,4.6999999999999975,12.480000000000004,43.0,55.0,45,0.2505945647734498,1.0,2.399999999999998,11.879999999999999,38.5,0.6232098734100875,38,45.25953250396321,172.62320987341008,217.8827423773733,51.99999999999997
374,35,11,1.1511871836939171,1.8571428571428572,2.997142857142855,12.186857142857146,40.614285714285714,23.64571428571428,18.630838003572123,43.02857142857143,3.189255372735717,5.0,4.6999999999999975,12.480000000000004,43.0,54.0,45,0.2505945647734498,1.0,2.399999999999998,11.879999999999999,38.5,0.4844269572018469,38,40.291551429287104,204.93921803929337,245.23076946858046,47.799999999999976
375,36,7,2.8539623567446655,1.8611111111111112,2.9888888888888867,12.168333333333338,40.625,22.872222222222216,24.96115325552064,43.083333333333336,54.80945386217792,5.0,4.6999999999999975,12.480000000000004,43.0,47.0,46,0.2505945647734498,1.0,2.399999999999998,11.879999999999999,38.5,1.7280727886444796,38,102.74264484280796,174.72807278864448,277.47071763145243,8.399999999999995
376,37,8,2.3011920949052613,1.8918918918918919,3.0243243243243225,12.15567567567568,40.58108108108108,22.329729729729717,26.702795117391027,42.972972972972975,27.40472693108896,5.0,4.6999999999999975,12.360000000000003,43.0,46.0,46,0.2505945647734498,1.0,2.399999999999998,11.879999999999999,38.5,1.6223609391282234,38,85.14410751149467,213.6223609391282,298.7664684506229,10.399999999999993
377,40,10,1.7911766677867207,1.95,3.1224999999999987,12.151500000000004,40.45,20.84499999999999,21.859121485353192,42.825,13.70236346554448,5.0,4.799999999999997,12.360000000000003,43.0,45.0,46,0.2505945647734498,1.0,2.399999999999998,11.879999999999999,38.5,0.6223609391282234,38,71.64706671146882,218.5912148535319,290.23828156500076,16.19999999999999
378,44,10,1.3994182595574125,2.0681818181818183,3.1659090909090892,12.159545454545457,40.32954545454545,18.76136363636363,26.961461241275266,42.95454545454545,6.85118173277224,5.0,4.799999999999997,12.360000000000003,43.0,59.0,46,0.2505945647734498,1.0,2.399999999999998,11.819999999999999,38.5,1.6146124127526416,38,61.57440342052615,269.61461241275265,331.1890158332788,0.0
379,42,14,1.971255098913162,2.0714285714285716,3.17142857142857,12.157142857142862,40.226190476190474,16.94285714285714,23.844793466366887,43.023809523809526,30.728523555415304,5.0,4.799999999999997,12.360000000000003,43.0,98.0,46,0.2505945647734498,1.0,2.399999999999998,11.819999999999999,38.5,0.31040497483435875,38,82.79271415435281,333.8271085291364,416.61982268348925,16.19999999999999
380,43,11,1.7687644947533212,2.0930232558139537,3.1720930232558127,12.161860465116282,40.27906976744186,18.013953488372092,31.835386852066883,43.06976744186046,15.364261777707652,5.0,4.799999999999997,12.360000000000003,43.0,97.0,46,0.2505945647734498,1.0,2.399999999999998,11.819999999999999,38.5,1.0,38,76.05687327439281,350.1892553727357,426.24612864712856,23.99999999999999
381,40,15,2.5388705559653557,2.1,3.1724999999999985,12.171000000000003,40.475,16.619999999999997,23.395313882791594,43.275,41.750471428821264,5.0,4.799999999999997,12.360000000000003,43.0,96.0,46,0.2505945647734498,1.0,2.399999999999998,11.819999999999999,38.5,0.9610673930046173,39,101.55482223861424,350.9297082418739,452.48453048048816,63.29999999999997
382,42,14,2.123438219494156,2.142857142857143,3.2095238095238083,12.16571428571429,40.54761904761905,15.923809523809522,32.578579157570715,43.26190476190476,20.875235714410632,5.0,4.799999999999997,12.360000000000003,43.0,95.0,46,0.2505945647734498,1.0,2.399999999999998,11.819999999999999,38.5,0.18925537273571713,39,89.18440521875455,456.10010820599,545.2845134247445,9.299999999999997
383,46,15,1.6818865525529418,2.1956521739130435,3.3,12.15521739130435,40.43478260869565,14.728260869565217,32.600929524202606,43.21739130434783,10.437617857205316,5.0,4.799999999999997,12.360000000000003,43.0,94.0,46,0.2505945647734498,1.0,2.399999999999998,11.819999999999999,38.5,0.4801331805533641,39,77.36678141743532,489.0139428630391,566.3807242804744,17.199999999999992
384,50,15,1.4326134840277052,2.26,3.373999999999999,12.136800000000003,40.32,14.857999999999997,37.4,43.12,5.218808928602658,5.0,4.799999999999997,12.360000000000003,43.0,93.0,46,0.2505945647734498,1.0,2.399999999999998,11.759999999999998,38.5,2.0,39,71.63067420138526,561.0,632.6306742013853,26.399999999999988
385,51,19,1.343530992304648,2.2549019607843137,3.435294117647058,12.123529411764707,40.28431372549019,15.356862745098038,31.14880866776761,43.01960784313726,3.42559086638612,5.0,4.799999999999997,12.360000000000003,43.0,92.0,46,0.2505945647734498,1.0,2.399999999999998,11.759999999999998,38.5,0.3261755580376661,39,68.52008060753704,591.8273646875846,660.3474452951216,35.29999999999998
386,48,20,3.2257778158880774,2.2083333333333335,3.4583333333333326,12.113750000000001,40.270833333333336,15.975,25.684137272245465,42.979166666666664,91.5011891295469,5.0,4.799999999999997,12.360000000000003,43.0,88.0,46,0.2505945647734498,1.0,2.399999999999998,11.759999999999998,38.5,0.9688539144036938,39,154.8373351626277,513.6827454449093,668.520080607537,60.29999999999997
387,48,21,2.7484883605280452,2.1875,3.4395833333333328,12.11125,40.28125,17.15208333333333,27.178499433590495,42.979166666666664,45.75059456477345,5.0,4.799999999999997,12.360000000000003,43.0,87.0,46,0.2505945647734498,1.0,2.299999999999998,11.759999999999998,38.5,0.18155601533040078,39,131.92744130534618,570.7484881054004,702.6759294107466,53.09999999999997
388,47,23,3.3110275008971644,2.25531914893617,3.4382978723404234,12.112340425531917,40.234042553191486,16.951063829787234,29.173455422213305,43.02127659574468,52.425590866386116,5.0,4.799999999999997,12.360000000000003,43.0,95.0,47,0.2505945647734498,1.0,2.299999999999998,11.759999999999998,38.5,0.4844269572018469,39,155.61829254216673,670.989474710906,826.6077672530728,57.09999999999997
389,50,20,2.9754452899596533,2.26,3.383999999999998,12.1176,40.2,17.28,37.32158098768949,43.2,26.212795433193058,5.0,4.799999999999997,12.360000000000003,43.0,94.0,47,0.2505945647734498,1.0,2.199999999999998,11.759999999999998,38.5,1.71279543319306,39,148.77226449798266,746.4316197537897,895.2038842517724,69.69999999999997
390,55,23,3.550288392227231,2.3454545454545452,3.3127272727272716,12.12109090909091,40.10909090909091,15.51454545454545,34.34054044764081,43.527272727272724,73.46026636110673,5.0,4.799999999999997,12.360000000000003,43.0,93.0,47,0.2505945647734498,1.0,2.199999999999998,11.759999999999998,38.5,0.5142809987886559,39,195.2658615724977,789.8324302957387,985.0982918682364,72.39999999999996
391,58,26,3.1033109059018824,2.396551724137931,3.182758620689654,12.146896551724138,40.206896551724135,12.277586206896546,31.03833202948065,44.06896551724138,36.730133180553366,6.0,4.6999999999999975,12.360000000000003,43.0,92.0,47,0.2505945647734498,1.0,2.199999999999998,11.759999999999998,38.0,0.24908617399080502,39,179.99203254230918,806.9966327664969,986.988665308806,69.19999999999997
392,65,25,3.1307548434799393,2.3692307692307693,3.1569230769230754,12.143076923076926,40.26923076923077,11.410769230769228,34.49977667482906,44.184615384615384,31.609404464301328,6.0,4.6999999999999975,12.420000000000003,43.0,99.0,47,0.2505945647734498,1.0,2.199999999999998,11.759999999999998,38.0,0.3047022321506645,39,203.49906482619605,862.4944168707264,1065.9934816969223,69.39999999999996
393,69,27,2.4900892011565294,2.4057971014492754,3.1985507246376796,12.144347826086959,40.3768115942029,11.685507246376812,35.678100967124855,44.26086956521739,18.365066590276683,6.0,4.6999999999999975,12.420000000000003,43.0,98.0,48,0.2505945647734498,1.0,2.199999999999998,11.759999999999998,38.0,0.03459657489479495,39,171.81615487980054,963.3087261123711,1135.1248809921717,95.59999999999995
394,74,27,2.5724162033121223,2.391891891891892,3.1635135135135126,12.162972972972971,40.45945945945946,11.890540540540536,38.93950465149982,44.54054054054054,30.548229338880432,6.0,4.6999999999999975,12.420000000000003,43.0,97.0,49,0.2505945647734498,1.0,2.199999999999998,11.759999999999998,38.0,1.0,39,190.35879904509704,1051.366625590495,1241.725424635592,103.09999999999995
395,81,30,2.044344677603037,2.3580246913580245,3.1617283950617274,12.16888888888889,40.55555555555556,11.618518518518515,37.737799585020575,44.666666666666664,18.365066590276683,6.0,4.6999999999999975,12.420000000000003,43.0,96.0,49,0.2505945647734498,1.0,2.199999999999998,11.759999999999998,38.0,0.1478166618922927,39,165.59191888584598,1132.1339875506173,1297.7259064364634,86.99999999999996
396,81,34,1.9855510417370417,2.3209876543209877,3.185185185185184,12.172592592592594,40.598765432098766,10.735802469135798,38.53750508682296,44.75308641975309,18.365066590276683,6.0,4.6999999999999975,12.420000000000003,43.0,97.0,49,0.2741146694402162,1.0,2.199999999999998,11.759999999999998,38.0,0.2505945647734498,39,160.82963438070038,1310.2751729519807,1471.104807332681,71.09999999999997
397,86,32,5.37359250731636,2.3488372093023258,3.1837209302325578,12.17441860465116,40.627906976744185,10.724418604651161,34.03543766016462,44.906976744186046,95.33197530854406,6.0,4.6999999999999975,12.420000000000003,43.0,96.0,49,0.33299382713601633,1.0,2.099999999999998,11.759999999999998,38.0,0.47731608342000675,39,462.1289556292069,1089.1340051252678,1551.2629607544748,71.89999999999996
398,94,29,6.201515356127852,2.404255319148936,3.171276595744681,12.17489361702127,40.70744680851064,11.241489361702126,33.03452740814894,45.06382978723404,96.35153394293721,7.0,4.6999999999999975,12.420000000000003,43.0,93.0,49,0.2869541654730732,1.0,2.099999999999998,11.759999999999998,38.0,0.47731608342000675,40,582.9424434760181,958.0012948363192,1540.9437383123372,115.89999999999995
399,106,27,6.004199641568233,2.452830188679245,3.1424528301886796,12.174339622641506,40.7688679245283,11.49528301886792,33.34677621306375,45.27358490566038,96.35153394293721,7.0,4.6999999999999975,12.420000000000003,43.0,92.0,50,0.2869541654730732,1.0,2.099999999999998,11.759999999999998,38.0,0.22719114447670918,40,636.4451620062327,900.3629577527213,1536.808119758954,130.89999999999995
400,125,29,4.6155581117477595,2.504,3.1592,12.164639999999995,40.844,11.375199999999998,32.12013549188836,45.368,96.35153394293721,7.0,4.6999999999999975,12.420000000000003,43.5,91.0,50,0.2869541654730732,1.0,2.099999999999998,11.759999999999998,38.0,1.7993624611664452,40,576.9447639684699,931.4839292647624,1508.4286932332325,165.59999999999994
401,139,33,4.4491750559157035,2.4748201438848922,3.1467625899280574,12.15841726618704,40.87410071942446,11.333812949640281,28.108062335530526,45.49640287769784,96.35153394293721,7.0,4.6999999999999975,12.420000000000003,43.5,90.0,50,0.2869541654730732,1.0,2.099999999999998,11.759999999999998,38.0,0.34097412513001013,40,618.4353327722828,927.5660570725074,1546.00138984479,232.0999999999999
402,159,35,3.6268561295385613,2.452830188679245,3.146540880503144,12.159622641509424,40.839622641509436,11.538364779874211,28.13417294864791,45.698113207547166,96.35153394293721,7.0,4.6999999999999975,12.420000000000003,43.5,89.0,51,0.2869541654730732,1.0,2.099999999999998,11.759999999999998,38.0,0.16649691356800833,40,576.6701245966312,984.6960532026769,1561.3661777993082,240.2999999999999
403,178,32,2.587438760865354,2.449438202247191,3.130337078651684,12.161123595505604,40.78370786516854,12.15224719101123,37.38245105982159,45.91573033707865,21.589186253201117,8.0,4.6999999999999975,12.420000000000003,43.5,96.35153394293721,51,0.2833381833150142,1.0,2.099999999999998,11.759999999999998,38.0,4.886899971353756,40,460.56409943403304,1196.238433914291,1656.802533348324,289.39999999999986
404,186,44,2.3799525275623425,2.4731182795698925,3.0930107526881714,12.170645161290311,40.75806451612903,12.472580645161283,30.057949174280907,46.155913978494624,38.66344166189229,8.0,4.6999999999999975,12.420000000000003,43.5,96.0,51,0.2833381833150142,1.0,2.099999999999998,11.759999999999998,38.0,0.32479615883551677,41,442.6711701265957,1322.54976366836,1765.2209337949557,364.29999999999984
405,193,42,3.3235653632239317,2.4455958549222796,3.054404145077721,12.177202072538845,40.740932642487046,12.613989637305703,29.15324298021083,46.373056994818654,96.05460182881163,8.0,4.6999999999999975,12.420000000000003,43.5,95.0,51,0.2833381833150142,1.0,2.099999999999998,11.759999999999998,37.5,0.49503329513834105,41,641.4481151022188,1224.436205168855,1865.8843202710736,260.2999999999999
406,194,50,3.630289214597963,2.4123711340206184,3.040206185567011,12.18216494845359,40.79896907216495,12.607216494845359,25.558215284788595,46.56185567010309,85.95463216684001,8.0,4.499999999999998,12.420000000000003,43.5,96.0,51,0.2833381833150142,1.0,2.099999999999998,11.759999999999998,37.5,0.31529239468779136,42,704.2761076320048,1277.9107642394297,1982.1868718714345,386.49999999999983
407,208,43,3.3190779679706472,2.4471153846153846,3.0538461538461528,12.179134615384596,40.86298076923077,13.02403846153846,32.44347192547946,46.63461538461539,74.96026636110673,8.0,4.499999999999998,12.420000000000003,44.0,95.0,51,0.2833381833150142,1.0,2.099999999999998,11.759999999999998,37.5,0.7148530400745852,42,690.3682173378946,1395.0692927956165,2085.4375101335113,264.89999999999986
408,222,50,3.0165330687522287,2.4954954954954953,3.075225225225226,12.176486486486478,40.87837837837838,12.854504504504495,29.95215443166449,46.765765765765764,75.66344166189229,8.0,4.499999999999998,12.420000000000003,44.0,96.0,51,0.2833381833150142,1.0,2.099999999999998,11.759999999999998,37.5,0.35205450524779375,42,669.6703412629947,1497.6077215832245,2167.278062846219,371.09999999999985
409,244,36,5.046076705549155,2.4959016393442623,3.084016393442624,12.172377049180316,40.89139344262295,12.806147540983606,27.78499175694354,46.84426229508197,95.48421979047308,8.0,4.499999999999998,12.420000000000003,44.0,93.0,51,0.2833381833150142,1.0,2.099999999999998,11.699999999999998,37.5,0.7078070820802476,42,1231.2427161539938,1000.2597032499674,2231.502419403961,314.4999999999999
410,268,37,4.505876461392635,2.5261194029850746,3.0746268656716413,12.169477611940284,40.91044776119403,12.549626865671634,24.409780262060906,46.985074626865675,67.93123007691145,9.0,4.499999999999998,12.420000000000003,44.0,92.0,51,0.26615613954440526,1.0,2.099999999999998,11.699999999999998,37.5,0.49791255874396767,42,1207.5748916532261,903.1618696962536,2110.73676134948,434.99999999999983
411,288,46,3.8668338927656354,2.5833333333333335,3.065277777777778,12.170416666666647,40.91319444444444,12.787499999999996,23.410673205147344,47.079861111111114,91.57390833094615,10.0,4.499999999999998,12.420000000000003,44.0,98.0,51,0.26615613954440526,1.0,2.099999999999998,11.699999999999998,37.5,0.1478166618922927,42,1113.648161116503,1076.8909674367778,2190.5391285532805,587.5999999999998
412,303,44,3.975045586793518,2.603960396039604,3.0504950495049523,12.168910891089089,40.881188118811885,13.137293729372933,18.889055659805333,47.17821782178218,80.56667636663003,10.0,4.499999999999998,12.480000000000004,44.0,97.0,51,0.26615613954440526,1.0,2.099999999999998,11.699999999999998,37.5,0.2833381833150142,42,1204.438812798436,831.1184490314347,2035.5572618298706,641.8999999999997
413,328,42,3.487337838849946,2.597560975609756,3.031402439024392,12.172134146341447,40.826219512195124,13.470121951219515,17.05311453725951,47.295731707317074,54.92466207041254,10.0,4.499999999999998,12.480000000000004,44.0,96.0,52,0.26615613954440526,1.0,2.099999999999998,11.699999999999998,37.5,0.3268833237845852,42,1143.8468111427824,716.2308105648995,1860.0776217076818,625.2999999999997
414,347,36,3.5975293608958565,2.628242074927954,3.0167146974063437,12.177925072046095,40.793948126801155,14.221325648414986,19.01579752875485,47.45821325648415,96.51606923441378,10.0,4.299999999999999,12.480000000000004,44.0,86.0,53,0.2544822615164292,1.0,1.9999999999999978,11.699999999999998,37.5,0.38270876509122354,42,1248.3426882308622,684.5687110351746,1932.9113992660368,599.4999999999998
415,359,44,3.2407620510743853,2.651810584958217,3.0094707520891393,12.182005571030638,40.82869080779944,14.316155988857941,19.853196762588286,47.67130919220056,96.51606923441378,10.0,4.299999999999999,12.540000000000004,44.0,90.0,54,0.2544822615164292,1.0,1.9999999999999978,11.699999999999998,37.5,0.49791255874396767,42,1163.4335763357044,873.5406575538847,2036.974233889589,773.5999999999997
416,362,38,3.8543936420514724,2.665745856353591,3.0044198895027616,12.182983425414363,40.85497237569061,14.456077348066295,14.36063246838576,47.76519337016575,96.51606923441378,10.0,4.299999999999999,12.540000000000004,44.5,89.0,54,0.2544822615164292,1.0,1.9999999999999978,11.699999999999998,37.5,0.2869541654730732,43,1395.290498422633,545.7040337986589,1940.9945322212918,736.3999999999996
417,367,33,3.89667162117351,2.6920980926430516,3.0144414168937317,12.178855585831057,40.93596730245232,14.979019073569493,10.60605252596207,47.87193460490463,96.51606923441378,11.0,4.299999999999999,12.540000000000004,44.5,88.0,54,0.2544822615164292,1.0,1.9999999999999978,11.699999999999998,37.5,0.26615613954440526,43,1430.0784849706781,349.9997333567483,1780.0782183274264,817.1999999999996
418,375,35,3.4261968335071336,2.696,3.0226666666666686,12.165759999999985,41.012,14.932266666666665,9.411301694468383,47.952,96.51606923441378,11.0,4.299999999999999,12.540000000000004,44.5,87.0,54,0.2544822615164292,1.0,1.9999999999999978,11.699999999999998,37.5,0.06682186608045515,43,1284.823812565175,329.3955593063934,1614.2193718715685,918.2999999999996
419,383,43,2.758597839565736,2.7284595300261096,3.028720626631854,12.160261096605735,40.99738903394256,14.874673629242826,10.300418234806266,48.117493472584854,96.51606923441378,11.0,4.299999999999999,12.540000000000004,44.5,86.0,54,0.2544822615164292,1.0,1.9999999999999978,11.699999999999998,38.0,0.04394174286715158,43,1056.542972553677,442.9179840966694,1499.4609566503464,879.6999999999996
420,395,29,3.2544836012118865,2.721518987341772,3.0349367088607595,12.155999999999981,41.0253164556962,15.684050632911413,4.320969136180525,48.19493670886076,96.51606923441378,11.0,4.299999999999999,12.540000000000004,44.5,33.0,54,0.2544822615164292,1.0,1.9999999999999978,11.699999999999998,37.5,0.16125558142229512,43,1285.5210224786952,125.30810494923523,1410.8291274279304,871.0999999999997
421,387,46,2.818241422899376,2.749354005167959,3.028423772609821,12.151472868217038,41.007751937984494,15.907235142118878,4.555627071993266,48.366925064599485,96.51606923441378,11.0,4.299999999999999,12.540000000000004,44.5,32.27273105413003,54,0.2544822615164292,1.0,1.9999999999999978,11.699999999999998,37.5,0.2581319634119657,43,1090.6594306620584,209.55884531169022,1300.2182759737486,1041.1999999999996
422,393,31,2.7496384538161225,2.7659033078880406,3.0297709923664153,12.151297709923634,41.030534351145036,16.522137404580164,2.88367457308981,48.44274809160305,49.41441154933597,11.0,4.299999999999999,12.540000000000004,44.5,20.498956279371985,54,0.2866100176188574,1.0,1.9999999999999978,11.699999999999998,37.5,0.06462455817762103,44,1080.6079123497361,89.39391176578411,1170.0018241155203,843.2999999999996
423,392,34,2.39297502441918,2.7219387755102042,3.0221938775510218,12.154744897959164,41.058673469387756,16.276785714285726,3.485538189993796,48.55612244897959,49.41441154933597,11.0,4.299999999999999,12.600000000000005,44.5,19.498956279371985,54,0.2866100176188574,1.0,1.9999999999999978,11.759999999999998,37.5,0.3357602819017188,44,938.0462095723185,118.50829845978906,1056.5545080321076,952.2999999999996
424,396,34,2.250405431572583,2.734848484848485,3.019444444444443,12.155757575757562,41.07070707070707,16.852777777777778,2.5628194823970483,48.66919191919192,49.41441154933597,11.0,4.299999999999999,12.600000000000005,44.5,19.64482551934134,54,0.2866100176188574,1.0,1.9999999999999978,11.759999999999998,37.5,0.2581319634119657,44,891.160550902743,87.13586240149964,978.2964133042426,885.3999999999996
425,379,48,2.1399128482380085,2.7493403693931397,3.0047493403693917,12.162269129287575,40.98153034300792,17.425329815303428,2.3697689205267793,48.79155672823219,49.41441154933597,11.0,4.299999999999999,12.600000000000005,44.5,18.64482551934134,54,0.2928135404730732,1.0,1.9999999999999978,11.759999999999998,37.5,0.015560216766286494,44,811.0269694822052,113.7489081852854,924.7758776674906,990.8999999999995
426,371,27,2.012273468898954,2.69811320754717,3.014555256064689,12.169002695417765,41.00269541778976,18.411590296495945,4.626155552562492,48.85983827493261,34.86035531378724,11.0,4.299999999999999,12.600000000000005,44.5,49.41441154933597,55,0.2928135404730732,1.0,2.099999999999998,11.759999999999998,37.5,0.32030852141175015,44,746.5534569615119,124.90619991918727,871.4596568806992,834.3999999999996
427,364,27,1.962646322650543,2.7005494505494507,3.02087912087912,12.17093406593404,41.01373626373626,19.14203296703296,3.965682158742597,48.934065934065934,49.01647941052255,11.0,4.299999999999999,12.600000000000005,44.5,34.86035531378724,55,0.2928135404730732,1.0,2.099999999999998,11.759999999999998,37.5,0.32954937794558276,44,714.4032614447976,107.07341828605011,821.4766797308478,844.6999999999996
428,354,34,1.873008192709963,2.6864406779661016,3.0175141242937835,12.17474576271184,40.932203389830505,19.54209039548022,2.8654340614590916,49.07909604519774,36.8257454798668,11.0,4.299999999999999,12.600000000000005,44.5,12.073220035237714,55,0.2642093623347218,1.0,2.099999999999998,11.759999999999998,37.5,0.18224127596706707,44,663.0449002193269,97.42475808960911,760.469658308936,846.3999999999996
429,339,33,1.8871765182335412,2.7168141592920354,3.018584070796461,12.175044247787584,40.918879056047196,20.37610619469026,2.044756059806749,49.100294985250734,36.8257454798668,11.0,4.299999999999999,12.600000000000005,44.5,10.27182455801318,55,0.2642093623347218,1.0,2.099999999999998,11.759999999999998,37.5,0.13751362571936276,44,639.7528396811705,67.47694997362271,707.2297896547932,813.4999999999997
430,315,43,1.863254690899903,2.6666666666666665,3.025396825396827,12.173142857142832,41.00952380952381,20.656507936507925,1.8006883341819544,49.08571428571429,36.8257454798668,11.0,4.299999999999999,12.600000000000005,44.5,8.353826482371758,55,0.27505505283448856,1.0,2.099999999999998,11.759999999999998,37.5,0.10530658588656161,44,586.9252276334695,77.42959836982403,664.3548260032935,810.8999999999996
431,293,44,1.6116714057233792,2.6040955631399316,3.041638225255974,12.170784982935132,41.04607508532423,20.20273037542663,2.8192300311594587,49.03754266211604,18.4128727399334,11.0,4.299999999999999,12.600000000000005,45.0,29.24843441905798,55,0.27505505283448856,1.0,2.099999999999998,11.759999999999998,37.5,0.003378389522884273,44,472.2197218769501,124.04612137101618,596.2658432479662,659.1999999999997
432,294,28,1.640792185714008,2.5884353741496597,3.0527210884353746,12.165102040816295,41.074829931972786,20.803741496598633,1.9788987431734635,49.04421768707483,29.59211918651873,11.0,4.299999999999999,12.600000000000005,45.0,6.353826482371758,55,0.27505505283448856,1.0,2.099999999999998,11.759999999999998,37.5,0.34408600263581934,44,482.39290259991833,55.40916480885698,537.8020674087753,490.0999999999998
433,285,34,1.5018586751256744,2.5543859649122806,3.062456140350879,12.170315789473673,41.1,20.98877192982455,1.9174224679195386,49.09122807017544,14.796059593259365,11.0,4.299999999999999,12.600000000000005,45.0,10.778705800851618,55,0.27505505283448856,1.0,2.099999999999998,11.759999999999998,37.5,0.31199039708879184,44,428.0297224108172,65.19236390926432,493.22208632008153,646.6999999999997
434,270,31,1.4583677105241915,2.522222222222222,3.0548148148148155,12.17533333333332,41.03888888888889,21.38925925925925,1.9197750506844353,49.18518518518518,10.136416380269377,11.0,4.299999999999999,12.600000000000005,45.5,6.096453958731215,55,0.27505505283448856,1.0,2.099999999999998,11.759999999999998,37.5,0.3021212544047144,45,393.7592818415317,59.513026571217495,453.27230841274917,616.9999999999998
435,245,43,1.409729521924794,2.522448979591837,3.0387755102040828,12.183428571428559,40.93265306122449,20.265714285714278,1.6229440707634077,49.457142857142856,10.136416380269377,11.0,4.299999999999999,12.660000000000005,45.5,5.096453958731215,55,0.27505505283448856,1.0,2.099999999999998,11.759999999999998,37.5,0.3354459630913438,45,345.3837328715745,69.78659504282653,415.17032791440107,480.2999999999998
436,230,32,1.4625029500275268,2.5391304347826087,3.0343478260869583,12.178695652173898,40.93478260869565,20.590434782608693,1.1060265749113571,49.46521739130435,8.49602486058555,11.0,4.299999999999999,12.660000000000005,45.5,3.060153425809114,55,0.2634876155909413,1.0,2.099999999999998,11.759999999999998,37.5,0.16056939201511566,45,336.37567850633116,35.39285039716343,371.7685289034946,373.99999999999983
437,218,25,1.3776885977471758,2.5137614678899083,3.0555045871559643,12.17394495412843,40.977064220183486,20.697706422018342,1.6808729168498147,49.55045871559633,8.49602486058555,11.0,4.299999999999999,12.660000000000005,45.5,4.865582758801567,55,0.2634876155909413,1.0,2.099999999999998,11.759999999999998,37.5,0.006490930432461184,45,300.3361143088843,42.021822921245366,342.35793723012966,377.99999999999983
438,206,25,1.3301223795263364,2.533980582524272,3.072815533980583,12.166310679611641,41.00485436893204,21.098543689320373,1.5056980612269704,49.52427184466019,8.29213751224152,11.0,4.299999999999999,12.660000000000005,45.5,3.865582758801567,55,0.2634876155909413,1.0,2.099999999999998,11.699999999999998,37.5,0.06352996315765935,45,274.0052101824253,37.64245153067426,311.6476617130995,363.29999999999984
439,190,26,1.3297226383791279,2.4947368421052634,3.0884210526315785,12.16863157894736,40.98684210526316,20.859999999999992,1.3732895523872661,49.56315789473684,8.29213751224152,11.0,4.299999999999999,12.660000000000005,45.5,3.5495264449221793,55,0.2634876155909413,1.0,2.099999999999998,11.699999999999998,37.5,0.27623640268702976,45,252.64730129203429,35.70552836206892,288.3528296541032,254.09999999999988
440,180,19,1.2803201301803526,2.4277777777777776,3.0761111111111115,12.171666666666662,40.922222222222224,20.874999999999993,1.6999350890861677,49.6,5.2025322833869465,8.0,4.299999999999999,12.660000000000005,45.5,8.29213751224152,55,0.2634876155909413,1.0,2.099999999999998,11.699999999999998,37.5,0.14225196374306215,45,230.45762343246346,32.29876669263719,262.75639012510067,259.3999999999999
441,172,13,1.335188290041957,2.436046511627907,3.085465116279069,12.174069767441855,40.901162790697676,21.990116279069756,4.009519070645697,49.633720930232556,11.994669795628468,8.0,4.299999999999999,12.660000000000005,45.5,35.0,55,0.2634876155909413,1.0,2.099999999999998,11.699999999999998,37.5,0.29659014854901955,46,229.6523858872166,52.123747918394066,281.7761338056107,288.6999999999999
442,160,16,1.3819908589120842,2.4125,3.096249999999999,12.17737499999999,40.853125,23.10125,5.231561452368121,49.63125,11.994669795628468,8.0,4.299999999999999,12.660000000000005,44.5,34.0,55,0.2634876155909413,1.0,2.099999999999998,11.699999999999998,37.5,0.33685891226620635,46,221.11853742593348,83.70498323788993,304.8235206638234,277.4999999999999
443,147,21,1.251858734343001,2.3333333333333335,3.1027210884353735,12.184081632653056,40.92857142857143,23.674149659863946,5.626624488878197,49.666666666666664,5.2025322833869465,8.0,4.299999999999999,12.660000000000005,44.5,33.0,55,0.2634876155909413,1.0,2.099999999999998,11.699999999999998,37.5,0.20823255193413415,46,184.02323394842114,118.15911426644213,302.1823482148633,273.7999999999999
444,135,23,1.2823649405586999,2.3407407407407406,3.119259259259258,12.182222222222219,40.96296296296296,24.16888888888889,9.886047065691944,49.666666666666664,4.431355379071636,8.0,4.299999999999999,12.660000000000005,44.5,68.0,55,0.2634876155909413,1.0,2.099999999999998,11.699999999999998,37.5,0.31342949608846654,46,173.1192669754245,227.3790825109147,400.4983494863392,253.7999999999999
445,128,23,1.2135137346115425,2.3359375,3.125781249999999,12.171093749999994,40.94140625,23.678906250000004,15.233237272894801,49.65625,5.236224429840531,8.0,4.299999999999999,12.660000000000005,44.5,73.0,55,0.2511348631531688,1.0,2.099999999999998,11.699999999999998,37.5,0.2634876155909413,46,155.32975803027745,350.3644572765804,505.69421530685787,205.19999999999993
446,118,25,2.118642643287596,2.3389830508474576,3.1347457627118622,12.173898305084736,40.84322033898305,23.91864406779661,12.239779402780789,49.79661016949152,72.51606366079524,8.0,4.299999999999999,12.660000000000005,44.0,69.0,55,0.2511348631531688,1.0,2.099999999999998,11.699999999999998,37.5,0.038086268934857115,46,249.9998319079363,305.9944850695197,555.994316977456,195.69999999999993
447,109,26,2.3047938919807325,2.403669724770642,3.1229357798165127,12.181651376146782,40.77981651376147,23.472477064220186,13.719791627062905,49.862385321100916,46.421071781512836,8.0,4.299999999999999,12.720000000000006,44.0,80.0,55,0.2511348631531688,1.0,2.099999999999998,11.699999999999998,37.0,0.04828874528305471,46,251.22253422589984,356.71458230363555,607.9371165295354,187.09999999999994
448,108,23,2.149279364180004,2.425925925925926,3.1212962962962956,12.204999999999995,40.75,22.77407407407408,17.913111912215147,50.01851851851852,23.210535890756418,8.0,4.299999999999999,12.780000000000006,44.0,79.0,55,0.2511348631531688,1.0,2.099999999999998,11.699999999999998,37.0,0.16531706190866569,46,232.12217133144043,412.00157398094836,644.1237453123888,144.09999999999994
449,110,22,1.8572201252178528,2.481818181818182,3.112727272727272,12.227454545454538,40.64090909090909,21.147272727272725,23.403222965652116,50.25454545454546,11.605267945378209,8.0,4.299999999999999,12.780000000000006,44.0,78.0,55,0.2511348631531688,1.0,2.099999999999998,11.699999999999998,36.5,0.09784896521059494,46,204.2942137739638,514.8709052443465,719.1651190183104,113.09999999999995
450,113,21,2.705710991718649,2.47787610619469,3.1106194690265467,12.253274336283175,40.610619469026545,18.374336283185833,23.64121484241842,50.54867256637168,78.09320948905274,8.0,4.299999999999999,12.780000000000006,44.0,72.0,56,0.2511348631531688,1.0,2.099999999999998,11.699999999999998,36.5,0.5241443726415274,46,305.7453420642073,496.46551169078685,802.2108537549941,95.59999999999997
451,123,13,4.103906325763996,2.4146341463414633,3.116260162601624,12.251219512195114,40.573170731707314,17.277235772357724,23.854543732190965,50.75609756097561,65.44094829895468,8.0,4.299999999999999,12.780000000000006,44.5,71.0,56,0.2511348631531688,1.0,2.099999999999998,11.699999999999998,36.5,0.08291232282619365,46,504.7804780689715,310.10906851848256,814.8895465874541,40.19999999999998
452,123,17,3.488021596959967,2.4959349593495936,3.1081300813008106,12.255121951219506,40.53252032520325,16.191056910569106,24.928117962843753,50.94308943089431,62.74766182299931,8.0,4.299999999999999,12.780000000000006,44.5,86.0,57,0.2511348631531688,1.0,2.099999999999998,11.699999999999998,36.5,0.2824318483858803,46,429.02665642607593,423.7780053683438,852.8046617944198,103.69999999999996
453,131,15,2.4473449383025008,2.5419847328244276,3.099999999999999,12.255572519083966,40.461832061068705,15.525190839694654,37.6729228670188,51.18320610687023,25.57840468212632,8.0,4.299999999999999,12.780000000000006,44.5,96.0,58,0.2511348631531688,1.0,2.099999999999998,11.699999999999998,36.5,1.2719213779498235,46,320.6021869176276,565.093843005282,885.6960299229096,150.99999999999994
454,142,16,3.235703802424922,2.619718309859155,3.0999999999999996,12.26408450704225,40.433098591549296,15.099295774647887,30.298178855180904,51.37323943661972,63.391680141978625,8.0,4.299999999999999,12.840000000000007,44.5,95.0,58,0.2511348631531688,1.0,2.099999999999998,11.699999999999998,36.5,0.30074876422501007,46,459.46993994433893,484.77086168289446,944.2408016272334,170.09999999999994
455,151,17,3.094280300322745,2.576158940397351,3.093377483443707,12.272980132450323,40.354304635761586,14.183443708609273,26.697062929147386,51.70198675496689,47.69361556032566,8.0,4.299999999999999,12.840000000000007,44.5,94.0,58,0.2511348631531688,1.0,2.099999999999998,11.699999999999998,36.5,0.5576254033674469,46,467.23632534873445,453.85006979550553,921.08639514424,236.0999999999999
456,159,18,3.778993641795531,2.591194968553459,3.118238993710691,12.272452830188673,40.39622641509434,13.658490566037738,16.109941673598954,51.76100628930818,94.79744458196718,6.0,4.299999999999999,12.840000000000007,44.5,66.0,58,0.2511348631531688,1.0,2.099999999999998,11.699999999999998,36.5,0.3129006037949813,46,600.8599890454894,289.97895012478114,890.8389391702706,256.1999999999999
457,169,20,3.71216287984742,2.591715976331361,3.142011834319528,12.271242603550292,40.44970414201183,13.366863905325442,10.342021734759083,52.02958579881657,82.71310345729758,7.0,4.299999999999999,12.840000000000007,44.5,61.0,58,0.2511348631531688,1.0,2.099999999999998,11.699999999999998,36.5,0.1922025953117672,46,627.355526694214,206.84043469518164,834.1959613893956,250.59999999999988
458,182,20,3.0199034741011896,2.5494505494505493,3.1351648351648365,12.263406593406591,40.43681318681319,12.975824175824172,15.360927543037949,52.37362637362637,82.71310345729758,7.0,4.299999999999999,12.840000000000007,45.0,65.0,58,0.25064421286801103,1.0,2.099999999999998,11.699999999999998,36.5,0.15780275590857484,46,549.6224322864165,307.21855086075897,856.8409831471754,305.09999999999985
459,191,19,2.5782815376260904,2.56020942408377,3.152879581151832,12.265445026178005,40.45811518324607,12.907329842931931,23.190147318789723,52.544502617801044,82.71310345729758,7.0,4.299999999999999,12.840000000000007,45.0,74.0,58,0.25064421286801103,1.0,2.099999999999998,11.699999999999998,37.0,0.2511348631531688,46,492.4517736865833,440.61279905700474,933.0645727435881,262.1999999999999
460,194,22,2.579004621544579,2.582474226804124,3.1541237113402065,12.266597938144324,40.48711340206186,14.33092783505154,22.826828432251173,52.644329896907216,82.71310345729758,7.0,4.299999999999999,12.840000000000007,45.0,73.0,58,0.25064421286801103,1.0,2.099999999999998,11.699999999999998,37.0,0.3127837157882922,46,500.3268965796484,502.19022550952576,1002.5171220891741,353.59999999999985
461,189,26,2.9673165765546257,2.5714285714285716,3.158201058201059,12.269523809523799,40.49470899470899,15.527513227513216,19.281455513228885,52.714285714285715,82.71310345729758,7.0,4.299999999999999,12.840000000000007,45.0,68.0,58,0.25064421286801103,1.0,2.199999999999998,11.699999999999998,37.0,0.13908307791163366,46,560.8228329688243,501.31784334395104,1062.1406763127752,405.1999999999998
462,182,29,2.594594923822385,2.5714285714285716,3.167032967032967,12.275274725274715,40.53021978021978,16.106043956043948,18.252282738271397,52.79120879120879,44.963735490002485,7.0,4.299999999999999,12.840000000000007,45.0,82.71310345729758,58,0.25064421286801103,1.0,2.199999999999998,11.699999999999998,37.0,0.11986318711629473,46,472.2162761356741,529.3161994098705,1001.5324755455446,381.49999999999983
463,190,19,2.5185747044332847,2.594736842105263,3.156842105263157,12.275052631578937,40.6,16.541052631578943,23.809413450105865,52.8,34.545029634342335,7.0,4.299999999999999,12.840000000000007,45.0,82.27562497879242,58,0.25064421286801103,1.0,2.199999999999998,11.699999999999998,37.0,0.20572173669727523,46,478.52919384232405,452.37885555201143,930.9080493943354,294.1999999999999
464,197,20,2.16260302804274,2.553299492385787,3.1390862944162423,12.268324873096438,40.61675126903553,16.80507614213197,24.327344444717887,52.83248730964467,34.545029634342335,7.0,4.299999999999999,12.840000000000007,45.0,81.27562497879242,58,0.25064421286801103,1.0,2.199999999999998,11.699999999999998,37.0,0.5665317473499628,46,426.0327965244198,486.5468888943577,912.5796854187774,320.1999999999999
465,197,31,2.721054648042183,2.482233502538071,3.1279187817258887,12.266497461928916,40.74873096446701,15.940101522842639,12.436793533853539,52.7258883248731,65.48121007159324,7.0,4.299999999999999,12.840000000000007,45.0,80.27562497879242,58,0.25064421286801103,1.0,2.099999999999998,11.699999999999998,37.0,0.13306349469992562,46,536.0477656643101,385.5405995494597,921.5883652137697,339.89999999999986
466,206,29,2.7087105835463885,2.470873786407767,3.1140776699029113,12.257184466019401,40.70631067961165,15.010679611650483,13.523360626105262,52.87864077669903,79.81596432564622,7.0,4.299999999999999,12.840000000000007,45.0,86.0,58,0.25064421286801103,1.0,2.099999999999998,11.699999999999998,37.0,0.6101031991332245,46,557.9943802105561,392.1774581570526,950.1718383676086,221.0999999999999
467,208,26,2.5960240727263146,2.5288461538461537,3.1105769230769225,12.250384615384593,40.66105769230769,15.326923076923082,16.765231098936876,52.98557692307692,39.90798216282311,7.0,4.299999999999999,12.840000000000007,45.0,85.0,58,0.25064421286801103,1.0,2.099999999999998,11.699999999999998,37.0,0.2473471500822959,47,539.9730071270734,435.8960085723588,975.8690156994322,308.79999999999984
468,205,30,2.507337900196858,2.5951219512195123,3.111707317073171,12.247609756097543,40.62926829268293,15.200487804878053,18.370731799510153,53.05365853658537,60.91109229108766,7.0,4.299999999999999,12.840000000000007,45.0,90.0,58,0.25064421286801103,1.0,2.099999999999998,11.699999999999998,37.0,0.3512791835156444,47,514.004269540356,551.1219539853046,1065.1262235256604,339.29999999999984
469,212,28,2.255370632832609,2.589622641509434,3.108962264150945,12.244528301886765,40.56603773584906,15.618396226415095,21.204341219953303,53.14622641509434,30.45554614554383,7.0,4.299999999999999,12.840000000000007,45.0,89.0,59,0.2544260292761716,1.0,2.099999999999998,11.699999999999998,37.0,0.29667077347324816,47,478.1385741605131,593.7215541586925,1071.8601283192056,309.7999999999999
470,216,27,2.7359914220894868,2.5925925925925926,3.1240740740740756,12.244999999999978,40.594907407407405,16.118981481481487,18.01855304484859,53.18518518518518,58.71393076498654,7.0,4.399999999999999,12.840000000000007,45.5,88.0,59,0.2544260292761716,1.0,2.099999999999998,11.699999999999998,37.0,0.5255404062694202,47,590.9741471713292,486.50093221091197,1077.4750793822411,392.39999999999986
471,217,24,3.202730526700126,2.5714285714285716,3.1188940092165898,12.248571428571406,40.62442396313364,17.22442396313364,14.849770199450944,53.345622119815665,48.91109229108766,7.0,4.399999999999999,12.840000000000007,45.5,87.0,59,0.2544260292761716,1.0,2.099999999999998,11.699999999999998,37.0,0.05108081253884045,47,694.9925242939273,356.39448478682266,1051.38700908075,458.1999999999998
472,222,30,2.9112234272790323,2.5045045045045047,3.1184684684684667,12.255135135135115,40.700450450450454,17.564864864864862,11.124890721993498,53.4954954954955,48.91109229108766,7.0,4.399999999999999,12.840000000000007,45.5,86.0,59,0.2544260292761716,1.0,2.099999999999998,11.699999999999998,37.0,0.13306349469992562,47,646.2916008559451,333.74672165980496,980.0383225157501,516.6999999999998
473,222,27,2.6895743799035774,2.5135135135135136,3.1135135135135137,12.265135135135102,40.72522522522522,17.872522522522523,11.677650279748716,53.630630630630634,48.91109229108766,7.0,4.399999999999999,12.780000000000006,45.5,85.0,59,0.2544260292761716,1.0,2.099999999999998,11.699999999999998,37.0,0.2928219536843222,48,597.0855123385942,315.29655755321534,912.3820698918096,464.29999999999984
474,220,34,2.7798607887975817,2.4909090909090907,3.0981818181818173,12.263454545454508,40.80227272727273,16.77136363636364,7.1772009461896085,53.872727272727275,86.5675444515135,7.0,4.399999999999999,12.780000000000006,45.5,78.0,59,0.2544260292761716,1.0,2.099999999999998,11.759999999999998,37.0,0.26954898223676826,48,611.569373535468,244.0248321704467,855.5942057059146,514.6999999999998
475,220,30,2.3483355604650593,2.5045454545454544,3.107727272727273,12.263181818181788,40.83863636363636,16.466818181818184,8.916645847004316,53.986363636363635,48.91109229108766,7.0,4.399999999999999,12.780000000000006,45.0,77.0,59,0.2544260292761716,1.0,2.099999999999998,11.759999999999998,37.0,0.13374893114934605,48,516.6338233023131,267.4993754101295,784.1331987124427,435.8999999999998
476,220,27,2.211467882650913,2.5045454545454544,3.1090909090909076,12.256636363636336,40.88636363636363,17.053181818181812,11.210298435902448,54.03636363636364,48.91109229108766,7.0,4.399999999999999,12.780000000000006,45.0,76.0,59,0.2544260292761716,1.0,2.099999999999998,11.759999999999998,37.0,0.26915530470206517,48,486.5229341832009,302.6780577693661,789.2009919525669,474.7999999999998
477,213,26,2.1575663388025337,2.464788732394366,3.0957746478873234,12.259436619718272,40.870892018779344,17.784507042253527,11.051495322643053,54.1924882629108,46.712819795878914,7.0,4.399999999999999,12.780000000000006,45.0,75.0,59,0.2544260292761716,1.0,2.099999999999998,11.759999999999998,37.0,0.377011764824714,49,459.5616301649397,287.33887838871937,746.900508553659,458.99999999999983
478,203,29,2.2414677286964992,2.399014778325123,3.076354679802955,12.253891625615733,40.847290640394085,18.512807881773405,8.672581030704478,54.34975369458128,46.63762899891653,7.0,4.399999999999999,12.780000000000006,45.0,74.0,59,0.2544260292761716,1.0,2.099999999999998,11.759999999999998,37.0,0.11401483741631213,49,455.01794892538936,251.50484989042988,706.5227988158192,516.6999999999998
479,192,29,1.8841241721832322,2.3229166666666665,3.060416666666667,12.248749999999974,40.833333333333336,18.813541666666662,10.245259185998751,54.536458333333336,23.318814499458266,6.0,3.6999999999999993,12.780000000000006,44.0,73.0,59,0.2544260292761716,1.0,2.099999999999998,11.94,37.0,0.6013854172666426,49,361.7518410591806,297.1125163939638,658.8643574531444,438.79999999999984
480,192,20,2.408916597136325,2.2604166666666665,3.060416666666667,12.251249999999976,40.822916666666664,19.885416666666668,7.461324392442995,54.640625,48.3863498304304,6.0,3.6999999999999993,12.780000000000006,44.0,72.0,59,0.2544260292761716,1.0,2.099999999999998,11.94,37.0,0.1021616250776809,49,462.5119866501744,149.2264878488599,611.7384744990343,426.29999999999984
481,189,26,2.212854005758614,2.259259259259259,3.0566137566137552,12.265079365079352,40.81481481481482,19.806878306878314,5.237101060182188,54.72486772486773,39.04907894466778,6.0,3.6999999999999993,12.780000000000006,44.0,71.0,59,0.2544260292761716,1.0,2.099999999999998,11.94,37.0,0.2627702031347101,49,418.2294070883781,136.1646275647369,554.394034653115,462.49999999999983
482,189,26,1.7708160952356609,2.2645502645502646,3.050264550264548,12.273968253968237,40.84391534391534,18.692063492063493,6.424491436244695,54.83068783068783,12.0965874576076,6.0,3.6999999999999993,12.780000000000006,44.0,70.0,60,0.2544260292761716,1.0,2.099999999999998,11.94,37.5,0.2946492063002445,49,334.6842419995399,167.0367773423621,501.721019341902,358.59999999999985
483,197,17,1.671640631134252,2.233502538071066,3.0456852791878166,12.27898477157358,40.9263959390863,18.45329949238578,7.691886981244689,54.9492385786802,15.423182142681078,6.0,3.7999999999999994,12.780000000000006,44.0,69.0,61,0.2563668868857536,1.0,2.099999999999998,11.94,37.5,0.15827808234707774,49,329.31320433344763,130.76207868115972,460.07528301460735,365.39999999999986
484,204,16,1.4946473571706438,2.2450980392156863,3.035294117647058,12.272647058823514,40.92156862745098,18.853431372549018,7.7109425866618455,55.15196078431372,12.0965874576076,6.0,3.7999999999999994,12.780000000000006,44.0,68.0,61,0.2563668868857536,1.0,2.099999999999998,11.94,37.5,0.32274926513780194,49,304.90806086281134,123.37508138658953,428.28314224940084,405.49999999999983
485,183,31,1.5739363121046144,2.19672131147541,3.026775956284152,12.264262295081952,40.967213114754095,18.595628415300542,3.878422102740221,55.322404371584696,41.78953155684247,6.0,3.7999999999999994,12.780000000000006,44.0,67.0,61,0.2563668868857536,1.0,2.099999999999998,11.94,37.5,0.345397054741531,50,288.0303451151444,120.23108518494685,408.26143030009126,495.4999999999998
486,170,26,1.3110048707161364,2.1823529411764704,3.0217647058823527,12.271764705882342,40.96176470588235,18.74235294117646,5.959772080516602,55.45294117647059,12.0965874576076,6.0,3.7999999999999994,12.780000000000006,44.0,66.0,61,0.2563668868857536,1.0,2.099999999999998,11.94,37.5,0.2920096903109496,50,222.8708280217432,154.95407409343167,377.82490211517484,425.0999999999998
487,159,24,1.299451874298718,2.20125786163522,3.00503144654088,12.270188679245274,40.92138364779874,18.923899371069183,5.95875273024368,55.496855345911946,6.763442865617438,6.0,3.7999999999999994,12.780000000000006,44.0,65.0,61,0.2563668868857536,1.0,2.099999999999998,11.94,37.5,0.023143907368644356,50,206.61284801349618,143.01006552584832,349.6229135393445,315.79999999999984
488,154,19,1.3115948870362297,2.207792207792208,2.9999999999999996,12.275454545454535,40.892857142857146,19.215584415584413,6.5024038308742425,55.48051948051948,12.608660889808549,6.0,3.7999999999999994,12.780000000000006,44.0,64.0,61,0.2563668868857536,1.0,2.099999999999998,11.94,37.5,0.023143907368644356,50,201.98561260357937,123.54567278661061,325.53128539018996,271.2999999999999
489,148,15,1.259418411166204,2.168918918918919,3.034459459459459,12.280540540540528,40.945945945945944,19.484459459459465,11.054867344144451,55.5472972972973,6.3043304449042745,6.0,3.7999999999999994,12.780000000000006,44.0,63.0,61,0.2563668868857536,1.0,2.099999999999998,11.94,37.5,0.4151074135246043,50,186.3939248525982,165.82301016216678,352.216935014765,247.59999999999988
490,142,16,1.8600942962873785,2.1549295774647885,3.0239436619718325,12.279295774647876,40.940140845070424,19.04788732394366,7.249197541414602,55.74647887323944,62.6454985302756,6.0,3.7999999999999994,12.780000000000006,44.0,45.0,61,0.2563668868857536,1.0,2.099999999999998,11.94,37.5,0.12303678073353064,50,264.13339007280774,115.98716066263363,380.1205507354414,216.1999999999999
491,138,12,1.7722617373823657,2.1449275362318843,3.0398550724637676,12.27956521739129,40.96739130434783,19.78623188405797,15.009667348997922,55.891304347826086,39.59377595687244,6.0,3.7999999999999994,12.780000000000006,44.0,76.0,62,0.2563668868857536,1.0,2.099999999999998,11.94,37.5,0.48903697168674,50,244.57211975876646,180.11600818797507,424.68812794674153,190.0999999999999
492,130,18,1.3016529183715448,2.1076923076923078,3.0423076923076926,12.273692307692295,41.04615384615385,20.00692307692306,16.14381091250346,56.0,15.6613746325689,6.0,3.7999999999999994,12.780000000000006,44.0,75.0,63,0.2563668868857536,1.0,2.099999999999998,11.94,37.5,0.2813910850153847,50,169.21487938830083,290.5885964250623,459.8034758133631,218.3999999999999
493,128,23,1.7814614639785578,2.046875,3.0554687500000006,12.278906249999986,41.0390625,18.77812499999999,12.34781056270242,56.234375,42.85716132741889,5.0,3.7999999999999994,12.780000000000006,44.0,74.0,64,0.25362301732241005,1.0,2.099999999999998,11.94,37.5,0.19167965409841714,51,228.0270673892554,283.9996429421557,512.0267103314111,159.29999999999993
494,128,18,1.5826522947790236,2.0546875,3.0640625000000004,12.278906249999991,40.9921875,19.03203124999999,24.73815519769007,56.3671875,21.428580663709447,5.0,3.7999999999999994,12.780000000000006,44.0,91.0,64,0.25362301732241005,1.0,2.099999999999998,11.94,37.5,0.19093111258689333,51,202.57949373171502,445.28679355842127,647.8662872901363,131.99999999999991
495,125,17,2.6003448631038975,2.112,3.0864,12.275519999999991,41.004,18.337599999999995,26.40606672940681,56.528,90.62429600081656,5.0,3.7999999999999994,12.780000000000006,44.0,92.0,64,0.25362301732241005,1.0,2.099999999999998,11.94,37.5,0.2979199135246043,51,325.04310788798716,448.90313439991576,773.9462422879029,130.69999999999993
496,127,12,3.314476738964156,2.125984251968504,3.0590551181102366,12.273070866141722,40.89763779527559,18.294488188976366,29.89756243809136,56.83464566929134,88.83481033640582,5.0,3.7999999999999994,12.780000000000006,44.0,91.0,64,0.25362301732241005,1.0,2.099999999999998,11.94,37.5,0.2920096903109496,51,420.9385458484478,358.7707492570963,779.7092951055441,135.79999999999995
497,130,10,3.7265026112847717,2.1,3.0784615384615397,12.272769230769223,40.90769230769231,18.301538461538456,23.127398025739527,56.96153846153846,70.54010298488659,5.0,3.7999999999999994,12.780000000000006,44.0,90.0,64,0.25362301732241005,1.0,2.099999999999998,11.879999999999999,37.5,0.38043452598361505,51,484.4453394670203,231.27398025739527,715.7193197244155,153.69999999999993
498,138,10,3.173069529927088,2.130434782608696,3.0739130434782598,12.264347826086944,40.8768115942029,17.78478260869565,28.31963612384346,56.88405797101449,35.270051492443294,5.0,3.7999999999999994,12.780000000000006,44.0,99.0,64,0.25362301732241005,1.0,1.9999999999999978,11.819999999999999,37.5,0.8993797331504106,51,437.88359512993816,283.1963612384346,721.0799563683727,132.89999999999995
499,151,15,2.358402680988858,2.1456953642384105,3.0496688741721845,12.24913907284767,40.86754966887417,17.210596026490066,20.224978494479608,56.973509933774835,21.716530712873453,5.0,3.7999999999999994,12.780000000000006,44.0,98.0,64,0.25362301732241005,1.0,1.8999999999999977,11.759999999999998,37.0,0.2909970605512078,51,356.1188048293176,303.3746774171941,659.4934822465117,246.4999999999999
500,159,22,2.591652700279949,2.169811320754717,3.0553459119496855,12.238490566037727,40.87735849056604,15.630188679245288,14.130275576299224,57.106918238993714,98.09090863108018,6.0,3.7999999999999994,12.780000000000006,44.0,87.0,64,0.2563668868857536,1.0,1.8999999999999977,11.759999999999998,37.0,0.24859200163309958,51,412.0727793445119,310.8660626785829,722.9388420230948,245.59999999999988
501,162,21,2.2561015125963784,2.1481481481481484,3.017283950617285,12.245185185185175,40.80864197530864,15.233950617283952,14.54535034685521,57.24691358024691,49.04545431554009,6.0,3.7999999999999994,12.780000000000006,44.0,86.0,64,0.2563668868857536,1.0,1.8999999999999977,11.759999999999998,37.0,0.014492069289640197,51,365.48844504061327,305.45235728395943,670.9408023245727,285.1999999999999
