Turn,#animals,#food,avgAE,avgET,avgH,avgV,avgML,avgL,avgFE,avgGen,maxAE,maxET,maxH,maxV,maxML,maxFE,maxGen,minAE,minET,minH,minV,minML,minFE,minGen,totalAE,totalFE,totalE,totalCombat
0,100,600,12.405,49.62,5.25,12.07,26.02,0.0,49.233333333333334,0.0,24.75,99.0,9.0,14.0,49.0,99.0,0,0.25,1.0,1.0,10.0,1.0,1.0,0,1240.5,29540.0,30780.5,0.0
1,92,1136,56.90760869565217,50.02173913043478,5.217391304347826,12.065217391304348,27.956521739130434,1.7173913043478262,49.00176056338028,0.0,116.75,99.0,9.0,14.0,49.0,99.0,0,5.0,1.0,1.0,10.0,2.0,1.0,0,5235.5,55666.0,60901.5,112.0
2,112,1121,49.25279017857143,50.919642857142854,5.1383928571428585,12.081964285714283,29.647321428571427,2.8214285714285716,49.191570026761816,0.25892857142857145,196.5,99.0,9.1,14.06,49.5,167.5,1,5.0,1.0,0.9,9.94,2.0,0.75,0,5516.3125,55143.75,60660.0625,153.0
3,138,1099,53.82427536231884,48.333333333333336,5.244927536231885,12.037971014492753,29.181159420289855,3.6666666666666665,48.99613284804368,0.41304347826086957,174.25,99.0,9.1,14.06,49.5,166.5,2,1.84375,1.0,0.9,9.94,2.0,0.75,0,7427.75,53846.75,61274.5,146.0
4,172,1095,51.24791061046512,48.80232558139535,5.151162790697675,12.144069767441856,29.738372093023255,4.309302325581395,48.331963470319636,0.622093023255814,151.0,99.0,9.1,14.06,49.5,165.5,2,0.921875,1.0,0.8,9.94,1.5,1.0,0,8814.640625,52923.5,61738.140625,278.3
5,211,1073,51.36963122037915,47.14691943127962,5.1303317535545006,12.092417061611368,29.471563981042653,5.031279620853081,47.997844827586206,0.8388625592417062,162.125,99.0,9.2,14.06,49.5,164.5,2,0.921875,1.0,0.8,9.94,1.5,1.0,0,10838.9921875,51501.6875,62340.6796875,365.2
6,245,1058,51.04471460459184,46.89387755102041,5.181632653061228,12.09714285714285,29.90204081632653,4.430204081632653,48.19904891304348,1.0448979591836736,151.0,99.0,9.2,14.06,50.0,163.5,3,0.921875,1.0,0.8,9.94,7.0,0.75,0,12505.955078125,50994.59375,63500.548828125,423.49999999999994
7,292,1021,52.536801690924655,47.167808219178085,5.19691780821918,12.131917808219171,30.07191780821918,4.796232876712329,47.64928685112635,1.2294520547945205,202.0625,99.0,9.299999999999999,14.120000000000001,50.0,162.5,3,4.359375,1.0,0.8,9.94,7.0,0.84375,0,15340.74609375,48649.921875,63990.66796875,464.5
8,348,973,54.426404229525865,47.264367816091955,5.1330459770115,12.100574712643674,30.01867816091954,5.65632183908046,47.34505074511819,1.410919540229885,265.09375,99.0,9.299999999999999,14.120000000000001,50.5,161.5,4,4.552734375,1.0,0.8,9.879999999999999,7.0,0.75,0,18940.388671875,46066.734375,65007.123046875,780.7
9,389,856,57.964361744858614,47.60154241645244,5.084575835475575,12.057172236503844,29.946015424164525,6.406169665809768,46.833502938814256,1.557840616966581,265.09375,97.0,9.299999999999999,14.120000000000001,50.5,160.5,4,3.271484375,5.0,0.8,9.879999999999999,6.5,1.0,0,22548.13671875,40089.478515625,62637.615234375,994.3
10,450,780,52.21067979600694,46.35777777777778,5.0875555555555545,12.077688888888895,29.997777777777777,7.467777777777779,46.79027694310897,1.7755555555555556,265.09375,97.0,9.299999999999999,14.120000000000001,50.5,208.578125,5,2.5263671875,5.0,0.8,9.879999999999999,6.5,1.0,0,23494.805908203125,36496.416015625,59991.221923828125,1314.3
11,492,679,51.771850089716715,45.333333333333336,5.098577235772357,12.088333333333326,30.323170731707318,7.664024390243902,47.373596281296024,1.9715447154471544,265.09375,97.0,9.299999999999999,14.180000000000001,50.5,207.578125,5,2.5263671875,5.0,0.8,9.879999999999999,6.0,1.0,0,25471.750244140625,32166.671875,57638.422119140625,1383.4
12,527,601,48.13817965599798,43.63757115749526,5.053510436432637,12.075749525616711,31.091081593927893,7.746110056925998,49.70345201032134,2.1195445920303606,168.34375,97.0,9.2,14.180000000000001,50.5,206.578125,5,1.94287109375,5.0,0.7000000000000001,9.879999999999999,6.0,1.0,0,25368.820678710938,29871.774658203125,55240.59533691406,1564.0
13,561,516,48.30485091319909,43.35294117647059,5.130481283422458,12.085240641711225,31.72459893048128,8.208021390374327,50.30124208908673,2.2762923351158646,204.845703125,97.0,9.2,14.180000000000001,50.5,205.578125,5,2.1419677734375,5.0,0.7000000000000001,9.879999999999999,6.5,1.0,0,27099.021362304688,25955.44091796875,53054.46228027344,1608.6
14,603,432,46.56002777251438,44.12271973466003,5.099502487562183,12.105936981757887,32.52653399668325,9.297678275290226,52.42796495225694,2.4344941956882256,243.53125,97.0,9.2,14.240000000000002,50.5,204.578125,6,2.1419677734375,5.0,0.7000000000000001,9.879999999999999,6.5,1.0,0,28075.696746826172,22648.880859375,50724.57760620117,2160.0
15,620,377,47.56231157856603,44.285483870967745,5.197741935483864,12.12903225806452,33.237096774193546,11.018225806451621,51.167415386169594,2.5516129032258066,222.2353515625,97.0,9.299999999999999,14.240000000000002,50.5,210.4189453125,6,2.1419677734375,5.0,0.7000000000000001,9.819999999999999,6.0,0.797607421875,0,29488.633178710938,19290.115600585938,48778.748779296875,2538.2
16,604,344,48.899745764321835,44.36920529801324,5.2951986754966835,12.174701986754974,34.038907284768214,12.712417218543054,51.236962784168334,2.653973509933775,238.60205078125,97.0,9.299999999999999,14.240000000000002,50.5,209.4189453125,6,2.1419677734375,5.0,0.7000000000000001,9.819999999999999,6.0,0.25,0,29535.44644165039,17625.515197753906,47160.9616394043,2814.5
17,600,342,46.39726743062337,43.895,5.338333333333333,12.215000000000018,34.555,13.335000000000006,50.89725061606246,2.8233333333333333,238.60205078125,97.0,9.299999999999999,14.240000000000002,50.5,164.34375,6,2.0657958984375,5.0,0.8,9.819999999999999,6.0,1.0,0,27838.360458374023,17406.85971069336,45245.22016906738,2930.8
18,585,307,45.61117405035557,43.06837606837607,5.457435897435893,12.241880341880353,35.258974358974356,13.639145299145307,54.95609256110673,2.9572649572649574,237.36083984375,96.0,9.299999999999999,14.240000000000002,50.5,238.60205078125,6,2.0657958984375,5.0,0.8,9.819999999999999,6.0,1.0,0,26682.536819458008,16871.520416259766,43554.05723571777,2364.5
19,587,288,44.47629591309841,41.947189097103916,5.447700170357744,12.305621805792157,35.45996592844975,13.806132879045993,54.485312673780655,3.1652470187393527,260.05712890625,96.0,9.299999999999999,14.180000000000001,51.0,160.671875,6,2.0657958984375,6.0,0.8,9.819999999999999,6.0,1.0,0,26107.58570098877,15691.770050048828,41799.3557510376,2640.0
20,599,266,42.35430114058302,40.85809682804675,5.433889816360599,12.319966611018367,35.93405676126878,13.60317195325542,55.23930037649054,3.323873121869783,194.4755859375,96.0,9.299999999999999,14.240000000000002,51.0,237.36083984375,7,2.0657958984375,6.0,0.7000000000000001,9.819999999999999,6.0,0.5263671875,0,25370.22638320923,14693.653900146484,40063.88028335571,2219.2
21,604,235,42.309747872763126,39.91887417218543,5.4139072847682055,12.325496688741735,36.56539735099338,13.85877483443709,54.25068969726563,3.4718543046357615,245.35009765625,96.0,9.299999999999999,14.240000000000002,51.5,236.36083984375,7,2.0657958984375,6.0,0.7000000000000001,9.879999999999999,10.5,3.0,1,25555.087715148926,12748.912078857422,38303.99979400635,2298.0
22,605,212,41.874824224424756,39.96198347107438,5.459669421487597,12.332859504132227,36.75537190082645,14.661322314049578,54.1500559033088,3.618181818181818,240.85107421875,96.0,9.299999999999999,14.240000000000002,51.5,235.36083984375,7,2.0657958984375,6.0,0.7000000000000001,9.819999999999999,10.5,2.0,1,25334.268655776978,11479.811851501465,36814.08050727844,2587.5
23,608,211,38.577541456410756,39.4078947368421,5.549999999999996,12.31914473684213,37.09046052631579,14.293092105263153,54.94357433590279,3.7664473684210527,240.85107421875,96.0,9.299999999999999,14.240000000000002,51.5,234.36083984375,7,2.0657958984375,5.0,0.7000000000000001,9.819999999999999,11.5,4.51416015625,1,23455.14520549774,11593.094184875488,35048.23939037323,2533.5
24,596,198,40.519400644622394,39.41778523489933,5.528691275167777,12.307818791946321,37.22231543624161,15.038758389261737,48.87854028952242,3.8741610738255035,246.505859375,96.0,9.399999999999999,14.240000000000002,51.5,199.57781982421875,8,1.7716331481933594,5.0,0.6000000000000001,9.819999999999999,13.5,3.51416015625,1,24149.562784194946,9677.95097732544,33827.513761520386,2621.5
25,570,190,41.93972867162604,39.02807017543859,5.622456140350873,12.368947368421042,37.35614035087719,16.150526315789463,46.35360282094855,4.066666666666666,243.02734375,97.0,9.399999999999999,14.240000000000002,51.5,198.57781982421875,8,1.7716331481933594,5.0,0.6000000000000001,9.819999999999999,13.5,2.51416015625,1,23905.645342826843,8807.184535980225,32712.829878807068,2888.2999999999997
26,522,225,39.48717577430023,38.076628352490424,5.687356321839074,12.386628352490407,37.89750957854406,16.50153256704982,48.5307999420166,4.226053639846743,243.02734375,97.0,9.399999999999999,14.240000000000002,51.5,197.57781982421875,8,1.7716331481933594,5.0,0.6000000000000001,9.819999999999999,18.5,1.51416015625,1,20612.305754184723,10919.429986953735,31531.73574113846,2976.7999999999997
27,520,201,39.82982269387979,37.23269230769231,5.871346153846154,12.363692307692313,38.14230769230769,16.654615384615365,47.32561139918085,4.361538461538461,224.92861938476562,97.0,9.399999999999999,14.240000000000002,51.5,243.02734375,8,1.7716331481933594,5.0,0.6000000000000001,9.819999999999999,18.5,0.51416015625,2,20711.50780081749,9512.447891235352,30223.95569205284,1943.3
28,501,197,39.15226029505035,36.8502994011976,5.89840319361277,12.404990019960085,38.582834331337324,16.407185628742514,48.271599358108446,4.532934131736527,279.9152526855469,97.0,9.399999999999999,14.240000000000002,51.5,184.49560546875,9,1.7716331481933594,5.0,0.6000000000000001,9.819999999999999,18.5,1.3563232421875,2,19615.282407820225,9509.505073547363,29124.787481367588,2275.9
29,485,200,37.51127309430506,35.92783505154639,5.89134020618556,12.391958762886592,38.84742268041237,16.145773195876295,49.23389076709747,4.725773195876289,279.9152526855469,97.0,9.399999999999999,14.240000000000002,51.5,206.64453125,9,1.7716331481933594,5.0,0.7000000000000001,9.819999999999999,18.5,1.5975322723388672,2,18192.967450737953,9846.778153419495,28039.745604157448,2277.7
30,493,171,36.08689435246508,34.92292089249493,5.871602434077073,12.40365111561866,39.37525354969574,16.3606490872211,52.51092107602727,4.8843813387423936,179.39950132369995,97.0,9.399999999999999,14.240000000000002,51.5,279.9152526855469,9,2.0852088928222656,5.0,0.7000000000000001,9.819999999999999,19.5,0.5975322723388672,2,17790.838915765285,8979.367504000664,26770.20641976595,1997.7
31,478,178,35.144613239119245,34.61506276150627,5.946234309623432,12.387740585774067,39.54497907949791,15.90020920502091,49.95156454772092,5.054393305439331,171.766357421875,97.0,9.399999999999999,14.300000000000002,51.5,289.44748854637146,9,2.0852088928222656,5.0,0.8,9.819999999999999,19.5,1.492919921875,2,16799.125128298998,8891.378489494324,25690.50361779332,2335.0
32,483,166,32.863323360403875,33.53830227743271,5.999792960662518,12.381325051759813,39.386128364389236,15.7703933747412,51.937481773905006,5.262939958592132,326.33539748191833,97.0,9.399999999999999,14.300000000000002,51.5,183.4412841796875,9,2.0643386840820312,5.0,0.8,9.819999999999999,19.5,0.492919921875,2,15872.98518307507,8621.621974468231,24494.6071575433,2162.0
33,474,166,33.13871983801828,33.16877637130802,5.972573839662442,12.338396624472574,39.38607594936709,15.263080168776373,45.40792547040675,5.447257383966245,210.15240478515625,96.0,9.399999999999999,14.300000000000002,51.5,171.44924926757812,10,2.0643386840820312,5.0,0.8,9.819999999999999,19.5,0.0812530517578125,2,15707.753203220665,7537.715628087521,23245.468831308186,2188.9
34,488,131,32.17974735324683,32.86270491803279,5.999590163934427,12.326434426229493,39.5030737704918,15.231557377049185,49.164432147987014,5.610655737704918,210.15240478515625,96.0,9.399999999999999,14.300000000000002,51.5,209.7515411376953,10,1.859961986541748,5.0,0.8,9.819999999999999,19.0,3.416015625,3,15703.716708384454,6440.540611386299,22144.257319770753,1679.5
35,464,150,32.54206609720332,32.20905172413793,6.022198275862072,12.299741379310332,39.84806034482759,15.841163793103433,42.295017498334246,5.739224137931035,239.3728256225586,96.0,9.399999999999999,14.300000000000002,51.5,209.66309785842896,10,1.859961986541748,5.0,0.8,9.819999999999999,19.0,2.416015625,3,15099.518669102341,6344.252624750137,21443.77129385248,2293.1
36,441,143,31.542821508129034,31.405895691609977,5.949433106575961,12.324353741496594,40.038548752834465,16.271882086167807,47.15125079598877,5.884353741496598,239.3728256225586,96.0,9.399999999999999,14.300000000000002,51.5,186.1699676513672,10,1.285355567932129,4.0,0.8,9.819999999999999,20.0,1.416015625,3,13910.384285084903,6742.628863826394,20653.013148911297,2174.6
37,446,135,30.127751892027465,30.836322869955158,5.808968609865475,12.307130044843046,40.143497757847534,16.560313901345296,46.92457333979783,6.024663677130045,239.3728256225586,96.0,9.399999999999999,14.240000000000002,51.5,231.74881410598755,10,1.285355567932129,4.0,0.8,9.819999999999999,20.0,0.416015625,3,13436.97734384425,6334.817400872707,19771.794744716957,2022.3999999999999
38,430,152,29.76120047074591,30.493023255813952,5.755116279069766,12.306372093023251,40.13953488372093,16.32790697674418,40.92617457337972,6.144186046511628,239.3728256225586,96.0,9.399999999999999,14.300000000000002,51.5,230.74881410598755,11,1.285355567932129,4.0,0.8,9.819999999999999,20.0,1.067901611328125,3,12797.316202420741,6220.778535153717,19018.094737574458,1863.5
39,402,148,28.110915902626715,29.72139303482587,5.8323383084577145,12.318457711442788,40.29353233830846,16.097263681592036,47.27794079291257,6.278606965174129,177.7784652709961,95.0,9.399999999999999,14.300000000000002,51.0,229.74881410598755,11,1.285355567932129,4.0,0.8,9.879999999999999,20.0,0.067901611328125,3,11300.58819285594,6997.13523735106,18297.723430207,1705.8999999999999
40,414,126,29.646132522589944,28.963768115942027,5.844927536231886,12.313091787439607,40.49516908212561,16.264009661835747,41.40674552144039,6.456521739130435,226.77764892578125,69.0,9.399999999999999,14.300000000000002,51.0,228.74881410598755,11,1.285355567932129,4.0,0.8,9.879999999999999,20.0,0.3960247039794922,4,12273.498864352237,5217.249935701489,17490.748800053727,1453.0
41,403,126,28.249876347956857,28.885856079404466,5.880893300248141,12.35354838709676,40.67493796526055,16.31141439205956,42.60737508761564,6.607940446650124,241.8165864944458,69.0,9.399999999999999,14.300000000000002,51.0,176.34493446350098,11,1.285355567932129,4.0,0.8,9.879999999999999,20.0,2.617417089641094,4,11384.700168226613,5368.52926103957,16753.229429266183,1694.8
42,391,118,28.720790511157357,29.035805626598467,5.795907928388749,12.327161125319682,40.728900255754475,15.838363171355496,40.53516955886794,6.731457800511509,192.37867188453674,69.0,9.399999999999999,14.300000000000002,51.5,175.34493446350098,11,1.285355567932129,4.0,0.8,9.879999999999999,20.0,1.6174170896410942,4,11229.829089862527,4783.150007946417,16012.979097808944,1629.6999999999998
43,397,103,29.00068362929151,28.83123425692695,5.800000000000007,12.303375314861457,41.211586901763226,15.716372795969777,37.235294286518815,6.81360201511335,201.28533554077148,69.0,9.399999999999999,14.300000000000002,51.5,191.72661590576172,11,1.285355567932129,4.0,0.8,9.879999999999999,20.0,0.6174170896410942,4,11513.27140082873,3835.2353115114383,15348.506712340168,1333.5
44,400,95,26.87769005665934,28.0675,5.77775,12.304249999999982,41.49,17.22125,42.72749854515454,6.8725,201.28533554077148,69.0,9.399999999999999,14.300000000000002,51.5,192.37867188453674,11,1.285355567932129,4.0,0.9,9.819999999999999,20.0,0.47820520401000977,4,10751.076022663736,4059.112361789681,14810.188384453417,1705.6
45,399,105,25.086150366813964,27.8671679197995,5.831829573934837,12.338245614035085,41.59899749373434,18.098746867167918,39.92599761089576,6.989974937343359,193.16565322875977,69.0,9.399999999999999,14.300000000000002,51.5,201.28533554077148,11,1.5114933773875237,4.0,0.9,9.819999999999999,20.5,0.33511877059936523,4,10009.373996358772,4192.229749144055,14201.603745502827,1749.0
46,379,104,24.270399973279456,27.62005277044855,5.909498680738784,12.3867018469657,41.608179419525065,17.63271767810027,42.82275563845402,7.150395778364116,207.1312608718872,67.0,9.399999999999999,14.300000000000002,51.5,200.28533554077148,12,1.3750842027366161,4.0,0.9,9.819999999999999,20.0,0.5987664461135864,4,9198.481589872914,4453.566586399218,13652.048176272132,1536.1
47,372,90,26.204441508633913,27.973118279569892,5.8978494623655875,12.392688172043,41.85215053763441,17.451075268817213,36.908717665052976,7.244623655913978,220.41075944900513,67.0,9.399999999999999,14.360000000000003,51.5,179.71620178222656,12,1.3750842027366161,4.0,0.9,9.879999999999999,20.0,1.7598826885223389,4,9748.052241211815,3321.7845898547675,13069.836831066583,1411.3999999999999
48,367,97,24.120464684169523,28.057220708446867,5.9310626702997284,12.39079019073568,41.561307901907355,16.496457765667586,36.432732582157094,7.3651226158038146,193.16565322875977,67.0,9.399999999999999,14.360000000000003,51.0,220.11677169799805,12,1.3750842027366161,4.0,0.9,9.879999999999999,20.0,0.7598826885223389,4,8852.210539090214,3533.975060469238,12386.185599559452,1372.0
49,366,85,24.502843773537375,27.73224043715847,6.085792349726778,12.464972677595616,41.54234972677595,16.87158469945355,35.032618858103696,7.530054644808743,236.45933485031128,67.0,9.399999999999999,14.360000000000003,51.0,177.71620178222656,12,1.3750842027366161,4.0,0.9,9.879999999999999,20.0,0.23159027099609375,4,8968.040821114679,2977.772602938814,11945.813424053493,1239.8999999999999
50,359,85,23.47753792465077,27.214484679665738,6.098050139275769,12.467409470752072,41.760445682451255,16.674651810584958,34.47020323853118,7.7604456824512535,236.45933485031128,67.0,9.499999999999998,14.360000000000003,51.0,168.14037877321243,12,1.3750842027366161,4.0,1.1,9.879999999999999,22.0,2.438252627849579,5,8428.436114949625,2929.9672752751503,11358.403390224776,1486.5
51,364,71,24.65692061086348,26.48076923076923,6.091208791208792,12.477472527472516,41.80357142857143,16.806593406593404,26.897165201804608,7.917582417582418,236.45933485031128,64.0,9.499999999999998,14.360000000000003,51.0,140.26518440246582,13,1.3750842027366161,3.0,1.1,9.879999999999999,22.0,3.6721651777625084,5,8975.119102354307,1909.6987293281272,10884.817831682434,1200.8
52,352,90,22.1179131768654,26.3125,6.0553977272727275,12.483920454545443,42.24715909090909,16.250568181818178,28.881075922572442,8.113636363636363,236.45933485031128,64.0,9.499999999999998,14.180000000000001,51.0,180.89416672289371,13,1.3750842027366161,3.0,1.2000000000000002,9.879999999999999,22.0,2.1794572696089745,5,7785.505438256621,2599.29683303152,10384.802271288141,1521.6
53,356,70,21.73615352505677,25.935393258426966,6.062640449438198,12.503876404494372,42.26825842696629,16.161797752808987,29.343026252963213,8.337078651685394,193.04916854202747,64.0,9.499999999999998,14.180000000000001,51.0,179.89416672289371,14,1.3750842027366161,3.0,1.2000000000000002,9.879999999999999,21.5,2.9344827770255506,5,7738.0706549202105,2054.011837707425,9792.082492627636,1144.1
54,358,76,20.03412708352259,25.50558659217877,6.051675977653634,12.464189944134066,42.21648044692738,16.181564245810062,28.0773815074039,8.430167597765363,180.57152128219604,64.0,9.499999999999998,14.180000000000001,51.0,178.89416672289371,14,1.9165416245814413,3.0,1.6999999999999997,9.879999999999999,21.5,1.9344827770255506,5,7172.217495901087,2133.8809945626963,9306.098490463784,1398.2
55,348,77,19.74632809507512,25.261494252873565,6.154310344827589,12.521436781609191,42.25574712643678,16.761206896551727,27.00136908119923,8.53735632183908,135.89677488803864,64.0,9.499999999999998,14.240000000000002,51.0,177.89416672289371,14,1.9165416245814413,3.0,1.6999999999999997,9.879999999999999,21.5,0.9344827770255506,5,6871.722177086142,2079.1054192523407,8950.827596338484,1494.0
56,338,64,20.54885152054958,24.967455621301774,6.168343195266276,12.503786982248512,42.17455621301775,17.10059171597631,25.835909916495666,8.724852071005918,127.7632034709386,64.0,9.499999999999998,14.240000000000002,51.0,176.89416672289371,14,1.9165416245814413,3.0,1.6999999999999997,10.0,21.5,2.2768470108276233,5,6945.511813945758,1653.4982346557226,8599.010048601482,1223.8999999999999
57,349,54,19.270946565738072,25.097421203438394,6.268194842406874,12.525673352435525,41.99570200573066,17.516618911174785,26.31582396736761,8.87679083094556,127.7632034709386,64.0,9.499999999999998,14.240000000000002,51.5,175.89416672289371,14,1.9165416245814413,3.0,1.6999999999999997,10.0,21.0,1.2768470108276233,5,6725.5603514425875,1421.054494237851,8146.6148456804385,1289.6999999999998
58,321,67,19.015798625192406,25.161993769470406,6.209034267912775,12.504548286604352,42.15732087227414,17.425856697819313,25.977907938850183,8.978193146417446,127.7632034709386,64.0,9.499999999999998,14.240000000000002,51.5,227.9234976861626,14,1.9165416245814413,3.0,1.6999999999999997,9.94,21.0,0.2768470108276233,6,6104.071358686762,1740.5198319029623,7844.591190589725,1510.8999999999999
59,299,70,19.82878591028659,24.695652173913043,6.051170568561873,12.413244147157183,42.47157190635451,18.830769230769235,23.70954498430719,8.97324414715719,255.7972769420594,64.0,9.499999999999998,14.240000000000002,51.5,126.41811174154282,14,1.7497502544429153,3.0,1.7999999999999998,9.94,21.0,1.5853925524279475,6,5928.806987175691,1659.6681489015032,7588.475136077193,1620.8999999999999
60,293,73,18.90800888431132,24.853242320819113,6.1194539249146755,12.393515358361764,42.534129692832764,19.984300341296926,23.914748209722877,9.017064846416382,255.7972769420594,64.0,9.499999999999998,14.240000000000002,51.5,123.42295552790165,14,1.7497502544429153,4.0,1.6999999999999997,9.94,21.0,0.5853925524279475,6,5540.046603103217,1745.77661930977,7285.823222412988,1323.3
61,267,87,19.832614410295935,25.153558052434455,6.227715355805246,12.418501872659162,42.68539325842696,21.180149812734083,20.115851179646707,9.067415730337078,255.7972769420594,64.0,9.399999999999999,14.240000000000002,51.5,122.42295552790165,15,1.7497502544429153,4.0,1.6999999999999997,9.94,21.0,0.5812167078256607,6,5295.308047549015,1750.0790526292635,7045.387100178279,1455.5
62,258,76,19.330841995208285,24.127906976744185,6.172093023255815,12.367829457364337,42.55038759689923,20.699224806201546,22.361327471325477,9.306201550387597,145.01224622130394,64.0,9.399999999999999,14.240000000000002,51.5,121.42295552790165,15,1.341009044990642,4.0,1.6999999999999997,9.94,21.5,1.0601598648354411,6,4987.357234763737,1699.4608878207362,6686.818122584474,1074.7
63,245,72,20.021164724901418,24.457142857142856,6.244897959183673,12.390938775510202,42.34897959183674,19.854285714285705,19.973255045943702,9.391836734693877,114.4361398331821,64.0,9.399999999999999,14.240000000000002,51.5,120.42295552790165,15,1.341009044990642,4.0,1.6999999999999997,9.94,21.5,0.06015986483544111,6,4905.185357600847,1438.0743633079464,6343.2597209087935,1025.8
64,232,72,19.600501142985532,24.353448275862068,6.357327586206894,12.392413793103442,42.42672413793103,19.35086206896552,21.248928583559582,9.512931034482758,137.21802095416933,64.0,9.399999999999999,14.240000000000002,51.5,110.64502137154341,15,1.341009044990642,4.0,1.7999999999999998,9.94,21.5,0.5853925524279475,6,4547.316265172643,1529.9228580162899,6077.239123188933,1018.6999999999999
65,234,72,17.768720364958355,24.358974358974358,6.455982905982907,12.34649572649572,42.73931623931624,18.81923076923076,21.6443345065471,9.576923076923077,163.49595283344388,64.0,9.399999999999999,14.240000000000002,52.0,84.44565733708441,15,1.8242883353377692,4.0,1.7999999999999998,9.94,21.5,0.09075847314670682,6,4157.880565400255,1558.3920844713912,5716.2726498716465,890.6
66,211,76,18.218450788326848,24.175355450236967,6.420853080568722,12.354597156398103,43.007109004739334,18.074881516587677,21.560722595422686,9.687203791469194,113.38517872616649,64.0,9.399999999999999,14.240000000000002,52.0,83.44565733708441,16,1.6987721259683894,4.0,1.7999999999999998,10.0,21.5,0.341009044990642,6,3844.0931163369646,1638.614917252124,5482.708033589089,903.8
67,204,73,16.95841125896442,23.20098039215686,6.38480392156863,12.330686274509803,42.9264705882353,16.90147058823529,24.315912356885434,9.965686274509803,92.24148673135278,64.0,9.399999999999999,14.180000000000001,52.0,90.06927557482777,17,1.507050257816445,4.0,1.7999999999999998,10.0,23.0,0.9223312799585983,6,3459.515896828742,1775.0616020526368,5234.577498881379,842.9
68,204,63,16.697449052287595,22.69607843137255,6.399509803921569,12.298627450980392,42.669117647058826,16.984313725490193,25.52401997386038,10.181372549019608,100.60443330393173,64.0,9.499999999999998,14.180000000000001,52.0,89.06927557482777,17,1.507050257816445,4.0,1.7999999999999998,10.0,23.0,0.682018089981284,6,3406.2796066666697,1608.013258353204,5014.292865019874,725.5
69,206,57,16.30370424757955,23.29126213592233,6.433495145631067,12.279999999999998,42.76456310679612,16.952912621359225,24.664177683306296,10.228155339805825,89.59751286637038,64.0,9.499999999999998,14.180000000000001,52.0,88.06927557482777,17,1.507050257816445,4.0,1.7999999999999998,10.0,23.0,1.8326857183710672,6,3358.5630750013875,1405.8581279484588,4764.421202949847,744.1999999999999
70,200,51,16.771346969221568,23.17,6.429499999999998,12.312900000000003,42.925,17.3065,24.13439138724801,10.28,105.01388391859291,65.0,9.499999999999998,14.180000000000001,52.0,64.19348410668317,17,1.507050257816445,4.0,1.7999999999999998,9.94,23.0,0.8326857183710672,6,3354.269393844314,1230.8539607496484,4585.123354593962,658.1999999999999
71,203,39,17.332455576113095,23.36945812807882,6.454187192118233,12.308275862068967,42.933497536945815,17.686206896551724,20.9560053609428,10.330049261083744,105.01388391859291,65.0,9.499999999999998,14.180000000000001,52.0,59.52636970419462,17,1.507050257816445,4.0,1.7999999999999998,9.94,23.0,1.8897689890795846,6,3518.4884819509584,817.2842090767692,4335.772691027728,668.6999999999999
72,207,38,15.730081758390405,23.2512077294686,6.493236714975846,12.287053140096614,42.92270531400966,17.57101449275363,22.99873410042116,10.483091787439614,105.01388391859291,65.0,9.499999999999998,14.180000000000001,51.0,89.59751286637038,17,1.4846707811470878,4.0,1.7999999999999998,9.94,23.0,1.7214031274197623,6,3256.126923986814,873.951895816004,4130.078819802818,581.1
73,192,40,16.189083706644706,23.505208333333332,6.544270833333335,12.413333333333336,43.026041666666664,17.115104166666665,21.21913630908322,10.572916666666666,118.03835502453148,65.0,9.599999999999998,14.180000000000001,51.0,61.96460109036525,17,1.4846707811470878,4.0,1.7999999999999998,9.94,23.0,3.658011409039318,6,3108.3040716757837,848.7654523633288,3957.0695240391124,616.0
74,176,48,16.401535948122287,23.806818181818183,6.69715909090909,12.462272727272735,43.10795454545455,16.790909090909096,19.874252569390297,10.8125,68.09444514292954,65.0,9.599999999999998,14.180000000000001,51.0,69.0093811476836,18,1.507050257816445,4.0,2.1,9.94,23.5,1.6987721259683894,7,2886.6703268695223,953.9641233307343,3840.6344502002567,701.0999999999999
75,170,45,15.768065386352255,23.66470588235294,6.767058823529414,12.475411764705889,43.11470588235294,17.429999999999996,23.099462816845495,10.929411764705883,75.04954239464132,65.0,9.599999999999998,14.240000000000002,51.0,68.09444514292954,18,1.507050257816445,4.0,2.1,9.94,23.5,2.22538414443261,7,2680.5711156798834,1039.4758267580473,3720.0469424379307,550.5999999999999
76,164,35,16.662581420925402,23.146341463414632,6.862804878048781,12.510365853658543,42.88719512195122,17.32317073170731,24.589715364306603,11.158536585365853,86.30449621693697,64.0,9.599999999999998,14.240000000000002,51.0,67.09444514292954,18,1.507050257816445,4.0,2.1,9.94,23.5,1.9889709030394442,7,2732.663353031766,860.6400377507312,3593.303390782497,500.7
77,170,31,16.057313540110787,22.705882352941178,6.766470588235295,12.403764705882354,42.63235294117647,16.71588235294117,21.316844051533693,11.305882352941177,83.75303215257009,63.0,9.599999999999998,14.240000000000002,51.0,66.09444514292954,18,1.0632134776277553,3.0,2.2,9.879999999999999,23.0,1.2378308657207526,7,2729.743301818834,660.8221655975444,3390.5654674163784,485.4
78,174,28,15.484554070837147,22.32183908045977,6.686781609195401,12.359080459770118,42.11494252873563,15.88045977011495,18.183499748873214,11.505747126436782,100.469599139411,63.0,9.699999999999998,14.240000000000002,51.0,54.84168254467659,18,1.0632134776277553,3.0,2.2,9.879999999999999,23.0,1.8354757962952135,7,2694.3124083256635,509.13799296845,3203.4504012941134,479.9
79,178,24,15.287449725863105,22.691011235955056,6.681460674157305,12.419662921348321,42.2247191011236,16.259550561797756,12.859856948446208,11.589887640449438,83.75303215257009,63.0,9.699999999999998,14.240000000000002,51.0,32.326902963453904,18,1.0632134776277553,3.0,2.2,9.879999999999999,23.0,1.9693415622941757,7,2721.166051203633,308.636566762709,3029.802617966342,527.4
80,173,29,14.133189581864015,22.653179190751445,6.753179190751446,12.347514450867056,42.20809248554913,16.935260115606933,16.0964838304675,11.572254335260116,76.27772970827263,63.0,9.699999999999998,14.240000000000002,51.0,64.71746262698434,18,1.0632134776277553,3.0,2.9,9.879999999999999,23.0,1.9241656437516212,7,2445.0417976624744,466.7980310835575,2911.839828746032,659.6999999999999
81,165,24,15.792440533219384,23.175757575757576,6.7903030303030265,12.354424242424246,42.13636363636363,18.90848484848484,9.71468293611127,11.593939393939394,76.27772970827263,63.0,9.699999999999998,14.240000000000002,51.0,26.359685714312945,18,1.0632134776277553,3.0,2.9,9.879999999999999,23.0,0.9241656437516212,7,2605.7526879811985,233.15239046667048,2838.905078447869,642.0
82,161,28,14.619380376632517,22.838509316770185,6.845962732919255,12.329192546583853,42.099378881987576,19.381987577639755,12.467753009090549,11.664596273291925,76.27772970827263,63.0,9.699999999999998,14.240000000000002,51.0,34.799838151397125,18,0.9478652065052131,2.0,2.9,9.879999999999999,23.0,0.7972036107101843,7,2353.720240637835,349.0970842545354,2702.8173248923704,652.8
83,147,30,14.289459238911883,23.60544217687075,6.98979591836735,12.359863945578233,42.234693877551024,18.60136054421769,17.440678335840282,11.687074829931973,54.85588343767449,63.0,9.699999999999998,14.240000000000002,51.0,76.27772970827263,19,0.9478652065052131,2.0,2.9,9.879999999999999,23.0,1.576959918194916,7,2100.5505081200467,523.2203500752084,2623.770858195255,458.79999999999995
84,139,24,15.44425100403423,24.18705035971223,7.058273381294966,12.34618705035972,42.32374100719424,19.140287769784173,16.75330793959807,11.712230215827338,90.83150305172786,63.0,9.699999999999998,14.240000000000002,51.0,63.78822940851407,19,0.9478652065052131,2.0,2.9,9.879999999999999,23.0,0.6446040339360479,7,2146.750889560758,402.07939055035365,2548.8302801111117,460.19999999999993
85,134,22,15.512610513827616,24.261194029850746,7.137313432835821,12.355970149253736,42.3134328358209,20.150746268656718,17.824606037936604,11.723880597014926,90.83150305172786,63.0,9.699999999999998,14.240000000000002,51.0,62.78822940851407,19,0.9478652065052131,2.0,2.9,9.879999999999999,23.0,2.0200691377394833,7,2078.6898088529006,392.1413328346053,2470.831141687506,416.2
86,124,24,15.136098862474071,23.596774193548388,7.314516129032259,12.347096774193552,42.520161290322584,21.232258064516127,22.707477321322926,11.870967741935484,90.83150305172786,63.0,9.699999999999998,14.240000000000002,51.0,89.60878777806647,19,0.9478652065052131,2.0,2.9,9.879999999999999,23.0,2.132822107820516,8,1876.876258946785,544.9794557117502,2421.8557146585354,447.79999999999995
87,112,26,15.10981241448666,24.071428571428573,7.406250000000003,12.350178571428577,42.78125,21.26517857142857,25.198195733510488,11.767857142857142,63.728372162702726,63.0,9.699999999999998,14.240000000000002,51.0,90.83150305172786,19,1.185205591894828,4.0,2.9,9.879999999999999,23.0,0.9478652065052131,8,1692.298990422506,655.1530890712727,2347.452079493779,378.0
88,109,21,16.02614464148505,23.880733944954127,7.320183486238534,12.304770642201841,42.41284403669725,20.887155963302764,24.521775602070996,11.889908256880734,106.17207324063286,63.0,9.699999999999998,14.240000000000002,51.0,87.60878777806647,19,1.185205591894828,4.0,2.9,9.879999999999999,23.0,2.7914608260208524,8,1746.8497659218706,514.9572876434909,2261.8070535653615,292.9
89,111,15,16.23083534170889,24.01801801801802,7.278378378378383,12.299279279279284,42.5945945945946,21.191891891891903,24.218137418065748,11.855855855855856,68.92371168685963,63.0,9.699999999999998,14.240000000000002,51.0,106.17207324063286,19,1.185205591894828,4.0,2.9,9.879999999999999,23.0,1.7914608260208524,8,1801.6227229296867,363.2720612709862,2164.894784200673,290.0
90,101,22,17.19714772367725,23.465346534653467,7.150495049504951,12.331287128712876,42.43069306930693,20.00891089108911,16.336539396995256,11.990099009900991,126.1069105437299,63.0,9.499999999999998,14.240000000000002,51.0,44.84638239076958,19,1.185205591894828,4.0,2.9,10.180000000000001,23.0,2.2382497080111534,8,1736.9119200914022,359.40386673389565,2096.315786825298,371.7
91,99,18,17.498100534704577,23.92929292929293,7.250505050505052,12.389898989898995,42.292929292929294,20.442424242424245,13.441816098745116,12.080808080808081,68.92371168685963,63.0,9.499999999999998,14.240000000000002,51.0,29.50958875613287,19,1.185205591894828,4.0,2.9,10.180000000000001,23.0,1.2382497080111534,8,1732.3119529357532,241.9526897774121,1974.2646427131654,299.09999999999997
92,86,23,17.34536438296323,24.069767441860463,7.3999999999999995,12.474883720930231,42.43023255813954,22.41046511627907,18.892818184542822,12.244186046511627,58.73648692970892,63.0,9.499999999999998,14.240000000000002,51.5,68.61067781574093,19,1.189802497072506,5.0,2.9,10.180000000000001,23.0,1.1532560877389813,8,1491.7013369348379,434.5348182444849,1926.2361551793229,527.3
93,86,25,16.48327424584501,24.174418604651162,7.56627906976744,12.557906976744189,42.86046511627907,21.053488372093025,16.013829648322865,12.44186046511628,75.99002174559428,63.0,9.499999999999998,14.240000000000002,51.5,58.73648692970892,20,2.1234578030269233,4.0,3.0,10.180000000000001,23.0,1.189802497072506,8,1417.561585142671,400.3457412080716,1817.9073263507426,294.79999999999995
94,85,18,17.125888655917265,23.729411764705883,7.671764705882353,12.561647058823532,42.71176470588235,20.914117647058823,15.737788658629167,12.576470588235294,72.71599662205944,63.0,9.499999999999998,14.240000000000002,51.5,57.73648692970892,20,2.1234578030269233,4.0,3.0,10.180000000000001,23.0,0.18980249707250607,9,1455.7005357529674,283.280195855325,1738.9807316082924,186.1
95,77,25,14.76984654347035,23.16883116883117,7.840259740259739,12.648311688311685,42.922077922077925,18.59090909090909,21.494658350116097,12.987012987012987,36.9084247597566,62.0,9.499999999999998,14.240000000000002,51.5,72.71599662205944,20,1.601626813564203,4.0,3.0,10.180000000000001,23.0,1.168018106773408,9,1137.278183847217,537.3664587529024,1674.6446426001194,281.7
96,81,16,15.903716049570178,22.82716049382716,7.89753086419753,12.660740740740744,42.94444444444444,18.691358024691358,20.10237611152226,13.148148148148149,103.24272425799191,62.0,9.499999999999998,14.240000000000002,51.5,55.73648692970892,20,1.601626813564203,4.0,4.1,10.180000000000001,23.0,1.8985574675956425,9,1288.2010000151845,321.6380177843562,1609.8390177995407,107.3
97,81,19,14.083005728465853,21.938271604938272,7.849382716049382,12.568641975308642,43.26543209876543,17.739506172839505,21.167869465709437,13.209876543209877,103.24272425799191,41.0,9.499999999999998,14.240000000000002,51.5,54.73648692970892,20,1.601626813564203,4.0,4.1,10.180000000000001,35.0,0.8985574675956425,9,1140.723464005734,402.1895198484793,1542.9129838542133,180.8
98,84,15,13.051386700192584,21.964285714285715,7.82142857142857,12.535714285714288,43.32142857142857,17.89642857142857,24.407424024653203,13.464285714285714,51.621362128995955,41.0,9.499999999999998,14.240000000000002,51.5,53.73648692970892,21,2.271702898191414,4.0,4.1,10.180000000000001,35.0,0.14781668923001234,9,1096.316482816177,366.11136036979804,1462.4278431859752,88.39999999999999
99,80,21,11.431654147706741,21.925,7.771249999999997,12.58175,43.1875,15.75625,23.396344120553152,13.8125,33.40121277826506,41.0,9.499999999999998,14.240000000000002,51.5,52.73648692970892,21,2.271702898191414,4.0,4.1,10.180000000000001,35.0,2.31755293330324,9,914.5323318165393,491.3232265316162,1405.8555583481557,115.19999999999999
100,76,16,13.960097358206738,22.0,7.8,12.644210526315788,43.11184210526316,14.986842105263158,19.72111599561732,13.907894736842104,70.9187332994972,41.0,9.499999999999998,14.240000000000002,51.5,52.721158280390966,21,2.271702898191414,5.0,4.1,10.180000000000001,35.0,1.31755293330324,9,1060.9673992237122,315.53785592987714,1376.5052551535894,45.3
101,81,13,13.447036280203818,22.19753086419753,7.728395061728395,12.56024691358025,43.148148148148145,15.597530864197532,15.993367416500801,13.864197530864198,73.71788976780181,41.0,9.499999999999998,14.240000000000002,51.5,32.088904647156596,21,2.271702898191414,5.0,4.1,10.180000000000001,35.0,0.3175529333032401,9,1089.2099386965092,207.9137764145104,1297.1237151110197,92.99999999999999
102,84,8,13.456525199808695,21.916666666666668,7.647619047619046,12.524047619047618,43.160714285714285,16.389285714285716,14.960261031442842,13.94047619047619,52.81213614140279,41.0,9.499999999999998,14.240000000000002,51.5,31.088904647156596,21,2.271702898191414,5.0,3.9999999999999996,10.180000000000001,35.0,1.2032536271284058,9,1130.3481167839304,119.68208825154274,1250.0302050354733,40.3
103,84,13,11.373049265798196,21.345238095238095,7.541666666666667,12.447380952380954,43.154761904761905,16.80357142857143,18.832643602118484,14.226190476190476,35.4593666497486,41.0,9.499999999999998,14.240000000000002,51.5,52.81213614140279,21,2.271702898191414,5.0,3.9999999999999996,10.180000000000001,35.0,0.20325362712840578,10,955.3361383270485,244.8243668275403,1200.160505154589,250.0
104,81,11,12.412885002989306,20.555555555555557,7.429629629629629,12.41432098765432,42.7962962962963,17.528395061728396,16.274960030979056,14.54320987654321,72.07746164602827,41.0,9.499999999999998,14.240000000000002,51.5,20.75962187792811,21,1.74450297227837,5.0,3.9999999999999996,10.180000000000001,35.0,7.791292161795241,10,1005.4436852421338,179.0245603407696,1184.4682455829034,182.2
105,79,12,12.020641588509937,20.79746835443038,7.406329113924049,12.464303797468354,42.936708860759495,17.50126582278481,15.584623530044395,14.582278481012658,43.04492842538356,41.0,9.499999999999998,14.240000000000002,52.0,25.80660293327503,21,1.74450297227837,5.0,3.9999999999999996,10.180000000000001,35.0,5.463325614123619,10,949.630685492285,187.01548236053273,1136.6461678528178,116.49999999999999
106,74,12,12.736356266048162,21.027027027027028,7.291891891891891,12.358108108108109,43.13513513513514,18.875675675675677,15.179650347104461,14.594594594594595,43.04492842538356,41.0,9.499999999999998,14.240000000000002,52.0,54.22914871141654,21,1.74450297227837,5.0,3.9999999999999996,10.180000000000001,35.0,4.463325614123619,10,942.490363687564,182.15580416525353,1124.6461678528176,156.0
107,69,15,11.661899316963465,20.44927536231884,7.159420289855071,12.151884057971015,43.15217391304348,16.668115942028987,18.801187630622668,14.81159420289855,40.601823964768954,41.0,9.2,14.120000000000001,52.0,79.50285357289863,21,1.74450297227837,5.0,3.9999999999999996,10.180000000000001,35.0,3.463325614123619,10,804.6710528704791,282.01781445934,1086.688867329819,118.19999999999999
108,71,6,12.952799134421543,20.3943661971831,7.133802816901408,12.146760563380282,43.16901408450704,17.20281690140845,23.08195685809191,14.859154929577464,46.60560257214996,41.0,9.2,14.120000000000001,52.0,78.50285357289863,21,1.74450297227837,5.0,3.9999999999999996,10.180000000000001,35.0,5.100856780860653,10,919.6487385439295,138.49174114855145,1058.140479692481,8.299999999999999
109,66,11,11.256846171586664,19.606060606060606,7.066666666666667,12.20757575757576,42.97727272727273,15.431818181818182,25.774881818107996,15.348484848484848,35.4593666497486,41.0,9.2,14.120000000000001,52.0,96.05525242306567,21,1.74450297227837,5.0,3.9999999999999996,10.180000000000001,35.0,8.00121837072777,10,742.9518473247199,283.52369999918795,1026.475547323908,124.1
110,67,6,11.708270505813836,19.238805970149254,7.086567164179103,12.223582089552238,43.09701492537314,16.2865671641791,36.11214732546141,15.462686567164178,38.03878777229551,40.0,9.2,14.120000000000001,52.0,95.05525242306567,21,1.74450297227837,5.0,3.9999999999999996,10.180000000000001,35.0,8.782387958221989,10,784.454123889527,216.67288395276844,1001.1270078422954,50.599999999999994
111,70,5,11.04581306572191,19.585714285714285,7.134285714285714,12.224857142857141,43.292857142857144,16.89857142857143,38.51171743941005,15.428571428571429,34.58361201080555,40.0,9.2,14.120000000000001,52.0,94.05525242306567,21,1.74450297227837,5.0,3.9999999999999996,10.180000000000001,35.0,4.543405796382828,10,773.2069146005338,192.55858719705026,965.765501797584,72.79999999999998
112,69,6,10.659963084712823,19.333333333333332,7.0492753623188396,12.166666666666664,43.18840579710145,18.321739130434782,37.063696342379636,15.53623188405797,34.58361201080555,40.0,9.2,14.120000000000001,52.0,93.05525242306567,21,1.74450297227837,5.0,3.9999999999999996,10.180000000000001,35.0,12.716320741718107,10,735.5374528451848,222.3821780542778,957.9196308994626,116.79999999999998
113,65,8,11.239346785582256,19.4,6.941538461538459,12.100923076923076,43.323076923076925,19.135384615384613,27.347159070555918,15.615384615384615,45.36470718199759,40.0,9.2,14.120000000000001,52.0,92.05525242306567,21,1.74450297227837,5.0,4.1,10.180000000000001,35.0,2.3904609220659676,10,730.5575410628467,218.77727256444734,949.334813627294,132.6
114,64,9,10.68203669466316,19.875,6.9078124999999995,12.052812499999998,43.3515625,19.334375000000005,26.404778377509032,15.65625,38.23595178173136,40.0,9.2,14.120000000000001,52.0,91.05525242306567,21,1.74450297227837,5.0,4.1,10.180000000000001,35.0,11.894959755703212,10,683.6503484584423,237.6430053975813,921.2933538560236,73.79999999999998
115,62,8,11.624757309626286,20.29032258064516,7.009677419354838,12.134193548387096,43.33870967741935,20.095161290322583,22.864062207061593,15.612903225806452,38.23595178173136,40.0,9.299999999999999,14.120000000000001,52.0,90.05525242306567,21,1.74450297227837,5.0,4.1,10.180000000000001,35.0,2.271702898191414,10,720.7349531968298,182.91249765649275,903.6474508533225,80.59999999999998
116,64,10,10.386868481266244,20.03125,6.978124999999999,12.053437499999998,43.3515625,19.80625,20.276231266077453,15.765625,30.464979323682485,40.0,9.299999999999999,14.120000000000001,52.0,89.05525242306567,21,1.74450297227837,5.0,4.199999999999999,10.180000000000001,35.5,1.271702898191414,10,664.7595828010396,202.7623126607745,867.5218954618142,98.89999999999998
117,59,9,11.437649947407916,20.54237288135593,6.976271186440679,12.018305084745762,43.42372881355932,21.518644067796604,20.300060951638567,15.610169491525424,40.825030252812184,40.0,9.299999999999999,14.06,52.0,88.05525242306567,21,1.74450297227837,5.0,4.199999999999999,10.180000000000001,35.5,3.780921844131935,10,674.8213468970671,182.7005485647471,857.5218954618142,192.2
118,59,8,11.34943691066114,20.847457627118644,7.040677966101694,12.01423728813559,43.5,23.86610169491526,20.940669307120075,15.559322033898304,40.825030252812184,40.0,9.299999999999999,14.06,52.0,87.05525242306567,21,1.74450297227837,4.0,4.199999999999999,10.180000000000001,35.5,1.74450297227837,10,669.6167777290073,167.5253544569606,837.1421321859679,166.89999999999998
119,48,18,11.07425686094372,21.166666666666668,6.960416666666666,11.875416666666665,43.614583333333336,23.40625,16.466505088546047,15.604166666666666,30.464979323682485,40.0,9.2,14.06,52.0,86.05525242306567,21,1.1807112668403494,3.0,4.199999999999999,10.180000000000001,38.5,1.7809218441319352,10,531.5643293252986,296.39709159382886,827.9614209191275,221.39999999999998
120,47,12,11.598690459397917,20.319148936170212,6.936170212765957,11.867659574468085,43.4468085106383,24.38936170212766,21.879884302564353,15.808510638297872,35.913883236435595,40.0,9.2,14.06,52.0,95.11699474249734,21,1.1807112668403494,3.0,4.199999999999999,10.180000000000001,38.5,0.7809218441319352,10,545.138451591702,262.55861163077225,807.6970632224743,67.79999999999998
121,47,12,11.373271980581897,21.02127659574468,7.108510638297871,11.982978723404253,43.680851063829785,24.13617021276595,20.592702027718513,15.76595744680851,28.91050479121361,40.0,9.2,14.06,52.0,94.11699474249734,21,1.1807112668403494,3.0,4.1,10.180000000000001,38.5,2.8458708981212686,10,534.5437830873492,247.11242433262214,781.6562074199713,84.59999999999998
122,43,11,11.671978514762877,21.023255813953487,7.2883720930232565,12.087906976744186,43.98837209302326,25.162790697674414,24.341921025924332,15.86046511627907,28.91050479121361,40.0,9.2,14.06,52.0,93.11699474249734,21,1.1807112668403494,3.0,4.1,10.180000000000001,39.0,2.169634544337283,10,501.8950761348037,267.76113128516766,769.6562074199713,90.3
123,40,8,13.702493238873192,20.8,7.195,12.0535,43.825,24.322499999999998,25.981837462242858,15.925,45.80350106192108,40.0,9.2,14.06,52.0,92.11699474249734,21,1.1807112668403494,3.0,4.1,10.180000000000001,39.0,5.155569797411589,10,548.0997295549276,207.85469969794286,755.9544292528706,39.19999999999999
124,43,9,11.795355002734036,20.953488372093023,7.058139534883721,11.942790697674418,43.825581395348834,21.623255813953488,23.260555940985032,15.906976744186046,28.91050479121361,40.0,9.1,14.06,52.0,91.11699474249734,22,2.139002334248488,3.0,4.1,10.180000000000001,39.0,4.155569797411589,10,507.20026511756356,209.3450034688653,716.5452685864288,8.299999999999999
125,41,7,14.028787565365866,19.926829268292682,6.919512195121951,11.842439024390243,43.26829268292683,21.273170731707314,18.495665585976106,16.195121951219512,113.01874527345788,40.0,9.1,14.06,52.0,30.605602572149962,22,2.139002334248488,3.0,4.1,10.180000000000001,39.0,6.656797685369899,10,575.1802901800005,129.46965910183275,704.6499492818332,65.69999999999999
126,47,5,11.647204328844717,18.74468085106383,6.876595744680851,11.844680851063826,43.04255319148936,19.66382978723404,20.542212039139688,16.78723404255319,56.50937263672894,40.0,9.1,14.120000000000001,52.0,29.605602572149962,22,1.3508890835504368,2.0,4.1,10.180000000000001,39.0,5.656797685369899,10,547.4186034557017,102.71106019569844,650.1296636514002,70.2
127,48,3,11.680483900117352,19.1875,6.73125,11.791666666666664,43.072916666666664,19.28333333333333,18.518503055045645,16.833333333333332,56.86028889051443,41.0,9.1,14.120000000000001,52.0,25.99804391970531,22,1.3508890835504368,2.0,4.1,10.180000000000001,39.0,8.541915266740542,10,560.6632272056329,55.55550916513694,616.2187363707699,53.3
128,48,5,10.957219647962518,18.770833333333332,6.641666666666667,11.721666666666664,43.052083333333336,18.775,13.976186440291727,17.125,46.33997723316406,41.0,9.1,14.120000000000001,52.0,24.99804391970531,23,1.0587296148272374,2.0,4.1,10.180000000000001,39.0,6.8669731577871636,10,525.9465431022008,69.88093220145863,595.8274753036595,75.5
129,45,8,10.268416598284128,18.177777777777777,6.535555555555556,11.565777777777775,42.6,16.686666666666667,15.128963038647536,17.31111111111111,52.25273023806978,41.0,9.1,14.120000000000001,52.0,46.33997723316406,23,1.0587296148272374,2.0,4.1,10.180000000000001,39.0,3.433992240990766,10,462.0787469227858,121.03170430918028,583.1104512319661,70.8
130,46,4,10.608664867348114,18.58695652173913,6.676086956521738,11.669999999999998,42.81521739130435,16.863043478260867,17.558234766789383,17.304347826086957,28.430144445257216,41.0,9.1,14.120000000000001,52.0,45.33997723316406,23,1.0587296148272374,2.0,4.1,10.180000000000001,39.0,2.433992240990766,10,487.99858389801324,70.23293906715753,558.2315229651708,30.79999999999999
131,48,1,11.345865848695569,18.395833333333332,6.679166666666667,11.69958333333333,42.729166666666664,17.866666666666664,1.433992240990766,17.4375,70.46634235219895,41.0,9.1,14.120000000000001,52.0,1.433992240990766,23,1.0587296148272374,2.0,4.1,10.180000000000001,39.0,1.433992240990766,10,544.6015607373873,1.433992240990766,546.0355529783781,39.899999999999984
132,49,1,10.495457007876233,19.224489795918366,6.781632653061225,11.770612244897956,43.08163265306123,18.936734693877547,2.7017781671008736,17.306122448979593,35.233171176099475,41.0,9.1,14.120000000000001,52.0,2.7017781671008736,23,1.0587296148272374,2.0,4.1,10.180000000000001,39.0,2.7017781671008736,10,514.2773933859354,2.7017781671008736,516.9791715530363,68.69999999999999
133,47,3,9.880764614043384,19.659574468085108,6.774468085106385,11.785957446808506,43.255319148936174,19.948936170212768,14.258313966324103,17.25531914893617,28.430144445257216,41.0,9.1,14.120000000000001,52.0,25.22083654444532,23,1.0587296148272374,2.0,4.1,10.180000000000001,39.0,4.084439558435931,10,464.39593686003906,42.77494189897231,507.1708787590114,97.89999999999998
134,44,3,10.623279986369027,19.636363636363637,6.770454545454546,11.795454545454545,43.13636363636363,20.236363636363635,12.248853119591402,17.363636363636363,52.65098098970253,41.0,9.1,14.120000000000001,50.5,21.509450845144926,23,1.0587296148272374,2.0,4.1,10.180000000000001,39.0,2.1174592296544748,10,467.4243194002372,36.746559358774206,504.17087875901143,46.39999999999999
135,45,2,10.30162310551141,19.866666666666667,6.802222222222224,11.819555555555553,43.3,19.98222222222222,10.11377193462662,17.377777777777776,33.57263340466237,41.0,9.0,14.120000000000001,50.5,12.119649283974805,23,1.3508890835504368,2.0,4.1,10.180000000000001,39.0,8.107894585278434,10,463.57303974801346,20.22754386925324,483.8005836172667,8.799999999999997
136,46,1,10.049734260481006,20.152173913043477,6.834782608695653,11.843913043478256,43.44565217391305,20.652173913043477,11.119649283974805,17.347826086956523,26.325490494851266,41.0,9.0,14.120000000000001,50.5,11.119649283974805,23,1.3508890835504368,2.0,4.1,10.180000000000001,39.0,11.119649283974805,10,462.2877759821263,11.119649283974805,473.4074252661011,8.799999999999997
137,45,3,9.60835775135575,19.77777777777778,6.822222222222222,11.923999999999996,43.388888888888886,20.477777777777774,12.20529035427038,17.733333333333334,26.325490494851266,41.0,9.0,14.120000000000001,50.5,14.922429333034415,23,1.3508890835504368,2.0,4.1,10.180000000000001,39.0,10.119649283974805,11,432.3760988110088,36.61587106281114,468.9919698738199,25.199999999999996
138,42,6,9.245047249111611,19.38095238095238,6.800000000000001,11.93380952380952,43.48809523809524,20.59285714285714,12.949997568522058,17.952380952380953,26.325490494851266,41.0,9.0,14.120000000000001,50.5,25.810681064497977,23,1.3508890835504368,2.0,4.1,10.180000000000001,39.0,7.631491414555502,11,388.29198446268765,77.69998541113235,465.99196987382,35.599999999999994
139,41,6,9.548536324349989,19.609756097560975,6.8609756097561,11.958048780487802,43.59756097560975,21.524390243902438,11.416996762578405,17.902439024390244,26.325490494851266,41.0,9.0,14.120000000000001,50.5,24.810681064497977,23,1.3508890835504368,2.0,4.1,10.180000000000001,39.0,3.4334865788935818,11,391.48998929834954,68.50198057547043,459.99196987382,22.099999999999994
140,40,6,9.281028057156112,19.1,6.922500000000001,12.000999999999996,43.7125,23.4,13.791807931262605,18.025,26.325490494851266,41.0,9.0,14.120000000000001,50.5,23.810681064497977,23,1.3508890835504368,2.0,4.1,10.180000000000001,39.0,7.119649283974805,11,371.2411222862445,82.75084758757563,453.99196987382015,51.5
141,36,10,9.232815149669287,18.805555555555557,6.974999999999999,12.064999999999998,43.97222222222222,25.02222222222222,11.561062448572562,18.22222222222222,26.325490494851266,40.0,9.0,14.120000000000001,50.5,22.810681064497977,23,1.4476596522978238,2.0,4.1,10.180000000000001,39.0,1.3508890835504368,11,332.38134538809436,115.61062448572562,447.99196987382,111.5
142,31,12,10.152580801583477,19.93548387096774,6.806451612903224,11.85548387096774,44.32258064516129,24.035483870967735,10.27183041872768,17.870967741935484,41.77968491527719,40.0,9.0,14.120000000000001,50.5,21.810681064497977,23,1.4476596522978238,2.0,4.1,10.180000000000001,39.0,5.119649283974805,11,314.7300048490878,123.26196502473216,437.9919698738199,39.8
143,31,9,11.034896580646015,20.419354838709676,6.69032258064516,11.829032258064514,44.17741935483871,23.583870967741934,8.162806071663805,17.967741935483872,32.15185785999738,40.0,9.0,14.120000000000001,50.5,15.849125398819943,23,1.4476596522978238,2.0,4.1,10.180000000000001,39.0,4.119649283974805,13,342.08179400002643,73.46525464497425,415.5470486450007,0.0
144,30,11,11.094319408758848,21.3,6.906666666666665,11.962666666666665,44.35,22.399999999999995,6.114491261355877,17.766666666666666,32.15185785999738,40.0,9.1,14.120000000000001,50.5,12.6304960945102,23,1.4476596522978238,2.0,3.9999999999999996,10.180000000000001,39.0,2.1174592296544748,13,332.8295822627654,67.25940387491464,400.0889861376801,49.599999999999994
145,28,9,11.045187203020179,20.464285714285715,6.949999999999998,12.067142857142855,44.535714285714285,22.27857142857142,8.869304939235011,18.107142857142858,32.15185785999738,39.0,9.1,14.120000000000001,50.5,20.889842457638593,23,1.4476596522978238,2.0,3.9999999999999996,10.180000000000001,39.0,1.1174592296544748,14,309.265241684565,79.8237444531151,389.0889861376801,16.0
146,26,10,11.280072418366062,20.96153846153846,7.184615384615384,12.30153846153846,44.80769230769231,20.592307692307692,8.395321627731247,18.192307692307693,32.15185785999738,39.0,9.1,14.120000000000001,50.5,19.889842457638593,23,1.4476596522978238,2.0,3.9999999999999996,10.180000000000001,39.0,1.1196492839748053,14,293.2818828775176,83.95321627731248,377.2350991548301,12.699999999999998
147,27,7,11.993215370621929,20.296296296296298,7.08148148148148,12.239999999999998,44.592592592592595,20.718518518518515,5.734530317417837,18.37037037037037,50.284663555624576,39.0,9.1,14.120000000000001,50.5,16.582353816708423,23,1.4476596522978238,2.0,3.9999999999999996,10.180000000000001,39.0,0.11964928397480534,14,323.81681500679207,40.14171222192486,363.95852722871695,0.0
148,30,5,10.812352466333651,19.8,6.823333333333332,12.062666666666665,44.03333333333333,20.016666666666662,3.6879418242483277,18.6,32.15185785999738,39.0,9.1,14.120000000000001,50.5,11.316588913732161,24,0.8191429815282909,2.0,3.9999999999999996,10.120000000000001,39.0,0.5737924458019208,14,324.3705739900095,18.439709121241638,342.8102831112512,17.099999999999994
149,31,4,9.992568412284493,19.806451612903224,6.861290322580644,12.014838709677418,43.95161290322581,19.64516129032258,5.002158533599776,18.548387096774192,32.15185785999738,39.0,9.1,14.120000000000001,50.5,10.316588913732161,24,0.8191429815282909,2.0,3.9999999999999996,10.120000000000001,39.0,0.9849565594054139,14,309.7696207808193,20.008634134399102,329.77825491521844,24.999999999999996
150,26,8,10.32246444880898,20.807692307692307,7.053846153846154,12.169999999999998,44.09615384615385,16.361538461538462,7.176152835847445,18.46153846153846,32.15185785999738,39.0,9.1,14.120000000000001,50.5,17.616585588049738,24,0.8191429815282909,3.0,3.9999999999999996,10.120000000000001,39.0,1.4476596522978238,14,268.38407566903345,57.40922268677956,325.793298355813,29.299999999999997
151,25,8,10.687737974330988,21.52,7.155999999999999,12.2288,44.28,16.456000000000003,6.32498112469229,18.32,32.15185785999738,39.0,9.1,14.120000000000001,50.5,16.616585588049738,24,0.8191429815282909,3.0,3.9999999999999996,10.120000000000001,39.0,0.9224293330344153,14,267.1934493582747,50.59984899753832,317.793298355813,0.0
152,25,3,11.525157672803113,21.52,7.155999999999999,12.2288,44.28,17.456000000000003,10.247309067566908,18.32,32.15185785999738,39.0,9.1,14.120000000000001,50.5,15.616585588049738,24,0.8191429815282909,3.0,3.9999999999999996,10.120000000000001,39.0,6.125341614650983,14,288.12894182007784,30.741927202700722,318.87086902277855,0.0
153,25,3,10.907116000086374,20.08,7.159999999999999,12.249599999999997,44.28,16.856,35.05061928666579,18.72,31.402902290380922,39.0,9.1,14.120000000000001,50.5,65.0,24,0.8191429815282909,3.0,3.9999999999999996,10.120000000000001,39.0,8.0,14,272.67790000215933,105.15185785999738,377.8297578621567,0.0
154,25,5,9.920532778810248,19.16,7.015999999999998,12.249599999999997,44.06,16.68,39.21123212034901,19.12,31.402902290380922,39.0,9.1,14.120000000000001,50.5,70.0,25,0.7602777901554536,2.0,3.9999999999999996,10.120000000000001,38.5,7.0,14,248.01331947025622,196.05616060174506,444.0694800720013,20.5
155,26,5,10.361425639680501,18.53846153846154,6.915384615384614,12.189999999999998,43.86538461538461,16.923076923076923,48.03037157199948,19.307692307692307,31.402902290380922,39.0,9.1,14.120000000000001,50.5,72.0,25,0.7602777901554536,2.0,3.9999999999999996,10.120000000000001,38.5,6.0,14,269.397066631693,240.1518578599974,509.5489244916904,0.0
156,27,6,9.749335357336234,17.925925925925927,6.829629629629628,12.132592592592589,43.666666666666664,17.666666666666668,48.85864297666623,19.48148148148148,31.402902290380922,39.0,9.1,14.120000000000001,50.5,71.0,25,0.7602777901554536,2.0,3.9999999999999996,10.120000000000001,38.5,5.0,14,263.2320546480783,293.1518578599974,556.3839125080757,13.0
157,30,7,8.59493392900706,16.4,6.593333333333332,11.981333333333332,43.18333333333333,17.433333333333334,45.16455112285677,19.966666666666665,31.402902290380922,39.0,9.1,14.120000000000001,50.5,70.0,25,0.7602777901554536,2.0,3.9999999999999996,10.120000000000001,38.0,4.0,14,257.84801787021183,316.1518578599974,573.9998757302092,22.0
158,31,10,8.04826032602512,15.548387096774194,6.396774193548386,11.823870967741932,42.87096774193548,16.10322580645161,31.742129963162323,20.322580645161292,31.402902290380922,39.0,9.1,14.06,50.5,69.0,25,0.7602777901554536,1.0,4.299999999999999,10.120000000000001,38.0,1.992478279702707,14,249.49607010677872,317.42129963162324,566.9173697384019,35.199999999999996
159,30,11,7.345671043610696,15.0,6.336666666666665,11.784666666666663,42.61666666666667,17.04,30.777021675461913,20.5,26.325490494851266,39.0,9.1,14.06,50.5,68.0,25,0.7602777901554536,1.0,4.299999999999999,10.120000000000001,38.0,0.992478279702707,14,220.37013130832088,338.54723843008105,558.9173697384019,35.29999999999999
160,31,11,7.083854993882873,14.612903225806452,6.277419354838709,11.749677419354837,42.483870967741936,18.85806451612903,31.32316001367076,20.612903225806452,26.325490494851266,39.0,9.1,14.06,50.5,67.0,25,0.7602777901554536,1.0,4.299999999999999,10.120000000000001,38.0,1.0,14,219.59950481036907,344.55476015037834,564.1542649607475,44.399999999999984
161,31,8,8.922564671302228,14.612903225806452,6.277419354838709,11.749677419354837,42.483870967741936,21.25806451612903,39.81934501879729,20.612903225806452,58.54125299590367,39.0,9.1,14.06,50.5,66.0,25,0.7602777901554536,1.0,4.299999999999999,10.120000000000001,38.0,16.0,14,276.59950481036907,318.55476015037834,595.1542649607475,44.399999999999984
162,31,6,11.666924998953863,14.290322580645162,6.132258064516127,11.637419354838707,42.38709677419355,22.419354838709673,35.140712790700285,20.70967741935484,75.16274524742563,39.0,9.1,14.0,50.5,65.0,25,0.7602777901554536,1.0,4.299999999999999,10.120000000000001,38.0,5.692418884204294,14,361.6746749675698,210.8442767442017,572.5189517117715,48.999999999999986
163,35,7,8.943822473750613,15.342857142857143,6.268571428571427,11.713714285714282,42.97142857142857,20.279999999999994,29.48069033207323,20.571428571428573,37.58137262371282,39.0,9.1,14.0,50.5,64.0,26,0.7602777901554536,1.0,4.299999999999999,10.120000000000001,38.0,1.5205555803109072,14,313.03378658127144,206.3648323245126,519.398618905784,31.19999999999999
164,38,6,9.487464606293015,15.078947368421053,6.236842105263157,11.681578947368417,43.01315789473684,18.955263157894734,22.984347553402714,20.86842105263158,72.89296667265786,39.0,9.1,14.0,50.5,50.0,27,0.7602777901554536,1.0,4.299999999999999,10.120000000000001,38.0,2.0618085762145784,14,360.52365503913455,137.90608532041628,498.4297403595508,22.499999999999993
165,41,6,8.205281720347168,14.317073170731707,6.22682926829268,11.688780487804873,42.792682926829265,17.848780487804877,22.050284281464428,21.21951219512195,36.44648333632893,39.0,9.2,14.0,50.5,49.0,27,0.7602777901554536,1.0,4.299999999999999,10.120000000000001,38.0,1.4574289445848727,14,336.41655053423386,132.30170568878657,468.71825622302043,22.499999999999993
166,42,7,7.624872445846891,14.333333333333334,6.407142857142855,11.825238095238092,42.86904761904762,16.364285714285714,18.270210738323808,21.285714285714285,26.325490494851266,39.0,9.2,14.06,50.5,48.0,27,0.7602777901554536,1.0,4.299999999999999,10.120000000000001,38.0,0.8191429815282909,14,320.2446427255694,127.89147516826667,448.13611789383606,0.0
167,44,3,7.55643771106241,14.113636363636363,6.534090909090909,11.919999999999998,42.82954545454545,16.50681818181818,34.0,21.386363636363637,36.94254417185378,39.0,9.2,14.06,50.5,47.0,27,0.7602777901554536,1.0,4.299999999999999,10.120000000000001,38.0,19.0,14,332.48325928674603,102.0,434.48325928674603,0.0
168,44,4,7.31197881053345,14.681818181818182,6.618181818181818,11.969545454545454,43.09090909090909,17.55681818181818,25.130138895077728,21.25,26.325490494851266,39.0,9.2,14.06,50.5,46.0,27,0.7602777901554536,1.0,4.299999999999999,10.120000000000001,38.0,1.5205555803109072,14,321.7270676634718,100.52055558031091,422.24762324378275,49.19999999999998
169,41,5,7.926337951996696,15.365853658536585,6.6658536585365855,11.984878048780486,43.329268292682926,17.78048780487805,18.65355344238361,21.073170731707318,31.215072222628606,39.0,9.2,14.06,50.5,45.0,27,0.7602777901554536,1.0,4.299999999999999,10.120000000000001,38.0,1.822086366370032,14,324.97985603186453,93.26776721191806,418.2476232437826,39.79999999999998
170,40,4,8.319620300459173,14.95,6.629999999999998,11.959499999999997,43.175,17.404999999999998,19.968829697826855,21.25,41.15414639701243,39.0,9.2,14.06,50.5,44.0,27,0.5874924341082242,1.0,4.399999999999999,10.120000000000001,38.0,0.7602777901554536,14,332.7848120183669,79.87531879130742,412.66013080967434,21.699999999999996
171,40,4,8.023875560580255,15.675,6.722499999999999,12.018499999999996,43.4625,18.407499999999995,19.414073499263914,21.075,26.325490494851266,39.0,9.2,14.06,50.5,43.0,27,0.5874924341082242,1.0,4.399999999999999,10.120000000000001,38.0,1.5412529959036714,14,320.95502242321015,77.65629399705566,398.6113164202658,45.29999999999999
172,38,5,8.392006286310998,15.368421052631579,6.628947368421051,11.942105263157892,43.31578947368421,18.28684210526316,14.769994550835287,21.289473684210527,45.52336501665347,39.0,9.2,14.06,50.5,42.0,27,0.5874924341082242,1.0,4.399999999999999,10.120000000000001,38.0,0.7706264979518357,14,318.89623887981793,73.84997275417643,392.74621163399433,58.39999999999999
173,38,7,8.354603461127665,15.394736842105264,6.634210526315787,11.94210526315789,43.30263157894737,19.347368421052632,22.938300174293655,21.36842105263158,45.52336501665347,39.0,9.2,14.06,50.5,48.0,27,0.5874924341082242,1.0,4.399999999999999,10.120000000000001,38.0,0.8999687785233661,14,317.47493152285125,160.56810122005558,478.0430327429068,47.69999999999999
174,37,11,7.386329958185913,14.945945945945946,6.594594594594593,11.915135135135133,43.108108108108105,22.099999999999998,42.168077773773156,21.54054054054054,25.142331777812288,39.0,9.2,14.06,50.5,83.0,27,0.5874924341082242,1.0,4.399999999999999,10.120000000000001,38.0,3.0,14,273.29420845287876,463.8488555115047,737.1430639643835,102.09999999999997
175,36,12,8.743510329202076,15.36111111111111,6.649999999999998,11.953888888888887,43.25,23.97222222222222,34.2343629047436,21.5,53.7223801770401,39.0,9.2,14.06,50.5,82.0,27,0.5643372561854836,2.0,4.399999999999999,10.120000000000001,38.0,0.7706264979518357,14,314.76637185127476,410.81235485692315,725.5787267081979,95.79999999999995
176,33,12,11.193703966758113,17.181818181818183,6.818181818181816,12.041212121212117,43.89393939393939,23.56060606060606,27.582106188580696,21.060606060606062,53.808292794024865,39.0,9.2,14.06,50.5,81.0,27,0.5643372561854836,2.0,4.399999999999999,10.120000000000001,38.5,1.0,14,369.3922309030177,330.98527426296835,700.3775051659861,50.299999999999976
177,32,11,11.491679838285838,19.4375,7.121874999999997,12.224999999999998,44.6875,22.237499999999997,26.73398719280468,20.4375,39.571165888906144,39.0,9.2,14.06,50.5,80.0,27,0.5643372561854836,2.0,4.399999999999999,10.120000000000001,38.5,0.5412529959036714,14,367.73375482514683,294.07385912085147,661.8076139459984,40.999999999999986
178,33,8,12.605048245713633,19.151515151515152,6.942424242424239,12.08242424242424,44.18181818181818,21.172727272727276,28.09278378640716,20.666666666666668,104.14233177781229,39.0,9.2,14.06,50.5,64.0,27,0.6647070780609948,2.0,4.399999999999999,10.06,38.5,0.8294141561219897,14,415.9665921085499,224.74227029125728,640.7088623998072,16.2
179,33,10,12.32879217808403,20.21212121212121,6.945454545454543,12.066666666666665,44.196969696969695,22.175757575757576,32.999372342245906,20.303030303030305,52.071165888906144,39.0,9.2,14.06,50.5,68.0,27,0.6647070780609948,2.0,4.399999999999999,10.06,38.5,2.406357782175087,14,406.85014187677297,329.9937234224591,736.843865299232,50.19999999999999
180,32,17,10.487374065827225,20.15625,6.790624999999997,12.023124999999999,43.890625,20.090625,38.88763659329886,20.5,26.904146397012433,39.0,9.2,14.06,51.0,93.0,27,0.6647070780609948,2.0,4.399999999999999,10.06,38.5,1.7077739656999196,14,335.5959701064712,661.0898220860806,996.6857921925518,33.599999999999994
181,33,26,15.903230242873509,19.636363636363637,6.715151515151512,11.98121212121212,43.78787878787879,20.36060606060606,38.26866907542528,20.696969696969695,118.03558294445307,39.0,9.2,14.06,51.0,91.0,27,0.6647070780609948,2.0,4.299999999999999,10.06,38.5,0.7077739656999196,14,524.8065980148258,994.9853959610573,1519.791993975883,0.0
182,35,47,15.378775241458815,18.942857142857143,6.491428571428568,11.822285714285712,43.285714285714285,18.597142857142856,42.89016651400139,21.085714285714285,66.11162083408223,40.0,9.2,14.06,51.0,95.0,28,0.6647070780609948,2.0,4.299999999999999,10.06,38.5,1.0,14,538.2571334510585,2015.8378261580654,2554.094959609124,0.0
183,42,75,12.51576891185629,17.88095238095238,6.354761904761902,11.737619047619045,43.04761904761905,16.16428571428571,46.86666666666667,21.666666666666668,33.055810417041116,40.0,9.2,14.06,51.0,97.0,29,0.6647070780609948,1.0,4.299999999999999,10.06,38.5,1.0,14,525.6622942979642,3515.0,4040.6622942979643,0.0
184,49,126,12.563205259948322,16.142857142857142,6.369387755102039,11.770612244897961,42.826530612244895,13.787755102040814,47.76136946343758,22.448979591836736,65.90414639701243,40.0,9.2,14.06,51.0,99.0,30,0.6647070780609948,1.0,4.299999999999999,10.06,38.5,0.9325523931357077,14,615.5970577374678,6017.932552393136,6633.529610130603,4.299999999999999
185,53,189,18.77445786131934,15.339622641509434,6.550943396226413,11.925283018867924,42.971698113207545,12.705660377358493,50.33097774041199,22.754716981132077,95.89279147222653,40.0,9.2,14.06,51.0,98.0,30,0.6647070780609948,1.0,4.299999999999999,10.06,38.5,1.0,14,995.0462666499251,9512.554792937866,10507.60105958779,44.499999999999986
186,64,258,19.169368683063787,17.6875,6.706250000000001,11.996875000000003,43.421875,10.965625000000001,51.28233484252405,22.140625,81.11781802148172,40.0,9.2,14.06,51.0,97.0,30,0.2613855745236758,1.0,4.299999999999999,10.06,38.0,1.0,14,1226.8395957160824,13230.842389371206,14457.681985087289,75.89999999999998
187,71,301,23.365765422053823,18.661971830985916,6.733802816901407,11.998028169014086,43.36619718309859,10.659154929577463,51.20359272416683,21.971830985915492,134.50889573611326,40.0,9.2,14.06,51.0,98.0,30,0.5227711490473516,1.0,4.299999999999999,10.06,38.0,1.0,14,1658.9693449658214,15412.281409974215,17071.250754940036,160.99999999999997
188,87,289,23.97486023094354,18.448275862068964,6.83448275862069,12.073103448275866,43.258620689655174,10.264367816091953,50.10973022288132,22.28735632183908,119.86119008852005,40.0,9.299999999999999,14.06,51.0,97.0,31,0.5227711490473516,1.0,4.299999999999999,10.06,38.0,1.0,14,2085.812840092088,14481.712034412702,16567.52487450479,178.29999999999995
189,101,327,23.96146483651322,19.88118811881188,6.911881188118817,12.11069306930693,43.50990099009901,9.036633663366336,48.893732967887885,22.06930693069307,121.12722393402831,41.0,9.299999999999999,14.06,51.0,98.0,32,0.777370123366107,1.0,4.299999999999999,10.0,37.5,0.6647070780609948,14,2420.107948487835,15988.250680499339,18408.358628987175,181.79999999999995
190,125,436,24.88140135546655,20.032,6.778400000000004,11.999360000000003,43.412,8.9176,47.2916445872796,22.264,120.62722393402831,41.0,9.299999999999999,14.06,51.0,99.0,32,0.777370123366107,1.0,4.299999999999999,10.0,37.5,0.045542298094703115,14,3110.175169433319,20619.157040053906,23729.332209487224,280.59999999999997
191,142,404,28.60249075533715,19.950704225352112,6.801408450704228,12.027464788732397,43.40492957746479,9.052112676056334,46.79727639050563,22.3943661971831,110.28606707490664,42.0,9.299999999999999,14.120000000000001,51.5,99.39426829962656,32,0.9057005659274534,1.0,4.299999999999999,10.0,37.5,0.6759591496019325,14,4061.5536872578755,18906.099661764274,22967.653349022148,342.49999999999994
192,190,382,21.89095470790435,19.736842105263158,6.7852631578947395,12.0181052631579,43.26578947368421,9.075263157894737,46.61630738783108,22.74736842105263,110.28606707490664,42.0,9.399999999999999,14.120000000000001,51.5,98.39426829962656,33,0.33797957480096624,1.0,4.299999999999999,10.0,37.5,1.0,14,4159.281394501826,17807.429422151472,21966.7108166533,462.99999999999994
193,222,358,23.129019015172258,19.0,6.749549549549553,12.006846846846852,43.159909909909906,7.9797297297297245,44.75245224748655,23.324324324324323,116.01590299175353,42.0,9.399999999999999,14.120000000000001,51.5,97.39426829962656,34,0.6759591496019325,1.0,4.299999999999999,9.94,37.5,1.0,15,5134.642221368241,16021.377904600186,21156.020125968425,733.9999999999999
194,268,335,21.52325125455001,19.17910447761194,6.619029850746271,11.902462686567175,43.026119402985074,8.199999999999998,44.80133956346614,23.529850746268657,114.94355183707988,42.0,9.499999999999998,14.06,52.0,96.0,34,0.6759591496019325,1.0,4.299999999999999,9.94,37.0,1.0,15,5768.231336219403,15008.448753761159,20776.68008998056,676.6999999999999
195,305,308,20.972239767638367,18.82950819672131,6.580655737704918,11.880721311475424,43.040983606557376,9.38459016393442,44.14610819152305,23.885245901639344,114.94355183707988,42.0,9.599999999999998,14.06,52.0,93.0,34,0.6759591496019325,1.0,4.299999999999999,9.94,37.0,0.09108459618940623,15,6396.5331291297025,13597.0013229891,19993.5344521188,1124.1999999999998
196,337,275,22.25171171372473,18.59940652818991,6.605637982195843,11.897329376854614,43.00890207715133,11.426112759643912,42.7753260570699,24.12759643916914,110.97313380107667,42.0,9.599999999999998,14.120000000000001,52.0,92.0,34,0.6759591496019325,1.0,4.199999999999999,9.94,37.0,1.0,15,7498.826847525234,11763.214665694222,19262.041513219458,1414.4999999999995
197,372,262,20.09784510215952,17.637096774193548,6.6965053763440805,11.977849462365604,43.06182795698925,12.58225806451612,41.79285153278167,24.6747311827957,117.89626703183873,41.0,9.599999999999998,14.120000000000001,52.0,90.81082486675353,35,0.4850865984077297,1.0,4.199999999999999,9.94,37.0,1.0,15,7476.398378003341,10949.727101588796,18426.125479592138,1695.2999999999995
198,400,260,18.41458970802945,16.615,6.637749999999993,11.945800000000006,42.9325,12.246999999999996,39.60722851911892,25.3925,105.32045149587677,41.0,9.599999999999998,14.180000000000001,52.0,110.28606707490664,35,0.5786355187002415,1.0,4.199999999999999,9.879999999999999,37.0,0.7038365984077299,15,7365.835883211779,10297.87941497092,17663.7152981827,1832.3999999999996
199,442,229,18.07978097279839,16.751131221719458,6.630995475113119,11.93773755656109,42.81561085972851,12.598642533936644,38.71790954302973,25.56108597285068,131.85677010584422,41.0,9.599999999999998,14.180000000000001,52.0,99.29398978740048,36,0.2893177593501208,1.0,4.199999999999999,9.879999999999999,37.0,0.2929104945250302,15,7991.263189976888,8866.401285353808,16857.664475330697,1490.6999999999996
200,465,202,18.296996649929447,16.63010752688172,6.61741935483871,11.925075268817205,42.78387096774193,13.95247311827957,37.760332514474214,25.78494623655914,131.85677010584422,41.0,9.599999999999998,14.180000000000001,52.0,85.0,37,0.2569054778166672,1.0,4.199999999999999,9.879999999999999,37.0,0.4764459890500604,15,8508.103442217192,7627.587167923791,16135.690610140984,2116.0999999999995
201,498,199,15.943510100545293,16.198795180722893,6.518674698795173,11.855903614457839,42.77710843373494,14.047188755020082,36.69237334522214,26.2570281124498,131.85677010584422,41.0,9.599999999999998,14.180000000000001,52.0,85.81583590104248,37,0.2569054778166672,1.0,4.1,9.879999999999999,36.5,1.157271037400483,15,7939.868030071556,7301.782295699205,15241.65032577076,2337.8999999999996
202,516,187,16.17163641441562,15.550387596899224,6.528294573643402,11.871550387596894,42.66957364341085,14.506201550387601,33.4614303346872,26.643410852713178,121.6242948293052,41.0,9.699999999999998,14.240000000000002,52.0,131.85677010584422,37,0.2569054778166672,1.0,4.1,9.879999999999999,36.5,0.40796063271038174,15,8344.56438983846,6257.287472586507,14601.851862424966,2458.899999999999
203,534,182,15.010961498923855,15.249063670411985,6.4305243445692835,11.803520599250932,42.43632958801498,14.873782771535579,32.3481282147709,26.98501872659176,121.6242948293052,41.0,9.699999999999998,14.240000000000002,52.0,130.85677010584422,38,0.2569054778166672,1.0,4.1,9.879999999999999,36.5,0.05606218085626513,15,8015.853440425339,5887.359335088305,13903.212775513643,2516.6999999999994
204,529,165,16.294566346526366,14.814744801512287,6.403024574669188,11.78725897920605,42.43005671077505,15.942533081285463,28.94557592575657,27.313799621928165,115.28551352014536,41.0,9.699999999999998,14.240000000000002,52.0,133.98193498202477,38,0.2569054778166672,1.0,4.1,9.879999999999999,36.5,0.2302025564612844,15,8619.825597312447,4776.020027749834,13395.84562506228,2524.1999999999994
205,540,168,15.784326272059445,15.025925925925925,6.392592592592588,11.771925925925935,42.29351851851852,15.633888888888887,24.446307256556082,27.475925925925925,155.8062136401714,41.0,9.699999999999998,14.240000000000002,52.0,153.0920036095165,38,0.2569054778166672,1.0,4.1,9.879999999999999,36.5,0.09924872342506053,16,8523.5361869121,4106.979619101422,12630.515806013522,2662.499999999999
206,547,156,15.44278607225836,14.80255941499086,6.389579524680065,11.787787934186465,42.24314442413163,15.853016453382088,22.42168800308851,27.775137111517367,121.56724103342802,41.0,9.699999999999998,14.240000000000002,52.0,152.0920036095165,38,0.3005482281001208,1.0,4.1,9.819999999999999,36.5,0.2569054778166672,16,8447.203981525323,3497.7833284818075,11944.98731000713,2431.0999999999995
207,552,144,14.569741582155443,13.909420289855072,6.364311594202895,11.775217391304352,42.08242753623188,16.352898550724635,23.080932380997677,28.347826086956523,108.08715797082804,41.0,9.699999999999998,14.240000000000002,52.0,151.0920036095165,38,0.2997326514505435,1.0,3.9999999999999996,9.819999999999999,36.5,0.04962436171253026,16,8042.497353349804,3323.6542628636653,11366.151616213469,2610.5999999999995
208,571,123,14.020208379555088,13.982486865148863,6.431348511383534,11.828616462346755,42.10245183887916,16.973905429071802,21.9448199661924,28.48511383537653,185.98604388474453,41.0,9.699999999999998,14.300000000000002,52.0,103.65056436984597,38,0.2997326514505435,1.0,3.9999999999999996,9.819999999999999,36.0,0.007007772607033225,16,8005.538984725955,2699.2128558416653,10704.75184056762,2705.7999999999993
209,568,109,13.961663171908645,13.767605633802816,6.392957746478871,11.80658450704225,42.120598591549296,17.267429577464785,20.56940486892316,28.788732394366196,138.75892919893855,41.0,9.699999999999998,14.300000000000002,52.0,102.65056436984597,38,0.2997326514505435,1.0,3.9999999999999996,9.819999999999999,36.0,0.2997326514505435,17,7930.22468164411,2242.0651307126245,10172.289812356736,2672.0999999999995
210,557,118,12.471586181304685,13.07899461400359,6.245601436265709,11.701508078994614,41.9802513464991,17.92854578096947,23.154095571780807,29.26391382405745,116.0319497044288,41.0,9.699999999999998,14.300000000000002,52.0,116.7482498015298,39,0.2997326514505435,1.0,3.9999999999999996,9.819999999999999,36.0,0.17164197810012083,17,6946.6735029867095,2732.183277470135,9678.856780456845,3036.2999999999993
211,537,142,11.816669294417496,12.38733705772812,6.225884543761643,11.695381750465554,41.977653631284916,17.213407821229055,20.32518943872359,29.748603351955307,96.49238215538286,41.0,9.699999999999998,14.300000000000002,52.0,116.0319497044288,39,0.2997326514505435,1.0,3.9999999999999996,9.819999999999999,36.0,0.19893060580217403,17,6345.551411102195,2886.17690029875,9231.728311400944,2670.2999999999993
212,541,112,12.477104137434857,12.484288354898336,6.241774491682072,11.705582255083177,41.91127541589649,17.59242144177448,18.00571269265399,29.88170055452865,133.4036670524956,41.0,9.699999999999998,14.300000000000002,52.0,115.0319497044288,39,0.2997326514505435,1.0,3.9999999999999996,9.819999999999999,36.0,0.033214436863770125,17,6750.113338352257,2016.6398215772467,8766.753159929503,2153.1999999999994
213,526,120,11.89674090925487,12.370722433460076,6.309695817490493,11.760646387832711,41.94106463878327,18.076045627376427,17.09362465233848,30.062737642585553,96.49238215538286,41.0,9.699999999999998,14.300000000000002,52.0,114.0319497044288,39,0.2997326514505435,1.0,3.9999999999999996,9.879999999999999,36.0,0.019845618047332536,18,6257.6857182680615,2051.234958280618,8308.92067654868,2659.399999999999
214,504,128,11.330173762350183,12.069444444444445,6.301984126984122,11.755079365079375,41.87698412698413,18.27539682539682,17.454075820836,30.35515873015873,97.5667100605857,41.0,9.699999999999998,14.300000000000002,52.0,113.0319497044288,40,0.2997326514505435,1.0,3.9999999999999996,9.879999999999999,36.0,0.22560089301587039,18,5710.407576224492,2234.121705067008,7944.5292812914995,2507.9999999999995
215,488,125,11.788492314580571,12.073770491803279,6.373360655737706,11.81434426229509,41.96516393442623,18.103688524590176,14.685439632059031,30.44877049180328,133.07121718017862,41.0,9.799999999999997,14.300000000000002,52.0,84.70128809487287,40,0.2997326514505435,1.0,3.9999999999999996,9.879999999999999,36.0,0.1781122825699868,18,5752.784249515319,1835.679954007379,7588.464203522698,2216.4999999999995
216,470,128,11.58883553838747,11.927659574468086,6.324042553191493,11.778808510638312,41.94893617021277,17.936808510638294,13.509490775038103,30.685106382978724,133.07121718017862,41.0,9.799999999999997,14.300000000000002,52.0,79.06536847812103,40,0.2997326514505435,1.0,3.9999999999999996,9.879999999999999,36.0,0.031242256825244175,18,5446.752703042111,1729.2148192048771,7175.967522246988,2173.899999999999
217,474,96,10.878172836907742,11.49367088607595,6.2797468354430475,11.75620253164558,41.90611814345991,18.36455696202531,16.840515790706604,31.023206751054854,133.07121718017862,41.0,9.799999999999997,14.300000000000002,52.5,97.5667100605857,40,0.2997326514505435,1.0,3.9999999999999996,9.879999999999999,36.0,0.0036058918161989695,18,5156.25392469427,1616.689515907834,6772.943440602104,2169.8999999999996
218,467,114,9.652758647618954,11.314775160599572,6.2372591006424045,11.735717344753779,41.8254817987152,18.10706638115631,16.98870448394085,31.280513918629552,107.96633267882068,41.0,9.799999999999997,14.300000000000002,52.5,133.07121718017862,40,0.2997326514505435,1.0,3.9999999999999996,9.879999999999999,36.0,0.2265586284126222,18,4507.838288438052,1936.712311169257,6444.550599607309,2192.0999999999995
219,451,110,9.692771809015156,10.855875831485587,6.274501108647456,11.776674057649675,41.8569844789357,17.52705099778271,16.20109009801336,31.631929046563194,134.70112561464734,41.0,9.799999999999997,14.300000000000002,52.5,107.96633267882068,40,0.28209343273732035,1.0,3.9999999999999996,9.879999999999999,36.0,0.07421272174541071,18,4371.4400858658355,1782.1199107814696,6153.5599966473055,1888.6999999999996
220,445,95,9.759999334933589,10.523595505617978,6.2557303370786554,11.75667415730338,41.742696629213484,18.470561797752808,15.851976955269086,31.961797752808987,80.33203374506303,41.0,9.799999999999997,14.300000000000002,52.5,106.96633267882068,41,0.27420476659917864,1.0,3.9999999999999996,9.879999999999999,36.0,0.0523105092217071,19,4343.199704045447,1505.9378107505631,5849.13751479601,2079.4999999999995
221,420,108,9.409861092949514,10.523809523809524,6.348333333333338,11.815666666666676,41.647619047619045,17.97785714285715,14.618537116687412,32.06428571428572,98.41327700023734,41.0,9.799999999999997,14.300000000000002,52.5,105.96633267882068,41,0.27420476659917864,1.0,3.9999999999999996,9.94,36.0,0.05459935366314994,19,3952.1416590387958,1578.8020086022404,5530.943667641036,2160.7999999999993
222,411,94,9.523690363148873,10.586374695863746,6.438929440389292,11.883065693430671,41.73479318734793,18.04379562043797,13.808639024055603,32.197080291970806,128.02423007793038,41.0,9.799999999999997,14.360000000000003,52.5,79.33203374506303,41,0.27420476659917864,1.0,3.9999999999999996,9.94,36.0,0.2711469932115349,19,3914.2367392541864,1298.0120682612267,5212.248807515413,1741.7999999999995
223,408,93,8.942851298766167,10.088235294117647,6.341421568627454,11.822058823529419,41.69975490196079,17.70906862745099,13.449484557573271,32.620098039215684,79.92770494329665,41.0,9.799999999999997,14.360000000000003,52.5,128.02423007793038,41,0.27420476659917864,1.0,3.9999999999999996,9.94,36.0,0.17611090948646835,19,3648.683329896596,1250.8020638543142,4899.485393750911,1649.4999999999995
224,413,75,8.338705262200907,9.782082324455207,6.253995157384991,11.760871670702178,41.70096852300242,17.333656174334156,15.377579416712697,32.96125907990315,72.20630404086563,41.0,9.799999999999997,14.360000000000003,52.5,127.02423007793038,41,0.28209343273732035,1.0,3.9999999999999996,9.94,36.0,0.2456316799931464,20,3443.885273288975,1153.3184562534523,4597.203729542427,1416.7999999999997
225,409,80,8.26964883199087,9.533007334963326,6.197066014669928,11.728948655256731,41.641809290953546,17.04621026894867,12.338471439387087,33.349633251833744,132.37555991526497,41.0,9.799999999999997,14.360000000000003,52.5,66.62259392765729,42,0.2997326514505435,1.0,3.9999999999999996,9.94,36.0,0.15422343823176754,20,3382.286372284266,987.0777151509669,4369.364087435233,1612.8999999999996
226,401,70,8.033586355599864,9.097256857855362,6.104987531172066,11.673167082294277,41.5498753117207,17.204987531172076,13.687833802617359,33.733167082294266,132.37555991526497,41.0,9.799999999999997,14.360000000000003,52.5,81.70928477495839,42,0.28090108412996817,1.0,3.9999999999999996,9.94,36.0,0.07279580617455861,20,3221.4681285955457,958.1483661832151,4179.616494778761,1404.9999999999995
227,393,68,7.712267864721584,8.964376590330788,6.031043256997457,11.620458015267195,41.43002544529262,17.048346055979643,13.709254902344028,33.969465648854964,85.85289589909164,41.0,9.799999999999997,14.360000000000003,52.5,132.37555991526497,42,0.28090108412996817,1.0,3.9999999999999996,9.94,36.0,0.2630881359661081,20,3030.9212708355826,932.2293333593939,3963.1506041949765,1374.8999999999996
228,388,67,7.56637831631914,8.474226804123711,5.939175257731962,11.569845360824752,41.27577319587629,16.278350515463927,12.269292450775719,34.40979381443299,137.1400342650424,41.0,9.799999999999997,14.360000000000003,52.5,82.55572428251095,42,0.25905421258405004,1.0,3.9999999999999996,9.979999999999992,35.5,0.29021560702903315,20,2935.7547867318262,822.0425942019732,3757.7973809337996,1359.0999999999997
229,382,74,6.324526095629665,7.963350785340314,5.895549738219894,11.54026178010472,41.20026178010471,16.414397905759163,15.456101655074134,34.89267015706806,62.80028838384157,41.0,9.799999999999997,14.360000000000003,52.5,137.1400342650424,42,0.25905421258405004,1.0,3.9999999999999996,9.979999999999992,35.5,0.08680835830858258,20,2415.968968530532,1143.751522475486,3559.720491006018,1417.8999999999996
230,372,75,6.995837933731286,7.723118279569892,5.889516129032258,11.544247311827961,41.04838709677419,17.368010752688175,10.982511987713588,35.0994623655914,139.42478266975922,41.0,9.799999999999997,14.360000000000003,52.5,80.55572428251095,43,0.25905421258405004,1.0,3.9999999999999996,9.979999999999992,35.5,0.09196395057489326,20,2602.4517113480383,823.6883990785191,3426.1401104265574,1516.5999999999997
231,358,68,6.406063513163273,7.38268156424581,5.903910614525139,11.550670391061459,41.03072625698324,17.65698324022345,13.607606217270028,35.41899441340782,69.71239133487961,40.0,9.899999999999997,14.360000000000003,52.5,79.55572428251095,43,0.25905421258405004,1.0,3.9999999999999996,9.979999999999992,35.5,0.5618021682599363,21,2293.370737712452,925.3172227743619,3218.6879604868136,1358.7999999999997
232,358,55,7.115770494230039,7.351955307262569,6.068156424581,11.666201117318444,41.074022346368714,17.93212290502793,8.656334796573178,35.42458100558659,107.60174573214525,40.0,9.899999999999997,14.360000000000003,52.5,41.56912505234604,43,0.25905421258405004,1.0,3.9999999999999996,9.979999999999992,35.5,0.11452838067403537,21,2547.445836934354,476.0984138115248,3023.5442507458783,1047.2999999999997
233,356,53,6.393883736083746,7.140449438202247,6.1542134831460675,11.726348314606744,41.04073033707865,17.496629213483143,10.467117032445548,35.60674157303371,107.60174573214525,40.0,9.899999999999997,14.360000000000003,52.5,65.5455288311725,43,0.25905421258405004,1.0,3.9999999999999996,9.979999999999992,35.5,0.022409448651517394,22,2276.2226100458133,554.757202719614,2830.9798127654276,1086.6999999999996
234,346,60,5.607336673534548,7.1531791907514455,6.282080924855486,11.820289017341043,41.104046242774565,16.77630057803468,12.279476302007762,35.66184971098266,73.26605129049477,40.0,9.899999999999997,14.420000000000003,52.5,107.60174573214525,43,0.25905421258405004,1.0,3.9999999999999996,9.979999999999992,35.5,0.3027472083827276,22,1940.1384890429538,736.7685781204657,2676.9070671634195,1110.5999999999997
235,337,56,5.92805432456342,7.195845697329377,6.265875370919876,11.81388724035609,41.06528189910979,17.37151335311572,9.156809392065067,35.774480712166174,121.1247564569624,36.0,9.899999999999997,14.420000000000003,52.5,42.82406002702747,44,0.25905421258405004,1.0,3.9999999999999996,9.979999999999992,36.5,0.03481731827511192,22,1997.7543073778727,512.7813259556438,2510.5356333335167,1098.9999999999998
236,328,59,5.739616977993321,7.454268292682927,6.24024390243902,11.780060975609759,41.19969512195122,17.74664634146342,7.5483566703190474,35.823170731707314,60.5623782284812,36.0,9.899999999999997,14.420000000000003,52.5,41.82406002702747,44,0.25905421258405004,1.0,3.9999999999999996,9.979999999999992,36.5,0.5862756639082436,22,1882.5943687818092,445.3530435488238,2327.947412330633,1265.6999999999998
237,313,65,5.500122921254073,7.156549520766773,6.064536741214058,11.646709265175737,41.07827476038339,16.809904153354637,7.400995436659372,36.22044728434505,60.5623782284812,36.0,9.899999999999997,14.420000000000003,52.5,49.19689524996697,44,0.25905421258405004,1.0,3.9999999999999996,9.919999999999991,36.5,0.01538694235571425,22,1721.5384743525249,481.0647033828592,2202.603177735384,955.6999999999998
238,318,40,5.79707185678661,7.078616352201258,6.070125786163517,11.651257861635228,41.03616352201258,17.121383647798734,5.949298918108414,36.31761006289308,60.5623782284812,36.0,9.899999999999997,14.420000000000003,52.5,26.473901551109435,44,0.25905421258405004,1.0,3.9999999999999996,9.919999999999991,36.5,0.6314262263978518,22,1843.468850458142,237.97195672433656,2081.4408071824787,590.0999999999998
239,321,47,4.979387534310422,6.928348909657321,6.147663551401867,11.70168224299066,40.9595015576324,17.446728971962617,7.465061493183231,36.46417445482866,41.87321174019152,37.0,9.899999999999997,14.420000000000003,52.5,46.87385137355031,44,0.25905421258405004,1.0,3.9999999999999996,9.919999999999991,36.5,0.25434989932940644,23,1598.3833985136453,350.85789017961184,1949.241288693257,1046.2999999999997
240,303,48,4.870673106264072,6.973597359735973,6.204290429042903,11.737557755775581,40.9042904290429,18.062046204620458,8.023538323551344,36.462046204620464,37.627291133109956,37.0,9.899999999999997,14.420000000000003,52.5,45.87385137355031,44,0.2838681224580122,1.0,3.9999999999999996,9.919999999999991,36.5,0.25905421258405004,23,1475.813951198014,385.1298395304645,1860.9437907284785,1062.8999999999996
241,275,59,5.1542947727891075,6.967272727272727,6.132363636363635,11.690181818181822,40.90181818181818,18.87527272727273,6.3163766701101745,36.57090909090909,44.4217836713609,37.0,9.899999999999997,14.420000000000003,52.5,44.87385137355031,44,0.2838681224580122,1.0,3.9999999999999996,9.919999999999991,36.5,0.389331130314035,23,1417.4310625170046,372.6662235365003,1790.0972860535048,1166.7999999999997
242,266,39,5.48922116905711,6.969924812030075,6.093609022556388,11.654887218045118,40.93984962406015,20.87443609022555,6.283128608545092,36.82330827067669,74.15154766312399,37.0,9.899999999999997,14.420000000000003,52.5,42.36611029867231,44,0.25983744626021743,1.0,3.9999999999999996,9.919999999999991,36.5,0.320403175394411,23,1460.1328309691912,245.0420157332586,1705.17484670245,962.5999999999998
243,241,49,4.819411474328238,6.912863070539419,6.025311203319503,11.612199170124493,40.939834024896264,21.275518672199162,9.516253259595087,36.92946058091286,38.11408818430782,37.0,9.899999999999997,14.420000000000003,52.5,74.15154766312399,45,0.25983744626021743,1.0,3.9999999999999996,9.919999999999991,36.5,0.1864323593008237,23,1161.4781653131054,466.2964097201593,1627.7745750332647,1236.9999999999998
244,227,41,5.189916779426326,6.797356828193832,5.957268722466959,11.553039647577098,40.8568281938326,21.99383259911894,9.213671615422983,37.15418502202643,40.75675795010366,37.0,9.899999999999997,14.420000000000003,52.5,73.15154766312399,45,0.2838681224580122,1.0,3.9999999999999996,9.919999999999991,36.5,0.2814944954363703,23,1178.111108929776,377.7605362323423,1555.8716451621183,807.4999999999998
245,210,57,4.498714728111573,6.347619047619047,5.9238095238095205,11.535142857142851,40.61666666666667,20.90857142857143,9.174007779172388,37.41904761904762,38.240642793322145,37.0,9.899999999999997,14.300000000000002,52.0,72.15154766312399,45,0.2838681224580122,1.0,3.9999999999999996,9.919999999999991,36.5,0.6145332611471728,23,944.7300929034304,522.9184434128262,1467.6485363162565,851.0999999999998
246,190,61,6.1062327378357075,6.536842105263158,5.887368421052629,11.498000000000005,40.7,20.363684210526316,3.8066054772143043,37.57368421052632,73.30976953865161,37.0,9.899999999999997,14.300000000000002,52.0,38.36611029867231,45,0.2838681224580122,1.0,3.9999999999999996,9.919999999999991,36.5,0.22615425597101702,23,1160.1842201887844,232.20293411007256,1392.387154298857,624.1999999999998
247,177,49,4.998860068940962,6.242937853107344,5.678531073446328,11.348022598870054,40.48870056497175,20.031073446327692,8.790715876444125,37.96045197740113,70.93096469356527,37.0,9.899999999999997,14.300000000000002,52.0,73.30976953865161,45,0.28195348461627556,1.0,3.9999999999999996,9.919999999999991,36.5,0.1872471285520998,24,884.7982322025503,430.74507794576215,1315.5433101483125,672.5999999999999
248,166,41,6.254955976893888,6.373493975903615,5.64397590361446,11.313614457831324,40.454819277108435,20.267469879518075,4.787846862154913,38.024096385542165,82.26512873965733,37.0,9.899999999999997,14.300000000000002,52.0,36.36611029867231,45,0.28195348461627556,1.0,3.9999999999999996,9.919999999999991,36.5,0.12913166457219205,24,1038.3226921643854,196.30172134835144,1234.624413512737,576.9999999999999
249,153,43,5.185373319586458,6.4183006535947715,5.656209150326799,11.330326797385615,40.47712418300654,19.479084967320258,7.885326351047725,38.1764705882353,44.05541200221113,37.0,9.899999999999997,14.300000000000002,52.0,82.26512873965733,45,0.28142537294544023,1.0,3.8999999999999995,9.919999999999991,36.5,0.14709099250210445,24,793.3621178967281,339.0690330950522,1132.4311509917802,555.8999999999999
250,156,32,4.6177199835881675,6.128205128205129,5.646794871794871,11.358076923076922,40.31730769230769,18.16538461538462,9.98859772625523,38.28846153846154,33.637797459595745,38.0,9.699999999999998,14.300000000000002,52.5,81.26512873965733,45,0.28142537294544023,1.0,3.8999999999999995,9.979999999999992,36.5,0.20482978212884562,24,720.3643174397541,319.6351272401674,1039.9994446799215,306.7999999999999
251,157,27,4.298639366690522,5.8471337579617835,5.6439490445859875,11.35643312101911,40.28343949044586,16.95477707006369,11.194424429136133,38.47770700636943,52.198223520173954,38.0,9.699999999999998,14.300000000000002,52.5,80.26512873965733,44,0.28142537294544023,1.0,3.8999999999999995,9.979999999999992,36.0,0.5961857992209679,24,674.886380570412,302.2494595866756,977.1358401570876,325.0999999999999
252,159,29,4.384137425568368,5.748427672955975,5.626415094339623,11.32402515723271,40.242138364779876,16.491823899371067,7.779255481068356,38.64150943396226,102.78815359483932,38.0,9.699999999999998,14.300000000000002,52.5,53.57331885858097,45,0.28142537294544023,1.0,3.8999999999999995,9.979999999999992,36.0,0.6523154637558952,24,697.0778506653705,225.59840895098233,922.6762596163528,441.0999999999999
253,150,25,4.831108456961598,5.3,5.414000000000001,11.163333333333334,40.14333333333333,16.970666666666656,6.538329315819986,39.126666666666665,102.78815359483932,38.0,9.699999999999998,14.300000000000002,52.5,31.36611029867231,45,0.28142537294544023,1.0,3.8999999999999995,9.979999999999992,36.0,0.07563028513726722,24,724.6662685442396,163.45823289549966,888.1245014397393,575.0999999999999
254,149,17,5.119202140278405,5.429530201342282,5.408724832214762,11.147651006711412,40.258389261744966,16.913422818791947,4.273022054231078,39.19463087248322,102.78815359483932,38.0,9.699999999999998,14.300000000000002,52.5,16.590366390819145,45,0.2585963843831902,1.0,3.8999999999999995,9.979999999999992,36.0,0.270290921026152,24,762.7611189014824,72.64137492192833,835.4024938234107,308.1999999999999
255,142,16,4.960417191503097,5.429577464788732,5.380985915492955,11.127042253521129,40.274647887323944,18.483802816901402,6.353366382000353,39.23943661971831,102.78815359483932,38.0,9.699999999999998,14.300000000000002,52.5,22.128845046848895,45,0.2585963843831902,1.0,3.8999999999999995,9.979999999999992,36.0,0.4047508520792509,24,704.3792411934397,101.65386211200565,806.0331033054454,552.4999999999999
256,137,21,4.1746502681390085,5.094890510948905,5.296350364963504,11.064525547445253,40.160583941605836,18.41532846715328,9.77366895682313,39.503649635036496,54.86991046464851,38.0,9.699999999999998,14.300000000000002,52.5,102.78815359483932,45,0.2585963843831902,1.0,3.8999999999999995,9.979999999999992,35.5,0.7755000045724273,24,571.9270867350442,205.24704809328574,777.1741348283299,432.7999999999999
257,135,19,4.0441127858971,4.977777777777778,5.192592592592593,10.996148148148144,40.04814814814815,18.094814814814804,9.925668066492952,39.629629629629626,52.198223520173954,38.0,9.599999999999998,14.300000000000002,52.5,101.78815359483932,44,0.2585963843831902,1.0,3.7999999999999994,9.979999999999992,35.5,0.11285629735295544,24,545.9552260961085,188.58769326336608,734.5429193594746,259.7999999999999
258,135,20,4.320061821568606,5.451851851851852,5.210370370370373,10.986666666666661,40.17777777777778,16.90962962962962,4.104780471334561,39.65185185185185,117.90007036583556,38.0,9.599999999999998,14.300000000000002,52.5,19.11660990111244,45,0.2585963843831902,1.0,3.7999999999999994,9.979999999999992,35.5,0.4662856263587487,24,583.2083459117619,82.09560942669121,665.3039553384531,195.89999999999995
259,134,18,4.278518267344386,5.604477611940299,5.264179104477614,11.003134328358207,40.223880597014926,16.3320895522388,3.0945985041811723,39.82089552238806,117.90007036583556,38.0,9.599999999999998,14.360000000000003,52.5,19.959168561145464,45,0.2585963843831902,1.0,3.7999999999999994,9.979999999999992,35.5,0.0155548988881824,24,573.3214478241478,55.7027730752611,629.0242208994089,208.39999999999995
260,130,13,4.153352761498107,5.584615384615384,5.2092307692307696,10.960307692307689,40.292307692307695,17.558461538461533,5.354170884880592,39.99230769230769,117.90007036583556,38.0,9.599999999999998,14.360000000000003,52.5,22.99465935420349,45,0.2585963843831902,1.0,3.7999999999999994,9.979999999999992,35.5,0.5440058842171709,24,539.935858994754,69.60422150344769,609.5400804982016,244.89999999999992
261,125,11,4.146268103497228,5.336,5.130400000000003,10.896159999999993,40.184,18.3528,6.91197428253018,40.2,117.90007036583556,38.0,9.399999999999999,14.360000000000003,52.5,31.566120131839043,45,0.2585963843831902,1.0,3.7999999999999994,9.979999999999992,35.5,0.484745865575934,24,518.2835129371534,76.03171710783198,594.3152300449854,246.19999999999993
262,121,12,4.389466244181973,5.421487603305785,5.1958677685950425,10.942314049586772,40.252066115702476,19.30578512396694,3.5943342218661223,40.21487603305785,117.90007036583556,38.0,9.499999999999998,14.360000000000003,52.5,15.594663279776896,45,0.2585963843831902,1.0,3.7999999999999994,9.979999999999992,35.5,0.2585963843831902,24,531.1254155460188,43.13201066239347,574.2574262084122,333.6999999999999
263,116,11,3.4330122109390344,5.482758620689655,5.266379310344829,10.989482758620683,40.275862068965516,19.980172413793102,13.656070446275185,40.21551724137931,30.34680334600312,35.0,9.499999999999998,14.360000000000003,51.5,117.90007036583556,45,0.2585963843831902,1.0,3.7999999999999994,9.979999999999992,35.5,0.32881254909373375,24,398.229416468928,150.21677490902704,548.4461913779551,293.9999999999999
264,104,16,4.089352893821605,5.211538461538462,5.136538461538461,10.889999999999999,40.18269230769231,20.838461538461534,6.781209474099546,40.55769230769231,118.61475506785582,35.0,9.499999999999998,14.360000000000003,51.5,30.34680334600312,45,0.2585963843831902,1.0,3.7999999999999994,9.979999999999992,35.5,0.28195348461627556,24,425.2927009574469,108.49935158559273,533.7920525430396,372.4999999999999
265,97,20,4.12678050497187,5.34020618556701,5.126804123711339,10.879587628865977,40.1958762886598,20.902061855670098,4.023084709842989,40.608247422680414,59.30737753392791,35.0,9.499999999999998,14.360000000000003,51.5,28.009145202718813,45,0.2585963843831902,1.0,3.7999999999999994,9.979999999999992,35.5,0.2851097309436187,24,400.2977089822714,80.46169419685978,480.75940317913114,324.5999999999999
266,91,17,4.076805886189204,5.769230769230769,5.052747252747252,10.803956043956045,40.22527472527472,18.70109890109889,3.171160531867409,40.69230769230769,29.653688766963956,35.0,9.499999999999998,14.360000000000003,51.5,7.394783982412095,46,0.2585963843831902,1.0,3.7999999999999994,9.919999999999991,35.5,0.5527901665764936,24,370.98933564321754,53.909729041745955,424.8990646849635,175.29999999999995
267,89,14,3.3918050700877207,5.50561797752809,5.093258426966291,10.798651685393258,40.174157303370784,17.055056179775274,6.121983392111823,41.157303370786515,23.378054453521194,35.0,9.499999999999998,14.360000000000003,51.5,28.75078420200594,47,0.2656622098927625,1.0,3.7999999999999994,9.919999999999991,35.5,0.5077774494440912,25,301.8706512378071,85.70776748956553,387.57841872737265,126.19999999999997
268,92,8,3.7691776180898544,5.456521739130435,5.132608695652173,10.820869565217397,40.06521739130435,16.370652173913037,1.9986023368603125,41.30434782608695,39.75134465986433,35.0,9.499999999999998,14.360000000000003,51.5,4.878970757718391,47,0.2656622098927625,1.0,3.7999999999999994,9.85999999999999,35.5,0.5068733879700165,25,346.7643408642666,15.9888186948825,362.75315955914914,131.49999999999997
269,87,12,3.4797804187591233,5.908045977011494,5.275862068965517,10.929425287356324,40.3448275862069,16.596551724137928,3.324032441175571,41.11494252873563,28.6216037016495,35.0,9.499999999999998,14.360000000000003,51.5,14.826844383481978,47,0.2656622098927625,1.0,3.7999999999999994,9.85999999999999,35.5,0.4552137446065274,25,302.7408964320437,39.88838929410685,342.62928572615056,192.49999999999994
270,83,10,3.5620185391172603,6.024096385542169,5.31566265060241,10.949879518072292,40.325301204819276,17.649397590361442,3.441543834141065,41.12048192771084,28.6216037016495,35.0,9.499999999999998,14.360000000000003,51.5,13.826844383481978,47,0.2656622098927625,1.0,3.7999999999999994,9.85999999999999,35.5,0.5171927687663804,25,295.6475387467326,34.41543834141065,330.06297708814327,199.79999999999993
271,80,7,3.5188626052492173,6.35,5.481249999999999,11.049249999999999,40.5,18.465,4.907655427210827,40.9875,23.378054453521194,35.0,9.499999999999998,14.420000000000003,51.5,28.6216037016495,47,0.2656622098927625,1.0,4.1,9.85999999999999,35.5,0.49635324670546765,25,281.5090084199374,34.35358799047579,315.8625964104132,135.49999999999994
272,80,5,3.746331853240264,6.375,5.48125,11.041749999999997,40.51875,19.46625,1.2552016408215854,41.0375,46.54613898067376,35.0,9.499999999999998,14.420000000000003,51.5,2.0501717630196747,47,0.2656622098927625,1.0,4.1,9.85999999999999,37.0,0.2378225512124097,25,299.7065482592211,6.276008204107927,305.98255646332905,183.69999999999993
273,79,4,3.326714792492904,6.493670886075949,5.50759493670886,11.045316455696197,40.4746835443038,20.786075949367085,6.468538887546564,41.063291139240505,23.27306949033688,36.0,9.499999999999998,14.420000000000003,51.5,23.378054453521194,47,0.2656622098927625,1.0,4.1,9.85999999999999,37.0,0.2763950832882468,25,262.8104686069394,25.874155550186256,288.68462415712565,149.59999999999997
274,72,7,3.791387957646279,6.833333333333333,5.605555555555554,11.099722222222216,40.63194444444444,22.819444444444436,1.7754708747579093,40.875,32.94184129317111,36.0,9.499999999999998,14.420000000000003,51.5,4.055153831996376,47,0.2737522715917941,1.0,4.1,9.85999999999999,37.0,0.521605283919929,25,272.9799329505321,12.428296123305365,285.40822907383745,225.79999999999993
275,65,9,3.392847451930359,7.046153846153846,5.633846153846154,11.139999999999993,40.738461538461536,23.3076923076923,5.587845810819164,40.707692307692305,23.27306949033688,36.0,9.499999999999998,14.420000000000003,51.0,19.875672329932165,47,0.2737522715917941,1.0,4.1,9.85999999999999,37.0,1.1451808493868514,25,220.53508437547333,50.29061229737248,270.8256966728458,162.89999999999995
276,64,5,3.718712378209336,7.15625,5.648437499999999,11.158124999999995,40.78125,24.414062499999996,4.561608907814355,40.6875,23.27306949033688,36.0,9.499999999999998,14.420000000000003,51.0,16.427007419106825,47,0.2737522715917941,1.0,4.1,9.85999999999999,37.0,0.7770907956741809,25,237.9975922053975,22.808044539071773,260.80563674446927,66.89999999999998
277,61,6,3.7114573067791765,6.786885245901639,5.570491803278688,11.10163934426229,40.60655737704918,25.001639344262287,4.112931556600487,40.9344262295082,23.27306949033688,36.0,9.499999999999998,14.420000000000003,51.0,13.44899443050676,47,0.2737522715917941,1.0,4.1,9.85999999999999,37.0,0.6576250981874675,25,226.39889571352975,24.67758933960292,251.07648505313267,75.79999999999997
278,51,12,3.9922558114482785,7.529411764705882,5.772549019607841,11.283921568627447,41.009803921568626,24.74509803921568,3.3267473870705095,40.21568627450981,23.27306949033688,36.0,9.499999999999998,14.420000000000003,51.0,17.141692121127093,47,0.4114564056777837,1.0,4.1,9.919999999999991,37.0,0.2737522715917941,25,203.6050463838622,39.92096864484611,243.52601502870831,162.79999999999993
279,51,9,3.91832793416144,7.431372549019608,5.788235294117646,11.272156862745092,40.931372549019606,23.119607843137253,3.362940973879259,40.411764705882355,23.27306949033688,36.0,9.499999999999998,14.420000000000003,51.0,16.141692121127093,47,0.3935803844302664,1.0,4.1,9.919999999999991,37.0,0.597676306203263,25,199.83472464223343,30.26646876491333,230.10119340714675,36.499999999999986
280,47,10,3.9297812572299717,7.851063829787234,5.914893617021277,11.322127659574466,41.12765957446808,22.16808510638297,3.4824244222301615,40.4468085106383,23.27306949033688,36.0,9.499999999999998,14.420000000000003,51.0,15.141692121127093,47,0.3935803844302664,1.0,4.1,9.85999999999999,37.5,0.309503805978901,25,184.69971908980867,34.824244222301616,219.52396331211028,61.59999999999998
281,43,7,4.555482167320112,8.395348837209303,6.044186046511627,11.430232558139531,41.325581395348834,22.739534883720925,2.0908629883994516,40.06976744186046,23.27306949033688,36.0,9.499999999999998,14.420000000000003,51.0,4.952060895662416,47,0.3935803844302664,1.0,4.199999999999999,9.85999999999999,37.5,0.9266777739676236,25,195.8857331947648,14.636040918796162,210.52177411356098,58.09999999999998
282,41,5,4.7253193678640315,8.682926829268293,6.11219512195122,11.477560975609753,41.41463414634146,22.80975609756097,1.1033343183184583,40.0,23.27306949033688,36.0,9.499999999999998,14.420000000000003,51.0,2.738099618080547,47,0.3935803844302664,1.0,4.199999999999999,9.85999999999999,37.5,0.1482958030337722,25,193.7380940824253,5.516671591592291,199.2547656740176,35.69999999999999
283,40,5,4.097096964106189,8.2,6.04,11.431999999999997,41.275,21.6175,5.695396918913776,40.525,21.12757367929982,36.0,9.499999999999998,14.420000000000003,51.0,23.27306949033688,48,0.3935803844302664,1.0,4.199999999999999,9.85999999999999,37.5,0.908372538476768,25,163.88387856424757,28.47698459456888,192.36086315881644,65.49999999999999
284,37,5,3.995740770975177,7.837837837837838,6.062162162162161,11.447027027027024,41.189189189189186,20.55135135135135,7.716744850813751,40.86486486486486,21.12757367929982,32.0,9.499999999999998,14.420000000000003,51.0,22.27306949033688,48,0.3935803844302664,1.0,4.199999999999999,9.85999999999999,37.5,1.348730577545223,25,147.84240852608156,38.583724254068755,186.4261327801503,43.39999999999999
285,34,4,4.812020923546257,7.5588235294117645,6.082352941176469,11.485882352941173,41.01470588235294,21.5,4.454355344894391,41.05882352941177,24.48824346833112,32.0,9.499999999999998,14.420000000000003,49.5,14.19452798814029,48,0.3935803844302664,1.0,4.199999999999999,9.85999999999999,37.5,0.7340186691673611,25,163.60871140057273,17.817421379577564,181.42613278015028,69.19999999999997
286,33,3,4.745828720297453,7.787878787878788,6.124242424242422,11.52060606060606,41.15151515151515,22.775757575757574,5.198467521990015,41.0,24.48824346833112,32.0,9.499999999999998,14.420000000000003,49.5,13.19452798814029,48,0.3935803844302664,1.0,4.199999999999999,9.85999999999999,38.0,0.547519029894505,25,156.61234776981595,15.595402565970044,172.207750335786,74.29999999999997
287,32,4,3.989915323656476,7.3125,6.031249999999997,11.478124999999999,41.0625,22.8375,9.436696849726232,41.53125,21.12757367929982,31.0,9.499999999999998,14.420000000000003,49.5,24.48824346833112,48,0.3935803844302664,1.0,4.199999999999999,9.85999999999999,38.0,0.44500833047571775,27,127.67729035700724,37.74678739890493,165.42407775591215,81.69999999999997
288,29,5,3.2270284971923577,5.689655172413793,5.979310344827584,11.393793103448274,40.55172413793103,21.113793103448277,13.472836842314766,42.62068965517241,20.684454753799535,30.0,9.499999999999998,14.420000000000003,49.5,23.48824346833112,48,0.3935803844302664,1.0,4.199999999999999,9.85999999999999,38.0,1.2721976405486988,29,93.58382641857837,67.36418421157383,160.9480106301522,39.8
289,29,4,3.762042302124276,5.655172413793103,5.979310344827584,11.404137931034482,40.62068965517241,21.686206896551727,10.836031569962481,42.55172413793103,22.965812729793562,30.0,9.499999999999998,14.420000000000003,49.5,22.48824346833112,47,0.5872570302661542,1.0,4.199999999999999,9.85999999999999,38.0,0.6480005426175881,29,109.099226761604,43.344126279849924,152.44335304145392,37.19999999999999
290,28,4,4.047031472610308,5.678571428571429,5.860714285714286,11.300714285714283,40.75,19.63571428571429,6.996172322237545,42.75,24.31234583498401,30.0,9.499999999999998,14.420000000000003,49.5,17.828168880776595,47,0.5872570302661542,1.0,4.199999999999999,9.85999999999999,38.0,2.0527156803787454,29,113.31688123308862,27.98468928895018,141.3015705220388,22.89999999999999
291,27,5,3.8817953414861623,5.814814814814815,5.744444444444444,11.196296296296293,40.7037037037037,18.996296296296297,5.283001968633281,42.925925925925924,20.684454753799535,30.0,9.499999999999998,14.420000000000003,49.5,16.828168880776595,47,0.5872570302661542,1.0,4.199999999999999,9.85999999999999,38.0,0.969491731151868,29,104.80847422012639,26.415009843166406,131.2234840632928,26.999999999999993
292,29,4,3.4429241450780395,5.758620689655173,5.658620689655171,11.12275862068965,40.706896551724135,17.324137931034482,5.1494379083876,43.13793103448276,20.684454753799535,30.0,9.499999999999998,14.420000000000003,49.5,15.828168880776595,48,0.5872570302661542,1.0,4.199999999999999,9.85999999999999,38.0,0.4273266268073579,29,99.84480020726315,20.5977516335504,120.44255184081355,8.899999999999997
293,30,2,3.302834646663996,5.633333333333334,5.619999999999999,11.098666666666663,40.68333333333333,17.58,8.752323490882038,43.233333333333334,20.684454753799535,30.0,9.499999999999998,14.420000000000003,49.5,14.828168880776595,48,0.5872570302661542,1.0,4.199999999999999,9.85999999999999,38.0,2.67647810098748,29,99.08503939991988,17.504646981764076,116.58968638168395,0.0
294,28,4,3.4455615405320907,5.821428571428571,5.699999999999998,11.14428571428571,40.767857142857146,18.67142857142857,4.528490811696358,43.285714285714285,20.684454753799535,30.0,9.499999999999998,14.420000000000003,49.5,13.828168880776595,48,0.5872570302661542,1.0,4.199999999999999,9.85999999999999,38.0,1.3003389656848958,29,96.47572313489854,18.11396324678543,114.58968638168398,46.29999999999998
295,28,3,3.9037104291312548,5.821428571428571,5.699999999999998,11.144285714285711,40.767857142857146,21.646428571428572,0.4285981220029447,43.285714285714285,20.684454753799535,30.0,9.499999999999998,14.420000000000003,49.5,0.6764781009874801,48,0.5872570302661542,1.0,4.199999999999999,9.85999999999999,38.0,0.3003389656848958,29,109.30389201567513,1.2857943660088342,110.58968638168396,55.299999999999976
296,26,3,3.593234137776638,6.3076923076923075,5.961538461538461,11.369999999999997,41.05769230769231,21.084615384615386,3.7457996392254276,42.84615384615385,20.684454753799535,30.0,9.499999999999998,14.420000000000003,49.5,6.078086458746003,48,0.5872570302661542,1.0,4.199999999999999,9.85999999999999,38.0,2.5057512945357416,29,93.42408758219258,11.237398917676282,104.66148649986887,45.899999999999984
297,24,3,4.044079612483138,6.458333333333333,5.874999999999999,11.305833333333332,41.145833333333336,20.841666666666665,1.534525266757856,42.833333333333336,20.684454753799535,30.0,9.499999999999998,14.360000000000003,49.5,1.8449488584699554,47,0.5872570302661542,1.0,4.199999999999999,9.919999999999991,38.0,1.2528756472678708,29,97.05791069959531,4.603575800273568,101.66148649986889,13.999999999999996
298,24,4,3.890349534353503,6.541666666666667,5.874999999999997,11.27583333333333,41.145833333333336,20.1125,0.9109239142566685,43.0,20.684454753799535,30.0,9.499999999999998,14.360000000000003,49.5,2.0401198567531065,47,0.5872570302661542,1.0,4.199999999999999,9.919999999999991,38.0,0.2528756472678708,29,93.36838882448407,3.643695657026674,97.01208448151074,0.0
299,24,1,3.890349534353503,6.541666666666667,5.874999999999999,11.27583333333333,41.145833333333336,21.870833333333334,1.0401198567531065,43.0,20.684454753799535,30.0,9.499999999999998,14.360000000000003,49.5,1.0401198567531065,47,0.5872570302661542,1.0,4.199999999999999,9.919999999999991,38.0,1.0401198567531065,29,93.36838882448407,1.0401198567531065,94.40850868123718,19.19999999999999
300,23,2,3.848423285689972,6.478260869565218,5.7173913043478235,11.141739130434777,41.130434782608695,23.243478260869562,2.447386555183911,43.26086956521739,20.684454753799535,30.0,9.399999999999999,14.360000000000003,49.5,4.854653253614716,47,0.5872570302661542,1.0,4.199999999999999,9.919999999999991,38.0,0.040119856753106475,29,88.51373557086936,4.894773110367822,93.40850868123718,27.899999999999984
301,23,1,3.848423285689972,6.478260869565218,5.7173913043478235,11.141739130434777,41.130434782608695,25.45652173913043,3.854653253614716,43.26086956521739,20.684454753799535,30.0,9.399999999999999,14.360000000000003,49.5,3.854653253614716,47,0.5872570302661542,1.0,4.199999999999999,9.919999999999991,38.0,3.854653253614716,29,88.51373557086936,3.854653253614716,92.36838882448407,27.899999999999984
302,21,3,3.612205483116203,6.428571428571429,5.6285714285714255,11.078095238095234,41.07142857142857,25.833333333333332,5.170691226347935,43.42857142857143,20.684454753799535,30.0,9.399999999999999,14.360000000000003,49.5,11.482906364896781,47,0.5872570302661542,1.0,4.199999999999999,9.919999999999991,38.0,1.1745140605323083,29,75.85631514544026,15.512073679043805,91.36838882448407,18.89999999999999
303,18,6,3.7897894603127398,6.666666666666667,5.777777777777776,11.21444444444444,41.30555555555556,25.838888888888885,3.3586964231424594,43.22222222222222,20.684454753799535,30.0,9.399999999999999,14.360000000000003,49.5,10.482906364896781,47,0.5872570302661542,1.0,4.199999999999999,9.919999999999991,38.5,0.17451406053230833,29,68.21621028562932,20.152178538854756,88.36838882448407,23.69999999999999
304,18,3,3.94039252809289,6.666666666666667,5.777777777777776,11.21444444444444,41.30555555555556,26.838888888888885,4.088936419426584,43.22222222222222,20.684454753799535,30.0,9.399999999999999,14.360000000000003,49.5,9.482906364896781,47,0.5872570302661542,1.0,4.199999999999999,9.919999999999991,38.5,0.8546532536147158,29,70.92706550567202,12.26680925827975,83.19387476395177,0.0
305,19,2,3.656642110490441,6.631578947368421,5.715789473684208,11.165263157894731,41.31578947368421,27.52105263157894,4.706078002332516,43.36842105263158,20.684454753799535,30.0,9.399999999999999,14.360000000000003,49.5,8.482906364896781,47,0.5872570302661542,1.0,4.199999999999999,9.919999999999991,38.5,0.9292496397682521,29,69.47620009931838,9.412156004665032,78.88835610398341,22.79999999999999
306,16,3,4.404775052196051,7.0625,5.931249999999999,11.334999999999996,41.46875,27.287499999999998,2.1609018763594485,42.9375,28.167361118696316,30.0,9.399999999999999,14.360000000000003,49.5,2.9017308127072736,47,0.5872570302661542,1.0,4.199999999999999,9.919999999999991,38.5,1.5195216146865007,29,70.47640083513681,6.482705629078346,76.95910646421515,22.79999999999999
307,13,4,2.8227276328594897,5.538461538461538,5.63076923076923,11.064615384615378,40.88461538461539,25.192307692307686,9.315911809260449,44.23076923076923,9.284811031612492,12.0,9.399999999999999,14.300000000000002,44.0,28.167361118696316,47,0.5872570302661542,1.0,4.199999999999999,9.919999999999991,38.5,1.9017308127072736,38,36.695459227173366,37.263647237041795,73.95910646421515,16.8
308,12,3,5.1625640968786035,5.5,5.708333333333332,11.139999999999993,40.833333333333336,24.899999999999995,2.669445767223975,44.083333333333336,36.45217215030881,12.0,9.399999999999999,14.300000000000002,44.0,2.813781996033719,47,0.5872570302661542,1.0,4.199999999999999,9.919999999999991,38.5,2.5046575886982954,38,61.95076916254324,8.008337301671926,69.95910646421517,0.0
309,13,1,4.319705054592157,6.076923076923077,5.9692307692307685,11.332307692307685,41.11538461538461,23.830769230769228,1.6898977169399108,43.76923076923077,18.226086075154406,13.0,9.399999999999999,14.300000000000002,44.5,1.6898977169399108,47,0.5872570302661542,1.0,4.199999999999999,9.919999999999991,38.5,1.6898977169399108,38,56.156165709698044,1.6898977169399108,57.846063426637954,0.0
310,14,2,3.2375064541268017,6.428571428571429,5.871428571428569,11.19714285714285,41.25,19.985714285714284,2.8375500278654266,44.07142857142857,9.113043037577203,13.0,9.299999999999999,13.639999999999997,44.5,4.985202338790942,47,0.5872570302661542,1.0,4.199999999999999,9.919999999999991,38.5,0.6898977169399108,39,45.325090357775224,5.675100055730853,51.000190413506076,0.0
311,13,2,3.4344932756775077,6.6923076923076925,5.976923076923076,11.29538461538461,41.34615384615385,19.361538461538462,2.330940056379283,43.84615384615385,9.113043037577203,13.0,9.299999999999999,13.639999999999997,44.5,3.985202338790942,47,0.5872570302661542,1.0,4.199999999999999,9.919999999999991,38.5,0.6766777739676236,39,44.6484125838076,4.661880112758566,49.310292696566165,0.0
312,13,1,3.4344932756775077,6.6923076923076925,5.976923076923075,11.29538461538461,41.34615384615385,20.361538461538462,2.985202338790942,43.84615384615385,9.113043037577203,13.0,9.299999999999999,13.639999999999997,44.5,2.985202338790942,47,0.5872570302661542,1.0,4.199999999999999,9.919999999999991,38.5,2.985202338790942,39,44.6484125838076,2.985202338790942,47.63361492259854,0.0
313,13,1,3.4344932756775077,6.6923076923076925,5.976923076923075,11.29538461538461,41.34615384615385,21.361538461538462,1.985202338790942,43.84615384615385,9.113043037577203,13.0,9.299999999999999,13.639999999999997,44.5,1.985202338790942,47,0.5872570302661542,1.0,4.199999999999999,9.919999999999991,38.5,1.985202338790942,39,44.6484125838076,1.985202338790942,46.63361492259854,0.0
314,13,1,3.4344932756775077,6.6923076923076925,5.976923076923075,11.29538461538461,41.34615384615385,22.361538461538462,0.9852023387909421,43.84615384615385,9.113043037577203,13.0,9.299999999999999,13.639999999999997,44.5,0.9852023387909421,47,0.5872570302661542,1.0,4.199999999999999,9.919999999999991,38.5,0.9852023387909421,39,44.6484125838076,0.9852023387909421,45.63361492259854,0.0
315,13,0,3.434493275677508,6.6923076923076925,5.976923076923076,11.29538461538461,41.34615384615385,23.361538461538462,0.0,43.84615384615385,9.113043037577203,13.0,9.299999999999999,13.639999999999997,44.5,0.0,47,0.5872570302661542,1.0,4.199999999999999,9.919999999999991,38.5,0.0,39,44.648412583807605,0.0,44.648412583807605,0.0
316,13,0,3.4344932756775077,6.6923076923076925,5.976923076923075,11.295384615384611,41.34615384615385,24.361538461538462,0.0,43.84615384615385,9.113043037577203,13.0,9.299999999999999,13.639999999999997,44.5,0.0,47,0.5872570302661542,1.0,4.199999999999999,9.919999999999991,38.5,0.0,39,44.6484125838076,0.0,44.6484125838076,0.0
317,12,1,3.635696054619254,7.0,6.099999999999998,11.329999999999997,41.416666666666664,24.058333333333334,1.0200599283765532,43.833333333333336,9.113043037577203,13.0,9.299999999999999,13.639999999999997,44.5,1.0200599283765532,47,0.5872570302661542,1.0,4.199999999999999,9.919999999999991,38.5,1.0200599283765532,39,43.628352655431044,1.0200599283765532,44.6484125838076,0.0
318,12,2,3.635696054619254,7.0,6.099999999999998,11.329999999999997,41.416666666666664,25.058333333333334,36.51002996418828,43.833333333333336,9.113043037577203,13.0,9.299999999999999,13.639999999999997,44.5,73.0,47,0.5872570302661542,1.0,4.199999999999999,9.919999999999991,38.5,0.020059928376553238,39,43.628352655431044,73.02005992837655,116.6484125838076,0.0
319,11,3,3.837845588373145,7.090909090909091,6.227272727272726,11.425454545454539,41.5,24.7,53.137350394442144,43.63636363636363,9.113043037577203,13.0,9.299999999999999,13.639999999999997,44.5,86.0,47,0.5872570302661542,1.0,4.199999999999999,9.919999999999991,38.5,1.4120511833264455,39,42.2163014721046,159.41205118332644,201.62835265543103,0.0
320,11,4,3.837845588373145,7.090909090909091,6.227272727272726,11.425454545454539,41.5,25.7,48.60301279583161,43.63636363636363,9.113043037577203,13.0,9.299999999999999,13.639999999999997,44.5,85.0,47,0.5872570302661542,1.0,4.199999999999999,9.919999999999991,38.5,0.4120511833264455,39,42.2163014721046,194.41205118332644,236.62835265543103,0.0
321,10,5,3.9637598483418044,7.3,6.369999999999999,11.539999999999996,41.65,25.35,47.51574059773731,43.5,9.113043037577203,13.0,9.299999999999999,13.639999999999997,44.5,84.0,47,0.5872570302661542,1.0,4.199999999999999,9.919999999999991,38.5,2.5787029886865556,39,39.637598483418046,237.57870298868656,277.2163014721046,0.0
322,9,6,4.514338271315384,8.0,6.61111111111111,11.71333333333333,41.94444444444444,24.944444444444443,46.2645428383777,43.22222222222222,9.113043037577203,13.0,9.299999999999999,13.639999999999997,44.5,83.0,47,0.7597608073432504,2.0,4.399999999999999,9.919999999999991,38.5,0.5872570302661542,39,40.62904444183845,277.5872570302662,318.21630147210465,0.0
323,8,7,4.743640679656818,8.5,6.887499999999998,11.937499999999996,42.375,24.3125,50.81141700065484,42.75,9.113043037577203,13.0,9.299999999999999,13.639999999999997,44.5,82.0,46,0.7597608073432504,2.0,4.499999999999998,10.219999999999994,40.0,2.679919004583911,39,37.949125437254544,355.6799190045839,393.62904444183846,0.0
324,7,9,5.312766375701614,9.428571428571429,7.228571428571427,12.157142857142855,42.714285714285715,23.157142857142855,43.937742201325236,42.285714285714285,9.113043037577203,13.0,9.299999999999999,13.639999999999997,44.5,81.0,46,1.2893514943432778,5.0,4.599999999999998,10.219999999999994,40.5,0.7597608073432504,39,37.189364629911296,395.43967981192714,432.62904444183846,0.0
325,7,9,5.312766375701614,9.428571428571429,7.228571428571427,12.157142857142855,42.714285714285715,24.157142857142855,52.186657667175986,42.285714285714285,9.113043037577203,13.0,9.299999999999999,13.639999999999997,44.5,83.0,46,1.2893514943432778,5.0,4.599999999999998,10.219999999999994,40.5,0.679919004583911,39,37.189364629911296,469.6799190045839,506.8692836344952,0.0
326,7,7,17.02705208998733,9.428571428571429,7.228571428571427,12.157142857142855,42.714285714285715,25.157142857142855,54.142857142857146,42.285714285714285,91.1130430375772,13.0,9.299999999999999,13.639999999999997,44.5,79.0,46,1.2893514943432778,5.0,4.599999999999998,10.219999999999994,40.5,32.0,39,119.1893646299113,379.0,498.1893646299113,0.0
327,8,10,12.051387983814625,9.875,7.4875,12.334999999999996,42.8125,22.7625,54.9,42.0,45.5565215187886,13.0,9.299999999999999,13.639999999999997,44.5,78.0,46,1.2893514943432778,5.0,4.599999999999998,10.219999999999994,40.5,31.0,39,96.411103870517,549.0,645.411103870517,0.0
328,10,14,18.732740830097125,10.3,7.839999999999998,12.578,43.0,18.81,57.857142857142854,41.7,69.03904322937301,13.0,9.299999999999999,13.639999999999997,44.5,96.0,46,1.2893514943432778,5.0,4.599999999999998,10.219999999999994,40.5,30.0,39,187.32740830097126,810.0,997.3274083009712,0.0
329,13,29,11.661140118798858,10.23076923076923,7.792307692307691,12.541538461538456,42.92307692307692,14.930769230769231,52.58620689655172,41.84615384615385,34.519521614686504,13.0,9.299999999999999,13.639999999999997,44.5,95.0,46,1.2893514943432778,5.0,4.599999999999998,10.159999999999993,40.5,5.0,39,151.59482154438516,1525.0,1676.5948215443852,0.0
330,17,54,12.003900315843056,9.941176470588236,7.552941176470589,12.390588235294112,42.794117647058826,11.888235294117647,52.05555555555556,42.35294117647059,79.5565215187886,14.0,9.299999999999999,13.699999999999998,44.5,94.0,47,1.2893514943432778,5.0,4.499999999999998,10.099999999999993,40.0,4.0,39,204.06630536933196,2811.0,3015.066305369332,0.0
331,21,99,8.359394980283962,9.476190476190476,7.223809523809522,12.12857142857142,42.595238095238095,10.147619047619047,47.96969696969697,42.904761904761905,39.7782607593943,14.0,9.399999999999999,13.699999999999998,44.5,99.0,47,1.2893514943432778,5.0,4.499999999999998,10.099999999999993,40.0,2.0,39,175.54729458596321,4749.0,4924.547294585963,0.0
332,24,164,13.936374029178017,9.458333333333334,7.291666666666663,12.159999999999991,42.666666666666664,9.545833333333333,48.78658536585366,42.916666666666664,76.31494020183581,14.0,9.399999999999999,13.699999999999998,44.5,98.0,47,1.2893514943432778,5.0,4.499999999999998,10.099999999999993,40.0,1.0,39,334.4729767002724,8001.0,8335.472976700272,0.0
333,26,262,14.381339615812534,10.0,7.615384615384614,12.398461538461532,42.88461538461539,9.953846153846154,48.89433183283143,42.69230769230769,105.31494020183581,14.0,9.399999999999999,13.759999999999998,44.5,99.0,47,1.2893514943432778,5.0,4.499999999999998,10.099999999999993,40.0,1.0,39,373.9148300111259,12810.314940201835,13184.229770212962,54.699999999999996
334,30,256,19.42563233242181,10.033333333333333,7.683333333333331,12.44599999999999,42.983333333333334,12.073333333333332,48.01953125,42.7,94.1574701009179,14.0,9.499999999999998,13.759999999999998,44.5,98.0,47,2.1574701009179065,5.0,4.499999999999998,10.099999999999993,40.0,1.0,39,582.7689699726543,12293.0,12875.768969972654,83.39999999999999
335,35,245,24.523554331952173,9.771428571428572,7.511428571428569,12.31485714285713,42.871428571428574,10.497142857142856,47.672451197364566,43.08571428571429,127.6574701009179,14.0,9.499999999999998,13.759999999999998,44.5,97.0,48,2.1574701009179065,5.0,4.499999999999998,10.099999999999993,40.0,1.0,39,858.3244016183261,11679.75054335432,12538.074944972645,83.39999999999999
336,51,255,16.59471742816648,9.529411764705882,7.325490196078431,12.177647058823522,42.73529411764706,7.17843137254902,47.57233162819548,43.72549019607843,74.98614129746214,14.0,9.499999999999998,13.759999999999998,44.5,99.0,49,1.9074701009179065,5.0,4.399999999999999,10.039999999999992,40.0,1.0,39,846.3305888364905,12130.944565189848,12977.275154026338,32.8
337,71,259,15.77037905464142,9.366197183098592,7.2126760563380286,12.098591549295772,42.58450704225352,5.76056338028169,47.280673996872,44.140845070422536,98.84728259492428,15.0,9.499999999999998,13.759999999999998,45.0,98.0,50,1.4712104703268423,5.0,4.399999999999999,10.039999999999992,39.5,1.0,39,1119.6969128795408,12245.694565189848,13365.391478069389,65.29999999999998
338,96,247,15.081266044874974,9.427083333333334,7.300000000000002,12.173125,42.651041666666664,4.919791666666666,46.48729316993774,44.239583333333336,98.84728259492428,15.0,9.499999999999998,13.759999999999998,45.0,97.0,50,1.4712104703268423,4.0,4.399999999999999,10.039999999999992,39.5,2.0,39,1447.8015403079976,11482.361412974622,12930.16295328262,73.69999999999999
339,116,1484,15.870855052499781,9.301724137931034,7.156896551724137,12.067586206896548,42.55172413793103,5.397413793103447,49.80286274167912,44.64655172413793,98.84728259492428,15.0,9.499999999999998,13.759999999999998,45.0,99.0,50,1.4712104703268423,4.0,4.299999999999999,10.039999999999992,39.5,1.0,40,1841.0191860899747,73907.44830865182,75748.4674947418,243.39999999999995
340,114,1396,43.5230564242155,9.271929824561404,7.121929824561405,12.04210526315789,42.530701754385966,9.044736842105264,49.643867523195716,44.70175438596491,174.37326766218277,15.0,9.499999999999998,13.759999999999998,45.0,98.0,50,1.4712104703268423,4.0,4.299999999999999,10.039999999999992,39.5,1.0,40,4961.628432360567,69302.83906238122,74264.46749474178,410.5999999999999
341,169,1379,25.85271308858134,9.372781065088757,7.182840236686393,12.084970414201187,42.55621301775148,7.152071005917161,49.13849551430581,44.994082840236686,174.37326766218277,15.0,9.599999999999998,13.759999999999998,45.5,98.84728259492428,51,1.5727729703268423,4.0,4.299999999999999,10.039999999999992,39.5,1.0,40,4369.108511970247,67761.98531422771,72131.09382619796,400.5999999999999
342,180,1279,47.21512125154277,9.494444444444444,7.28111111111111,12.159999999999997,42.611111111111114,8.094444444444445,48.512738710440864,44.94444444444444,152.21182064873108,15.0,9.599999999999998,13.759999999999998,45.5,96.0,51,1.6455459406536845,4.0,4.299999999999999,10.039999999999992,39.5,1.0,40,8498.721825277698,62047.79281065387,70546.51463593157,337.49999999999994
343,248,1284,32.304659064186254,9.278225806451612,7.183870967741934,12.094516129032252,42.586693548387096,7.843951612903225,48.213685277971855,45.41532258064516,128.39932064873108,15.0,9.699999999999998,13.759999999999998,46.0,98.0,52,1.9582903823186946,3.0,4.299999999999999,9.979999999999992,39.5,0.15747010091790647,40,8011.55544791819,61906.371896915865,69917.92734483405,775.7999999999998
344,258,1201,43.890602548920654,9.2984496124031,7.2081395348837205,12.11465116279068,42.6124031007752,8.982170542635656,47.50708578740913,45.48837209302326,185.81931182494446,15.0,9.699999999999998,13.759999999999998,46.0,105.45920516218277,52,1.9582903823186946,3.0,4.199999999999999,9.979999999999992,39.5,1.0,40,11323.775457621528,57056.010030678364,68379.7854882999,930.5999999999998
345,325,1173,33.88634834243666,9.135384615384615,7.152923076923082,12.078892307692286,42.54769230769231,10.23969230769231,47.03507636226439,45.778461538461535,185.81931182494446,15.0,9.699999999999998,13.759999999999998,46.0,128.39932064873108,52,1.441831989059029,3.0,4.199999999999999,9.979999999999992,39.0,0.9424209406536845,40,11013.063211291916,55172.14457293613,66185.20778422804,1348.8999999999996
346,341,1117,37.49855195822498,9.217008797653959,7.221114369501456,12.128563049853351,42.56158357771261,12.108797653958938,46.391752973538615,45.80938416422288,185.81931182494446,15.0,9.699999999999998,13.759999999999998,46.0,120.99464797032684,53,1.441831989059029,3.0,4.199999999999999,9.979999999999992,38.5,0.31494020183581295,40,12787.006217754719,51819.58807144263,64606.594289197354,1609.6999999999996
347,374,1076,33.49790862567363,9.136363636363637,7.2058823529411695,12.126524064171125,42.54812834224599,13.958823529411763,46.6594653163235,46.07219251336898,238.61780261758173,15.0,9.699999999999998,13.819999999999999,46.0,155.94054857100264,53,1.3797536897263982,3.0,4.1,9.979999999999992,38.5,1.0,40,12528.21782600194,50205.58468036408,62733.80250636602,2081.5999999999995
348,397,1031,35.287902499058546,9.387909319899244,7.3722921914357595,12.251989924433252,42.64609571788413,15.296473551637275,45.58478237062672,45.977329974811084,238.61780261758173,15.0,9.699999999999998,13.819999999999999,46.0,154.94054857100264,53,1.2733956872681784,3.0,4.1,9.979999999999992,38.5,0.31494020183581295,40,14009.297292126243,46997.91062411615,61007.20791624239,1994.5999999999995
349,413,1009,32.67100058613254,9.5181598062954,7.490072639225178,12.335835351089594,42.686440677966104,16.14891041162228,45.253139976742524,45.99515738498789,238.61780261758173,16.0,9.699999999999998,13.819999999999999,46.0,185.81931182494446,54,1.3797536897263982,2.0,4.1,9.979999999999992,39.0,1.0,40,13493.123242072741,45660.41823653321,59153.54147860595,2745.7999999999993
350,414,980,33.814916196592264,9.669082125603865,7.568115942028976,12.39260869565218,42.756038647343,16.84468599033816,44.42743800688413,46.07729468599034,238.61780261758173,16.0,9.699999999999998,13.819999999999999,46.0,201.41289406416126,54,1.2183885550817106,2.0,4.1,9.979999999999992,39.0,0.3419506543954274,40,13999.375305389198,43538.88924674645,57538.264552135646,2779.8999999999996
351,411,963,32.459655037845444,9.53771289537713,7.480535279805344,12.330510948905117,42.70559610705596,16.150364963503655,44.27389041123221,46.41849148418491,238.61780261758173,16.0,9.699999999999998,13.879999999999999,46.0,200.41289406416126,54,1.0791461715043134,2.0,4.1,9.979999999999992,38.5,0.7245823072216058,40,13340.918220554478,42635.75646601662,55976.674686571096,2717.3999999999996
352,436,911,31.395704217179485,9.575688073394495,7.522018348623856,12.35550458715596,42.74426605504587,16.018577981651383,44.482011419111686,46.47018348623853,198.26930633179944,17.0,9.699999999999998,13.879999999999999,46.0,238.61780261758173,54,1.0791461715043134,2.0,4.1,9.979999999999992,38.5,0.6221084406536845,40,13688.527038690256,40523.112402810744,54211.639441501,2251.0999999999995
353,474,858,30.39158827916053,9.546413502109704,7.504430379746832,12.328227848101276,42.75210970464135,15.127848101265819,44.18987207191875,46.74050632911393,198.26930633179944,17.0,9.699999999999998,13.879999999999999,46.0,237.61780261758173,55,1.0719369958971359,2.0,4.199999999999999,9.919999999999991,38.5,0.4842077490727137,41,14405.612844322091,37914.91023770629,52320.523082028376,2243.5999999999995
354,535,818,26.7672394736882,9.657943925233646,7.537196261682235,12.362392523364505,42.81495327102804,14.01009345794392,44.09256155548999,46.93084112149533,239.36964328348145,17.0,9.699999999999998,13.879999999999999,46.5,197.41289406416126,55,1.0719369958971359,2.0,4.199999999999999,9.919999999999991,38.5,0.5987865918954278,41,14320.473118423188,36067.71535239081,50388.188470814,2148.4999999999995
355,558,764,27.69992074802247,9.623655913978494,7.488530465949813,12.329032258064533,42.795698924731184,13.927956989247306,43.739870353050854,47.20609318996416,239.36964328348145,17.0,9.699999999999998,13.94,46.5,196.41289406416126,55,0.978476020510753,1.0,4.199999999999999,9.919999999999991,38.5,1.0,41,15456.55577739654,33417.26094973085,48873.81672712739,2560.4999999999995
356,600,713,27.431912595575316,9.551666666666666,7.44199999999999,12.286900000000019,42.74916666666667,14.545833333333336,42.89888898558655,47.51,239.36964328348145,17.0,9.699999999999998,13.94,46.5,199.16506024861334,55,0.978476020510753,1.0,4.199999999999999,9.919999999999991,38.5,1.0,41,16459.14755734519,30586.90784672321,47046.0554040684,2881.5999999999995
357,612,690,25.63817567086803,9.40359477124183,7.309477124183002,12.18813725490198,42.61846405228758,15.556862745098035,43.1236138381708,47.85294117647059,230.61844219827304,17.0,9.699999999999998,13.94,46.5,239.36964328348145,55,0.978476020510753,1.0,4.299999999999999,9.919999999999991,38.0,0.27602019115934695,41,15690.563510571235,29755.29354833785,45445.85705890908,3873.1999999999994
358,630,654,26.051995514611022,9.35873015873016,7.212380952380956,12.112571428571444,42.53809523809524,16.55777777777778,42.04157994008514,48.13174603174603,230.61844219827304,17.0,9.799999999999997,13.94,46.5,238.36964328348145,55,0.9423732463245176,1.0,4.299999999999999,9.919999999999991,38.0,1.0,41,16412.757174204944,27495.19328081568,43907.950455020626,3708.099999999999
359,611,657,26.004707665653445,9.378068739770868,7.208183306055647,12.10504091653029,42.57283142389525,17.048445171849412,40.38764056459715,48.250409165302784,208.10493665577854,18.0,9.799999999999997,14.0,46.5,237.36964328348145,54,0.4711866231622588,1.0,4.299999999999999,9.919999999999991,38.0,1.0,42,15888.876383714254,26534.679850940327,42423.55623465458,4259.5999999999985
360,640,620,24.598856173065872,9.3859375,7.218593749999994,12.113750000000014,42.57421875,17.385625,40.35498920731996,48.4375,236.15837879512105,18.0,9.799999999999997,14.0,46.5,236.36964328348145,54,0.4711866231622588,1.0,4.299999999999999,9.919999999999991,38.0,0.3141913953032671,42,15743.267950762158,25020.093308538377,40763.36125930054,3357.7999999999993
361,628,601,25.965069109856515,9.428343949044587,7.254936305732482,12.13808917197454,42.5796178343949,16.27308917197451,38.148372194246754,48.65923566878981,243.52379700208763,18.0,9.799999999999997,14.0,46.5,204.1480487522525,54,0.4711866231622588,1.0,4.199999999999999,9.919999999999991,38.0,0.47081842836790155,42,16306.063400989891,22927.1716887423,39233.23508973219,3641.7999999999993
362,671,553,23.409566926718576,9.39344262295082,7.295380029806253,12.159225037257842,42.61549925484352,16.27630402384501,39.72457070469881,48.79582712369598,243.52379700208763,18.0,9.799999999999997,14.0,46.5,213.83008144191848,55,0.4711866231622588,1.0,4.199999999999999,9.919999999999991,38.0,0.2780339997123926,42,15707.819407828163,21967.68759969844,37675.507007526605,3244.899999999999
363,697,535,22.511663629442918,9.39167862266858,7.308895265423239,12.158163558106185,42.611908177905306,15.802439024390235,38.06348043803434,49.03299856527977,243.52379700208763,18.0,9.899999999999997,14.0,46.5,212.83008144191848,55,0.4711866231622588,1.0,4.199999999999999,9.919999999999991,38.0,0.36511169751553174,42,15690.629549721714,20363.962034348373,36054.59158407009,3879.1999999999994
364,724,470,23.15006463846091,9.17817679558011,7.2081491712707155,12.083563535911612,42.54765193370166,16.956906077348066,38.08177757275662,49.33977900552486,243.52379700208763,18.0,9.899999999999997,14.0,46.5,211.83008144191848,56,0.6292745668044369,1.0,4.199999999999999,9.919999999999991,38.0,0.5157118412081578,42,16760.6467982457,17898.43545919561,34659.08225744131,4163.599999999999
365,727,471,21.679747347208973,9.22283356258597,7.261348005502068,12.124566712517193,42.62792297111417,16.737276478679515,36.63002326703076,49.47455295735901,243.52379700208763,17.0,9.899999999999997,14.0,46.5,210.83008144191848,56,0.5264832789528235,1.0,4.199999999999999,9.919999999999991,38.0,0.9055249296335737,43,15761.176321420924,17252.740958771486,33013.917280192414,4741.5999999999985
366,739,425,22.506850682258005,9.240866035182679,7.239242219215166,12.110608930987834,42.596752368064955,16.79472259810554,35.45553913227419,49.648173207036535,172.60232776630917,18.0,9.899999999999997,14.06,46.5,209.83008144191848,56,0.26324163947641177,1.0,4.199999999999999,9.919999999999991,38.0,0.7578559206040789,43,16632.562654188667,15068.60413121653,31701.1667854052,3960.499999999999
367,768,399,21.01780951781726,9.21875,7.216145833333336,12.087656250000004,42.574869791666664,16.195312499999996,35.03906778204727,49.893229166666664,215.2389973247663,18.0,9.899999999999997,14.06,47.0,183.83503974361327,57,0.26324163947641177,1.0,4.199999999999999,9.85999999999999,38.0,1.0,43,16141.677709683654,13980.58804503686,30122.265754720516,3830.099999999999
368,797,354,20.615819429302974,9.259723964868256,7.237766624843159,12.098444165621075,42.60539523212045,16.469887076537006,34.87115081705477,50.095357590966124,199.96645017075502,18.0,9.899999999999997,14.06,47.0,151.88028635799364,57,0.26324163947641177,1.0,4.199999999999999,9.85999999999999,37.5,0.22200379782459922,43,16430.80808515447,12344.387389237389,28775.195474391858,4187.5999999999985
369,841,333,18.168023844769028,9.328180737217599,7.269322235434004,12.120023781212845,42.63139120095125,15.769084423305594,36.20082001604957,50.29726516052319,199.96645017075502,18.0,9.899999999999997,14.06,47.0,150.88028635799364,57,0.26324163947641177,1.0,4.199999999999999,9.85999999999999,37.5,0.03380093116646865,43,15279.308053450754,12054.873065344505,27334.18111879526,4118.699999999999
370,867,297,18.490986650876007,9.271049596309112,7.235063437139565,12.092525951557105,42.6159169550173,16.15755478662052,33.956744366858636,50.50173010380623,199.96645017075502,18.0,9.899999999999997,14.06,47.0,149.88028635799364,57,0.26324163947641177,1.0,4.199999999999999,9.85999999999999,37.5,0.29641168109424676,43,16031.685426309497,10085.153076957014,26116.83850326651,4439.0999999999985
371,868,284,18.44520669585333,9.288018433179724,7.245622119815668,12.098940092165897,42.6278801843318,16.94838709677419,31.53884847981482,50.67626728110599,276.7490315030567,18.0,9.899999999999997,14.06,47.0,148.88028635799364,57,0.26324163947641177,1.0,4.199999999999999,9.85999999999999,37.5,0.6219802700954142,44,16010.439412000691,8957.03296826741,24967.4723802681,5270.299999999998
372,872,267,17.80523025700037,9.182339449541285,7.226834862385318,12.07442660550459,42.606651376146786,17.393807339449534,30.99035722548722,50.84977064220183,276.7490315030567,18.0,9.899999999999997,14.06,47.0,122.70696672166325,57,0.5264832789528235,1.0,4.199999999999999,9.79999999999999,37.5,0.47911494823150313,44,15526.160784104324,8274.425379205088,23800.58616330941,4957.799999999998
373,861,270,16.665884079359543,9.02903600464576,7.1919860627177705,12.049895470383273,42.59698025551684,17.614750290360035,31.22060069558652,51.06155632984901,276.7490315030567,18.0,9.999999999999996,14.06,47.5,166.98191823698903,57,0.5264832789528235,1.0,4.199999999999999,9.73999999999999,37.5,0.9499067533742487,44,14349.326192328566,8429.56218780836,22778.888380136927,5238.499999999999
374,856,266,16.167764849485234,9.125,7.260514018691592,12.099906542056083,42.65070093457944,18.05549065420559,29.704621617527227,51.13551401869159,276.7490315030567,18.0,9.999999999999996,14.06,47.5,175.81386091766316,57,0.6807915452456131,1.0,4.199999999999999,9.73999999999999,37.5,0.200360674412011,44,13839.60671115936,7901.429350262242,21741.036061421604,5090.199999999999
375,851,249,15.99069374810763,9.072855464159812,7.232549941245596,12.085358401880152,42.65334900117509,18.011280846063435,28.449210439489036,51.334900117508816,276.7490315030567,18.0,9.899999999999997,14.06,47.5,213.30571342126262,58,0.6807915452456131,1.0,4.199999999999999,9.73999999999999,37.5,1.0,44,13608.080379639592,7083.85339943277,20691.933779072362,4821.899999999999
376,853,239,15.93664736291482,8.980070339976553,7.1920281359906255,12.054536928487687,42.655920281359904,18.049355216881583,25.605077281933053,51.54396248534584,228.21539041549204,18.0,9.999999999999996,14.06,47.5,276.7490315030567,59,0.35654980976883105,1.0,4.199999999999999,9.73999999999999,38.0,0.4210512897942542,44,13593.960200566342,6119.613470382,19713.573670948343,4568.0999999999985
377,817,249,14.70479591468915,8.916768665850674,7.166095471236238,12.040930232558125,42.665238678090574,17.83059975520197,27.031327100725235,51.7515299877601,278.2329290059477,18.0,9.999999999999996,14.06,47.5,177.71351041603413,59,0.35654980976883105,1.0,4.1,9.73999999999999,38.0,0.00785735878314675,44,12013.818262301036,6730.800448080584,18744.61871038162,4896.399999999999
378,812,230,15.24025140564388,8.830049261083744,7.097413793103458,11.986083743842347,42.64408866995074,17.864285714285728,24.236048414060612,52.03448275862069,278.2329290059477,18.0,9.999999999999996,14.06,47.5,176.71351041603413,59,0.35654980976883105,1.0,4.1,9.679999999999989,38.0,0.3380747834022184,45,12375.084141382831,5574.291135233941,17949.37527661677,4130.299999999999
379,826,206,14.829282747377091,8.80871670702179,7.083050847457619,11.971912832929775,42.643462469733656,18.52154963680388,23.09100705585896,52.19491525423729,278.2329290059477,18.0,9.999999999999996,14.06,47.5,175.71351041603413,59,0.35654980976883105,1.0,4.1,9.679999999999989,37.5,0.21094328820681785,45,12248.987549333477,4756.747453506946,17005.73500284042,4167.399999999999
380,797,224,13.455571312069806,8.80426599749059,7.123839397741534,11.992521957340028,42.66185696361355,18.414680050188213,24.249761478547615,52.35633626097867,172.41853973760303,18.0,9.899999999999997,14.06,47.5,187.82868891485128,59,0.35654980976883105,1.0,4.1,9.679999999999989,37.5,0.29641626540280797,46,10724.090335719635,5431.946571194666,16156.036906914302,4257.5999999999985
381,794,193,12.951608441469135,8.7632241813602,7.112342569269515,11.985919395465995,42.678841309823675,18.552267002518885,26.123697460743543,52.523929471032744,191.27791505351547,18.0,9.899999999999997,14.06,47.5,170.31885464756218,60,0.25978596858786485,1.0,4.1,9.79999999999999,37.5,0.039143874351459385,46,10283.577102526493,5041.873609923504,15325.450712449998,3976.399999999999
382,770,193,13.42074607695646,8.677922077922078,7.086753246753259,11.957818181818194,42.666233766233766,18.241298701298717,22.289821362182323,52.675324675324674,191.27791505351547,18.0,9.899999999999997,14.06,47.5,169.31885464756218,60,0.25978596858786485,1.0,4.1,9.73999999999999,38.0,0.1297266722994843,46,10333.974479256474,4301.935522901188,14635.910002157663,4105.399999999999
383,748,192,12.961791165387908,8.606951871657754,7.0197860962566825,11.910026737967925,42.589572192513366,18.31577540106952,21.757158051975125,52.905080213903744,172.41853973760303,18.0,9.899999999999997,14.06,47.5,165.4186602091073,60,0.25978596858786485,1.0,4.1,9.73999999999999,38.0,0.2611816589788445,46,9695.419791710156,4177.374345979224,13872.79413768938,4115.0999999999985
384,726,200,12.207460375385434,8.487603305785123,6.987465564738292,11.881157024793408,42.57575757575758,18.205096418732776,21.819837406370784,53.09090909090909,172.41853973760303,18.0,9.899999999999997,14.120000000000001,47.5,166.78964653066365,60,0.35654980976883105,1.0,4.1,9.73999999999999,38.0,0.05766704000452183,46,8862.616232529825,4363.967481274157,13226.583713803982,4089.499999999999
385,688,202,12.114441639360614,8.482558139534884,6.999127906976752,11.88090116279072,42.59520348837209,17.67470930232557,21.533142526974178,53.23546511627907,174.7842920100586,18.0,9.899999999999997,14.120000000000001,47.5,169.80080787665622,60,0.5085471841909348,1.0,4.1,9.73999999999999,38.0,0.23063326326492128,46,8334.735847880102,4349.694790448784,12684.430638328886,3624.699999999999
386,695,170,11.979655378718991,8.611510791366907,7.088776978417263,11.950676258992818,42.67122302158273,17.943453237410054,21.315895952726763,53.31223021582734,172.41259650858524,18.0,9.899999999999997,14.120000000000001,47.5,172.41853973760303,60,0.5032842381127333,1.0,4.1,9.73999999999999,38.0,0.017069185626086725,48,8325.860488209699,3623.7023119635496,11949.562800173248,3248.299999999999
387,686,178,11.128466202404066,8.51603498542274,7.077842565597661,11.944606413994173,42.661078717201164,17.602332361516016,19.869918437688717,53.47959183673469,172.41259650858524,18.0,9.899999999999997,14.120000000000001,47.5,171.41853973760303,60,0.28813984170042334,1.0,4.1,9.73999999999999,38.0,0.05358787263721965,48,7634.127814849189,3536.845481908592,11170.97329675778,3512.299999999999
388,669,167,11.529478076440348,8.684603886397609,7.202840059790731,12.038654708520188,42.775784753363226,18.560239162929744,17.66310562799421,53.464872944693575,172.41259650858524,18.0,9.899999999999997,14.120000000000001,47.5,170.41853973760303,60,0.28813984170042334,1.0,4.1,9.73999999999999,38.0,0.19365405125751067,48,7713.220833138594,2949.738639875033,10662.959473013627,3610.099999999999
389,623,183,11.336118127115729,8.680577849117174,7.261155698234342,12.07845906902087,42.859550561797754,18.711075441412518,16.90621467956115,53.54414125200642,173.47498301745318,18.0,9.899999999999997,14.120000000000001,47.5,170.05274162674982,60,0.28813984170042334,1.0,4.1,9.73999999999999,38.0,0.07811791184797734,48,7062.401593193099,3093.83728635969,10156.23887955279,3742.499999999999
390,629,162,10.241825415485108,8.650238473767885,7.292686804451507,12.103179650238475,42.91335453100159,18.782670906200316,19.079897769857038,53.68203497615262,173.47498301745318,18.0,9.899999999999997,14.06,47.5,169.05274162674982,60,0.28813984170042334,1.0,4.1,9.79999999999999,38.0,0.1282761123056697,48,6442.108186340133,3090.9434387168403,9533.051625056974,3007.7999999999993
391,599,166,9.897322807186601,8.599332220367279,7.303505843071782,12.118163606010027,42.924874791318864,19.013021702838056,19.326774304723184,53.81636060100167,172.77610147221785,18.0,9.899999999999997,14.06,47.5,173.47498301745318,61,0.28813984170042334,1.0,4.1,9.79999999999999,38.0,0.02073513325253451,48,5928.496361504774,3208.2445345840483,9136.740896088822,3223.599999999999
392,578,161,10.123146271740064,8.570934256055363,7.374567474048443,12.176332179930801,43.02768166089965,18.241695501730106,17.11082537984134,53.8961937716263,172.77610147221785,17.0,9.899999999999997,14.06,47.5,172.47498301745318,61,0.28813984170042334,1.0,4.199999999999999,9.79999999999999,38.5,0.007919588360478791,48,5851.178545065756,2754.8428861544558,8606.021431220212,2769.0999999999995
393,556,141,10.359517902508337,8.595323741007194,7.365647482014389,12.168057553956828,43.02517985611511,18.156115107913653,16.84146172058069,54.089928057553955,170.61289918290458,17.0,9.899999999999997,14.06,47.5,172.77610147221785,61,0.2881911579209348,1.0,4.199999999999999,9.79999999999999,39.0,0.05383199446859477,48,5759.891953794635,2374.646102601877,8134.538056396512,2925.499999999999
394,544,158,9.830555103834378,8.711397058823529,7.500183823529408,12.268492647058839,43.13143382352941,17.279044117647054,14.287110704414726,54.08639705882353,171.10508536809732,17.0,9.899999999999997,14.06,47.5,171.77610147221785,61,0.2881911579209348,1.0,4.1,9.85999999999999,38.5,0.076687916745376,48,5347.821976485901,2257.3634912975267,7605.185467783428,2722.9999999999995
395,529,137,9.547704042912931,8.657844990548204,7.443478260869567,12.22801512287335,43.06332703213611,18.095274102079376,15.581026793172228,54.28166351606805,171.10508536809732,17.0,9.899999999999997,14.06,47.5,170.77610147221785,62,0.2881911579209348,1.0,4.1,9.85999999999999,38.5,0.009866118599471951,48,5050.735438700941,2134.6006706645953,7185.336109365537,2783.0999999999995
396,506,136,9.76130178752207,8.496047430830039,7.4144268774703646,12.207944664031622,43.00296442687747,18.492490118577066,13.767392096898181,54.480237154150196,171.10508536809732,17.0,9.899999999999997,14.06,47.0,169.77610147221785,62,0.26775613243351626,1.0,4.1,9.85999999999999,38.5,0.14737610837616555,48,4939.218704486168,1872.3653251781527,6811.58402966432,2994.0999999999995
397,504,109,9.539564500101624,8.488095238095237,7.479960317460323,12.25511904761905,43.035714285714285,18.519841269841287,13.982197981704724,54.567460317460316,171.86144006464505,17.0,9.899999999999997,14.06,47.0,128.90822201606593,62,0.26775613243351626,1.0,4.1,9.85999999999999,38.5,0.178000096392676,49,4807.940508051219,1524.059580005815,6332.000088057033,2216.3999999999996
398,509,112,8.214585621291636,8.50687622789784,7.522789783889981,12.282043222003935,43.02259332023576,17.69980353634576,15.62266169690598,54.66994106090373,135.4406696047081,17.0,9.899999999999997,14.06,47.0,166.0458922611889,62,0.26249235461091275,1.0,4.1,9.919999999999991,38.5,0.12328902444280931,49,4181.224081237443,1749.7381100534699,5930.962191290913,2048.9999999999995
399,503,101,8.05842812707457,8.542743538767395,7.601391650099412,12.344691848906566,43.061630218687874,17.826043737574558,15.481394492609809,54.693836978131216,124.4061191300776,17.0,9.899999999999997,14.06,47.0,165.0458922611889,62,0.26249235461091275,1.0,4.1,9.919999999999991,38.5,0.33039252117573314,49,4053.389347918509,1563.6208437535906,5617.0101916721,2072.2999999999993
400,478,103,7.8544682009665,8.589958158995817,7.65376569037657,12.379748953974905,43.10878661087866,18.11401673640167,15.239155235966624,54.80543933054393,124.4061191300776,17.0,9.899999999999997,14.06,47.0,164.0458922611889,62,0.26249235461091275,1.0,4.1,9.919999999999991,38.5,0.5601277344745594,49,3754.4358000619873,1569.6329893045622,5324.068789366549,2183.4999999999995
401,463,101,8.251853956051887,8.771058315334773,7.758099352051841,12.457753779697633,43.17818574514039,18.580993520518355,12.391100510798093,54.81857451403888,170.49370782434153,18.0,9.899999999999997,14.06,47.0,120.47275849027997,62,0.26249235461091275,1.0,4.1,9.919999999999991,38.5,0.36739781503726476,50,3820.6083816520236,1251.5011515906074,5072.109533242631,1954.6999999999996
402,448,95,7.746486235836507,8.633928571428571,7.796651785714293,12.480714285714301,43.228794642857146,18.990401785714308,14.332189207438502,54.91517857142857,170.49370782434153,18.0,9.899999999999997,14.06,47.0,124.4061191300776,62,0.26775613243351626,1.0,4.1,9.85999999999999,38.5,0.09644495115334006,50,3470.425833654755,1361.5579747066577,4831.983808361412,2068.9999999999995
403,415,108,7.379816722045272,8.556626506024097,7.7922891566265085,12.486409638554221,43.22650602409639,19.113012048192772,14.582876503572672,55.01204819277108,170.49370782434153,18.0,9.899999999999997,14.06,47.0,123.4061191300776,61,0.26775613243351626,1.0,4.1,9.79999999999999,38.5,0.05737121898292963,50,3062.623939648788,1574.9506623858485,4637.574602034637,2144.5999999999995
404,398,96,8.280334708439243,8.537688442211055,7.793467336683415,12.495477386934676,43.23743718592965,18.532160804020105,10.860809913577482,55.15075376884422,130.59109606826465,18.0,9.899999999999997,14.06,47.0,71.81191159142006,62,0.26775613243351626,1.0,4.1,9.79999999999999,38.5,0.13295740656687816,50,3295.573213958819,1042.6377517034382,4338.210965662257,1541.0999999999997
405,389,86,7.7819290128891385,8.480719794344473,7.790231362467871,12.485038560411327,43.2814910025707,17.808483290488432,11.793472833754707,55.30848329048843,120.9352580939275,18.0,9.899999999999997,13.879999999999999,47.0,120.38358864332538,62,0.2643428047457324,1.0,4.1,9.79999999999999,38.5,0.3725862571770662,50,3027.170386013875,1014.2386637029049,4041.40904971678,1502.2999999999997
406,393,79,7.84147734461155,8.38676844783715,7.820610687022901,12.500000000000009,43.26844783715013,17.182697201017817,8.793977128149244,55.40203562340967,123.47059976703223,18.0,9.899999999999997,13.94,47.0,45.85104198434462,62,0.2643428047457324,1.0,4.1,9.79999999999999,38.5,0.11323287382153535,50,3081.7005964323394,694.7241931237903,3776.42478955613,1222.5999999999997
407,395,69,6.862920484464262,8.313924050632911,7.782531645569618,12.468708860759504,43.268354430379745,17.786329113924054,12.31480026339811,55.55696202531646,123.47059976703223,18.0,9.799999999999997,13.94,47.0,120.9352580939275,62,0.2930504454555899,1.0,4.1,9.79999999999999,38.5,0.6607850423514663,51,2710.8535913633837,849.7212181744696,3560.574809537853,1428.5999999999997
408,379,75,7.369575672109276,8.139841688654354,7.753562005277042,12.43873350923484,43.25065963060686,18.034036939313975,8.138448712711291,55.696569920844325,124.02774656302103,18.0,9.799999999999997,13.94,47.0,66.83659526492761,62,0.2810728423246027,1.0,4.1,9.79999999999999,38.5,0.4008170590962946,51,2793.0691797294157,610.3836534533468,3403.4528331827623,1626.7999999999997
409,367,66,6.616072919889368,8.11716621253406,7.682016348773839,12.389972752043608,43.18528610354223,19.31607629427793,12.345131833379593,55.82016348773842,95.02423234212819,18.0,9.799999999999997,13.94,47.0,124.02774656302103,63,0.2810728423246027,1.0,4.1,9.79999999999999,38.5,0.09521024873171502,51,2428.098761599398,814.7787010030531,3242.8774626024515,1638.1999999999998
410,346,68,6.718989732252408,8.147398843930636,7.694508670520224,12.396994219653179,43.1893063583815,19.543641618497123,11.14625319321984,55.87861271676301,127.29196865839535,18.0,9.799999999999997,14.0,47.0,122.47059976703223,64,0.2810728423246027,1.0,4.199999999999999,9.79999999999999,38.5,0.720397394276109,51,2324.770447359333,757.9452171389491,3082.7156644982824,1634.4999999999998
411,344,55,6.633838062891527,8.034883720930232,7.714825581395343,12.416976744186053,43.218023255813954,19.709302325581394,10.625328221402711,55.95639534883721,129.2693610862226,18.0,9.799999999999997,14.0,47.0,93.1467755412687,64,0.2810728423246027,1.0,4.199999999999999,9.79999999999999,38.5,1.1084428498601584,51,2282.0402936346854,584.3930521771491,2866.4333458118344,1241.4999999999998
412,327,65,6.677755378994455,8.174311926605505,7.865137614678897,12.53284403669725,43.39908256880734,20.174311926605508,7.304377720361552,55.972477064220186,95.82323151685536,18.0,9.799999999999997,14.0,47.0,35.18232694746263,64,0.2810728423246027,1.0,4.199999999999999,9.79999999999999,38.5,0.1084428498601584,51,2183.626008931187,474.7845518235009,2658.4105607546876,1415.2999999999997
413,309,74,6.434795811025825,8.307443365695793,8.02621359223301,12.654174757281565,43.59708737864078,19.211326860841417,6.581133364045761,56.00970873786408,64.6346805431113,17.0,9.799999999999997,14.0,47.0,34.18232694746263,64,0.36465436929257267,1.0,4.199999999999999,9.79999999999999,38.5,0.07964356460427391,51,1988.35190560698,487.00386893938634,2475.3557745463663,1305.9999999999995
414,297,61,6.350439118276207,8.346801346801346,8.055218855218856,12.67292929292929,43.63299663299663,20.282491582491577,7.660600512750796,56.06734006734007,64.6346805431113,17.0,9.799999999999997,14.0,47.5,62.857760660874526,63,0.25577661591355805,1.0,4.199999999999999,9.79999999999999,38.5,0.21945572181152717,51,1886.0804181280337,467.29663127779855,2353.377049405832,1119.9999999999998
415,267,76,6.300598259854566,8.333333333333334,8.076779026217228,12.686516853932579,43.6123595505618,20.039700374531833,7.124558060482861,56.13857677902622,64.6346805431113,17.0,9.799999999999997,14.0,47.5,61.857760660874526,64,0.25577661591355805,1.0,4.199999999999999,9.79999999999999,38.5,0.08414690310371897,51,1682.259735381169,541.4664125966974,2223.7261479778663,1357.1999999999998
416,259,63,5.867307821243071,8.22007722007722,8.02818532818533,12.640617760617758,43.602316602316606,21.368339768339762,9.126613297650813,56.4015444015444,64.6346805431113,17.0,9.799999999999997,14.0,47.5,60.857760660874526,64,0.25577661591355805,1.0,4.199999999999999,9.79999999999999,38.5,0.0542214249300792,52,1519.6327257019555,574.9766377520012,2094.6093634539566,1223.3999999999999
417,237,73,5.9758197498422945,8.109704641350211,8.015611814346,12.64101265822785,43.61181434599156,21.633755274261606,7.630231213223281,56.58227848101266,64.8873184567219,17.0,9.799999999999997,14.0,47.5,64.6346805431113,64,0.25577661591355805,1.0,4.199999999999999,9.73999999999999,38.5,0.4558645684635996,52,1416.2692807126239,557.0068785652995,1973.2761592779234,1337.2999999999997
418,209,75,6.6579921575282714,8.263157894736842,8.100000000000005,12.711578947368416,43.70334928229665,21.347846889952155,6.322117371488564,56.63636363636363,69.42605067230474,17.0,9.799999999999997,14.0,47.5,50.805637999650024,64,0.25577661591355805,1.0,4.199999999999999,9.73999999999999,38.5,0.36465436929257267,52,1391.5203609234088,474.1588028616423,1865.679163785051,1038.3999999999999
419,190,75,5.857349412001319,8.194736842105263,8.08894736842106,12.708421052631579,43.776315789473685,20.3057894736842,8.147199887148048,56.8,40.20990203742501,17.0,9.799999999999997,14.0,47.5,64.8873184567219,64,0.25577661591355805,1.0,4.199999999999999,9.73999999999999,38.5,0.22159861974802642,52,1112.8963882802507,611.0399915361036,1723.9363798163542,1038.1
420,191,48,6.033661944430322,8.204188481675393,8.1282722513089,12.733089005235607,43.81937172774869,20.267015706806276,9.262198798199192,56.86910994764398,32.44072994472726,17.0,9.799999999999997,14.0,47.5,63.8873184567219,64,0.25577661591355805,1.0,4.199999999999999,9.73999999999999,38.5,0.3453947767117551,52,1152.4294313861915,444.5855423135612,1597.0149736997528,521.0999999999999
421,190,41,5.691129037815578,8.057894736842105,8.126842105263162,12.72452631578947,43.91842105263158,19.387368421052628,9.861578622474664,56.96842105263158,25.57031053373877,17.0,9.799999999999997,14.0,48.0,62.8873184567219,64,0.25577661591355805,1.0,4.199999999999999,9.73999999999999,39.0,0.6668457189949263,52,1081.3145171849599,404.32472352146124,1485.639240706421,670.6999999999999
422,196,33,6.039054284471439,7.841836734693878,8.04795918367348,12.659183673469387,43.91581632653061,18.72959183673469,6.392535666723706,57.22959183673469,66.95622937371355,17.0,9.799999999999997,14.0,48.0,25.63084858377889,65,0.25577661591355805,1.0,4.199999999999999,9.73999999999999,39.0,0.8042644530004526,52,1183.654639756402,210.9536770018823,1394.6083167582844,525.4999999999999
423,187,35,5.222381670759514,7.67379679144385,8.04866310160428,12.646631016042774,43.92513368983957,19.039572192513365,9.584390115828665,57.42245989304813,25.57031053373877,17.0,9.799999999999997,14.0,48.0,66.95622937371355,65,0.25577661591355805,1.0,4.199999999999999,9.73999999999999,39.0,0.3084162583100194,52,976.5853724320291,335.45365405400327,1312.0390264860323,796.9999999999999
424,181,36,5.327314011251543,7.7292817679558015,8.07403314917127,12.66243093922652,43.93646408839779,17.860220994475146,7.323934558534749,57.66298342541437,63.5428261201005,17.0,9.799999999999997,14.0,48.0,65.95622937371355,65,0.25577661591355805,1.0,4.199999999999999,9.73999999999999,39.0,0.8016341181925892,52,964.2438360365294,263.66164410725094,1227.9054801437803,599.4999999999999
425,185,29,4.87548836609831,7.697297297297298,8.113513513513514,12.703351351351353,43.986486486486484,17.013513513513512,8.292013866547812,57.6972972972973,63.5428261201005,17.0,9.799999999999997,14.06,48.0,64.95622937371355,65,0.25577661591355805,1.0,4.199999999999999,9.73999999999999,39.0,0.3224855127973716,53,901.9653477281873,240.46840212988656,1142.433749858074,363.99999999999994
426,180,28,4.799711895139835,7.85,8.232777777777775,12.819666666666674,44.11944444444445,17.16611111111111,7.729693263947252,57.66111111111111,66.91900029248225,17.0,9.799999999999997,14.06,48.0,63.5428261201005,65,0.25577661591355805,1.0,4.199999999999999,9.73999999999999,39.0,0.36465436929257267,53,863.9481411251703,216.43141139052304,1080.3795525156934,550.4999999999999
427,170,27,4.9932438409642055,7.635294117647059,8.15529411764706,12.777058823529414,44.11176470588235,16.238235294117647,6.200401402850349,57.72352941176471,66.8684722622858,14.0,9.799999999999997,14.06,48.0,22.57031053373877,65,0.25577661591355805,1.0,4.199999999999999,9.79999999999999,39.0,0.7925379653704296,53,848.851452963915,167.41083787695942,1016.2622908408744,450.19999999999993
428,178,13,5.05347113028451,7.578651685393258,8.088202247191012,12.731573033707866,44.11797752808989,17.108988764044945,4.737539862572584,57.79213483146067,66.8684722622858,14.0,9.799999999999997,14.06,48.5,8.556336457399722,65,0.25577661591355805,1.0,4.199999999999999,9.79999999999999,39.0,0.5115532318271161,53,899.5178611906429,61.58801821344359,961.1058794040864,275.29999999999995
429,167,19,4.644453576207568,7.431137724550898,8.042514970059878,12.699760479041917,44.16467065868263,17.977844311377243,8.760578688604362,57.952095808383234,23.345545255869038,14.0,9.799999999999997,14.06,48.5,66.8684722622858,65,0.25577661591355805,1.0,4.299999999999999,9.79999999999999,39.5,1.1411782976920168,53,775.6237472266639,166.45099508348287,942.0747423101468,539.5
430,162,19,4.907105277674056,7.327160493827161,8.014197530864198,12.673333333333332,44.1820987654321,19.5395061728395,6.2808099191401325,58.04320987654321,66.75608962335095,14.0,9.799999999999997,14.06,48.5,23.345545255869038,65,0.32031295080881667,1.0,4.299999999999999,9.79999999999999,39.5,0.9778740205748546,53,794.9510549831971,119.33538846366253,914.2864434468596,500.8999999999999
431,153,19,5.052743384690036,7.222222222222222,8.051633986928108,12.72745098039216,44.28104575163399,20.99999999999999,5.295201782038075,57.92156862745098,33.37804481167547,14.0,9.799999999999997,14.06,48.5,16.729750073120563,65,0.32031295080881667,1.0,4.299999999999999,9.79999999999999,39.5,0.5611367064473516,53,773.0697378575754,100.60883385872343,873.6785717162988,513.3
432,144,27,4.726837297174252,7.173611111111111,8.089583333333334,12.755833333333337,44.31597222222222,21.611805555555545,5.488829017036543,57.99305555555556,33.37804481167547,15.0,9.799999999999997,14.06,48.5,15.729750073120563,65,0.32031295080881667,1.0,4.299999999999999,9.79999999999999,39.5,1.6449710255947432,53,680.6645707930923,148.19838345998664,828.8629542530789,618.3
433,131,33,4.607657572430357,7.076335877862595,7.958778625954199,12.667633587786264,44.270992366412216,20.582442748091598,5.6449936358946795,58.25190839694657,33.37804481167547,15.0,9.799999999999997,14.06,48.5,26.144603203702026,65,0.32031295080881667,1.0,4.399999999999999,9.79999999999999,39.5,0.6449710255947432,53,603.6031419883768,186.28478998452442,789.8879319729012,380.4
434,135,28,4.15828314661692,6.9037037037037035,7.843703703703705,12.598666666666672,44.25185185185185,20.548148148148137,6.241378932952452,58.44444444444444,16.57819209028966,15.0,9.799999999999997,14.06,48.5,33.37804481167547,65,0.32031295080881667,1.0,4.399999999999999,9.79999999999999,40.5,0.4991602990624089,53,561.3682247932843,174.75861012266867,736.1268349159529,284.1
435,137,20,4.180345191808401,6.781021897810219,7.781751824817517,12.532846715328471,44.215328467153284,20.343065693430646,5.637844710768942,58.53284671532847,29.009843130002864,15.0,9.799999999999997,14.06,48.5,32.37804481167547,65,0.32031295080881667,1.0,4.399999999999999,9.79999999999999,40.5,0.10487087426824715,53,572.707291277751,112.75689421537884,685.4641854931298,296.4
436,136,15,4.327172028011145,6.6911764705882355,7.680147058823528,12.44573529411765,44.12132352941177,21.582352941176467,4.613619963884039,58.720588235294116,32.42110871204033,15.0,9.799999999999997,14.06,48.5,11.729750073120563,65,0.32031295080881667,1.0,4.399999999999999,9.79999999999999,40.5,0.01440722088733093,53,588.4953958095158,69.20429945826059,657.6996952677764,342.2
437,130,17,4.19918783401493,6.7846153846153845,7.719999999999997,12.467692307692309,44.18846153846154,21.948461538461544,4.969846796064651,58.87692307692308,32.42110871204033,15.0,9.799999999999997,14.06,48.5,12.918528556924931,65,0.32031295080881667,1.0,4.399999999999999,9.79999999999999,40.5,0.568698084397072,53,545.8944184219409,84.48739553309906,630.38181395504,435.69999999999993
438,119,17,4.265517387541122,6.848739495798319,7.721008403361341,12.478823529411766,44.1890756302521,22.372268907563022,5.969434471046963,59.08403361344538,32.42110871204033,15.0,9.799999999999997,14.06,48.5,29.009843130002864,66,0.32031295080881667,1.0,4.399999999999999,9.73999999999999,40.5,0.3539099037686366,55,507.59656911739347,101.48038600779837,609.0769551251918,320.49999999999994
439,122,10,4.23031755821146,6.655737704918033,7.622131147540978,12.388852459016398,44.135245901639344,23.142622950819664,5.785379472549418,59.204918032786885,31.008996559991363,15.0,9.799999999999997,14.06,48.5,12.317230153800024,66,0.3443703249299856,1.0,4.399999999999999,9.73999999999999,40.5,0.7097301971276386,55,516.098742101798,57.85379472549418,573.9525368272922,239.69999999999996
440,115,18,4.0461124599249105,6.434782608695652,7.39652173913043,12.197913043478264,43.969565217391306,22.21391304347826,4.5657055399896045,59.46086956521739,16.643174319170583,15.0,9.799999999999997,14.06,48.5,11.317230153800024,66,0.32257456044900634,1.0,4.399999999999999,9.73999999999999,40.5,1.6088425763188008,55,465.30293289136466,82.18269971981289,547.4856326111776,259.9
441,114,14,4.0198286548989035,6.315789473684211,7.319298245614035,12.121578947368418,43.85087719298246,21.526315789473685,3.729967206551433,59.59649122807018,16.516874207220358,15.0,9.899999999999997,14.06,48.5,7.445836285446521,66,0.32257456044900634,1.0,4.399999999999999,9.73999999999999,40.5,1.0549564009276606,55,458.260466658475,52.219540891720065,510.48000755019507,186.09999999999997
442,111,11,3.945451462644001,6.2342342342342345,7.316216216216214,12.118378378378377,43.869369369369366,21.985585585585586,4.646787450903044,59.65765765765766,16.516874207220358,15.0,9.899999999999997,14.06,48.5,15.504498279995682,65,0.32257456044900634,1.0,4.399999999999999,9.79999999999999,40.5,0.6298194321957754,55,437.94511235348415,51.11466195993348,489.0597743134176,203.59999999999997
443,106,14,3.6451118753470095,5.981132075471698,7.16320754716981,11.987169811320754,43.7877358490566,22.0688679245283,5.612743387360395,60.04716981132076,16.516874207220358,15.0,9.899999999999997,14.06,48.5,13.054098948370017,65,0.32257456044900634,1.0,4.399999999999999,9.79999999999999,40.5,0.8295847400908194,55,386.381858786783,78.57840742304553,464.96026620982855,376.3999999999999
444,93,21,3.785824042833196,6.064516129032258,7.1043010752688165,11.943870967741935,43.89247311827957,22.074193548387097,4.456258955632668,60.1505376344086,16.44256056499514,15.0,9.899999999999997,14.06,48.5,16.516874207220358,65,0.32257456044900634,1.0,4.399999999999999,9.79999999999999,40.5,0.5027811930295345,55,352.0816359834872,93.58143806828603,445.66307405177326,387.49999999999983
445,95,14,3.6848759041622383,6.126315789473685,7.135789473684208,11.975157894736844,43.973684210526315,21.511578947368424,3.993304052604384,60.136842105263156,18.80785424694745,15.0,9.899999999999997,14.06,49.0,15.516874207220358,65,0.3443703249299856,1.0,4.399999999999999,9.79999999999999,40.5,0.24111154823193703,55,350.0632108954126,55.90625673646138,405.969467631874,147.39999999999995
446,89,14,3.743820855613024,6.46067415730337,7.187640449438199,12.020000000000003,44.03370786516854,20.74157303370787,3.4251180223923354,60.2247191011236,16.569191996460503,15.0,9.899999999999997,14.06,49.0,8.22128028249757,66,0.32968447544047735,1.0,4.399999999999999,9.79999999999999,40.5,0.3443703249299856,55,333.20005614955915,47.951652313492694,381.1517084630518,235.89999999999992
447,83,15,3.594393865886349,6.349397590361446,7.166265060240963,11.993975903614455,43.95783132530121,19.38072289156627,4.18306821820818,60.28915662650602,12.717217475451282,15.0,9.899999999999997,14.06,49.0,9.02456228234545,66,0.32968447544047735,1.0,4.399999999999999,9.79999999999999,40.5,0.4067853630960343,56,298.33469086856695,62.746023273122695,361.08071414168967,170.09999999999997
448,87,8,3.6886711464214135,6.264367816091954,7.145977011494249,11.988965517241377,43.97701149425287,18.65977011494253,1.9617512414690232,60.41379310344828,9.736770530891153,15.0,9.899999999999997,14.06,49.0,4.407076778290425,66,0.2660996560158907,1.0,4.399999999999999,9.79999999999999,40.5,0.12424917304767824,56,320.914389738663,15.694009931752186,336.60839967041517,38.49999999999998
449,83,8,3.3376735813133944,5.9397590361445785,7.124096385542165,12.002650602409632,44.04819277108434,18.902409638554214,6.17993093756013,60.44578313253012,9.736770530891153,15.0,9.899999999999997,14.06,49.0,9.327702380680794,66,0.2660996560158907,1.0,4.499999999999998,9.79999999999999,40.5,0.026319294502520574,56,277.02690724901174,49.43944750048104,326.4663547494928,190.29999999999995
450,81,9,3.3459713584247806,5.925925925925926,7.122222222222219,12.009629629629625,44.05555555555556,19.112345679012346,4.964831799005963,60.46913580246913,12.605947986916762,15.0,9.899999999999997,14.06,49.0,8.327702380680794,66,0.2660996560158907,1.0,4.499999999999998,9.79999999999999,40.5,0.6593689508809547,56,271.02368003240724,44.68348619105367,315.7071662234609,90.39999999999996
451,77,11,3.4837089696091117,5.896103896103896,7.1402597402597365,12.00441558441558,44.064935064935064,18.923376623376626,3.438927196688499,60.55844155844156,12.605947986916762,14.0,9.899999999999997,14.06,49.0,9.513142186111963,66,0.2660996560158907,1.0,4.499999999999998,9.79999999999999,40.5,0.4713554667206874,56,268.2455906599016,37.82819916357349,306.07378982347507,110.39999999999995
452,77,4,3.4823705222258234,5.87012987012987,7.138961038961036,12.007532467532462,44.03896103896104,20.150649350649346,5.909663348042079,60.57142857142857,11.588474451115689,14.0,9.899999999999997,14.06,49.0,12.605947986916762,66,0.2660996560158907,1.0,4.499999999999998,9.79999999999999,40.5,1.00953700681685,56,268.1425302113884,23.638653392168315,291.7811836035567,119.19999999999997
453,71,9,3.4095454011283652,5.690140845070423,7.045070422535212,11.92197183098591,43.943661971830984,19.96619718309859,4.880327246705482,60.732394366197184,14.040140619639551,14.0,9.899999999999997,13.94,49.0,11.09402872829751,66,0.2660996560158907,1.0,4.499999999999998,9.79999999999999,40.5,0.009537006816850102,56,242.07772348011392,43.92294522034934,286.0006687004633,131.49999999999994
454,72,5,3.3995906022692877,5.902777777777778,7.193055555555556,12.04083333333333,44.02777777777778,20.290277777777774,4.8970240535456195,60.69444444444444,9.55462186746513,14.0,9.899999999999997,13.94,49.0,10.09402872829751,66,0.2660996560158907,1.0,4.499999999999998,9.79999999999999,40.5,1.2786694642084508,56,244.77052336338872,24.485120267728096,269.2556436311168,75.29999999999994
455,70,5,3.386394426601799,5.8428571428571425,7.174285714285713,12.05771428571428,44.121428571428574,20.221428571428568,4.598857191258953,60.77142857142857,14.888265953855353,14.0,9.899999999999997,14.0,49.0,8.711694336194318,66,0.2660996560158907,1.0,4.499999999999998,9.79999999999999,40.5,0.9980826470647093,56,237.04760986212594,22.994285956294767,260.0418958184207,85.6
456,70,5,3.2053343778744514,5.928571428571429,7.28142857142857,12.174285714285707,44.25714285714286,19.66142857142857,4.488566993712248,60.714285714285715,9.492209239287753,14.0,9.899999999999997,14.0,49.0,8.834324770429028,66,0.2660996560158907,1.0,4.499999999999998,9.85999999999999,40.5,0.6178027819217962,56,224.3734064512116,22.44283496856124,246.81624141977284,79.19999999999997
457,65,7,3.1592934792931233,5.907692307692308,7.336923076923077,12.22215384615384,44.323076923076925,21.14461538461538,5.26348035482829,60.61538461538461,9.492209239287753,14.0,9.899999999999997,14.0,49.0,7.834324770429028,66,0.2660996560158907,1.0,4.499999999999998,9.85999999999999,40.5,0.6790808807261867,56,205.35407615405302,36.84436248379803,242.19843863785104,170.79999999999998
458,59,10,3.41349048630668,5.983050847457627,7.43050847457627,12.32711864406779,44.46610169491525,23.311864406779662,3.412341906503081,60.49152542372882,14.181022982186718,14.0,9.899999999999997,14.0,49.0,6.834324770429028,65,0.2660996560158907,1.0,4.599999999999998,10.099999999999993,40.5,0.6878462368928506,56,201.39593869209412,34.12341906503081,235.51935775712494,226.89999999999998
459,57,6,3.315558819960555,5.859649122807017,7.364912280701755,12.284210526315784,44.41228070175438,24.256140350877192,5.752077442295923,60.50877192982456,14.181022982186718,14.0,9.899999999999997,14.0,49.0,10.742116563509544,65,0.2660996560158907,1.0,4.599999999999998,10.099999999999993,40.5,2.8235573564082683,56,188.98685273775163,34.51246465377554,223.49931739152717,107.39999999999998
460,53,9,3.299808273887992,5.830188679245283,7.388679245283017,12.321132075471692,44.405660377358494,26.341509433962255,4.734386541718179,60.45283018867924,14.181022982186718,14.0,9.899999999999997,14.0,49.0,9.742116563509544,65,0.2660996560158907,1.0,4.599999999999998,10.099999999999993,40.5,1.046842911742806,56,174.88983851606358,42.609478875463616,217.4993173915272,155.89999999999995
461,50,9,3.5566732050754695,6.12,7.575999999999999,12.527599999999993,44.75,25.491999999999994,2.702315683047981,60.22,14.181022982186718,14.0,9.899999999999997,14.0,49.0,7.72630771130974,64,0.5321993120317814,1.0,4.599999999999998,10.099999999999993,40.5,0.2660996560158907,56,177.83366025377347,24.32084114743183,202.1545014012053,129.09999999999997
462,50,6,3.5540285005996894,6.12,7.595999999999998,12.523999999999994,44.78,25.339999999999996,1.932916262555122,60.24,14.181022982186718,14.0,9.899999999999997,14.0,49.0,3.6643882574097386,65,0.5942596731841954,1.0,4.599999999999998,10.099999999999993,40.5,0.5348195608140842,56,177.70142502998448,11.597497575330731,189.2989226053152,41.199999999999996
463,49,4,3.354145971206378,6.0,7.479591836734691,12.431428571428562,44.734693877551024,25.010204081632647,3.8481109630829637,60.40816326530612,9.878199362558796,14.0,9.899999999999997,14.0,49.0,7.444132976927676,65,0.47708556338064084,1.0,4.599999999999998,10.099999999999993,40.5,1.3321941287048693,56,164.3531525891125,15.392443852331855,179.74559644144438,53.400000000000006
464,47,5,3.2492964855709805,5.9361702127659575,7.489361702127658,12.45404255319148,44.744680851063826,25.1531914893617,4.17398481135856,60.4468085106383,9.878199362558796,14.0,9.899999999999997,14.0,49.0,7.090511491093359,65,0.47708556338064084,1.0,4.599999999999998,10.099999999999993,40.5,1.8092270493616835,56,152.71693482183608,20.8699240567928,173.58685887862887,56.499999999999986
465,44,7,3.310573155478188,5.795454545454546,7.377272727272725,12.386818181818171,44.69318181818182,22.94545454545454,2.895319117441024,60.47727272727273,9.878199362558796,14.0,9.899999999999997,14.0,49.0,6.44333229304098,65,0.3215913138665377,1.0,4.599999999999998,10.099999999999993,40.5,0.8092270493616835,56,145.66521884104026,20.26723382208717,165.93245266312744,17.9
466,42,9,3.0116243008195682,5.738095238095238,7.35238095238095,12.33285714285713,44.595238095238095,21.238095238095234,3.333249203048442,60.666666666666664,9.878199362558796,14.0,9.899999999999997,14.0,48.5,6.975455354340192,65,0.3215913138665377,1.0,4.599999999999998,10.159999999999993,40.5,0.806889697337625,56,126.48822063442186,29.999242827435978,156.48746346185783,29.900000000000006
467,44,4,3.0127372500054803,5.5227272727272725,7.234090909090907,12.242272727272717,44.48863636363637,22.049999999999997,3.5096206748444994,60.88636363636363,9.878199362558796,14.0,9.899999999999997,14.0,48.5,5.975455354340192,66,0.3215913138665377,1.0,4.599999999999998,10.159999999999993,40.5,0.7882453159189571,56,132.56043900024113,14.038482699377997,146.59892169961913,39.20000000000002
468,42,5,3.080384667057052,5.619047619047619,7.209523809523807,12.162857142857133,44.29761904761905,21.957142857142856,2.5134776576736217,61.07142857142857,9.878199362558796,14.0,9.899999999999997,14.0,48.5,4.975455354340192,66,0.3215913138665377,1.0,4.599999999999998,10.159999999999993,40.5,0.5942596731841954,56,129.37615601639618,12.56738828836811,141.9435443047643,59.60000000000002
469,42,2,3.168021090434337,5.714285714285714,7.273809523809521,12.24999999999999,44.416666666666664,22.83095238095238,1.3758358259077208,61.023809523809526,11.964043392927852,14.0,9.899999999999997,14.0,48.5,2.108489024082366,66,0.3215913138665377,1.0,4.599999999999998,10.159999999999993,40.5,0.6431826277330754,56,133.05688579824215,2.7516716518154416,135.80855745005758,42.09999999999999
470,40,2,3.1886696460261104,5.6,7.204999999999998,12.175999999999988,44.325,25.037499999999994,3.309294490640048,61.075,11.964043392927852,14.0,9.899999999999997,14.0,48.5,3.7214703685011736,66,0.3215913138665377,1.0,4.599999999999998,10.159999999999993,40.5,2.897118612778922,56,127.54678584104441,6.618588981280096,134.1653748223245,102.1
471,38,3,3.29560556192421,5.7105263157894735,7.234210526315787,12.190526315789462,44.3421052631579,26.631578947368418,2.31078782306818,61.13157894736842,11.964043392927852,14.0,9.899999999999997,14.0,48.5,3.210152510595771,66,0.3215913138665377,1.0,4.599999999999998,10.159999999999993,40.5,1.8250923458298476,56,125.23301135311998,6.932363469204541,132.1653748223245,69.19999999999999
472,39,3,3.1337423167976675,5.923076923076923,7.361538461538458,12.316923076923066,44.48717948717949,26.325641025641026,0.8358941453656525,61.05128205128205,9.878199362558796,14.0,9.899999999999997,14.06,48.5,0.8971186127789221,66,0.3215913138665377,1.0,4.599999999999998,10.159999999999993,40.5,0.7854714774881881,56,122.21595035510903,2.5076824360969576,124.72363279120599,32.79999999999998
473,35,5,3.0208067756164887,5.914285714285715,7.271428571428571,12.275428571428561,44.51428571428571,25.908571428571427,3.147761442302189,61.2,9.878199362558796,14.0,9.899999999999997,14.06,48.5,6.960225005125739,66,0.3215913138665377,1.0,4.599999999999998,10.159999999999993,40.5,0.39273573874409407,56,105.7282371465771,15.738807211510945,121.46704435808805,76.80000000000001
474,35,3,3.028499104543505,5.857142857142857,7.257142857142855,12.278857142857133,44.51428571428571,26.385714285714283,3.5674623206035876,61.285714285714285,9.878199362558796,14.0,9.899999999999997,14.06,48.5,5.960225005125739,66,0.3215913138665377,1.0,4.599999999999998,10.159999999999993,40.5,1.0401983949481615,56,105.99746865902267,10.702386961810763,116.69985562083343,29.19999999999999
475,31,6,3.004419961443036,5.774193548387097,7.3354838709677415,12.318064516129024,44.564516129032256,27.541935483870965,3.4271394693498896,61.12903225806452,9.878199362558796,14.0,9.899999999999997,14.06,47.0,5.774118827352148,66,0.3215913138665377,1.0,4.599999999999998,10.159999999999993,41.0,0.040198394948161464,56,93.13701880473411,20.562836816099338,113.69985562083345,95.1
476,29,5,3.2220252521150616,5.931034482758621,7.410344827586205,12.328275862068956,44.56896551724138,28.779310344827586,3.0441849829097016,61.06896551724138,9.878199362558796,14.0,9.899999999999997,14.06,47.0,4.88841808060738,66,0.3215913138665377,1.0,4.599999999999998,10.159999999999993,41.0,1.1572984291752637,56,93.43873231133679,15.220924914548508,108.6596572258853,50.000000000000014
477,26,7,2.9787347441843104,5.576923076923077,7.369230769230769,12.310769230769228,44.65384615384615,29.00769230769231,3.434993049494672,61.11538461538461,10.672411444962094,14.0,9.899999999999997,14.06,47.5,5.982021696463926,66,0.3215913138665377,1.0,4.599999999999998,10.159999999999993,41.0,1.313521033867024,56,77.44710334879207,24.044951346462703,101.49205469525478,88.59999999999998
478,17,15,2.356480633165853,4.0,6.652941176470585,11.850588235294115,44.294117647058826,26.658823529411762,3.6287922620956836,61.411764705882355,7.475401673570686,8.0,9.399999999999999,13.94,47.5,10.672411444962094,66,0.3215913138665377,1.0,4.599999999999998,10.219999999999994,42.0,0.313521033867024,56,40.0601707638195,54.43188393143525,94.49205469525475,132.29999999999995
479,18,11,2.3251319436755984,4.111111111111111,6.7111111111111095,11.969999999999995,44.47222222222222,26.066666666666666,3.3750109550770038,61.44444444444444,7.475401673570686,8.0,9.399999999999999,14.0,47.5,9.672411444962094,66,0.37445299851049485,1.0,4.599999999999998,10.219999999999994,42.0,0.2893083864910624,56,41.85237498616077,37.12512050584704,78.97749549200782,0.0
480,18,6,2.3322684524831625,3.9444444444444446,6.733333333333332,11.97333333333333,44.333333333333336,24.511111111111106,4.487719425606173,61.5,7.475401673570686,8.0,9.399999999999999,14.0,47.5,8.672411444962094,66,0.3700822191705099,1.0,4.6999999999999975,10.219999999999994,41.5,0.3440824503662627,56,41.980832144696926,26.926316553637037,68.90714869833397,0.0
481,20,4,1.9798216710987355,3.7,6.594999999999999,11.812999999999997,44.15,22.81,5.423454005665848,61.95,7.475401673570686,8.0,9.399999999999999,14.0,47.5,7.672411444962094,66,0.3700822191705099,1.0,4.6999999999999975,10.219999999999994,41.5,3.5586918322256427,56,39.59643342197471,21.69381602266339,61.2902494446381,0.0
482,20,2,2.4590563971631796,3.6,6.459999999999999,11.650999999999996,44.0,21.46,3.6353547067767815,62.45,8.840013975592633,8.0,9.399999999999999,14.0,47.5,4.71201758132792,66,0.3700822191705099,1.0,4.6999999999999975,10.219999999999994,41.5,2.5586918322256427,56,49.18112794326359,7.270709413553563,56.45183735681715,0.0
483,23,2,1.9355772599997692,3.4782608695652173,6.404347826086957,11.64173913043478,44.08695652173913,19.356521739130436,2.6353547067767815,62.69565217391305,7.475401673570686,8.0,9.399999999999999,14.0,47.5,3.7120175813279204,67,0.3700822191705099,1.0,4.6999999999999975,10.219999999999994,41.5,1.5586918322256427,56,44.51827697999469,5.270709413553563,49.78898639354825,0.0
484,25,1,1.7259498130626545,3.36,6.4159999999999995,11.676799999999993,44.16,18.607999999999997,2.7120175813279204,62.84,7.475401673570686,8.0,9.399999999999999,14.0,47.5,2.7120175813279204,67,0.3700822191705099,1.0,4.6999999999999975,10.219999999999994,41.5,2.7120175813279204,56,43.14874532656636,2.7120175813279204,45.860762907894284,0.0
485,21,6,1.7545154332771806,3.4285714285714284,6.495238095238095,11.782857142857141,44.38095238095238,15.91904761904762,1.2673879899535079,62.904761904761905,7.475401673570686,8.0,9.399999999999999,14.0,47.5,2.3148048780367625,67,0.3700822191705099,1.0,4.6999999999999975,10.279999999999994,41.5,0.4116108693524433,56,36.844824098820794,7.604327939721047,44.44915203854184,22.699999999999996
486,21,2,1.7867451559267955,3.4285714285714284,6.495238095238095,11.782857142857141,44.38095238095238,17.728571428571428,1.0134112296823414,62.904761904761905,7.475401673570686,8.0,9.399999999999999,14.0,47.5,1.3148048780367625,67,0.3700822191705099,1.0,4.6999999999999975,10.279999999999994,41.5,0.7120175813279204,56,37.521648274462706,2.026822459364683,39.548470733827386,17.999999999999996
487,18,3,1.736514931627641,3.111111111111111,6.327777777777777,11.666666666666664,44.22222222222222,14.711111111111112,2.193061461067311,63.611111111111114,7.475401673570686,8.0,9.399999999999999,14.0,47.5,2.8089562171731783,67,0.3700822191705099,1.0,4.6999999999999975,10.279999999999994,41.5,1.6128079839219307,56,31.257268769297536,6.579184383201934,37.83645315249947,26.2
488,17,4,1.5053425478176485,2.823529411764706,6.147058823529412,11.571764705882352,44.14705882352941,13.929411764705883,16.56140745989986,64.05882352941177,3.4371548658762254,7.0,9.399999999999999,14.0,47.5,57.0,67,0.3700822191705099,1.0,4.6999999999999975,10.279999999999994,41.5,0.6128079839219307,57,25.590823312900024,66.24562983959945,91.83645315249947,0.0
489,18,4,1.3853879589231384,2.8333333333333335,6.077777777777777,11.51333333333333,44.111111111111114,14.044444444444444,30.65820546391938,64.11111111111111,3.4371548658762254,7.0,9.399999999999999,14.0,47.5,60.0,67,0.3700822191705099,1.0,4.6999999999999975,10.279999999999994,41.5,0.15742018210682485,57,24.93698326061649,122.63282185567752,147.56980511629402,0.0
490,18,4,1.3853879589231384,2.8333333333333335,6.077777777777777,11.51333333333333,44.111111111111114,14.988888888888889,45.61885041839267,64.11111111111111,3.4371548658762254,7.0,9.399999999999999,14.0,47.5,63.0,67,0.3700822191705099,1.0,4.6999999999999975,10.279999999999994,41.5,5.475401673570686,57,24.93698326061649,182.47540167357067,207.41238493418717,0.0
491,17,6,1.3259939839941888,2.588235294117647,5.88235294117647,11.40941176470588,44.0,14.223529411764707,34.978414534380995,64.52941176470588,3.4371548658762254,6.0,7.900000000000004,14.0,47.5,62.0,67,0.3700822191705099,1.0,4.6999999999999975,10.279999999999994,41.5,2.3950855327152807,61,22.54189772790121,209.87048720628596,232.41238493418717,0.0
492,17,7,1.3259939839941888,2.588235294117647,5.88235294117647,11.40941176470588,44.0,15.223529411764707,32.41006960089799,64.52941176470588,3.4371548658762254,6.0,7.900000000000004,14.0,47.5,61.0,67,0.3700822191705099,1.0,4.6999999999999975,10.279999999999994,41.5,1.3950855327152807,61,22.54189772790121,226.87048720628596,249.41238493418717,0.0
493,17,8,1.3259939839941888,2.588235294117647,5.88235294117647,11.40941176470588,44.0,16.223529411764705,32.60881090078574,64.52941176470588,3.4371548658762254,6.0,7.900000000000004,14.0,47.5,60.0,67,0.3700822191705099,1.0,4.6999999999999975,10.279999999999994,41.5,0.3950855327152807,61,22.54189772790121,260.87048720628593,283.4123849341871,0.0
494,17,8,1.3259939839941888,2.588235294117647,5.88235294117647,11.40941176470588,44.0,17.223529411764705,43.059425209196334,64.52941176470588,3.4371548658762254,6.0,7.900000000000004,14.0,47.5,91.0,67,0.3700822191705099,1.0,4.6999999999999975,10.279999999999994,41.5,1.475401673570686,61,22.54189772790121,344.4754016735707,367.01729940147186,0.0
495,17,8,4.502464572229483,2.588235294117647,5.88235294117647,11.40941176470588,44.0,18.223529411764705,38.684425209196334,64.52941176470588,54.74890599702099,6.0,7.900000000000004,14.0,47.5,90.0,67,0.3700822191705099,1.0,4.6999999999999975,10.279999999999994,41.5,0.4754016735706861,61,76.54189772790122,309.4754016735707,386.01729940147186,0.0
496,18,6,5.603037290480331,2.611111111111111,5.81111111111111,11.353333333333332,43.97222222222222,18.1,44.0,64.66666666666667,39.646443477409775,6.0,7.900000000000004,14.0,47.5,89.0,67,0.3700822191705099,1.0,4.599999999999998,10.279999999999994,41.5,19.0,61,100.85467122864596,264.0,364.85467122864594,0.0
497,20,9,8.363124569534573,2.6,5.689999999999998,11.251999999999997,43.85,14.875,43.823905454906736,65.1,90.21000349389816,6.0,7.900000000000004,14.0,47.5,89.0,68,0.3700822191705099,1.0,4.499999999999998,10.279999999999994,41.5,1.415149094160593,61,167.26249139069148,394.4151490941606,561.6776404848521,0.0
498,26,13,5.032608392682139,2.576923076923077,5.626923076923076,11.177692307692304,43.86538461538461,12.342307692307692,46.76923076923077,65.53846153846153,45.10500174694908,6.0,7.900000000000004,14.0,47.5,96.0,69,0.3700822191705099,1.0,4.499999999999998,10.279999999999994,41.5,3.0,61,130.8478182097356,608.0,738.8478182097356,9.399999999999995
499,33,21,3.2388946778176604,2.4545454545454546,5.687878787878786,11.210909090909086,43.96969696969697,11.212121212121213,43.20521870039126,65.84848484848484,22.55250087347454,6.0,7.900000000000004,14.0,47.5,95.0,70,0.3700822191705099,1.0,4.499999999999998,10.219999999999994,41.5,0.3095927082163699,61,106.88352436798279,907.3095927082163,1014.1931170761991,33.09999999999998
500,37,40,2.260711405539829,2.5405405405405403,5.932432432432432,11.494594594594588,44.33783783783784,9.762162162162163,38.720938548186815,65.64864864864865,11.27625043673727,6.0,7.900000000000004,14.0,47.5,94.0,70,0.3700822191705099,1.0,4.499999999999998,10.219999999999994,41.5,0.30973783966726387,61,83.64632200497367,1548.8375419274726,1632.4838639324462,61.999999999999964
501,42,67,3.131237600094534,2.5476190476190474,6.14047619047619,11.77857142857142,44.69047619047619,9.249999999999998,41.46821018237568,65.42857142857143,51.653840052283535,6.0,7.900000000000004,14.0,47.5,94.0,70,0.6191854164327398,1.0,4.499999999999998,10.219999999999994,41.5,0.3700822191705099,61,131.51197920397044,2778.3700822191704,2909.882061423141,50.69999999999996
502,45,109,7.529815388092946,2.511111111111111,6.119999999999999,11.767999999999994,44.7,9.67111111111111,39.18847666288604,65.5111111111111,85.67682417564191,6.0,7.900000000000004,14.0,47.5,99.0,70,0.6191854164327398,1.0,4.499999999999998,10.219999999999994,41.5,1.5439562545777872,61,338.8416924641826,4271.543956254578,4610.38564871876,63.89999999999995
503,54,163,9.209179578903866,2.5925925925925926,5.992592592592592,11.604444444444441,44.4537037037037,9.064814814814813,41.736196319018404,65.79629629629629,79.30768010456707,6.0,7.900000000000004,14.0,47.5,99.0,70,0.6191854164327398,1.0,4.499999999999998,10.219999999999994,41.0,2.0,61,497.29569726080877,6803.0,7300.295697260809,21.299999999999983
504,69,225,9.059700366494697,2.6666666666666665,5.797101449275362,11.393043478260871,44.18115942028985,7.678260869565217,43.03217311714964,66.23188405797102,97.21000349389816,6.0,7.900000000000004,14.0,47.5,98.0,71,0.6191854164327398,1.0,4.499999999999998,10.219999999999994,41.0,1.2389513586690555,61,625.1193252881341,9682.23895135867,10307.358276646804,52.4
505,87,259,12.12863107787059,2.793103448275862,5.77126436781609,11.386206896551725,44.08045977011494,6.699999999999998,42.35995401798664,66.54022988505747,108.41920604391048,6.0,8.000000000000004,14.0,47.5,97.0,72,0.6191854164327398,1.0,4.499999999999998,10.219999999999994,40.5,0.8232217387048866,61,1055.1909037747414,10971.228090658538,12026.41899443328,57.49999999999999
506,115,248,11.281422216399594,2.8173913043478263,5.8252173913043475,11.446608695652175,44.1695652173913,5.905217391304346,41.86457556284926,66.63478260869566,108.41920604391048,6.0,8.100000000000003,14.06,48.0,96.0,72,0.6191854164327398,1.0,4.499999999999998,10.219999999999994,40.5,1.0,61,1297.3635548859534,10382.414739586617,11679.77829447257,107.19999999999997
507,147,232,11.595604393704024,2.8503401360544216,5.912925170068024,11.528979591836734,44.24149659863946,6.859183673469387,41.15317079416387,66.60544217687075,108.41920604391048,6.0,8.200000000000003,14.120000000000001,48.5,95.0,72,0.6191854164327398,1.0,4.499999999999998,10.219999999999994,40.5,1.0,61,1704.5538458744916,9547.535624246018,11252.08947012051,264.1999999999999
508,187,223,9.008030741765479,2.834224598930481,5.92941176470588,11.525561497326208,44.25133689839572,7.810160427807481,40.94696560263563,66.9090909090909,108.41920604391048,6.0,8.200000000000003,14.120000000000001,48.5,94.0,73,0.6194756793345277,1.0,4.499999999999998,10.159999999999993,40.5,0.6191854164327398,61,1684.5017487101445,9131.173329387746,10815.675078097891,511.1999999999998
509,223,218,7.726413555114661,2.8475336322869955,5.888340807174892,11.462780269058317,44.181614349775785,8.852017937219728,39.937445977292825,67.23318385650224,94.47738282614804,6.0,8.200000000000003,14.120000000000001,48.5,108.41920604391048,73,0.6194756793345277,1.0,4.399999999999999,10.159999999999993,40.5,0.710903312406906,61,1722.9902227905693,8706.363223049835,10429.353445840405,690.6999999999998
510,262,209,7.917500780764347,2.8702290076335877,5.8129770992366465,11.36022900763362,44.06297709923664,9.516412213740457,38.00439622100547,67.67557251908397,108.75790642165488,7.0,8.200000000000003,14.120000000000001,48.5,94.47738282614804,73,0.31632734965225634,1.0,4.299999999999999,10.159999999999993,40.5,0.244054307489602,61,2074.385204560259,7942.918810190144,10017.304014750403,884.7999999999998
511,308,218,7.43550104528827,2.8701298701298703,5.718181818181817,11.228116883116918,43.91720779220779,9.509090909090908,40.020443730761244,68.06818181818181,94.84672853268505,7.0,8.200000000000003,14.120000000000001,48.0,98.0,74,0.31632734965225634,1.0,4.299999999999999,10.099999999999993,40.5,0.5145330515412379,61,2290.134321948787,8724.456733305951,11014.59105525474,924.3999999999997
512,362,192,8.340065528382008,2.8784530386740332,5.7406077348066304,11.239668508287334,43.90469613259668,10.647790055248619,39.18757100083322,68.2292817679558,98.51890630459216,7.0,8.200000000000003,14.120000000000001,48.0,90.0,74,0.3110135768724005,1.0,4.299999999999999,10.099999999999993,40.5,0.363108614979204,62,3019.1037212742867,7524.013632159978,10543.117353434265,959.7999999999997
513,402,196,7.961701490340032,2.9527363184079602,5.739552238805969,11.231343283582122,43.91044776119403,10.879850746268659,34.59391579470047,68.49004975124379,102.53012071606409,7.0,8.200000000000003,14.06,48.5,89.0,74,0.3110135768724005,1.0,4.299999999999999,10.039999999999992,40.5,0.0973783966726387,62,3200.603999116693,6780.407495761293,9981.011494877986,1688.8999999999994
514,455,188,7.038322199562589,2.9274725274725273,5.72461538461539,11.202813186813207,43.89010989010989,11.340219780219778,33.884575374385875,68.82417582417582,102.53012071606409,7.0,8.100000000000003,14.06,48.5,88.0,75,0.3110135768724005,1.0,4.299999999999999,10.039999999999992,40.5,0.3703869633171262,62,3202.436600800978,6370.300170384544,9572.736771185522,1689.0999999999995
515,518,162,6.903125655956784,2.916988416988417,5.689575289575292,11.163320463320481,43.83204633204633,12.806177606177608,34.15092532423204,69.11389961389962,102.53012071606409,7.0,8.200000000000003,14.06,48.5,87.0,76,0.3110135768724005,1.0,4.299999999999999,10.039999999999992,40.0,0.09845506962567185,62,3575.8190897856143,5532.449902525591,9108.268992311205,1974.1999999999994
516,535,174,7.030123172212584,2.891588785046729,5.654392523364495,11.114953271028057,43.777570093457946,13.253457943925241,28.4440185764212,69.42803738317757,115.28612294995654,7.0,8.200000000000003,14.06,48.5,86.0,76,0.3049873937996259,1.0,4.299999999999999,10.039999999999992,40.0,0.3057238648383165,62,3761.1158971337327,4949.259232297289,8710.37512943102,2695.399999999999
517,580,157,6.362708161706861,2.95,5.6482758620689735,11.117310344827603,43.793103448275865,14.189655172413786,28.88043579795742,69.60862068965517,115.28612294995654,8.0,8.200000000000003,14.06,48.5,102.53012071606409,76,0.3049873937996259,1.0,4.299999999999999,10.039999999999992,40.0,0.2049091015880291,62,3690.370733789979,4534.228420279315,8224.599154069294,2384.3999999999987
518,587,169,6.704844193693765,2.9897785349233392,5.653151618398647,11.139931856899501,43.84241908006814,14.346507666098798,23.185378926677995,69.81771720613288,115.28612294995654,8.0,8.200000000000003,14.06,48.5,103.8463858055721,77,0.3049873937996259,1.0,4.299999999999999,10.039999999999992,40.0,0.026329609528174203,62,3935.74354169824,3918.3290386085814,7854.072580306822,2829.9999999999986
519,611,144,6.700947829597062,2.9983633387888706,5.632896890343709,11.134729950900176,43.815875613747956,15.591489361702104,23.218257655770778,69.9770867430442,84.70108352666465,8.0,8.200000000000003,14.06,48.5,115.28612294995654,77,0.2716932255020028,1.0,4.299999999999999,10.039999999999992,40.0,0.14449179982612814,62,4094.2791238838054,3343.429102430992,7437.708226314797,2821.099999999999
520,632,148,6.186971461115011,3.0142405063291138,5.595253164556967,11.09180379746836,43.74287974683544,15.759018987341767,20.602507987491958,70.29272151898734,102.63779681037663,8.0,8.200000000000003,14.120000000000001,48.5,114.28612294995654,77,0.3049873937996259,1.0,4.199999999999999,10.039999999999992,39.5,0.0020199718565532265,62,3910.165963424687,3049.1711821488097,6959.337145573497,2919.599999999999
521,641,151,5.745036343324804,3.0062402496099843,5.554134165366621,11.042402496099845,43.63650546021841,15.406240249609978,18.995076509442043,70.53354134165366,114.61122406873135,8.0,8.200000000000003,14.120000000000001,48.5,84.70108352666465,77,0.2806830385322514,1.0,4.199999999999999,10.039999999999992,39.5,0.19781870602403373,62,3682.5682960711993,2868.2565529257486,6550.824848996948,2882.899999999999
522,660,137,5.827250588533621,2.993939393939394,5.539090909090912,11.027636363636361,43.60378787878788,15.26893939393938,16.764385366015297,70.69545454545455,102.63779681037663,8.0,8.200000000000003,14.120000000000001,48.5,83.70108352666465,77,0.26162287680169694,1.0,4.1,10.039999999999992,39.5,0.18003462075801124,62,3845.98538843219,2296.7207951440955,6142.706183576285,2634.399999999999
523,678,117,5.876700266265359,2.9926253687315634,5.541002949852507,11.033097345132758,43.60103244837758,16.047492625368715,15.376007016250636,70.79203539823008,102.63779681037663,8.0,8.200000000000003,14.120000000000001,48.5,79.0,77,0.25612667896969205,1.0,4.1,10.039999999999992,39.5,0.20518963134925183,62,3984.402780527913,1798.9928209013244,5783.395601429237,2807.299999999999
524,696,103,5.712824398489701,2.9841954022988504,5.524568965517244,11.036293103448271,43.60201149425287,16.13491379310344,13.680093945233704,70.94683908045977,102.63779681037663,9.0,8.100000000000003,14.120000000000001,48.5,83.79880839991307,78,0.25612667896969205,1.0,4.1,10.039999999999992,39.5,0.029473303204473833,62,3976.125781348832,1409.0496763590716,5385.175457707904,2830.799999999999
525,720,109,5.132393780058184,3.047222222222222,5.549444444444448,11.07641666666668,43.645833333333336,16.588055555555542,12.022445274889087,71.03472222222223,83.50345866241035,10.0,8.100000000000003,14.120000000000001,48.5,102.63779681037663,79,0.25612667896969205,1.0,4.1,10.039999999999992,39.5,0.18140585605623816,62,3695.3235216418925,1310.4465349629104,5005.770056604802,2985.799999999999
526,713,119,4.7687665005373745,3.0448807854137447,5.54782608695653,11.081963534361858,43.62692847124825,17.22594670406731,10.570632857928947,71.12482468443197,83.50345866241035,10.0,8.100000000000003,14.120000000000001,49.0,101.63779681037663,79,0.25612667896969205,1.0,4.1,10.039999999999992,39.5,0.019994874891330117,62,3400.130514883148,1257.9053100935448,4658.035824976692,3642.7999999999984
527,694,132,4.698555307805653,3.0792507204610953,5.557348703170032,11.101671469740635,43.6671469740634,17.763976945244934,8.143431891594451,71.22766570605188,105.01058490379322,10.0,8.100000000000003,14.120000000000001,49.0,75.0,79,0.25612667896969205,1.0,4.1,10.039999999999992,40.0,0.27749369689981296,62,3260.797383617123,1074.9330096904675,4335.730393307591,3584.699999999999
528,667,133,4.3861859162519785,3.0914542728635683,5.5935532233883105,11.143028485757116,43.77286356821589,18.390404797601185,7.7938811176479055,71.28485757121439,76.06964343753324,9.0,8.000000000000004,14.120000000000001,49.0,83.50345866241035,79,0.25612667896969205,1.0,4.1,10.039999999999992,40.0,0.07643096620957923,62,2925.5860061400695,1036.5861886471714,3962.172194787241,3353.5999999999985
529,659,134,3.8814964990494385,3.109256449165402,5.618968133535658,11.180091047040971,43.834597875569045,18.96555386949924,8.503314425955946,71.3823975720789,76.06964343753324,9.0,8.000000000000004,14.120000000000001,49.0,83.81332233865557,79,0.25656042760034276,1.0,4.1,10.039999999999992,40.0,0.06340206959118433,62,2557.90619287358,1139.4441330780967,3697.3503259516765,3336.099999999999
530,626,131,4.013482647787009,3.1006389776357826,5.614057507987225,11.180862619808309,43.83226837060703,19.34552715654952,7.430712063298983,71.59265175718849,76.06964343753324,9.0,8.000000000000004,14.120000000000001,49.0,82.81332233865557,79,0.25656042760034276,1.0,4.1,10.039999999999992,40.0,0.09084166483498501,62,2512.440137514667,973.4232802921667,3485.863417806834,3177.299999999999
531,607,130,3.720081706985704,3.0510708401976934,5.583196046128502,11.139275123558496,43.77594728171334,19.55502471169686,7.508539648702034,71.70675453047775,98.18059000854542,9.0,8.000000000000004,14.120000000000001,49.0,70.39532734318074,79,0.25656042760034276,1.0,4.1,9.979999999999992,40.0,0.005708474274579212,63,2258.0895961403226,976.1101543312644,3234.199750471587,2852.699999999999
532,578,131,3.5519228384428594,3.0605536332179932,5.561072664359858,11.121141868512115,43.77508650519031,19.759342560553616,7.075183812822645,71.89965397923875,98.18059000854542,9.0,8.000000000000004,14.120000000000001,49.0,69.39532734318074,80,0.25656042760034276,1.0,4.1,9.979999999999992,40.0,0.007876719899085227,63,2053.011400619973,926.8490794797665,2979.860480099739,2670.0999999999995
533,565,109,3.6771448298225518,3.0920353982300885,5.5518584070796475,11.117132743362848,43.796460176991154,20.35787610619468,5.963189012262964,72.15221238938054,70.3708332637056,9.0,8.000000000000004,14.120000000000001,49.0,98.18059000854542,81,0.25656042760034276,1.0,4.1,9.979999999999992,40.0,0.0902366427530441,63,2077.586828849742,649.987602336663,2727.5744311864046,2424.1999999999994
534,550,99,3.515909264527781,3.1272727272727274,5.568545454545456,11.145527272727282,43.839090909090906,21.036909090909077,5.704751832698747,72.21454545454546,41.680869723998335,9.0,8.000000000000004,14.180000000000001,49.0,97.18059000854542,81,0.25656042760034276,1.0,4.1,9.979999999999992,40.0,0.05547328550608821,64,1933.7500954902796,564.770431437176,2498.5205269274556,2449.2999999999993
535,513,123,3.383534723291567,3.0760233918128654,5.586549707602338,11.1429239766082,43.81189083820663,20.23801169590643,4.790104938774375,72.39571150097466,99.4788234471427,8.0,8.000000000000004,14.180000000000001,49.0,36.44858510060341,81,0.25656042760034276,1.0,4.1,9.979999999999992,40.0,0.05128059624329229,64,1735.753313048574,589.1829074692481,2324.936220517822,2308.5999999999995
536,501,95,3.226296876945079,3.0918163672654693,5.600399201596809,11.14526946107786,43.812375249500995,20.531936127744512,5.251242441995953,72.54291417165669,51.9815137013467,8.0,8.000000000000004,14.180000000000001,49.0,41.680869723998335,81,0.25656042760034276,1.0,4.199999999999999,9.979999999999992,40.0,0.03531927176640437,64,1616.3747353494846,498.8680319896156,2115.2427673391003,1590.6999999999994
537,479,89,3.1810995463311977,3.104384133611691,5.643006263048017,11.205678496868487,43.88204592901879,20.61753653444673,4.793721884201322,72.52818371607516,51.9815137013467,8.0,8.000000000000004,14.180000000000001,49.0,35.1854166318528,81,0.25656042760034276,1.0,4.1,9.979999999999992,40.0,0.02005697474268242,64,1523.7466826926436,426.64124769391765,1950.3879303865613,1846.1999999999991
538,438,107,3.1161927853294937,3.1027397260273974,5.606164383561643,11.166575342465768,43.868721461187214,20.558904109589037,4.261331872201908,72.66666666666667,51.9815137013467,8.0,8.100000000000003,14.180000000000001,49.0,33.44858510060341,79,0.26431982892584893,1.0,4.1,9.979999999999992,40.0,0.10457525059809214,64,1364.8924399743182,455.96251032560417,1820.8549502999224,2129.7999999999993
539,428,77,2.8279767892082814,3.149532710280374,5.613551401869153,11.177897196261704,43.91588785046729,20.97499999999998,5.770615774948,72.83411214953271,34.21520762401117,8.0,8.100000000000003,14.180000000000001,49.0,51.9815137013467,79,0.26431982892584893,1.0,4.1,9.979999999999992,39.5,0.016499085508793865,64,1210.3740657811445,444.337414670996,1654.7114804521404,1516.6999999999994
540,405,88,2.787577805380137,3.1728395061728394,5.633580246913575,11.211111111111126,43.98271604938272,20.385432098765424,4.385827429999776,72.99259259259259,43.310882331028665,8.0,8.100000000000003,14.180000000000001,49.0,50.9815137013467,80,0.26431982892584893,1.0,4.1,9.979999999999992,39.5,0.04294693487461032,64,1128.9690111789555,385.9528138399803,1514.9218250189358,1691.7999999999995
541,392,83,2.7238493628945535,3.2066326530612246,5.636479591836732,11.222244897959193,44.005102040816325,19.657142857142848,3.620641172031268,73.0204081632653,33.731101246204254,8.0,8.000000000000004,14.180000000000001,49.5,51.917858307680866,80,0.26431982892584893,1.0,4.1,9.979999999999992,39.5,0.02812298957090853,64,1067.748950254665,300.5132172785952,1368.2621675332603,1295.3999999999996
542,380,64,2.642687093022975,3.192105263157895,5.615263157894729,11.210947368421063,44.01315789473684,19.393157894736834,3.8198870098446944,73.16052631578947,39.21524322903005,8.0,7.900000000000004,14.180000000000001,49.5,54.80953864766489,80,0.26431982892584893,1.0,4.1,9.979999999999992,39.5,0.008460560111374082,66,1004.2210953487306,244.47276863006044,1248.6938639787911,1200.3999999999996
543,371,65,2.313037916647347,3.1105121293800537,5.623450134770888,11.230134770889498,44.07277628032345,19.40835579514825,4.233835200086839,73.37196765498652,33.731101246204254,8.0,7.900000000000004,14.180000000000001,49.5,53.80953864766489,80,0.26279460449233294,1.0,4.1,10.039999999999992,39.5,0.1919370808962979,66,858.1370670761657,275.1992880056445,1133.3363550818103,1262.1999999999996
544,357,55,2.263248559787687,3.112044817927171,5.66806722689075,11.287731092436992,44.15266106442577,20.612605042016803,4.271806277910284,73.41176470588235,33.731101246204254,8.0,7.900000000000004,14.180000000000001,49.5,52.80953864766489,80,0.26279460449233294,1.0,4.1,10.039999999999992,39.5,0.17254937610638676,66,807.9797358442041,234.9493452850656,1042.9290811292697,1313.9999999999998
545,338,61,2.172576937811338,3.0857988165680474,5.631065088757393,11.245857988165694,44.12721893491124,20.993786982248526,3.7982602011018884,73.59171597633136,26.926678939216874,8.0,7.900000000000004,14.180000000000001,49.5,55.67427122581483,80,0.2623852601957068,1.0,4.1,10.039999999999992,39.5,0.26431982892584893,66,734.3310049802323,231.6938722672152,966.0248772474474,1407.3999999999999
546,316,62,2.014373453024843,3.069620253164557,5.624999999999998,11.246835443037977,44.13291139240506,20.346202531645574,3.9291224182230504,73.79746835443038,14.94062518637868,8.0,7.900000000000004,14.180000000000001,49.5,54.67427122581483,80,0.2569611405515379,1.0,4.1,10.039999999999992,39.5,0.004223910330573455,66,636.5420111558503,243.60558992982914,880.1476010856795,1026.4999999999998
547,299,51,2.009305168272692,3.036789297658863,5.618060200668896,11.22976588628764,44.08862876254181,20.424080267558534,4.049530193204791,73.8628762541806,19.96108668735967,8.0,7.900000000000004,14.180000000000001,49.5,58.329447595433784,80,0.2515559766166543,1.0,4.1,10.039999999999992,39.5,0.4750516074578962,66,600.782245313535,206.5260398534443,807.3082851669793,1018.4999999999998
548,284,46,2.0277923863471456,3.0211267605633805,5.657042253521125,11.26640845070423,44.125,20.85845070422534,3.510655090565518,73.84859154929578,31.681204461120046,7.0,7.900000000000004,14.180000000000001,49.5,57.329447595433784,80,0.2515559766166543,1.0,4.1,10.099999999999993,39.5,0.03848706926483891,66,575.8930377225894,161.49013416601383,737.3831718886032,1001.0999999999999
549,272,42,1.949859715112595,3.0698529411764706,5.65330882352941,11.258970588235298,44.1139705882353,21.76470588235293,3.452206804470743,73.87867647058823,19.96108668735967,7.0,7.900000000000004,14.180000000000001,49.5,56.329447595433784,80,0.2515559766166543,1.0,4.1,10.099999999999993,39.5,0.25078264822972285,66,530.3618425106258,144.9926857877712,675.354528298397,991.8999999999999
550,252,39,1.8813814240259978,3.0555555555555554,5.643253968253966,11.261904761904768,44.166666666666664,22.28253968253969,3.8095754076024,74.06746031746032,19.96108668735967,7.0,7.900000000000004,14.240000000000002,49.5,58.438160828156995,80,0.2515559766166543,1.0,4.1,10.099999999999993,39.5,0.3975458060193038,66,474.10811885455144,148.5734408964936,622.681559751045,878.7999999999997
551,239,36,2.088693845789455,3.071129707112971,5.669874476987445,11.302761506276154,44.20083682008368,22.581589958159004,1.9724639795944339,74.14225941422595,63.368871514752946,7.0,7.900000000000004,14.240000000000002,50.0,10.774059125417374,80,0.2509799923277661,1.0,4.1,10.099999999999993,39.5,0.05481224989498834,67,499.19782914367977,71.00870326539962,570.2065324090794,695.3999999999999
552,225,34,1.9314297043201418,3.022222222222222,5.601777777777773,11.220266666666664,44.07333333333333,22.732888888888894,2.2874715576776756,74.4088888888889,31.684435757376473,7.0,7.900000000000004,14.240000000000002,50.0,9.774059125417374,80,0.2509799923277661,1.0,4.1,10.099999999999993,39.5,0.09758432669472183,67,434.5716834720319,77.77403296104097,512.3457164330729,756.8
553,204,34,2.0103249056140986,3.0588235294117645,5.639215686274509,11.264705882352937,44.15686274509804,23.42843137254901,1.9247840031167665,74.36764705882354,31.684435757376473,7.0,7.900000000000004,14.240000000000002,50.0,7.920301115280012,80,0.2509799923277661,1.0,4.1,10.099999999999993,39.5,0.2848057027576895,67,410.10628074527614,65.44265610597006,475.5489368512462,694.6999999999998
554,189,35,1.755577960617107,3.1005291005291005,5.69206349206349,11.346031746031745,44.333333333333336,22.92751322751322,2.8649678835844785,74.3015873015873,8.29796548649021,7.0,7.900000000000004,14.240000000000002,50.0,31.684435757376473,81,0.2509799923277661,1.0,4.1,10.099999999999993,39.5,0.11889981063200894,67,331.8042345566332,100.27387592545675,432.07811048209,548.1999999999998
555,174,26,1.9648993657940454,3.0632183908045976,5.698275862068965,11.350344827586206,44.3419540229885,23.87643678160918,2.301079448300683,74.36206896551724,32.087228065375356,7.0,7.900000000000004,14.240000000000002,50.0,5.920301115280012,81,0.2509799923277661,1.0,4.1,10.099999999999993,39.5,0.4019491244389423,67,341.8924896481639,59.82806565581776,401.72055530398166,474.7999999999999
556,161,30,1.9296722002462832,3.093167701863354,5.754037267080746,11.432298136645965,44.49689440993789,23.712422360248436,1.8869292932224,74.27950310559007,32.087228065375356,7.0,8.000000000000004,14.240000000000002,50.0,4.7692009219876255,81,0.25690499329115635,1.0,4.1,10.039999999999992,39.5,0.3178707624294683,67,310.6772242396516,56.607878796672,367.28510303632356,490.19999999999993
557,152,27,1.665422783382391,2.9934210526315788,5.725657894736843,11.402236842105259,44.4671052631579,24.772368421052622,2.9734161178890472,74.40131578947368,7.201287979463631,7.0,8.000000000000004,14.240000000000002,50.0,32.087228065375356,81,0.2702371520180531,1.0,4.1,10.039999999999992,39.5,0.055689124412303226,67,253.14426307412342,80.28223518300427,333.4264982571277,512.7
558,141,26,1.8684297781206283,2.99290780141844,5.697872340425533,11.416595744680844,44.51063829787234,24.397872340425533,1.5669242370385947,74.48936170212765,35.04778253504742,7.0,8.000000000000004,14.240000000000002,50.0,4.048752301103164,81,0.29742245410258245,1.0,4.1,10.039999999999992,39.5,0.2702371520180531,67,263.4485987150086,40.74003016300346,304.188628878012,421.4
559,135,16,1.797168748436917,3.066666666666667,5.699999999999999,11.415555555555551,44.54074074074074,24.212592592592596,1.5980733188023608,74.57777777777778,17.52389126752371,7.0,8.000000000000004,14.240000000000002,50.0,5.835454176052682,81,0.29742245410258245,1.0,4.1,10.039999999999992,39.5,0.10179761580437985,68,242.6177810389838,25.569173100837773,268.1869541398216,274.90000000000003
560,126,19,1.6432554149750727,3.119047619047619,5.711904761904761,11.415714285714287,44.55555555555556,24.21428571428571,2.063915734914101,74.61111111111111,8.761945633761854,7.0,8.000000000000004,14.240000000000002,50.0,6.12075912455934,81,0.29742245410258245,1.0,4.1,10.039999999999992,39.5,0.01192645181988583,68,207.05018228685915,39.21439896336791,246.26458125022708,356.79999999999995
561,116,14,1.6934749481594762,3.0775862068965516,5.681034482758621,11.383275862068963,44.51293103448276,24.325,2.236416140752357,74.71551724137932,6.565404806436145,7.0,8.000000000000004,14.240000000000002,50.0,5.411640296047722,81,0.29742245410258245,1.0,4.1,10.039999999999992,39.5,0.3374332162982622,68,196.44309398649924,31.309825970533,227.75291995703225,231.09999999999994
562,102,22,1.6780006717726026,3.0686274509803924,5.813725490196078,11.564117647058826,44.86274509803921,23.498039215686273,1.8546688488217915,74.63725490196079,6.043265814662278,7.0,8.000000000000004,14.240000000000002,50.0,4.212393115007517,81,0.29742245410258245,1.0,4.1,10.039999999999992,41.0,0.04162598014927066,68,171.15606852080546,40.80271467407941,211.95878319488486,262.4
563,96,13,1.723895429153966,3.03125,5.803125000000001,11.534374999999997,44.8125,24.751041666666666,1.9797465743962153,74.67708333333333,6.043265814662278,7.0,7.800000000000004,14.240000000000002,50.0,5.581887709632718,81,0.29742245410258245,1.0,4.1,10.039999999999992,41.0,0.015790389121769,68,165.49396119878074,25.7367054671508,191.23066666593155,179.80000000000004
564,89,17,1.69464012182875,3.044943820224719,5.815730337078653,11.55617977528089,44.92696629213483,25.42584269662922,1.5823341779679847,74.70786516853933,6.16134233543005,7.0,7.800000000000004,14.240000000000002,50.0,4.214276205233784,80,0.29742245410258245,1.0,4.1,10.039999999999992,41.5,0.16562195174694438,68,150.82297084275874,26.89968102545574,177.72265186821448,262.6
565,81,13,1.7210033613937659,2.962962962962963,5.782716049382716,11.515555555555553,44.833333333333336,24.696296296296296,1.7588061751577113,74.48148148148148,8.280795712266372,7.0,7.800000000000004,14.240000000000002,50.0,5.170203362881972,80,0.29742245410258245,1.0,4.1,10.039999999999992,41.5,0.4011562708203553,68,139.40127227289503,22.864480277050248,162.26575254994526,169.10000000000002
566,74,13,1.634671114838926,2.824324324324324,5.805405405405406,11.521351351351345,44.86486486486486,25.29594594594595,2.234471679769203,74.5,8.280795712266372,7.0,7.800000000000004,14.120000000000001,50.0,6.934313343573722,80,0.29742245410258245,1.0,4.1,10.039999999999992,41.5,0.049439463464600264,68,120.96566249808052,29.048131836999637,150.01379433508015,191.39999999999992
567,67,13,1.7410158729682383,2.8805970149253732,5.937313432835821,11.703880597014917,45.07462686567164,24.686567164179106,1.4892755928942247,74.40298507462687,7.250023964025205,7.0,7.800000000000004,14.120000000000001,50.0,2.6948169835649525,81,0.29742245410258245,1.0,4.299999999999999,10.159999999999993,41.5,0.45211393093064495,68,116.64806348887197,19.36058270762492,136.0086461964969,137.19999999999993
568,62,11,1.7280343576470647,2.935483870967742,5.962903225806453,11.74419354838709,45.16129032258065,23.309677419354834,1.2744988293705062,74.53225806451613,5.243256872890132,7.0,7.800000000000004,14.120000000000001,50.0,2.36634841844056,81,0.3224044526334383,1.0,4.299999999999999,10.159999999999993,41.5,0.21427620523378366,68,107.13813017411802,14.019487123075567,121.15761729719358,103.4
569,59,6,1.683530885349071,2.864406779661017,5.877966101694917,11.639661016949145,44.99152542372882,23.69152542372881,2.0341191905892613,74.61016949152543,4.990271671839918,7.0,7.800000000000004,14.120000000000001,50.0,5.243256872890132,81,0.3224044526334383,1.0,4.299999999999999,10.159999999999993,41.5,0.4531264977515753,68,99.32832223559518,12.204715143535568,111.53303737913075,49.800000000000026
570,60,2,1.7085261631759567,2.816666666666667,5.878333333333334,11.613999999999995,44.94166666666667,24.631666666666664,1.5990745609609402,74.7,5.884608074499169,7.0,7.800000000000004,14.120000000000001,50.0,2.9893840306727,81,0.3224044526334383,1.0,4.299999999999999,10.159999999999993,41.5,0.2087650912491803,68,102.5115697905574,3.1981491219218805,105.70971891247929,69.49999999999999
571,56,4,1.7561965345374972,2.892857142857143,5.9142857142857155,11.642857142857137,45.00892857142857,26.67857142857142,1.538486971782564,74.625,5.884608074499169,7.0,7.800000000000004,14.120000000000001,50.0,3.6250119820126026,81,0.3224044526334383,1.0,4.299999999999999,10.159999999999993,41.5,0.7082070975787557,69,98.34700593409984,6.153947887130256,104.5009538212301,141.10000000000002
572,50,7,1.7016633113396096,2.92,5.98,11.716399999999995,45.1,27.267999999999997,2.156776060867986,74.42,4.990271671839918,7.0,7.800000000000004,14.06,50.0,5.884608074499169,81,0.3224044526334383,1.0,4.299999999999999,10.159999999999993,41.5,0.5255892089846659,69,85.08316556698048,15.097432426075901,100.18059799305638,157.40000000000003
573,46,5,1.852094733423169,3.0217391304347827,5.865217391304348,11.613043478260863,44.858695652173914,26.410869565217393,1.53407188511089,74.6304347826087,6.8648853093351985,7.0,7.800000000000004,14.06,49.0,3.916339806332462,81,0.3224044526334383,1.0,4.299999999999999,10.159999999999993,41.5,0.43547154958441825,69,85.19635773746577,7.670359425554451,92.86671716302023,71.50000000000003
574,44,6,1.594105511129956,2.9318181818181817,5.890909090909091,11.681818181818175,44.96590909090909,26.65909090909091,2.8141040887705873,74.56818181818181,5.459641293625938,7.0,7.800000000000004,14.06,49.0,4.990271671839918,81,0.3224044526334383,1.0,4.299999999999999,10.159999999999993,41.5,1.070198928066593,69,70.14064248971806,16.884624532623523,87.02526702234158,97.99999999999999
575,39,7,1.705071637901139,2.717948717948718,5.807692307692307,11.563076923076917,44.833333333333336,26.53589743589744,2.075353306313876,74.92307692307692,5.459641293625938,7.0,7.800000000000004,14.06,49.0,4.380972816880927,81,0.3224044526334383,1.0,4.299999999999999,10.159999999999993,41.5,0.367305585970616,69,66.49779387814442,14.527473144197131,81.02526702234155,69.6
576,37,4,1.6530764372581068,2.675675675675676,5.783783783783783,11.530270270270263,44.7027027027027,27.505405405405405,3.3735333144552513,75.0,5.571459225321391,7.0,7.800000000000004,14.06,49.0,5.324445166573302,81,0.3224044526334383,1.0,4.299999999999999,10.159999999999993,41.5,1.1904864084404636,69,61.163828178549956,13.494133257821005,74.65796143637095,44.099999999999994
577,33,7,1.578592707838952,2.4242424242424243,5.815151515151514,11.550909090909082,44.72727272727273,27.8,2.588809902636586,75.24242424242425,7.590649695911713,7.0,7.800000000000004,14.0,49.0,5.571459225321391,81,0.3224044526334383,1.0,4.299999999999999,10.159999999999993,41.5,0.1904864084404636,69,52.09355935868541,18.1216693184561,70.21522867714151,50.00000000000001
578,32,4,1.5222464370949702,2.5625,5.759374999999998,11.457499999999992,44.59375,25.4875,3.1875208349125455,75.46875,5.039048524816077,7.0,7.800000000000004,14.0,49.0,5.459641293625938,82,0.3224044526334383,1.0,4.299999999999999,10.099999999999993,41.5,0.35410354878937783,69,48.71188598703905,12.750083339650182,61.46196932668923,12.600000000000001
579,33,3,1.4496855366560417,2.5454545454545454,5.730303030303029,11.430909090909083,44.57575757575758,25.593939393939394,3.131993263620268,75.54545454545455,5.039048524816077,7.0,7.800000000000004,14.0,49.0,4.459641293625938,82,0.3224044526334383,1.0,4.299999999999999,10.099999999999993,41.5,1.3648792719134728,69,47.839622709649376,9.395979790860803,57.23560250051018,0.0
580,31,5,1.4477632910005984,2.4838709677419355,5.606451612903223,11.288387096774189,44.354838709677416,24.25161290322581,1.7837617681593563,75.93548387096774,7.101096024203716,7.0,7.800000000000004,14.0,49.0,3.459641293625938,82,0.3224044526334383,1.0,4.299999999999999,10.099999999999993,41.5,0.3648792719134728,69,44.88066202101855,8.918808840796782,53.79947086181534,17.09999999999998
581,29,4,1.5193667016029984,2.4482758620689653,5.644827586206895,11.357931034482753,44.48275862068966,25.158620689655173,1.3718729312390006,75.89655172413794,7.101096024203716,7.0,7.800000000000004,14.0,49.0,2.459641293625938,82,0.3224044526334383,1.0,4.299999999999999,10.099999999999993,41.5,0.5059534375272698,69,44.061634346486954,5.487491724956002,49.549126071442956,33.69999999999998
582,29,2,1.5470789807427414,2.5172413793103448,5.65862068965517,11.349655172413787,44.46551724137931,25.62758620689655,0.27715494089718573,76.0,7.101096024203716,7.0,7.800000000000004,14.0,49.0,0.3343999079653948,82,0.3569929842521341,1.0,4.299999999999999,10.099999999999993,41.5,0.2199099738289767,69,44.8652904415395,0.5543098817943715,45.419600323333874,34.59999999999998
583,29,2,1.3567420386639504,2.6551724137931036,5.751724137931034,11.453103448275856,44.53448275862069,24.09310344827586,1.6494929388345834,75.93103448275862,5.039048524816077,7.0,7.800000000000004,14.0,49.0,2.426722600279489,82,0.3569929842521341,1.0,4.299999999999999,10.099999999999993,41.5,0.8722632773896776,69,39.34551912125456,3.2989858776691667,42.64450499892373,20.999999999999982
584,28,1,1.4279454044750448,2.7142857142857144,5.685714285714284,11.37071428571428,44.44642857142857,24.77857142857142,0.7897703962327953,76.17857142857143,5.039048524816077,7.0,7.800000000000004,14.0,49.0,0.7897703962327953,82,0.3569929842521341,1.0,4.299999999999999,10.099999999999993,41.5,0.7897703962327953,69,39.982471325301255,0.7897703962327953,40.77224172153405,15.299999999999988
585,26,2,1.315611943715268,2.730769230769231,5.611538461538459,11.327692307692303,44.30769230769231,26.08076923076923,2.8882803943521442,76.26923076923077,3.7953248479558566,7.0,7.800000000000004,14.0,48.5,5.039048524816077,82,0.3569929842521341,1.0,4.299999999999999,10.099999999999993,41.5,0.7375122638882112,69,34.20591053659697,5.7765607887042885,39.982471325301255,55.19999999999998
586,23,3,1.4185835522918793,2.6956521739130435,5.726086956521738,11.443478260869563,44.52173913043478,26.291304347826085,1.8725124528999384,75.91304347826087,4.911311802205755,7.0,7.800000000000004,14.0,48.5,3.7953248479558566,82,0.3569929842521341,1.0,4.299999999999999,10.099999999999993,41.5,0.5725929090688091,69,32.62742170271322,5.617537358699815,38.244959061413034,42.599999999999994
587,23,1,1.482067183371333,2.782608695652174,5.730434782608694,11.453913043478257,44.56521739130435,25.904347826086955,0.3569929842521341,75.91304347826087,6.345872860057715,7.0,7.800000000000004,14.0,48.5,0.3569929842521341,82,0.39219615125937524,1.0,4.299999999999999,10.099999999999993,41.5,0.3569929842521341,69,34.08754521754066,0.3569929842521341,34.444538201792795,12.200000000000003
588,23,1,1.17946775574814,2.5217391304347827,5.608695652173912,11.310434782608693,44.45652173913044,26.199999999999996,6.345872860057715,76.26086956521739,2.4659099352866107,7.0,7.800000000000004,14.0,48.5,6.345872860057715,82,0.39219615125937524,1.0,4.299999999999999,10.099999999999993,41.5,6.345872860057715,69,27.12775838220722,6.345872860057715,33.473631242264936,34.0
589,21,2,1.3612522838573786,2.4761904761904763,5.423809523809522,11.079999999999998,44.142857142857146,26.419047619047618,1.943666640629996,76.66666666666667,6.228689104436653,7.0,7.800000000000004,13.94,48.5,2.0355727344388646,82,0.39219615125937524,1.0,4.299999999999999,10.099999999999993,41.5,1.8517605468211273,69,28.586297961004952,3.887333281259992,32.47363124226494,26.999999999999993
590,17,7,1.2619305468650543,2.5294117647058822,5.488235294117646,11.243529411764703,44.23529411764706,22.676470588235293,1.0662342384928347,76.47058823529412,3.1143445522183266,7.0,7.800000000000004,13.94,48.5,1.8976624239779283,81,0.39219615125937524,1.0,4.299999999999999,10.219999999999994,41.5,0.685751240369989,69,21.452819296705925,7.463639669449844,28.91645896615577,56.199999999999974
591,18,1,1.2110957518433731,2.4444444444444446,5.422222222222221,11.209999999999997,44.111111111111114,22.84444444444444,0.03557273443886455,76.72222222222223,2.6937378858380496,7.0,7.800000000000004,13.94,48.5,0.03557273443886455,81,0.39219615125937524,1.0,4.299999999999999,10.219999999999994,41.5,0.03557273443886455,69,21.799723533180718,0.03557273443886455,21.835296267619583,9.699999999999994
592,19,0,1.1268647612712328,2.3684210526315788,5.363157894736841,11.173684210526313,43.973684210526315,23.29473684210526,0.0,76.94736842105263,2.6937378858380496,7.0,7.800000000000004,13.94,48.5,0.0,81,0.38929306902729083,1.0,4.299999999999999,10.219999999999994,41.5,0.0,69,21.41043046415342,0.0,21.41043046415342,14.399999999999991
593,19,0,1.1268647612712328,2.3684210526315788,5.363157894736841,11.173684210526313,43.973684210526315,24.752631578947366,0.0,76.94736842105263,2.6937378858380496,7.0,7.800000000000004,13.94,48.5,0.0,81,0.38929306902729083,1.0,4.299999999999999,10.219999999999994,41.5,0.0,69,21.41043046415342,0.0,21.41043046415342,9.699999999999994
594,17,2,1.1546042829538015,2.235294117647059,5.417647058823528,11.278823529411762,43.94117647058823,24.794117647058822,0.891078826969401,76.94117647058823,2.6937378858380496,7.0,7.800000000000004,13.94,48.5,1.3514346596355997,81,0.38929306902729083,1.0,4.299999999999999,10.279999999999994,41.5,0.43072299430320216,69,19.628272810214625,1.782157653938802,21.41043046415343,25.699999999999996
595,15,2,1.1018789934511188,2.0,5.353333333333333,11.147999999999994,43.833333333333336,24.666666666666668,1.7257612840417196,77.06666666666666,2.6937378858380496,4.0,7.800000000000004,13.819999999999999,48.5,2.6729364300288574,81,0.38929306902729083,1.0,4.299999999999999,10.279999999999994,41.5,0.7785861380545817,69,16.52818490176678,3.451522568083439,19.979707469850222,27.70000000000001
596,15,0,1.213408088786376,2.0,5.353333333333333,11.147999999999994,43.833333333333336,25.666666666666668,0.0,77.06666666666666,2.6937378858380496,4.0,7.800000000000004,13.819999999999999,48.5,0.0,81,0.39219615125937524,1.0,4.299999999999999,10.279999999999994,41.5,0.0,69,18.20112133179564,0.0,18.20112133179564,0.0
597,15,1,0.9994550714129035,1.8,5.306666666666666,11.159999999999998,43.8,23.746666666666663,2.6937378858380496,77.46666666666667,1.8485424619429995,4.0,7.800000000000004,13.819999999999999,48.5,2.6937378858380496,82,0.39219615125937524,1.0,4.199999999999999,10.279999999999994,41.5,2.6937378858380496,69,14.991826071193552,2.6937378858380496,17.6855639570316,0.0
598,16,1,0.9208779614882209,1.75,5.249999999999998,11.116249999999997,43.65625,23.137499999999996,1.6937378858380496,77.75,1.8485424619429995,4.0,7.800000000000004,13.819999999999999,48.5,1.6937378858380496,82,0.25777868738201853,1.0,4.199999999999999,10.279999999999994,41.5,1.6937378858380496,69,14.734047383811534,1.6937378858380496,16.427785269649583,0.0
599,15,1,0.9288728836208823,1.6,5.266666666666666,11.163999999999998,43.6,22.69333333333333,1.49469201533635,77.93333333333334,1.8485424619429995,3.0,7.800000000000004,13.819999999999999,48.5,1.49469201533635,82,0.25777868738201853,1.0,4.199999999999999,10.279999999999994,41.5,1.49469201533635,69,13.933093254313235,1.49469201533635,15.427785269649585,0.0
600,16,1,0.8448951015078683,1.5625,5.237499999999999,11.131249999999998,43.625,22.15,0.4946920153363501,78.0625,1.8485424619429995,3.0,7.800000000000004,13.819999999999999,48.5,0.4946920153363501,82,0.25777868738201853,1.0,4.199999999999999,10.279999999999994,41.5,0.4946920153363501,69,13.518321624125893,0.4946920153363501,14.013013639462242,0.0
601,16,0,0.8448951015078682,1.5625,5.237499999999998,11.131249999999998,43.625,23.4375,0.0,78.0625,1.8485424619429995,3.0,7.800000000000004,13.819999999999999,48.5,0.0,82,0.25777868738201853,1.0,4.199999999999999,10.279999999999994,41.5,0.0,69,13.51832162412589,0.0,13.51832162412589,5.599999999999994
602,15,1,0.8459185575834138,1.6,5.273333333333332,11.163999999999994,43.56666666666667,24.6,0.8295432603746844,78.0,1.8485424619429995,3.0,7.800000000000004,13.819999999999999,48.5,0.8295432603746844,82,0.25777868738201853,1.0,4.199999999999999,10.279999999999994,41.5,0.8295432603746844,69,12.688778363751208,0.8295432603746844,13.518321624125893,25.39999999999998
603,14,1,0.8172595530419695,1.5714285714285714,5.249999999999999,11.227142857142853,43.607142857142854,25.02142857142857,1.2471446211636337,78.21428571428571,1.8485424619429995,3.0,7.800000000000004,13.819999999999999,48.5,1.2471446211636337,82,0.25777868738201853,1.0,4.199999999999999,10.279999999999994,41.5,1.2471446211636337,69,11.441633742587573,1.2471446211636337,12.688778363751206,10.399999999999991
604,14,0,0.8349127402679434,1.5714285714285714,5.249999999999999,11.227142857142853,43.607142857142854,26.75714285714286,0.0,78.21428571428571,1.8485424619429995,3.0,7.800000000000004,13.819999999999999,48.5,0.0,82,0.25777868738201853,1.0,4.199999999999999,10.279999999999994,41.5,0.0,69,11.688778363751208,0.0,11.688778363751208,10.299999999999992
605,13,1,0.756941223216016,1.5384615384615385,5.06153846153846,11.027692307692304,43.23076923076923,26.94615384615384,1.8485424619429995,78.92307692307692,1.5571722761091633,3.0,7.800000000000004,13.819999999999999,48.5,1.8485424619429995,82,0.25777868738201853,1.0,4.199999999999999,10.279999999999994,41.5,1.8485424619429995,69,9.840235901808208,1.8485424619429995,11.688778363751208,10.299999999999992
606,12,2,0.7177006626047308,1.4166666666666667,5.091666666666665,11.059999999999997,43.208333333333336,27.366666666666664,1.0381852062472192,78.91666666666667,1.5571722761091633,3.0,7.800000000000004,13.819999999999999,48.5,1.2278279505514387,82,0.25777868738201853,1.0,4.199999999999999,10.279999999999994,41.5,0.8485424619429995,69,8.612407951256769,2.0763704124944384,10.688778363751208,10.299999999999992
607,11,1,0.7262577855159048,1.2727272727272727,5.045454545454544,11.130909090909087,43.18181818181818,26.963636363636365,0.8514002611332555,79.18181818181819,1.5571722761091633,2.0,7.800000000000004,13.819999999999999,48.5,0.8514002611332555,82,0.25777868738201853,1.0,4.199999999999999,10.339999999999995,41.5,0.8514002611332555,69,7.988835640674953,0.8514002611332555,8.840235901808208,0.0
608,11,0,0.7262577855159048,1.2727272727272727,5.045454545454544,11.130909090909087,43.18181818181818,27.963636363636365,0.0,79.18181818181819,1.5571722761091633,2.0,7.800000000000004,13.819999999999999,48.5,0.0,82,0.25777868738201853,1.0,4.199999999999999,10.339999999999995,41.5,0.0,69,7.988835640674953,0.0,7.988835640674953,0.0
609,11,0,0.7262577855159048,1.2727272727272727,5.045454545454544,11.130909090909087,43.18181818181818,28.963636363636365,0.0,79.18181818181819,1.5571722761091633,2.0,7.800000000000004,13.819999999999999,48.5,0.0,82,0.25777868738201853,1.0,4.199999999999999,10.339999999999995,41.5,0.0,69,7.988835640674953,0.0,7.988835640674953,0.0
610,11,0,0.7262577855159048,1.2727272727272727,5.045454545454544,11.130909090909087,43.18181818181818,29.963636363636365,0.0,79.18181818181819,1.5571722761091633,2.0,7.800000000000004,13.819999999999999,48.5,0.0,82,0.25777868738201853,1.0,4.199999999999999,10.339999999999995,41.5,0.0,69,7.988835640674953,0.0,7.988835640674953,0.0
611,9,2,0.7459803605596266,1.3333333333333333,4.833333333333332,10.886666666666661,42.77777777777778,27.700000000000003,0.6375061978191567,79.55555555555556,1.5571722761091633,2.0,7.800000000000004,13.759999999999998,48.0,0.8828162443789382,82,0.25777868738201853,1.0,4.199999999999999,10.339999999999995,41.5,0.39219615125937524,69,6.7138232450366395,1.2750123956383135,7.988835640674953,0.0
612,9,0,0.7459803605596266,1.3333333333333333,4.833333333333332,10.886666666666661,42.77777777777778,28.700000000000003,0.0,79.55555555555556,1.5571722761091633,2.0,7.800000000000004,13.759999999999998,48.0,0.0,82,0.25777868738201853,1.0,4.199999999999999,10.339999999999995,41.5,0.0,69,6.7138232450366395,0.0,6.7138232450366395,0.0
613,8,1,0.6466859576473909,1.25,4.462499999999998,10.527499999999995,42.125,27.4125,1.5403355838575126,80.875,1.5571722761091633,2.0,5.099999999999996,10.639999999999997,44.0,1.5403355838575126,82,0.25777868738201853,1.0,4.199999999999999,10.339999999999995,41.5,1.5403355838575126,79,5.173487661179127,1.5403355838575126,6.7138232450366395,0.0
614,8,1,0.6466859576473909,1.25,4.462499999999998,10.527499999999995,42.125,28.4125,0.5403355838575126,80.875,1.5571722761091633,2.0,5.099999999999996,10.639999999999997,44.0,0.5403355838575126,82,0.25777868738201853,1.0,4.199999999999999,10.339999999999995,41.5,0.5403355838575126,79,5.173487661179127,0.5403355838575126,5.7138232450366395,0.0
615,8,0,0.6466859576473909,1.25,4.462499999999998,10.527499999999995,42.125,29.4125,0.0,80.875,1.5571722761091633,2.0,5.099999999999996,10.639999999999997,44.0,0.0,82,0.25777868738201853,1.0,4.199999999999999,10.339999999999995,41.5,0.0,79,5.173487661179127,0.0,5.173487661179127,0.0
616,7,1,0.6760113627128083,1.2857142857142858,4.485714285714283,10.528571428571423,42.214285714285715,28.75714285714286,0.4414081221894691,80.85714285714286,1.5571722761091633,2.0,5.099999999999996,10.639999999999997,44.0,0.4414081221894691,82,0.25777868738201853,1.0,4.199999999999999,10.339999999999995,41.5,0.4414081221894691,79,4.732079538989658,0.4414081221894691,5.173487661179127,0.0
617,7,0,0.6760113627128083,1.2857142857142858,4.485714285714283,10.528571428571423,42.214285714285715,29.75714285714286,0.0,80.85714285714286,1.5571722761091633,2.0,5.099999999999996,10.639999999999997,44.0,0.0,82,0.25777868738201853,1.0,4.199999999999999,10.339999999999995,41.5,0.0,79,4.732079538989658,0.0,4.732079538989658,0.0
618,7,0,0.6760113627128083,1.2857142857142858,4.485714285714283,10.528571428571423,42.214285714285715,30.75714285714286,0.0,80.85714285714286,1.5571722761091633,2.0,5.099999999999996,10.639999999999997,44.0,0.0,82,0.25777868738201853,1.0,4.199999999999999,10.339999999999995,41.5,0.0,79,4.732079538989658,0.0,4.732079538989658,0.0
619,7,0,0.6760113627128083,1.2857142857142858,4.485714285714283,10.528571428571423,42.214285714285715,31.75714285714286,0.0,80.85714285714286,1.5571722761091633,2.0,5.099999999999996,10.639999999999997,44.0,0.0,82,0.25777868738201853,1.0,4.199999999999999,10.339999999999995,41.5,0.0,79,4.732079538989658,0.0,4.732079538989658,0.0
620,7,0,0.6760113627128083,1.2857142857142858,4.485714285714283,10.528571428571423,42.214285714285715,32.75714285714286,0.0,80.85714285714286,1.5571722761091633,2.0,5.099999999999996,10.639999999999997,44.0,0.0,82,0.25777868738201853,1.0,4.199999999999999,10.339999999999995,41.5,0.0,79,4.732079538989658,0.0,4.732079538989658,0.0
621,6,1,0.5291512104800824,1.1666666666666667,4.516666666666665,10.529999999999996,42.25,32.266666666666666,1.5571722761091633,80.83333333333333,0.7785861380545817,2.0,5.099999999999996,10.639999999999997,44.0,1.5571722761091633,82,0.25777868738201853,1.0,4.199999999999999,10.339999999999995,41.5,1.5571722761091633,79,3.1749072628804944,1.5571722761091633,4.732079538989658,0.0
622,5,2,0.5318699776232914,1.2,4.559999999999998,10.531999999999995,42.4,31.559999999999995,0.5363648254366002,80.8,0.7785861380545817,2.0,5.099999999999996,10.639999999999997,44.0,0.5571722761091633,82,0.25777868738201853,1.0,4.199999999999999,10.339999999999995,41.5,0.5155573747640371,79,2.659349888116457,1.0727296508732005,3.7320795389896575,0.0
623,5,0,0.5318699776232914,1.2,4.559999999999998,10.531999999999995,42.4,32.559999999999995,0.0,80.8,0.7785861380545817,2.0,5.099999999999996,10.639999999999997,44.0,0.0,82,0.25777868738201853,1.0,4.199999999999999,10.339999999999995,41.5,0.0,79,2.659349888116457,0.0,2.659349888116457,0.0
624,5,0,0.5318699776232914,1.2,4.559999999999998,10.531999999999995,42.4,33.559999999999995,0.0,80.8,0.7785861380545817,2.0,5.099999999999996,10.639999999999997,44.0,0.0,82,0.25777868738201853,1.0,4.199999999999999,10.339999999999995,41.5,0.0,79,2.659349888116457,0.0,2.659349888116457,0.0
625,5,0,0.5318699776232914,1.2,4.559999999999998,10.531999999999995,42.4,34.559999999999995,0.0,80.8,0.7785861380545817,2.0,5.099999999999996,10.639999999999997,44.0,0.0,82,0.25777868738201853,1.0,4.199999999999999,10.339999999999995,41.5,0.0,79,2.659349888116457,0.0,2.659349888116457,0.0
626,4,1,0.5534596128879032,1.0,4.424999999999999,10.579999999999995,42.25,33.699999999999996,0.44551143656484415,81.25,0.7785861380545817,1.0,4.799999999999997,10.639999999999997,44.0,0.44551143656484415,82,0.25777868738201853,1.0,4.199999999999999,10.459999999999996,41.5,0.44551143656484415,80,2.213838451551613,0.44551143656484415,2.659349888116457,0.0
627,4,0,0.5534596128879032,1.0,4.424999999999999,10.579999999999995,42.25,34.699999999999996,0.0,81.25,0.7785861380545817,1.0,4.799999999999997,10.639999999999997,44.0,0.0,82,0.25777868738201853,1.0,4.199999999999999,10.459999999999996,41.5,0.0,80,2.213838451551613,0.0,2.213838451551613,0.0
628,3,1,0.517307400066879,1.0,4.299999999999999,10.559999999999997,41.666666666666664,32.666666666666664,0.6619162513509759,81.66666666666667,0.7785861380545817,1.0,4.399999999999999,10.639999999999997,42.0,0.6619162513509759,82,0.25777868738201853,1.0,4.199999999999999,10.459999999999996,41.5,0.6619162513509759,81,1.5519222002006372,0.6619162513509759,2.213838451551613,0.0
629,3,0,0.517307400066879,1.0,4.299999999999999,10.559999999999997,41.666666666666664,33.666666666666664,0.0,81.66666666666667,0.7785861380545817,1.0,4.399999999999999,10.639999999999997,42.0,0.0,82,0.25777868738201853,1.0,4.199999999999999,10.459999999999996,41.5,0.0,81,1.5519222002006372,0.0,1.5519222002006372,0.0
630,3,0,0.517307400066879,1.0,4.299999999999999,10.559999999999997,41.666666666666664,34.666666666666664,0.0,81.66666666666667,0.7785861380545817,1.0,4.399999999999999,10.639999999999997,42.0,0.0,82,0.25777868738201853,1.0,4.199999999999999,10.459999999999996,41.5,0.0,81,1.5519222002006372,0.0,1.5519222002006372,0.0
631,3,0,0.517307400066879,1.0,4.299999999999999,10.559999999999997,41.666666666666664,35.666666666666664,0.0,81.66666666666667,0.7785861380545817,1.0,4.399999999999999,10.639999999999997,42.0,0.0,82,0.25777868738201853,1.0,4.199999999999999,10.459999999999996,41.5,0.0,81,1.5519222002006372,0.0,1.5519222002006372,0.0
632,3,0,0.517307400066879,1.0,4.299999999999999,10.559999999999997,41.666666666666664,36.666666666666664,0.0,81.66666666666667,0.7785861380545817,1.0,4.399999999999999,10.639999999999997,42.0,0.0,82,0.25777868738201853,1.0,4.199999999999999,10.459999999999996,41.5,0.0,81,1.5519222002006372,0.0,1.5519222002006372,0.0
633,2,1,0.38666803107302783,1.0,4.299999999999999,10.519999999999996,41.5,35.5,0.7785861380545817,82.0,0.5155573747640371,1.0,4.399999999999999,10.579999999999997,41.5,0.7785861380545817,82,0.25777868738201853,1.0,4.199999999999999,10.459999999999996,41.5,0.7785861380545817,82,0.7733360621460557,0.7785861380545817,1.5519222002006372,0.0
634,2,1,0.38666803107302783,1.0,4.299999999999999,10.519999999999996,41.5,36.5,86.0,82.0,0.5155573747640371,1.0,4.399999999999999,10.579999999999997,41.5,86.0,82,0.25777868738201853,1.0,4.199999999999999,10.459999999999996,41.5,86.0,82,0.7733360621460557,86.0,86.77333606214606,0.0
635,2,2,0.38666803107302783,1.0,4.299999999999999,10.519999999999996,41.5,37.5,51.0,82.0,0.5155573747640371,1.0,4.399999999999999,10.579999999999997,41.5,85.0,82,0.25777868738201853,1.0,4.199999999999999,10.459999999999996,41.5,17.0,82,0.7733360621460557,102.0,102.77333606214606,0.0
636,2,3,0.38666803107302783,1.0,4.299999999999999,10.519999999999996,41.5,38.5,35.333333333333336,82.0,0.5155573747640371,1.0,4.399999999999999,10.579999999999997,41.5,84.0,82,0.25777868738201853,1.0,4.199999999999999,10.459999999999996,41.5,6.0,82,0.7733360621460557,106.0,106.77333606214606,0.0
637,2,4,0.38666803107302783,1.0,4.299999999999999,10.519999999999996,41.5,39.5,34.75,82.0,0.5155573747640371,1.0,4.399999999999999,10.579999999999997,41.5,83.0,82,0.25777868738201853,1.0,4.199999999999999,10.459999999999996,41.5,5.0,82,0.7733360621460557,139.0,139.77333606214606,0.0
638,2,4,0.38666803107302783,1.0,4.299999999999999,10.519999999999996,41.5,40.5,33.75,82.0,0.5155573747640371,1.0,4.399999999999999,10.579999999999997,41.5,82.0,82,0.25777868738201853,1.0,4.199999999999999,10.459999999999996,41.5,4.0,82,0.7733360621460557,135.0,135.77333606214606,0.0
639,1,5,0.25777868738201853,1.0,4.399999999999999,10.459999999999996,41.5,41.0,26.303111474952807,82.0,0.25777868738201853,1.0,4.399999999999999,10.459999999999996,41.5,81.0,82,0.25777868738201853,1.0,4.399999999999999,10.459999999999996,41.5,0.5155573747640371,82,0.25777868738201853,131.51555737476403,131.77333606214606,0.0
640,0,5,0.0,0.0,0.0,0.0,0.0,0.0,25.451555737476404,0.0,0.0,0.0,0.0,0.0,0.0,80.0,0,0.0,0.0,0.0,0.0,0.0,0.25777868738201853,0,0.0,127.25777868738201,127.25777868738201,0.0
