Turn,#animals,#food,avgAE,avgET,avgH,avgV,avgML,avgL,avgFE,avgGen,maxAE,maxET,maxH,maxV,maxML,maxFE,maxGen,minAE,minET,minH,minV,minML,minFE,minGen,totalAE,totalFE,totalE,totalCombat
0,100,600,12.6025,50.41,5.08,11.96,23.37,0.0,49.405,0.0,24.75,99.0,9.0,14.0,49.0,99.0,0,0.25,1.0,1.0,10.0,1.0,1.0,0,1260.25,29643.0,30903.25,0.0
1,96,1132,49.7109375,50.46875,5.020833333333333,11.947916666666666,24.270833333333332,1.7916666666666667,50.05830388692579,0.0,117.75,99.0,9.0,14.0,49.0,99.0,0,1.25,1.0,1.0,10.0,2.0,1.0,0,4772.25,56666.0,61438.25,82.0
2,115,1124,48.801086956521736,48.45217391304348,5.0365217391304355,12.085391304347828,24.856521739130436,2.9391304347826086,49.42326512455516,0.23478260869565218,180.5,99.0,9.1,14.06,49.0,98.0,1,1.25,1.0,1.0,9.94,2.0,1.0,0,5612.125,55551.75,61163.875,156.0
3,140,1107,50.602120535714285,48.77142857142857,5.203571428571427,12.019714285714286,25.55,3.3,49.05199864498645,0.4142857142857143,141.625,99.0,9.1,14.120000000000001,49.0,99.0,2,1.25,1.0,1.0,9.94,2.0,1.0,0,7084.296875,54300.5625,61384.859375,139.0
4,178,1088,48.32456987359551,46.03370786516854,5.187078651685394,12.070000000000002,24.926966292134832,3.2252808988764046,49.275017233455884,0.6629213483146067,187.25,99.0,9.1,14.120000000000001,49.0,98.0,2,1.7890625,1.0,0.9,9.879999999999999,2.0,1.0,0,8601.7734375,53611.21875,62212.9921875,169.2
5,216,1056,53.65529152199074,46.73148148148148,5.300000000000001,12.09712962962963,25.10648148148148,3.586111111111111,48.92223936138731,0.8333333333333334,159.5,99.0,9.1,14.120000000000001,49.0,99.0,3,0.89453125,1.0,0.9,9.879999999999999,2.0,0.25,0,11589.54296875,51661.884765625,63251.427734375,217.5
6,261,1041,51.90699832375479,45.93869731800766,5.247509578544063,12.093716475095782,25.235632183908045,3.7344827586206897,48.40234750240154,1.0421455938697317,174.625,99.0,9.2,14.120000000000001,49.0,117.75,3,0.89453125,1.0,0.8,9.879999999999999,2.0,0.5,0,13547.7265625,50386.84375,63934.5703125,329.1
7,300,1012,53.96152669270833,46.07333333333333,5.41066666666667,12.077399999999999,25.453333333333333,4.810333333333334,47.83372961956522,1.2266666666666666,174.625,99.0,9.2,14.120000000000001,49.0,140.03125,4,0.89453125,1.0,0.8,9.879999999999999,2.0,1.0,0,16188.4580078125,48407.734375,64596.1923828125,538.3
8,337,976,56.96694466339021,44.58160237388724,5.466468842729965,12.028071216617208,25.85459940652819,6.20563798219585,47.91897332863729,1.400593471810089,187.796875,99.0,9.2,14.120000000000001,49.0,139.03125,4,4.224609375,1.0,0.8,9.879999999999999,2.0,0.96875,0,19197.8603515625,46768.91796875,65966.7783203125,835.5
9,373,904,54.91282019730228,44.72654155495979,5.527882037533511,11.998552278820375,26.361930294906166,6.589008042895443,47.518831236172566,1.5764075067024128,224.8125,99.0,9.299999999999999,14.120000000000001,49.0,143.375,4,1.212158203125,1.0,0.8,9.879999999999999,2.0,0.578125,0,20482.48193359375,42957.0234375,63439.50537109375,1108.5
10,420,794,53.696180361793154,43.576190476190476,5.59738095238095,12.016619047619047,26.08809523809524,6.633809523809527,48.374273112799116,1.8142857142857143,187.796875,99.0,9.299999999999999,14.180000000000001,49.5,142.375,5,2.42431640625,1.0,0.8,9.819999999999999,2.0,0.25,0,22552.395751953125,38409.1728515625,60961.568603515625,973.6
11,468,728,47.52551060864049,43.14957264957265,5.5995726495726466,12.057264957264948,26.978632478632477,7.038675213675213,49.515012803968496,1.982905982905983,187.796875,99.0,9.399999999999999,14.180000000000001,49.5,174.625,5,2.42431640625,1.0,0.8,9.819999999999999,2.0,1.0,0,22241.93896484375,36046.92932128906,58288.86828613281,1255.4
12,498,660,45.765568438303994,43.144578313253014,5.625100401606424,12.031726907630528,27.772088353413654,7.206024096385549,50.02630633729877,2.1887550200803214,230.796875,100.0,9.399999999999999,14.180000000000001,49.5,173.625,6,0.6060791015625,1.0,0.8,9.819999999999999,1.5,1.0,0,22791.25308227539,33017.36218261719,55808.61526489258,1598.2
13,523,578,46.86792671976764,43.05736137667304,5.641108986615681,12.02558317399617,29.35755258126195,7.232695984703639,49.8800592917472,2.3212237093690247,160.796875,100.0,9.299999999999999,14.180000000000001,49.5,230.796875,6,0.6060791015625,1.0,0.8,9.759999999999998,1.5,0.28125,0,24511.925674438477,28830.674270629883,53342.59994506836,1418.3
14,566,503,45.61941477098229,42.0,5.615901060070666,12.051908127208467,29.604240282685513,8.103533568904595,49.90474332350623,2.489399293286219,173.40234375,100.0,9.299999999999999,14.180000000000001,50.0,229.796875,6,0.6060791015625,1.0,0.8,9.759999999999998,2.0,0.7802734375,0,25820.588760375977,25102.085891723633,50922.67465209961,1785.6
15,597,434,44.21052661173707,41.231155778894475,5.558291457286431,12.051122278056956,30.807370184254605,9.909882747068677,51.523557988179995,2.659966499162479,184.07421875,100.0,9.299999999999999,14.180000000000001,50.0,228.796875,6,0.6060791015625,1.0,0.8,9.759999999999998,3.0,0.3628692626953125,0,26393.68438720703,22361.224166870117,48754.90855407715,2401.9
16,573,413,44.70407006628226,41.68411867364747,5.465619546247821,12.010052356020937,31.883944153577662,11.29703315881326,51.96559002670769,2.781849912739965,249.355224609375,100.0,9.299999999999999,14.240000000000002,50.0,169.625,6,0.6060791015625,1.0,0.8,9.759999999999998,3.5,0.25,0,25615.432147979736,21461.788681030273,47077.22082901001,3040.9
17,567,383,43.91328047528679,40.60493827160494,5.4781305114638394,12.010158730158718,32.92857142857143,11.782716049382715,53.091277976571426,2.9347442680776012,249.355224609375,100.0,9.2,14.240000000000002,50.0,184.07421875,6,0.6060791015625,1.0,0.8,9.759999999999998,3.5,1.4874267578125,0,24898.83002948761,20333.959465026855,45232.789494514465,2422.7
18,591,356,42.56069770561257,41.03045685279188,5.487309644670048,11.98243654822335,33.75042301184433,12.02588832487309,50.48762645078509,3.0998307952622675,210.12109375,100.0,9.2,14.180000000000001,50.0,249.355224609375,7,0.6060791015625,1.0,0.8,9.759999999999998,3.5,0.4874267578125,0,25153.37234401703,17973.595016479492,43126.96736049652,2322.0
19,592,320,42.276717725637795,40.866554054054056,5.515709459459465,11.949493243243237,34.433277027027025,12.456418918918917,51.071253687143326,3.2364864864864864,188.745361328125,100.0,9.2,14.180000000000001,50.0,248.355224609375,7,0.6060791015625,1.0,0.8,9.699999999999998,6.5,0.33428955078125,0,25027.816893577576,16342.801179885864,41370.61807346344,2420.8
20,579,300,42.19007273247411,40.21588946459413,5.55509499136442,11.962107081174441,35.042314335060446,13.517962003454224,51.313754383722944,3.373056994818653,248.30419921875,100.0,9.2,14.180000000000001,50.0,247.355224609375,7,0.5851516723632812,1.0,0.8,9.699999999999998,6.5,0.6060791015625,0,24428.05211210251,15394.126315116882,39822.17842721939,2634.3
21,564,294,40.37305835460095,38.723404255319146,5.631560283687942,11.941631205673769,35.465425531914896,13.520921985815608,52.74090594012721,3.601063829787234,255.12969970703125,100.0,9.2,14.180000000000001,50.0,193.7987060546875,7,0.5851516723632812,1.0,0.8,9.699999999999998,11.0,0.340606689453125,0,22770.404911994934,15505.8263463974,38276.231258392334,2588.7
22,563,252,41.429758179463036,38.42984014209591,5.633214920071047,11.85335701598579,35.89342806394316,14.715275310834828,53.804774793367535,3.724689165186501,255.12969970703125,101.0,9.2,14.180000000000001,50.0,248.30419921875,7,0.5851516723632812,1.0,0.8,9.699999999999998,12.0,0.954833984375,0,23324.95385503769,13558.80324792862,36883.75710296631,2433.0
23,556,250,39.94127297283505,37.555755395683455,5.720683453237412,11.842302158273375,36.12769784172662,14.813669064748193,52.81890977668762,3.906474820143885,255.12969970703125,101.0,9.2,14.180000000000001,50.0,247.30419921875,8,0.8862514495849609,1.0,0.8,9.699999999999998,12.0,0.5851516723632812,0,22207.34777289629,13204.727444171906,35412.075217068195,2604.7
24,545,250,38.365460758799806,37.07706422018349,5.741651376146787,11.845834862385331,36.403669724770644,14.00330275229359,51.39143042683602,4.110091743119266,301.444091796875,101.0,9.2,14.180000000000001,50.0,192.754150390625,8,1.0883443355560303,1.0,0.8,9.759999999999998,12.0,0.8101062774658203,1,20909.176113545895,12847.857606709003,33757.0337202549,2354.2999999999997
25,569,216,37.600125589039706,35.98769771528998,5.740773286467489,11.858980667838326,36.36731107205624,13.945342706502634,49.53818706229881,4.305799648506151,194.2667236328125,101.0,9.2,14.180000000000001,50.5,191.754150390625,8,0.2925758361816406,1.0,0.8,9.759999999999998,11.5,1.1089820861816406,1,21394.471460163593,10700.248405456543,32094.719865620136,2099.4
26,589,191,35.618146551763466,35.22920203735144,5.748896434634975,11.866723259762308,36.60016977928693,14.504414261460097,50.64589371637524,4.471986417657046,266.11517333984375,101.0,9.2,14.180000000000001,50.5,194.2667236328125,8,0.2925758361816406,1.0,0.8,9.759999999999998,11.5,1.1766886711120605,1,20979.08831898868,9673.365699827671,30652.454018816352,2404.6
27,545,209,34.92576005311187,33.69724770642202,5.76697247706422,11.852293577981644,37.33394495412844,14.70073394495414,50.78724081094185,4.678899082568807,228.692626953125,101.0,9.2,14.240000000000002,50.5,193.2667236328125,8,0.2925758361816406,1.0,0.8,9.759999999999998,11.5,0.17668867111206055,2,19034.53922894597,10614.533329486847,29649.072558432817,2889.3
28,533,211,31.636098302194874,33.187617260787995,5.7763602251407145,11.86022514071295,37.28236397748593,14.905628517823635,55.2653864811382,4.872420262664165,209.8387451171875,101.0,9.2,14.240000000000002,50.5,228.692626953125,8,0.2925758361816406,1.0,0.8,9.759999999999998,11.5,0.6873512268066406,2,16862.040395069867,11660.99654752016,28523.036942590028,2789.1
29,511,208,33.26817123784361,32.645792563600786,5.792759295499021,11.863444227005875,37.67025440313112,15.751663405088058,51.16205609575487,5.031311154598826,262.6207275390625,100.0,9.2,14.240000000000002,50.5,188.5888671875,8,0.5785212516784668,1.0,0.8,9.759999999999998,11.5,0.7745242863893509,2,17000.035502538085,10641.707667917013,27641.743170455098,2710.3
30,489,208,34.00138619705151,31.94478527607362,5.768507157464221,11.885480572597132,37.93047034764826,15.701022494887527,48.14800732439527,5.208588957055214,262.6207275390625,100.0,9.2,14.240000000000002,50.5,187.5888671875,9,0.6880308855324984,1.0,0.8,9.759999999999998,12.5,0.08173656463623047,2,16626.677850358188,10014.785523474216,26641.463373832405,2304.4
31,487,184,33.217556542977,31.61806981519507,5.872279260780286,11.913921971252574,38.234086242299796,15.996919917864469,50.59055615718598,5.363449691991787,189.51470947265625,100.0,9.2,14.240000000000002,50.5,197.23744201660156,9,0.6880308855324984,1.0,0.8,9.759999999999998,12.5,0.3140850067138672,2,16176.9500364298,9308.66233292222,25485.61236935202,1901.3
32,513,165,31.57648895867623,31.43859649122807,5.912865497076029,11.888460038986365,38.17836257309941,15.410331384015587,48.440191834544144,5.549707602339181,239.11993408203125,100.0,9.2,14.240000000000002,50.5,196.23744201660156,9,0.610038606915623,1.0,0.8,9.759999999999998,12.0,0.6880308855324984,2,16198.738835800905,7992.631652699783,24191.37048850069,1853.7
33,522,147,31.510461495451494,30.613026819923373,5.962452107279698,11.936283524904216,38.32375478927203,16.306704980842895,46.379420139757144,5.674329501915709,237.33885192871094,100.0,9.2,14.240000000000002,50.5,195.23744201660156,10,0.7831691205501556,1.0,0.9,9.759999999999998,12.0,1.3513561487197876,2,16448.46090062568,6817.7747605443,23266.23566116998,2070.8
34,489,160,32.13169188186186,29.787321063394682,5.964621676891616,11.9676482617587,38.34253578732106,16.485889570552143,42.25968418113189,5.862985685071575,227.06503295898438,93.0,9.2,14.240000000000002,50.5,189.51470947265625,10,0.7831691205501556,1.0,1.0,9.759999999999998,12.0,1.847006916999817,2,15712.397330230451,6761.549468981102,22473.946799211553,2481.4
35,463,160,32.26452853968422,30.032397408207345,6.061339092872571,12.029028077753786,38.49784017278618,16.17710583153349,41.84223354868591,6.017278617710583,227.06503295898438,87.0,9.2,14.240000000000002,51.0,180.1724395751953,10,0.7831691205501556,1.0,1.0,9.759999999999998,12.0,1.3760617710649967,2,14938.476713873795,6694.757367789745,21633.23408166354,1965.2
36,463,149,30.928111383331373,30.45572354211663,6.123758099352054,12.086997840172808,38.865010799136066,15.962419006479482,41.63162120751061,6.151187904967602,227.06503295898438,87.0,9.2,14.180000000000001,51.0,179.1724395751953,10,0.7831691205501556,1.0,1.0,9.699999999999998,12.0,0.5995765365660191,2,14319.715570482425,6203.111559919082,20522.827130401507,1830.3
37,459,147,30.338893028688595,30.021786492374726,6.098257080610018,12.129411764705887,38.99891067538126,15.723093681917215,38.391332796774805,6.298474945533769,227.06503295898438,87.0,9.2,14.240000000000002,51.0,169.79132080078125,10,0.7292852867394686,1.0,1.0,9.699999999999998,12.0,0.3646426433697343,2,13925.551900168066,5643.525921125896,19569.077821293962,2013.9
38,455,158,26.248317057955312,29.437362637362636,6.1070329670329615,12.084263736263747,39.26593406593407,15.220219780219784,42.0374205181519,6.496703296703297,227.06503295898438,87.0,9.2,14.240000000000002,51.0,213.35303497314453,10,0.39989413414150476,1.0,1.0,9.699999999999998,12.0,0.050369828939437866,2,11942.984261369667,6641.912441868,18584.896703237668,1998.9
39,456,132,26.536689650681694,29.782894736842106,6.151315789473684,12.065570175438586,39.520833333333336,15.398245614035087,42.08001411678577,6.625,277.48887634277344,87.0,9.2,14.240000000000002,51.0,181.89053179323673,11,0.39989413414150476,1.0,1.0,9.699999999999998,12.0,0.6116639847823535,2,12100.730480710852,5554.561863415722,17655.292344126574,1802.4
40,464,121,27.728106990707282,29.732758620689655,6.208189655172412,12.102586206896552,39.67672413793103,15.972844827586213,32.971467927631195,6.799568965517241,277.48887634277344,87.0,9.2,14.240000000000002,51.0,180.89053179323673,12,0.6116639847823535,1.0,1.0,9.699999999999998,12.0,0.09536818042397499,2,12865.841643688178,3989.5476192433744,16855.389262931552,1930.2
41,441,120,26.89181337950173,29.1859410430839,6.291609977324265,12.148435374149656,39.72675736961451,16.247392290249437,35.98101961864668,7.0022675736961455,193.71259780228138,87.0,9.2,14.240000000000002,51.0,206.8342146873474,12,0.6116639847823535,1.0,1.0,9.699999999999998,12.0,0.979888916015625,3,11859.289700360263,4317.722354237601,16177.012054597864,2160.4
42,422,123,26.329912110395885,28.620853080568722,6.313507109004736,12.196540284360195,39.96682464454976,16.382227488151656,36.15970790441843,7.156398104265403,182.42624019272625,87.0,9.2,14.240000000000002,51.0,205.8342146873474,12,0.6116639847823535,1.0,1.0,9.699999999999998,12.0,0.25661903992295265,3,11111.222910587063,4447.644072243467,15558.86698283053,2095.2000000000003
43,428,100,27.347376960202244,27.735981308411215,6.412149532710284,12.303504672897189,40.149532710280376,16.817990654205616,33.05826036997947,7.385514018691588,206.11665725708008,87.0,9.2,14.240000000000002,51.0,204.8342146873474,12,0.5463258847594261,1.0,1.0,9.699999999999998,12.0,0.6250327577727148,3,11704.67733896656,3305.826036997947,15010.503375964507,1677.9
44,407,114,25.25870408994235,26.307125307125308,6.553808353808358,12.420933660933663,40.44226044226044,17.04275184275185,36.32293459027278,7.675675675675675,206.11665725708008,87.0,9.2,14.240000000000002,51.0,203.8342146873474,12,0.5231423767399974,1.0,1.0,9.699999999999998,12.0,0.23787535401061177,3,10280.292564606536,4140.814543291097,14421.107107897633,2034.7
45,411,103,23.965307508576924,26.18978102189781,6.561557177615577,12.448856447688561,40.28588807785888,17.451338199513387,38.26490324686661,7.922141119221411,206.11665725708008,88.0,9.2,14.300000000000002,51.0,202.8342146873474,13,0.5231423767399974,1.0,0.9,9.699999999999998,12.0,0.3512284528987948,3,9849.741386025116,3941.285034427261,13791.026420452377,1882.2
46,390,119,22.936307103771778,25.07948717948718,6.547692307692306,12.50779487179487,40.33974358974359,17.34282051282051,36.502504575889375,8.161538461538461,207.40954181551933,88.0,9.299999999999999,14.300000000000002,51.0,171.86114599276334,13,0.5231423767399974,1.0,0.9,9.699999999999998,12.5,0.2954192594115739,3,8945.159770470993,4343.798044530836,13288.957815001828,1967.2
47,381,114,20.995095143873964,24.186351706036746,6.58950131233596,12.538687664042001,40.36745406824147,17.82703412073491,40.732959285217284,8.356955380577428,165.4348784983158,88.0,9.299999999999999,14.300000000000002,51.0,201.27332705259323,13,0.5231423767399974,1.0,0.9,9.699999999999998,12.5,0.6673996449667357,3,7999.1312498159805,4643.55735851477,12642.68860833075,1819.8
48,369,119,22.79847957243234,24.100271002710027,6.576964769647701,12.522818428184285,40.327913279132794,17.58726287262873,31.05535692148367,8.57181571815718,211.37100487947464,88.0,9.299999999999999,14.300000000000002,51.0,183.8003809452057,13,0.3806270833083545,1.0,0.9,9.699999999999998,21.5,0.3653689130846942,3,8412.638962227533,3695.587473656557,12108.22643588409,1798.0
49,363,121,21.26630131636826,23.702479338842974,6.56253443526171,12.535757575757584,40.28512396694215,17.37713498622589,31.40755689945191,8.763085399449036,211.37100487947464,88.0,9.299999999999999,14.300000000000002,50.5,173.20684872567654,14,0.5029109676625012,1.0,0.9,9.699999999999998,21.5,0.17762321083864663,3,7719.667377841678,3800.3143848336813,11519.98176267536,1859.8
50,362,111,22.393253119136716,22.870165745856355,6.583977900552488,12.520994475138117,40.19198895027624,15.710220994475142,25.48848670034338,8.947513812154696,235.38019448518753,88.0,9.299999999999999,14.300000000000002,50.5,172.20684872567654,14,0.2514554838312506,1.0,0.9,9.699999999999998,21.5,0.1816770376462955,3,8106.357629127491,2829.2220237381152,10935.579652865606,1240.9
51,375,98,19.961061772330307,22.048,6.5309333333333335,12.510720000000012,39.965333333333334,15.151733333333333,27.551463179473707,9.146666666666667,152.15123057583696,86.0,9.299999999999999,14.300000000000002,50.5,171.20684872567654,14,0.2514554838312506,1.0,0.9,9.699999999999998,21.5,0.6079427044678596,4,7485.398164623865,2700.043391588423,10185.441556212289,1304.3
52,379,92,19.87909550978144,21.604221635883906,6.4820580474934,12.532137203166226,39.8957783641161,15.740897097625329,24.058777910528473,9.311345646437994,219.91349077224731,86.0,9.299999999999999,14.300000000000002,51.0,170.20684872567654,14,0.2514554838312506,1.0,0.9,9.699999999999998,21.5,0.03524971008300781,4,7534.177198207166,2213.4075677686196,9747.584765975786,1598.4
53,380,79,18.400310337568683,20.48421052631579,6.570263157894734,12.613368421052634,39.82631578947368,15.849999999999998,29.487183446422456,9.528947368421052,219.91349077224731,86.0,9.299999999999999,14.300000000000002,51.0,184.3241786956787,14,0.2514554838312506,1.0,0.9,9.699999999999998,21.5,0.5029730018432019,4,6992.1179282760995,2329.487492267374,9321.605420543474,1554.8
54,371,88,16.65801469747002,19.787061994609164,6.557142857142855,12.640808625336929,39.703504043126685,15.644743935309972,31.822339085089126,9.719676549865229,219.91349077224731,86.0,9.299999999999999,14.300000000000002,51.0,183.3241786956787,14,0.2514554838312506,1.0,0.9,9.699999999999998,21.5,0.5029109676625012,4,6180.123452761377,2800.365839487843,8980.48929224922,1539.7
55,370,84,16.588158808524934,19.175675675675677,6.619729729729734,12.672594594594594,39.85,16.145675675675673,29.707026608856626,9.962162162162162,219.91349077224731,86.0,9.399999999999999,14.300000000000002,51.0,182.3241786956787,15,0.2514554838312506,1.0,0.9,9.699999999999998,21.5,0.18122343669267593,4,6137.618759154226,2495.3902351439565,8633.008994298183,1478.3
56,363,97,15.647074923980618,17.65564738292011,6.717079889807168,12.76776859504133,39.96831955922865,15.734710743801655,26.964776020509902,10.239669421487603,219.91349077224731,86.0,9.399999999999999,14.300000000000002,51.0,181.3241786956787,15,0.2514554838312506,1.0,0.9,9.699999999999998,21.5,0.010792980528776752,4,5679.888197404965,2615.5832739894604,8295.471471394425,1424.0
57,350,109,14.37245172628416,17.717142857142857,6.650857142857146,12.726057142857153,40.13285714285714,15.590000000000007,26.190390796815024,10.294285714285714,174.46332305297256,85.0,9.399999999999999,14.300000000000002,51.0,180.3241786956787,15,0.2514554838312506,1.0,2.5999999999999996,9.699999999999998,21.5,0.13779967732261866,4,5030.358104199456,2854.7525968528375,7885.110701052294,1624.8
58,360,91,13.59355975461557,17.275,6.635277777777776,12.741611111111107,40.03333333333333,14.842222222222219,28.282679413447777,10.488888888888889,174.46332305297256,85.0,9.499999999999998,14.300000000000002,51.0,179.3241786956787,15,0.2823636686739377,1.0,2.5999999999999996,9.699999999999998,21.0,0.2514554838312506,4,4893.681511661605,2573.7238266237478,7467.405338285353,1187.4
59,360,77,13.355380447537035,16.8,6.630555555555559,12.759666666666673,40.081944444444446,15.158055555555562,30.001494012958947,10.666666666666666,156.56739143229788,85.0,9.499999999999998,14.300000000000002,51.0,178.3241786956787,15,0.25380803529357365,1.0,2.5999999999999996,9.699999999999998,21.0,0.8024833986419253,4,4807.9369611133325,2310.115038997839,7118.052000111171,1265.0
60,365,74,13.097151649352016,15.991780821917809,6.561095890410962,12.740547945205478,40.00821917808219,15.65205479452055,26.543047689643288,10.849315068493151,185.164750399068,85.0,9.499999999999998,14.300000000000002,51.0,133.467551112175,15,0.25380803529357365,1.0,2.5999999999999996,9.699999999999998,21.0,0.10575349798000389,4,4780.460352013486,1964.1855290336032,6744.6458810470895,1430.8
61,352,85,13.608594335053386,15.821022727272727,6.6127840909090985,12.773125,40.17755681818182,16.354829545454557,19.1191452893888,11.028409090909092,126.7193082710728,85.0,9.399999999999999,14.300000000000002,51.0,132.467551112175,16,0.25380803529357365,1.0,2.5999999999999996,9.699999999999998,21.0,0.7550320669497808,5,4790.225205938792,1625.127349598048,6415.35255553684,1583.4
62,349,78,13.31336700379512,15.61031518624642,6.6604584527220645,12.776790830945552,40.17908309455587,16.923495702005745,18.59597650300332,11.223495702005732,126.7193082710728,85.0,9.399999999999999,14.300000000000002,51.0,131.467551112175,17,0.25380803529357365,1.0,2.5999999999999996,9.699999999999998,21.0,0.04472144250757992,5,4646.365084324497,1450.486167234259,6096.851251558755,1460.0
63,328,90,12.362294221060392,15.045731707317072,6.663414634146348,12.82859756097562,40.22560975609756,16.910060975609753,19.761426340296108,11.454268292682928,178.5985763198696,85.0,9.399999999999999,14.300000000000002,51.0,126.7193082710728,17,0.2716271783296591,1.0,2.5999999999999996,9.699999999999998,21.0,0.013124493802962434,5,4054.8325045078086,1778.5283706266496,5833.360875134458,1611.2
64,321,77,12.726183607179356,15.348909657320872,6.627102803738321,12.80535825545172,40.23520249221184,16.641121495327106,19.00678121787513,11.626168224299066,117.15389013363892,86.0,9.299999999999999,14.300000000000002,51.0,125.7193082710728,17,0.2716271783296591,1.0,2.5999999999999996,9.699999999999998,22.5,0.1209681056709826,5,4085.1049379045735,1463.522153776385,5548.627091680959,1136.6
65,326,63,12.594350179692366,15.217791411042946,6.626380368098159,12.808527607361965,40.329754601226995,17.874539877300613,18.538616084619722,11.760736196319018,117.15389013363892,86.0,9.299999999999999,14.300000000000002,51.0,124.7193082710728,17,0.2716271783296591,1.0,2.5999999999999996,9.699999999999998,33.0,0.21620883775040056,5,4105.758158579712,1167.9328133310426,5273.690971910754,1231.9
66,303,76,12.48649667102734,15.825082508250825,6.629042904290438,12.810759075907594,40.4983498349835,18.719141914191425,17.013022292345482,11.792079207920793,117.00698557504802,86.0,9.299999999999999,14.300000000000002,51.5,123.7193082710728,17,0.29034150558766214,1.0,2.5999999999999996,9.699999999999998,33.0,0.017453051148891063,5,3783.4084913212837,1292.9896942182568,5076.3981855395405,1417.7
67,289,68,12.602253953220456,16.474048442906575,6.600346020761248,12.750726643598634,40.63321799307958,19.760899653979244,17.476576503594973,11.809688581314878,138.8262947549665,86.0,9.399999999999999,14.300000000000002,51.5,116.15389013363892,17,0.29034150558766214,1.0,2.5999999999999996,9.699999999999998,33.0,0.36456129467114806,5,3642.051392480712,1188.4072022444582,4830.45859472517,1256.6
68,266,85,12.106384294960094,16.57894736842105,6.512030075187973,12.642631578947386,40.61842105263158,18.97030075187971,16.174226829249065,11.962406015037594,138.8262947549665,86.0,9.399999999999999,14.300000000000002,51.5,115.15389013363892,17,0.29034150558766214,1.0,2.5999999999999996,9.699999999999998,33.0,0.5806830111753243,5,3220.2982224593848,1374.8092804861706,4595.107502945555,1310.6000000000001
69,271,62,12.860733918306002,16.361623616236162,6.5420664206642085,12.658081180811822,40.59963099630996,18.469372693726946,14.185986261157996,12.099630996309964,138.8262947549665,86.0,9.399999999999999,14.300000000000002,51.5,68.01032086001942,17,0.29034150558766214,1.0,2.5999999999999996,9.699999999999998,33.0,0.48222726862379833,5,3485.2588918609263,879.5311481917958,4364.790040052722,842.3
70,273,66,11.02918372897352,15.948717948717949,6.591208791208789,12.658168498168514,40.532967032967036,16.743223443223442,16.496539497048413,12.35897435897436,93.10116487724343,86.0,9.499999999999998,14.300000000000002,51.5,138.8262947549665,17,0.29034150558766214,1.0,2.5999999999999996,9.699999999999998,33.5,0.17243973788572475,5,3010.9671580097706,1088.7716068051952,4099.738764814966,865.2
71,264,48,12.107661281346795,15.200757575757576,6.643560606060609,12.682878787878812,40.44507575757576,16.38977272727272,15.598752191225076,12.613636363636363,145.7542630230746,86.0,9.499999999999998,14.300000000000002,51.5,47.873650465975516,18,0.29034150558766214,1.0,2.5999999999999996,9.699999999999998,34.0,0.13642220289674256,5,3196.422578275554,748.7401051788037,3945.1626834543576,860.8000000000001
72,261,51,10.32050967073134,14.720306513409962,6.717624521072798,12.72268199233718,40.388888888888886,15.170498084291182,20.082640971742467,12.869731800766283,145.7542630230746,86.0,9.499999999999998,14.300000000000002,51.5,83.47501792100229,18,0.29034150558766214,1.0,2.5999999999999996,9.699999999999998,34.0,0.38740823916211387,5,2693.65302406088,1024.2146895588658,3717.8677136197457,755.4
73,248,52,10.790984744208398,14.100806451612904,6.677822580645164,12.71193548387099,40.38709677419355,15.44274193548387,17.554898586823125,13.060483870967742,145.7542630230746,86.0,9.499999999999998,14.300000000000002,51.5,89.6053330088398,19,0.29034150558766214,1.0,2.5999999999999996,9.699999999999998,34.0,0.46238071837535744,5,2676.1642165636827,912.8547265148026,3589.0189430784853,884.9000000000001
74,238,52,11.683049995421632,14.478991596638656,6.593697478991599,12.662268907563048,40.569327731092436,16.445378151260503,12.680337375776501,13.07563025210084,145.7542630230746,86.0,9.499999999999998,14.240000000000002,51.5,55.60907963255886,19,0.284731764295315,1.0,2.5999999999999996,9.699999999999998,33.5,0.062490575916527735,5,2780.5658989103486,659.377543540378,3439.9434424507267,1121.1
75,241,34,11.806771651965663,14.423236514522822,6.573443983402492,12.648796680497938,40.57053941908714,16.49460580912863,12.501714962888757,13.203319502074688,145.7542630230746,86.0,9.499999999999998,14.240000000000002,51.5,54.60907963255886,19,0.284731764295315,1.0,2.5999999999999996,9.699999999999998,33.5,0.4032531573497389,6,2845.431968123725,425.05830873821776,3270.4902768619427,720.7
76,237,42,10.30527068754977,14.063291139240507,6.654008438818565,12.685822784810142,40.449367088607595,16.33417721518987,16.323176916382756,13.434599156118143,91.2999794851712,86.0,9.499999999999998,14.300000000000002,51.5,145.7542630230746,19,0.284731764295315,1.0,2.5999999999999996,9.699999999999998,33.5,0.5502482081174094,6,2442.3491529492953,685.5734304880758,3127.922583437371,866.8000000000001
77,244,32,9.510913848692315,13.282786885245901,6.755327868852458,12.738852459016401,40.35245901639344,16.789754098360653,21.524020877746736,13.663934426229508,91.2999794851712,86.0,9.599999999999998,14.300000000000002,51.5,144.7542630230746,19,0.284731764295315,1.0,2.5999999999999996,9.699999999999998,33.5,0.064271760279625,6,2320.6629790809247,688.7686680878955,3009.4316471688203,741.3000000000001
78,227,41,10.665782739727778,13.136563876651982,6.827312775330392,12.742026431718072,40.22466960352423,17.94008810572687,11.845900272272464,13.819383259911895,197.79054064370212,86.0,9.599999999999998,14.300000000000002,51.5,71.47539423208218,19,0.284731764295315,1.0,2.5999999999999996,9.699999999999998,33.5,0.09829571306663398,6,2421.1326819182054,485.68191116317104,2906.8145930813766,1121.3
79,203,56,9.662137670676076,13.083743842364532,6.764039408866997,12.700197044334978,40.24630541871921,17.4320197044335,14.559607075205493,13.862068965517242,101.15649223592482,85.0,9.599999999999998,14.300000000000002,49.5,197.79054064370212,19,0.284731764295315,1.0,2.5999999999999996,9.699999999999998,33.5,0.031245287958263868,6,1961.4139471472436,815.3379962115076,2776.7519433587513,1032.1
80,199,41,10.831472668748777,13.06532663316583,6.81959798994975,12.712060301507549,40.15075376884422,17.433668341708547,11.858158085961367,14.040201005025125,221.7700621001295,85.0,9.599999999999998,14.300000000000002,49.5,77.80590637898979,19,0.284731764295315,1.0,2.5999999999999996,9.699999999999998,33.5,0.12854352055925,6,2155.463061081007,486.18448152441607,2641.647542605423,579.4
81,195,36,10.393097129933718,12.317948717948719,6.8907692307692265,12.760410256410271,39.94871794871795,17.504615384615384,14.01374591702072,14.35897435897436,221.7700621001295,72.0,9.599999999999998,14.300000000000002,49.5,56.15757772198367,19,0.2529905924448276,1.0,2.5999999999999996,9.639999999999997,33.5,0.27785411436251994,6,2026.653940337075,504.494853012746,2531.148793349821,798.3
82,189,33,10.527983467278842,11.867724867724867,7.029100529100527,12.802539682539694,39.89417989417989,17.596296296296305,13.924533780463056,14.597883597883598,221.7700621001295,72.0,9.599999999999998,14.300000000000002,49.5,55.15757772198367,19,0.2529905924448276,1.0,2.5999999999999996,9.639999999999997,33.5,0.1191059011068516,6,1989.7888753157013,459.50961475528084,2449.298490070982,590.9
83,186,35,10.521449112618575,11.827956989247312,6.995161290322579,12.792473118279585,39.873655913978496,18.04354838709677,11.093749947707167,14.758064516129032,221.7700621001295,72.0,9.599999999999998,14.300000000000002,49.5,54.81392507599776,20,0.2529905924448276,1.0,2.5999999999999996,9.639999999999997,33.5,0.2382118022137032,6,1956.9895349470548,388.2812481697508,2345.2707831168054,777.6999999999999
84,178,37,9.011055793026319,10.932584269662922,6.947752808988764,12.771685393258437,39.556179775280896,16.89044943820224,17.425297761759914,15.05056179775281,80.9772705162909,53.0,9.599999999999998,14.300000000000002,49.5,221.7700621001295,20,0.2529905924448276,1.0,2.8,9.639999999999997,33.0,0.5782983822009076,6,1603.9679311586847,644.7360171851168,2248.7039483438016,629.3
85,170,35,8.307728218864908,11.2,6.85705882352941,12.712000000000005,39.641176470588235,16.105294117647052,20.288379136987505,15.005882352941176,60.1454576149917,53.0,9.599999999999998,14.300000000000002,49.5,220.7700621001295,20,0.2529905924448276,1.0,2.9,9.639999999999997,33.0,0.2894727240292738,6,1412.3137972070342,710.0932697945626,2122.4070670015967,529.2
86,164,31,10.275951686671865,11.560975609756097,6.818902439024387,12.732317073170739,39.954268292682926,15.66280487804878,11.252031376159328,15.018292682926829,229.7052527545414,53.0,9.599999999999998,14.300000000000002,49.5,58.318395997831566,20,0.2529905924448276,1.0,2.9,9.639999999999997,33.0,0.2344827221462087,6,1685.2560766141858,348.8129726609392,2034.069049275125,456.1
87,165,29,9.576936286778702,11.406060606060606,6.851515151515152,12.779272727272726,39.987878787878785,15.389696969696969,11.960580739857585,15.224242424242425,229.7052527545414,53.0,9.599999999999998,14.300000000000002,49.5,60.1454576149917,20,0.2529905924448276,1.0,2.9,9.639999999999997,33.0,0.03111108743706037,6,1580.194487318486,346.85684145587,1927.0513287743559,419.5
88,172,21,9.294038539526943,10.953488372093023,6.930232558139532,12.820232558139539,39.97674418604651,15.866860465116279,11.218017622288723,15.44767441860465,229.7052527545414,53.0,9.599999999999998,14.300000000000002,49.5,59.1454576149917,21,0.2529905924448276,1.0,2.9,9.639999999999997,33.0,0.422205253969139,6,1598.5746287986342,235.57837006806318,1834.1529988666973,433.0
89,171,21,7.709153683675144,10.35672514619883,6.9684210526315775,12.823859649122811,39.87426900584796,15.908187134502919,17.4997710911189,15.742690058479532,72.53651709711056,40.0,9.599999999999998,14.300000000000002,49.0,114.8526263772707,21,0.2975557676617663,1.0,2.9,9.639999999999997,33.0,0.29177848950937724,7,1318.2652799084497,367.4951929134969,1685.7604728219467,574.6
90,169,30,7.621963928523344,10.053254437869823,7.047928994082838,12.896568047337283,39.937869822485204,14.897633136094676,10.048111146330532,16.076923076923077,138.6580234136116,40.0,9.599999999999998,14.360000000000003,49.0,54.91910277473335,21,0.2975557676617663,1.0,2.9,9.639999999999997,33.0,0.5693002801907232,7,1288.111903920445,301.44333438991595,1589.555238310361,555.9
91,173,19,7.115777308720998,9.3121387283237,7.084971098265896,12.940115606936423,39.90462427745665,15.541618497109823,12.54146489400732,16.38150289017341,69.3290117068058,39.0,9.599999999999998,14.360000000000003,48.5,46.78127765279976,21,0.2975557676617663,1.0,2.9,9.699999999999998,33.0,0.10675780545912783,7,1231.0294744087325,238.28783298613905,1469.3173073948715,493.4
92,162,27,7.4255658960744455,9.154320987654321,7.069753086419755,12.880123456790129,39.78086419753087,17.22407407407407,7.546130469205946,16.555555555555557,69.3290117068058,39.0,9.599999999999998,14.300000000000002,48.0,31.870834356463703,21,0.2975557676617663,1.0,2.9,9.699999999999998,33.0,0.5951115353235326,8,1202.9416751640601,203.74552266856054,1406.6871978326208,925.9
93,163,25,6.915362922340821,9.38036809815951,7.065030674846628,12.886380368098168,39.88957055214724,17.774233128834354,7.3296628716980585,16.63803680981595,69.3290117068058,39.0,9.599999999999998,14.300000000000002,48.0,30.870834356463703,21,0.2975557676617663,1.0,2.9,9.699999999999998,33.0,0.5835569790187545,8,1127.2041563415537,183.24157179245145,1310.445728134005,484.6
94,161,21,6.691526854850245,8.894409937888199,7.131055900621119,12.93652173913044,39.891304347826086,18.193167701863352,8.253505225298486,16.88198757763975,69.3290117068058,39.0,9.599999999999998,14.300000000000002,48.0,29.84328654481652,22,0.2975557676617663,1.0,2.9,9.699999999999998,33.0,0.14172012774669174,8,1077.3358236308895,173.3236097312682,1250.6594333621576,525.7
95,144,34,5.305845286976046,8.659722222222221,7.138888888888889,12.955138888888886,39.982638888888886,18.54791666666667,12.733607596145045,17.006944444444443,47.32281028968148,34.0,9.599999999999998,14.300000000000002,47.5,69.3290117068058,22,0.2975557676617663,1.0,2.9,9.699999999999998,33.0,0.43177775513945804,9,764.0417213245506,432.94265826893155,1196.9843795934821,673.4
96,138,25,6.384744667259987,8.985507246376812,7.031884057971018,12.913768115942037,40.09782608695652,19.195652173913047,10.362319160556181,16.956521739130434,75.50730085538522,34.0,9.599999999999998,14.360000000000003,47.5,52.68803145844032,22,0.2975557676617663,1.0,2.9,9.699999999999998,33.0,0.08215147959513103,9,881.0947640818782,259.0579790139045,1140.1527430957826,360.40000000000003
97,126,36,6.555277292847873,9.285714285714286,6.824603174603173,12.760793650793659,40.083333333333336,18.384920634920636,7.325541191070755,16.833333333333332,92.31278286908577,34.0,9.599999999999998,14.360000000000003,47.5,51.68803145844032,22,0.2975557676617663,1.0,2.9,9.699999999999998,33.0,0.5039054486395003,9,825.9649388988321,263.7194828785472,1089.6844217773792,567.3000000000001
98,118,29,6.7245630543380885,8.584745762711865,6.987288135593219,12.827118644067802,39.84322033898305,17.77542372881356,7.828780578716126,17.177966101694917,51.80737100070495,25.0,9.599999999999998,14.360000000000003,47.0,21.631968688110646,22,0.2975557676617663,1.0,3.0,9.699999999999998,33.0,0.1839973660584271,12,793.4984404118944,227.03463678276765,1020.533077194662,334.1
99,121,21,6.920643957151534,8.52892561983471,7.0066115702479355,12.846942148760341,39.900826446280995,16.90495867768595,5.292477175722847,17.371900826446282,46.15639143454288,25.0,9.599999999999998,14.360000000000003,47.0,19.158883252446664,23,0.2975557676617663,1.0,3.0,9.699999999999998,33.0,0.1191059011068516,12,837.3979188153356,111.14202069017978,948.5399395055153,211.00000000000003
100,127,14,6.225522288079555,8.133858267716535,7.182677165354335,12.960000000000003,39.93307086614173,16.19448818897638,5.927644918495644,17.74015748031496,34.049666871487894,25.0,9.699999999999998,14.360000000000003,47.5,23.07819571727144,23,0.2975557676617663,1.0,3.0,9.699999999999998,33.0,0.23471361389751033,12,790.6413305861034,82.98702885893901,873.6283594450424,270.8
101,124,17,5.902903715221997,7.967741935483871,7.24677419354839,12.999838709677425,39.903225806451616,15.893548387096773,5.94675837871176,17.919354838709676,30.952500681267892,25.0,9.699999999999998,14.360000000000003,47.5,22.07819571727144,23,0.2975557676617663,1.0,3.0,9.699999999999998,33.0,0.309907624769219,12,731.9600606875276,101.09489243809992,833.0549531256275,347.9
102,120,15,5.721361373836928,7.775,7.3000000000000025,13.032000000000005,39.85,16.687500000000004,8.223684483862659,18.091666666666665,32.61729357590716,25.0,9.699999999999998,14.360000000000003,47.5,25.33717240102608,23,0.2975557676617663,1.0,3.0,9.699999999999998,35.5,0.4721141868421541,12,686.5633648604314,123.35526725793987,809.9186321183713,325.6
103,115,14,5.92996258878882,7.48695652173913,7.3800000000000034,13.044869565217397,39.72608695652174,16.905217391304348,7.3100067648760145,18.4,34.618477238748326,25.0,9.699999999999998,14.360000000000003,47.5,24.868986438125773,23,0.2975557676617663,1.0,3.0,9.699999999999998,35.5,0.30300134834904946,12,681.9456977107143,102.3400947082642,784.2857924189785,228.60000000000002
104,106,17,5.454065091916366,7.09433962264151,7.4754716981132106,13.077358490566043,39.490566037735846,16.69433962264151,10.755518858645368,18.69811320754717,32.61729357590716,25.0,9.699999999999998,14.360000000000003,47.5,34.618477238748326,23,0.2975557676617663,1.0,3.0,9.759999999999998,35.5,0.9935112984066454,12,578.1308997431348,182.84382059697126,760.974720340106,333.3
105,104,14,5.641401950169093,6.961538461538462,7.508653846153848,13.130961538461541,39.84134615384615,17.13557692307692,9.230803955977631,18.692307692307693,36.81254736672182,25.0,9.699999999999998,14.360000000000003,47.5,33.618477238748326,23,0.2975557676617663,1.0,3.0,9.759999999999998,35.5,0.01694438784864505,12,586.7058028175857,129.23125538368683,715.9370582012725,281.0
106,104,16,5.031926370550143,6.75,7.4942307692307715,13.122884615384617,39.88942307692308,16.208653846153847,9.15633995226899,18.826923076923077,45.401852066553225,25.0,9.699999999999998,14.360000000000003,47.5,25.260180572889624,23,0.2975557676617663,1.0,3.1,9.759999999999998,35.5,0.25423609696216126,12,523.3203425372149,146.50143923630384,669.8217817735188,185.3
107,102,16,4.77253606102205,6.647058823529412,7.457843137254904,13.091960784313724,39.88235294117647,16.45392156862745,9.578276930623156,19.00980392156863,45.401852066553225,25.0,9.699999999999998,14.300000000000002,47.5,24.260180572889624,23,0.2975557676617663,1.0,3.1,9.759999999999998,35.5,0.5084721939243225,13,486.7986782242491,153.2524308899705,640.0511091142196,240.3
108,102,8,4.836592848705778,6.352941176470588,7.490196078431374,13.090588235294115,39.779411764705884,17.258823529411767,14.458547471081724,19.176470588235293,28.19545013424058,23.0,9.699999999999998,14.300000000000002,47.5,45.401852066553225,23,0.2975557676617663,1.0,3.1,9.759999999999998,35.5,0.9861906539047423,13,493.33247056798933,115.66837976865379,609.0008503366431,173.4
109,102,10,4.76490558710486,6.715686274509804,7.428431372549021,13.045098039215686,39.838235294117645,17.73039215686274,8.676620987495662,19.07843137254902,48.47901376354162,23.0,9.699999999999998,14.300000000000002,47.5,19.66140514484074,23,0.2975557676617663,1.0,3.1,9.759999999999998,35.5,1.3588070320409678,13,486.0203698846957,86.76620987495662,572.7865797596523,215.60000000000002
110,93,17,4.96875014540981,7.032258064516129,7.320430107526882,13.0094623655914,40.096774193548384,17.127956989247313,4.860227258362401,18.967741935483872,28.002622538039894,23.0,9.699999999999998,14.300000000000002,47.5,17.40627368336091,23,0.2975557676617663,1.0,3.1,9.759999999999998,35.5,0.343792631519778,13,462.09376352311233,82.62386339216081,544.7176269152732,268.1
111,92,11,4.990031616367962,6.869565217391305,7.414130434782612,13.07217391304348,40.119565217391305,17.629347826086956,5.423546157862166,19.130434782608695,26.729720203456928,23.0,9.699999999999998,14.300000000000002,47.5,15.13412927427764,23,0.2975557676617663,1.0,3.3000000000000003,9.759999999999998,35.5,0.3596824080522183,13,459.0829087058525,59.65900773648383,518.7419164423363,166.0
112,88,13,4.7444384753703295,6.761363636363637,7.482954545454547,13.151818181818184,40.24431818181818,19.785227272727276,6.256446824165367,19.295454545454547,26.729720203456928,23.0,9.699999999999998,14.300000000000002,47.0,19.782868254523773,23,0.2975557676617663,1.0,3.4000000000000004,9.819999999999999,35.5,0.8094901718860148,13,417.51058583258896,81.33380871414977,498.8443945467387,378.20000000000005
113,73,23,4.4083610300292175,7.082191780821918,7.384931506849315,13.112328767123287,40.39041095890411,19.602739726027398,6.575957566355628,19.315068493150687,23.120753244794574,23.0,9.699999999999998,14.300000000000002,47.0,32.437720492148685,23,0.2975557676617663,1.0,3.4000000000000004,9.819999999999999,35.5,0.04691122443751228,13,321.8103551921329,151.24702402617945,473.05737921831235,417.1
114,71,17,4.744199205187812,6.225352112676056,7.643661971830986,13.215774647887324,40.028169014084504,18.242253521126763,6.008398648284885,19.732394366197184,36.036827297337624,15.0,9.699999999999998,14.300000000000002,47.0,15.308646787953581,23,0.2975557676617663,1.0,4.800000000000001,10.639999999999997,35.5,0.5111793105038398,13,336.83814356833466,102.14277702084304,438.9809205891777,132.9
115,68,16,4.533170372629146,5.926470588235294,7.708823529411767,13.23676470588235,39.9485294117647,17.80441176470588,6.071887548982894,20.044117647058822,31.739426092484877,15.0,9.699999999999998,14.300000000000002,47.0,18.208637054867737,24,0.3373284518558055,1.0,4.800000000000001,10.639999999999997,35.5,0.2975557676617663,13,308.25558533878194,97.1502007837263,405.40578612250823,211.5
116,66,17,4.5558075741188615,6.212121212121212,7.525757575757575,13.137878787878787,40.20454545454545,17.022727272727273,4.144083135199375,19.893939393939394,31.739426092484877,15.0,9.699999999999998,14.300000000000002,47.0,10.364860101728464,24,0.3373284518558055,1.0,4.800000000000001,10.639999999999997,35.5,0.4909889427895564,13,300.68329989184485,70.44941329838939,371.13271319023426,213.9
117,69,6,4.597177201502568,6.246376811594203,7.491304347826087,13.089565217391307,40.15217391304348,17.75652173913043,3.916025948174308,19.985507246376812,31.739426092484877,16.0,9.699999999999998,14.300000000000002,47.0,9.364860101728464,25,0.29760511647908194,1.0,4.800000000000001,10.639999999999997,35.5,0.19772796693669825,13,317.20522690367716,23.496155689045846,340.701382592723,89.89999999999999
118,67,11,3.7612105882696296,5.970149253731344,7.591044776119403,13.175223880597017,39.985074626865675,17.523880597014927,6.528784072394284,20.328358208955223,15.104974161943842,16.0,9.699999999999998,14.300000000000002,47.0,31.739426092484877,25,0.29760511647908194,1.0,4.800000000000001,10.639999999999997,35.5,0.5311788710893015,13,252.00110941406518,71.81662479633712,323.8177342104023,254.9
119,65,9,4.166438285498759,5.846153846153846,7.6230769230769235,13.241846153846158,39.96153846153846,16.589230769230767,3.767213975893916,20.661538461538463,35.67784479696489,16.0,9.699999999999998,14.300000000000002,47.0,11.441845192681777,25,0.29760511647908194,1.0,4.800000000000001,10.639999999999997,35.5,0.5674373037253424,14,270.81848855741936,33.90492578304524,304.7234143404646,179.4
120,65,8,3.675089205258648,6.2153846153846155,7.50923076923077,13.147384615384617,40.01538461538462,15.52769230769231,4.287705778420056,20.53846153846154,17.838922398482445,16.0,9.699999999999998,14.300000000000002,47.0,14.400894238236855,25,0.29760511647908194,1.0,4.800000000000001,10.579999999999997,35.5,0.022676865866383622,14,238.88079834181212,34.30164622736045,273.18244456917256,165.80000000000004
121,61,9,3.621091998126738,5.918032786885246,7.518032786885245,13.07311475409836,39.85245901639344,14.5983606557377,4.6852546367486525,20.60655737704918,17.838922398482445,16.0,9.799999999999997,14.300000000000002,47.0,10.827592120956027,25,0.29760511647908194,1.0,4.800000000000001,10.579999999999997,35.5,0.1676573190623054,14,220.886611885731,42.16729173073787,263.0539036164689,87.10000000000001
122,61,5,3.7326163026017403,6.098360655737705,7.462295081967213,13.055737704918034,39.98360655737705,15.073770491803273,4.427511324667042,20.60655737704918,17.838922398482445,16.0,9.799999999999997,14.300000000000002,47.0,9.827592120956027,25,0.29760511647908194,1.0,4.800000000000001,10.579999999999997,35.5,1.6544423138244426,14,227.68959445870615,22.137556623335207,249.82715108204135,62.0
123,59,5,3.437547761544365,5.830508474576271,7.510169491525426,13.1,39.80508474576271,15.459322033898303,7.735875479370179,20.8135593220339,19.483556869079724,16.0,9.799999999999997,14.300000000000002,47.0,17.838922398482445,25,0.29760511647908194,1.0,4.800000000000001,10.579999999999997,35.5,1.0753912422829237,15,202.81531793111753,38.679377396850896,241.49469532796843,121.39999999999999
124,58,6,3.310701348470085,6.0344827586206895,7.412068965517243,13.09689655172414,39.83620689655172,15.79655172413793,6.006110243741417,20.96551724137931,16.636214508473653,17.0,9.799999999999997,14.300000000000002,47.0,16.838922398482445,25,0.29760511647908194,1.0,4.800000000000001,10.579999999999997,35.5,1.089235257829022,15,192.02067821126494,36.0366614624485,228.05733967371344,124.19999999999999
125,56,5,3.5243181933534298,6.089285714285714,7.507142857142861,13.18142857142857,39.973214285714285,16.616071428571427,4.851965594288371,21.053571428571427,18.922389284228082,17.0,9.799999999999997,14.300000000000002,47.0,15.838922398482445,25,0.29760511647908194,1.0,4.800000000000001,10.579999999999997,36.0,0.5311788710893015,15,197.36181882779206,24.259827971441858,221.62164679923393,86.10000000000001
126,57,1,3.5446222964925873,6.017543859649122,7.545614035087721,13.18736842105263,39.921052631578945,18.680701754385968,14.838922398482445,21.105263157894736,18.922389284228082,17.0,9.799999999999997,14.300000000000002,47.0,14.838922398482445,25,0.265171682804752,1.0,4.800000000000001,10.579999999999997,36.0,14.838922398482445,15,202.04347090007747,14.838922398482445,216.88239329855992,80.30000000000001
127,52,6,3.4857251999031567,6.153846153846154,7.461538461538462,13.161923076923076,40.02884615384615,19.61346153846154,5.7707804839326196,20.98076923076923,18.922389284228082,17.0,9.799999999999997,14.300000000000002,47.0,16.636214508473653,25,0.265171682804752,1.0,4.800000000000001,10.579999999999997,36.0,0.5567268377366574,15,181.25771039496414,34.62468290359572,215.88239329855986,115.10000000000001
128,50,5,3.702225275512752,6.06,7.552,13.213199999999999,39.97,20.516,5.042880537037121,21.1,24.555675707714876,17.0,9.799999999999997,14.300000000000002,47.0,12.838922398482445,25,0.265171682804752,1.0,4.800000000000001,10.579999999999997,36.0,0.017882222941688397,15,185.1112637756376,25.214402685185604,210.32566646082321,47.0
129,49,4,3.0906363822308944,5.836734693877551,7.495918367346938,13.177142857142858,39.93877551020408,19.916326530612242,12.155484981161955,21.102040816326532,13.87949933418366,17.0,9.799999999999997,14.300000000000002,47.0,24.555675707714876,25,0.265171682804752,1.0,4.800000000000001,10.579999999999997,36.0,0.5089411114708442,16,151.44118272931382,48.62193992464782,200.06312265396164,30.2
130,49,1,3.9046556926539835,6.020408163265306,7.43673469387755,13.161632653061224,40.08163265306123,20.073469387755097,1.7561777688997495,20.959183673469386,28.426564924984806,17.0,9.799999999999997,14.300000000000002,47.0,1.7561777688997495,25,0.265171682804752,1.0,4.800000000000001,10.579999999999997,36.0,1.7561777688997495,16,191.3281289400452,1.7561777688997495,193.08430670894495,0.0
131,48,1,3.705532878848132,5.875,7.470833333333332,13.174999999999999,40.0,20.968749999999996,14.218728524234642,20.979166666666668,28.426564924984806,17.0,9.799999999999997,14.300000000000002,47.0,14.218728524234642,25,0.265171682804752,1.0,4.800000000000001,10.579999999999997,36.0,14.218728524234642,16,177.86557818471033,14.218728524234642,192.08430670894498,23.1
132,45,4,3.5087911861603156,5.866666666666666,7.524444444444442,13.224888888888886,39.977777777777774,20.902222222222218,8.297175832932687,21.08888888888889,28.426564924984806,17.0,9.799999999999997,14.300000000000002,47.0,15.184569958850634,25,0.265171682804752,1.0,4.800000000000001,10.579999999999997,36.0,0.8713857489590175,16,157.8956033772142,33.18870333173075,191.08430670894495,11.500000000000002
133,45,3,3.3797481069598443,6.177777777777778,7.437777777777776,13.198666666666663,40.111111111111114,21.548888888888886,9.339204971848918,21.11111111111111,14.213282462492403,17.0,9.799999999999997,14.300000000000002,47.0,14.184569958850634,25,0.265171682804752,1.0,4.800000000000001,10.579999999999997,36.0,1.6143164324614785,16,152.088664813193,28.017614915546755,180.10627972873974,23.9
134,46,1,3.514716834251896,6.173913043478261,7.3804347826086945,13.145652173913039,40.04347826086956,22.782608695652176,13.184569958850634,21.08695652173913,25.432010986727043,17.0,9.799999999999997,14.300000000000002,47.0,13.184569958850634,25,0.265171682804752,1.0,4.800000000000001,10.579999999999997,36.0,13.184569958850634,16,161.6769743755872,13.184569958850634,174.86154433443784,35.300000000000004
135,43,5,2.854206630747943,5.883720930232558,7.479069767441859,13.154418604651157,39.53488372093023,21.746511627906976,8.954531293118908,21.58139534883721,12.716005493363522,18.0,9.799999999999997,14.300000000000002,46.5,12.184569958850634,25,0.265171682804752,1.0,4.800000000000001,10.579999999999997,36.0,5.780188311198644,16,122.73088512216154,44.77265646559454,167.50354158775608,47.2
136,42,5,3.071070124212819,5.857142857142857,7.542857142857142,13.209999999999994,39.607142857142854,22.65714285714286,6.703719274163537,21.666666666666668,15.365576289766032,18.0,9.799999999999997,14.300000000000002,46.5,9.700441382581753,25,0.265171682804752,1.0,4.800000000000001,10.579999999999997,36.0,4.780188311198644,16,128.9849452169384,33.51859637081768,162.50354158775608,11.9
137,40,7,3.0283720513999475,5.7,7.649999999999999,13.282499999999995,39.525,23.32,5.195522790251167,21.875,15.365576289766032,18.0,9.799999999999997,14.300000000000002,46.5,8.700441382581753,25,0.265171682804752,1.0,4.800000000000001,10.759999999999998,36.0,3.016997792293209,16,121.1348820559979,36.36865953175817,157.50354158775608,29.400000000000002
138,37,6,2.903504229577895,5.297297297297297,7.694594594594594,13.310810810810807,39.28378378378378,23.62162162162162,7.1789808488956615,21.945945945945947,13.40094430920587,18.0,9.799999999999997,14.300000000000002,46.5,15.365576289766032,25,0.265171682804752,1.0,4.800000000000001,10.759999999999998,36.0,1.6286019645199812,16,107.4296564943821,43.07388509337397,150.50354158775608,35.2
139,36,5,3.412065128139213,5.194444444444445,7.6333333333333355,13.236111111111105,38.986111111111114,23.26388888888889,3.962840362315,21.97222222222222,21.472217521012233,18.0,9.799999999999997,14.300000000000002,46.0,7.510785632255664,25,0.265171682804752,1.0,4.800000000000001,10.759999999999998,36.0,1.0169977922932092,16,122.83434461301167,19.814201811575,142.64854642458667,17.200000000000003
140,38,5,2.839586531107994,6.105263157894737,7.452631578947369,13.164210526315784,39.4078947368421,21.818421052631578,3.248278403033435,21.92105263157895,10.736108760506117,18.0,9.799999999999997,14.300000000000002,46.0,6.510785632255664,25,0.265171682804752,1.0,4.800000000000001,10.759999999999998,36.0,0.939714833594907,16,107.90428818210378,16.241392015167175,124.14568019727096,0.0
141,36,5,3.0860460915652244,6.361111111111111,7.372222222222224,13.141111111111107,39.486111111111114,21.833333333333332,1.6216612134655903,21.833333333333332,12.2112577868586,18.0,9.699999999999998,14.300000000000002,46.0,4.700441382581753,25,0.265171682804752,1.0,4.800000000000001,10.759999999999998,36.0,0.44418799588538027,16,111.09765929634808,8.108306067327952,119.20596536367603,0.0
142,34,3,3.3181933385408757,6.588235294117647,7.300000000000002,13.079999999999997,39.544117647058826,21.88235294117647,0.9221994403139749,21.823529411764707,14.436550143087869,18.0,9.699999999999998,14.300000000000002,46.0,1.3048702648284682,25,0.265171682804752,1.0,4.800000000000001,10.759999999999998,36.0,0.674656903711611,16,112.81857351038977,2.7665983209419247,115.58517183133169,0.0
143,33,2,3.40043546132774,6.757575757575758,7.266666666666668,13.063030303030299,39.59090909090909,22.400000000000002,0.45453677570140716,21.757575757575758,14.436550143087869,18.0,9.699999999999998,14.300000000000002,46.0,0.6042032865743461,25,0.265171682804752,1.0,4.800000000000001,10.759999999999998,36.0,0.30487026482846824,16,112.21437022381542,0.9090735514028143,113.12344377521823,0.0
144,32,1,3.390761871796145,6.75,7.340625000000002,13.134999999999994,39.671875,22.9625,3.7099903263387803,21.84375,14.436550143087869,18.0,9.699999999999998,14.300000000000002,46.0,3.7099903263387803,25,0.265171682804752,1.0,4.800000000000001,10.759999999999998,36.0,3.7099903263387803,16,108.50437989747664,3.7099903263387803,112.21437022381542,0.0
145,31,1,3.5350247825579166,6.870967741935484,7.267741935483873,13.12064516129032,39.725806451612904,23.483870967741936,1.6286019645199812,21.838709677419356,14.436550143087869,18.0,9.699999999999998,14.300000000000002,46.0,1.6286019645199812,25,0.265171682804752,1.0,4.800000000000001,10.759999999999998,36.0,1.6286019645199812,16,109.58576825929542,1.6286019645199812,111.21437022381541,0.0
146,29,2,3.5922617408425603,7.0,7.2344827586206915,13.043448275862067,39.827586206896555,23.517241379310345,3.019389869690579,21.862068965517242,14.436550143087869,18.0,9.699999999999998,14.300000000000002,46.0,5.456504934997144,25,0.265171682804752,1.0,4.800000000000001,10.759999999999998,36.0,0.5822748043840134,16,104.17559048443425,6.038779739381158,110.21437022381541,0.0
147,27,3,3.783998711483244,7.37037037037037,7.137037037037038,12.985925925925924,40.01851851851852,23.54814814814815,2.1547100697946067,21.703703703703702,14.436550143087869,18.0,9.699999999999998,14.300000000000002,46.0,4.456504934997144,25,0.265171682804752,1.0,4.800000000000001,10.759999999999998,36.0,0.29760511647908194,16,102.16796521004758,6.4641302093838195,108.63209541943141,0.0
148,27,2,3.783998711483244,7.37037037037037,7.137037037037038,12.985925925925924,40.01851851851852,24.548148148148147,2.0832625464523686,21.703703703703702,14.436550143087869,18.0,9.699999999999998,14.300000000000002,46.0,3.4565049349971444,25,0.265171682804752,1.0,4.800000000000001,10.759999999999998,36.0,0.7100201579075929,16,102.16796521004758,4.166525092904737,106.33449030295232,0.0
149,27,1,3.783998711483244,7.37037037037037,7.137037037037038,12.985925925925924,40.01851851851852,25.54814814814815,2.4565049349971444,21.703703703703702,14.436550143087869,18.0,9.699999999999998,14.300000000000002,46.0,2.4565049349971444,25,0.265171682804752,1.0,4.800000000000001,10.759999999999998,36.0,2.4565049349971444,16,102.16796521004758,2.4565049349971444,104.62447014504473,0.0
150,27,0,3.8379433387053603,7.37037037037037,7.137037037037038,12.985925925925924,40.01851851851852,26.54814814814815,0.0,21.703703703703702,14.436550143087869,18.0,9.699999999999998,14.300000000000002,46.0,0.0,25,0.265171682804752,1.0,4.800000000000001,10.759999999999998,36.0,0.0,16,103.62447014504473,0.0,103.62447014504473,0.0
151,26,1,3.8344956718391794,7.423076923076923,7.223076923076923,13.069230769230767,40.17307692307692,27.188461538461542,3.9275826772260443,21.76923076923077,14.436550143087869,18.0,9.699999999999998,14.300000000000002,46.0,3.9275826772260443,25,0.265171682804752,1.0,4.800000000000001,10.759999999999998,36.0,3.9275826772260443,16,99.69688746781867,3.9275826772260443,103.62447014504471,0.0
152,26,1,3.8344956718391794,7.423076923076923,7.223076923076923,13.069230769230767,40.17307692307692,28.188461538461542,2.9275826772260443,21.76923076923077,14.436550143087869,18.0,9.699999999999998,14.300000000000002,46.0,2.9275826772260443,25,0.265171682804752,1.0,4.800000000000001,10.759999999999998,36.0,2.9275826772260443,16,99.69688746781867,2.9275826772260443,102.62447014504471,0.0
153,25,1,4.00726268793059,7.6,7.128000000000001,13.0536,40.28,28.836000000000002,1.4429029467799719,21.72,14.436550143087869,18.0,9.699999999999998,14.300000000000002,46.0,1.4429029467799719,25,0.265171682804752,1.0,4.800000000000001,10.759999999999998,36.0,1.4429029467799719,16,100.18156719826474,1.4429029467799719,101.62447014504471,0.0
154,23,2,3.8054653122242224,7.608695652173913,7.086956521739131,13.043478260869563,40.19565217391305,28.830434782608698,6.549383981943807,21.91304347826087,14.436550143087869,18.0,9.699999999999998,14.300000000000002,46.0,12.2112577868586,25,0.265171682804752,1.0,4.800000000000001,10.759999999999998,36.0,0.8875101770290141,16,87.52570218115711,13.098767963887614,100.62447014504473,0.0
155,23,1,3.8054653122242224,7.608695652173913,7.086956521739131,13.043478260869563,40.19565217391305,29.830434782608698,11.2112577868586,21.91304347826087,14.436550143087869,18.0,9.699999999999998,14.300000000000002,46.0,11.2112577868586,25,0.265171682804752,1.0,4.800000000000001,10.759999999999998,36.0,11.2112577868586,16,87.52570218115711,11.2112577868586,98.73695996801571,0.0
156,21,3,3.8643554948599745,7.666666666666667,7.028571428571429,13.028571428571427,40.023809523809526,29.757142857142856,5.52849819198542,22.142857142857142,14.436550143087869,18.0,9.699999999999998,14.300000000000002,45.5,10.2112577868586,25,0.265171682804752,1.0,4.800000000000001,10.759999999999998,36.0,1.4214746486922176,17,81.15146539205946,16.58549457595626,97.73695996801573,0.0
157,19,5,3.7748443617779492,7.894736842105263,6.957894736842106,12.92315789473684,40.10526315789474,29.836842105263155,4.602983418846934,22.157894736842106,14.436550143087869,18.0,9.699999999999998,14.300000000000002,45.5,9.2112577868586,25,0.265171682804752,1.0,4.800000000000001,10.759999999999998,36.0,0.4214746486922176,17,71.72204287378104,23.01491709423467,94.7369599680157,0.0
158,17,5,4.148961843296392,8.176470588235293,6.864705882352942,12.799999999999997,40.294117647058826,30.34705882352941,3.956626796656964,22.058823529411764,17.389312283493314,18.0,9.699999999999998,14.300000000000002,45.5,8.2112577868586,25,0.265171682804752,1.0,4.800000000000001,10.759999999999998,36.0,0.44418799588538027,17,70.53235133603866,19.78313398328482,90.31548531932347,15.500000000000002
159,16,4,4.425954757623899,9.4375,6.5125,12.673749999999995,40.6875,28.30625,2.707651061533133,22.0,10.561493864160067,18.0,9.699999999999998,14.300000000000002,45.5,5.985234522393026,25,0.265171682804752,1.0,4.800000000000001,10.759999999999998,36.0,0.7220939979426901,17,70.81527612198238,10.830604246132532,81.64588036811492,0.0
160,15,4,4.361071279258492,9.533333333333333,6.473333333333334,12.565333333333326,40.666666666666664,28.459999999999997,3.126929295323712,22.066666666666666,10.561493864160067,18.0,9.699999999999998,14.240000000000002,45.5,5.399206933105006,25,0.265171682804752,1.0,4.800000000000001,10.759999999999998,36.0,0.8589109320988759,17,65.41606918887737,12.507717181294849,77.92378637017222,0.0
161,15,1,4.6719760610453545,9.533333333333333,6.473333333333334,12.565333333333326,40.666666666666664,29.459999999999997,3.985234522393026,22.066666666666666,10.561493864160067,18.0,9.699999999999998,14.240000000000002,45.5,3.985234522393026,25,0.265171682804752,1.0,4.800000000000001,10.759999999999998,36.0,3.985234522393026,17,70.07964091568032,3.985234522393026,74.06487543807334,0.0
162,13,4,4.953579297954716,10.153846153846153,6.292307692307694,12.349230769230767,40.96153846153846,29.069230769230767,1.8732543551409973,21.923076923076923,10.561493864160067,18.0,9.699999999999998,13.579999999999997,45.5,2.985234522393026,25,0.265171682804752,1.0,4.800000000000001,10.759999999999998,36.0,0.6042032865743461,17,64.39653087341131,7.493017420563989,71.8895482939753,0.0
163,13,4,4.887976586042887,10.153846153846153,6.200000000000002,12.353846153846149,41.03846153846154,27.146153846153844,1.0384964541985988,22.076923076923077,10.561493864160067,18.0,9.499999999999998,13.579999999999997,45.5,1.985234522393026,26,0.5876635720490224,1.0,4.800000000000001,10.759999999999998,36.0,0.17532714409804484,17,63.543695618557535,4.153985816794395,67.69768143535192,0.0
164,13,2,4.37939678097945,9.307692307692308,6.415384615384617,12.403076923076917,40.46153846153846,24.592307692307692,4.015596334845881,22.76923076923077,10.561493864160067,18.0,9.499999999999998,13.579999999999997,45.5,7.302940202193191,26,0.2938317860245112,1.0,4.800000000000001,10.759999999999998,36.0,0.7282524674985722,17,56.932158152732846,8.031192669691762,64.96335082242462,0.0
165,12,3,4.3463910464890185,9.666666666666666,6.541666666666668,12.534999999999997,40.833333333333336,24.558333333333334,3.5443230377200465,23.0,10.561493864160067,18.0,9.499999999999998,13.579999999999997,45.5,6.302940202193191,26,0.2938317860245112,1.0,4.800000000000001,10.759999999999998,36.5,0.4454366838976779,17,52.156692557868226,10.63296911316014,62.78966167102837,0.0
166,11,3,4.688093544165382,10.454545454545455,6.372727272727274,12.439999999999992,41.13636363636363,24.336363636363636,2.9250653337704953,22.818181818181817,10.561493864160067,18.0,9.499999999999998,13.579999999999997,45.5,5.302940202193191,26,0.2938317860245112,1.0,4.800000000000001,10.759999999999998,36.5,0.5876635720490224,17,51.56902898581921,8.775196001311485,60.344224987130694,0.0
167,10,3,5.0678155618023855,11.4,6.060000000000001,12.325999999999993,41.45,24.07,2.359468599019273,22.7,10.561493864160067,18.0,8.500000000000002,13.579999999999997,45.5,4.302940202193191,26,0.2938317860245112,1.0,4.800000000000001,10.759999999999998,36.5,0.8908733677953558,17,50.67815561802385,7.078405797057819,57.75656141508167,0.0
168,10,2,5.067815561802385,11.4,6.060000000000001,12.325999999999997,41.45,25.07,2.0937662146312315,22.7,10.561493864160067,18.0,8.500000000000002,13.579999999999997,45.5,3.3029402021931906,26,0.2938317860245112,1.0,4.800000000000001,10.759999999999998,36.5,0.8845922270692719,17,50.678155618023844,4.187532429262463,54.865688047286305,0.0
169,8,3,4.118311919531819,10.0,6.137500000000002,12.314999999999994,40.75,23.025,6.678200154654164,22.625,10.561493864160067,17.0,8.500000000000002,13.579999999999997,45.5,9.03700412002264,26,0.2938317860245112,1.0,4.800000000000001,10.759999999999998,36.5,2.3029402021931906,17,32.94649535625455,20.03460046396249,52.98109582021704,16.800000000000004
170,8,3,4.118311919531819,10.0,6.137500000000002,12.314999999999994,40.75,26.125,5.678200154654164,22.625,10.561493864160067,17.0,8.500000000000002,13.579999999999997,45.5,8.03700412002264,26,0.2938317860245112,1.0,4.800000000000001,10.759999999999998,36.5,1.3029402021931906,17,32.94649535625455,17.03460046396249,49.98109582021704,16.800000000000004
171,6,4,4.077879981912742,10.0,6.450000000000002,12.479999999999995,40.583333333333336,23.900000000000002,5.628453982185146,24.0,11.55550618003396,17.0,8.500000000000002,13.579999999999997,44.0,10.561493864160067,26,0.2938317860245112,1.0,5.0,10.759999999999998,36.5,0.3029402021931906,20,24.46727989147645,22.513815928740584,46.981095820217035,11.200000000000003
172,6,2,5.026989338870518,10.0,6.450000000000002,12.479999999999995,40.583333333333336,24.900000000000002,6.758109792400369,24.0,11.55550618003396,17.0,8.500000000000002,13.579999999999997,44.0,9.561493864160067,26,0.2938317860245112,1.0,5.0,10.759999999999998,36.5,3.9547257206406714,20,30.161936033223107,13.516219584800737,43.678155618023844,0.0
173,6,1,6.453904982897196,10.0,6.450000000000002,12.479999999999995,40.583333333333336,25.900000000000002,2.9547257206406714,24.0,20.11700004419403,17.0,8.500000000000002,13.579999999999997,44.0,2.9547257206406714,26,0.2938317860245112,1.0,5.0,10.759999999999998,36.5,2.9547257206406714,20,38.72342989738318,2.9547257206406714,41.67815561802385,0.0
174,7,0,5.092700800996478,10.857142857142858,6.342857142857144,12.442857142857138,41.07142857142857,22.914285714285715,0.0,24.142857142857142,10.058500022097014,17.0,8.500000000000002,13.579999999999997,44.0,0.0,26,0.2938317860245112,1.0,5.0,10.759999999999998,36.5,0.0,20,35.64890560697535,0.0,35.64890560697535,0.0
175,7,0,5.092700800996478,10.857142857142858,6.342857142857144,12.442857142857138,41.07142857142857,23.771428571428572,0.0,24.142857142857142,10.058500022097014,17.0,8.500000000000002,13.579999999999997,44.0,0.0,26,0.2938317860245112,1.0,5.0,10.759999999999998,36.5,0.0,20,35.64890560697535,0.0,35.64890560697535,0.0
176,6,1,5.229880664015351,11.5,6.566666666666669,12.72333333333333,41.833333333333336,22.733333333333334,4.269621622883243,24.833333333333332,10.058500022097014,17.0,8.500000000000002,13.579999999999997,44.0,4.269621622883243,26,0.2938317860245112,1.0,5.600000000000001,12.219999999999994,37.5,4.269621622883243,24,31.379283984092105,4.269621622883243,35.64890560697535,0.0
177,6,1,5.229880664015351,11.5,6.566666666666669,12.72333333333333,41.833333333333336,23.733333333333334,3.2696216228832427,24.833333333333332,10.058500022097014,17.0,8.500000000000002,13.579999999999997,44.0,3.2696216228832427,26,0.2938317860245112,1.0,5.600000000000001,12.219999999999994,37.5,3.2696216228832427,24,31.379283984092105,3.2696216228832427,34.64890560697535,0.0
178,6,1,5.229880664015351,11.5,6.566666666666669,12.72333333333333,41.833333333333336,24.733333333333334,2.2696216228832427,24.833333333333332,10.058500022097014,17.0,8.500000000000002,13.579999999999997,44.0,2.2696216228832427,26,0.2938317860245112,1.0,5.600000000000001,12.219999999999994,37.5,2.2696216228832427,24,31.379283984092105,2.2696216228832427,33.64890560697535,0.0
179,6,1,5.229880664015351,11.5,6.566666666666669,12.72333333333333,41.833333333333336,25.733333333333334,1.2696216228832427,24.833333333333332,10.058500022097014,17.0,8.500000000000002,13.579999999999997,44.0,1.2696216228832427,26,0.2938317860245112,1.0,5.600000000000001,12.219999999999994,37.5,1.2696216228832427,24,31.379283984092105,1.2696216228832427,32.64890560697535,0.0
180,6,1,5.229880664015351,11.5,6.566666666666669,12.72333333333333,41.833333333333336,26.733333333333334,0.26962162288324265,24.833333333333332,10.058500022097014,17.0,8.500000000000002,13.579999999999997,44.0,0.26962162288324265,26,0.2938317860245112,1.0,5.600000000000001,12.219999999999994,37.5,0.26962162288324265,24,31.379283984092105,0.26962162288324265,31.648905606975347,0.0
181,5,2,4.264156792399018,10.4,6.740000000000002,12.811999999999994,41.4,24.360000000000003,20.529250011048507,25.0,10.041984212619987,17.0,8.500000000000002,13.579999999999997,44.0,31.0,26,0.2938317860245112,1.0,5.600000000000001,12.219999999999994,37.5,10.058500022097014,24,21.32078396199509,41.058500022097014,62.379283984092105,0.0
182,5,3,4.264156792399018,10.4,6.740000000000002,12.811999999999994,41.4,25.360000000000003,26.019500007365668,25.0,10.041984212619987,17.0,8.500000000000002,13.579999999999997,44.0,39.0,26,0.2938317860245112,1.0,5.600000000000001,12.219999999999994,37.5,9.058500022097014,24,21.32078396199509,78.05850002209701,99.3792839840921,0.0
183,5,4,4.264156792399018,10.4,6.740000000000002,12.811999999999994,41.4,26.360000000000003,30.264625005524252,25.0,10.041984212619987,17.0,8.500000000000002,13.579999999999997,44.0,46.0,26,0.2938317860245112,1.0,5.600000000000001,12.219999999999994,37.5,8.058500022097014,24,21.32078396199509,121.05850002209701,142.3792839840921,0.0
184,4,5,5.75280740095976,9.0,7.025000000000002,12.929999999999996,40.875,23.200000000000003,33.67361087605061,25.25,12.087750033145522,17.0,8.500000000000002,13.579999999999997,44.0,53.0,26,0.2938317860245112,1.0,5.600000000000001,12.219999999999994,37.5,5.368054380253058,24,23.01122960383904,168.36805438025306,191.3792839840921,0.0
185,4,6,5.75280740095976,9.0,7.025000000000002,12.929999999999996,40.875,24.200000000000003,36.561342396708845,25.25,12.087750033145522,17.0,8.500000000000002,13.579999999999997,44.0,56.0,26,0.2938317860245112,1.0,5.600000000000001,12.219999999999994,37.5,4.368054380253058,24,23.01122960383904,219.36805438025306,242.3792839840921,0.0
186,4,6,6.594820996023026,9.0,7.025000000000002,12.929999999999996,40.875,25.200000000000003,37.0,25.25,13.410038592873045,17.0,8.500000000000002,13.579999999999997,44.0,55.0,26,0.2938317860245112,1.0,5.600000000000001,12.219999999999994,37.5,12.0,24,26.379283984092105,222.0,248.3792839840921,0.0
187,3,8,4.323081797073018,6.333333333333333,7.500000000000003,13.106666666666662,39.833333333333336,20.0,31.67625482410913,25.666666666666668,12.087750033145522,16.0,8.500000000000002,13.579999999999997,44.0,54.0,26,0.2938317860245112,1.0,5.700000000000001,12.219999999999994,37.5,11.0,25,12.969245391219054,253.41003859287304,266.37928398409207,0.0
188,3,9,4.323081797073018,6.333333333333333,7.500000000000003,13.106666666666662,39.833333333333336,21.0,30.378893176985894,25.666666666666668,12.087750033145522,16.0,8.500000000000002,13.579999999999997,44.0,53.0,26,0.2938317860245112,1.0,5.700000000000001,12.219999999999994,37.5,10.0,25,12.969245391219054,273.41003859287304,286.37928398409207,0.0
189,3,10,4.323081797073018,6.333333333333333,7.500000000000003,13.106666666666662,39.833333333333336,22.0,35.741003859287304,25.666666666666668,12.087750033145522,16.0,8.500000000000002,13.579999999999997,44.0,93.0,26,0.2938317860245112,1.0,5.700000000000001,12.219999999999994,37.5,9.0,25,12.969245391219054,357.41003859287304,370.37928398409207,0.0
190,3,10,11.656415130406351,6.333333333333333,7.500000000000003,13.106666666666662,39.833333333333336,23.0,38.741003859287304,25.666666666666668,22.293831786024512,16.0,8.500000000000002,13.579999999999997,44.0,92.0,26,0.5876635720490224,1.0,5.700000000000001,12.219999999999994,37.5,8.0,25,34.969245391219054,387.41003859287304,422.37928398409207,0.0
191,4,10,9.701456509396493,5.0,7.725000000000001,13.224999999999996,39.25,17.75,39.1,26.0,21.49778862601857,16.0,8.500000000000002,13.579999999999997,44.0,91.0,27,0.5876635720490224,1.0,5.700000000000001,12.219999999999994,37.5,7.0,25,38.80582603758597,391.0,429.805826037586,0.0
192,6,11,11.910759407991444,6.0,7.500000000000001,13.116666666666662,39.833333333333336,12.0,33.071520815750276,26.333333333333332,45.587663572049024,16.0,8.500000000000002,13.639999999999997,44.5,90.0,28,1.393364486626532,1.0,5.600000000000001,12.159999999999993,37.5,2.786728973253064,25,71.46455644794867,363.78672897325305,435.2512854212017,0.0
193,8,14,6.985943386882104,4.75,7.737500000000002,13.224999999999998,39.3125,9.125,25.894888184395445,26.625,22.793831786024512,16.0,8.500000000000002,13.639999999999997,44.5,89.0,28,0.696682243313266,1.0,5.600000000000001,12.159999999999993,37.0,0.348341121656633,25,55.88754709505683,362.5284345815362,418.41598167659305,0.0
194,12,14,3.8906834414128553,3.8333333333333335,7.958333333333336,13.343333333333332,38.833333333333336,6.333333333333333,33.199052069518075,26.916666666666668,11.396915893012256,16.0,8.500000000000002,13.639999999999997,44.5,93.0,28,0.348341121656633,1.0,5.600000000000001,12.159999999999993,37.0,0.786728973253064,25,46.68820129695426,464.78672897325305,511.4749302702073,0.0
195,16,15,2.5173397566959297,3.3125,8.087500000000002,13.383749999999996,38.8125,5.65625,35.6,27.1875,10.748894313009284,16.0,8.500000000000002,13.639999999999997,44.5,92.0,29,0.348341121656633,1.0,5.600000000000001,12.159999999999993,37.0,3.0,25,40.277436107134875,534.0,574.2774361071349,8.500000000000002
196,17,20,2.0358957741546315,3.235294117647059,8.11764705882353,13.398823529411757,38.794117647058826,6.282352941176471,27.42309126757982,27.294117647058822,10.748894313009284,16.0,8.500000000000002,13.639999999999997,44.5,91.0,29,0.348341121656633,1.0,5.600000000000001,12.159999999999993,37.0,0.356153621656633,25,34.610228160628736,548.4618253515964,583.0720535122251,58.70000000000002
197,20,17,2.6509386860728528,3.0,8.170000000000002,13.425999999999993,38.65,5.890000000000001,37.11764705882353,27.45,20.42461448662653,16.0,8.600000000000001,13.639999999999997,44.5,90.0,29,0.2725116824849495,1.0,5.600000000000001,12.159999999999993,37.0,1.0,25,53.01877372145706,631.0,684.018773721457,0.0
198,22,19,2.120694976887148,3.0,8.200000000000001,13.43999999999999,38.59090909090909,7.922727272727275,40.27750061486763,27.5,10.748894313009284,16.0,8.600000000000001,13.639999999999997,44.5,89.0,29,0.2725116824849495,1.0,5.600000000000001,12.159999999999993,37.0,0.2725116824849495,25,46.65528949151726,765.272511682485,811.9278011740022,42.50000000000001
199,22,20,2.7580726451846553,3.0454545454545454,8.204545454545455,13.43999999999999,38.59090909090909,9.400000000000002,40.92123072433132,27.636363636363637,18.27251168248495,16.0,8.600000000000001,13.639999999999997,44.5,88.0,29,0.348341121656633,1.0,5.600000000000001,12.159999999999993,37.0,1.424614486626532,25,60.67759819406242,818.4246144866265,879.1022126806889,59.500000000000014
200,24,18,2.885731098110565,3.0416666666666665,8.225000000000003,13.449166666666656,38.479166666666664,12.275,43.55555555555556,27.791666666666668,14.712307243313266,16.0,8.600000000000001,13.639999999999997,44.5,87.0,30,0.348341121656633,1.0,5.600000000000001,12.159999999999993,36.5,1.0,25,69.25754635465356,784.0,853.2575463546535,67.80000000000001
201,24,21,2.2284328297128706,2.9583333333333335,8.225000000000003,13.456666666666656,38.375,13.391666666666667,36.87555977417931,27.833333333333332,10.748894313009284,16.0,8.600000000000001,13.639999999999997,44.5,86.0,31,0.348341121656633,1.0,5.600000000000001,12.159999999999993,36.5,0.2842304324849495,25,53.482387913108894,774.3867552577655,827.8691431708744,93.50000000000001
202,30,20,1.7491758113238622,2.7333333333333334,8.260000000000002,13.481333333333321,38.2,12.13,41.76420319801553,28.2,10.748894313009284,16.0,8.600000000000001,13.639999999999997,44.5,85.0,32,0.28550799503882734,1.0,5.600000000000001,12.159999999999993,36.5,1.2840639603106188,25,52.47527433971587,835.2840639603106,887.7593383000265,25.500000000000007
203,33,21,6.3197459440416655,2.606060606060606,8.278787878787881,13.4921212121212,38.15151515151515,11.487878787878788,35.98062154928177,28.303030303030305,79.69668224331326,16.0,8.700000000000001,13.699999999999998,44.5,98.0,32,0.28550799503882734,1.0,5.600000000000001,12.159999999999993,36.5,0.28406396031061876,25,208.55161615337497,755.5930525349172,964.1446686882922,34.00000000000001
204,35,22,4.231699906844241,2.5714285714285716,8.282857142857146,13.49542857142856,38.15714285714286,10.66857142857143,38.75620353655189,28.428571428571427,39.84834112165663,16.0,8.700000000000001,13.699999999999998,44.5,97.0,32,0.28550799503882734,1.0,5.600000000000001,12.159999999999993,36.5,0.712307243313266,25,148.10949673954846,852.6364778041416,1000.7459745436901,8.300000000000002
205,35,27,2.961634397565142,2.4571428571428573,8.260000000000002,13.493714285714274,38.24285714285714,11.01428571428572,34.60483274388443,28.6,19.924170560828316,16.0,8.700000000000001,13.699999999999998,44.5,96.0,32,0.28550799503882734,1.0,5.600000000000001,12.159999999999993,36.5,0.356153621656633,25,103.65720391477996,934.3304840848796,1037.9876879996596,151.50000000000003
206,38,31,2.557455367421906,2.5,8.271052631578948,13.497368421052618,38.38157894736842,11.765789473684215,33.42789393424359,28.842105263157894,18.469193925798216,16.0,8.700000000000001,13.699999999999998,44.5,95.0,32,0.28550799503882734,1.0,5.600000000000001,12.159999999999993,36.5,0.696682243313266,25,97.18330396203243,1036.2647119615513,1133.4480159235836,117.30000000000003
207,46,31,4.05690498706154,2.391304347826087,8.29565217391304,13.50130434782608,38.369565217391305,11.406521739130438,35.43163097272899,29.0,71.57101599007765,16.0,8.700000000000001,13.699999999999998,44.5,99.0,32,0.28550799503882734,1.0,5.600000000000001,12.159999999999993,36.5,0.2868149003383849,25,186.61762940483084,1098.3805601545987,1284.9981895594296,50.60000000000001
208,45,33,4.6893692005702,2.7333333333333334,8.235555555555555,13.466666666666654,38.477777777777774,11.464444444444446,35.00934598800234,29.022222222222222,54.10701920270708,16.0,8.700000000000001,13.699999999999998,44.5,98.0,32,0.28550799503882734,1.0,5.600000000000001,12.159999999999993,36.5,0.28550799503882734,25,211.02161402565898,1155.308417604077,1366.330031629736,126.70000000000003
209,48,33,3.386281786098842,3.0,8.197916666666666,13.441666666666658,38.520833333333336,13.910416666666665,34.38468034104799,29.104166666666668,27.05350960135354,16.0,8.700000000000001,13.699999999999998,44.5,97.0,33,0.28550799503882734,1.0,5.600000000000001,12.159999999999993,36.5,0.49052132010353944,25,162.54152573274442,1134.6944512545836,1297.235976987328,160.30000000000004
210,45,38,3.7221300674996005,3.0444444444444443,8.177777777777777,13.42977777777777,38.477777777777774,11.00666666666667,28.375714567726206,29.444444444444443,44.15432462036239,16.0,8.700000000000001,13.699999999999998,44.5,96.0,34,0.28550799503882734,1.0,5.600000000000001,12.159999999999993,36.5,0.5535096013535397,25,167.49585303748202,1078.2771535735958,1245.7730066110778,203.00000000000006
211,55,34,3.8849394644784834,2.8,8.232727272727269,13.45927272727272,38.336363636363636,9.587272727272728,31.96652566959189,29.78181818181818,60.374447156504644,16.0,8.700000000000001,13.699999999999998,44.5,95.0,34,0.2633774003383849,1.0,5.600000000000001,12.159999999999993,36.5,0.20461521624247458,25,213.6716705463166,1086.8618727661242,1300.5335433124408,0.0
212,64,30,4.400223249391238,2.890625,8.214062499999999,13.459687499999996,38.328125,10.300000000000002,35.67896960287603,29.953125,81.18722357825231,16.0,8.700000000000001,13.759999999999998,44.5,94.0,34,0.2633774003383849,1.0,5.600000000000001,12.159999999999993,36.5,0.42271108752114905,25,281.6142879610392,1070.369088086281,1351.9833760473202,92.90000000000002
213,66,32,5.010856114246272,3.303030303030303,8.139393939393939,13.423939393939392,38.515151515151516,12.521212121212121,37.554399602309886,29.984848484848484,93.28550799503883,16.0,8.700000000000001,13.759999999999998,44.5,99.0,34,0.2633774003383849,1.0,5.500000000000002,12.099999999999993,36.5,0.5026657420190215,25,330.716503540254,1201.7407872739163,1532.4572908141704,287.1000000000001
214,70,35,5.293644833844118,3.7714285714285714,8.034285714285712,13.373714285714282,38.69285714285714,12.431428571428572,35.78902560510523,29.97142857142857,93.05350960135354,16.0,8.700000000000001,13.759999999999998,45.0,98.0,34,0.27957428121124084,1.0,5.500000000000002,12.099999999999993,36.0,0.5710159900776547,25,370.55513836908824,1252.615896178683,1623.1710345477713,186.80000000000004
215,75,41,5.2972095391748155,3.8933333333333335,8.025333333333332,13.371733333333328,38.626666666666665,9.702666666666667,33.04535292456322,30.213333333333335,94.23188499379853,16.0,8.8,13.759999999999998,45.0,99.0,34,0.27957428121124084,1.0,5.500000000000002,12.099999999999993,36.0,0.07214528877264925,25,397.2907154381112,1354.859469907092,1752.1501853452032,59.000000000000014
216,83,40,4.5238676631947214,3.6987951807228914,8.061445783132529,13.387469879518063,38.53012048192771,9.567469879518073,39.63082521399453,30.3855421686747,50.9463769987597,16.0,8.8,13.759999999999998,45.0,98.0,34,0.27957428121124084,1.0,5.500000000000002,12.099999999999993,36.0,0.26672175042298113,25,375.4810160451619,1585.233008559781,1960.7140246049428,11.400000000000002
217,91,41,4.841824615049795,3.6153846153846154,8.086813186813185,13.397802197802193,38.43956043956044,10.532967032967031,43.13815869284716,30.626373626373628,63.87927880406062,16.0,8.8,13.759999999999998,45.0,99.0,34,0.27957428121124084,1.0,5.500000000000002,12.099999999999993,36.0,0.10701920270707932,25,440.6060399695313,1768.6645064067336,2209.270546376265,140.20000000000005
218,98,40,6.319113294185086,3.5408163265306123,8.114285714285716,13.401020408163271,38.37755102040816,12.5,43.91331438620822,30.816326530612244,94.18722357825231,16.0,8.8,13.759999999999998,45.0,98.0,35,0.27957428121124084,1.0,5.500000000000002,12.099999999999993,36.0,1.0,25,619.2731028301384,1756.5325754483288,2375.805678278467,329.2000000000001
219,94,52,4.811779636119969,3.5106382978723403,8.135106382978721,13.395106382978732,38.34574468085106,12.855319148936172,35.27918973759209,31.074468085106382,86.82896108752115,16.0,8.8,13.759999999999998,45.0,97.0,35,0.27957428121124084,1.0,5.500000000000002,12.099999999999993,36.0,0.4144805437605745,26,452.30728579527704,1834.5178663547888,2286.825152150066,519.1000000000001
220,103,50,5.850902712312892,3.4757281553398056,8.173786407766986,13.403689320388358,38.25728155339806,13.165048543689318,34.03090383002475,31.339805825242717,109.09361178912616,16.0,8.8,13.759999999999998,45.0,96.0,36,0.27957428121124084,1.0,5.500000000000002,12.099999999999993,35.5,0.11829712484496335,26,602.6429793682279,1701.5451915012375,2304.1881708694655,389.7000000000001
221,98,51,6.067714795564677,3.8877551020408165,8.10408163265306,13.3595918367347,38.34183673469388,12.912244897959182,31.302474597598895,31.408163265306122,86.82896108752115,16.0,8.8,13.759999999999998,45.0,95.0,36,0.27957428121124084,1.0,5.500000000000002,12.099999999999993,35.5,0.2823237510111101,26,594.6360499653383,1596.4262044775437,2191.062254442882,496.90000000000015
222,104,43,7.124907851258229,4.221153846153846,8.044230769230769,13.323269230769231,38.43269230769231,13.992307692307689,34.92664193175713,31.46153846153846,86.82896108752115,16.0,8.9,13.759999999999998,45.0,97.0,36,0.286967851514051,1.0,5.400000000000002,12.099999999999993,35.5,0.16448054376057453,26,740.9904165308558,1501.8456030655566,2242.8360195964124,390.0000000000001
223,103,49,6.354168472421519,4.456310679611651,7.985436893203882,13.296699029126213,38.60679611650485,12.357281553398058,29.25284864097248,31.45631067961165,77.45975960135354,17.0,8.9,13.759999999999998,45.0,96.0,36,0.286967851514051,1.0,5.400000000000002,12.099999999999993,35.5,0.20724027188028726,26,654.4793526594165,1433.3895834076516,2087.868936067068,438.8000000000001
224,110,49,6.408434829223664,4.181818181818182,8.031818181818178,13.327090909090913,38.445454545454545,12.429090909090911,28.939021572077166,31.663636363636364,91.90171535545421,17.0,8.9,13.759999999999998,45.0,95.0,36,0.286967851514051,1.0,5.400000000000002,12.099999999999993,35.5,0.30619457637072645,26,704.927831214603,1418.012057031781,2122.939888246384,318.50000000000006
225,123,50,5.0592628925457115,3.6910569105691056,8.116260162601623,13.377886178861788,38.1910569105691,12.620325203252035,27.080185364564382,32.016260162601625,48.467070520704134,17.0,8.9,13.759999999999998,45.0,94.0,36,0.286967851514051,1.0,5.400000000000002,12.099999999999993,35.5,0.11731291586269998,26,622.2893357831225,1354.009268228219,1976.2986040113415,408.30000000000007
226,147,43,4.190879128488404,3.292517006802721,8.158503401360544,13.417687074829939,38.0578231292517,10.833333333333336,28.86139490020953,32.3469387755102,77.81835073682038,17.0,8.9,13.759999999999998,45.0,93.0,37,0.286967851514051,1.0,5.400000000000002,12.099999999999993,35.0,0.08249334814392562,27,616.0592318877954,1241.0399807090098,1857.099212596805,344.30000000000007
227,167,38,3.689503896809758,3.3652694610778444,8.158083832335329,13.416526946107789,38.08982035928144,9.915568862275448,29.856111263456043,32.5748502994012,63.33042593127115,17.0,8.9,13.759999999999998,45.0,92.0,38,0.2723966221107503,1.0,5.400000000000002,12.099999999999993,35.0,0.33042593127114905,27,616.1471507672296,1134.5322280113296,1750.679378778559,396.7000000000001
228,167,40,2.9546136973730937,3.3293413173652695,8.20538922155688,13.433532934131737,38.00898203592814,9.793413173652697,29.311786309224978,32.82035928143713,48.467070520704134,17.0,8.9,13.759999999999998,45.5,91.0,38,0.2723966221107503,1.0,5.500000000000002,12.099999999999993,35.0,0.36349027188028726,27,493.4204874613066,1172.471452368999,1665.8919398303055,544.0000000000001
229,172,30,3.837215613860838,3.453488372093023,8.184883720930225,13.419883720930232,38.10755813953488,11.606976744186051,31.402985997107624,32.81976744186046,90.74811373131345,17.0,8.9,13.759999999999998,45.5,87.0,38,0.25296594123140914,1.0,5.500000000000002,12.099999999999993,35.0,0.30257718594278726,27,660.0010855840642,942.0895799132287,1602.0906654972928,557.8000000000002
230,171,32,4.121958940888495,3.502923976608187,8.194152046783621,13.418947368421055,38.16081871345029,12.015789473684212,25.278738869154047,32.85964912280702,83.81835073682038,17.0,8.9,13.699999999999998,45.5,86.0,38,0.2706233370359814,1.0,5.500000000000002,12.099999999999993,35.0,0.2723966221107503,27,704.8549788919327,808.9196438129295,1513.7746227048622,468.8000000000001
231,173,34,3.564446096851944,3.53757225433526,8.197109826589596,13.422196531791908,38.20520231213873,11.72947976878613,22.92241628107016,32.97687861271676,41.90917536841019,17.0,8.9,13.699999999999998,45.5,85.0,38,0.2706233370359814,1.0,5.500000000000002,12.099999999999993,35.0,0.30257718594278726,27,616.6491747553863,779.3621535563855,1396.0113283117716,429.6000000000001
232,187,23,4.229037662836877,3.5989304812834226,8.182887700534758,13.418502673796782,38.31818181818182,12.826737967914438,21.962051777852338,33.01604278074866,95.14381216102738,18.0,8.9,13.699999999999998,45.5,84.0,38,0.286967851514051,1.0,5.500000000000002,12.099999999999993,35.0,0.3391756292481295,27,790.8300429504959,505.1271908906038,1295.9572338410997,380.9000000000001
233,196,33,3.5115883471384333,3.6020408163265305,8.195408163265304,13.424693877551015,38.357142857142854,12.034183673469384,14.891091452308512,33.183673469387756,51.660169676231824,18.0,8.9,13.699999999999998,45.5,83.0,39,0.286967851514051,1.0,5.500000000000002,12.099999999999993,35.0,0.19139585647488389,27,688.2713160391329,491.4060179261809,1179.6773339653137,574.1000000000001
234,198,30,3.1506754191700317,3.5454545454545454,8.218181818181817,13.434343434343425,38.313131313131315,13.461616161616165,16.341135925736335,33.37373737373738,51.660169676231824,18.0,8.9,13.759999999999998,45.5,82.0,39,0.286967851514051,1.0,5.500000000000002,12.099999999999993,35.0,0.008102654419912314,27,623.8337329956663,490.23407777209,1114.0678107677563,653.7000000000002
235,192,28,3.350682490820594,3.6354166666666665,8.220833333333324,13.429479166666662,38.25,14.292187500000002,14.310616210606282,33.572916666666664,50.72729384210255,18.0,8.9,13.759999999999998,45.5,81.0,39,0.30257718594278726,1.0,5.500000000000002,12.099999999999993,35.0,0.2907581035222341,27,643.331038237554,400.6972538969759,1044.02829213453,620.5000000000001
236,190,25,3.2229553891439227,3.6,8.233157894736838,13.435999999999993,38.247368421052634,15.865789473684215,14.964905332616791,33.72105263157895,45.537822148242846,18.0,8.9,13.759999999999998,45.5,80.0,40,0.30257718594278726,1.0,5.500000000000002,12.099999999999993,35.5,0.11349027188028726,27,612.3615239373453,374.12263331541976,986.484157252765,576.6000000000001
237,185,25,3.03714373920395,3.610810810810811,8.22378378378378,13.44054054054054,38.27567567567568,17.346486486486494,14.789821287647975,33.8972972972973,28.092751842050962,18.0,8.9,13.759999999999998,45.5,79.0,41,0.2520256636049781,1.0,5.500000000000002,12.099999999999993,35.5,0.30257718594278726,28,561.8715917527308,369.74553219119935,931.6171239439301,802.7000000000002
238,174,35,2.638854303734401,3.7471264367816093,8.195977011494248,13.425632183908046,38.42816091954023,17.486781609195404,11.967400974815627,33.91379310344828,21.115459840232592,18.0,8.9,13.759999999999998,45.5,78.0,41,0.2520256636049781,1.0,5.500000000000002,12.099999999999993,35.5,0.3544848192629432,28,459.1606488497858,418.85903411854696,878.0196829683327,699.6000000000001
239,152,43,3.063882507366065,3.473684210526316,8.221052631578946,13.452894736842103,38.31578947368421,16.34276315789474,8.603278003163787,33.94736842105263,72.53782214824285,17.0,8.9,13.759999999999998,45.5,77.0,41,0.2520256636049781,1.0,5.500000000000002,12.099999999999993,35.5,0.30257718594278726,28,465.7101411196419,369.9409541360429,835.6510952556848,648.0000000000001
240,137,47,3.981673826616203,3.4525547445255476,8.175912408759121,13.442919708029201,38.39051094890511,15.162773722627735,4.613472463946661,33.91970802919708,77.42305694213259,17.0,8.9,13.759999999999998,45.5,53.0,41,0.2520256636049781,1.0,5.500000000000002,12.099999999999993,35.5,0.054478035151405146,28,545.4893142464198,216.8332058054931,762.3225200519129,478.60000000000014
241,141,29,3.426479693180727,3.49645390070922,8.145390070921986,13.440992907801423,38.361702127659576,14.680851063829786,5.9883917173436405,33.99290780141844,38.711528471066295,17.0,8.9,13.759999999999998,45.5,52.0,41,0.2520256636049781,1.0,5.500000000000002,12.099999999999993,35.5,0.45908504170115894,28,483.1336367384825,173.66335980296557,656.796996541448,206.60000000000005
242,142,33,3.16248853388289,3.387323943661972,8.159154929577467,13.450281690140844,38.306338028169016,12.92676056338028,3.999769960593325,34.16901408450704,53.926126597573884,17.0,8.9,13.759999999999998,45.5,46.0,41,0.25876344387219424,1.0,5.500000000000002,12.099999999999993,35.5,0.15889396564251834,28,449.0733718113704,131.99240869957973,581.0657805109502,402.10000000000014
243,142,24,3.272399674932295,3.2816901408450705,8.173943661971832,13.463239436619721,38.16549295774648,12.819014084507039,2.3637543859523484,34.521126760563384,59.04637592102548,17.0,8.9,13.819999999999999,45.5,9.911094534611433,42,0.25876344387219424,1.0,5.500000000000002,12.099999999999993,35.5,0.2538178311553181,28,464.6807538403859,56.73010526285636,521.4108591032423,394.7000000000001
244,148,22,2.8107388033427134,3.4594594594594597,8.167567567567572,13.457567567567567,38.21283783783784,14.16283783783783,1.6780739858407563,34.729729729729726,29.52318796051274,17.0,9.0,13.819999999999999,45.5,8.145040625744757,42,0.25876344387219424,1.0,5.500000000000002,12.099999999999993,35.5,0.13340347106629458,28,415.9893428947216,36.91762768849664,452.9069705832182,740.6000000000001
245,147,19,2.507859592360076,3.6258503401360542,8.158503401360546,13.449115646258507,38.30952380952381,15.977551020408166,2.4721438319129967,34.755102040816325,16.813080657820073,18.0,9.0,13.819999999999999,45.5,9.067227768530357,43,0.25876344387219424,1.0,5.500000000000002,12.099999999999993,35.5,0.03786635285226936,28,368.6553600769312,46.97073280634694,415.6260928832781,756.8000000000002
246,130,29,2.5447089454994627,3.7615384615384615,8.154615384615386,13.441076923076922,38.41538461538462,16.932307692307695,2.2468478009854347,34.69230769230769,16.813080657820073,18.0,9.0,13.819999999999999,45.5,11.196852930480343,43,0.25876344387219424,1.0,5.500000000000002,12.099999999999993,35.5,0.290921333981805,28,330.8121629149301,65.1585862285776,395.97074914350776,766.9000000000002
247,120,26,2.338949624421464,3.625,8.179166666666669,13.455666666666671,38.25,16.633333333333333,3.2923422348473,35.083333333333336,19.141134690359948,18.0,9.0,13.819999999999999,45.5,16.813080657820073,43,0.25876344387219424,1.0,5.500000000000002,12.099999999999993,35.5,0.24292649242542685,28,280.67395493057563,85.6008981060298,366.27485303660546,364.2000000000001
248,117,15,2.548371155641405,3.6923076923076925,8.17008547008547,13.450940170940177,38.26923076923077,17.361538461538466,2.543578142065677,35.205128205128204,28.929497460048466,18.0,9.0,13.819999999999999,45.5,9.196852930480343,43,0.25876344387219424,1.0,5.500000000000002,12.099999999999993,35.5,0.32440146993420244,28,298.1594252100444,38.15367213098516,336.31309734102956,289.4000000000001
249,112,16,2.502121763479489,3.919642857142857,8.141964285714286,13.432500000000006,38.30357142857143,18.179464285714282,2.108978901903525,35.25892857142857,28.929497460048466,18.0,9.0,13.819999999999999,45.5,8.196852930480343,43,0.2736932289438965,1.0,5.500000000000002,12.039999999999992,35.5,0.25876344387219424,28,280.2376375097027,33.7436624304564,313.98129994015915,352.9000000000001
250,99,18,2.408340290252387,3.8686868686868685,8.166666666666666,13.443030303030309,38.24747474747475,18.693939393939395,3.2674357223294246,35.37373737373738,28.929497460048466,18.0,9.0,13.819999999999999,45.5,19.141134690359948,42,0.2736932289438965,1.0,5.500000000000002,12.039999999999992,35.5,0.2097352647208217,28,238.42568873498632,58.81384300192964,297.239531736916,369.0000000000001
251,90,14,2.1949631650707935,3.477777777777778,8.239999999999998,13.478666666666673,38.15555555555556,18.96666666666667,6.051882050215778,35.5,19.486019867885844,18.0,9.0,13.819999999999999,45.5,28.929497460048466,42,0.25608454045051354,1.0,5.500000000000002,12.039999999999992,35.5,0.2839732149490245,29,197.5466848563714,84.72634870302089,282.2730335593923,238.30000000000007
252,88,13,2.3363936473039817,3.522727272727273,8.238636363636362,13.47227272727273,38.27840909090909,19.279545454545456,4.540448648414664,35.45454545454545,32.46095069028549,18.0,9.0,13.819999999999999,45.5,19.486019867885844,42,0.25608454045051354,1.0,5.500000000000002,12.039999999999992,35.5,0.2736932289438965,29,205.6026409627504,59.02583242939063,264.628473392141,204.30000000000004
253,82,11,2.8309127008006154,3.548780487804878,8.228048780487805,13.45926829268293,38.27439024390244,19.47926829268292,1.5037627437940273,35.52439024390244,32.46095069028549,18.0,9.0,13.819999999999999,45.5,3.50127472357445,42,0.25608454045051354,1.0,5.500000000000002,12.039999999999992,35.5,0.6139799168791291,29,232.13484146565045,16.5413901817343,248.67623164738475,162.80000000000004
254,77,12,2.0081945047178333,3.1948051948051948,8.28831168831169,13.494545454545456,38.11038961038961,18.82987012987013,6.283035324018409,35.76623376623377,13.371465911349826,17.0,9.0,13.819999999999999,44.5,32.46095069028549,42,0.25608454045051354,1.0,5.600000000000001,12.039999999999992,35.5,0.11916960713471436,31,154.63097686327316,75.39642388822091,230.02740075149407,117.20000000000003
255,80,8,2.170649547637265,3.1375,8.296250000000004,13.497,38.13125,18.145,4.71130412940453,35.95,33.21158805207272,17.0,9.0,13.819999999999999,44.5,24.509207828398583,43,0.25456340533788513,1.0,5.600000000000001,12.039999999999992,35.5,0.33537258276310133,31,173.6519638109812,37.69043303523624,211.3423968462174,56.30000000000001
256,80,5,2.187541735247652,3.0,8.331250000000002,13.517,38.0625,18.631250000000005,3.731376447618762,36.1125,30.194940784073495,17.0,9.0,13.819999999999999,44.5,10.094083878246542,44,0.25456340533788513,1.0,5.600000000000001,12.039999999999992,35.5,0.5684795449904819,31,175.00333881981217,18.65688223809381,193.66022105790597,148.50000000000003
257,78,8,1.9021043001084748,3.051282051282051,8.329487179487183,13.51769230769231,38.1025641025641,19.373076923076923,3.3490043923618114,36.294871794871796,15.097470392036747,17.0,9.0,13.819999999999999,44.5,9.094083878246542,44,0.25456340533788513,1.0,5.600000000000001,12.039999999999992,35.5,0.7115284710662945,31,148.36413540846104,26.79203513889449,175.15617054735554,200.30000000000007
258,73,12,1.965481891927102,3.164383561643836,8.330136986301373,13.511780821917807,38.17123287671233,18.984931506849318,1.238859137929738,36.41095890410959,12.24553238475563,17.0,9.0,13.819999999999999,44.5,3.380796990128185,44,0.25456340533788513,1.0,5.600000000000001,12.039999999999992,35.5,0.304935965546728,31,143.48017811067845,14.866309655156856,158.34648776583532,182.00000000000006
259,75,11,1.5485914790812436,2.8133333333333335,8.39866666666667,13.551466666666666,38.013333333333335,18.134666666666668,2.2355370621352972,36.85333333333333,12.24553238475563,16.0,9.0,13.819999999999999,44.5,11.63638211183973,44,0.25456340533788513,1.0,5.700000000000001,12.219999999999994,35.5,0.2097352647208217,32,116.14436093109327,24.590907683488272,140.73526861458154,135.40000000000003
260,74,7,1.4770533388107656,2.8513513513513513,8.398648648648651,13.55918918918919,38.00675675675676,18.944594594594598,2.8889859894681815,36.87837837837838,6.797266866272088,16.0,9.0,13.819999999999999,44.5,10.63638211183973,44,0.25456340533788513,1.0,5.700000000000001,12.219999999999994,35.5,0.30243381618020543,32,109.30194707199665,20.22290192627727,129.5248489982739,107.00000000000003
261,66,11,1.423520108285557,2.6515151515151514,8.434848484848489,13.57909090909091,37.93939393939394,18.183333333333337,2.6004335222786974,36.78787878787879,9.169808131501085,6.0,9.0,13.819999999999999,39.5,9.63638211183973,44,0.25456340533788513,1.0,7.900000000000004,13.399999999999995,35.5,0.2812973083260224,33,93.95232714684677,28.60476874506567,122.55709589191244,104.60000000000002
262,60,10,1.6473801587377772,2.7,8.431666666666667,13.580999999999998,37.95,18.69166666666667,5.737902732710703,36.766666666666666,9.875717324217977,6.0,9.0,13.819999999999999,39.5,46.0,44,0.25456340533788513,1.0,7.900000000000004,13.399999999999995,35.5,0.567946429898049,33,98.84280952426663,57.379027327107025,156.22183685137367,210.60000000000005
263,61,9,1.462241739107216,2.737704918032787,8.414754098360657,13.579016393442625,37.99180327868852,18.52950819672131,16.525381022880154,36.91803278688525,4.937858662108988,6.0,9.0,13.819999999999999,39.5,97.0,45,0.25456340533788513,1.0,7.900000000000004,13.399999999999995,35.5,0.05223022904691321,33,89.19674608554017,148.7284292059214,237.92517529146158,67.60000000000001
264,51,16,1.3696685896740082,2.7058823529411766,8.413725490196079,13.572941176470584,38.049019607843135,16.69019607843137,14.640362183332682,36.86274509803921,4.937858662108988,6.0,9.0,13.819999999999999,39.5,96.0,45,0.25456340533788513,1.0,8.100000000000003,13.339999999999995,35.5,0.25608454045051354,33,69.85309807337441,234.2457949333229,304.0988930066973,125.20000000000003
265,48,14,1.3036635338966425,2.6458333333333335,8.422916666666666,13.568749999999996,38.09375,18.447916666666664,16.19179401223174,36.9375,4.937858662108988,6.0,9.0,13.819999999999999,39.5,95.0,45,0.2684569974685229,1.0,8.100000000000003,13.339999999999995,35.5,0.23098039397574577,34,62.575849627038835,226.68511617124435,289.26096579828317,124.10000000000004
266,41,14,1.2565660978427495,2.5365853658536586,8.414634146341465,13.558048780487796,38.207317073170735,17.97073170731707,16.15418206304675,37.02439024390244,2.6875826975754853,6.0,9.0,13.759999999999998,39.5,94.0,45,0.3052114085711245,1.0,8.100000000000003,13.339999999999995,35.5,0.2684569974685229,34,51.51921001155273,226.1585488826545,277.6777588942072,108.80000000000003
267,41,8,1.3934712558979079,2.5365853658536586,8.41707317073171,13.563902439024385,38.19512195121951,18.270731707317076,25.87939186132094,37.26829268292683,5.464729945084703,6.0,9.0,13.759999999999998,39.5,93.0,45,0.3052114085711245,1.0,8.100000000000003,13.399999999999995,35.5,0.19385077728471023,34,57.132321491814224,207.03513489056752,264.1674563823817,16.600000000000005
268,42,5,1.2944727157565121,2.5476190476190474,8.409523809523812,13.561428571428564,38.17857142857143,17.82380952380953,40.35170721243749,37.26190476190476,3.5717216011814594,6.0,9.0,13.759999999999998,39.5,92.0,45,0.3052114085711245,1.0,8.100000000000003,13.399999999999995,35.5,0.14811324504520895,34,54.367854061773514,201.75853606218746,256.12639012396096,0.0
269,39,6,1.2557379855967712,2.5384615384615383,8.410256410256412,13.561538461538452,38.205128205128204,18.366666666666667,36.732345437249904,37.41025641025641,3.5717216011814594,6.0,9.0,13.759999999999998,39.5,91.0,45,0.3052114085711245,1.0,8.100000000000003,13.399999999999995,35.5,2.0568400185966653,34,48.973781438274074,220.39407262349943,269.3678540617735,50.500000000000014
270,37,8,1.244184347103798,2.5135135135135136,8.413513513513516,13.562162162162151,38.21621621621622,18.76756756756757,36.41662915236662,37.432432432432435,3.5717216011814594,6.0,9.0,13.759999999999998,39.5,90.0,45,0.3052114085711245,1.0,8.100000000000003,13.399999999999995,35.5,1.526871282975715,34,46.03482084284053,291.33303321893294,337.36785406177347,33.400000000000006
271,37,9,2.2247469072990285,2.4864864864864864,8.40810810810811,13.555675675675664,38.16216216216216,19.313513513513517,36.856741430015745,37.486486486486484,38.37278582566579,6.0,9.0,13.759999999999998,39.5,89.0,45,0.3052114085711245,1.0,8.100000000000003,13.399999999999995,35.5,0.526871282975715,34,82.31563557006405,331.7106728701417,414.02630844020575,26.000000000000004
272,36,8,2.351643032823762,2.4444444444444446,8.408333333333333,13.554999999999989,38.083333333333336,19.380555555555556,49.316527407880834,37.666666666666664,19.186392912832893,6.0,9.0,13.759999999999998,39.5,88.0,45,0.3052114085711245,1.0,8.100000000000003,13.399999999999995,35.5,0.4689293310544942,35,84.65914918165544,394.53221926304667,479.1913684447021,41.70000000000001
273,37,8,1.9101011691049756,2.4594594594594597,8.400000000000004,13.552432432432422,38.148648648648646,20.321621621621624,58.665585113357075,37.729729729729726,9.593196456416447,6.0,9.0,13.759999999999998,39.5,87.0,45,0.3052114085711245,1.0,8.100000000000003,13.399999999999995,35.5,0.9263817927524894,35,70.6737432568841,469.3246809068566,539.9984241637407,57.80000000000002
274,41,9,1.5079447711089775,2.3658536585365852,8.402439024390246,13.547804878048773,38.1219512195122,20.000000000000004,54.07338535500057,37.8780487804878,4.796598228208223,6.0,9.0,13.759999999999998,39.5,86.0,45,0.3052114085711245,1.0,8.100000000000003,13.339999999999995,35.5,1.262169080901027,35,61.825735615468076,486.66046819500514,548.4862038104732,74.50000000000003
275,40,16,1.2268259524747736,2.225,8.400000000000002,13.546999999999992,38.0875,18.8775,34.15534656508853,38.075,3.5717216011814594,6.0,9.0,13.759999999999998,39.5,85.0,45,0.3052114085711245,1.0,8.100000000000003,13.339999999999995,35.5,0.2621690809010271,35,49.07303809899094,546.4855450414165,595.5585831404074,66.50000000000001
276,32,19,1.1660704734918195,1.9375,8.409375000000004,13.54437499999999,38.09375,15.556250000000004,32.75709001245326,38.03125,2.725444824202758,5.0,9.0,13.759999999999998,39.5,84.0,45,0.3052114085711245,1.0,8.200000000000003,13.339999999999995,36.5,0.7653457740472269,35,37.31425515173822,622.384710236612,659.6989653883502,33.80000000000001
277,31,19,1.8125202247168757,2.0,8.409677419354841,13.541290322580634,38.064516129032256,16.98709677419355,36.00767988787125,38.096774193548384,21.78786212662727,5.0,9.0,13.759999999999998,39.5,83.0,45,0.29978738926301396,1.0,8.200000000000003,13.339999999999995,36.5,0.07572425325454502,35,56.188126966223145,684.1459178695537,740.3340448357769,85.00000000000001
278,33,15,1.5235001445994252,2.0606060606060606,8.409090909090912,13.547272727272716,38.121212121212125,18.327272727272728,48.92704044158395,38.03030303030303,10.893931063313635,5.0,9.0,13.759999999999998,39.5,82.0,45,0.29978738926301396,1.0,8.200000000000003,13.339999999999995,36.5,0.3338850225778136,35,50.27550477178103,733.9056066237592,784.1811113955403,51.20000000000001
279,32,18,1.307220526881845,2.15625,8.403125000000003,13.55187499999999,38.21875,19.096875,45.385052520222274,37.84375,5.446965531656818,5.0,9.0,13.759999999999998,39.5,81.0,45,0.29978738926301396,1.0,8.200000000000003,13.339999999999995,36.5,0.9435918995022967,35,41.83105686021904,816.9309453640009,858.7620022242199,109.10000000000002
280,32,18,3.5841078075810833,2.1875,8.403125000000003,13.56124999999999,38.21875,18.5625,45.78246380043064,37.71875,76.57572425325455,5.0,9.0,13.759999999999998,39.5,80.0,45,0.29978738926301396,1.0,8.200000000000003,13.339999999999995,36.5,0.9435918995022967,35,114.69144984259466,824.0843484077516,938.7757982503463,41.60000000000001
281,30,23,3.01767187115423,2.2666666666666666,8.41666666666667,13.543999999999992,38.21666666666667,16.12333333333333,40.45690247761367,37.63333333333333,38.287862126627275,5.0,9.0,13.699999999999998,39.5,79.0,40,0.29978738926301396,1.0,8.200000000000003,13.339999999999995,36.5,0.1407565082493023,35,90.5301561346269,930.5087569851144,1021.0389131197412,41.40000000000001
282,32,20,3.6259906685004015,2.3125,8.418750000000003,13.548124999999992,38.296875,15.959375000000001,50.862369559354285,37.5625,39.6808706914571,5.0,9.0,13.699999999999998,39.5,94.0,40,0.29978738926301396,1.0,8.200000000000003,13.339999999999995,36.5,0.24739118708565222,35,116.03170139201285,1017.2473911870857,1133.2790925790985,0.0
283,34,22,3.106037014856857,2.3529411764705883,8.414705882352944,13.5570588235294,38.36764705882353,17.63529411764706,48.9454617570482,37.61764705882353,39.6808706914571,5.0,9.0,13.699999999999998,40.0,93.0,40,0.29978738926301396,1.0,8.200000000000003,13.339999999999995,36.5,1.0,35,105.60525850513314,1076.8001586550604,1182.4054171601936,108.20000000000003
284,38,21,4.005959026617129,2.3947368421052633,8.413157894736846,13.565789473684198,38.473684210526315,18.921052631578952,52.523809523809526,37.55263157894737,53.19914955705205,5.0,9.0,13.759999999999998,40.0,92.0,40,0.29978738926301396,1.0,8.200000000000003,13.339999999999995,36.5,13.0,35,152.2264430114509,1103.0,1255.226443011451,91.40000000000003
285,41,24,4.913254326736915,2.4146341463414633,8.436585365853663,13.563902439024382,38.47560975609756,17.77317073170732,44.4813874265328,37.68292682926829,72.34379134878775,5.0,9.0,13.759999999999998,40.0,91.0,41,0.29978738926301396,1.0,8.200000000000003,13.339999999999995,36.5,0.2991239228642756,35,201.4434273962135,1067.5532982367872,1268.9967256330008,74.70000000000002
286,43,25,4.8007393113723,2.5348837209302326,8.467441860465119,13.549302325581385,38.27906976744186,16.206976744186047,44.37139221076475,37.93023255813954,44.341545621567796,6.0,9.1,13.759999999999998,40.0,90.0,42,0.29978738926301396,1.0,8.200000000000003,13.339999999999995,36.0,0.5306915480944538,35,206.43179038900888,1109.2848052691188,1315.7165956581277,24.800000000000008
287,51,24,4.343993859198042,2.6666666666666665,8.486274509803922,13.542352941176464,38.14705882352941,14.811764705882355,49.82630152965954,38.13725490196079,52.392991382914204,6.0,9.2,13.759999999999998,40.0,92.0,42,0.29978738926301396,1.0,8.200000000000003,13.279999999999994,36.0,0.8312367118289383,35,221.54368681910012,1195.831236711829,1417.3749235309292,25.500000000000007
288,61,26,3.7458991591143187,2.721311475409836,8.506557377049178,13.518032786885245,37.950819672131146,12.6672131147541,47.4317472723629,38.59016393442623,59.1964956914571,6.0,9.2,13.759999999999998,40.0,92.0,43,0.29978738926301396,1.0,8.100000000000003,13.279999999999994,35.5,0.3052114085711245,35,228.49984870597345,1233.2254290814353,1461.7252777874087,66.90000000000002
289,69,31,2.707557591895902,2.7681159420289854,8.505797101449273,13.513913043478263,37.94927536231884,11.071014492753624,41.57451605262942,38.710144927536234,29.59824784572855,6.0,9.2,13.759999999999998,40.0,91.0,43,0.29978738926301396,1.0,8.100000000000003,13.279999999999994,35.5,1.3068036379478625,35,186.82147384081725,1288.809997631512,1475.6314714723294,84.30000000000003
290,74,39,3.3235100219928126,2.8378378378378377,8.495945945945943,13.514324324324322,37.979729729729726,10.766216216216215,35.412545449771564,38.891891891891895,85.26074347964962,6.0,9.2,13.759999999999998,40.0,90.0,43,0.29978738926301396,1.0,8.100000000000003,13.279999999999994,35.5,0.3068036379478625,36,245.93974162746812,1381.0892725410908,1627.029014168559,252.70000000000005
291,75,39,3.0491984137374932,2.8533333333333335,8.497333333333332,13.518400000000005,38.026666666666664,9.521333333333333,39.17628790738882,39.053333333333335,42.63037173982481,6.0,9.2,13.759999999999998,40.0,96.0,43,0.383959096652689,1.0,8.100000000000003,13.279999999999994,35.5,0.5982478457285512,36,228.689881030312,1527.875228388164,1756.565109418476,161.60000000000002
292,78,35,3.8893758352441488,2.8461538461538463,8.499999999999996,13.515384615384619,38.05128205128205,9.970512820512822,39.73030234237036,39.14102564102564,68.52148695929924,6.0,9.2,13.759999999999998,40.0,95.0,43,0.41561835591446916,1.0,8.100000000000003,13.279999999999994,36.0,0.29872433557808376,36,303.3713151490436,1390.5605819829625,1693.931897132006,177.80000000000004
293,77,38,3.192264868944664,2.792207792207792,8.515584415584414,13.498961038961037,37.92857142857143,11.585714285714285,36.05792403429625,39.48051948051948,34.26074347964962,6.0,9.2,13.759999999999998,40.0,94.0,43,0.41561835591446916,1.0,8.100000000000003,13.279999999999994,36.0,0.9956196143213779,36,245.80439490873914,1370.2011133032574,1616.0055082119966,417.6000000000001
294,83,37,3.0357699655745067,2.8313253012048194,8.532530120481926,13.493253012048188,37.89156626506024,11.886746987951808,37.04383767629109,39.66265060240964,28.260743479649616,6.0,9.2,13.759999999999998,40.0,93.0,43,0.41561835591446916,1.0,8.100000000000003,13.279999999999994,36.0,0.9297467774355863,36,251.96890714268406,1370.6219940227704,1622.5909011654544,198.30000000000004
295,90,37,4.022765053148949,2.966666666666667,8.563333333333333,13.48733333333334,37.916666666666664,12.56333333333333,32.30073890052065,39.855555555555554,96.52148695929924,6.0,9.2,13.759999999999998,40.0,85.0,43,0.41561835591446916,1.0,8.100000000000003,13.279999999999994,36.0,0.39299138291420466,36,362.0488547834054,1195.127339319264,1557.1761941026693,290.1000000000001
296,90,45,3.4593779569339493,2.9444444444444446,8.566666666666665,13.482666666666676,37.82222222222222,12.016666666666667,30.034437726156128,40.022222222222226,96.52148695929924,7.0,9.2,13.759999999999998,40.0,84.0,43,0.29498057991665005,1.0,8.100000000000003,13.279999999999994,36.0,0.19914955705205584,36,311.34401612405543,1351.5496976770257,1662.893713801081,248.20000000000005
297,94,37,3.789332033258324,2.9893617021276597,8.563829787234043,13.491914893617018,37.84574468085106,13.476595744680848,33.739739606926726,40.04255319148936,96.52148695929924,7.0,9.2,13.759999999999998,40.0,83.0,44,0.2695229448930865,1.0,8.100000000000003,13.279999999999994,35.5,0.7116045812921246,36,356.19721112628247,1248.370365456289,1604.5675765825713,279.00000000000006
298,100,31,3.7298021858293136,2.89,8.547,13.493000000000002,37.895,14.004000000000001,37.666078284818866,40.09,60.66439823373905,7.0,9.2,13.759999999999998,40.0,96.52148695929924,44,0.2695229448930865,1.0,8.100000000000003,13.279999999999994,35.5,0.5995747785260279,36,372.98021858293134,1167.6484268293848,1540.628645412316,269.70000000000005
299,98,40,2.9917006737615446,2.7857142857142856,8.518367346938776,13.501632653061225,37.98979591836735,13.837755102040811,29.144588515037793,40.173469387755105,30.332199116869525,7.0,9.2,13.759999999999998,40.0,95.52148695929924,43,0.29498057991665005,1.0,8.100000000000003,13.279999999999994,36.0,0.2695229448930865,36,293.18666602863135,1165.7835406015117,1458.9702066301431,334.90000000000003
300,96,34,5.37389421100804,2.7604166666666665,8.504166666666666,13.491875,37.953125,14.101041666666662,25.74616281058928,40.458333333333336,96.28778342677734,7.0,9.2,13.759999999999998,40.0,79.0,44,0.29498057991665005,1.0,8.100000000000003,13.279999999999994,36.0,0.6372809807160689,37,515.8938442567719,875.3695355600355,1391.2633798168074,355.80000000000007
301,99,33,4.642454625568673,2.878787878787879,8.506060606060606,13.486666666666672,37.9040404040404,14.26868686868687,25.16629559366857,40.686868686868685,74.7403743608852,7.0,9.2,13.759999999999998,40.0,78.0,44,0.29498057991665005,1.0,8.100000000000003,13.279999999999994,36.0,0.38567330067399364,37,459.60300793129863,830.4877545910628,1290.0907625223613,322.50000000000006
302,111,27,4.069711246966578,2.990990990990991,8.521621621621623,13.48162162162163,37.8018018018018,14.439639639639644,27.869965063985713,40.98198198198198,74.7403743608852,7.0,9.1,13.819999999999999,39.5,77.0,45,0.29498057991665005,1.0,8.100000000000003,13.279999999999994,35.5,0.4803183493888312,37,451.7379484132901,752.4890567276143,1204.2270051409043,296.4000000000001
303,117,24,3.540647775263232,3.1452991452991452,8.542735042735043,13.48153846153846,37.705128205128204,15.122222222222222,30.190494742071348,41.23931623931624,74.7403743608852,7.0,9.2,13.819999999999999,40.0,76.0,45,0.29498057991665005,1.0,8.100000000000003,13.279999999999994,35.5,0.9249452451790172,37,414.2557897057982,724.5718738097123,1138.8276635155105,346.9000000000001
304,120,30,3.3064488230231808,3.216666666666667,8.559166666666666,13.481000000000005,37.71666666666667,14.98416666666667,22.87938303620439,41.425,74.7403743608852,7.0,9.2,13.819999999999999,40.0,75.0,45,0.29498057991665005,1.0,8.100000000000003,13.219999999999994,35.5,0.4232091625842491,37,396.7738587627817,686.3814910861317,1083.1553498489134,505.4000000000001
305,117,28,3.528552125577064,3.299145299145299,8.558119658119658,13.476923076923075,37.69230769230769,15.166666666666664,22.266771095806007,41.598290598290596,74.94788122240217,7.0,9.2,13.819999999999999,40.0,74.7403743608852,45,0.2836903368199027,1.0,8.100000000000003,13.219999999999994,35.5,0.2962733975553249,38,412.8405986925165,623.4695906825682,1036.3101893750847,424.40000000000003
306,105,35,3.7741941826260037,3.142857142857143,8.545714285714284,13.46514285714285,37.7047619047619,14.571428571428573,16.415658831645306,41.67619047619048,76.08292115599585,7.0,9.2,13.819999999999999,40.0,73.0,45,0.2836903368199027,1.0,8.100000000000003,13.219999999999994,35.5,0.3312367118289383,38,396.2903891757304,574.5480591075857,970.8384482833161,441.1000000000001
307,103,30,3.9641604535945048,3.087378640776699,8.535922330097087,13.462912621359218,37.650485436893206,13.493203883495147,16.672460810621285,41.81553398058252,76.08292115599585,7.0,9.2,13.819999999999999,40.0,72.0,45,0.2836903368199027,1.0,8.100000000000003,13.219999999999994,35.5,0.2708005736223271,38,408.308526720234,500.1738243186386,908.4823510388726,233.80000000000004
308,109,24,3.798037406735825,2.9908256880733943,8.533027522935779,13.461100917431201,37.68348623853211,12.522018348623854,17.389235736611955,41.92660550458716,50.10258102921738,7.0,9.2,13.819999999999999,40.5,71.0,45,0.2836903368199027,1.0,8.100000000000003,13.219999999999994,35.5,0.5306500715826894,38,413.98607733420494,417.34165767868694,831.3277350128919,191.00000000000003
309,117,26,2.977472992624064,3.034188034188034,8.55213675213675,13.456410256410258,37.73504273504273,10.571794871794873,16.172755261099375,42.15384615384615,25.05129051460869,7.0,9.2,13.819999999999999,40.5,70.0,46,0.2653250357913447,1.0,8.100000000000003,13.219999999999994,35.5,0.37018718044259913,38,348.36434013701546,420.4916367885837,768.8559769255992,200.20000000000002
310,127,26,2.303501442758822,3.15748031496063,8.564566929133857,13.449606299212595,37.803149606299215,10.23228346456693,16.216191359180947,42.16535433070866,12.525645257304346,8.0,9.2,13.819999999999999,40.5,69.0,46,0.2653250357913447,1.0,8.100000000000003,13.159999999999993,35.5,0.07850995101099034,38,292.54468323037037,421.6209753387046,714.165658569075,196.80000000000004
311,133,27,2.2065406229862705,3.1954887218045114,8.574436090225564,13.444210526315791,37.83458646616541,9.847368421052629,19.77513500901293,42.338345864661655,20.079091593800612,8.0,9.2,13.819999999999999,40.5,97.0,46,0.2653250357913447,1.0,8.100000000000003,13.159999999999993,35.5,0.3312367118289383,38,293.46990285717396,533.9286452433491,827.3985481005232,232.00000000000003
312,137,20,2.0076213098298483,3.1751824817518246,8.57737226277372,13.435474452554745,37.82116788321168,11.063503649635035,32.858210692369916,42.48905109489051,10.039545796900306,8.0,9.2,13.819999999999999,40.5,96.0,46,0.2653250357913447,1.0,8.100000000000003,13.159999999999993,35.5,0.6193537282455885,38,275.0441194466892,657.1642138473983,932.2083332940874,282.80000000000007
313,136,21,2.473374337359147,3.198529411764706,8.57647058823529,13.432205882352937,37.7610294117647,13.346323529411766,27.039395595932152,42.60294117647059,58.17182183360326,8.0,9.2,13.819999999999999,40.5,95.0,47,0.2653250357913447,1.0,8.100000000000003,13.159999999999993,35.5,0.6225001973225844,38,336.378909880844,567.8273075145752,904.2062173954191,499.0000000000001
314,126,31,3.119835494687481,3.2142857142857144,8.57698412698412,13.42333333333333,37.801587301587304,13.56111111111111,16.098093444122945,42.73809523809524,80.31112254597106,8.0,9.2,13.819999999999999,40.5,94.0,47,0.2653250357913447,1.0,8.100000000000003,13.159999999999993,35.5,0.3112500986612922,39,393.09927233062257,499.0408967678113,892.140169098434,494.6000000000001
315,119,23,3.7479508301241125,3.226890756302521,8.591596638655458,13.426722689075632,37.85294117647059,13.957983193277313,16.98907745676896,42.79831932773109,63.06891131432609,8.0,9.2,13.819999999999999,40.5,93.0,47,0.2653250357913447,1.0,8.100000000000003,13.159999999999993,35.5,0.26552672086698137,39,446.0061487847694,390.74878150568605,836.7549302904554,313.70000000000005
316,122,18,3.8090992656507456,3.221311475409836,8.597540983606557,13.425573770491805,37.877049180327866,14.005737704918037,19.983177214975186,42.877049180327866,59.53065007158269,8.0,9.299999999999999,13.819999999999999,40.5,92.0,47,0.2653250357913447,1.0,8.100000000000003,13.159999999999993,35.5,0.1712733975553249,39,464.71011040939095,359.69718986955337,824.4073002789444,249.10000000000005
317,129,15,3.808557813465297,3.2790697674418605,8.589922480620155,13.423255813953487,37.945736434108525,12.677519379844963,17.413701837530983,42.95348837209303,62.56379389340558,8.0,9.299999999999999,13.819999999999999,40.5,91.0,47,0.2836903368199027,1.0,8.100000000000003,13.159999999999993,35.5,0.2653250357913447,39,491.3039579370233,261.20552756296473,752.509485499988,197.30000000000004
318,139,13,3.0955484216708995,3.2158273381294964,8.56978417266187,13.423309352517984,37.96762589928058,13.264028776978417,19.720611432379368,43.02158273381295,31.28189694670279,8.0,9.299999999999999,13.819999999999999,40.5,90.0,47,0.2836903368199027,1.0,8.100000000000003,13.159999999999993,35.5,0.46350071702790885,39,430.281230612255,256.36794862093177,686.6491792331867,267.1
319,142,21,3.1636845442486474,3.140845070422535,8.550704225352106,13.432112676056338,37.95774647887324,13.007042253521128,9.675444579367005,43.12676056338028,59.60935989307842,8.0,9.299999999999999,13.879999999999999,40.5,89.0,47,0.2836903368199027,1.0,8.100000000000003,13.159999999999993,36.0,0.29498057991665005,39,449.24320528330793,203.18433616670708,652.427541450015,336.00000000000006
320,151,16,2.6668219804020197,3.152317880794702,8.531788079470195,13.430596026490074,37.89403973509934,14.465562913907286,12.514126989276127,43.25165562913907,59.60935989307842,8.0,9.299999999999999,13.879999999999999,40.5,88.0,48,0.2836903368199027,1.0,8.100000000000003,13.099999999999993,35.5,0.18509359022129956,39,402.690119040705,200.22603182841803,602.916150869123,540.7
321,153,16,1.8469757395006154,3.065359477124183,8.503921568627453,13.427058823529416,37.826797385620914,13.56732026143791,18.21166795342853,43.372549019607845,14.413312589478362,8.0,9.299999999999999,13.879999999999999,40.0,87.0,48,0.2836903368199027,1.0,8.100000000000003,13.099999999999993,35.5,0.47434171392875557,40,282.58728814359415,291.3866872548565,573.9739753984506,320.90000000000003
322,145,19,1.9264041345882517,2.9793103448275864,8.492413793103452,13.429379310344826,37.813793103448276,14.286206896551727,15.843635469714583,43.358620689655176,18.56379389340558,8.0,9.299999999999999,13.879999999999999,40.0,86.0,48,0.2836903368199027,1.0,8.100000000000003,13.099999999999993,35.5,0.4719891076560878,40,279.3285995152965,301.02907392457706,580.3576734398736,290.70000000000005
323,138,24,2.337195160195674,2.8840579710144927,8.471014492753625,13.429999999999998,37.77536231884058,14.016666666666667,12.051191463961182,43.391304347826086,58.185382533384924,8.0,9.299999999999999,13.879999999999999,40.0,85.0,48,0.2836903368199027,1.0,8.100000000000003,13.099999999999993,35.5,0.2066562947391808,40,322.53293210700303,289.22859513506836,611.7615272420715,300.6000000000001
324,134,21,2.7201009033860304,2.917910447761194,8.453731343283584,13.43761194029851,37.776119402985074,14.201492537313431,13.363819973444098,43.38805970149254,85.55530885873438,8.0,9.299999999999999,13.879999999999999,40.0,69.0,48,0.2541488550135466,1.0,8.100000000000003,13.099999999999993,35.5,0.6274716123062691,40,364.49352105372805,280.64021944232604,645.1337404960541,275.80000000000007
325,132,20,2.798948221180792,2.803030303030303,8.441666666666672,13.446818181818184,37.72348484848485,14.676515151515153,10.846481123076803,43.46969696969697,58.356443177484955,8.0,9.299999999999999,13.879999999999999,40.0,68.0,48,0.2541488550135466,1.0,8.000000000000004,13.099999999999993,35.5,0.17106064410003397,40,369.46116519586457,216.92962246153607,586.3907876574007,268.6
326,133,21,2.7552132600908648,2.8045112781954886,8.440601503759398,13.470375939849623,37.80827067669173,14.442857142857147,7.451966713297942,43.50375939849624,59.89096122415857,8.0,9.299999999999999,13.879999999999999,40.0,67.0,48,0.2541488550135466,1.0,7.900000000000004,13.099999999999993,35.5,0.3687257248958127,40,366.443363592085,156.49130097925678,522.9346645713417,345.30000000000007
327,136,17,2.765412613685286,2.75,8.446323529411762,13.481617647058824,37.81985294117647,14.726470588235294,5.675438803674515,43.63970588235294,59.89096122415857,8.0,9.299999999999999,13.94,40.0,66.0,48,0.2541488550135466,1.0,7.900000000000004,13.099999999999993,35.5,0.2548612897807978,40,376.0961154611989,96.48245966246675,472.57857512366564,402.6000000000001
328,135,19,2.3445383024430417,2.7777777777777777,8.46,13.491111111111113,37.86666666666667,15.497037037037037,5.239801912769798,43.681481481481484,29.945480612079287,8.0,9.299999999999999,13.94,40.0,65.0,48,0.2541488550135466,1.0,7.900000000000004,13.099999999999993,35.5,0.6684008504588623,40,316.51267082981065,99.55623634262616,416.0689071724368,431.20000000000016
329,132,18,2.1274880812696706,2.734848484848485,8.468939393939392,13.494999999999994,37.81818181818182,17.02803030303031,5.382291496304799,43.765151515151516,30.249367571272664,8.0,9.299999999999999,13.94,40.0,64.0,48,0.2541488550135466,1.0,8.000000000000004,13.099999999999993,35.5,0.33420042522943116,41,280.82842672759654,96.8812469334864,377.70967366108295,595.9000000000001
330,129,18,1.9198018500916665,2.697674418604651,8.461240310077521,13.497209302325581,37.72868217054263,17.471317829457366,5.302428240923158,43.83720930232558,15.124683785636332,8.0,9.299999999999999,13.94,40.0,63.0,48,0.2541488550135466,1.0,8.000000000000004,13.099999999999993,35.0,0.6684008504588623,41,247.65443866182497,95.44370833661684,343.0981469984418,432.7000000000001
331,127,14,1.7439698568551745,2.795275590551181,8.463779527559057,13.494015748031497,37.775590551181104,18.348818897637805,6.586942139165836,43.93700787401575,7.562341892818166,8.0,9.299999999999999,13.94,40.0,62.0,48,0.2541488550135466,1.0,8.000000000000004,13.039999999999992,35.0,0.17548806736398048,41,221.48417182060714,92.2171899483217,313.70136176892885,324.00000000000006
332,119,18,2.3000390004168785,2.8823529411764706,8.464705882352945,13.511428571428567,37.936974789915965,17.687394957983194,1.1023499440273938,43.890756302521005,62.2548612897808,8.0,9.299999999999999,13.94,40.5,3.6409484733513953,48,0.2541488550135466,1.0,8.000000000000004,13.039999999999992,35.0,0.0010400460529971234,41,273.70464104960854,19.842298992493088,293.54694004210165,317.4000000000001
333,114,15,2.00601325584292,2.8947368421052633,8.440350877192987,13.524736842105263,37.96491228070175,17.581578947368428,2.0666718266207216,43.85964912280702,31.1274306448904,8.0,9.299999999999999,13.94,40.5,5.105551890897537,48,0.2541488550135466,1.0,7.900000000000004,13.039999999999992,35.0,0.33420042522943116,41,228.68551116609288,31.000077399310825,259.6855885654037,329.6
334,113,7,1.9438394044953957,2.9292035398230087,8.436283185840713,13.522123893805306,37.95575221238938,17.766371681415933,1.6079993774362131,43.93805309734513,15.5637153224452,8.0,9.299999999999999,13.94,40.5,3.8899708839396716,48,0.2541488550135466,1.0,7.900000000000004,13.039999999999992,35.0,0.32908281473695905,41,219.65385270797972,11.255995642053492,230.9098483500332,161.20000000000005
335,108,14,1.721689500204245,2.9166666666666665,8.414814814814818,13.52222222222222,38.050925925925924,17.881481481481483,1.997867571940718,43.916666666666664,7.7818576612226,8.0,9.299999999999999,13.94,40.5,6.294555397185619,48,0.2541488550135466,1.0,7.900000000000004,13.039999999999992,35.5,0.2880113201532506,41,185.94246602205845,27.97014600717005,213.9126120292285,350.80000000000007
336,96,17,1.7421227221623743,2.78125,8.429166666666669,13.526250000000005,38.052083333333336,17.253125,1.9256729594075264,44.114583333333336,8.94183309577843,8.0,9.299999999999999,13.94,40.5,3.781170946409083,48,0.2560896951219192,1.0,7.900000000000004,13.219999999999994,35.5,0.5306500715826894,41,167.24378132758793,32.73644030992795,199.98022163751588,272.40000000000003
337,93,18,1.7033862289084198,2.870967741935484,8.433333333333335,13.523870967741935,38.05913978494624,18.587096774193547,1.014500057717056,44.333333333333336,7.7818576612226,8.0,9.299999999999999,13.94,40.5,2.9746374485612974,48,0.2560896951219192,1.0,7.900000000000004,13.219999999999994,35.5,0.1224564007840796,41,158.41491928848305,18.261001038907008,176.67592032739006,341.80000000000007
338,90,12,1.6099047417178016,2.8,8.420000000000002,13.533999999999997,38.03888888888889,19.733333333333334,1.2950281363105682,44.4,7.7818576612226,7.0,9.299999999999999,14.0,40.5,4.188223298375425,48,0.2560896951219192,1.0,7.900000000000004,13.219999999999994,35.5,0.07778063649276667,41,144.89142675460215,15.540337635726818,160.43176439032896,256.6
339,83,12,1.511546469863476,2.7349397590361444,8.412048192771088,13.544578313253018,38.006024096385545,19.702409638554222,2.0707831834273343,44.493975903614455,4.470916547889215,7.0,9.299999999999999,14.0,40.5,7.7818576612226,48,0.2560896951219192,1.0,7.900000000000004,13.219999999999994,35.5,0.2971989107656088,41,125.4583569986685,24.84939820112801,150.30775519979653,228.30000000000004
340,81,8,1.5851067739333442,2.691358024691358,8.412345679012349,13.547407407407407,38.00617283950617,21.781481481481485,1.3093026326926502,44.58024691358025,8.72732207652825,7.0,9.299999999999999,14.0,40.0,2.1882232983754246,48,0.2560896951219192,1.0,7.900000000000004,13.219999999999994,35.5,0.34624379019199614,41,128.39364868860088,10.474421061541202,138.86806975014207,209.80000000000004
341,68,17,1.4193422620812388,2.5,8.398529411764706,13.538529411764706,38.0735294117647,22.588235294117652,2.0159277775837623,44.661764705882355,8.72732207652825,7.0,9.299999999999999,14.0,40.0,4.470916547889215,48,0.2560896951219192,1.0,7.900000000000004,13.159999999999993,35.5,0.569327339582713,41,96.51527382152423,34.27077221892396,130.78604604044818,326.30000000000007
342,57,19,1.5377230918785798,2.56140350877193,8.380701754385967,13.51368421052631,38.07017543859649,22.043859649122812,1.2728579899199604,44.64912280701754,5.025912999427499,7.0,9.299999999999999,14.0,40.0,4.443231203415422,48,0.2560896951219192,1.0,7.900000000000004,13.159999999999993,35.5,0.18822329837542462,41,87.65021623707905,24.184301808479248,111.8345180455583,167.40000000000003
343,54,11,1.4782049322211235,2.5555555555555554,8.374074074074077,13.498888888888882,38.148148148148145,19.81481481481482,1.2834056231543678,44.81481481481482,4.363661038264125,7.0,9.299999999999999,14.0,40.0,2.5097225795615956,48,0.2846636697913565,1.0,7.900000000000004,13.159999999999993,35.5,0.2560896951219192,42,79.82306633994067,14.117461854698046,93.94052819463872,33.20000000000001
344,57,3,1.423133237416002,2.56140350877193,8.377192982456142,13.4978947368421,38.14912280701754,20.04385964912281,0.4053998470781601,44.87719298245614,5.426700987185928,7.0,9.299999999999999,14.0,40.0,0.781170946409083,48,0.2846636697913565,1.0,7.900000000000004,13.159999999999993,35.5,0.13370475887715694,42,81.11859453271211,1.2161995412344804,82.33479407394658,25.500000000000007
345,55,5,1.3057072763089108,2.6545454545454548,8.369090909090911,13.495999999999995,38.18181818181818,20.476363636363637,1.3767450126752376,44.89090909090909,3.776709023868849,7.0,9.299999999999999,14.0,40.0,4.020078405261031,48,0.2846636697913565,1.0,7.900000000000004,13.159999999999993,35.5,0.47091419347974606,42,71.81390019699009,6.883725063376188,78.69762526036628,49.40000000000002
346,49,8,1.2925009227159807,2.795918367346939,8.383673469387759,13.482040816326524,38.142857142857146,19.81020408163266,1.4344430058444468,45.06122448979592,3.776709023868849,7.0,9.299999999999999,14.0,40.0,3.869312407366155,48,0.2846636697913565,1.0,7.900000000000004,13.159999999999993,35.5,0.2708005736223271,42,63.33254521308306,11.475544046755575,74.80808925983864,83.80000000000003
347,47,4,1.3177032281083576,2.765957446808511,8.380851063829791,13.484255319148927,38.180851063829785,20.782978723404256,1.6077788232066834,45.06382978723404,3.776709023868849,7.0,9.299999999999999,14.0,40.0,2.869312407366155,48,0.2846636697913565,1.0,7.900000000000004,13.159999999999993,35.5,0.6721984733513955,42,61.93205172109281,6.431115292826734,68.36316701391955,33.60000000000001
348,44,3,1.3567264558751244,2.6818181818181817,8.37954545454546,13.450454545454534,38.19318181818182,21.15227272727273,1.6718418692414705,45.09090909090909,5.3246218606948466,7.0,9.299999999999999,14.0,40.0,2.713350493592964,48,0.2846636697913565,1.0,7.900000000000004,13.159999999999993,35.5,0.7673917047104826,42,59.695964058505474,5.0155256077244115,64.71148966622988,42.000000000000014
349,43,3,1.345244842711064,2.744186046511628,8.374418604651167,13.448837209302313,38.25581395348837,20.874418604651165,0.9224714199233107,45.02325581395349,3.776709023868849,7.0,9.299999999999999,14.0,40.0,1.8236388492964049,48,0.2846636697913565,1.0,7.900000000000004,13.159999999999993,35.5,0.40899200105256217,42,57.845528236575745,2.7674142597699323,60.61294249634568,0.0
350,40,4,1.2934355531761246,2.7,8.362500000000002,13.456999999999988,38.325,21.275,1.732936239706795,45.075,2.6623109303474233,7.0,9.299999999999999,14.0,40.0,3.776709023868849,48,0.2846636697913565,1.0,7.900000000000004,13.159999999999993,35.5,0.8236388492964049,42,51.73742212704498,6.93174495882718,58.66916708587216,33.400000000000006
351,37,4,1.3990248582682203,2.72972972972973,8.364864864864868,13.463243243243232,38.36486486486486,20.975675675675678,0.7704021201629034,45.108108108108105,4.403015212919598,7.0,9.299999999999999,14.0,40.0,1.94546441530565,48,0.2846636697913565,1.0,7.900000000000004,13.159999999999993,35.5,0.1711599673240769,42,51.76391975592415,3.0816084806516137,54.84552823657576,0.0
352,35,3,1.3567492609455716,2.7142857142857144,8.380000000000004,13.461714285714274,38.32857142857143,20.988571428571433,1.7410533460449287,45.2,4.403015212919598,7.0,9.299999999999999,14.0,40.0,2.3322312075234866,48,0.2846636697913565,1.0,7.900000000000004,13.159999999999993,35.5,0.94546441530565,42,47.48622413309501,5.223160038134786,52.70938417122979,0.0
353,31,4,1.3958700250430092,2.6774193548387095,8.383870967741936,13.45225806451612,38.32258064516129,19.82903225806452,1.6229872448977143,45.25806451612903,4.403015212919598,7.0,9.299999999999999,14.0,40.0,2.658643230195235,48,0.2846636697913565,1.0,7.900000000000004,13.159999999999993,35.5,0.8492340021051243,42,43.27197077633328,6.491948979590857,49.76391975592414,0.0
354,30,5,1.2981325514585236,2.7,8.366666666666669,13.41399999999999,38.43333333333333,17.663333333333338,1.1048014667449781,45.333333333333336,6.061658443114833,7.0,9.299999999999999,14.0,40.0,2.6623109303474233,48,0.2846636697913565,1.0,7.900000000000004,13.159999999999993,35.5,0.25647824985687473,42,38.94397654375571,5.5240073337248905,44.4679838774806,0.0
355,30,3,1.2320941977045008,2.8,8.413333333333336,13.39199999999999,38.46666666666667,17.27,19.042682310729802,45.36666666666667,3.0308292215574166,7.0,9.299999999999999,14.0,40.0,55.0,48,0.2846636697913565,1.0,8.000000000000004,13.159999999999993,35.5,0.4657360018419838,42,36.96282593113502,57.128046932189406,94.09087286332442,0.0
356,30,3,1.2320941977045008,2.8,8.413333333333336,13.391999999999992,38.46666666666667,19.313333333333336,48.887436976782475,45.36666666666667,3.0308292215574166,7.0,9.299999999999999,14.0,40.0,92.0,48,0.2846636697913565,1.0,8.000000000000004,13.159999999999993,35.5,0.6623109303474233,42,36.96282593113502,146.66231093034742,183.62513686148245,32.30000000000001
357,30,3,1.2320941977045006,2.8,8.413333333333336,13.391999999999992,38.46666666666667,21.123333333333335,50.666666666666664,45.36666666666667,3.0308292215574166,7.0,9.299999999999999,14.0,40.0,91.0,48,0.2846636697913565,1.0,8.000000000000004,13.159999999999993,35.5,8.0,42,36.962825931135015,152.0,188.962825931135,24.30000000000001
358,29,5,1.2054205009593277,2.793103448275862,8.427586206896553,13.39793103448275,38.43103448275862,22.38275862068966,41.201126280662905,45.41379310344828,3.0308292215574166,7.0,9.299999999999999,14.0,40.0,90.0,48,0.2846636697913565,1.0,8.000000000000004,13.159999999999993,35.5,2.0056314033145157,42,34.957194527820505,206.0056314033145,240.962825931135,32.30000000000001
359,28,5,3.084623074966622,2.857142857142857,8.435714285714289,13.406428571428563,38.392857142857146,22.803571428571434,47.118675966413925,45.42857142857143,51.972732207652825,7.0,9.299999999999999,14.0,40.0,89.0,48,0.2846636697913565,1.0,8.000000000000004,13.159999999999993,35.5,0.5933798320696018,42,86.36944609906541,235.59337983206962,321.96282593113506,0.0
360,27,7,2.631694514458039,2.888888888888889,8.444444444444445,13.413333333333325,38.333333333333336,23.04814814814815,42.04578730811217,45.44444444444444,25.986366103826413,7.0,9.299999999999999,14.0,40.0,88.0,48,0.2846636697913565,1.0,8.000000000000004,13.159999999999993,35.5,1.0181898374358407,42,71.05575189036705,294.3205111567852,365.37626304715224,57.40000000000002
361,29,6,2.125219853731631,2.8275862068965516,8.424137931034483,13.408275862068956,38.48275862068966,22.320689655172416,48.666666666666664,45.44827586206897,12.993183051913206,7.0,9.299999999999999,14.0,40.5,87.0,48,0.2846636697913565,1.0,8.000000000000004,13.159999999999993,35.5,4.0,42,61.6313757582173,292.0,353.6313757582173,0.0
362,32,7,1.7483393179064148,2.65625,8.396875000000005,13.39999999999999,38.625,21.265625000000004,54.142857142857146,45.5,6.496591525956603,7.0,9.299999999999999,14.0,40.5,93.0,48,0.2846636697913565,1.0,8.000000000000004,13.159999999999993,35.5,3.0,42,55.946858173005275,379.0,434.9468581730053,8.200000000000003
363,34,10,1.4185928157627006,2.588235294117647,8.382352941176476,13.401764705882343,38.75,20.38823529411765,46.606036970372294,45.588235294117645,6.496591525956603,7.0,9.299999999999999,14.0,40.5,92.0,48,0.2846636697913565,1.0,8.000000000000004,13.159999999999993,35.5,0.8120739407445754,42,48.23215573593182,466.0603697037229,514.2925254396547,33.10000000000001
364,34,10,1.45849571040015,2.588235294117647,8.385294117647064,13.389411764705873,38.80882352941177,21.60294117647059,55.34855603749327,45.61764705882353,6.496591525956603,7.0,9.299999999999999,14.0,40.5,99.0,48,0.2846636697913565,1.0,8.000000000000004,13.159999999999993,35.5,0.4855603749327217,42,49.5888541536051,553.4855603749327,603.0744145285378,49.40000000000001
365,31,11,3.8674476254806622,2.6129032258064515,8.403225806451617,13.388387096774183,38.75806451612903,23.638709677419357,48.88163434215496,45.774193548387096,81.25647824985687,7.0,9.299999999999999,14.0,40.5,98.0,48,0.2846636697913565,1.0,8.000000000000004,13.159999999999993,35.5,1.0,42,119.89087638990053,537.6979777637046,657.5888541536051,114.80000000000004
366,31,8,6.190905140140141,2.5161290322580645,8.41935483870968,13.361290322580636,38.70967741935484,23.380645161290325,62.66958440584956,45.935483870967744,87.75475249434277,7.0,9.299999999999999,13.819999999999999,40.5,97.0,49,0.2846636697913565,1.0,8.000000000000004,13.159999999999993,35.5,1.356675246796482,42,191.91805934434439,501.3566752467965,693.2747345911409,0.0
367,32,9,6.642138912907459,2.4375,8.440625000000004,13.33624999999999,38.5625,22.078125000000004,48.67273436542607,46.3125,63.860421935693246,7.0,9.299999999999999,13.819999999999999,40.5,96.0,50,0.2846636697913565,1.0,8.000000000000004,13.099999999999993,35.5,0.49740229383371815,44,212.5484452130387,438.0546092888346,650.6030545018733,32.60000000000001
368,37,11,4.368950488521076,2.4054054054054053,8.464864864864866,13.32216216216215,38.28378378378378,18.781081081081084,41.348044131854515,46.810810810810814,31.930210967846623,7.0,9.299999999999999,13.819999999999999,41.0,95.0,50,0.2846636697913565,1.0,8.000000000000004,13.099999999999993,35.5,0.5095049886855225,44,161.6511680752798,454.8284854503996,616.4796535256794,57.40000000000002
369,46,16,2.6036859668309673,2.4347826086956523,8.502173913043482,13.302173913043468,37.75,12.963043478260872,34.51178722469335,47.69565217391305,15.965105483923312,7.0,9.299999999999999,13.819999999999999,41.0,99.0,51,0.2846636697913565,1.0,8.000000000000004,13.099999999999993,35.0,0.2696324726540136,44,119.7695544742245,552.1885955950936,671.9581500693181,40.90000000000001
370,52,13,2.0795671790345507,2.4615384615384617,8.51923076923077,13.293846153846145,37.60576923076923,10.890384615384617,54.08102702296412,48.01923076923077,7.982552741961656,7.0,9.299999999999999,13.759999999999998,41.0,98.0,51,0.4060369703722877,1.0,8.000000000000004,13.099999999999993,35.0,0.3174081181635034,44,108.13749330979664,703.0533512985336,811.1908446083303,16.600000000000005
371,52,18,2.8355259198817118,2.423076923076923,8.517307692307693,13.291538461538453,37.32692307692308,11.430769230769233,44.41664094138092,48.17307692307692,62.812073940744575,7.0,9.299999999999999,13.759999999999998,41.0,97.0,51,0.4060369703722877,1.0,8.000000000000004,13.099999999999993,34.5,0.6855840038620529,45,147.44734783384902,799.4995369448566,946.9468847787056,221.70000000000005
372,51,18,3.9361089630710415,2.4313725490196076,8.53921568627451,13.289411764705871,37.18627450980392,11.729411764705883,42.3039411693932,48.490196078431374,85.2354582739446,7.0,9.299999999999999,13.759999999999998,41.0,96.0,51,0.3174081181635034,1.0,8.000000000000004,13.099999999999993,34.5,0.03082922155741663,45,200.7415571166231,761.4709410490775,962.2124981657006,128.50000000000003
373,51,16,5.179540072113111,2.5294117647058822,8.545098039215688,13.298823529411752,37.127450980392155,11.843137254901963,40.73327800220927,48.431372549019606,95.62823912492844,7.0,9.299999999999999,13.759999999999998,41.0,95.0,51,0.3174081181635034,1.0,8.100000000000003,13.099999999999993,34.5,0.6348162363270068,45,264.1565436777687,651.7324480353483,915.888991713117,119.60000000000002
374,53,14,5.6794274665251265,2.69811320754717,8.567924528301889,13.30264150943395,37.113207547169814,11.820754716981135,39.451290362846755,48.58490566037736,77.73553271828557,8.0,9.299999999999999,13.759999999999998,41.0,94.0,51,0.3174081181635034,1.0,8.100000000000003,13.099999999999993,34.5,0.6348162363270068,45,301.0096557258317,552.3180650798546,853.3277208056863,110.40000000000002
375,59,18,3.9829373148399037,2.9152542372881354,8.576271186440678,13.30135593220338,37.21186440677966,8.862711864406782,35.88424867387496,48.6271186440678,38.867766359142784,8.0,9.399999999999999,13.759999999999998,40.0,96.0,51,0.3174081181635034,1.0,8.000000000000004,13.099999999999993,34.5,0.6855840038620529,45,234.9933015755543,645.9164761297492,880.9097777053034,67.50000000000001
376,66,19,5.004668529179782,3.0606060606060606,8.589393939393938,13.296363636363626,37.25,7.556060606060606,31.079568133502633,48.72727272727273,90.99127637098083,8.0,9.399999999999999,13.819999999999999,40.0,95.0,51,0.3174081181635034,1.0,8.000000000000004,13.099999999999993,34.5,0.37116800772410574,45,330.30812292586563,590.51179453655,920.8199174624157,52.7
377,72,15,5.216577698554294,3.1527777777777777,8.572222222222221,13.323333333333329,37.416666666666664,8.284722222222223,42.759820362569386,48.72222222222222,62.97676494530803,8.0,9.399999999999999,13.819999999999999,40.0,99.0,51,0.3174081181635034,1.0,8.000000000000004,13.099999999999993,34.5,1.0984610143004336,45,375.5935942959092,641.3973054385408,1016.9908997344501,119.30000000000003
378,77,19,4.257695374686834,3.25974025974026,8.540259740259739,13.353246753246745,37.564935064935064,9.84675324675325,39.92845092569335,48.62337662337662,62.97676494530803,8.0,9.399999999999999,13.819999999999999,40.5,98.0,51,0.3174081181635034,1.0,8.000000000000004,13.099999999999993,34.5,0.09846101430043364,45,327.8425438508862,758.6405675881737,1086.48311143906,266.40000000000003
379,85,19,5.254336346361655,3.4352941176470586,8.521176470588237,13.359058823529406,37.5,10.300000000000004,36.93832444056984,48.752941176470586,97.66852029540875,8.0,9.399999999999999,13.819999999999999,40.5,93.0,51,0.3174081181635034,1.0,8.000000000000004,13.099999999999993,34.5,0.36599000241378304,45,446.6185894407407,701.828164370827,1148.4467538115678,213.00000000000003
380,94,13,5.747775645713542,3.425531914893617,8.496808510638301,13.375744680851065,37.558510638297875,11.632978723404257,41.197543395244026,48.829787234042556,93.24883991595776,8.0,9.399999999999999,13.819999999999999,40.5,92.0,51,0.2811049894947198,1.0,8.000000000000004,13.099999999999993,34.0,1.3711680077241057,45,540.290910697073,535.5680641381723,1075.8589748352451,271.1000000000001
381,93,19,5.289986469883386,3.3548387096774195,8.48709677419355,13.382580645161289,37.623655913978496,12.048387096774196,27.002687439654334,48.924731182795696,87.68558400386205,8.0,9.399999999999999,13.819999999999999,40.5,91.0,52,0.2811049894947198,1.0,8.000000000000004,13.039999999999992,34.0,0.34279200193102644,46,491.9687416991549,513.0510613534324,1005.0198030525873,328.1000000000001
382,94,21,4.181085945818414,3.393617021276596,8.496808510638298,13.387234042553185,37.691489361702125,12.813829787234047,25.207174278545192,49.12765957446808,44.96287731064827,8.0,9.399999999999999,13.819999999999999,40.5,90.0,53,0.2811049894947198,1.0,8.000000000000004,13.039999999999992,34.0,0.3174081181635034,46,393.022078906931,529.350659849449,922.3727387563799,408.2000000000001
383,94,24,3.207717425143568,3.3085106382978724,8.520212765957448,13.362978723404254,37.569148936170215,11.795744680851069,23.6023182677453,49.59574468085106,21.92139600096551,8.0,9.399999999999999,13.819999999999999,40.5,89.0,53,0.2811049894947198,1.0,8.000000000000004,12.979999999999992,34.0,0.5622099789894396,46,301.5254379634954,566.4556384258872,867.9810763893826,392.0000000000001
384,96,18,3.6734265432202107,3.3020833333333335,8.525000000000002,13.37,37.578125,11.853124999999999,30.57083802754467,49.6875,61.96805179979854,8.0,9.399999999999999,13.879999999999999,40.5,88.0,53,0.2811049894947198,1.0,8.000000000000004,12.979999999999992,34.0,0.42235841677035,46,352.6489481491402,550.2750844958041,902.9240326449443,168.90000000000003
385,102,21,3.0849393468355495,3.392156862745098,8.52549019607843,13.37941176470588,37.661764705882355,11.676470588235292,26.38283852803641,49.872549019607845,30.98402589989927,8.0,9.399999999999999,13.879999999999999,40.5,87.0,53,0.2811049894947198,1.0,8.000000000000004,12.979999999999992,34.0,0.6348162363270068,46,314.66381337722606,554.0396090887646,868.7034224659906,315.00000000000006
386,106,21,2.7559855611259145,3.490566037735849,8.541509433962263,13.376792452830188,37.62264150943396,12.105660377358493,30.067167622264883,49.943396226415096,15.492012949949634,8.0,9.399999999999999,13.879999999999999,40.5,86.0,53,0.2811049894947198,1.0,8.000000000000004,12.979999999999992,34.0,0.36054773222004477,46,292.13446947934693,631.4105200675625,923.5449895469094,249.90000000000006
387,108,20,3.40021183751069,3.4074074074074074,8.544444444444444,13.358333333333334,37.69444444444444,13.500000000000002,26.072205700073813,50.23148148148148,78.45701312368683,8.0,9.399999999999999,13.879999999999999,40.5,85.0,53,0.2811049894947198,1.0,8.000000000000004,12.979999999999992,34.0,0.12441995797887917,46,367.2228784511545,521.4441140014762,888.6669924526307,509.60000000000014
388,99,28,3.2081502794932364,3.313131313131313,8.53030303030303,13.361818181818181,37.85353535353536,13.604040404040404,21.74623919668451,50.464646464646464,39.22850656184342,8.0,9.399999999999999,13.879999999999999,40.5,91.0,53,0.2811049894947198,1.0,8.000000000000004,13.039999999999992,34.0,0.2965849789894397,46,317.6068776698304,608.8946975071663,926.5015751769967,469.1000000000001
389,98,21,2.762440917464435,3.3469387755102042,8.524489795918363,13.362653061224487,37.826530612244895,14.779591836734697,30.36578094316791,50.60204081632653,19.61425328092171,8.0,9.399999999999999,13.879999999999999,40.5,90.0,54,0.2811049894947198,1.0,8.000000000000004,13.039999999999992,34.0,0.5260706296157618,46,270.7192099115146,637.6813998065261,908.4006097180406,362.6000000000001
390,97,28,2.5065414510849706,3.4536082474226806,8.526804123711337,13.35731958762886,37.77835051546392,14.260824742268047,22.290917144682314,50.81443298969072,20.61319994721691,8.0,9.399999999999999,13.879999999999999,40.5,89.0,55,0.3425218125150861,1.0,8.000000000000004,13.039999999999992,34.0,0.2811049894947198,46,243.13452075524216,624.1456800511048,867.280200806347,439.6000000000001
391,97,21,2.523040393296653,3.3917525773195876,8.521649484536079,13.36783505154638,37.78350515463917,14.290721649484537,27.7408012373852,50.96907216494845,10.381271822409426,8.0,9.299999999999999,13.879999999999999,40.5,88.0,55,0.3425218125150861,1.0,8.000000000000004,13.039999999999992,34.0,0.5405313048934124,46,244.73491814977532,582.5568259850892,827.2917441348645,143.50000000000003
392,91,25,2.3242569500062893,3.4395604395604398,8.506593406593405,13.379560439560434,37.80769230769231,14.712087912087917,26.237468932694355,51.043956043956044,9.594185729574216,8.0,9.299999999999999,13.879999999999999,40.5,87.0,55,0.3425218125150861,1.0,8.000000000000004,13.039999999999992,34.0,0.45701312368684,46,211.50738245057232,655.9367233173589,867.4441057679312,246.60000000000005
393,92,17,3.2671720826565642,3.4456521739130435,8.508695652173914,13.368695652173912,37.744565217391305,16.009782608695662,32.8338734085645,51.08695652173913,50.87885365269468,8.0,9.299999999999999,13.879999999999999,40.5,86.0,55,0.3425218125150861,1.0,7.900000000000004,13.039999999999992,34.0,0.22543625030172287,46,300.5798316044039,558.1758479455965,858.7556795500004,133.00000000000003
394,91,22,2.790778756105914,3.3626373626373627,8.519780219780216,13.347912087912084,37.6978021978022,16.887912087912095,26.142856419600708,51.16483516483517,25.43942682634734,8.0,9.399999999999999,13.819999999999999,40.5,85.0,55,0.3425218125150861,1.0,7.900000000000004,12.979999999999992,34.0,0.45087250060344575,46,253.96086680563815,575.1428412312156,829.1037080368537,208.40000000000006
395,97,19,2.6027058021621796,3.3711340206185567,8.54536082474226,13.338144329896904,37.69072164948454,16.592783505154646,30.952597980286697,51.22680412371134,19.225890830057608,8.0,9.399999999999999,13.819999999999999,40.5,84.0,55,0.3425218125150861,1.0,7.900000000000004,12.979999999999992,34.0,0.08932721234040142,46,252.46246280973142,588.0993616254473,840.5618244351787,81.20000000000003
396,98,21,2.43908231581992,3.377551020408163,8.578571428571422,13.326530612244895,37.673469387755105,16.067346938775515,28.463989036416848,51.09183673469388,19.225890830057608,8.0,9.399999999999999,13.819999999999999,40.5,83.0,55,0.3425218125150861,1.0,7.900000000000004,12.979999999999992,34.0,1.2258908300576068,46,239.03006695035216,597.7437697647538,836.773836715106,166.90000000000003
397,92,30,2.3959567354480775,3.4239130434782608,8.60978260869565,13.317173913043474,37.58152173913044,15.419565217391309,23.830624014634292,51.19565217391305,21.215472355256082,8.0,9.399999999999999,13.819999999999999,40.5,99.0,55,0.3425218125150861,1.0,8.100000000000003,12.979999999999992,34.0,0.2258908300576068,46,220.42801966122315,714.9187204390288,935.346740100252,278.50000000000006
398,93,23,2.2168077260918464,3.3655913978494625,8.603225806451613,13.325161290322573,37.75806451612903,16.484946236559143,32.7988360992947,51.365591397849464,9.612945415028804,8.0,9.399999999999999,13.879999999999999,40.5,98.0,55,0.3425218125150861,1.0,8.000000000000004,12.979999999999992,34.0,0.2976589778011782,46,206.1631185265417,754.373230283778,960.5363488103196,195.80000000000004
399,88,32,2.032767632295754,3.4318181818181817,8.589772727272726,13.34954545454545,38.00568181818182,16.02045454545455,23.423398066119212,51.46590909090909,7.174770811340379,8.0,9.399999999999999,13.879999999999999,40.5,97.0,55,0.3425218125150861,1.0,8.000000000000004,12.979999999999992,34.0,0.3220812491752642,46,178.88355164202636,749.5487381158148,928.4322897578411,224.70000000000005
400,82,26,2.6537288059154367,3.475609756097561,8.623170731707315,13.332682926829268,37.88414634146341,16.557317073170736,26.11242412554526,51.426829268292686,27.33883624508641,8.0,9.399999999999999,13.879999999999999,40.5,96.0,55,0.3425218125150861,1.0,8.000000000000004,12.979999999999992,34.0,0.6039998495942638,46,217.6057620850658,678.9230272641768,896.5287893492425,219.30000000000004
401,79,22,4.321292132215248,3.367088607594937,8.61898734177215,13.324050632911389,37.962025316455694,16.329113924050635,23.406887564149983,51.734177215189874,80.1786544246808,8.0,9.399999999999999,13.879999999999999,40.5,95.0,55,0.3425218125150861,1.0,8.000000000000004,12.919999999999991,34.0,0.7811044363343586,46,341.3820784450046,514.9515264112996,856.3336048563042,188.60000000000002
402,77,21,5.785666345279317,3.2857142857142856,8.622077922077919,13.34623376623376,38.12987012987013,16.6948051948052,16.25584380378398,51.79220779220779,94.34252181251509,8.0,9.399999999999999,13.879999999999999,41.0,61.0,56,0.3425218125150861,1.0,8.000000000000004,12.919999999999991,34.0,0.08932721234040142,46,445.49630858650744,341.37271987946355,786.869028465971,252.60000000000005
403,81,20,5.246166353521467,3.4074074074074074,8.641975308641968,13.339999999999996,38.111111111111114,15.501234567901236,13.332265795238957,51.75308641975309,58.685043625030175,8.0,9.399999999999999,13.879999999999999,41.0,60.0,56,0.5034295794280237,1.0,8.000000000000004,12.919999999999991,34.0,0.7280129178437017,46,424.9394746352388,266.6453159047791,691.5847905400179,124.00000000000004
404,90,18,4.306285810360598,3.611111111111111,8.681111111111107,13.329999999999995,38.05555555555556,13.560000000000004,12.948337663789655,51.611111111111114,58.685043625030175,8.0,9.399999999999999,13.879999999999999,41.0,59.0,56,0.5536638048440187,1.0,8.000000000000004,12.919999999999991,34.0,0.2016181768786005,46,387.56572293245387,233.0700779482138,620.6358008806676,168.20000000000005
405,102,12,3.416125840061138,3.549019607843137,8.67254901960784,13.337058823529413,38.11274509803921,13.01372549019608,18.44663612149503,51.627450980392155,58.685043625030175,8.0,9.399999999999999,13.879999999999999,41.0,58.0,56,0.4189487774479922,1.0,7.900000000000004,12.919999999999991,34.0,2.3272161421215376,46,348.4448356862361,221.35963345794033,569.8044691441764,160.40000000000003
406,106,18,2.4556736418690113,3.4622641509433962,8.686792452830186,13.325849056603774,38.10849056603774,12.33018867924528,15.559905730550676,51.801886792452834,23.585630453128772,8.0,9.399999999999999,13.879999999999999,41.0,58.685043625030175,56,0.4189487774479922,1.0,7.900000000000004,12.919999999999991,35.0,1.0095844799244578,47,260.3014060381152,280.0783031499122,540.3797091880274,213.70000000000005
407,112,15,2.208121454827846,3.375,8.697321428571424,13.320178571428567,38.125,12.595535714285715,17.411629559007004,51.875,11.792815226564386,8.0,9.399999999999999,13.879999999999999,41.0,57.685043625030175,56,0.38570153750785485,1.0,7.900000000000004,12.919999999999991,35.0,0.3272161421215376,47,247.30960294071872,261.17444338510506,508.4840463258238,102.30000000000003
408,108,20,2.1195324421056116,3.4814814814814814,8.700925925925922,13.332777777777771,38.157407407407405,12.726851851851855,13.716693759870305,51.99074074074074,6.631140475417149,8.0,9.399999999999999,13.879999999999999,41.0,56.685043625030175,56,0.36852547583013706,1.0,7.900000000000004,12.919999999999991,35.0,0.5917201132821929,47,228.90950374740603,274.3338751974061,503.2433789448121,280.1000000000001
409,109,12,2.521306575313711,3.36697247706422,8.70275229357798,13.32844036697247,38.1651376146789,13.863302752293576,19.474591145084407,52.12844036697248,61.58145123831237,8.0,9.399999999999999,13.879999999999999,41.0,54.0,56,0.2567036441494978,1.0,7.900000000000004,12.919999999999991,35.0,0.7370509516602741,47,274.8224167091945,233.6950937410129,508.5175104502074,170.00000000000003
410,107,14,2.524251749225368,3.3457943925233646,8.71214953271028,13.315887850467282,38.14018691588785,14.31401869158878,16.63207977413391,52.242990654205606,61.58145123831237,8.0,9.399999999999999,13.879999999999999,41.0,53.0,56,0.2567036441494978,1.0,7.900000000000004,12.919999999999991,35.0,1.1834402265643857,47,270.0949371671144,232.84911683787473,502.9440540049891,110.30000000000003
411,102,20,2.784309928743884,3.450980392156863,8.719607843137254,13.322941176470584,38.161764705882355,14.728431372549021,12.427176164725164,52.294117647058826,30.790725619156184,8.0,9.399999999999999,13.879999999999999,41.0,62.0,56,0.2567036441494978,1.0,7.900000000000004,12.919999999999991,35.0,0.18344022656438574,47,283.99961273187614,248.54352329450327,532.5431360263794,246.60000000000005
412,97,20,2.6005280852946906,3.484536082474227,8.74020618556701,13.314020618556697,38.097938144329895,15.150515463917527,21.11180651169722,52.30927835051546,30.790725619156184,7.0,9.399999999999999,13.879999999999999,41.0,88.0,56,0.2567036441494978,1.0,7.900000000000004,12.919999999999991,35.0,0.3700872500603445,47,252.25122427358497,422.23613023394444,674.4873545075294,167.20000000000002
413,95,18,3.068439034171504,3.463157894736842,8.753684210526314,13.29073684210526,37.95789473684211,16.688421052631575,28.606492997408672,52.4,37.421260906257544,7.0,9.399999999999999,13.879999999999999,40.5,87.0,57,0.2567036441494978,1.0,7.900000000000004,12.919999999999991,35.0,0.27758519908210566,47,291.5017082462929,514.9168739533561,806.418582199649,268.1
414,93,22,2.8535350374613047,3.3763440860215055,8.740860215053758,13.276774193548382,37.86021505376344,16.779569892473123,22.5736463285229,52.795698924731184,30.527776570816457,7.0,9.399999999999999,13.819999999999999,40.5,86.0,57,0.2567036441494978,1.0,7.900000000000004,12.919999999999991,35.0,0.6375801699232893,47,265.3787584839013,496.6202192275038,761.9989777114051,272.8
415,100,14,3.4292789786044526,3.28,8.745,13.272199999999991,37.915,17.430999999999994,26.98308790364859,52.98,85.36852547583014,7.0,9.399999999999999,13.819999999999999,40.5,85.0,57,0.2567036441494978,1.0,7.900000000000004,12.919999999999991,34.5,0.5475135104043107,47,342.9278978604453,377.7632306510802,720.6911285115254,220.3
416,97,22,2.680036041541259,3.350515463917526,8.753608247422674,13.27690721649484,37.9639175257732,16.27525773195876,18.705350663633514,53.09278350515464,42.68426273791507,7.0,9.399999999999999,13.819999999999999,40.5,84.0,57,0.2567036441494978,1.0,7.900000000000004,12.919999999999991,34.5,0.36852547583013706,47,259.96349602950215,411.5177145999373,671.4812106294394,368.00000000000006
417,96,20,2.347341970741754,3.375,8.742708333333331,13.27937499999999,37.96875,16.849999999999998,20.200426532580035,53.125,21.342131368957535,7.0,9.399999999999999,13.819999999999999,40.5,83.0,57,0.2567036441494978,1.0,7.900000000000004,12.919999999999991,34.5,0.47410190332054825,47,225.34482919120842,404.0085306516007,629.3533598428091,257.1
418,90,19,2.4868495839110945,3.2333333333333334,8.739999999999998,13.270666666666658,37.922222222222224,16.375555555555554,19.761681992201922,53.422222222222224,30.677669451280156,7.0,9.399999999999999,13.819999999999999,40.0,82.0,58,0.25995979135136993,1.0,7.900000000000004,12.919999999999991,34.5,0.5456947921596123,47,223.8164625519985,375.4719578518365,599.2884204038351,302.3
419,89,14,3.13857132880554,3.168539325842697,8.740449438202244,13.267191011235948,37.90449438202247,16.025842696629212,20.803611641797964,53.674157303370784,73.64437187932391,7.0,9.399999999999999,13.819999999999999,40.0,81.0,58,0.25995979135136993,1.0,7.900000000000004,12.919999999999991,34.5,0.8043933513249903,47,279.33284826369305,291.2505629851715,570.5834112488645,133.5
420,93,13,2.6119151060218253,3.139784946236559,8.743010752688175,13.27612903225806,37.946236559139784,15.33763440860215,21.669940500862637,53.83870967741935,36.822185939661956,7.0,9.399999999999999,13.819999999999999,40.0,80.0,58,0.25995979135136993,1.0,7.900000000000004,12.919999999999991,34.5,0.36852547583013706,47,242.90810486002977,281.7092265112143,524.6173313712441,176.60000000000002
421,90,17,3.1225764008855283,3.066666666666667,8.742222222222221,13.264666666666661,37.88333333333333,14.10222222222222,12.294399826814857,54.266666666666666,79.96849260240069,7.0,9.399999999999999,13.819999999999999,40.0,77.0,58,0.25995979135136993,1.0,8.100000000000003,12.919999999999991,34.5,0.38570153750785485,48,281.03187607969755,209.00479705585258,490.03667313555013,197.1
422,93,16,2.7369235274143833,3.150537634408602,8.753763440860215,13.260645161290315,37.88709677419355,14.64408602150538,12.843291883836976,54.27956989247312,39.98424630120034,7.0,9.399999999999999,13.819999999999999,40.0,76.0,58,0.25995979135136993,1.0,8.100000000000003,12.919999999999991,34.5,0.2639286167987571,48,254.53388804953764,205.4926701413916,460.0265581909292,182.70000000000002
423,90,16,2.3449694516574473,3.111111111111111,8.74,13.263333333333328,37.87777777777778,14.704444444444448,13.407289897097035,54.44444444444444,19.99212315060017,7.0,9.399999999999999,13.819999999999999,40.5,75.0,59,0.25995979135136993,1.0,8.000000000000004,12.919999999999991,34.5,0.134946264970063,48,211.04725064917025,214.51663835355257,425.5638890027228,264.5
424,92,17,2.12656401205766,3.108695652173913,8.719565217391308,13.289130434782601,38.016304347826086,13.548913043478262,16.924363481757435,54.5,12.808319727373235,7.0,9.399999999999999,13.819999999999999,40.5,90.0,59,0.29235360083013706,1.0,8.000000000000004,12.919999999999991,34.5,0.10989857984420937,48,195.6438891093047,287.7141791898764,483.3580682991811,149.4
425,93,18,1.8281577154049478,3.021505376344086,8.69462365591398,13.319354838709675,38.123655913978496,12.538709677419359,17.46315420389523,54.58064516129032,6.404159863686617,7.0,9.399999999999999,13.819999999999999,40.5,89.0,60,0.29235360083013706,1.0,7.900000000000004,12.919999999999991,34.5,0.24558906773754074,48,170.01866753266015,314.3367756701141,484.35544320277427,184.3
426,90,13,3.518403285157419,3.0444444444444443,8.694444444444446,13.327333333333332,38.17777777777778,14.271111111111109,16.118518236054687,54.666666666666664,73.50110232485454,7.0,9.399999999999999,13.819999999999999,40.5,88.0,60,0.29235360083013706,1.0,7.900000000000004,12.919999999999991,34.5,1.0562469894075401,48,316.6562956641677,209.54073706871094,526.1970327328786,273.1
427,85,18,3.1155801955540836,3.023529411764706,8.651764705882353,13.326588235294114,38.06470588235294,17.447058823529417,11.986060119326117,55.01176470588236,39.3388288066411,7.0,9.399999999999999,13.819999999999999,40.5,87.0,60,0.29235360083013706,1.0,7.900000000000004,12.919999999999991,34.5,0.05624698940754014,48,264.8243166220971,215.7490821478701,480.5733987699672,533.0000000000001
428,82,14,3.1973666095691655,3.0121951219512195,8.686585365853658,13.304146341463413,37.96951219512195,17.013414634146347,12.204286623293068,54.853658536585364,26.301386621228872,7.0,9.399999999999999,13.819999999999999,41.0,86.0,60,0.29235360083013706,1.0,7.900000000000004,12.919999999999991,34.5,0.13566650654625056,48,262.1840619846716,170.86001272610295,433.04407471077457,270.6000000000001
429,87,16,2.589141903903449,3.045977011494253,8.691954022988506,13.27999999999999,37.798850574712645,15.273563218390807,12.245239501320635,54.96551724137931,13.150693310614436,7.0,9.399999999999999,13.819999999999999,41.0,85.0,59,0.29235360083013706,1.0,7.900000000000004,12.919999999999991,34.5,0.2416498710294266,49,225.25534563960008,195.92383202113015,421.17917766073026,94.00000000000001
430,100,13,1.9257113762484255,3.03,8.685000000000004,13.281199999999991,37.71,13.442,22.299316636540706,55.15,12.168784307873535,7.0,9.399999999999999,13.819999999999999,41.0,99.0,59,0.29235360083013706,1.0,7.900000000000004,12.979999999999992,34.5,0.49901539382502147,49,192.57113762484255,289.89111627502916,482.4622538998717,68.80000000000001
431,103,7,2.813671037347536,3.0679611650485437,8.6873786407767,13.28,37.68446601941748,13.821359223300972,35.55765665825527,55.13592233009709,98.29235360083014,7.0,9.399999999999999,13.819999999999999,41.0,83.0,59,0.29235360083013706,1.0,7.900000000000004,12.979999999999992,34.5,0.2825997162705871,49,289.8081168467962,248.90359660778688,538.7117134545831,43.60000000000001
432,106,9,2.3654355353588152,3.047169811320755,8.691509433962269,13.274339622641504,37.693396226415096,14.991509433962266,31.607021787396143,55.094339622641506,49.14617680041507,7.0,9.399999999999999,13.819999999999999,41.0,82.0,59,0.29235360083013706,1.0,7.900000000000004,12.979999999999992,34.5,1.2495076969125107,49,250.73616674803444,284.4631960865653,535.1993628345997,251.50000000000003
433,100,14,2.4787787939437953,3.05,8.698000000000002,13.265599999999996,37.645,15.114999999999998,21.326245698439397,55.11,31.148454723825854,7.0,9.399999999999999,13.819999999999999,41.0,81.0,59,0.29235360083013706,1.0,7.900000000000004,12.979999999999992,34.5,0.5847072016602741,49,247.87787939437953,298.56743977815154,546.4453191725311,156.90000000000003
434,100,12,3.1035286537553213,3.02,8.693000000000003,13.263199999999994,37.665,15.079,20.603472322399192,55.31,83.35027446298828,7.0,9.399999999999999,13.819999999999999,41.0,72.0,59,0.29235360083013706,1.0,7.900000000000004,12.979999999999992,34.5,0.4754256500280716,49,310.35286537553213,247.2416678687903,557.5945332443224,112.90000000000002
435,103,10,2.670347826430022,3.0485436893203883,8.687378640776704,13.25961165048543,37.66019417475728,15.615533980582523,29.174664213190407,55.349514563106794,41.67513723149414,7.0,9.399999999999999,13.819999999999999,41.0,71.0,59,0.29235360083013706,1.0,7.900000000000004,12.979999999999992,34.5,0.4083025355977503,49,275.0458261222923,291.7466421319041,566.7924682541964,85.50000000000001
436,102,14,2.311616552039745,3.107843137254902,8.693137254901968,13.247647058823521,37.60294117647059,16.263725490196077,25.48004253506971,55.42156862745098,20.83756861574707,7.0,9.399999999999999,13.819999999999999,41.0,70.0,59,0.29235360083013706,1.0,8.100000000000003,12.979999999999992,34.5,0.7545089887278665,49,235.78488830805398,356.72059549097594,592.5054837990299,257.20000000000005
437,98,15,2.8030863545063385,3.142857142857143,8.684693877551025,13.234081632653053,37.5969387755102,16.625510204081632,19.469362897814616,55.48979591836735,55.673365303349236,7.0,9.399999999999999,13.819999999999999,41.0,69.0,59,0.29235360083013706,1.0,8.100000000000003,12.979999999999992,34.5,0.37725449436393327,49,274.70246274162116,292.04044346721923,566.7429062088404,235.30000000000004
438,94,19,3.0724762452652588,3.1595744680851063,8.685106382978725,13.2327659574468,37.59574468085106,16.8531914893617,12.714468266021447,55.638297872340424,68.66694160527992,7.0,9.399999999999999,13.819999999999999,41.0,52.0,59,0.29235360083013706,1.0,8.100000000000003,12.979999999999992,34.5,0.21530368022621782,49,288.81276705493434,241.57489705440747,530.3876641093418,313.3
439,94,15,2.653694248920014,3.1595744680851063,8.684042553191496,13.232127659574457,37.601063829787236,16.682978723404254,15.45920317720192,55.670212765957444,34.33347080263996,7.0,9.399999999999999,13.819999999999999,41.0,51.0,60,0.29235360083013706,1.0,8.100000000000003,12.979999999999992,34.5,0.6484547238258522,49,249.44725939848132,231.8880476580288,481.33530705651015,138.3
440,100,10,2.9574052288156305,3.07,8.677000000000005,13.237399999999989,37.57,17.61,18.095226471841393,55.83,48.58470720166027,7.0,9.399999999999999,13.819999999999999,41.0,50.0,60,0.257427888212899,1.0,8.000000000000004,12.979999999999992,34.5,0.38395450625324273,49,295.74052288156304,180.95226471841391,476.69278759997695,250.20000000000005
441,91,23,3.3178531467508585,2.967032967032967,8.689010989010992,13.223296703296697,37.489010989010985,15.88791208791209,6.479359510833941,55.94505494505494,48.58470720166027,7.0,9.399999999999999,13.819999999999999,41.0,49.0,60,0.257427888212899,1.0,8.000000000000004,12.979999999999992,34.5,0.29235360083013706,49,301.92463635432813,149.02526874918064,450.94990510350874,422.6000000000001
442,90,19,2.6524434383511295,2.966666666666667,8.695555555555561,13.211999999999989,37.41111111111111,14.079999999999998,8.739015750470276,56.31111111111111,31.767909012506486,7.0,9.299999999999999,13.819999999999999,41.0,48.58470720166027,60,0.257427888212899,1.0,8.000000000000004,12.979999999999992,34.5,0.053193784966945046,49,238.71990945160167,166.04129925893525,404.76120871053695,231.20000000000005
443,89,22,3.029782689495525,2.9213483146067416,8.688764044943827,13.219325842696621,37.41011235955056,12.937078651685397,4.3353479127251,56.52808988764045,49.388786724278695,7.0,9.299999999999999,13.879999999999999,41.0,47.0,60,0.257427888212899,1.0,8.000000000000004,12.979999999999992,35.0,0.23586193663695765,49,269.6506593651017,95.3776540799522,365.0283134450539,335.20000000000005
444,91,16,2.4707801150210114,2.791208791208791,8.685714285714289,13.226593406593398,37.456043956043956,12.75934065934066,5.5275229263795405,56.53846153846154,24.694393362139348,8.0,9.299999999999999,13.879999999999999,41.0,46.0,60,0.2682302406456247,1.0,8.000000000000004,12.979999999999992,35.0,0.04219607696838379,49,224.84099046691202,88.44036682207265,313.2813572889847,224.70000000000005
445,93,15,2.1313148853442994,2.752688172043011,8.707526881720435,13.23999999999999,37.494623655913976,11.553763440860212,5.28730480015091,56.53763440860215,12.347196681069674,8.0,9.299999999999999,13.879999999999999,41.0,45.0,60,0.2682302406456247,1.0,8.000000000000004,12.979999999999992,35.0,0.3242273619129261,49,198.21228433701984,79.30957200226365,277.5218563392835,214.20000000000005
446,96,12,1.9301095482224015,2.8020833333333335,8.702083333333334,13.242499999999993,37.479166666666664,12.005208333333334,5.536986538485944,56.604166666666664,9.102535418377792,8.0,9.299999999999999,13.879999999999999,41.0,44.0,61,0.2682302406456247,1.0,7.900000000000004,12.979999999999992,35.0,0.2637111248243119,49,185.29051662935055,66.44383846183132,251.73435509118187,166.00000000000003
447,92,13,1.7274107423679366,2.717391304347826,8.679347826086957,13.257173913043477,37.51086956521739,11.45326086956522,6.0118987454549435,56.79347826086956,8.902682995330526,8.0,9.299999999999999,13.879999999999999,41.0,43.0,61,0.2682302406456247,1.0,7.900000000000004,12.979999999999992,35.0,0.22607819560001907,49,158.92178829785016,78.15468369091427,237.0764719887644,245.10000000000002
448,91,11,1.7830205576147686,2.7032967032967035,8.681318681318684,13.25494505494505,37.46153846153846,12.147252747252749,11.959571014331408,56.76923076923077,8.902682995330526,8.0,9.299999999999999,13.879999999999999,41.0,72.0,61,0.2682302406456247,1.0,7.900000000000004,12.979999999999992,35.0,0.4349481664324159,49,162.25487074294395,131.55528115764548,293.8101519005894,191.8
449,90,9,1.7373529412979751,2.7444444444444445,8.67888888888889,13.251333333333324,37.45,12.461111111111114,13.601608684074257,56.87777777777778,9.673123386747719,8.0,9.299999999999999,13.879999999999999,41.0,71.0,61,0.2682302406456247,1.0,7.900000000000004,12.979999999999992,35.0,0.47995351704207107,49,156.36176471681776,122.41447815666831,278.77624287348607,86.9
450,84,11,1.6333284416710971,2.7976190476190474,8.67857142857143,13.242142857142849,37.38095238095238,13.005952380952378,15.000909746955823,56.94047619047619,6.173598340534837,8.0,9.299999999999999,13.879999999999999,41.0,70.0,61,0.2682302406456247,1.0,7.900000000000004,12.979999999999992,35.0,0.49594512480543856,49,137.19958910037215,165.01000721651405,302.2095963168862,190.00000000000003
451,83,13,1.5515640334454255,2.7710843373493974,8.669879518072294,13.241686746987943,37.37951807228916,12.889156626506026,19.385682391825082,57.024096385542165,6.173598340534837,8.0,9.299999999999999,13.879999999999999,41.0,92.0,61,0.2682302406456247,1.0,7.900000000000004,12.979999999999992,35.0,0.03581802501297093,50,128.77981477597032,252.01387109372607,380.7936858696964,147.8
452,77,14,1.5279765471379487,2.779220779220779,8.670129870129871,13.241818181818177,37.383116883116884,13.302597402597405,20.00490214615409,57.12987012987013,6.173598340534837,8.0,9.299999999999999,13.879999999999999,41.0,91.0,61,0.2682302406456247,1.0,7.900000000000004,12.979999999999992,35.0,0.7063262679513983,50,117.65419412962206,280.0686300461573,397.72282417577935,170.50000000000003
453,75,10,2.5059892824504018,2.7733333333333334,8.665333333333335,13.250399999999997,37.45333333333333,15.212000000000002,19.56227465167796,57.18666666666667,68.42683614912342,8.0,9.299999999999999,13.879999999999999,41.0,90.0,61,0.2682302406456247,1.0,7.900000000000004,12.979999999999992,35.0,0.1458419251649974,50,187.94919618378012,195.62274651677959,383.5719427005597,183.20000000000002
454,75,9,2.1838345073027474,2.8533333333333335,8.680000000000001,13.248799999999996,37.45333333333333,15.512,21.300663480886485,57.13333333333333,34.21341807456171,8.0,9.299999999999999,13.879999999999999,41.0,89.0,61,0.2682302406456247,1.0,7.900000000000004,12.979999999999992,35.0,0.3523812707693166,50,163.78758804770607,191.70597132797838,355.4935593756844,69.9
455,68,13,3.4201846375095624,2.9705882352941178,8.679411764705884,13.254411764705875,37.51470588235294,14.932352941176473,14.97989161356186,57.088235294117645,88.97678574223457,8.0,9.299999999999999,13.879999999999999,41.0,93.0,61,0.2682302406456247,1.0,7.900000000000004,12.979999999999992,35.0,0.27278780080703086,50,232.57255535065025,194.73859097630418,427.31114632695443,182.70000000000002
456,74,6,4.6920928514475975,2.891891891891892,8.687837837837838,13.255675675675667,37.46621621621622,15.352702702702704,16.853942558226915,57.310810810810814,93.81509937770056,8.0,9.299999999999999,13.879999999999999,41.0,66.0,61,0.2682302406456247,1.0,7.900000000000004,12.979999999999992,35.0,0.7397926657296636,50,347.2148710071222,101.12365534936148,448.3385263564837,103.20000000000002
457,82,6,3.558671938648369,2.9878048780487805,8.698780487804882,13.248536585365844,37.47560975609756,14.836585365853658,16.672637034919763,57.353658536585364,46.90754968885028,8.0,9.399999999999999,13.879999999999999,41.0,65.0,62,0.2682302406456247,1.0,7.900000000000004,12.979999999999992,35.0,0.22364331123535086,50,291.81109896916627,100.03582220951857,391.84692117868485,103.80000000000001
458,83,13,2.9538756110914344,3.2771084337349397,8.698795180722895,13.251084337349388,37.56024096385542,13.548192771084338,8.97643580505039,57.373493975903614,23.45377484442514,9.0,9.399999999999999,13.879999999999999,41.5,64.0,63,0.2682302406456247,1.0,7.900000000000004,12.979999999999992,35.0,0.5364604812912493,50,245.17167572058906,116.69366546565507,361.8653411862441,217.30000000000004
459,84,12,2.4893951271351926,3.392857142857143,8.722619047619046,13.241428571428562,37.63690476190476,13.822619047619046,9.68333708860789,57.345238095238095,11.72688742221257,9.0,9.399999999999999,13.879999999999999,41.5,63.0,63,0.2682302406456247,1.0,7.900000000000004,12.979999999999992,35.0,0.7047625415386332,50,209.10919067935617,116.20004506329468,325.30923574265086,251.20000000000005
460,83,14,2.4840266368556585,3.433734939759036,8.719277108433737,13.25253012048192,37.6566265060241,13.799999999999995,7.011293172511683,57.45783132530121,25.65059531769233,9.0,9.399999999999999,13.879999999999999,41.5,62.0,63,0.2682302406456247,1.0,7.900000000000004,12.979999999999992,35.0,0.5742273619129261,50,206.17421085901964,98.15810441516356,304.3323152741832,184.00000000000003
461,83,10,2.4177565491597877,3.4096385542168677,8.70963855421687,13.25036144578312,37.63855421686747,13.291566265060238,7.895553425299239,57.674698795180724,12.825297658846164,9.0,9.399999999999999,13.879999999999999,41.5,61.0,64,0.2682302406456247,1.0,7.900000000000004,12.979999999999992,35.0,0.4349481664324159,50,200.67379358026238,78.9555342529924,279.62932783325476,88.9
462,84,9,2.97207675790182,3.3214285714285716,8.721428571428573,13.23857142857142,37.625,13.824999999999998,1.2194662075443266,57.857142857142854,60.50552677804476,9.0,9.399999999999999,13.879999999999999,41.5,3.9071429689382473,65,0.2682302406456247,1.0,7.900000000000004,12.979999999999992,35.0,0.22818553684694454,50,249.65444766375288,10.97519586789894,260.6296435316518,197.70000000000005
463,79,12,2.5024472423328987,3.3417721518987342,8.721518987341776,13.248101265822775,37.70886075949367,14.28987341772152,3.048744470536345,57.9873417721519,30.25276338902238,9.0,9.399999999999999,13.879999999999999,41.5,15.12638169451119,65,0.2682302406456247,1.0,7.900000000000004,12.979999999999992,35.0,0.011053556089517524,50,197.693332144299,36.58493364643614,234.27826579073513,261.20000000000005
464,79,9,2.333708235643982,3.240506329113924,8.74177215189874,13.243544303797455,37.74683544303797,15.434177215189875,3.1161295037775254,58.18987341772152,15.12638169451119,9.0,9.399999999999999,13.879999999999999,41.5,14.12638169451119,65,0.2682302406456247,1.0,8.200000000000003,12.979999999999992,35.0,0.0729209625824987,50,184.3629506158746,28.04516553399773,212.40811614987234,233.60000000000002
465,76,10,2.039565121426722,3.0921052631578947,8.732894736842109,13.239736842105254,37.6578947368421,16.825,4.296444645858325,58.35526315789474,10.649990017523013,9.0,9.399999999999999,13.879999999999999,41.5,13.12638169451119,65,0.2682302406456247,1.0,8.200000000000003,12.919999999999991,34.5,1.600384699690493,50,155.00694922843087,42.964446458583254,197.97139568701414,246.70000000000002
466,69,16,2.0486354888253993,3.028985507246377,8.724637681159422,13.249565217391293,37.63768115942029,19.721739130434784,2.811331964794035,58.56521739130435,10.649990017523013,9.0,9.399999999999999,13.879999999999999,41.5,12.12638169451119,65,0.2682302406456247,1.0,8.200000000000003,12.919999999999991,34.5,0.6003846996904929,50,141.35584872895254,44.98131143670456,186.3371601656571,401.6
467,63,14,2.1003824689317185,3.126984126984127,8.733333333333334,13.259999999999991,37.70634920634921,20.369841269841277,2.643423538361428,58.46031746031746,10.649990017523013,9.0,9.399999999999999,13.879999999999999,41.5,11.12638169451119,65,0.2682302406456247,1.0,8.200000000000003,12.919999999999991,34.5,0.6951311386112076,50,132.32409554269827,37.007929537059994,169.33202507975827,190.10000000000002
468,52,18,1.9379222849760416,3.1538461538461537,8.75,13.269615384615376,37.79807692307692,21.146153846153847,3.029217277006966,58.32692307692308,6.916103809150275,9.0,9.399999999999999,13.879999999999999,41.5,10.649990017523013,65,0.2682302406456247,1.0,8.200000000000003,12.919999999999991,35.0,0.26526227722241513,50,100.77195881875416,54.52591098612538,155.29786980487955,242.20000000000005
469,49,13,1.9868534292329327,3.183673469387755,8.797959183673468,13.25183673469387,37.826530612244895,19.775510204081638,2.9922368979864022,57.93877551020408,13.280188772924141,9.0,9.399999999999999,13.879999999999999,41.5,9.12638169451119,64,0.2682302406456247,1.0,8.200000000000003,12.919999999999991,35.0,0.3458465741502672,50,97.35581803241371,38.89907967382323,136.25489770623693,85.30000000000001
470,51,5,2.0136100963733874,3.196078431372549,8.811764705882352,13.24470588235293,37.833333333333336,20.01960784313726,3.4354049780667935,57.8235294117647,7.803378284581821,9.0,9.399999999999999,13.879999999999999,41.5,8.12638169451119,64,0.2682302406456247,1.0,8.200000000000003,12.919999999999991,35.0,0.3359584404228847,50,102.69411491504275,17.177024890333968,119.87113980537671,9.0
471,52,6,1.9423008605184757,3.3461538461538463,8.803846153846152,13.254615384615374,37.91346153846154,20.319230769230778,7.490732539482647,58.01923076923077,10.446428887742226,9.0,9.399999999999999,13.879999999999999,41.5,35.0,65,0.2682302406456247,1.0,8.100000000000003,12.919999999999991,36.0,0.6951311386112076,50,100.99964474696074,44.944395236895886,145.9440399838566,114.2
472,49,8,2.0049887360612004,3.5306122448979593,8.814285714285713,13.261632653061211,38.06122448979592,20.86938775510205,15.674106694538876,57.775510204081634,7.72688742221257,9.0,9.399999999999999,13.879999999999999,41.5,86.0,65,0.2682302406456247,1.0,8.100000000000003,12.979999999999992,36.0,0.48631288044071486,50,98.24444806699883,125.39285355631101,223.63730162330984,88.10000000000001
473,46,8,1.9098990856759095,3.5434782608695654,8.828260869565215,13.270869565217378,38.141304347826086,21.958695652173922,19.528005675972004,57.69565217391305,7.72688742221257,9.0,9.399999999999999,13.879999999999999,41.5,85.0,65,0.3059108278088377,1.0,8.100000000000003,12.979999999999992,36.0,0.21461358876258085,50,87.85535794109184,156.22404540777603,244.07940334886786,95.70000000000002
474,43,7,2.1260606527485524,3.697674418604651,8.83953488372093,13.25627906976743,38.13953488372093,23.872093023255818,25.88227877875313,57.674418604651166,8.615217360778152,9.0,9.399999999999999,13.879999999999999,41.5,84.0,65,0.3059108278088377,1.0,8.100000000000003,12.979999999999992,36.0,0.5364604812912493,50,91.42060806818776,181.1759514512719,272.5965595194597,94.30000000000001
475,36,11,2.7415190009948915,3.6944444444444446,8.919444444444444,13.243333333333322,38.30555555555556,23.830555555555563,15.05452627332183,56.94444444444444,31.611821655617675,8.0,9.399999999999999,13.879999999999999,41.5,83.0,65,0.3059108278088377,1.0,8.300000000000002,12.979999999999992,36.0,0.9629066230941781,51,98.6946840358161,165.59978900654014,264.29447304235623,120.70000000000002
476,30,13,1.9437962168672809,3.8,8.933333333333334,13.225999999999988,38.38333333333333,22.63,15.001359993326433,56.8,7.72688742221257,8.0,9.399999999999999,13.879999999999999,41.5,82.0,65,0.3059108278088377,1.0,8.300000000000002,12.979999999999992,36.0,0.6031622073557705,51,58.31388650601843,195.01767991324363,253.33156641926206,17.9
477,28,12,3.249309720067204,3.857142857142857,8.953571428571427,13.222142857142847,38.464285714285715,24.264285714285716,12.44612099180707,56.5,32.340847607905246,8.0,9.399999999999999,13.879999999999999,41.5,81.0,65,0.3059108278088377,1.0,8.300000000000002,12.979999999999992,36.0,0.10412473418384538,51,90.98067216188171,149.35345190168485,240.33412406356655,51.80000000000001
478,26,12,2.9452468504476745,4.461538461538462,9.01153846153846,13.22692307692307,38.59615384615385,22.21538461538462,12.072967873794703,55.53846153846154,16.170423803952623,8.0,9.399999999999999,13.879999999999999,41.5,80.0,65,0.3059108278088377,1.0,8.400000000000002,12.979999999999992,36.0,0.0691693148300534,51,76.57641811163954,144.87561448553643,221.45203259717596,44.0
479,27,8,2.5606372685019108,4.666666666666667,9.048148148148147,13.208888888888877,38.648148148148145,21.32592592592593,28.813603102404624,55.18518518518518,8.085211901976312,8.0,9.399999999999999,13.879999999999999,41.5,94.0,65,0.3059108278088377,1.0,8.400000000000002,12.979999999999992,36.0,0.010363387403874658,51,69.1372062495516,230.508824819237,299.6460310687886,17.300000000000004
480,27,6,3.549345876910041,4.851851851851852,9.074074074074074,13.204444444444436,38.7037037037037,21.17777777777778,32.881552422930845,55.0,29.713472403625037,8.0,9.399999999999999,13.879999999999999,41.5,93.0,65,0.3059108278088377,1.0,8.400000000000002,12.979999999999992,36.0,0.8867268048421851,51,95.83233867657111,197.28931453758506,293.12165321415614,8.700000000000001
481,26,8,3.332003957890982,5.076923076923077,9.080769230769231,13.208461538461528,38.86538461538461,21.461538461538467,30.89680692540527,55.0,14.856736201812518,8.0,9.399999999999999,13.879999999999999,41.5,92.0,65,0.3059108278088377,1.0,8.400000000000002,12.979999999999992,36.0,0.4025877327428784,51,86.63210290516552,247.17445540324215,333.80655830840766,36.0
482,24,10,3.121808179387742,5.25,9.104166666666668,13.179999999999993,39.020833333333336,19.420833333333338,33.82103514867625,55.333333333333336,7.428368100906259,8.0,9.399999999999999,13.879999999999999,41.0,92.0,64,0.7885602966793921,1.0,8.400000000000002,12.979999999999992,36.5,0.0729209625824987,51,74.92339630530581,338.21035148676253,413.13374779206833,54.8
483,25,8,2.686491418744375,4.96,9.088000000000001,13.179199999999991,39.06,17.900000000000002,42.51688445179775,56.12,5.863443711106285,8.0,9.399999999999999,13.879999999999999,41.0,91.0,64,0.7885602966793921,1.0,8.400000000000002,12.979999999999992,36.5,3.042605950988156,51,67.16228546860937,340.135075614382,407.29736108299136,0.0
484,26,8,2.7048541968996127,4.923076923076923,9.084615384615386,13.17846153846153,39.07692307692308,18.096153846153847,46.88032574387352,56.38461538461539,6.638704495090781,8.0,9.399999999999999,13.879999999999999,41.0,90.0,64,0.7885602966793921,1.0,8.400000000000002,12.979999999999992,36.5,2.042605950988156,51,70.32620911938993,375.04260595098816,445.3688150703781,0.0
485,26,7,4.514185195014542,4.923076923076923,9.084615384615386,13.17846153846153,39.07692307692308,20.123076923076926,56.857142857142854,56.38461538461539,47.857092025226564,8.0,9.399999999999999,13.879999999999999,41.0,89.0,64,0.7885602966793921,1.0,8.400000000000002,12.979999999999992,36.5,3.0,51,117.36881507037809,398.0,515.3688150703781,27.699999999999996
486,22,13,4.128260689771851,4.7272727272727275,9.063636363636364,13.192727272727268,39.20454545454545,21.145454545454548,31.737138991468516,56.90909090909091,23.928546012613282,8.0,9.399999999999999,13.879999999999999,41.0,88.0,64,0.7885602966793921,1.0,8.400000000000002,12.979999999999992,37.5,1.6600235966155177,51,90.82173517498073,412.5828068890907,503.40454206407145,136.7
487,18,18,3.854214618993065,4.777777777777778,9.083333333333334,13.166666666666663,39.388888888888886,14.850000000000001,24.33641523152591,58.388888888888886,11.964273006306641,8.0,9.399999999999999,13.279999999999994,40.0,87.0,65,0.8414794925696133,1.0,8.700000000000001,12.979999999999992,37.5,0.6600235966155177,51,69.37586314187517,438.05547416746634,507.43133730934153,37.39999999999999
488,22,14,3.569402573431135,4.545454545454546,9.05909090909091,13.179090909090906,39.38636363636363,12.786363636363637,36.75364936414845,59.54545454545455,19.863443711106285,8.0,9.399999999999999,13.279999999999994,40.0,86.0,66,0.6785460126132824,1.0,8.700000000000001,12.979999999999992,37.5,0.1383386296601068,51,78.52685661548497,514.5510910980784,593.0779477135634,0.0
489,23,13,3.2871131147259374,4.6521739130434785,9.06521739130435,13.186086956521732,39.43478260869565,14.156521739130437,49.45633690085511,59.30434782608695,9.931721855553143,8.0,9.399999999999999,13.339999999999995,40.5,85.0,66,0.6785460126132824,1.0,8.700000000000001,12.979999999999992,37.5,0.026330049021995094,51,75.60360163869656,642.9323797111165,718.535981349813,27.299999999999997
490,25,13,2.8650054819607984,4.68,9.072000000000003,13.193599999999993,39.44,17.476000000000003,52.06969612785342,59.32,6.638704495090781,8.0,9.399999999999999,13.339999999999995,40.5,84.0,66,0.6785460126132824,1.0,8.700000000000001,12.979999999999992,37.5,3.0,51,71.62513704901995,676.9060496620945,748.5311867111144,90.3
491,23,16,2.9250859466181187,4.782608695652174,9.078260869565218,13.191304347826081,39.41304347826087,20.465217391304353,44.828388121181106,58.95652173913044,6.638704495090781,8.0,9.399999999999999,13.339999999999995,40.5,83.0,66,0.6785460126132824,1.0,8.700000000000001,12.979999999999992,37.5,1.3570920252265648,51,67.27697677221673,717.2542099388977,784.5311867111144,99.3
492,20,19,3.3891798779963613,5.05,9.095000000000002,13.192999999999994,39.35,21.79,40.67092574479933,58.15,9.033867515058908,8.0,9.399999999999999,13.339999999999995,40.5,82.0,65,0.6785460126132824,1.0,8.700000000000001,12.979999999999992,37.5,0.3570920252265648,51,67.78359755992723,772.7475891511872,840.5311867111144,72.1
493,15,18,16.96664273926766,5.333333333333333,9.1,13.195999999999994,39.3,21.02,32.16656336229809,56.733333333333334,83.61160722193556,8.0,9.399999999999999,13.339999999999995,40.5,80.0,65,0.8414794925696133,1.0,8.700000000000001,12.979999999999992,37.5,1.4955341257883301,51,254.49964108901486,578.9981405213656,833.4977816103805,72.6
494,18,17,14.254590049432096,5.0,9.083333333333334,13.189999999999996,39.333333333333336,18.183333333333334,33.32169052238343,57.5,46.84147949256961,8.0,9.399999999999999,13.339999999999995,40.5,79.0,66,2.153804340194538,1.0,8.700000000000001,12.979999999999992,37.5,0.4955341257883301,51,256.58262088977773,566.4687388805182,823.0513597702959,0.0
495,25,16,8.383253490519055,4.72,9.075999999999999,13.17679999999999,39.4,13.904000000000002,44.499441765723546,58.16,23.420739746284806,9.0,9.499999999999998,13.339999999999995,40.5,92.0,67,2.153804340194538,1.0,8.700000000000001,12.979999999999992,37.5,0.9910682515766602,51,209.58133726297635,711.9910682515767,921.5724055145531,9.299999999999999
496,34,18,4.999879641643908,4.205882352941177,9.073529411764708,13.168823529411751,39.411764705882355,10.505882352941178,43.54908906261566,59.470588235294116,14.91963650315332,9.0,9.599999999999998,13.339999999999995,40.5,91.0,68,1.0389927207154426,1.0,8.700000000000001,12.919999999999991,37.5,4.0,51,169.99590781589285,783.8836031270819,953.8795109429748,36.0
497,47,22,2.9614212574303456,3.872340425531915,9.029787234042553,13.1727659574468,39.340425531914896,7.627659574468085,40.547018638147215,60.744680851063826,14.91963650315332,9.0,9.599999999999998,13.339999999999995,40.5,90.0,68,0.5194963603577213,1.0,8.600000000000001,12.919999999999991,37.5,2.9275924682856007,51,139.18679909922625,892.0344100392387,1031.221209138465,26.9
498,51,25,2.5402337049008388,3.6470588235294117,9.005882352941176,13.168235294117641,39.31372549019608,6.872549019607843,39.10019112268919,60.96078431372549,7.45981825157666,9.0,9.599999999999998,13.339999999999995,40.5,89.0,68,0.46623864072354126,1.0,8.600000000000001,12.919999999999991,37.5,0.46623864072354126,51,129.55191894994277,977.5047780672297,1107.0566970171726,0.0
499,52,30,2.27575983510544,3.6923076923076925,9.001923076923076,13.173846153846144,39.32692307692308,7.459615384615384,35.98607782288833,61.26923076923077,7.336286005074845,9.0,9.599999999999998,13.339999999999995,40.5,91.0,68,0.46623864072354126,1.0,8.600000000000001,12.919999999999991,38.0,0.3659490585357001,51,118.33951142548288,1079.58233468665,1197.921846112133,79.60000000000001
500,54,27,3.807541897452492,3.685185185185185,8.996296296296295,13.16888888888888,39.26851851851852,9.590740740740742,41.162801486316376,61.370370370370374,89.61286272568549,9.0,9.599999999999998,13.339999999999995,40.5,90.0,68,0.46623864072354126,1.0,8.600000000000001,12.85999999999999,37.5,1.0,51,205.60726246243456,1111.3956401305422,1317.0029025929769,126.5
501,53,23,5.603209508818332,3.6226415094339623,9.007547169811321,13.162264150943388,39.283018867924525,13.039622641509434,42.136578350076924,61.37735849056604,53.66814300253742,9.0,9.599999999999998,13.339999999999995,40.5,89.0,68,0.46623864072354126,1.0,8.600000000000001,12.85999999999999,37.5,0.8551849365712014,51,296.9701039673716,969.1413020517692,1266.1114060191408,266.6
502,54,26,5.545927510219464,3.888888888888889,9.035185185185183,13.14666666666666,39.30555555555556,14.237037037037032,38.84867237248383,60.888888888888886,63.61286272568549,10.0,9.599999999999998,13.399999999999995,40.5,88.0,68,0.46623864072354126,1.0,8.500000000000002,12.85999999999999,37.5,0.9324772814470825,51,299.48008555185106,1010.0654816845796,1309.5455672364305,250.60000000000002
503,57,31,4.925521245468869,4.368421052631579,9.07017543859649,13.148421052631573,39.39473684210526,12.233333333333333,33.77581366165737,60.87719298245614,38.965860927776575,10.0,9.499999999999998,13.399999999999995,41.0,87.0,68,0.46623864072354126,1.0,8.500000000000002,12.79999999999999,37.0,0.038992720715442575,51,280.7547109917255,1047.0502235113784,1327.8049345031038,214.9
504,65,32,4.077823932122768,4.4,9.076923076923073,13.141538461538453,39.4,12.038461538461538,35.01204740374172,60.8,32.51949636035772,10.0,9.499999999999998,13.399999999999995,41.0,86.0,68,0.4493579610853119,1.0,8.500000000000002,12.79999999999999,37.0,0.3064313628427431,51,265.0585555879799,1120.385516919735,1385.444072507715,179.7
505,67,25,5.133962052022325,4.567164179104478,9.077611940298503,13.146567164179096,39.3955223880597,13.055223880597012,39.53993031352712,60.62686567164179,83.61549044847544,10.0,9.499999999999998,13.399999999999995,41.0,85.0,68,0.4493579610853119,1.0,8.500000000000002,12.79999999999999,37.0,0.9324772814470825,51,343.9754574854957,988.4982578381781,1332.4737153236738,209.1
506,71,29,3.7215173839119933,4.450704225352113,9.09295774647887,13.14056338028168,39.401408450704224,12.59014084507042,37.24159387082141,60.563380281690144,41.80774522423772,10.0,9.599999999999998,13.399999999999995,41.0,84.0,69,0.4493579610853119,1.0,8.500000000000002,12.79999999999999,36.5,0.659490585357001,51,264.22773425775154,1080.0062222538209,1344.2339565115724,190.89999999999998
507,79,26,4.987067455305188,4.139240506329114,9.092405063291137,13.140253164556956,39.41139240506329,11.775949367088602,37.99994272685245,60.9873417721519,67.86495456289417,10.0,9.599999999999998,13.399999999999995,41.0,83.0,70,0.4493579610853119,1.0,8.500000000000002,12.79999999999999,36.5,2.0,51,393.97832896910984,987.9985108981638,1381.9768398672736,64.0
508,86,35,3.8313783557661774,4.023255813953488,9.083720930232557,13.14325581395348,39.354651162790695,11.251162790697672,33.018769315890545,61.53488372093023,33.932477281447085,10.0,9.599999999999998,13.459999999999996,41.0,82.0,70,0.4493579610853119,1.0,8.500000000000002,12.79999999999999,36.5,0.2540585653152947,51,329.49853859589126,1155.6569260561691,1485.1554646520603,170.4
509,84,34,4.546554213960106,3.9047619047619047,9.080952380952379,13.149999999999997,39.38095238095238,11.459523809523809,38.796435833033385,62.095238095238095,85.40960823448157,10.0,9.599999999999998,13.459999999999996,41.0,97.0,70,0.4493579610853119,1.0,8.600000000000001,12.73999999999999,36.5,0.5194963603577212,51,381.9105539726489,1319.078818323135,1700.989372295784,270.3
510,98,29,4.311888859482909,3.8469387755102042,9.072448979591835,13.14775510204081,39.36224489795919,12.229591836734691,48.40882324116196,62.3469387755102,66.1796624811662,10.0,9.599999999999998,13.459999999999996,41.0,98.0,70,0.2540585653152947,1.0,8.600000000000001,12.73999999999999,36.5,0.40020098008883576,51,422.56510822932506,1403.8558739936968,1826.4209822230218,168.9
511,104,35,4.081648622947835,3.8846153846153846,9.089423076923076,13.155384615384607,39.44230769230769,12.546153846153848,45.67566781220395,62.32692307692308,38.43536630798604,10.0,9.599999999999998,13.459999999999996,41.0,97.0,70,0.2540585653152947,1.0,8.700000000000001,12.73999999999999,36.5,0.5301949575226107,51,424.4914567865749,1598.648373427138,2023.139830213713,362.3
512,104,40,5.63179408145616,3.9615384615384617,9.091346153846152,13.170384615384608,39.46153846153846,13.190384615384614,39.08243103464023,62.36538461538461,99.25487409008943,10.0,9.599999999999998,13.459999999999996,41.0,96.0,70,0.2540585653152947,1.0,8.700000000000001,12.73999999999999,36.0,0.038992720715442575,51,585.7065844714407,1563.2972413856091,2149.00382585705,373.0
513,107,36,8.722701443846343,4.08411214953271,9.091588785046728,13.181308411214939,39.37850467289719,12.362616822429906,36.50240439297667,62.5607476635514,100.3381005146551,10.0,9.599999999999998,13.459999999999996,41.0,97.0,70,0.2540585653152947,1.0,8.700000000000001,12.73999999999999,36.0,0.26509747876130535,51,933.3290544915587,1314.0865581471603,2247.415612638719,247.29999999999998
514,125,31,7.7487671035160455,4.08,9.091999999999999,13.179679999999987,39.288,12.186399999999999,40.429480649061176,62.648,86.5081171306306,10.0,9.599999999999998,13.459999999999996,41.0,96.0,70,0.2540585653152947,1.0,8.700000000000001,12.73999999999999,36.0,0.6003014701332536,51,968.5958879395057,1253.3139001208965,2221.909788060402,207.5
515,132,41,6.151199211459968,4.196969696969697,9.092424242424242,13.192727272727259,39.28409090909091,10.371969696969696,33.94496347001052,62.871212121212125,76.95160784071068,10.0,9.599999999999998,13.459999999999996,41.0,95.0,71,0.2540585653152947,1.0,8.600000000000001,12.73999999999999,36.0,0.5301949575226107,52,811.9582959127157,1391.7435022704315,2203.7017981831473,371.8
516,153,35,6.033021570598441,4.215686274509804,9.09542483660131,13.20156862745097,39.27777777777778,10.288235294117644,32.658901399538316,63.05882352941177,98.87073261597207,10.0,9.599999999999998,13.459999999999996,41.0,90.0,72,0.2540585653152947,1.0,8.600000000000001,12.73999999999999,36.0,0.0603899150452214,52,923.0523003015614,1143.061548983841,2066.1138492854025,426.8
517,168,42,3.6895469605755746,4.0476190476190474,9.090476190476194,13.213214285714278,39.36309523809524,9.685119047619045,31.354298670091133,63.38690476190476,38.815711695220266,10.0,9.599999999999998,13.459999999999996,41.0,98.87073261597207,73,0.2540585653152947,1.0,8.600000000000001,12.73999999999999,36.0,0.3459831638511812,52,619.8438893766966,1316.8805441438276,1936.7244335205241,501.7
518,180,39,5.293428902481305,3.933333333333333,9.086666666666664,13.219999999999992,39.425,9.275555555555552,22.708495503296596,63.82222222222222,100.07446271161565,10.0,9.699999999999998,13.459999999999996,41.0,87.0,74,0.26509747876130535,1.0,8.600000000000001,12.73999999999999,36.0,0.3442217962112908,52,952.817202446635,885.6313246285672,1838.448527075202,390.3
519,183,35,4.104174489211827,3.939890710382514,9.08415300546448,13.235081967213102,39.46448087431694,9.448087431693986,27.266369500710862,64.05464480874316,100.07446271161565,10.0,9.699999999999998,13.459999999999996,41.0,86.0,74,0.26509747876130535,1.0,8.600000000000001,12.73999999999999,36.0,0.4710567290199005,52,751.0639315257644,954.3229325248801,1705.3868640506444,446.0
520,190,39,3.6774564411708894,3.9894736842105263,9.083157894736841,13.244947368421055,39.455263157894734,10.84894736842105,23.268815955211796,64.32105263157895,81.2409166615102,10.0,9.699999999999998,13.459999999999996,41.0,100.07446271161565,74,0.26509747876130535,1.0,8.500000000000002,12.679999999999989,36.0,0.2877436969032634,52,698.716723822469,907.4838222532601,1606.200546075729,830.9
521,191,41,3.755541545964973,3.994764397905759,9.075392670157067,13.25424083769634,39.50785340314136,11.751308900523556,20.57668163376045,64.55497382198953,100.93744678813052,10.0,9.699999999999998,13.459999999999996,41.0,84.0,74,0.2590902667376251,1.0,8.500000000000002,12.679999999999989,36.0,0.09058487256783199,52,717.3084352793098,843.6439469841785,1560.9523822634883,742.5
522,196,32,4.7929477721100255,4.01530612244898,9.064795918367341,13.25581632653062,39.474489795918366,12.094387755102039,19.065788396810884,64.73979591836735,100.93744678813052,10.0,9.699999999999998,13.459999999999996,41.0,80.2409166615102,74,0.2590902667376251,1.0,8.500000000000002,12.679999999999989,36.0,0.1207798300904428,52,939.4177633335651,610.1052286979483,1549.5229920315132,407.8
523,196,27,4.408492747446153,4.13265306122449,9.069387755102035,13.26316326530613,39.494897959183675,13.782653061224488,20.98042572981689,64.7295918367347,79.79200250091253,10.0,9.699999999999998,13.459999999999996,41.0,100.93744678813052,74,0.2590902667376251,1.0,8.500000000000002,12.679999999999989,36.0,0.3448862277687859,52,864.0645784994459,566.471494705056,1430.536073204502,702.4
524,198,30,3.6004239806067067,4.247474747474747,9.072222222222223,13.263636363636374,39.474747474747474,14.956060606060609,20.445761880595537,64.57070707070707,36.17712946882929,10.0,9.699999999999998,13.459999999999996,41.0,99.93744678813052,74,0.2590902667376251,1.0,8.400000000000002,12.679999999999989,36.0,0.2431494159484644,52,712.8839481601279,613.3728564178662,1326.256804577994,908.8
525,196,33,4.637597311258579,4.357142857142857,9.084183673469388,13.266224489795922,39.55612244897959,15.058163265306126,10.427948108891497,64.20918367346938,99.46591729611065,10.0,9.699999999999998,13.519999999999996,41.0,57.0,73,0.2590902667376251,1.0,8.400000000000002,12.679999999999989,36.0,0.1438718484516317,52,908.9690730066816,344.1222875934194,1253.0913606001009,714.0
526,180,38,4.4677714033825495,4.427777777777778,9.09722222222222,13.26833333333334,39.608333333333334,15.079444444444446,9.721981402912808,64.10555555555555,94.40785584761014,10.0,9.699999999999998,13.519999999999996,41.0,80.56890271986661,73,0.2590902667376251,1.0,8.400000000000002,12.679999999999989,36.0,0.5216270589368658,52,804.1988526088589,369.43529331068675,1173.6341459195457,714.1
527,180,39,4.095983848432861,4.483333333333333,9.101111111111111,13.26700000000001,39.580555555555556,14.878888888888893,10.081078434587056,64.49444444444444,45.298016471494925,10.0,9.699999999999998,13.519999999999996,41.5,94.40785584761014,74,0.2590902667376251,1.0,8.400000000000002,12.679999999999989,36.0,0.0999469781991964,52,737.277092717915,393.16205894889515,1130.4391516668102,697.9
528,182,27,4.216597242518353,4.626373626373627,9.103846153846153,13.269120879120877,39.54945054945055,14.441208791208792,12.60710968716136,64.50549450549451,95.8338378285614,10.0,9.699999999999998,13.519999999999996,41.5,82.0,75,0.2590902667376251,1.0,8.400000000000002,12.679999999999989,36.0,0.2244311388439295,52,767.4206981383403,340.39196155335674,1107.812659691697,397.5
529,185,23,4.26904729760822,4.724324324324324,9.114054054054053,13.269945945945945,39.58378378378379,13.745405405405409,9.710636202750981,64.37837837837837,80.74430468004428,10.0,9.699999999999998,13.519999999999996,41.5,81.0,75,0.2590902667376251,1.0,8.400000000000002,12.679999999999989,36.0,0.0603899150452214,52,789.7737500575207,223.3446326632726,1013.1183827207933,435.09999999999997
530,189,21,3.5104135380249755,4.788359788359788,9.110052910052904,13.26349206349207,39.595238095238095,15.726455026455028,13.298691659843325,64.19576719576719,52.51724846524665,10.0,9.699999999999998,13.519999999999996,41.5,80.74430468004428,75,0.2590902667376251,1.0,8.400000000000002,12.679999999999989,36.0,0.5349157952829007,52,663.4681586867204,279.2725248567098,942.7406835434301,701.0
531,180,26,4.081833514401175,4.733333333333333,9.102222222222217,13.254000000000001,39.63333333333333,16.74333333333334,5.864789158039129,63.983333333333334,83.20748859503838,10.0,9.699999999999998,13.519999999999996,41.5,79.0,75,0.28612013874543074,1.0,8.400000000000002,12.679999999999989,36.5,0.06983159056580135,52,734.7300325922115,152.48451810901736,887.2145507012289,794.5
532,178,26,3.4488231384377133,4.814606741573034,9.099999999999998,13.243932584269663,39.58988764044944,16.836516853932594,6.942537625860738,63.92696629213483,41.60374429751919,10.0,9.699999999999998,13.519999999999996,41.5,78.0,75,0.28612013874543074,1.0,8.400000000000002,12.679999999999989,36.5,0.5960329429898533,52,613.890518641913,180.5059782723792,794.3964969142921,577.4
533,169,33,3.2427506452580426,4.911242603550296,9.110650887573966,13.232781065088755,39.603550295857985,17.242011834319534,5.402612716443093,63.53846153846154,20.801872148759596,10.0,9.699999999999998,13.519999999999996,41.5,77.0,76,0.28612013874543074,1.0,8.400000000000002,12.679999999999989,36.5,0.027330080165638204,52,548.0248590486092,178.28621964262206,726.3110786912313,765.0
534,167,26,3.1680064147007103,4.982035928143713,9.117365269461079,13.23616766467066,39.535928143712574,16.89700598802396,5.32916351565091,63.74251497005988,12.155630147342164,10.0,9.699999999999998,13.519999999999996,41.5,76.0,76,0.28281816678431204,1.0,8.400000000000002,12.679999999999989,36.5,0.29801647149492666,52,529.0570712550186,138.55825140692366,667.6153226619423,442.2
535,158,27,2.9988859824030913,4.879746835443038,9.112025316455696,13.221139240506329,39.52215189873418,16.670253164556964,5.72219995274105,64.31012658227849,17.928035471426902,10.0,9.699999999999998,13.519999999999996,41.5,75.0,76,0.28281816678431204,1.0,8.400000000000002,12.619999999999989,36.0,0.014100383402478656,53,473.82398521968844,154.49939872400836,628.3233839436969,465.99999999999994
536,143,29,3.595577790408148,4.783216783216783,9.094405594405597,13.21832167832168,39.55594405594405,16.974125874125882,2.9011086970662165,64.8881118881119,76.66133281652074,10.0,9.699999999999998,13.519999999999996,42.0,10.588564734414646,76,0.28281816678431204,1.0,8.400000000000002,12.619999999999989,36.0,0.28612013874543074,53,514.1676240283651,84.13215221492028,598.2997762432855,621.8
537,137,29,3.2372696895092687,4.751824817518248,9.091240875912415,13.221751824817513,39.57664233576642,16.473722627737224,3.1619428301592425,64.94160583941606,38.33066640826037,10.0,9.699999999999998,13.519999999999996,42.0,12.589591479652462,76,0.28281816678431204,1.0,8.400000000000002,12.619999999999989,36.5,0.24268831678616465,53,443.5059474627698,91.69634207461803,535.2022895373879,432.49999999999994
538,119,34,3.2098424034231647,4.815126050420168,9.072268907563025,13.219999999999994,39.668067226890756,15.336134453781515,3.465055359072622,64.73949579831933,38.33066640826037,10.0,9.699999999999998,13.519999999999996,42.0,17.928035471426902,75,0.2584394467255161,1.0,8.400000000000002,12.619999999999989,36.5,0.4259819809512666,53,381.9712460073566,117.81188220846914,499.78312821582574,512.6999999999999
539,114,28,3.185970014905412,4.947368421052632,9.071052631578947,13.21263157894736,39.728070175438596,16.17982456140351,3.384156533781926,64.39473684210526,38.33066640826037,10.0,9.699999999999998,13.519999999999996,42.0,16.928035471426902,74,0.2584394467255161,1.0,8.400000000000002,12.619999999999989,37.5,0.095983568008009,53,363.20058169921697,94.75638294589393,457.95696464511093,300.4
540,111,21,2.8398144625151898,5.018018018018018,9.073873873873879,13.217837837837834,39.747747747747745,17.032432432432426,5.24395927385286,64.24324324324324,9.054014291750333,10.0,9.699999999999998,13.519999999999996,42.0,38.33066640826037,74,0.2584394467255161,1.0,8.400000000000002,12.619999999999989,37.5,0.02497006580785799,53,315.21940533918604,110.12314475091006,425.3425500900961,308.0
541,99,24,3.148607568669674,5.141414141414141,9.098989898989906,13.234545454545447,39.74747474747475,17.96666666666667,3.8625025143566556,64.25252525252525,42.121999709292915,10.0,9.699999999999998,13.519999999999996,42.0,14.928035471426902,74,0.2584394467255161,1.0,8.600000000000001,12.919999999999991,38.0,0.17824774761890838,53,311.71214929829773,92.70006034455973,404.4122096428575,487.9
542,95,18,3.258204118967478,5.11578947368421,9.102105263157897,13.235157894736838,39.742105263157896,19.119999999999997,3.386301692726513,64.33684210526316,21.060999854646457,10.0,9.699999999999998,13.519999999999996,42.0,7.964309990449028,74,0.2584394467255161,1.0,8.600000000000001,12.919999999999991,38.0,0.0864595230244003,53,309.52939130191044,60.95343046907723,370.4828217709877,302.09999999999997
543,92,19,2.982163030468311,5.010869565217392,9.110869565217394,13.246739130434776,39.78804347826087,18.946739130434786,3.192613884637685,64.28260869565217,13.353377554731189,10.0,9.699999999999998,13.579999999999997,42.0,6.671828819037033,74,0.2584394467255161,1.0,8.600000000000001,12.919999999999991,38.0,0.4155630147342164,53,274.3589988030846,60.659663808116015,335.0186626112006,346.4
544,85,22,2.8376558741820324,5.105882352941176,9.107058823529414,13.246823529411762,39.758823529411764,18.88117647058823,2.9453672008960434,64.09411764705882,13.159337599603797,10.0,9.699999999999998,13.579999999999997,41.5,8.86990851706446,74,0.2584394467255161,1.0,8.600000000000001,12.919999999999991,38.0,0.36012733607061936,53,241.20074930547275,64.79807841971295,305.9988277251857,274.59999999999997
545,84,12,2.9684152486218087,5.095238095238095,9.107142857142861,13.242857142857142,39.75595238095238,19.30714285714285,2.4785407170236993,64.19047619047619,12.721872478966993,10.0,9.699999999999998,13.579999999999997,41.5,8.583070014967099,74,0.2584394467255161,1.0,8.600000000000001,12.919999999999991,38.0,0.5027911536519891,53,249.34688088423192,29.742488604284393,279.0893694885163,110.0
546,80,13,2.8684779163638634,5.175,9.105000000000006,13.243249999999994,39.7375,17.788749999999997,2.4860469933275917,63.9625,12.721872478966993,10.0,9.699999999999998,13.579999999999997,41.5,6.6766887773655945,75,0.29563529468432914,1.0,8.600000000000001,12.919999999999991,38.0,0.38526745237816673,53,229.47823330910907,32.318610913258695,261.7968442223678,138.1
547,77,11,2.7354253698891946,5.298701298701299,9.115584415584419,13.241038961038953,39.73376623376623,19.025974025974023,3.064701929918401,63.74025974025974,7.8122346547599895,10.0,9.699999999999998,13.519999999999996,41.5,7.315267647950458,75,0.29563529468432914,1.0,8.600000000000001,12.919999999999991,38.0,0.027533995249154675,53,210.62775348146798,33.71172122910241,244.33947471057039,198.5
548,65,17,2.664002993080835,5.246153846153846,9.104615384615386,13.239384615384608,39.715384615384615,18.826153846153844,3.6615523895572304,64.38461538461539,7.8122346547599895,10.0,9.699999999999998,13.519999999999996,41.5,6.360936239483497,75,0.29563529468432914,1.0,8.600000000000001,12.919999999999991,38.0,0.8830714063102097,54,173.16019455025426,62.246390622472916,235.40658517272718,211.7
549,58,18,2.929096275105319,5.241379310344827,9.1051724137931,13.241724137931028,39.68103448275862,18.879310344827594,2.7019961005726914,64.53448275862068,11.625136078266475,10.0,9.699999999999998,13.519999999999996,41.5,5.360936239483497,75,0.29563529468432914,1.0,8.600000000000001,12.919999999999991,38.0,0.43724507694694725,54,169.8875839561085,48.63592981030845,218.52351376641695,119.1
550,57,16,2.841606597405674,5.245614035087719,9.096491228070171,13.230526315789463,39.69298245614035,18.63684210526316,2.165318367662023,64.9298245614035,7.7545751567368715,10.0,9.699999999999998,13.519999999999996,41.5,7.8122346547599895,75,0.29563529468432914,1.0,8.600000000000001,12.85999999999999,38.0,0.17241647065436272,54,161.97157605212342,34.64509388259237,196.6166699347158,37.0
551,56,10,2.8891982650869505,5.285714285714286,9.101785714285713,13.22642857142856,39.61607142857143,18.957142857142856,3.094292514152107,64.75,10.32046044076943,10.0,9.699999999999998,13.519999999999996,41.5,11.0,75,0.29563529468432914,1.0,8.600000000000001,12.85999999999999,38.0,0.4067515573804129,54,161.79510284486923,30.94292514152107,192.7380279863903,37.39999999999999
552,53,11,2.7587972883680463,5.2075471698113205,9.103773584905658,13.222264150943385,39.679245283018865,20.020754716981134,5.691676701465119,65.05660377358491,7.854292782717657,10.0,9.699999999999998,13.519999999999996,41.5,28.0,75,0.29563529468432914,1.0,8.600000000000001,12.85999999999999,38.0,0.10883006938442996,54,146.21625628350645,62.608443716116305,208.82469999962277,127.6
553,51,9,2.7841558322170368,5.372549019607843,9.101960784313723,13.216470588235282,39.63725490196079,20.6921568627451,8.146067279918514,65.37254901960785,9.907570169376527,10.0,9.699999999999998,13.519999999999996,41.5,27.0,75,0.29563529468432914,1.0,8.600000000000001,12.85999999999999,38.0,0.5665736816473931,55,141.99194744306888,73.31460551926662,215.3065529623355,83.19999999999999
554,45,14,2.5549288342341616,5.222222222222222,9.095555555555553,13.218666666666651,39.666666666666664,20.61777777777778,11.602263632753786,65.26666666666667,10.496117510206094,9.0,9.699999999999998,13.519999999999996,41.5,72.0,75,0.29563529468432914,1.0,8.600000000000001,12.85999999999999,38.0,0.8414552404410505,55,114.97179754053727,162.431690858553,277.4034883990903,129.1
555,42,14,2.844550679296304,4.976190476190476,9.069047619047618,13.219999999999986,39.67857142857143,22.204761904761906,11.07792175915746,65.83333333333333,11.813854188943147,9.0,9.499999999999998,13.519999999999996,41.5,71.0,75,0.29563529468432914,1.0,8.600000000000001,12.85999999999999,38.0,0.6773240233632736,56,119.47112853044477,155.09090462820444,274.56203315864923,93.6
556,39,14,2.7586175936189345,4.923076923076923,9.051282051282048,13.218461538461524,39.62820512820513,20.994871794871795,10.642475926201106,66.07692307692308,11.652241195379595,9.0,9.399999999999999,13.519999999999996,41.5,70.0,75,0.29563529468432914,1.0,8.600000000000001,12.85999999999999,38.0,0.12464709092077397,56,107.58608615113845,148.9946629668155,256.5807491179539,120.99999999999999
557,40,13,2.47096714304257,4.925,9.052499999999998,13.227499999999983,39.6375,21.595,12.95766690005388,65.875,6.579668799801898,9.0,9.399999999999999,13.519999999999996,41.5,69.0,75,0.29563529468432914,1.0,8.600000000000001,13.039999999999992,38.0,0.21639815065372314,56,98.8386857217028,168.44966970070044,267.28835542240324,54.1
558,38,11,2.6155296096978082,4.947368421052632,9.036842105263156,13.234210526315774,39.776315789473685,21.773684210526316,18.145223770753724,65.71052631578948,9.172759993773663,9.0,9.399999999999999,13.519999999999996,41.5,68.0,75,0.29563529468432914,1.0,8.600000000000001,13.039999999999992,38.0,1.3001170092974748,56,99.39012516851672,199.59746147829097,298.9875866468077,53.7
559,38,11,2.7192613101663223,5.105263157894737,9.060526315789472,13.229473684210511,39.88157894736842,21.757894736842104,22.635601965205556,65.63157894736842,13.90235321808825,9.0,9.399999999999999,13.519999999999996,41.5,68.0,76,0.29563529468432914,1.0,8.600000000000001,12.979999999999992,38.0,0.5912705893686583,56,103.33192978632025,248.9916216172611,352.32355140358135,44.2
560,35,12,2.9795169547929388,5.0,9.062857142857142,13.2302857142857,39.91428571428571,22.668571428571433,21.037432283038317,65.94285714285714,26.579668799801897,9.0,9.399999999999999,13.519999999999996,41.5,67.0,76,0.29563529468432914,1.0,8.600000000000001,12.979999999999992,38.0,0.10023401859494951,57,104.28309341775285,252.44918739645982,356.7322808142127,81.8
561,32,14,3.303338625970617,5.34375,9.090624999999998,13.218124999999986,39.734375,20.834374999999998,16.734306683186247,64.9375,16.405760813668614,9.0,9.399999999999999,13.519999999999996,41.5,66.0,76,0.29563529468432914,1.0,8.600000000000001,12.979999999999992,38.0,0.5168788934510322,57,105.70683603105974,234.28029356460746,339.98712959566717,17.400000000000002
562,34,12,2.8145166667326036,5.588235294117647,9.108823529411765,13.212941176470576,39.661764705882355,19.238235294117644,19.077652420476564,64.3529411764706,8.202880406834307,9.0,9.399999999999999,13.519999999999996,41.5,65.0,76,0.29563529468432914,1.0,8.600000000000001,12.979999999999992,38.0,0.33485090602284995,57,95.69356666890852,228.93182904571876,324.6253957146273,0.0
563,34,10,2.8363310928963057,5.588235294117647,9.108823529411765,13.212941176470578,39.661764705882355,20.4235294117647,22.192714639135882,64.3529411764706,8.202880406834307,9.0,9.399999999999999,13.519999999999996,41.5,64.0,76,0.29563529468432914,1.0,8.600000000000001,12.979999999999992,38.0,0.9271463913588285,57,96.4352571584744,221.92714639135883,318.36240354983323,9.299999999999999
564,34,9,3.453978151719835,5.588235294117647,9.108823529411765,13.212941176470578,39.661764705882355,22.50882352941176,26.444444444444443,64.3529411764706,26.354314520571293,9.0,9.399999999999999,13.519999999999996,41.5,63.0,76,0.29563529468432914,1.0,8.600000000000001,12.979999999999992,38.0,2.0,57,117.4352571584744,238.0,355.4352571584744,36.9
565,32,12,4.966703268744355,5.5625,9.103125,13.210624999999986,39.6875,21.849999999999998,22.076014494042685,64.34375,64.32245859997523,9.0,9.399999999999999,13.519999999999996,41.5,84.0,76,0.29563529468432914,1.0,8.600000000000001,12.979999999999992,38.0,1.0,57,158.93450459981935,264.91217392851223,423.8466785283316,36.9
566,34,11,4.278525542001248,5.588235294117647,9.108823529411765,13.221764705882341,39.64705882352941,20.270588235294117,25.032251043426207,63.911764705882355,32.16122929998762,9.0,9.399999999999999,13.519999999999996,41.5,83.0,76,0.29563529468432914,1.0,8.600000000000001,12.979999999999992,38.0,1.0546444683907703,57,145.46986842804242,275.35476147768827,420.8246299057307,0.0
567,35,13,3.520408662129921,5.457142857142857,9.122857142857141,13.237142857142844,39.52857142857143,18.162857142857145,22.21830090107334,64.34285714285714,16.08061464999381,9.0,9.399999999999999,13.519999999999996,41.5,82.0,76,0.29563529468432914,1.0,8.600000000000001,12.979999999999992,37.5,1.0,58,123.21430317454723,288.8379117139534,412.05221488850066,45.99999999999999
568,37,13,4.465062681967604,5.513513513513513,9.137837837837838,13.239459459459447,39.472972972972975,16.113513513513514,17.382962167549195,64.02702702702703,60.65035102789243,9.0,9.399999999999999,13.519999999999996,41.5,81.0,76,0.29563529468432914,1.0,8.600000000000001,12.979999999999992,37.5,0.7699171999504746,58,165.20731923280132,225.97850817813952,391.1858274109409,18.2
569,37,12,4.745618227327101,5.54054054054054,9.154054054054054,13.241081081081068,39.4054054054054,15.786486486486487,17.721280934305447,64.08108108108108,35.11253573434884,9.0,9.399999999999999,13.519999999999996,41.5,80.0,76,0.29563529468432914,1.0,8.600000000000001,12.979999999999992,37.5,0.6506134793936973,58,175.58787441110272,212.65537121166537,388.2432456227681,37.0
570,38,10,4.1745470389721815,5.473684210526316,9.152631578947366,13.243684210526302,39.39473684210526,15.631578947368421,24.28097699111144,64.76315789473684,17.55626786717442,9.0,9.399999999999999,13.519999999999996,41.5,79.0,77,0.29563529468432914,1.0,8.600000000000001,12.979999999999992,37.0,0.5685072312886605,58,158.6327874809429,242.80976991111442,401.4425573920573,55.2
571,39,12,3.5413357598036725,5.256410256410256,9.153846153846152,13.249230769230758,39.43589743589744,13.846153846153847,21.291032055780843,66.05128205128206,8.77813393358721,9.0,9.399999999999999,13.519999999999996,42.0,78.0,78,0.29563529468432914,1.0,8.600000000000001,12.979999999999992,37.0,1.1296187443979617,58,138.11209463234323,255.4923846693701,393.60447930171335,55.2
572,43,9,3.511104107042428,5.093023255813954,9.169767441860465,13.243720930232545,39.54651162790697,13.962790697674421,34.48251247360819,67.0,14.51945376841777,9.0,9.499999999999998,13.519999999999996,42.0,86.0,78,0.29563529468432914,1.0,8.600000000000001,12.979999999999992,37.0,2.322458599975237,58,150.9774766028244,310.3426122624737,461.3200888652981,27.4
573,43,10,5.278806720768605,4.930232558139535,9.16279069767442,13.252093023255801,39.72093023255814,14.665116279069766,23.7055636317596,67.79069767441861,80.44812421360143,9.0,9.499999999999998,13.519999999999996,42.0,85.0,78,0.29563529468432914,1.0,8.600000000000001,12.979999999999992,37.0,2.020153662498452,58,226.98868899305,237.055636317596,464.044325310646,128.4
574,46,11,4.331355082883865,4.869565217391305,9.158695652173913,13.243478260869553,39.78260869565217,15.036956521739132,27.732610638549055,67.93478260869566,40.224062106800716,9.0,9.499999999999998,13.519999999999996,42.0,84.0,78,0.29563529468432914,1.0,8.600000000000001,12.919999999999991,37.0,1.0201536624984522,58,199.2423338126578,305.0587170240396,504.3010508366974,73.3
575,47,11,3.861831348422035,4.74468085106383,9.14468085106383,13.24042553191488,39.787234042553195,14.936170212765957,34.451155302547505,68.31914893617021,40.224062106800716,9.0,9.499999999999998,13.519999999999996,42.0,83.0,78,0.29563529468432914,1.0,8.600000000000001,12.919999999999991,37.0,4.020153662498452,58,181.50607337583563,378.9627083280226,560.4687817038582,55.3
576,45,15,3.4819830549010202,4.555555555555555,9.12888888888889,13.243999999999987,39.75555555555555,15.213333333333331,27.21670238093915,69.06666666666666,32.50294469196128,8.0,9.499999999999998,13.519999999999996,42.0,82.0,78,0.29563529468432914,1.0,8.600000000000001,12.919999999999991,37.0,0.7077815073671082,59,156.68923747054592,408.2505357140873,564.9397731846332,111.99999999999999
577,47,15,3.974925424451723,4.48936170212766,9.12127659574468,13.240425531914886,39.765957446808514,15.376595744680847,28.893088190723606,69.08510638297872,42.85392554890516,8.0,9.599999999999998,13.519999999999996,42.0,81.0,78,0.29563529468432914,1.0,8.600000000000001,12.919999999999991,37.0,2.423958282863353,59,186.82149494923098,433.39632286085407,620.2178178100851,83.6
578,48,14,4.617188421055332,4.6875,9.133333333333335,13.23999999999999,39.708333333333336,15.93125,40.507950937641006,68.89583333333333,42.85392554890516,8.0,9.599999999999998,13.519999999999996,42.0,98.0,79,0.3720859861681379,1.0,8.600000000000001,12.919999999999991,37.0,0.29563529468432914,59,221.62504421065591,567.1113131269741,788.73635733763,90.7
579,49,17,3.8455919064205752,4.551020408163265,9.114285714285714,13.254285714285704,39.724489795918366,14.96734693877551,37.09445723490886,69.42857142857143,42.85392554890516,8.0,9.599999999999998,13.519999999999996,42.0,97.0,79,0.3720859861681379,1.0,8.600000000000001,12.919999999999991,37.0,0.423958282863353,59,188.43400341460818,630.6057729934506,819.0397764080587,55.199999999999996
580,52,16,3.336412334050854,4.480769230769231,9.094230769230771,13.261538461538454,39.83653846153846,13.792307692307693,43.84960460259946,69.8076923076923,21.42696277445258,8.0,9.599999999999998,13.519999999999996,42.0,96.0,79,0.3720859861681379,1.0,8.600000000000001,12.919999999999991,37.0,4.030230493747679,59,173.4934413706444,701.5936736415914,875.0871150122358,27.4
581,56,18,2.940120914241588,4.392857142857143,9.064285714285715,13.264999999999992,39.86607142857143,13.698214285714286,45.84814597751319,70.05357142857143,21.42696277445258,8.0,9.599999999999998,13.519999999999996,42.0,95.0,79,0.3720859861681379,1.0,8.500000000000002,12.919999999999991,37.0,3.0302304937476787,59,164.64677119752892,825.2666275952374,989.9133987927663,46.8
582,52,21,3.4394997478209177,4.3076923076923075,9.059615384615388,13.262692307692298,39.89423076923077,14.196153846153846,43.949830826926004,70.32692307692308,48.11296454063233,8.0,9.599999999999998,13.519999999999996,42.0,94.0,79,0.3720859861681379,1.0,8.500000000000002,12.919999999999991,37.0,1.9117861643839265,59,178.85398688668772,922.9464473654461,1101.800434252134,135.0
583,53,18,3.827272469707642,4.30188679245283,9.056603773584907,13.264150943396215,39.91509433962264,15.739622641509433,52.05148623458171,70.39622641509433,25.783703468065724,8.0,9.599999999999998,13.519999999999996,42.0,93.0,79,0.3720859861681379,1.0,8.500000000000002,12.919999999999991,37.0,5.0,59,202.84544089450503,936.9267522224708,1139.7721931169758,46.0
584,52,20,5.736242432739493,4.3076923076923075,9.051923076923078,13.27076923076922,39.97115384615385,17.390384615384615,43.98675500800671,70.38461538461539,60.03143404324758,8.0,9.499999999999998,13.519999999999996,42.0,92.0,79,0.3720859861681379,1.0,8.500000000000002,13.099999999999993,37.0,0.8604299308406896,59,298.28460650245364,879.7351001601343,1178.0197066625879,171.6
585,54,19,6.58864612658237,4.37037037037037,9.025925925925927,13.273333333333328,39.98148148148148,18.125925925925927,48.06210087248763,70.66666666666667,55.0972667416984,8.0,9.499999999999998,13.519999999999996,42.0,99.0,79,0.3720859861681379,1.0,8.500000000000002,13.039999999999992,37.0,1.3022942177543793,59,355.786890835448,913.1799165772651,1268.966807412713,160.0
586,58,22,5.782810289496447,4.396551724137931,9.051724137931032,13.267586206896548,39.86206896551724,14.599999999999998,39.10007775378707,70.89655172413794,42.0972667416984,8.0,9.599999999999998,13.519999999999996,42.5,98.0,79,0.3720859861681379,1.0,8.500000000000002,12.979999999999992,37.0,0.30229421775437926,59,335.4029967907939,860.2017105833155,1195.6047073741095,153.2
587,67,20,6.637659271284707,4.462686567164179,9.047761194029851,13.2665671641791,39.798507462686565,12.764179104477613,37.04130438719244,71.07462686567165,92.01412056757904,8.0,9.599999999999998,13.519999999999996,42.5,97.0,80,0.3720859861681379,1.0,8.500000000000002,12.979999999999992,36.5,1.0,59,444.72317117607537,740.8260877438488,1185.5492589199241,127.1
588,72,25,4.706544485689223,4.180555555555555,9.055555555555552,13.264999999999993,40.104166666666664,10.980555555555554,30.55682595214486,71.98611111111111,46.00706028378952,9.0,9.699999999999998,13.459999999999996,43.0,96.0,81,0.3720859861681379,1.0,8.500000000000002,12.979999999999992,36.5,0.09726674169840122,59,338.87120296962405,763.9206488036215,1102.7918517732455,287.7
589,84,21,4.536460536800972,4.261904761904762,9.064285714285713,13.259285714285703,40.107142857142854,11.297619047619046,35.42736755383156,72.17857142857143,62.2621583427123,9.0,9.699999999999998,13.459999999999996,43.0,95.0,81,0.3720859861681379,1.0,8.500000000000002,12.979999999999992,36.5,0.08697542026742422,59,381.06268509128165,743.9747186304628,1125.0374037217443,152.4
590,78,28,3.5954781928593857,3.8974358974358974,9.056410256410256,13.261538461538454,40.42307692307692,10.566666666666665,32.83076863863566,73.33333333333333,31.13107917135615,9.0,9.699999999999998,13.459999999999996,43.0,96.0,81,0.32888489641951874,1.0,8.500000000000002,12.979999999999992,37.0,0.3388936218970069,60,280.4472990430321,919.2615218817986,1199.7088209248307,461.8
591,76,33,3.366811221749137,3.8026315789473686,9.044736842105262,13.26184210526315,40.48684210526316,11.684210526315788,31.12876424785411,73.92105263157895,16.49456300279519,9.0,9.699999999999998,13.459999999999996,43.0,95.0,81,0.32888489641951874,1.0,8.500000000000002,12.979999999999992,37.0,0.3720859861681379,60,255.87765285293443,1027.2492201791856,1283.12687303212,367.29999999999995
592,77,31,4.478789800733783,3.831168831168831,9.01688311688312,13.262857142857134,40.40909090909091,12.767532467532469,33.48965816081948,73.7012987012987,66.75392925540595,9.0,9.699999999999998,13.459999999999996,43.0,94.0,81,0.32888489641951874,1.0,8.500000000000002,12.979999999999992,37.0,0.846789585678075,60,344.86681465650133,1038.1794029854038,1383.046217641905,274.2
593,79,30,4.272643032735486,4.025316455696203,9.037974683544302,13.258734177215176,40.34177215189873,13.525316455696203,37.43303977279676,73.27848101265823,60.51071828763851,10.0,9.699999999999998,13.459999999999996,43.0,93.0,81,0.4920053741355086,1.0,8.500000000000002,12.979999999999992,37.0,0.4302149654203448,60,337.5387995861034,1122.9911931839029,1460.5299927700062,267.3
594,77,33,4.2813220325932,4.259740259740259,9.028571428571428,13.253506493506483,40.324675324675326,13.490909090909094,40.16775103230641,73.12987012987013,60.51071828763851,11.0,9.699999999999998,13.459999999999996,43.0,96.0,81,0.4920053741355086,1.0,8.500000000000002,12.979999999999992,37.0,0.06286808649516029,60,329.66179650967644,1325.5357840661115,1655.197580575788,188.4
595,78,28,5.7535815748726895,4.461538461538462,9.021794871794867,13.249999999999995,40.19230769230769,13.584615384615384,40.84265394981394,72.7948717948718,88.34424115692575,11.0,9.699999999999998,13.459999999999996,43.0,95.0,81,0.5486333708492006,1.0,8.500000000000002,12.919999999999991,37.0,0.4920053741355086,60,448.7793628400698,1143.5943105947904,1592.3736734348602,181.6
596,76,29,7.563506346845492,4.842105263157895,9.022368421052633,13.242105263157889,40.11842105263158,13.151315789473683,32.33372103787721,72.47368421052632,89.65995076754436,11.0,9.699999999999998,13.459999999999996,43.0,94.0,82,0.6577697928390375,1.0,8.500000000000002,12.85999999999999,37.0,0.5486333708492006,60,574.8264823602574,937.677910098439,1512.5043924586964,290.2
597,86,27,5.62263572478806,4.906976744186046,9.027906976744186,13.23883720930232,40.13953488372093,11.88139534883721,38.4915501332225,72.75581395348837,44.82997538377218,11.0,9.799999999999997,13.459999999999996,43.0,93.0,82,0.4864231120524398,1.0,8.400000000000002,12.85999999999999,37.0,0.4377206338684225,60,483.5466723317731,1039.2718535970075,1522.8185259287807,107.2
598,103,22,5.338731286734542,4.922330097087379,9.033009708737861,13.235728155339803,40.20388349514563,10.96019417475728,49.14267997382183,73.04854368932038,57.98401074827102,11.0,9.899999999999997,13.459999999999996,43.0,95.0,82,0.2629194341432988,1.0,8.400000000000002,12.85999999999999,37.0,0.8283856385264221,60,549.8893225336578,1081.1389594240802,1631.028281957738,128.89999999999998
599,115,22,5.7528534156603595,5.043478260869565,9.013043478260867,13.245565217391299,40.15652173913043,11.351304347826083,43.92714959349504,72.64347826086957,63.376964627702975,11.0,9.899999999999997,13.459999999999996,43.0,94.0,82,0.2629194341432988,1.0,8.400000000000002,12.85999999999999,37.0,0.8017311205243984,60,661.5781428009414,966.3972910568908,1627.9754338578323,313.49999999999994
600,125,22,5.757361392136885,5.104,8.992799999999999,13.255040000000005,40.192,11.4088,36.892937213057785,72.776,88.61400505825453,11.0,9.899999999999997,13.459999999999996,43.0,93.0,82,0.2629194341432988,1.0,8.400000000000002,12.85999999999999,37.0,2.219260363554092,60,719.6701740171106,811.6446186872712,1531.314792704382,299.09999999999997
601,127,28,5.550451569234032,5.283464566929134,8.96850393700787,13.250236220472441,40.169291338582674,10.950393700787401,25.980978520520484,72.77165354330708,94.28025067176694,11.0,9.899999999999997,13.459999999999996,43.0,89.0,82,0.2629194341432988,1.0,8.400000000000002,12.85999999999999,36.5,1.0516777365731953,60,704.9073492927221,727.4673985745735,1432.3747478672956,395.1
602,137,22,5.129179487661334,5.357664233576642,8.963503649635035,13.25197080291971,40.12408759124087,12.632846715328458,33.5055566965902,72.95620437956204,67.89847970001084,11.0,9.899999999999997,13.459999999999996,43.0,90.0,82,0.4864231120524398,1.0,8.400000000000002,12.85999999999999,36.0,0.0516777365731953,61,702.6975898096027,737.1222473249843,1439.819837134587,325.20000000000005
603,145,22,4.983779436121723,5.406896551724138,8.978620689655173,13.258068965517248,40.1,13.673103448275862,28.38276238921584,73.01379310344828,79.5258388682866,11.0,9.999999999999996,13.459999999999996,43.0,89.0,83,0.44729574600414035,1.0,8.400000000000002,12.85999999999999,36.0,0.4864231120524398,61,722.6480182376498,624.4207725627485,1347.0687908003983,494.70000000000005
604,147,23,4.50929510420492,5.469387755102041,8.988435374149658,13.257551020408163,40.13265306122449,14.6517006802721,30.911509803336582,73.19727891156462,39.7629194341433,11.0,9.999999999999996,13.519999999999996,43.0,88.0,83,0.44729574600414035,1.0,8.400000000000002,12.85999999999999,36.0,1.5453127232194124,61,662.8663803181232,710.9647254767414,1373.8311057948645,482.7
605,143,26,5.473660862717127,5.699300699300699,8.99230769230769,13.261118881118882,40.02447552447553,15.720279720279724,22.545537244653797,72.62237762237763,81.04531272321941,11.0,9.999999999999996,13.519999999999996,43.0,87.0,83,0.44729574600414035,1.0,8.400000000000002,12.85999999999999,36.0,0.8945914920082807,61,782.7335033685491,586.1839683609987,1368.9174717295477,486.1
606,136,32,5.124595398854691,5.485294117647059,9.024999999999997,13.266764705882352,40.1139705882353,15.579411764705883,21.832073249806694,72.94117647058823,55.53837531614091,11.0,9.999999999999996,13.519999999999996,43.5,86.0,84,0.44729574600414035,1.0,8.400000000000002,12.85999999999999,36.0,0.3657708369932009,61,696.944974244238,698.6263439938142,1395.5713182380523,465.7
607,146,30,5.099707408313005,5.287671232876712,9.034931506849308,13.27054794520548,40.26027397260274,14.43561643835616,26.932825267379375,73.3082191780822,55.784317825385365,11.0,9.999999999999996,13.519999999999996,43.5,89.0,84,0.4295053741355086,1.0,8.400000000000002,12.85999999999999,36.0,0.621295616158489,61,744.5572816136987,807.9847580213813,1552.54203963508,189.6
608,163,30,4.110647610764814,5.226993865030675,9.013496932515334,13.275950920245393,40.193251533742334,13.238036809815949,28.77480336598075,73.00613496932516,27.892158912692683,11.0,9.999999999999996,13.519999999999996,43.5,88.0,84,0.4295053741355086,1.0,8.300000000000002,12.85999999999999,36.0,0.2425912323169781,61,670.0355605546647,863.2441009794225,1533.2796615340872,261.8
609,170,27,4.308681716701105,5.2176470588235295,9.012352941176468,13.273999999999997,40.16470588235294,13.671764705882357,34.22750522911431,72.84705882352941,86.9315684615134,12.0,9.999999999999996,13.519999999999996,43.5,99.0,84,0.4295053741355086,1.0,8.300000000000002,12.85999999999999,36.0,0.2425912323169781,61,732.4758918391877,924.1426411860863,1656.618533025274,411.8
610,168,31,4.073218528910793,5.25,9.031547619047618,13.277142857142858,40.13988095238095,14.307142857142862,28.940262456271135,72.56547619047619,43.4657842307567,12.0,9.999999999999996,13.519999999999996,43.5,98.0,84,0.4295053741355086,1.0,8.300000000000002,12.919999999999991,36.0,0.3106478080792445,61,684.3007128570133,897.1481361444052,1581.4488490014185,530.8000000000001
611,166,34,4.711690250600514,5.283132530120482,9.034337349397589,13.27710843373494,40.13855421686747,14.070481927710848,26.326951686286037,72.42168674698796,89.24365498125067,12.0,9.999999999999996,13.519999999999996,43.5,97.0,84,0.4295053741355086,1.0,8.300000000000002,12.919999999999991,36.0,0.621295616158489,61,782.1405815996852,895.1163573337252,1677.2569389334103,454.0
612,170,28,5.00125241215086,5.2823529411764705,9.034705882352942,13.285647058823532,40.194117647058825,14.63764705882353,25.489758862711746,72.48823529411764,81.4711484572588,12.0,9.999999999999996,13.519999999999996,43.5,96.0,84,0.3106478080792445,1.0,8.300000000000002,12.919999999999991,36.0,0.2570282401927342,62,850.2129100656462,713.7132481559289,1563.926158221575,453.5
613,181,27,4.39825536279596,5.138121546961326,9.053038674033143,13.295580110497237,40.18508287292818,14.470718232044195,23.900960605218707,72.48066298342542,86.24144605768917,12.0,9.999999999999996,13.579999999999997,43.5,95.0,84,0.3106478080792445,1.0,8.300000000000002,12.919999999999991,36.0,0.9220174805786597,62,796.0842206660689,645.3259363409051,1441.4101570069738,539.7
614,185,33,3.7905047045609903,4.897297297297297,9.074054054054049,13.308216216216222,40.31351351351351,12.678378378378376,19.852296698123492,72.5081081081081,86.24144605768917,12.0,9.999999999999996,13.579999999999997,43.5,94.0,84,0.3106478080792445,1.0,8.300000000000002,12.919999999999991,36.0,0.23760680644574572,62,701.2433703437832,655.1257910380752,1356.3691613818585,385.40000000000003
615,191,30,4.2035840219259795,4.832460732984293,9.07801047120419,13.315497382198947,40.34293193717277,12.357068062827222,16.209651684356974,72.40837696335079,86.24144605768917,12.0,9.999999999999996,13.579999999999997,43.5,93.0,85,0.3106478080792445,1.0,8.300000000000002,12.919999999999991,36.0,0.25186989627982476,62,802.884548187862,486.28955053070916,1289.1740987185713,355.4
616,193,22,4.469926286997883,4.818652849740933,9.064248704663209,13.31139896373057,40.32124352331606,13.323316062176168,15.619906178466486,72.63730569948187,100.45877330464604,12.0,9.999999999999996,13.579999999999997,43.5,86.24144605768917,85,0.25186989627982476,1.0,8.300000000000002,12.919999999999991,36.0,0.5226563616097062,62,862.6957733905915,343.6379359262627,1206.3337093168543,480.79999999999995
617,195,18,4.650604007530439,4.835897435897436,9.064615384615383,13.307692307692312,40.243589743589745,14.097435897435895,10.345102517380658,72.45128205128205,89.8111950421814,12.0,9.999999999999996,13.579999999999997,43.5,73.0,85,0.3106478080792445,1.0,8.300000000000002,12.919999999999991,36.0,0.7760971374683155,62,906.8677814684356,186.21184531285184,1093.0796267812875,517.3
618,197,25,4.378291566662831,4.9238578680203045,9.039086294416244,13.313807106598988,40.055837563451774,14.068020304568526,4.3403421951986525,71.91878172588832,74.31317609908238,12.0,9.999999999999996,13.579999999999997,43.5,50.0,85,0.5037397925596495,1.0,8.300000000000002,12.919999999999991,36.0,0.04327034127276175,62,862.5234386325777,108.50855487996631,971.031993512544,683.1
619,208,19,3.7898733859289853,4.9326923076923075,9.03846153846154,13.31375000000001,40.04086538461539,13.837019230769233,3.7691983300633503,71.88461538461539,49.62129561615849,12.0,9.999999999999996,13.579999999999997,43.5,9.459559592259756,85,0.5037397925596495,1.0,8.300000000000002,12.919999999999991,36.0,0.5037397925596495,62,788.293664273229,71.61476827120366,859.9084325444326,492.6
620,197,29,3.5655146838163123,4.918781725888325,9.047715736040606,13.318680203045682,39.994923857868024,13.519796954314723,3.3319362515530138,71.67005076142132,24.810647808079246,12.0,9.999999999999996,13.579999999999997,43.0,11.101470551978391,84,0.5037397925596495,1.0,8.300000000000002,12.919999999999991,36.0,0.3705940858834693,62,702.4063927118135,96.6261512950374,799.0325440068509,599.3000000000001
621,192,23,3.523228043678689,4.947916666666667,9.07135416666666,13.3190625,39.955729166666664,15.138541666666669,2.863290046967923,71.375,19.627694053035473,12.0,9.999999999999996,13.579999999999997,43.5,10.101470551978391,85,0.5037397925596495,1.0,8.300000000000002,12.919999999999991,36.0,0.05360074056905506,62,676.4597843863083,65.85567108026223,742.3154554665706,833.0
622,180,26,3.172746366626641,4.783333333333333,9.082777777777771,13.321666666666669,40.044444444444444,16.443888888888885,5.249981034773155,71.90555555555555,20.841111072703885,12.0,10.099999999999996,13.579999999999997,44.0,19.627694053035473,86,0.5037397925596495,1.0,8.300000000000002,12.979999999999992,36.0,0.5459733892893377,62,571.0943459927954,136.49950690410202,707.5938528968975,819.6999999999999
623,167,34,3.1089295261447316,4.748502994011976,9.101796407185626,13.320239520958085,39.98203592814371,17.270059880239522,4.400755977335907,71.82035928143712,20.841111072703885,12.0,10.099999999999996,13.579999999999997,44.0,18.627694053035473,86,0.5037397925596495,1.0,8.300000000000002,12.979999999999992,36.0,0.36177585843921545,62,519.1912308661701,149.62570322942082,668.816934095591,806.1
624,153,31,3.2479579275421098,4.771241830065359,9.106535947712414,13.319607843137254,39.92156862745098,17.401307189542482,4.210171837878826,71.70588235294117,20.841111072703885,12.0,10.099999999999996,13.579999999999997,44.0,17.627694053035473,86,0.3876663720012382,1.0,8.300000000000002,12.979999999999992,36.5,0.024577344629277853,62,496.9375629139428,130.5153269742436,627.4528898881864,497.0
625,140,36,3.307062882118277,4.807142857142857,9.107142857142852,13.319428571428574,39.90714285714286,18.619999999999997,3.525219308389075,72.15,20.841111072703885,12.0,10.099999999999996,13.579999999999997,44.0,16.627694053035473,86,0.3876663720012382,1.0,8.300000000000002,12.979999999999992,36.0,0.05360074056905506,62,462.9888034965588,126.9078951020067,589.8966985985655,642.0999999999999
626,131,30,3.2840781150702383,5.00763358778626,9.129007633587783,13.314351145038167,39.83206106870229,19.394656488549614,3.9040589477443888,71.97709923664122,16.359199033870123,12.0,10.099999999999996,13.579999999999997,44.0,20.841111072703885,86,0.3876663720012382,1.0,8.300000000000002,12.979999999999992,36.0,0.16291695013404128,62,430.2142330742012,117.12176843233166,547.3360015065329,481.4
627,114,40,3.261480357974677,5.2631578947368425,9.134210526315789,13.305263157894732,39.95175438596491,19.200877192982453,3.2622979038780415,72.13157894736842,31.367227883089793,12.0,10.099999999999996,13.579999999999997,44.0,16.359199033870123,86,0.3876663720012382,1.0,8.300000000000002,12.979999999999992,36.0,0.13585431119877045,63,371.8087608091132,130.49191615512166,502.30067696423487,574.6999999999999
628,111,26,3.1627780992098744,5.306306306306307,9.156756756756753,13.306486486486481,39.945945945945944,18.91891891891892,3.738342237417614,71.85585585585585,15.683613941544897,13.0,10.099999999999996,13.579999999999997,44.0,15.359199033870123,86,0.5739731176993009,1.0,8.300000000000002,12.979999999999992,36.0,0.03912894581546977,63,351.06836901229605,97.19689817285796,448.265267185154,307.3
629,109,17,3.302783957396765,5.247706422018348,9.168807339449542,13.30697247706421,40.04128440366973,19.09908256880734,3.0533091208773757,72.30275229357798,18.040005672365282,13.0,10.099999999999996,13.579999999999997,44.0,6.321081217527261,86,0.4134185088366672,1.0,8.300000000000002,12.979999999999992,36.0,0.7166115144222935,63,360.00345135624735,51.906255054915384,411.90970641116274,353.3
630,97,21,3.1976081098496545,5.309278350515464,9.14639175257732,13.318969072164947,40.08762886597938,18.7360824742268,3.312753344575145,72.10309278350516,10.852311929731744,13.0,10.099999999999996,13.579999999999997,44.0,9.020002836182641,86,0.4134185088366672,1.0,8.300000000000002,12.979999999999992,36.0,0.6853615144222935,63,310.1679866554165,69.56782023607805,379.7358068914945,371.79999999999995
631,95,16,3.0709104548749995,5.347368421052631,9.146315789473686,13.320421052631572,40.026315789473685,19.070526315789465,3.597102876477796,71.84210526315789,10.852311929731744,13.0,10.099999999999996,13.579999999999997,44.0,8.020002836182641,86,0.4134185088366672,1.0,8.300000000000002,12.979999999999992,37.0,0.8259982320074293,63,291.73649321312496,57.55364602364474,349.2901392367697,255.39999999999998
632,92,15,3.129336461412963,5.25,9.153260869565216,13.315869565217385,40.08152173913044,19.41630434782608,2.6180061524551395,72.43478260869566,11.530004254273962,13.0,10.099999999999996,13.579999999999997,44.0,6.6391976335994345,86,0.4134185088366672,1.0,8.300000000000002,12.979999999999992,37.0,0.09394898883614156,63,287.8989544499926,39.270092286827094,327.16904673681967,245.89999999999998
633,80,19,2.98571799330336,5.3125,9.187499999999996,13.312999999999994,40.0875,19.2125,3.6695574238093984,73.0,11.227484357810887,13.0,10.099999999999996,13.579999999999997,44.0,7.841806970772448,86,0.4134185088366672,1.0,8.300000000000002,12.979999999999992,37.0,0.7061558096649057,64,238.85743946426882,69.72159105237857,308.5790305166474,291.0
634,77,17,3.051075851496291,5.12987012987013,9.179220779220778,13.31428571428571,40.188311688311686,21.0051948051948,3.079018434156188,73.54545454545455,17.694118900504193,13.0,10.099999999999996,13.579999999999997,44.0,6.324817619843936,86,0.5092519576153473,1.0,8.300000000000002,12.979999999999992,37.0,0.39949951695045494,64,234.9328405652144,52.3433133806552,287.2761539458696,238.79999999999998
635,73,17,2.930047747190129,5.273972602739726,9.178082191780817,13.317808219178074,40.23287671232877,19.434246575342463,2.7557566686448687,73.84931506849315,9.404199760736415,14.0,10.099999999999996,13.579999999999997,44.0,5.786546803406351,86,0.28700289070979457,1.0,8.300000000000002,12.979999999999992,37.0,0.5326660226006066,64,213.8934855448794,46.84786336696277,260.7413489118422,119.89999999999999
636,73,12,2.9619223044308782,5.219178082191781,9.173972602739726,13.31205479452054,40.14383561643836,18.87671232876712,1.7963377851122484,74.36986301369863,10.753407062695324,14.0,10.099999999999996,13.579999999999997,44.0,5.6214494964715485,86,0.28700289070979457,1.0,8.300000000000002,12.979999999999992,36.5,0.21035099642631438,64,216.22032822345412,21.55605342134698,237.7763816448011,73.5
637,75,10,2.582837445421815,5.04,9.213333333333331,13.299999999999992,40.153333333333336,18.696,2.437352485789318,74.82666666666667,9.404199760736415,14.0,10.199999999999996,13.579999999999997,44.0,6.278673331540378,87,0.28700289070979457,1.0,8.300000000000002,12.919999999999991,36.5,0.42070199285262877,64,193.71280840663613,24.373524857893177,218.08633326452932,155.2
638,68,14,2.7068507286820283,5.338235294117647,9.210294117647056,13.291470588235285,39.970588235294116,19.35147058823529,1.6620655274812097,74.42647058823529,9.404199760736415,14.0,10.199999999999996,13.519999999999996,44.0,5.278673331540378,87,0.28700289070979457,1.0,8.300000000000002,12.919999999999991,36.5,0.04289134818123541,64,184.06584955037792,23.268917384736937,207.33476693511486,211.39999999999998
639,57,16,2.2956961476282856,5.0,9.215789473684207,13.308421052631568,40.21052631578947,20.65614035087719,4.091207662145028,74.9298245614035,8.847059450252097,14.0,10.199999999999996,13.519999999999996,44.0,9.404199760736415,87,0.28700289070979457,1.0,8.300000000000002,12.919999999999991,36.5,0.2428855980956368,64,130.85468041481226,65.45932259432045,196.3140030091327,305.4
640,52,13,2.8805461596933877,5.115384615384615,9.253846153846151,13.30653846153845,40.32692307692308,20.55384615384615,2.390888257208919,74.9423076923077,13.252100528152695,14.0,10.199999999999996,13.519999999999996,44.0,6.420613268358165,87,0.28700289070979457,1.0,8.300000000000002,13.039999999999992,36.5,0.21867447751053604,65,149.78840030405615,31.081547343715947,180.8699476477721,107.1
641,49,9,2.9049910564237824,5.061224489795919,9.228571428571426,13.306938775510192,40.295918367346935,21.7734693877551,2.681291026318908,74.89795918367346,13.252100528152695,14.0,10.199999999999996,13.519999999999996,44.0,8.847059450252097,87,0.28700289070979457,1.0,8.300000000000002,13.039999999999992,36.5,0.7290579407308182,65,142.34456176476533,24.131619236870172,166.4761810016355,130.79999999999998
642,44,9,2.7433005517962585,4.704545454545454,9.199999999999998,13.322272727272717,40.375,23.00227272727273,4.059822494575361,75.47727272727273,9.7468313248384,14.0,10.199999999999996,13.579999999999997,44.0,13.252100528152695,87,0.28700289070979457,1.0,8.300000000000002,13.099999999999993,36.5,0.8471635366251211,65,120.70522427903538,36.53840245117825,157.24362673021363,184.2
643,37,12,2.868243964143626,4.675675675675675,9.221621621621619,13.3335135135135,40.28378378378378,23.400000000000002,3.319560724088726,75.29729729729729,14.692012933393611,14.0,9.899999999999997,13.579999999999997,44.0,8.060733388214999,86,0.28700289070979457,1.0,8.500000000000002,13.099999999999993,36.5,0.22925851395277208,65,106.12502667331415,39.83472868906471,145.95975536237887,183.89999999999998
644,34,9,2.9290537195869324,4.617647058823529,9.232352941176472,13.327647058823517,40.36764705882353,23.241176470588236,3.5073596140408725,75.70588235294117,9.135609844377463,14.0,9.899999999999997,13.579999999999997,44.0,8.636110122147223,86,0.28700289070979457,1.0,8.500000000000002,13.099999999999993,37.5,0.017036234769972847,65,99.5878264659557,31.566236526367852,131.15406299232356,72.0
645,31,10,2.6209212248078284,4.483870967741935,9.24516129032258,13.334193548387084,40.33870967741935,20.629032258064512,3.8985606575137917,75.29032258064517,7.485343132466994,14.0,9.899999999999997,13.579999999999997,44.0,8.055481382136417,86,0.28700289070979457,1.0,8.500000000000002,13.099999999999993,37.5,0.5502747243259147,65,81.24855796904268,38.985606575137915,120.2341645441806,55.49999999999999
646,33,7,2.6134069804770936,4.484848484848484,9.236363636363635,13.332727272727261,40.21212121212121,20.227272727272723,3.061167492920955,74.96969696969697,8.520773520973409,14.0,9.899999999999997,13.579999999999997,44.0,6.6361101221472225,86,0.28700289070979457,1.0,8.500000000000002,13.099999999999993,37.5,0.14794623539860186,65,86.24243035574409,21.428172450446684,107.67060280619077,0.0
647,32,7,2.4019244732632936,4.40625,9.24375,13.334374999999989,40.25,19.468749999999996,3.2510832420896594,75.0625,6.396991777185266,14.0,9.899999999999997,13.579999999999997,43.0,5.6361101221472225,87,0.28700289070979457,1.0,8.500000000000002,13.099999999999993,37.5,0.04588428574964354,65,76.8615831444254,22.757582694627615,99.61916583905301,63.4
648,29,6,2.531828992272893,4.344827586206897,9.282758620689656,13.342068965517232,40.3448275862069,18.772413793103443,3.1808573478779643,75.6896551724138,6.396991777185266,14.0,9.899999999999997,13.579999999999997,43.0,8.222971640290238,87,0.28700289070979457,1.0,8.500000000000002,13.099999999999993,37.5,0.5254085542119318,65,73.4230407759139,19.085144087267786,92.5081848631817,73.3
649,29,4,2.499280965401964,3.586206896551724,9.303448275862069,13.356551724137923,40.53448275862069,19.73103448275862,3.24970932290248,76.65517241379311,10.895974873638641,7.0,9.899999999999997,13.579999999999997,43.0,6.396991777185266,87,0.28700289070979457,1.0,8.500000000000002,13.099999999999993,37.5,0.0947987613930601,65,72.47914799665695,12.99883729160992,85.47798528826686,107.4
650,28,4,2.572053229379094,3.5714285714285716,9.292857142857143,13.367857142857133,40.42857142857143,21.092857142857138,2.239921898934602,76.57142857142857,10.895974873638641,7.0,9.899999999999997,13.579999999999997,43.0,3.8786350612872273,87,0.28700289070979457,1.0,8.500000000000002,13.159999999999993,37.5,0.5740057814195891,68,72.01749042261463,8.959687595738409,80.97717801835304,93.19999999999999
651,23,7,2.513436745901938,3.6956521739130435,9.291304347826086,13.379130434782603,40.19565217391305,20.965217391304346,2.7991610115984145,75.82608695652173,10.895974873638641,7.0,9.899999999999997,13.579999999999997,43.0,10.270407439604465,87,0.532548345060838,1.0,8.500000000000002,13.159999999999993,37.5,0.08351702790554416,68,57.80904515574458,19.5941270811889,77.40317223693347,100.8
652,22,5,2.864683519706546,3.727272727272727,9.272727272727273,13.383636363636361,39.95454545454545,21.095454545454547,6.543796100835746,75.0,11.707115270814064,7.0,9.799999999999997,13.579999999999997,43.0,25.0,87,0.532548345060838,1.0,8.500000000000002,13.159999999999993,37.5,0.3417279478733457,68,63.02303743354401,32.71898050417873,95.74201793772275,44.300000000000004
653,20,7,2.195172246261971,3.6,9.309999999999999,13.385,40.025,23.180000000000003,6.367152320986636,75.2,5.853557635407032,7.0,9.799999999999997,13.579999999999997,43.0,24.0,87,0.532548345060838,1.0,8.9,13.159999999999993,37.5,0.41987195781719233,68,43.90344492523942,44.57006624690646,88.47351117214588,119.5
654,19,8,2.100601462720801,3.6315789473684212,9.268421052631577,13.368421052631575,40.28947368421053,22.784210526315785,5.003860415740781,76.36842105263158,5.091189195831075,7.0,9.799999999999997,13.579999999999997,43.0,23.0,87,0.532548345060838,1.0,8.9,13.159999999999993,37.5,0.03743822808123198,68,39.91142779169522,40.03088332592625,79.94231111762147,75.1
655,19,4,2.494252238473679,3.526315789473684,9.236842105263156,13.37473684210526,40.5,21.594736842105263,12.705694889532834,77.26315789473684,10.19185224934958,7.0,9.799999999999997,13.579999999999997,43.0,26.0,87,0.532548345060838,1.0,8.8,13.159999999999993,37.5,0.538877097036973,68,47.3907925309999,50.82277955813134,98.21357208913125,0.0
656,16,8,1.907342813465056,2.9375,9.181249999999999,13.388749999999998,41.25,17.1625,15.871606033104637,80.5625,5.09592612467479,6.0,9.799999999999997,13.579999999999997,43.0,66.0,87,0.532548345060838,1.0,8.8,13.159999999999993,37.5,1.1947827638772583,69,30.517485015440897,126.9728482648371,157.49033328027798,83.3
657,18,9,1.5413424857164812,2.6666666666666665,9.166666666666666,13.399999999999997,41.361111111111114,15.316666666666666,16.421804982212013,80.55555555555556,6.0301610603359785,6.0,9.799999999999997,13.579999999999997,43.0,65.0,87,0.532548345060838,1.0,8.8,13.159999999999993,38.0,0.19478276387725835,69,27.74416474289666,147.79624483990813,175.54040958280478,36.0
658,19,5,4.896523831316622,2.6842105263157894,9.163157894736841,13.396842105263152,41.421052631578945,17.678947368421053,14.846247304345074,80.57894736842105,64.53254834506083,6.0,9.799999999999997,13.579999999999997,43.0,28.0,87,0.6363986494788844,1.0,8.8,13.159999999999993,38.0,0.07487645616246397,69,93.03395279501582,74.23123652172536,167.26518931674119,45.2
659,19,4,3.8961586691567125,2.473684210526316,9.189473684210524,13.409473684210521,41.68421052631579,19.689473684210526,18.257540265083996,81.36842105263158,32.266274172530416,6.0,9.799999999999997,13.579999999999997,43.0,27.0,88,0.6363986494788844,1.0,8.8,13.279999999999994,38.0,6.0301610603359785,69,74.02701471397754,73.03016106033598,147.05717577431352,63.1
660,20,5,3.093519408931656,2.3,9.26,13.414999999999997,41.75,16.19,13.607621382882149,82.0,16.133137086265208,6.0,9.799999999999997,13.579999999999997,43.0,26.0,89,0.6363986494788844,1.0,8.8,13.279999999999994,38.0,0.647938687855469,69,61.870388178633114,68.03810691441075,129.90849509304385,36.0
661,23,5,2.1963199263531745,2.217391304347826,9.330434782608695,13.413043478260864,41.65217391304348,12.347826086956522,12.713971781375928,82.52173913043478,8.066568543132604,6.0,9.799999999999997,13.579999999999997,43.0,25.0,89,0.5244139332853801,1.0,8.8,13.279999999999994,38.0,1.2739815311686975,69,50.51535830612301,63.56985890687964,114.08521721300265,44.6
662,28,5,2.4606312747595314,2.0357142857142856,9.342857142857142,13.399999999999993,41.785714285714285,9.464285714285714,8.313734934933741,83.17857142857143,25.065096690121678,6.0,9.799999999999997,13.579999999999997,43.0,19.0,90,0.39400891196904225,1.0,8.8,13.279999999999994,38.0,0.2958773757109381,69,68.89767569326688,41.568674674668706,110.46635036793558,9.699999999999998
663,32,6,1.8085081026658707,1.8125,9.406249999999998,13.388749999999991,41.921875,9.981249999999998,13.292482677289792,84.25,12.532548345060839,3.0,9.799999999999997,13.579999999999997,43.5,41.0,90,0.2520802669728939,1.0,8.8,13.279999999999994,38.0,0.2727972989577687,69,57.87225928530786,79.75489606373876,137.62715534904663,77.39999999999998
664,32,7,1.5889704884663716,1.84375,9.415624999999999,13.390624999999991,41.9375,11.875,10.936502360399176,84.3125,6.266274172530419,3.0,9.899999999999997,13.579999999999997,43.5,40.0,90,0.2520802669728939,1.0,8.8,13.279999999999994,38.0,0.4820987647809889,69,50.84705563092389,76.55551652279424,127.40257215371813,135.39999999999998
665,34,5,1.344447937168348,1.8823529411764706,9.441176470588234,13.39470588235293,42.044117647058826,11.444117647058823,14.627702889626985,84.6470588235294,6.266274172530419,3.0,9.899999999999997,13.579999999999997,44.0,39.0,90,0.2520802669728939,1.0,8.8,13.279999999999994,38.0,3.0,69,45.71122986372383,73.13851444813493,118.84974431185876,29.099999999999994
666,32,10,1.3932719231759385,1.90625,9.428125,13.394374999999991,42.03125,13.634374999999997,11.9115079566554,84.53125,15.504160533945788,3.0,9.899999999999997,13.579999999999997,44.0,51.0,90,0.2520802669728939,1.0,8.8,13.279999999999994,38.0,0.2520802669728939,69,44.58470154163003,119.115079566554,163.69978110818403,154.89999999999998
667,33,4,3.1266672294527735,1.9393939393939394,9.436363636363636,13.392727272727262,42.04545454545455,15.239393939393937,16.5,84.72727272727273,50.788017823938084,3.0,9.899999999999997,13.579999999999997,44.0,37.0,91,0.2520802669728939,1.0,8.8,13.279999999999994,38.0,1.0,69,103.18001857194153,66.0,169.18001857194153,38.599999999999994
668,38,5,3.0853575616234923,1.9210526315789473,9.486842105263156,13.392105263157884,42.1578947368421,12.934210526315786,16.71687134315355,85.57894736842105,37.27279729895777,4.0,9.899999999999997,13.579999999999997,44.0,55.0,92,0.2520802669728939,1.0,8.8,13.279999999999994,38.0,1.0083210678915755,69,117.2435873416927,83.58435671576774,200.82794405746046,48.19999999999999
669,41,7,2.2811819474617088,1.853658536585366,9.456097560975607,13.394146341463406,42.28048780487805,11.7390243902439,16.040530308062227,86.02439024390245,18.636398649478885,4.0,9.899999999999997,13.639999999999997,44.0,54.0,92,0.2520802669728939,1.0,8.8,13.279999999999994,38.0,0.48450501668580587,70,93.52845984593006,112.2837121564356,205.81217200236566,0.0
670,45,9,1.6785668132425604,1.8444444444444446,9.399999999999997,13.399999999999993,42.266666666666666,10.702222222222218,19.826104542664112,85.93333333333334,9.318199324739442,4.0,9.899999999999997,13.639999999999997,44.0,69.0,92,0.2520802669728939,1.0,8.8,13.279999999999994,38.0,0.5124816018373632,70,75.53550659591522,178.434940883977,253.97044747989221,113.19999999999999
671,53,8,1.261907868421723,1.8679245283018868,9.345283018867923,13.412452830188673,42.320754716981135,12.44905660377358,21.28700271021627,86.11320754716981,6.3485022279922605,4.0,9.899999999999997,13.699999999999998,44.0,68.0,92,0.2520802669728939,1.0,8.700000000000001,13.279999999999994,38.0,0.07790280144028028,70,66.88111702635132,170.29602168173017,237.1771387080815,188.99999999999997
672,49,12,1.261411147310111,1.9183673469387754,9.281632653061223,13.428163265306118,42.30612244897959,13.310204081632648,13.74678729708131,85.73469387755102,6.3485022279922605,3.0,9.899999999999997,13.699999999999998,44.0,67.0,91,0.25260033371611734,1.0,8.700000000000001,13.279999999999994,38.0,0.2520802669728939,70,61.80914621819544,164.9614475649757,226.77059378317114,304.59999999999997
673,46,7,1.453881045281719,1.9130434782608696,9.263043478260869,13.426086956521733,42.369565217391305,15.389130434782608,21.20206592286264,85.95652173913044,12.783284271566302,3.0,9.899999999999997,13.699999999999998,44.0,66.0,91,0.25260033371611734,1.0,8.700000000000001,13.219999999999994,38.0,0.8947625362424918,70,66.87852808295908,148.4144614600385,215.2929895429976,205.39999999999998
674,43,10,1.3071978507307758,1.9534883720930232,9.23720930232558,13.433488372093013,42.348837209302324,17.98139534883721,14.768631555233156,85.83720930232558,6.561528641452778,3.0,9.899999999999997,13.699999999999998,44.0,65.0,91,0.25260033371611734,1.0,8.700000000000001,13.219999999999994,38.0,0.5041605339457877,70,56.20950758142336,147.68631555233156,203.89582313375493,304.99999999999994
675,39,9,2.8585543331205865,1.9743589743589745,9.23846153846154,13.433846153846144,42.333333333333336,15.676923076923076,8.994809990103292,85.74358974358974,65.16477491559243,3.0,9.999999999999996,13.699999999999998,44.0,48.0,92,0.25260033371611734,1.0,8.700000000000001,13.219999999999994,38.0,0.36065216915476295,70,111.48361899170287,80.95328991092963,192.4369089026325,137.0
676,38,6,2.2930582207736654,1.9473684210526316,9.278947368421052,13.428421052631567,42.36842105263158,16.11315789473684,13.492624144920226,85.94736842105263,32.582387457796216,3.0,9.999999999999996,13.699999999999998,44.0,47.0,92,0.25260033371611734,1.0,8.700000000000001,13.219999999999994,38.0,0.5665685431326049,70,87.13621238939929,80.95574486952135,168.09195725892064,116.2
677,37,6,2.430529818205537,2.0,9.28918918918919,13.424324324324312,42.37837837837838,16.44594594594595,26.107225281012628,86.08108108108108,24.04882786657076,3.0,9.999999999999996,13.699999999999998,44.0,97.0,92,0.25260033371611734,1.0,8.700000000000001,13.219999999999994,38.0,0.5089189499711859,70,89.92960327360487,156.64335168607576,246.57295495968063,47.49999999999999
678,38,8,1.9831802507031437,2.026315789473684,9.26842105263158,13.43315789473683,42.276315789473685,14.78684210526316,19.2025074565447,85.86842105263158,12.02441393328538,3.0,9.999999999999996,13.699999999999998,44.0,96.0,92,0.25260033371611734,1.0,8.700000000000001,13.219999999999994,38.0,0.33238745779621515,70,75.36084952671946,153.6200596523576,228.98090917907706,74.0
679,44,6,1.4709738224345228,1.8863636363636365,9.227272727272725,13.442272727272718,42.125,13.072727272727274,25.455453736907856,85.52272727272727,6.01220696664269,3.0,9.999999999999996,13.699999999999998,44.0,95.0,92,0.25260033371611734,1.0,8.600000000000001,13.219999999999994,37.5,1.0,70,64.722848187119,152.73272242144714,217.45557060856612,26.5
680,48,7,1.3133858132317102,1.8541666666666667,9.191666666666665,13.44874999999999,41.96875,13.195833333333333,27.51345763990727,85.125,9.218395296673581,3.0,9.999999999999996,13.699999999999998,44.0,94.0,92,0.25260033371611734,1.0,8.600000000000001,13.219999999999994,37.5,0.7515258708303363,70,63.04251903512209,192.59420347935088,255.63672251447298,128.89999999999998
681,49,7,1.239487859890848,1.836734693877551,9.212244897959181,13.440408163265298,41.80612244897959,15.969387755102042,26.639438389305308,84.6938775510204,9.218395296673581,3.0,9.999999999999996,13.699999999999998,44.0,93.0,92,0.25260033371611734,1.0,8.600000000000001,13.219999999999994,37.0,0.059393336954239206,70,60.734905134651555,186.47606872513717,247.21097385978874,260.5
682,41,14,1.0444717951782547,1.8780487804878048,9.263414634146342,13.430731707317062,41.71951219512195,16.31463414634146,19.23467134704171,84.5609756097561,4.072798432224527,3.0,9.999999999999996,13.699999999999998,44.0,92.0,92,0.25260033371611734,1.0,8.600000000000001,13.219999999999994,37.0,0.1647749155924303,70,42.82334360230845,269.28539885858396,312.1087424608924,288.9
683,40,11,1.168230979963588,1.875,9.242499999999998,13.426999999999989,41.65,15.530000000000001,27.40507484378778,84.425,8.727495100701647,3.0,9.999999999999996,13.699999999999998,44.0,91.0,92,0.25260033371611734,1.0,8.600000000000001,13.219999999999994,37.0,0.19247954172881654,70,46.72923919854352,301.4558232816656,348.18506248020907,65.89999999999999
684,38,11,0.9817436706674633,1.8157894736842106,9.249999999999998,13.423684210526304,41.578947368421055,15.023684210526316,29.24738206318312,84.26315789473684,4.363747550350824,3.0,9.999999999999996,13.699999999999998,44.0,90.0,92,0.25260033371611734,1.0,8.600000000000001,13.219999999999994,37.0,0.5871255569980651,70,37.306259485363604,321.7212026950143,359.02746218037794,102.49999999999999
685,37,10,1.0061703641911943,1.8108108108108107,9.21081081081081,13.435675675675661,41.527027027027025,16.17837837837838,30.969688215253633,84.05405405405405,4.528767076715065,3.0,9.999999999999996,13.699999999999998,44.0,89.0,92,0.25454990201403294,1.0,8.600000000000001,13.279999999999994,37.0,0.1647749155924303,70,37.22830347507419,309.6968821525363,346.9251856276105,92.69999999999999
686,32,12,2.962885924075857,1.78125,9.225,13.437499999999986,41.4375,15.268749999999999,20.299812603246334,83.78125,68.7989552669729,3.0,9.999999999999996,13.699999999999998,44.0,88.0,92,0.25454990201403294,1.0,8.600000000000001,13.279999999999994,37.0,0.5090998040280659,70,94.81234957042743,243.597751238956,338.41010080938344,224.9
687,31,8,2.5751259148506715,1.7741935483870968,9.274193548387096,13.43290322580644,41.37096774193548,15.974193548387097,28.882574555210766,83.87096774193549,34.39947763348645,3.0,9.999999999999996,13.699999999999998,44.0,87.0,92,0.25454990201403294,1.0,8.700000000000001,13.279999999999994,37.0,0.15021143771189793,70,79.82890336037082,231.06059644168613,310.88949980205695,80.10000000000001
688,33,6,2.246759105250089,1.7878787878787878,9.27878787878788,13.434545454545443,41.43939393939394,16.86363636363636,37.42424474063231,84.33333333333333,34.39947763348645,3.0,9.999999999999996,13.699999999999998,44.0,86.0,92,0.25454990201403294,1.0,8.700000000000001,13.279999999999994,37.0,0.545468443793853,70,74.14305047325294,224.54546844379385,298.6885189170468,80.6
689,31,9,2.2258988206656056,1.903225806451613,9.361290322580645,13.415483870967728,41.33870967741935,16.583870967741934,24.546137333831087,84.41935483870968,34.39947763348645,3.0,9.999999999999996,13.699999999999998,44.0,85.0,93,0.2727342218969265,1.0,8.700000000000001,13.219999999999994,37.0,0.25454990201403294,70,69.00286344063377,220.9152360044798,289.91809944511357,110.49999999999999
690,33,5,2.042132967471639,1.878787878787879,9.39090909090909,13.409090909090896,41.43939393939394,17.627272727272725,42.8,84.9090909090909,34.39947763348645,3.0,9.999999999999996,13.699999999999998,44.0,84.0,93,0.2727342218969265,1.0,8.700000000000001,13.219999999999994,37.0,16.0,70,67.39038792656409,214.0,281.3903879265641,38.599999999999994
691,32,7,0.9990824532261153,1.84375,9.390624999999998,13.411249999999987,41.53125,18.740624999999998,34.87871478633097,85.4375,2.149967352092903,3.0,9.999999999999996,13.699999999999998,44.0,83.0,93,0.2687459190116129,1.0,8.700000000000001,13.219999999999994,37.0,0.7515258708303363,70,31.97063850323569,244.15100350431678,276.12164200755245,87.09999999999998
692,30,6,1.990991142118503,1.8666666666666667,9.389999999999997,13.403999999999986,41.46666666666667,18.886666666666663,34.94006364552784,85.1,32.50305174166067,3.0,9.999999999999996,13.699999999999998,44.0,82.0,93,0.2687459190116129,1.0,8.700000000000001,13.219999999999994,37.0,1.090936887587706,70,59.72973426355509,209.64038187316706,269.3701161367221,28.799999999999994
693,29,6,2.8479770381914964,1.793103448275862,9.375862068965516,13.406206896551716,41.44827586206897,18.331034482758618,28.775503182292265,84.93103448275862,35.08693682360258,3.0,9.999999999999996,13.699999999999998,44.0,81.0,93,0.2687459190116129,1.0,8.700000000000001,13.219999999999994,37.0,1.5030517416606726,70,82.5913341075534,172.65301909375358,255.24435320130698,28.799999999999994
694,30,6,2.1388797437997074,1.8,9.37,13.407999999999989,41.36666666666667,18.89333333333333,29.045797657926887,84.56666666666666,17.54346841180129,3.0,9.999999999999996,13.699999999999998,44.0,80.0,93,0.2687459190116129,1.0,8.700000000000001,13.219999999999994,37.0,0.5030517416606726,70,64.16639231399122,174.27478594756133,238.44117826155255,9.2
695,32,5,2.2685760684384215,1.84375,9.378124999999999,13.40374999999999,41.3125,20.259375,48.677173420590066,84.5,16.251525870830335,3.0,9.999999999999996,13.699999999999998,44.0,89.0,93,0.2687459190116129,1.0,8.700000000000001,13.219999999999994,37.0,4.385867102950322,70,72.59443419002949,243.38586710295033,315.9803012929798,54.5
696,31,8,5.454903726388453,1.8387096774193548,9.399999999999999,13.384516129032246,41.08064516129032,20.97741935483871,19.404951321536448,83.90322580645162,88.26874591901161,3.0,9.999999999999996,13.699999999999998,44.0,78.0,94,0.2727342218969265,1.0,8.700000000000001,13.219999999999994,37.0,0.5090998040280659,70,169.10201551804204,155.23961057229158,324.34162609033365,158.1
697,35,6,4.7748669298728705,1.8857142857142857,9.425714285714285,13.372571428571417,40.91428571428571,19.92,27.651781212317548,83.4,44.134372959505804,3.0,9.999999999999996,13.699999999999998,44.0,77.0,94,0.2727342218969265,1.0,8.700000000000001,13.219999999999994,37.0,0.5090998040280659,70,167.12034254555047,165.9106872739053,333.03102981945574,132.79999999999998
698,29,13,4.228464977371556,1.8620689655172413,9.43103448275862,13.375172413793095,40.810344827586206,16.996551724137934,14.37250418864294,82.96551724137932,22.067186479752902,3.0,9.999999999999996,13.699999999999998,44.0,76.0,94,0.2884545888238224,1.0,8.700000000000001,13.219999999999994,37.5,0.2727342218969265,71,122.62548434377511,186.84255445235823,309.4680387961333,287.19999999999993
699,34,8,3.380029671910639,1.911764705882353,9.46764705882353,13.366470588235282,40.61764705882353,15.070588235294114,21.23572458492908,82.3529411764706,22.067186479752902,3.0,9.999999999999996,13.699999999999998,44.0,75.0,95,0.2884545888238224,1.0,8.700000000000001,13.159999999999993,37.5,0.5030517416606726,71,114.92100884496173,169.88579667943264,284.80680552439435,95.89999999999998
700,40,7,2.3963243599605213,1.975,9.52,13.348999999999986,40.625,12.177499999999998,23.43721828340715,82.775,19.597910533945786,4.0,9.999999999999996,13.579999999999997,44.0,74.0,96,0.3136444031227522,1.0,8.700000000000001,13.159999999999993,37.5,0.2884545888238224,71,95.85297439842086,164.06052798385005,259.9135023822709,102.79999999999998
701,39,7,2.020110051341183,1.9743589743589745,9.54102564102564,13.347692307692295,40.69230769230769,13.48205128205128,24.780222376593773,83.43589743589743,17.34281928380032,4.0,9.999999999999996,13.579999999999997,43.5,73.0,96,0.3136444031227522,1.0,8.700000000000001,13.159999999999993,37.5,0.32124324720482444,71,78.78429200230615,173.46155663615642,252.24584863846258,143.79999999999995
702,35,9,2.4122260279116072,1.8857142857142857,9.562857142857142,13.34685714285713,40.94285714285714,14.254285714285711,17.731748527643706,84.17142857142858,19.12172950165337,4.0,10.099999999999996,13.579999999999997,44.0,72.0,96,0.3136444031227522,1.0,8.700000000000001,13.099999999999993,38.0,0.6272888062455044,72,84.42791097690625,159.58573674879335,244.0136477256996,233.99999999999997
703,39,3,2.180049642158375,1.8461538461538463,9.566666666666666,13.344615384615372,40.94871794871795,15.02307692307692,48.0,84.23076923076923,17.34281928380032,4.0,10.099999999999996,13.579999999999997,44.0,71.0,96,0.2658792552867842,1.0,8.700000000000001,13.099999999999993,38.0,29.0,72,85.02193604417661,144.0,229.0219360441766,56.999999999999986
704,34,9,1.9709583339471786,1.8235294117647058,9.629411764705882,13.338235294117636,41.13235294117647,16.261764705882356,17.40212627802954,85.0,17.34281928380032,4.0,10.099999999999996,13.579999999999997,44.0,70.0,96,0.2658792552867842,1.0,9.1,13.099999999999993,38.5,0.3886280791692037,72,67.01258335420407,156.6191365022659,223.63171985646994,198.29999999999995
705,36,5,1.4226877959235955,1.8611111111111112,9.619444444444445,13.343333333333321,40.97222222222222,17.374999999999996,32.446898663999235,84.44444444444444,4.780432375413342,4.0,10.099999999999996,13.579999999999997,44.0,69.0,96,0.2658792552867842,1.0,9.1,13.099999999999993,38.5,6.891674036195855,72,51.21676065324944,162.23449331999618,213.45125397324563,87.19999999999997
706,38,7,1.3290656397511962,1.9210526315789473,9.623684210526315,13.332105263157882,40.828947368421055,16.057894736842105,22.000285797482274,84.07894736842105,6.399534219659303,4.0,10.099999999999996,13.519999999999996,44.0,68.0,96,0.2658792552867842,1.0,9.2,13.099999999999993,38.5,0.2987770234633339,72,50.504494310545454,154.00200058237593,204.50649489292138,46.39999999999999
707,38,7,1.4777868137632402,1.868421052631579,9.605263157894736,13.324210526315776,40.78947368421053,13.055263157894737,19.958968283167735,84.15789473684211,16.98789769407166,3.0,10.099999999999996,13.519999999999996,44.0,67.0,96,0.3447997887461391,1.0,9.1,13.099999999999993,38.0,0.6895995774922782,72,56.15589892300313,139.71277798217415,195.86867690517727,28.099999999999994
708,33,13,0.9385722196347087,1.9090909090909092,9.584848484848488,13.323636363636352,40.57575757575758,13.321212121212122,19.538944724119496,83.24242424242425,2.0952758708303363,3.0,10.099999999999996,13.519999999999996,44.0,97.0,96,0.3447997887461391,1.0,9.1,13.099999999999993,38.0,0.04763793541516814,72,30.972883247945386,254.00628141355347,284.9791646614988,148.79999999999995
709,33,7,1.0442791620645386,1.9090909090909092,9.563636363636364,13.325454545454534,40.43939393939394,16.9030303030303,36.16869017793526,82.66666666666667,3.573094516193346,3.0,10.099999999999996,13.519999999999996,44.0,96.0,96,0.3447997887461391,1.0,9.1,13.099999999999993,38.0,1.1929335514751611,72,34.46121234812978,253.1808312455468,287.6420435936766,138.09999999999997
710,29,13,1.0080996169951257,2.0,9.579310344827586,13.333793103448267,40.51724137931034,18.2551724137931,22.508074291708894,83.3103448275862,3.573094516193346,3.0,10.099999999999996,13.519999999999996,43.5,95.0,96,0.2671996831192086,1.0,9.1,13.159999999999993,38.0,0.367235183463448,72,29.23488889285865,292.60496579221564,321.8398546850743,211.99999999999994
711,29,8,2.1554378011019444,2.0,9.579310344827585,13.333793103448267,40.51724137931034,20.10689655172413,39.131293721885356,83.3103448275862,23.095275870830335,3.0,10.099999999999996,13.519999999999996,43.5,94.0,96,0.2671996831192086,1.0,9.1,13.159999999999993,38.0,0.15707614603450537,72,62.50769623195639,313.05034977508285,375.55804600703925,27.699999999999996
712,30,8,1.7361624556300141,2.066666666666667,9.590000000000002,13.34199999999999,40.61666666666667,20.563333333333336,39.49745365968218,83.7,11.547637935415167,3.0,10.099999999999996,13.519999999999996,43.5,93.0,96,0.2671996831192086,1.0,9.1,13.159999999999993,38.0,0.9796292774574129,72,52.08487366890042,315.97962927745743,368.06450294635783,55.599999999999994
713,32,10,1.3186388268536628,2.0625,9.596875,13.34937499999999,40.703125,18.890625,34.78060362453843,83.78125,5.773818967707584,4.0,10.099999999999996,13.519999999999996,44.0,92.0,96,0.2671996831192086,1.0,9.1,13.159999999999993,38.0,1.0476379354151681,72,42.19644245931721,347.8060362453843,390.0024787047015,46.49999999999999
714,33,11,1.3307942338580188,2.0606060606060606,9.587878787878788,13.35090909090908,40.65151515151515,16.069696969696967,36.78571632814018,83.51515151515152,9.534989225483116,4.0,10.099999999999996,13.519999999999996,44.0,91.0,96,0.3447997887461391,1.0,9.1,13.159999999999993,38.0,0.6895995774922782,72,43.91620971731462,404.64287960954204,448.5590893268567,27.9
715,33,11,1.2262936797655462,2.090909090909091,9.575757575757578,13.358181818181807,40.53030303030303,14.884848484848485,39.778125383726746,83.0,4.767494612741558,4.0,10.099999999999996,13.519999999999996,44.0,90.0,96,0.3447997887461391,1.0,9.1,13.219999999999994,38.0,0.7246920620487295,72,40.467691432263024,437.55937922099423,478.0270706532573,29.69999999999999
716,35,10,1.1335137185083064,2.1142857142857143,9.56857142857143,13.358857142857131,40.44285714285714,15.74,48.8,82.54285714285714,2.886909483853792,4.0,10.099999999999996,13.519999999999996,44.0,89.0,96,0.3447997887461391,1.0,9.1,13.219999999999994,38.0,5.0,72,39.672980147790724,488.0,527.6729801477907,29.69999999999999
717,36,11,1.0854734255888339,2.138888888888889,9.566666666666666,13.359999999999989,40.40277777777778,18.155555555555555,46.72727272727273,82.36111111111111,2.886909483853792,4.0,10.099999999999996,13.519999999999996,44.0,88.0,96,0.3447997887461391,1.0,9.1,13.219999999999994,38.0,4.0,72,39.07704332119802,514.0,553.0770433211981,69.69999999999997
718,33,15,1.1052680370449324,2.1818181818181817,9.530303030303031,13.365454545454535,40.22727272727273,18.078787878787875,34.84021320658101,81.24242424242425,2.886909483853792,4.0,10.099999999999996,13.519999999999996,44.0,87.0,96,0.3447997887461391,1.0,9.1,13.219999999999994,38.0,0.5343993662384172,72,36.473845222482765,522.6031980987152,559.077043321198,49.79999999999998
719,33,14,1.116758920529313,2.1818181818181817,9.530303030303031,13.365454545454535,40.22727272727273,19.078787878787878,44.142857142857146,81.24242424242425,2.886909483853792,4.0,10.099999999999996,13.519999999999996,44.0,86.0,96,0.3447997887461391,1.0,9.1,13.219999999999994,38.0,2.0,72,36.85304437746733,618.0,654.8530443774673,0.0
720,31,17,1.6339719906864907,2.225806451612903,9.554838709677417,13.36709677419354,40.354838709677416,18.874193548387098,42.12940662742272,81.64516129032258,15.721727370963448,4.0,10.099999999999996,13.519999999999996,44.0,85.0,96,0.3447997887461391,1.0,9.1,13.219999999999994,38.0,0.39997088872870645,72,50.65313171128121,716.1999126661862,766.8530443774673,0.0
721,32,16,1.4600843708918858,2.21875,9.543750000000003,13.36999999999999,40.3125,19.221875,46.625,81.4375,7.860863685481724,4.0,10.099999999999996,13.519999999999996,44.0,84.0,96,0.3447997887461391,1.0,9.1,13.219999999999994,38.0,8.0,72,46.722699868540346,746.0,792.7226998685403,0.0
722,33,18,1.356287392338482,2.242424242424242,9.533333333333335,13.37090909090908,40.25757575757576,19.86060606060606,48.44444444444444,81.24242424242425,3.930431842740862,4.0,10.099999999999996,13.519999999999996,44.0,96.0,96,0.3447997887461391,1.0,9.1,13.219999999999994,38.0,7.0,72,44.7574839471699,872.0,916.7574839471699,9.299999999999999
723,33,20,3.4571295881512847,2.303030303030303,9.512121212121214,13.378181818181808,40.18181818181818,21.54242424242424,46.23447997887461,80.63636363636364,71.87504958046482,4.0,10.099999999999996,13.519999999999996,44.0,95.0,96,0.3447997887461391,1.0,9.1,13.219999999999994,38.0,0.6895995774922782,72,114.0852764089924,924.6895995774922,1038.7748759864846,65.69999999999999
724,33,19,6.870827722996716,2.303030303030303,9.493939393939398,13.378181818181808,40.06060606060606,24.26363636363636,43.072589429209714,80.0,81.57853807301726,4.0,10.099999999999996,13.519999999999996,44.0,94.0,96,0.3447997887461391,1.0,9.1,13.219999999999994,38.0,1.3791991549845564,72,226.73731485889164,818.3791991549846,1045.1165140138762,102.69999999999999
725,29,24,7.173336964386841,2.4482758620689653,9.510344827586207,13.360689655172406,40.224137931034484,22.851724137931033,32.67611321008869,81.03448275862068,61.97962927745741,4.0,10.099999999999996,13.459999999999996,44.0,93.0,96,0.3447997887461391,1.0,9.0,13.219999999999994,38.0,0.360863685481724,73,208.0267719672184,784.2267170421285,992.2534890093468,158.49999999999997
726,34,24,5.521342947336207,2.411764705882353,9.488235294117645,13.338235294117636,39.98529411764706,16.93529411764705,35.382710183165294,80.47058823529412,30.989814638728706,4.0,10.099999999999996,13.459999999999996,44.0,92.0,96,0.3447997887461391,1.0,8.9,13.159999999999993,37.5,0.44345474192689593,73,187.72566020943103,849.1850443959671,1036.9107046053982,36.89999999999999
727,47,25,3.0653415886429416,2.425531914893617,9.448936170212765,13.325957446808502,39.670212765957444,11.355319148936168,36.80009956597827,79.70212765957447,15.494907319364353,4.0,10.099999999999996,13.459999999999996,44.0,91.0,97,0.3447997887461391,1.0,8.8,13.159999999999993,37.5,0.04763793541516814,73,144.07105466621826,920.0024891494568,1064.073543815675,18.999999999999996
728,58,25,2.945482509136821,2.396551724137931,9.420689655172414,13.320344827586197,39.58620689655172,9.924137931034481,36.519294077471734,79.37931034482759,50.58648420664817,4.0,10.099999999999996,13.459999999999996,44.0,90.0,98,0.43752479023240815,1.0,8.8,13.159999999999993,37.5,0.26185210415162086,73,170.83798552993562,912.9823519367933,1083.820337466729,57.09999999999999
729,63,25,3.6444290937060697,2.3492063492063493,9.428571428571423,13.31714285714285,39.72222222222222,9.926984126984127,36.061849727758926,79.85714285714286,52.54739989437307,4.0,10.099999999999996,13.459999999999996,44.5,89.0,99,0.43752479023240815,1.0,8.8,13.159999999999993,37.5,0.31866616434772366,73,229.5990329034824,901.5462431939732,1131.1452760974555,142.69999999999996
730,68,23,3.6524574515443136,2.2794117647058822,9.429411764705877,13.322352941176463,39.75,9.88676470588235,42.752000698390916,79.92647058823529,52.54739989437307,4.0,10.099999999999996,13.459999999999996,44.5,88.0,99,0.43752479023240815,1.0,8.8,13.159999999999993,37.5,1.1230476496947628,73,248.36710670501333,983.296016062991,1231.6631227680043,95.99999999999997
731,73,26,3.6485196713726067,2.2465753424657535,9.44520547945205,13.324383561643831,39.705479452054796,9.532876712328767,40.953323707471895,79.57534246575342,52.54739989437307,4.0,10.199999999999996,13.459999999999996,44.5,87.0,99,0.44342498679663367,1.0,8.8,13.159999999999993,37.5,0.917343579472746,73,266.3419360102003,1064.7864163942693,1331.1283524044695,153.49999999999997
732,75,26,3.4987318963717176,2.2666666666666666,9.463999999999997,13.327999999999996,39.833333333333336,11.301333333333332,39.14645860656883,80.25333333333333,52.54739989437307,4.0,10.199999999999996,13.459999999999996,44.5,86.0,99,0.44342498679663367,1.0,8.8,13.159999999999993,37.5,0.9130398034260775,74,262.4048922278788,1017.8079237707896,1280.2128159986682,321.3999999999999
733,88,27,4.34590865053369,2.352272727272727,9.484090909090908,13.332499999999994,39.875,12.55454545454545,36.52239057169021,81.0,83.12304764969477,4.0,10.199999999999996,13.459999999999996,44.5,85.0,99,0.26433349342926166,1.0,8.8,13.159999999999993,37.0,0.44345474192689593,75,382.4399612469647,986.1045454356356,1368.5445066826003,286.09999999999997
734,95,32,2.761099986080063,2.3789473684210525,9.477894736842103,13.33431578947368,39.78421052631579,12.175789473684203,33.01295994193952,81.08421052631579,41.561523824847384,4.0,10.199999999999996,13.459999999999996,44.5,84.0,98,0.26433349342926166,1.0,8.700000000000001,13.159999999999993,37.0,0.11466794743409325,75,262.304498677606,1056.4147181420647,1318.7192168196707,370.29999999999995
735,97,34,2.584465001544718,2.381443298969072,9.425773195876282,13.32577319587629,39.56701030927835,12.122680412371132,34.97503536325271,80.98969072164948,41.561523824847384,4.0,10.199999999999996,13.459999999999996,44.5,88.0,98,0.26433349342926166,1.0,8.600000000000001,13.159999999999993,37.0,1.0,75,250.69310514983763,1189.151202350592,1439.8443075004297,353.0999999999999
736,101,37,2.6723705787019005,2.3465346534653464,9.404950495049505,13.324554455445538,39.460396039603964,12.045544554455443,34.90299806185792,80.89108910891089,51.82109984155961,4.0,10.199999999999996,13.459999999999996,44.5,88.0,98,0.26433349342926166,1.0,8.600000000000001,13.099999999999993,37.0,0.46781036179665825,75,269.90942844889196,1291.410928288743,1561.320356737635,241.89999999999998
737,107,34,3.3342650602115045,2.3457943925233646,9.391588785046725,13.32317757009346,39.48598130841121,11.65327102803738,34.16589714879071,81.25233644859813,88.13016485754912,4.0,10.199999999999996,13.459999999999996,44.5,86.0,98,0.26433349342926166,1.0,8.600000000000001,13.099999999999993,36.5,0.06679163527173282,75,356.76636144263097,1161.6405030588842,1518.4068645015152,210.69999999999996
738,105,38,4.131527369767022,2.295238095238095,9.372380952380956,13.324571428571426,39.58571428571429,11.354285714285714,30.367132490141067,81.91428571428571,82.54932931478179,4.0,10.199999999999996,13.459999999999996,44.5,87.0,99,0.26433349342926166,1.0,8.600000000000001,13.099999999999993,36.5,0.3085413527173273,75,433.8103738255373,1153.9510346253605,1587.7614084508978,346.29999999999995
739,112,36,4.443344676728445,2.267857142857143,9.385714285714286,13.32178571428571,39.70982142857143,12.849107142857145,33.17202523644892,82.60714285714286,87.20141104230407,5.0,10.199999999999996,13.459999999999996,44.5,86.0,99,0.26433349342926166,1.0,8.500000000000002,13.039999999999992,36.5,0.26257820557802747,75,497.65460379358575,1194.192908512161,1691.8475123057467,282.19999999999993
740,111,38,4.498628912241892,2.2972972972972974,9.39189189189189,13.322702702702701,39.72522522522522,13.709009009009012,29.00401935959763,82.94594594594595,82.54932931478179,5.0,10.199999999999996,13.459999999999996,44.5,85.0,99,0.26433349342926166,1.0,8.500000000000002,13.039999999999992,36.5,0.26433349342926166,75,499.34780925885,1102.15273566471,1601.50054492356,566.9
741,121,38,3.535767710123538,2.3801652892561984,9.421487603305781,13.326115702479344,39.768595041322314,12.352892561983476,32.9564684907132,83.31404958677686,58.66791635271733,5.0,10.199999999999996,13.459999999999996,45.0,84.0,100,0.26433349342926166,1.0,8.600000000000001,13.039999999999992,36.5,0.06679163527173282,75,427.8278929249481,1252.3458026471017,1680.1736955720498,244.0
742,136,32,4.171025189489457,2.4411764705882355,9.432352941176468,13.328088235294121,39.76470588235294,10.93308823529412,40.09888640271048,83.45588235294117,76.80970468502437,5.0,10.199999999999996,13.519999999999996,45.0,93.0,100,0.26433349342926166,1.0,8.600000000000001,13.039999999999992,36.5,1.0,75,567.2594257705662,1283.1643648867353,1850.4237906573014,150.29999999999998
743,150,33,5.511951537170698,2.466666666666667,9.436666666666667,13.324399999999997,39.76,11.327333333333334,32.11417817296921,83.43333333333334,81.49541258532525,5.0,10.199999999999996,13.519999999999996,45.0,95.0,100,0.25035353594940113,1.0,8.600000000000001,13.039999999999992,36.5,0.06679163527173282,75,826.7927305756047,1059.7678797079839,1886.5606102835886,327.19999999999993
744,172,27,4.985827656086001,2.488372093023256,9.423255813953489,13.326046511627904,39.7093023255814,10.925581395348841,33.28246993410148,83.49418604651163,93.44663514980972,5.0,10.199999999999996,13.519999999999996,45.0,94.0,101,0.25035353594940113,1.0,8.600000000000001,13.039999999999992,36.5,0.8868499735932673,75,857.5623568467922,898.6266882207399,1756.189045067532,334.4
745,196,36,3.9857211724783603,2.489795918367347,9.448979591836737,13.328367346938784,39.92602040816327,9.95561224489796,26.875226382221086,84.28571428571429,80.29879761952648,5.0,10.199999999999996,13.519999999999996,45.0,93.0,102,0.25035353594940113,1.0,8.600000000000001,13.039999999999992,36.5,0.13016485754912321,75,781.2013498057586,967.5081497599591,1748.7094995657176,385.59999999999997
746,225,39,3.2205659221641616,2.471111111111111,9.472444444444445,13.331733333333348,40.09777777777778,9.922666666666666,28.377975806162386,84.96444444444444,80.29879761952648,5.0,10.199999999999996,13.519999999999996,45.0,97.0,102,0.25035353594940113,1.0,8.600000000000001,13.039999999999992,36.0,0.14953387010166863,75,724.6273324869363,1106.741056440333,1831.3683889272693,622.8
747,243,36,4.074495583392203,2.4444444444444446,9.487654320987666,13.332098765432114,40.25514403292181,10.823868312757206,20.755753464882396,85.72839506172839,68.68958723860224,5.0,10.199999999999996,13.519999999999996,45.0,96.0,102,0.25035353594940113,1.0,8.500000000000002,13.039999999999992,36.0,0.2541027844621567,75,990.1024267643053,747.2071247357662,1737.3095515000714,936.7999999999998
748,246,42,4.169216519647597,2.4715447154471546,9.469918699187,13.332926829268313,40.21747967479675,11.477235772357728,12.776482038599294,85.76829268292683,79.81332894457145,5.0,10.299999999999995,13.579999999999997,45.5,95.0,102,0.25035353594940113,1.0,8.500000000000002,13.039999999999992,36.0,0.06679163527173282,75,1025.627263833309,536.6122456211704,1562.2395094544793,1155.8999999999996
749,252,36,3.8905401087681146,2.4246031746031744,9.473412698412702,13.331904761904775,40.29960317460318,12.738095238095243,14.45505475031581,86.2420634920635,94.86076856626939,6.0,10.299999999999995,13.579999999999997,45.5,89.0,103,0.25332861486415714,1.0,8.500000000000002,13.039999999999992,36.0,0.25035353594940113,75,980.4161074095649,520.3819710113692,1500.798078420934,1079.0999999999997
750,256,53,3.0814349241941197,2.5546875,9.454296874999994,13.330156250000021,40.125,13.711718749999998,12.349000174472566,86.15234375,94.86076856626939,6.0,10.299999999999995,13.579999999999997,45.5,88.0,103,0.25332861486415714,1.0,8.500000000000002,12.979999999999992,36.0,0.36252204753600115,75,788.8473405936946,654.497009247046,1443.3443498407405,1514.0999999999997
751,252,62,3.104253125907944,2.623015873015873,9.446428571428568,13.33690476190478,39.96825396825397,13.389285714285712,12.638687531379142,86.0436507936508,94.86076856626939,6.0,10.299999999999995,13.639999999999997,45.5,87.0,103,0.25332861486415714,1.0,8.500000000000002,12.979999999999992,36.0,0.01641113784862669,76,782.2717877288019,783.5986269455068,1565.8704146743087,1373.6999999999998
752,258,54,3.505069893028596,2.5736434108527133,9.470542635658907,13.340232558139556,40.189922480620154,13.283333333333333,14.108846383641454,86.8953488372093,87.02689901769592,6.0,10.299999999999995,13.639999999999997,46.0,83.0,103,0.28738346752541716,1.0,8.500000000000002,12.979999999999992,36.0,0.00911569737829554,76,904.3080324013778,761.8777047166385,1666.1857371180163,1054.7999999999997
753,270,55,3.11992417218063,2.5814814814814815,9.44888888888889,13.346222222222243,40.15,12.835925925925922,16.268704096895252,86.91851851851852,54.053798035391836,6.0,10.299999999999995,13.639999999999997,46.0,85.0,103,0.25493880270870806,1.0,8.500000000000002,12.979999999999992,36.0,0.08756614260800344,76,842.3795264887701,894.7787253292389,1737.158251818009,942.3999999999999
754,283,45,3.1642489626760635,2.4840989399293285,9.46855123674912,13.34657243816257,40.28621908127209,13.586219081272084,21.73018580850387,87.5583038869258,84.80976089194701,6.0,10.299999999999995,13.639999999999997,46.0,80.0,104,0.25493880270870806,1.0,8.500000000000002,12.979999999999992,36.0,0.32887305002238154,76,895.4824564373259,977.8583613826742,1873.3408178200002,917.4999999999999
755,292,54,3.3886988991841336,2.4554794520547945,9.472260273972601,13.347602739726051,40.342465753424655,14.17260273972603,15.230173399184851,87.96575342465754,84.80976089194701,6.0,10.299999999999995,13.639999999999997,46.0,79.0,105,0.25493880270870806,1.0,8.600000000000001,12.979999999999992,36.0,0.31177081618973224,76,989.500078561767,822.4293635559819,1811.929442117749,1279.2999999999997
756,292,51,3.4588715917665733,2.4315068493150687,9.495205479452052,13.357465753424679,40.476027397260275,15.030479452054793,17.44237433521538,88.40068493150685,84.80976089194701,6.0,10.299999999999995,13.639999999999997,46.0,93.0,105,0.2518847703153104,1.0,8.600000000000001,12.979999999999992,36.0,0.04153193658698462,76,1009.9905047958395,889.5610910959845,1899.551595891824,1173.4999999999998
757,274,60,4.055538505714898,2.3905109489051095,9.516423357664225,13.355766423357688,40.59489051094891,15.01058394160584,15.815450558620553,88.69343065693431,93.20373422797408,6.0,10.299999999999995,13.639999999999997,46.0,90.0,105,0.2518847703153104,1.0,8.600000000000001,12.979999999999992,36.0,0.2776404715149872,76,1111.217550565882,948.9270335172332,2060.144584083115,1195.7999999999997
758,287,52,4.1319638050647916,2.3797909407665507,9.5397212543554,13.36341463414636,40.84146341463415,15.105574912891983,16.886994657066428,89.41463414634147,93.20373422797408,7.0,10.299999999999995,13.639999999999997,46.0,89.0,105,0.2518847703153104,1.0,8.600000000000001,12.979999999999992,36.0,0.24126054073368763,77,1185.8736120535953,878.1237221674543,2063.9973342210496,970.3999999999999
759,288,68,3.7686065425428046,2.3958333333333335,9.56666666666667,13.366458333333352,41.03819444444444,13.97743055555555,14.72220232670968,90.06597222222223,59.494166529517855,7.0,10.399999999999995,13.699999999999998,46.0,93.20373422797408,106,0.2518847703153104,1.0,8.600000000000001,12.979999999999992,36.0,0.026628918913257138,77,1085.3586842523277,1001.1097582162583,2086.468442468586,1194.0999999999997
760,289,69,4.075913159074828,2.411764705882353,9.575432525951562,13.359100346020782,41.15743944636678,13.950865051903108,15.382577709946586,90.23529411764706,92.80560134196112,7.0,10.399999999999995,13.699999999999998,46.0,91.0,107,0.2518847703153104,1.0,8.600000000000001,12.979999999999992,36.0,0.03197564070987835,77,1177.9389029726253,1061.3978619863144,2239.33676495894,1133.7999999999997
761,308,60,3.5669346063437817,2.4220779220779223,9.58863636363637,13.357142857142875,41.28084415584416,13.583441558441551,18.853008545142867,90.72402597402598,92.80560134196112,7.0,10.399999999999995,13.699999999999998,46.5,97.0,107,0.2518847703153104,1.0,8.600000000000001,12.979999999999992,36.0,0.11947342892745194,77,1098.6158587538848,1131.180512708572,2229.7963714624566,968.3999999999999
762,327,64,3.5190210833215883,2.452599388379205,9.602140672782872,13.353761467889921,41.305810397553515,13.077370030581035,16.96138562593529,90.94495412844037,92.80560134196112,7.0,10.399999999999995,13.699999999999998,46.5,99.0,107,0.2518847703153104,1.0,8.500000000000002,12.979999999999992,35.5,0.27906176525751103,77,1150.7198942461594,1085.5286800598585,2236.248574306018,1021.2999999999998
763,344,54,3.3902834338125114,2.4680232558139537,9.592441860465122,13.349593023255824,41.26162790697674,13.55988372093023,22.694627183771836,90.80813953488372,92.90515756759171,7.0,10.499999999999995,13.639999999999997,46.5,98.0,107,0.2518847703153104,1.0,8.500000000000002,12.979999999999992,35.5,0.2624904379232356,77,1166.257501231504,1225.5098679236792,2391.767369155183,1172.7999999999997
764,352,66,3.2471300939409034,2.4886363636363638,9.59801136363636,13.348181818181835,41.25994318181818,15.003977272727285,16.37714370270162,90.84943181818181,94.70623909905018,7.0,10.499999999999995,13.639999999999997,46.5,97.0,107,0.2518847703153104,1.0,8.500000000000002,12.979999999999992,35.5,0.04996175169294248,77,1142.989793067198,1080.8914843783068,2223.8812774455046,1753.3999999999996
765,348,78,2.8220890620187764,2.5057471264367814,9.595689655172412,13.346896551724152,41.26867816091954,16.2146551724138,18.48047130420453,90.86781609195403,64.53174961938609,6.0,10.499999999999995,13.639999999999997,46.5,96.0,107,0.2518847703153104,1.0,8.500000000000002,12.979999999999992,35.5,0.16936742147014483,77,982.0869935825342,1441.4767617279533,2423.5637553104875,1677.0999999999997
766,337,92,3.0274502248213397,2.5103857566765577,9.568249258160234,13.34836795252226,41.074183976261125,16.29258160237389,18.05031224950605,90.3946587537092,91.29913170843453,7.0,10.499999999999995,13.639999999999997,46.5,95.0,107,0.2518847703153104,1.0,8.500000000000002,12.919999999999991,35.5,0.045583697680700475,77,1020.2507257647915,1660.6287269545567,2680.879452719348,1702.5999999999997
767,323,97,3.3575102104860557,2.4922600619195046,9.585448916408671,13.347244582043352,41.074303405572756,17.391021671826625,17.95394060492422,90.45510835913312,75.24708326475893,7.0,10.499999999999995,13.639999999999997,46.5,95.0,107,0.2518847703153104,1.0,8.500000000000002,12.919999999999991,35.5,0.03961100916594118,77,1084.475797986996,1741.5322386776493,2826.0080366646453,1769.0999999999997
768,305,101,4.464430193386324,2.501639344262295,9.581967213114762,13.335278688524605,40.99180327868852,17.588196721311466,16.069742957673053,90.52786885245902,100.20240293731851,7.0,10.499999999999995,13.639999999999997,46.5,99.0,107,0.2518847703153104,1.0,8.500000000000002,12.919999999999991,35.5,0.03944713604332706,77,1361.6512089828288,1623.0440387249782,2984.695247707807,1798.0999999999997
769,292,113,4.302361449092065,2.48972602739726,9.595890410958914,13.338356164383574,41.082191780821915,16.42157534246575,16.81973211308105,91.18835616438356,83.69352084035972,7.0,10.499999999999995,13.639999999999997,46.5,98.0,107,0.2518847703153104,1.0,8.500000000000002,12.919999999999991,35.5,0.06107455910795312,77,1256.2895431348832,1900.6297287781583,3156.9192719130415,1525.0999999999997
770,301,102,4.76034422886233,2.4651162790697674,9.597342192691036,13.33960132890366,41.15614617940199,15.140531561461788,19.677403601238012,91.48172757475083,96.89327029961946,7.0,10.499999999999995,13.639999999999997,46.5,97.0,107,0.2518847703153104,1.0,8.400000000000002,12.979999999999992,35.5,0.04136672016365628,77,1432.8636128875612,2007.0951673262773,3439.9587802138385,1155.8999999999999
771,318,98,4.856553772899675,2.4559748427672954,9.608805031446542,13.344150943396237,41.25471698113208,13.895911949685534,18.668065134284095,91.67610062893081,97.41483327054347,7.0,10.499999999999995,13.699999999999998,47.0,98.0,108,0.26587480969304594,1.0,8.400000000000002,12.979999999999992,36.0,0.06545067191034137,77,1544.3840997820967,1829.4703831598415,3373.854482941938,1294.3999999999996
772,348,100,4.083622788680806,2.468390804597701,9.59080459770116,13.341034482758637,41.168103448275865,12.288505747126438,19.41033623334502,91.45402298850574,86.77210624649817,7.0,10.499999999999995,13.699999999999998,47.0,97.0,108,0.2520771469507269,1.0,8.400000000000002,12.979999999999992,36.0,0.08267965952346068,77,1421.1007304609204,1941.033623334502,3362.1343537954226,1311.5999999999997
773,382,88,4.56176113948772,2.4764397905759163,9.59267015706807,13.340942408376977,41.05890052356021,11.401047120418852,21.54804160499917,91.14921465968587,96.97376625621938,7.0,10.499999999999995,13.759999999999998,47.0,98.0,108,0.2520771469507269,1.0,8.400000000000002,12.979999999999992,35.5,0.27109098549624366,77,1742.5927552843089,1896.227661239927,3638.820416524236,1119.7999999999997
774,410,87,4.353671169213992,2.526829268292683,9.582439024390258,13.345707317073183,40.957317073170735,11.154146341463415,17.704199029635816,90.93414634146342,73.92555044723935,7.0,10.499999999999995,13.819999999999999,47.0,97.0,108,0.2520771469507269,1.0,8.400000000000002,12.979999999999992,35.5,0.1239353157746943,77,1785.005179377737,1540.2653155783162,3325.270494956053,1339.7999999999997
775,443,67,5.047649955964509,2.6027088036117383,9.57674943566592,13.349209932279917,40.92889390519187,12.802031602708798,12.023194999965293,91.06546275395034,98.90328617398724,8.0,10.599999999999994,13.819999999999999,47.5,79.0,108,0.2520771469507269,1.0,8.300000000000002,12.979999999999992,35.5,0.16088100761994606,77,2236.1089304922775,805.5540649976746,3041.662995489952,2007.6999999999996
776,441,88,4.174685848193635,2.621315192743764,9.557142857142866,13.356734693877561,40.83219954648526,14.361451247165526,12.371912436624376,91.1156462585034,94.72008628489586,8.0,10.599999999999994,13.819999999999999,47.5,82.0,109,0.2520771469507269,1.0,8.300000000000002,12.979999999999992,35.5,0.27189963914219445,78,1841.036459053393,1088.728294422945,2929.7647534763382,2898.2999999999993
777,440,109,3.708582532041264,2.6568181818181817,9.564545454545462,13.362772727272748,40.95340909090909,14.560227272727275,11.790102721856199,91.80909090909091,82.26814213955768,8.0,10.699999999999994,13.819999999999999,47.5,94.72008628489586,109,0.2572327450326895,1.0,8.300000000000002,12.979999999999992,35.5,0.008308587802907663,78,1631.7763140981563,1285.1211966823257,2916.8975107804818,2545.4999999999995
778,429,116,3.9888084523057628,2.7062937062937062,9.560839160839164,13.365594405594418,41.04545454545455,14.490442890442894,11.867718809828876,92.009324009324,94.8809672925158,8.0,10.699999999999994,13.759999999999998,47.5,93.0,109,0.2572327450326895,1.0,8.300000000000002,12.979999999999992,35.5,0.0813897781805093,78,1711.1988260391722,1376.6553819401497,3087.854207979322,2434.3999999999996
779,431,99,3.8933909244736977,2.7517401392111367,9.565197215777268,13.370348027842242,41.03480278422274,15.0877030162413,15.100239789941694,92.29466357308584,70.95871158496199,9.0,10.699999999999994,13.759999999999998,47.5,94.8809672925158,109,0.2572327450326895,1.0,8.200000000000003,12.979999999999992,35.0,0.06955119187159697,78,1678.0514884481638,1494.9237392042278,3172.9752276523914,2122.8999999999996
780,431,102,4.297849003360598,2.7749419953596286,9.582134570765668,13.367842227378203,41.119489559164734,15.507656612528997,15.051029551030492,92.61020881670534,95.2511614335315,9.0,10.699999999999994,13.759999999999998,47.5,91.0,109,0.2572327450326895,1.0,8.200000000000003,12.979999999999992,35.0,0.17573567601185824,78,1852.372920448418,1535.2050142051103,3387.5779346535282,2316.2999999999997
781,415,111,4.896960923977727,2.8096385542168676,9.600963855421693,13.363421686747007,41.2289156626506,15.32771084337349,13.634722490103528,92.91084337349398,78.71234487667229,9.0,10.699999999999994,13.759999999999998,47.5,95.2511614335315,109,0.2503364618172696,1.0,8.200000000000003,12.979999999999992,35.0,0.0025964336884087835,78,2032.2387834507567,1513.4541964014916,3545.6929798522483,2081.8999999999996
782,406,119,4.9510357781315895,2.8793103448275863,9.58399014778325,13.361428571428583,41.17487684729064,14.902709359605916,15.20149922830177,92.91625615763547,84.51395734843156,9.0,10.699999999999994,13.759999999999998,47.5,94.2511614335315,109,0.2503364618172696,1.0,8.200000000000003,12.979999999999992,35.0,0.008308587802907663,79,2010.1205259214255,1808.9784081679106,3819.098934089336,2027.5999999999995
783,432,93,4.590914309410871,2.9305555555555554,9.55254629629629,13.36236111111111,40.969907407407405,15.04027777777777,20.260369658874932,92.52314814814815,92.48057827792681,9.0,10.699999999999994,13.759999999999998,47.5,93.2511614335315,109,0.2503364618172696,1.0,8.200000000000003,12.919999999999991,35.0,0.08826641222739551,79,1983.2749816654964,1884.2143782753687,3867.489359940865,1816.0999999999995
784,427,117,4.637666198732961,2.9601873536299768,9.547072599531615,13.359812646370026,40.88056206088993,15.60585480093676,17.719589586872342,92.44730679156909,95.24646278208935,9.0,10.799999999999994,13.759999999999998,47.5,93.0,109,0.2503364618172696,1.0,8.200000000000003,12.919999999999991,35.0,0.0013458472690783818,79,1980.2834668589742,2073.191981664064,4053.475448523038,2387.0999999999995
785,406,140,5.406887200329015,2.9482758620689653,9.559605911330049,13.360246305418709,40.850985221674875,15.57241379310344,12.823951113403526,92.89901477832512,96.88755780537505,9.0,10.799999999999994,13.819999999999999,47.0,95.24646278208935,110,0.27066991488086517,1.0,8.200000000000003,12.919999999999991,35.0,0.032547352647102734,79,2195.19620333358,1795.3531558764937,3990.549359210074,2791.5999999999995
786,424,120,5.504080506781592,2.952830188679245,9.580188679245282,13.365047169811318,41.01533018867924,15.791509433962265,16.133684908163442,93.60377358490567,96.34764743532718,9.0,10.799999999999994,13.819999999999999,47.0,96.0,111,0.2581368381617757,1.0,8.200000000000003,12.919999999999991,35.0,0.004048599013774856,80,2333.730134875395,1936.0421889796132,4269.772323855008,2067.2999999999997
787,422,128,5.142324192476236,3.004739336492891,9.632227488151655,13.371848341232242,41.247630331753555,15.211374407582937,17.819245069695548,94.59478672985782,88.54133982976172,9.0,10.799999999999994,13.819999999999999,46.5,95.0,111,0.2581368381617757,1.0,8.300000000000002,12.919999999999991,35.0,0.07794270404743298,80,2170.0608092249718,2280.86336892103,4450.924178146002,2306.9999999999995
788,437,133,5.151266663663875,3.0846681922196795,9.652402745995419,13.378169336384454,41.17848970251716,13.977574370709391,17.73889517806086,94.86727688787185,84.28846390789133,9.0,10.799999999999994,13.819999999999999,46.5,95.0,111,0.2542107136876853,1.0,8.300000000000002,12.979999999999992,35.0,0.13803865500817247,80,2251.103532021113,2359.2730586820944,4610.3765907032075,2124.8999999999996
789,464,114,5.5823673166403855,3.1336206896551726,9.679525862068969,13.38125000000001,41.19719827586207,14.04719827586208,21.47809505898802,95.3103448275862,96.20251807118521,9.0,10.799999999999994,13.879999999999999,46.5,99.0,111,0.2542107136876853,1.0,8.400000000000002,12.979999999999992,34.5,0.02963475444877539,81,2590.218434921139,2448.5028367246346,5038.721271645773,1731.1999999999996
790,472,106,6.5217083373569835,3.044491525423729,9.700000000000001,13.379152542372887,41.31673728813559,14.220974576271189,15.002052985571565,95.78601694915254,98.65765134094066,9.0,10.799999999999994,13.879999999999999,47.0,96.0,111,0.250712056341983,1.0,8.400000000000002,12.919999999999991,34.5,0.0168428547507411,81,3078.246335232496,1590.2176164705859,4668.463951703082,2395.2999999999993
791,478,128,5.526972421358097,3.100418410041841,9.710041841004168,13.371882845188294,41.24686192468619,14.441422594142262,16.79560474851676,95.81589958158996,98.65765134094066,9.0,10.799999999999994,13.879999999999999,47.0,97.92642521703822,112,0.250712056341983,1.0,8.400000000000002,12.919999999999991,34.5,0.2052217984878386,81,2641.89281740917,2149.837407810145,4791.730225219315,2610.9999999999995
792,468,125,6.055662040284741,3.074786324786325,9.694444444444438,13.365128205128219,41.24679487179487,14.803632478632474,15.164163785662009,95.84188034188034,118.0506295177963,9.0,10.799999999999994,13.879999999999999,47.0,96.92642521703822,112,0.250712056341983,1.0,8.400000000000002,12.85999999999999,34.5,0.03543972093058878,82,2834.0498348532587,1895.5204732077511,4729.57030806101,2879.099999999999
793,489,122,5.908241180736874,3.0388548057259714,9.680572597137017,13.358404907975478,41.28323108384458,14.315337423312895,18.447576888063388,96.00613496932516,118.0506295177963,9.0,10.799999999999994,13.879999999999999,47.0,98.65765134094066,113,0.2542107136876853,1.0,8.400000000000002,12.85999999999999,34.5,0.1592131043826721,82,2889.1299373803313,2250.6043803437333,5139.734317724065,2644.0999999999995
794,511,118,6.088615316510951,3.0058708414872797,9.693346379647751,13.355146771037187,41.42270058708415,14.01467710371821,17.95999726008152,96.43248532289628,118.0506295177963,9.0,10.799999999999994,13.879999999999999,47.0,98.87915613821659,113,0.2542107136876853,1.0,8.400000000000002,12.85999999999999,34.5,0.004052296788080945,82,3111.2824267370956,2119.279676689619,5230.562103426715,2389.7999999999993
795,517,131,6.181241921541369,3.02321083172147,9.691682785299813,13.356595744680867,41.500967117988395,14.61257253384914,15.989786428778585,96.74854932301741,112.51265737944908,9.0,10.799999999999994,13.759999999999998,47.0,118.0506295177963,113,0.25675264805509973,1.0,8.300000000000002,12.85999999999999,34.0,0.07376775175391392,82,3195.702073436888,2094.6620221699945,5290.364095606883,3042.5999999999995
796,525,135,6.5361359592150015,3.026666666666667,9.681904761904772,13.35382857142858,41.53809523809524,14.75504761904762,14.025426018214944,96.9695238095238,117.42642060401187,9.0,10.799999999999994,13.759999999999998,47.0,96.87915613821659,113,0.25675264805509973,1.0,8.300000000000002,12.85999999999999,34.0,0.033804364206014625,82,3431.4713785878757,1893.4325124590173,5324.9038910468935,2895.7999999999993
797,511,140,6.442581745027998,3.045009784735812,9.701565557729941,13.360195694716245,41.7426614481409,15.20293542074363,13.349525540282325,97.49902152641879,117.42642060401187,9.0,10.799999999999994,13.759999999999998,47.0,112.51265737944908,113,0.25675264805509973,1.0,8.300000000000002,12.919999999999991,34.0,0.025253233929490193,82,3292.159271709307,1868.9335756395255,5161.092847348833,3090.399999999999
798,521,151,5.681408142113763,3.111324376199616,9.688675623800375,13.373397312859893,41.715930902111324,15.014971209213048,13.523277026502678,97.64875239923225,117.42642060401187,9.0,10.799999999999994,13.819999999999999,47.0,111.51265737944908,114,0.25675264805509973,1.0,8.300000000000002,12.919999999999991,34.0,0.025253233929490193,82,2960.0136420412705,2042.0148310019042,5002.028473043175,3293.399999999999
799,541,138,5.48821693284043,3.147874306839187,9.691682070240287,13.374602587800382,41.79482439926063,15.310536044362289,15.088150035660693,98.01478743068392,95.20150934702538,9.0,10.899999999999993,13.819999999999999,47.0,117.42642060401187,114,0.25675264805509973,1.0,8.300000000000002,12.919999999999991,34.0,0.017621960561553074,83,2969.125360666673,2082.1647049211756,5051.290065587848,3120.599999999999
800,532,162,5.102249262448262,3.1278195488721803,9.693609022556386,13.374736842105277,41.83270676691729,15.668233082706763,13.821291745330466,98.29323308270676,78.28519389539964,9.0,10.899999999999993,13.819999999999999,47.0,116.42642060401187,114,0.25675264805509973,1.0,8.300000000000002,12.919999999999991,34.5,0.07059419205971373,83,2714.396607622475,2239.0492627435356,4953.445870366011,3497.7999999999993
801,519,149,5.4635442301948025,3.069364161849711,9.713872832369942,13.373294797687885,41.94219653179191,16.725626204238925,14.099851900660566,98.70134874759152,117.2184016817449,9.0,10.899999999999993,13.819999999999999,47.0,94.0,114,0.25675264805509973,1.0,8.300000000000002,12.919999999999991,34.5,0.013757388977287732,83,2835.5794554711024,2100.877933198424,4936.457388669527,3363.499999999999
802,504,157,6.296315663326831,2.9742063492063493,9.706944444444455,13.371785714285705,41.90277777777778,17.60595238095239,9.944312752353225,98.75992063492063,109.46439550614696,9.0,10.899999999999993,13.819999999999999,47.0,87.0,115,0.25675264805509973,1.0,8.300000000000002,12.919999999999991,34.5,0.06719631874571363,83,3173.3430943167227,1561.2571021194565,4734.600196436179,3649.899999999999
803,504,165,5.209456538307389,2.9067460317460316,9.733134920634921,13.367738095238103,41.94642857142857,15.896031746031746,12.990095015638177,99.27777777777777,96.39005602460205,8.0,10.899999999999993,13.819999999999999,47.0,86.0,115,0.28011204920410776,1.0,8.300000000000002,12.919999999999991,34.5,0.25903775538313845,84,2625.566095306924,2143.3656775802992,4768.931772887223,2625.6999999999994
804,525,179,4.957985588170901,2.9257142857142857,9.739809523809527,13.368228571428581,42.021904761904764,14.44609523809524,14.381422795562893,99.72,96.39005602460205,8.0,10.899999999999993,13.819999999999999,47.0,91.0,115,0.2621061322632994,1.0,8.300000000000002,12.919999999999991,34.0,0.024340258012899296,84,2602.942433789723,2574.274680405758,5177.2171141954805,2470.0999999999995
805,538,154,4.929268243711431,2.9107806691449816,9.725092936802973,13.370780669144992,41.88104089219331,15.286617100371751,16.014436916826483,99.56319702602231,91.12343507689766,8.0,10.899999999999993,13.819999999999999,47.0,96.39005602460205,115,0.2619065894178437,1.0,8.300000000000002,12.919999999999991,34.0,0.19596524076445299,84,2651.9463151167497,2466.223285191278,5118.169600308028,3145.599999999999
806,535,148,6.041218441054406,2.897196261682243,9.698130841121483,13.374317757009349,41.80747663551402,16.13327102803738,11.43226380153476,99.45607476635514,97.1888130276773,8.0,10.899999999999993,13.819999999999999,47.0,86.0,115,0.2619065894178437,1.0,8.200000000000003,12.919999999999991,34.0,0.054821733111736215,84,3232.051865964107,1691.9750426271444,4924.026908591251,3731.999999999999
807,512,174,5.3942050438025175,2.890625,9.652148437499996,13.379140625000014,41.5859375,15.508789062500007,11.207206949575548,98.9375,97.1888130276773,8.0,10.799999999999994,13.819999999999999,47.0,85.0,115,0.2619065894178437,1.0,8.200000000000003,12.85999999999999,34.0,0.048424529053197496,86,2761.832982426889,1950.0540092261454,4711.886991653035,3483.699999999999
808,513,153,5.702351949181249,2.9005847953216373,9.657504873294343,13.393333333333336,41.72514619883041,15.687914230019496,11.171067236101099,99.37426900584795,97.1888130276773,8.0,10.799999999999994,13.819999999999999,47.0,98.0,115,0.2619065894178437,1.0,8.200000000000003,12.85999999999999,34.0,0.07006739298091702,86,2925.306549929981,1709.173287123468,4634.479837053449,2941.1999999999994
809,543,140,4.836517269438423,2.9134438305709023,9.676058931860034,13.39325966850831,41.629834254143645,15.739963167587486,16.782670097643948,99.74585635359117,95.11632238964705,8.0,10.799999999999994,13.819999999999999,47.0,97.1888130276773,116,0.2535566045123465,1.0,8.200000000000003,12.85999999999999,34.0,0.012360244648211616,86,2626.2288773050636,2349.5738136701525,4975.802690975216,2899.2999999999993
810,560,131,5.238577589893341,2.9267857142857143,9.681071428571432,13.393142857142864,41.56785714285714,15.504107142857151,15.28172010273701,99.97857142857143,97.94874609841125,8.0,10.799999999999994,13.879999999999999,47.0,96.1888130276773,117,0.2535566045123465,1.0,8.200000000000003,12.85999999999999,34.0,0.05009578865772557,86,2933.6034503402707,2001.9053334585483,4935.508783798819,3340.499999999999
811,583,149,5.14273032777298,2.8542024013722127,9.701543739279595,13.388267581475132,41.60034305317324,14.358319039451114,14.364585987453827,100.41852487135506,97.76078393378857,7.0,10.899999999999993,13.879999999999999,47.0,99.0,117,0.264510378517017,1.0,8.300000000000002,12.85999999999999,34.0,0.01422641804938607,86,2998.211781091647,2140.3233121306203,5138.535093222267,2982.6999999999994
812,597,141,5.826032057023048,2.815745393634841,9.701675041876047,13.378492462311586,41.63316582914573,14.325125628140695,13.755927533218879,100.43383584589614,103.24048911004893,7.0,10.899999999999993,13.879999999999999,47.0,93.0,117,0.264510378517017,1.0,8.300000000000002,12.79999999999999,34.0,0.014138917940100804,87,3478.14113804276,1939.585782183862,5417.726920226622,2784.599999999999
813,596,151,5.73822408275999,2.8087248322147653,9.701342281879203,13.374127516778543,41.59563758389262,14.746812080536907,14.016989415204733,100.54194630872483,103.24048911004893,7.0,10.899999999999993,13.879999999999999,47.0,99.0,117,0.264510378517017,1.0,8.300000000000002,12.73999999999999,34.0,0.017969026830182422,87,3419.981553324954,2116.5654016959147,5536.546955020869,3896.199999999999
814,582,163,5.890647006314758,2.7800687285223367,9.695704467353956,13.362371134020622,41.547250859106526,15.08264604810996,13.193185888610044,100.28006872852234,87.2262100930972,7.0,10.899999999999993,13.819999999999999,47.5,103.24048911004893,117,0.251296673308002,1.0,8.300000000000002,12.73999999999999,34.0,0.02580672873146228,87,3428.3565576751894,2150.489299843437,5578.845857518627,3716.399999999999
815,569,141,5.964349754271692,2.796133567662566,9.698945518453424,13.357082601054486,41.5079086115993,16.54042179261862,15.723126915608448,100.49209138840071,105.22179392953844,7.0,10.899999999999993,13.819999999999999,47.5,97.0,117,0.251296673308002,1.0,8.300000000000002,12.73999999999999,34.0,0.02146859316384364,87,3393.7150101805923,2216.9608951007913,5610.675905281383,3645.699999999999
816,569,161,5.050770983583598,2.8101933216168717,9.729525483304036,13.350650263620407,41.68014059753954,15.941652021089627,16.27951194709776,101.29701230228471,105.22179392953844,7.0,10.899999999999993,13.819999999999999,47.5,96.0,117,0.251296673308002,1.0,8.300000000000002,12.73999999999999,34.0,0.10423877824596639,88,2873.888689659067,2621.0014234827395,5494.890113141806,3441.099999999999
817,577,176,5.029346903067394,2.8093587521663776,9.722357019064123,13.346447140381295,41.67331022530329,14.76395147313692,17.036532763608452,101.48873483535529,94.22093082972418,7.0,10.899999999999993,13.819999999999999,47.5,95.0,117,0.251296673308002,1.0,8.300000000000002,12.79999999999999,34.0,0.02086436860767238,88,2901.933163069886,2998.4297663950874,5900.362929464974,2856.7999999999993
818,589,158,6.302302872652459,2.8200339558573853,9.713412563667235,13.35059422750425,41.596774193548384,14.990662139219008,16.790245771447758,101.52461799660442,95.76610870307235,7.0,10.899999999999993,13.819999999999999,47.5,94.0,117,0.26444471259313784,1.0,8.300000000000002,12.73999999999999,34.0,0.04172873721534476,88,3712.0563919922984,2652.858831888746,6364.915223881044,3001.6999999999994
819,597,173,6.0697038922746325,2.8391959798994977,9.704187604690118,13.351356783919591,41.60134003350084,14.954606365159123,14.74698707642401,101.71021775544389,95.76610870307235,7.0,10.899999999999993,13.819999999999999,47.5,93.0,117,0.26444471259313784,1.0,8.200000000000003,12.73999999999999,34.0,0.24134296309483272,88,3623.6132236879557,2551.2287642213537,6174.841987909309,3579.599999999999
820,618,174,6.018471773450406,2.820388349514563,9.703721682847894,13.348155339805823,41.694983818770226,14.524757281553415,16.026513658070865,102.01456310679612,95.76610870307235,7.0,10.999999999999993,13.819999999999999,47.5,99.0,117,0.26444471259313784,1.0,8.200000000000003,12.73999999999999,34.0,0.13145735941745373,88,3719.4155559923506,2788.6133765043305,6508.028932496682,3215.999999999999
821,645,163,6.2139560830051055,2.8217054263565893,9.696589147286835,13.353767441860468,41.73565891472868,14.138294573643416,16.63771214541298,102.04186046511627,98.6560789043386,7.0,10.999999999999993,13.879999999999999,47.5,96.0,117,0.26757416464294503,1.0,8.200000000000003,12.73999999999999,34.0,0.06544254014697248,88,4008.0016735382933,2711.947079702316,6719.948753240609,3044.999999999999
822,637,180,5.827663106290883,2.802197802197802,9.710675039246466,13.366185243328104,41.89795918367347,15.104709576138152,16.03366873140882,102.65463108320252,98.6560789043386,7.0,10.999999999999993,13.879999999999999,47.5,98.0,118,0.26757416464294503,1.0,8.200000000000003,12.73999999999999,34.0,0.015488649827991807,88,3712.2213987072923,2886.060371653588,6598.28177036088,4281.999999999999
823,628,197,5.731439403696584,2.7770700636942673,9.686146496815297,13.359872611464965,42.00238853503185,14.975955414012741,15.264641513846406,102.67038216560509,98.6560789043386,7.0,10.999999999999993,13.879999999999999,47.5,100.99426253945674,118,0.2589816542283785,1.0,8.200000000000003,12.73999999999999,35.0,0.14230698358801575,88,3599.3439455214543,3007.134378227742,6606.4783237491965,4198.0999999999985
824,628,212,5.648053433846115,2.789808917197452,9.685191082802554,13.35824840764332,42.10270700636943,14.375955414012754,14.394188154758709,103.31369426751593,96.39956233340806,7.0,10.899999999999993,13.879999999999999,47.5,99.99426253945674,118,0.2589816542283785,1.0,8.200000000000003,12.73999999999999,34.5,0.0043653746873193455,88,3546.9775564553597,3051.5678888088464,6598.545445264206,3898.399999999999
825,662,180,6.000288877379837,2.788519637462236,9.697583081570984,13.348882175226606,42.157099697885194,14.092447129909369,13.858478147793884,103.78549848942598,101.45102318226867,7.0,10.899999999999993,13.879999999999999,47.5,91.0,119,0.2562298082309736,1.0,8.200000000000003,12.79999999999999,34.5,0.031052331953514534,88,3972.191236825452,2494.526066602899,6466.717303428351,3559.1999999999994
826,681,174,5.920434532975603,2.801762114537445,9.692511013215862,13.344229074889885,42.25550660792952,14.056093979441995,15.513147266392817,104.09251101321586,90.06291471986414,7.0,10.899999999999993,13.879999999999999,47.5,96.39956233340806,119,0.25174780965136945,1.0,8.200000000000003,12.79999999999999,34.5,0.051337492972018506,88,4031.815916956386,2699.28762435235,6731.103541308736,3572.199999999999
827,689,155,6.361693070575059,2.769230769230769,9.693468795355594,13.343483309143673,42.269956458635704,15.444121915820038,14.165650667729835,104.30478955007257,96.93498275935605,7.0,10.899999999999993,13.879999999999999,47.5,89.0,119,0.25174780965136945,1.0,8.200000000000003,12.73999999999999,34.5,0.11320314973291357,89,4383.206525626216,2195.6758534981245,6578.88237912434,4290.999999999999
828,702,172,5.840545850032919,2.8176638176638176,9.699572649572657,13.350940170940188,42.36538461538461,15.87834757834759,12.401168900574111,104.72792022792022,83.40349520777175,8.0,10.899999999999993,13.879999999999999,47.5,88.55203208683403,119,0.25174780965136945,1.0,8.200000000000003,12.73999999999999,34.5,0.01210212221509499,89,4100.0631867231095,2133.001050898747,6233.064237621857,4732.799999999998
829,705,197,5.059851721193365,2.8226950354609928,9.680425531914894,13.347404255319159,42.34184397163121,15.105106382978736,13.26388384247376,104.68368794326241,88.58530496197218,8.0,10.899999999999993,13.879999999999999,47.5,97.0,119,0.25174780965136945,1.0,8.200000000000003,12.73999999999999,34.5,0.019077044214440342,89,3567.195463441322,2612.9851169673307,6180.1805804086525,4514.999999999999
830,700,204,5.444096963959618,2.861428571428571,9.673,13.343685714285717,42.395714285714284,15.369142857142878,11.977040056768066,104.76428571428572,88.30998438768567,9.0,10.899999999999993,13.879999999999999,47.5,98.0,119,0.2562298082309736,1.0,8.300000000000002,12.679999999999989,34.5,0.026766302142753995,89,3810.8678747717327,2443.3161715806855,6254.184046352419,4588.199999999999
831,682,202,5.438602498622313,2.903225806451613,9.653958944281529,13.34413489736071,42.341642228739005,16.33519061583579,11.95911750667671,104.82697947214076,98.68608143546145,9.0,10.799999999999994,13.879999999999999,47.5,97.0,119,0.25230165582889896,1.0,8.200000000000003,12.679999999999989,34.5,0.0018036526479778825,89,3709.1269040604175,2415.7417363486957,6124.868640409113,5188.399999999999
832,644,217,5.297077494890152,2.87888198757764,9.664751552795034,13.34922360248448,42.410714285714285,16.714906832298144,10.834896622054046,105.20496894409938,125.84731295639669,9.0,10.799999999999994,13.879999999999999,47.5,94.0,120,0.25230165582889896,1.0,8.200000000000003,12.679999999999989,34.5,0.060493580047479956,89,3411.317906709258,2351.172566985728,5762.490473694986,4961.399999999999
833,631,209,5.28684510085805,2.8700475435816166,9.670206022186994,13.350269413629169,42.4310618066561,15.650554675118851,11.60184624428642,105.42155309033281,107.22349058907889,9.0,10.799999999999994,13.879999999999999,47.5,94.0,121,0.25045091316199447,1.0,8.200000000000003,12.679999999999989,34.0,0.04301780272343514,90,3335.9992586414296,2424.785865055862,5760.785123697291,3892.7999999999993
834,653,189,5.2797603713805135,2.797856049004594,9.675650842266466,13.352771822358347,42.39969372128637,15.516692189892808,14.475039278679784,105.66462480857581,95.35812737974966,9.0,10.799999999999994,13.94,47.5,87.0,121,0.25045091316199447,1.0,8.200000000000003,12.679999999999989,34.0,0.017364194125424337,90,3447.683522511475,2735.782423670479,6183.465946181954,3427.499999999999
835,648,200,5.196426521443337,2.771604938271605,9.673148148148144,13.345000000000004,42.375,15.297839506172833,13.90496439447716,105.56635802469135,86.3053085166614,8.0,10.799999999999994,13.94,47.5,93.0,121,0.25045091316199447,1.0,8.200000000000003,12.679999999999989,34.0,0.003607305295955765,90,3367.2843858952824,2780.992878895432,6148.277264790715,3964.699999999999
836,662,175,5.607454464364101,2.7764350453172204,9.687160120845931,13.345709969788523,42.46676737160121,15.974773413897271,17.31757116411237,105.98640483383686,86.14892463455573,8.0,10.799999999999994,13.94,47.5,99.0,121,0.25557966808635624,1.0,8.200000000000003,12.679999999999989,34.0,0.062404653765081974,90,3712.1348554090346,3030.5749537196643,6742.709809128699,3265.6999999999994
837,680,192,5.7779155875757695,2.7808823529411764,9.69338235294117,13.351117647058821,42.51911764705882,15.813088235294137,14.44558430477482,106.51029411764706,93.71101318689956,8.0,10.799999999999994,13.94,47.5,98.0,121,0.25557966808635624,1.0,8.200000000000003,12.679999999999989,34.0,0.000352503860024056,90,3928.9825995515234,2773.5521865167657,6702.534786068289,4024.299999999999
838,682,181,6.268244113336114,2.775659824046921,9.69780058651026,13.334809384164219,42.5,15.730205278592367,12.724251101289331,106.46041055718474,99.50332066493263,8.0,10.799999999999994,13.94,47.5,97.0,121,0.25557966808635624,1.0,8.200000000000003,12.679999999999989,34.0,0.029218211229876445,90,4274.94248529523,2303.089449333369,6578.031934628599,4104.5999999999985
839,708,177,6.007192593633427,2.7768361581920904,9.70564971751412,13.332457627118622,42.48870056497175,16.106497175141236,12.02408411355682,106.57768361581921,98.38962551696933,9.0,10.799999999999994,13.879999999999999,48.0,91.0,121,0.25557966808635624,1.0,8.100000000000003,12.679999999999989,34.0,0.11011943156174464,90,4253.092356292466,2128.262888099557,6381.355244392023,4158.499999999999
840,693,204,5.5471165537333915,2.790764790764791,9.693650793650802,13.323982683982681,42.45815295815296,16.381673881673873,11.433996336268162,106.53102453102453,98.38962551696933,9.0,10.799999999999994,13.879999999999999,48.0,98.0,122,0.25557966808635624,1.0,8.100000000000003,12.679999999999989,34.0,0.023615627372981063,90,3844.1517717372403,2332.535252598705,6176.687024335945,4908.5999999999985
841,663,204,5.958104514537311,2.811463046757164,9.705882352941156,13.322533936651586,42.48567119155354,16.70331825037709,9.72035329623929,107.03167420814479,98.38962551696933,9.0,10.799999999999994,13.879999999999999,48.0,97.0,122,0.25557966808635624,1.0,8.100000000000003,12.679999999999989,34.0,0.018746254741203394,91,3950.2232931382373,1982.9520724328152,5933.175365571053,4812.999999999999
842,645,207,5.316017452794912,2.848062015503876,9.703875968992246,13.325860465116277,42.526356589147284,16.48527131782945,10.97443034855007,107.13333333333334,92.5450731551283,9.0,10.799999999999994,13.879999999999999,48.0,98.38962551696933,122,0.2574966158159743,1.0,8.100000000000003,12.679999999999989,33.5,0.03517893941504324,91,3428.8312570527182,2271.7070821498646,5700.538339202583,4490.999999999999
843,626,190,5.661072941139901,2.8594249201277955,9.702555910543136,13.326581469648557,42.62699680511182,16.179872204472865,11.974084395813442,107.34664536741214,92.5450731551283,9.0,10.799999999999994,13.879999999999999,48.0,97.38962551696933,122,0.2524997153040679,1.0,8.000000000000004,12.679999999999989,33.5,0.06214535886536243,91,3543.831661153578,2275.076035204554,5818.907696358132,3746.099999999999
844,648,172,5.5005898541204,2.8333333333333335,9.703549382716057,13.321944444444446,42.698302469135804,16.380709876543204,14.816100978135541,107.4429012345679,95.10543791879321,9.0,10.799999999999994,13.879999999999999,48.0,98.0,122,0.2524997153040679,1.0,8.000000000000004,12.679999999999989,33.5,0.009925689060628518,91,3564.382225470019,2548.369368239313,6112.751593709332,3441.499999999999
845,626,204,4.917304292870597,2.7859424920127798,9.71613418530351,13.319584664536732,42.930511182108624,15.994089456868986,14.92731711971404,107.90415335463258,95.87460181897622,9.0,10.799999999999994,13.879999999999999,48.0,97.0,123,0.2524997153040679,1.0,8.000000000000004,12.679999999999989,33.5,0.002779205529884088,91,3078.2324873369935,3045.172692421664,6123.405179758658,4269.399999999999
846,630,176,5.773929260099492,2.823809523809524,9.715873015873008,13.321142857142855,42.99126984126984,16.67809523809525,14.954676199776445,108.34603174603174,97.03038772213657,9.0,10.799999999999994,13.879999999999999,48.0,96.0,123,0.2524997153040679,1.0,8.000000000000004,12.679999999999989,34.0,0.02042652428562053,92,3637.5754338626803,2632.0230111606543,6269.5984450233345,3589.199999999999
847,641,187,5.8187030947030065,2.812792511700468,9.701404056162241,13.317628705148213,42.921996879875195,15.998439937597496,13.153835558664246,108.45397815912636,98.03574564167947,9.0,10.799999999999994,13.879999999999999,48.0,95.0,124,0.2524997153040679,1.0,8.000000000000004,12.679999999999989,34.0,0.04085304857124106,93,3729.788683704627,2459.767249470214,6189.555933174841,3764.799999999999
848,657,178,5.8643207074511885,2.837138508371385,9.698630136986305,13.32018264840183,42.98021308980213,15.790563165905622,12.612748215319186,108.59208523592085,98.03574564167947,9.0,10.799999999999994,13.879999999999999,48.0,97.0,124,0.2524997153040679,1.0,8.000000000000004,12.679999999999989,34.0,0.03363634981376773,93,3852.858704795431,2245.0691823268153,6097.927887122247,3613.999999999999
849,650,185,5.527519927013758,2.8430769230769233,9.698153846153856,13.316738461538446,42.98230769230769,17.069384615384628,12.879605433398993,108.56307692307692,98.03574564167947,9.0,10.899999999999993,13.879999999999999,48.0,96.0,124,0.2571573764042342,1.0,8.000000000000004,12.679999999999989,34.0,0.2350600324379264,93,3592.8879525589427,2382.7270051788137,5975.614957737756,4757.199999999999
850,635,198,5.40843436252763,2.8881889763779527,9.695433070866132,13.310047244094475,43.000787401574804,17.11826771653545,11.751901500389982,108.60314960629921,98.03574564167947,9.0,10.899999999999993,13.879999999999999,48.0,95.0,124,0.2571573764042342,1.0,8.000000000000004,12.619999999999989,34.0,0.0018318272577761974,93,3434.355820205045,2326.8764970772163,5761.232317282262,4799.299999999998
851,642,183,5.558691222856823,2.970404984423676,9.70669781931464,13.311962616822425,42.99065420560748,16.742211838006234,12.151061254003787,108.91744548286604,108.22085227186336,10.0,10.899999999999993,13.879999999999999,48.0,98.03574564167947,124,0.25997714613262796,1.0,8.000000000000004,12.619999999999989,34.0,0.007798624360647377,93,3568.6797650740805,2223.644209482693,5792.3239745567735,3851.2999999999993
852,635,188,5.890516795444308,3.02992125984252,9.731496062992138,13.310519685039365,43.05905511811024,16.22377952755907,10.367092176276135,109.16062992125984,107.10023098398034,10.0,10.899999999999993,13.879999999999999,48.0,97.03574564167947,124,0.25223410260496654,1.0,8.300000000000002,12.619999999999989,34.0,0.0053120857090087625,93,3740.4781651071353,1949.0133291399131,5689.491494247049,3930.999999999999
853,640,152,6.09598266579704,3.08125,9.739687499999992,13.314968749999997,43.0,17.08515625,11.103896313817955,109.21875,107.10023098398034,10.0,10.999999999999993,13.94,48.0,92.38784561150345,125,0.2513280214272522,1.0,8.200000000000003,12.619999999999989,34.0,0.012088454493525358,93,3901.4289061101053,1687.7922397003292,5589.221145810435,3774.499999999999
854,636,159,5.952980795633073,3.130503144654088,9.751100628930816,13.329716981132062,42.92610062893082,17.252830188679237,10.386276004400948,109.63050314465409,107.10023098398034,10.0,10.999999999999993,13.94,48.0,91.38784561150345,125,0.2513280214272522,1.0,8.200000000000003,12.619999999999989,34.0,0.014815137038061144,93,3786.0957860226345,1651.4178846997506,5437.513670722385,4214.499999999999
855,635,156,5.420031893584004,3.1354330708661418,9.752598425196847,13.328661417322836,42.87322834645669,17.339212598425192,12.425818760242967,109.84409448818897,93.35249585963247,10.0,10.999999999999993,13.94,46.5,107.10023098398034,125,0.2513280214272522,1.0,8.200000000000003,12.619999999999989,34.5,0.03800726196429682,94,3441.7202524258423,1938.4277265979028,5380.147979023745,3891.999999999999
856,604,181,4.951140299916019,3.1572847682119205,9.773013245033113,13.334039735099347,42.89238410596027,16.666390728476813,12.191044800177746,110.44370860927152,93.35249585963247,10.0,10.899999999999993,14.0,46.5,106.10023098398034,125,0.2513280214272522,1.0,8.200000000000003,12.619999999999989,34.5,0.018185663111237815,94,2990.4887411492755,2206.579108832172,5197.067849981448,4275.299999999999
857,626,154,5.3336763410144545,3.196485623003195,9.755910543130993,13.336357827476046,42.90255591054313,16.67268370607028,13.834601341425673,110.38817891373802,90.43215265902415,10.0,10.899999999999993,14.0,47.0,105.10023098398034,125,0.2513280214272522,1.0,8.200000000000003,12.619999999999989,34.5,0.06925956025848778,94,3338.8813894750483,2130.5286065795535,5469.409996054602,2904.399999999999
858,622,161,5.499355220468127,3.210610932475884,9.765916398713827,13.352250803858533,43.057877813504824,17.292282958199362,12.349434174696732,110.58360128617363,106.9533435244224,10.0,10.999999999999993,14.0,47.0,95.0,125,0.2513280214272522,1.0,8.200000000000003,12.619999999999989,34.5,0.01027054701367458,94,3420.598947131175,1988.2589021261738,5408.857849257349,3971.899999999999
859,583,176,5.89961094096071,3.1578044596912522,9.755231560891927,13.355128644939992,43.08662092624357,17.782675814751297,10.126939123748436,110.69125214408233,106.9533435244224,10.0,10.999999999999993,14.0,47.0,90.0,125,0.2513280214272522,1.0,8.300000000000002,12.73999999999999,34.5,0.043121006402232265,94,3439.473178580094,1782.3412857797246,5221.814464359819,4361.499999999999
860,567,186,5.50824686438646,3.1516754850088184,9.755555555555553,13.353015873015888,43.05643738977072,16.543386243386255,14.379293386460652,110.78835978835978,106.9533435244224,10.0,10.999999999999993,14.0,47.0,98.0,125,0.2513280214272522,1.0,8.300000000000002,12.73999999999999,34.5,0.04692079733197385,95,3123.175972107123,2674.5485698816815,5797.724541988804,3264.199999999999
861,586,167,5.202995025722251,3.175767918088737,9.756484641638231,13.35648464163824,42.96928327645051,15.84453924914675,17.032885636725457,111.12627986348123,106.9533435244224,10.0,10.999999999999993,13.94,47.0,97.0,126,0.2513280214272522,1.0,8.300000000000002,12.679999999999989,34.5,0.08755535390198621,95,3048.955085073239,2844.4919013331514,5893.44698640639,2719.999999999999
862,591,175,5.448675298229177,3.1336717428087986,9.750423011844324,13.35411167512693,42.93231810490694,15.502199661590526,17.84413412778617,111.05922165820643,93.11096805967324,10.0,10.999999999999993,14.0,47.0,106.9533435244224,126,0.25539012580027903,1.0,8.300000000000002,12.679999999999989,34.5,0.050089099878672716,95,3220.167101253444,3122.7234723625797,6342.890573616023,3262.999999999999
863,622,149,6.843472542708794,3.1543408360128615,9.74340836012861,13.340675241157578,43.02974276527331,15.974276527331176,16.14967383281372,111.09807073954984,110.04023410394882,10.0,11.099999999999993,14.0,47.0,98.0,127,0.25539012580027903,1.0,8.300000000000002,12.679999999999989,34.5,0.07960774523978342,95,4256.63992156487,2406.301401089244,6662.941322654114,3246.099999999999
864,636,151,6.676540303113375,3.138364779874214,9.761635220125786,13.322264150943415,43.179245283018865,15.782389937106919,13.21360579291844,111.40723270440252,95.07392749916114,10.0,11.099999999999993,14.0,47.0,110.04023410394882,127,0.2596459549627752,1.0,8.300000000000002,12.679999999999989,34.5,0.0878214692193966,95,4246.279632780107,1995.2544747306845,6241.534107510792,3853.399999999999
865,655,146,6.629381694775083,3.1312977099236643,9.77404580152671,13.322961832061084,43.22595419847328,15.785190839694659,11.620504991365495,111.68854961832061,109.55109542638962,10.0,11.099999999999993,14.0,47.0,93.6353832422531,128,0.25089150594580345,1.0,8.300000000000002,12.679999999999989,34.5,0.0883728082648938,95,4342.24501007768,1696.5937287393622,6038.838738817041,3886.399999999999
866,677,146,5.9103022343479665,3.072378138847858,9.794534711964541,13.32573116691286,43.25480059084195,15.34918759231906,15.928757602778086,112.17872968980798,95.07392749916114,10.0,11.099999999999993,14.0,47.0,97.0,128,0.25089150594580345,1.0,8.300000000000002,12.679999999999989,34.5,0.03441432359448271,95,4001.274612653573,2325.5986100056007,6326.873222659174,3539.999999999999
867,684,164,5.69871177502566,3.0453216374269005,9.797953216374275,13.331052631578965,43.15277777777778,14.661403508771931,16.695494255148667,112.31286549707602,100.40631105218255,10.0,11.099999999999993,14.0,47.0,98.0,128,0.25089150594580345,1.0,8.300000000000002,12.679999999999989,34.0,0.24568822445769678,95,3897.9188541175513,2738.061057844381,6635.979911961933,3821.9999999999986
868,714,161,5.836938177875712,3.0364145658263304,9.800980392156864,13.340756302521017,43.174369747899156,15.687254901960772,13.623635912793343,112.5532212885154,100.40631105218255,10.0,11.099999999999993,14.0,47.0,97.0,128,0.25089150594580345,1.0,8.300000000000002,12.679999999999989,34.0,0.057502779237987856,95,4167.573859003259,2193.4053819597284,6360.979240962987,4656.0999999999985
869,705,182,5.092743506438164,3.0127659574468084,9.807943262411348,13.343234042553195,43.16382978723404,16.080425531914887,14.766362022692325,112.7517730496454,97.0598015387471,11.0,11.099999999999993,14.0,47.0,99.0,128,0.25089150594580345,1.0,8.300000000000002,12.679999999999989,33.5,0.02680769498373481,96,3590.3841720389055,2687.477888130003,6277.862060168909,4674.999999999999
870,700,181,5.705764487558062,3.0557142857142856,9.817571428571426,13.343600000000023,43.08357142857143,16.078571428571422,12.719769605906555,113.17571428571429,103.99845630511236,11.0,11.099999999999993,14.0,47.0,97.0598015387471,127,0.25089150594580345,1.0,8.300000000000002,12.679999999999989,33.5,0.0025921118011409394,96,3994.035141290643,2302.2782986690863,6296.313439959729,4305.499999999999
871,708,161,5.789504379858656,3.0451977401129944,9.835734463276832,13.352372881355937,43.09675141242938,16.40310734463276,13.633179085041881,113.77824858757062,99.1150715535314,11.0,11.099999999999993,14.0,47.0,103.99845630511236,128,0.2567019237459337,1.0,8.300000000000002,12.619999999999989,33.5,0.039317622689048815,97,4098.9691009399285,2194.941832691743,6293.9109336316715,4344.999999999999
872,695,184,5.997594301180894,3.050359712230216,9.85985611510791,13.358129496402885,43.176978417266184,17.044028776978408,9.401369084432883,114.04172661870504,104.06497209805123,12.0,11.099999999999993,14.0,47.0,99.67846614579682,128,0.2567019237459337,1.0,8.200000000000003,12.619999999999989,33.5,0.02172264488160769,97,4168.3280393207215,1729.8519115356505,5898.179950856372,4910.399999999999
873,669,190,5.510837230700829,3.1345291479820627,9.865171898355749,13.372286995515719,43.24514200298954,17.608071748878935,11.393428265715206,114.39611360239162,104.06497209805123,12.0,10.999999999999993,14.0,47.0,98.67846614579682,128,0.2540543989295178,1.0,8.200000000000003,12.619999999999989,33.5,0.059801538747095595,97,3686.7501073388544,2164.7513704858893,5851.501477824744,4469.199999999999
874,639,198,5.64195606965069,3.1862284820031297,9.87496087636932,13.371173708920205,43.31455399061033,17.771830985915496,11.1905411870752,114.89671361502347,99.33965860596598,12.0,11.099999999999993,14.06,47.5,104.06497209805123,129,0.2540543989295178,1.0,8.200000000000003,12.619999999999989,33.5,0.009039558511271473,97,3605.2099285067907,2215.7271550408896,5820.93708354768,4539.5999999999985
875,624,186,5.1968106959666756,3.1875,9.871794871794867,13.371346153846176,43.32772435897436,17.310576923076923,16.430867714846006,115.03525641025641,92.3006692615805,12.0,11.099999999999993,14.06,47.5,103.06497209805123,129,0.2512907008404792,1.0,8.200000000000003,12.619999999999989,33.5,0.03270080895784222,97,3242.8098742832053,3056.141394961357,6298.951269244562,3614.699999999999
876,606,177,6.599851080684995,3.2557755775577557,9.876897689768974,13.36801980198022,43.37458745874587,16.9513201320132,12.933040326013426,115.1897689768977,97.64760577098568,12.0,10.999999999999993,14.06,47.5,102.06497209805123,129,0.2592324461988361,1.0,8.200000000000003,12.679999999999989,34.0,0.005117312402487917,97,3999.5097548951067,2289.1481377043765,6288.657892599484,3683.8999999999987
877,595,184,6.370119622812331,3.2672268907563025,9.897478991596632,13.365512605042028,43.536134453781514,17.049075630252094,13.631508416156166,116.01344537815126,101.91689512804878,12.0,10.999999999999993,14.06,47.5,94.58970230812065,130,0.2592324461988361,1.0,8.200000000000003,12.679999999999989,34.0,0.08977825845338594,97,3790.221175573337,2508.1975485727344,6298.418724146071,3862.699999999999
878,588,185,6.280830359556767,3.307823129251701,9.883333333333338,13.359693877551045,43.50170068027211,16.373979591836726,12.952420760987499,116.42517006802721,101.91689512804878,12.0,10.999999999999993,14.06,47.5,93.58970230812065,131,0.2592324461988361,1.0,8.200000000000003,12.679999999999989,34.0,0.005117312402487917,97,3693.128251419379,2396.1978407826873,6089.326092202066,3567.799999999999
879,601,197,5.137231560756109,3.361064891846922,9.901996672212972,13.363261231281214,43.55823627287854,15.980865224625616,15.033352873790253,117.0765391014975,101.91689512804878,13.0,10.999999999999993,14.06,47.5,95.52235045212845,131,0.2592324461988361,1.0,8.200000000000003,12.679999999999989,34.0,0.03875300561053918,97,3087.4761680144215,2961.57051613668,6049.0466841511015,3606.699999999999
880,623,162,6.335479884096858,3.3707865168539324,9.903691813804178,13.368507223113973,43.605136436597114,16.44879614767255,16.184739292752578,117.31139646869984,97.4185110644555,13.0,10.999999999999993,14.06,47.5,101.91689512804878,131,0.2592324461988361,1.0,8.200000000000003,12.679999999999989,34.0,0.048588123307381714,97,3947.003967792343,2621.9277654259176,6568.93173321826,3232.3999999999987
881,613,177,6.2837107012245035,3.368678629690049,9.903099510603589,13.371223491027749,43.597063621533444,15.71288743882545,14.27126385178896,117.30995106035888,94.43764708946959,13.0,10.999999999999993,14.06,47.5,100.91689512804878,131,0.2592324461988361,1.0,8.200000000000003,12.679999999999989,34.0,0.0035285461847323063,97,3851.9146598506204,2526.013701766646,6377.928361617267,3893.9999999999986
882,649,177,6.110264350121868,3.4329738058551618,9.914329738058548,13.375223420647158,43.645608628659474,15.049768875192592,15.500173922027713,117.78274268104776,100.44406804327764,13.0,10.999999999999993,14.06,48.0,99.0,131,0.25511295074519597,1.0,8.200000000000003,12.73999999999999,34.0,0.018620089781650417,97,3965.5615632290924,2743.530784198905,6709.092347427997,3322.999999999999
883,679,167,5.517930155210702,3.471281296023564,9.920029455081005,13.378703976435942,43.62960235640648,14.961413843888058,19.10484860578771,118.54344624447717,93.54961407344707,13.0,11.099999999999993,14.06,48.0,99.22551381035444,132,0.25511295074519597,1.0,8.200000000000003,12.73999999999999,34.0,0.10121690572526387,98,3746.6745753880664,3190.5097171665475,6937.184292554613,3419.299999999999
884,699,173,5.962729261619189,3.4992846924177394,9.937768240343335,13.378111587982824,43.663090128755364,15.364806866952769,15.26204494756969,118.9170243204578,114.8688784525886,13.0,11.099999999999993,14.06,48.0,98.22551381035444,132,0.25511295074519597,1.0,8.200000000000003,12.73999999999999,34.0,0.037240179563300835,99,4167.947753871813,2640.3337759295564,6808.281529801369,4081.799999999999
885,680,190,6.3281354124244205,3.4235294117647057,9.921764705882358,13.386499999999991,43.59411764705882,16.0430882352941,13.904397012335625,118.72205882352941,114.8688784525886,13.0,11.099999999999993,14.06,48.0,99.0,132,0.25511295074519597,1.0,8.200000000000003,12.73999999999999,34.0,0.047237094296711524,99,4303.132080448606,2641.835432343769,6944.967512792375,4765.199999999998
886,670,185,6.063418700165359,3.3298507462686566,9.922985074626876,13.389253731343285,43.56716417910448,17.11149253731343,16.487371255048494,118.83432835820895,114.8688784525886,13.0,11.099999999999993,14.06,48.0,98.0,132,0.25511295074519597,1.0,8.200000000000003,12.79999999999999,34.0,0.0035911864844071495,99,4062.4905291107902,3050.1636821839716,7112.654211294762,4638.199999999998
887,658,189,5.8269349813724585,3.3297872340425534,9.910942249240126,13.396808510638307,43.44224924012158,17.119300911854094,16.94663851647995,118.78267477203647,99.24877639068099,13.0,11.099999999999993,14.06,48.0,114.8688784525886,132,0.2511208330968933,1.0,8.200000000000003,12.79999999999999,34.0,0.033229798211454886,99,3834.123217743078,3202.9146796147106,7037.037897357788,4302.999999999998
888,664,196,6.105484758401544,3.338855421686747,9.895481927710845,13.398644578313254,43.42319277108434,16.053012048192773,13.94129558106889,118.7921686746988,115.06716291390332,13.0,11.099999999999993,14.06,48.0,93.45899846528157,133,0.2511208330968933,1.0,8.200000000000003,12.79999999999999,34.0,0.10262651444119752,99,4054.0418795786254,2732.4939338895024,6786.535813468128,3886.199999999999
889,704,167,6.6171025951726214,3.3394886363636362,9.881960227272728,13.397954545454553,43.34161931818182,16.366477272727277,16.527019894528863,118.9034090909091,115.06716291390332,13.0,11.099999999999993,14.06,48.0,99.0,133,0.250258266124804,1.0,8.200000000000003,12.79999999999999,34.0,0.03858568241935534,99,4658.440227001525,2760.01232238632,7418.4525493878455,3426.799999999999
890,676,186,6.745982322312742,3.2677514792899407,9.887278106508882,13.397869822485193,43.28846153846154,17.254142011834308,13.471872211825861,118.80325443786982,97.29805079115428,13.0,11.099999999999993,14.06,48.0,100.67744178004318,133,0.250258266124804,1.0,8.200000000000003,12.79999999999999,34.0,0.022363769241736886,99,4560.284049883414,2505.76823139961,7066.052281283024,4813.799999999998
891,642,203,6.8957634121616165,3.2803738317757007,9.898286604361363,13.385327102803746,43.26635514018692,17.607943925233652,11.6372330965812,118.80685358255452,107.44617670099218,13.0,11.099999999999993,14.06,48.0,97.0,133,0.250258266124804,1.0,8.300000000000002,12.79999999999999,34.0,0.12538895414573403,99,4427.080110607758,2362.3583186059836,6789.438429213742,4994.499999999998
892,651,189,6.710079801546062,3.282642089093702,9.902764976958524,13.377603686635933,43.30414746543779,17.600768049155146,10.788960921018443,119.13517665130568,97.29805079115428,14.0,11.099999999999993,14.06,48.0,96.69135849192142,133,0.250258266124804,1.0,8.300000000000002,12.79999999999999,34.5,0.011623430056450612,100,4368.261950806486,2039.1136140724857,6407.375564878972,4397.899999999999
893,632,199,5.9754996439224115,3.1914556962025316,9.879430379746836,13.388037974683538,43.30142405063291,17.060443037974686,11.431144126543076,118.7753164556962,97.29805079115428,14.0,11.199999999999992,14.06,48.0,95.0,133,0.250258266124804,1.0,8.300000000000002,12.79999999999999,36.0,0.04680962246763132,100,3776.515774958964,2274.797681182072,6051.313456141036,4664.299999999998
894,631,197,5.256673711937919,3.0998415213946116,9.872266244057048,13.386592709984159,43.402535657686215,16.289223454833593,14.326630744663143,118.72741679873216,88.53181438638843,14.0,11.199999999999992,14.06,48.5,98.0,134,0.250258266124804,1.0,8.300000000000002,12.79999999999999,36.0,0.014158047055875311,101,3316.9611122328274,2822.346256698639,6139.307368931466,3852.299999999999
895,644,178,5.8480350876434,3.107142857142857,9.862422360248443,13.386118012422369,43.4083850931677,16.064596273291922,14.190942175748194,119.0248447204969,102.16236944540681,14.0,11.199999999999992,14.120000000000001,48.5,97.0,134,0.2521210121317526,1.0,8.300000000000002,12.79999999999999,36.5,0.014158047055875311,101,3766.13459644235,2525.9877072831787,6292.122303725529,3735.9999999999986
896,631,181,5.6923096615504525,3.1743264659270998,9.861965134706823,13.383930269413627,43.40095087163233,16.12741679873218,14.02021727506992,119.33597464342314,94.03487089665424,14.0,11.199999999999992,14.120000000000001,48.5,96.0,134,0.2518665487665116,1.0,8.300000000000002,12.79999999999999,36.5,0.044315351629203636,101,3591.8473964383356,2537.6593267876556,6129.506723225992,3898.199999999999
897,627,179,5.455735249191436,3.218500797448166,9.880063795853273,13.387559808612446,43.43460925039872,15.973684210526315,15.230568554598264,119.91068580542264,92.40354306589913,14.0,11.299999999999992,14.120000000000001,48.5,95.0,134,0.2518223450821732,1.0,8.300000000000002,12.85999999999999,36.0,0.04870244568137916,101,3420.7460012430306,2726.271771273089,6147.017772516119,4061.4999999999986
898,647,160,6.016692705188079,3.2596599690880987,9.864605873261196,13.394806800618236,43.41653786707882,15.8741885625966,17.30980517619396,120.2241112828439,94.28611341487995,14.0,11.299999999999992,14.120000000000001,48.5,99.0,134,0.2518223450821732,1.0,8.300000000000002,12.85999999999999,35.5,0.027684641099958274,101,3892.8001802566873,2769.568828191034,6662.369008447721,3550.3999999999987
899,640,171,6.009147157797693,3.2546875,9.854531249999996,13.384343750000005,43.49375,16.490625,16.882452377813124,120.453125,94.28611341487995,14.0,11.299999999999992,14.120000000000001,48.5,98.0,134,0.2518223450821732,1.0,8.400000000000002,12.79999999999999,35.5,0.12019933231362057,101,3845.854180990523,2886.8993566060444,6732.753537596567,4005.199999999999
900,637,180,6.19496174989397,3.2778649921507066,9.857299843014124,13.381067503924635,43.5243328100471,16.06075353218211,15.146490456639258,120.86342229199371,94.90971758974814,14.0,11.299999999999992,14.120000000000001,48.0,98.0,135,0.2518223450821732,1.0,8.400000000000002,12.73999999999999,35.5,0.08104108022518242,101,3946.190634682459,2726.3682821950665,6672.558916877526,4029.5999999999985
901,649,160,6.044770732243881,3.24653312788906,9.878120184899847,13.367734976887517,43.604006163328194,16.2436055469954,17.198464660747906,121.31432973805855,100.44998045528699,14.0,11.299999999999992,14.120000000000001,48.5,96.0,135,0.2518223450821732,1.0,8.300000000000002,12.73999999999999,35.5,0.12224856242711724,101,3923.056205226279,2751.754345719665,6674.810550945944,3757.3999999999987
902,635,179,6.187982307417028,3.2188976377952754,9.880314960629917,13.36815748031496,43.59133858267717,16.893700787401563,14.977413617971452,121.47716535433071,93.14767850709087,14.0,11.299999999999992,14.120000000000001,48.5,95.0,136,0.2518223450821732,1.0,8.300000000000002,12.73999999999999,35.5,0.011168360866029126,101,3929.3687652098124,2680.95703761689,6610.325802826703,4353.799999999998
903,612,192,6.302917159127288,3.1486928104575163,9.886764705882353,13.371470588235299,43.50735294117647,17.126960784313734,12.793308942896296,121.91830065359477,84.04193727412652,14.0,11.299999999999992,14.120000000000001,48.5,94.0,136,0.2518223450821732,1.0,8.300000000000002,12.73999999999999,35.5,0.1346612609057385,102,3857.3853013859,2456.315317036089,6313.700618421989,4374.799999999998
904,618,193,6.209279769975369,3.176375404530744,9.851779935275081,13.376990291262123,43.40614886731392,16.819417475728144,13.051092364493885,121.42880258899676,92.27674407991492,12.0,11.299999999999992,14.120000000000001,48.5,98.0,136,0.2518223450821732,1.0,8.300000000000002,12.79999999999999,35.5,0.021670154697663424,102,3837.334897844778,2518.8608263473197,6356.195724192097,3830.6999999999985
905,612,189,6.305601503674982,3.2254901960784315,9.84493464052287,13.381470588235286,43.38970588235294,15.921241830065355,13.364370861155981,121.22222222222223,95.15224635419655,12.0,11.299999999999992,14.120000000000001,48.5,97.0,136,0.2518223450821732,1.0,8.300000000000002,12.79999999999999,35.5,0.016379442509569797,103,3859.028120249089,2525.8660927584806,6384.89421300757,3834.799999999999
906,607,192,5.810273475251289,3.2075782537067545,9.838714991762764,13.379538714991751,43.4003294892916,16.40065897858319,14.201913355584239,121.52718286655684,86.45318362574717,12.0,11.199999999999992,14.120000000000001,48.5,96.0,137,0.2518223450821732,1.0,8.300000000000002,12.79999999999999,35.5,0.063080791458068,103,3526.835999477532,2726.767364272174,6253.603363749706,4328.5999999999985
907,630,182,5.641545973927988,3.1857142857142855,9.87015873015873,13.370476190476193,43.567460317460316,15.736507936507925,14.721006117707468,121.99365079365079,119.39659118881032,12.0,11.299999999999992,14.120000000000001,48.5,95.0,137,0.25525898430030414,1.0,8.600000000000001,12.79999999999999,35.5,0.011794997066143509,103,3554.173963574632,2679.223113422759,6233.397076997391,3620.099999999999
908,648,179,5.332707256127331,3.1049382716049383,9.879475308641979,13.364814814814823,43.63425925925926,15.756327160493814,16.80214827243291,122.61882716049382,119.39659118881032,12.0,11.299999999999992,14.120000000000001,48.5,94.0,137,0.25525898430030414,1.0,8.500000000000002,12.79999999999999,36.0,0.06851087412718582,103,3455.5943019705105,3007.5845407654906,6463.178842736001,3535.799999999999
909,647,189,5.665405428019191,3.100463678516229,9.844976816074187,13.361051004636783,43.65610510046368,15.489799072642962,14.065648404982312,122.87944358578052,119.39659118881032,12.0,11.299999999999992,14.120000000000001,48.5,92.0,137,0.25525898430030414,1.0,8.500000000000002,12.79999999999999,36.0,0.09706042018215477,103,3665.5173119284163,2658.407548541657,6323.924860470073,3963.6999999999985
910,669,187,5.316704790937303,3.1629297458893872,9.846188340807169,13.354887892376674,43.732436472346784,15.88266068759342,17.363011627101702,123.28400597907324,119.39659118881032,12.0,11.299999999999992,14.120000000000001,48.5,95.4444223387539,137,0.25525898430030414,1.0,8.500000000000002,12.79999999999999,36.0,0.045677705565154936,103,3556.8755051370554,3246.883174268018,6803.758679405073,3785.9999999999986
911,660,200,5.596466004538891,3.103030303030303,9.851060606060601,13.358727272727274,43.80909090909091,15.852575757575744,16.43342530417124,123.35454545454546,88.58577668001055,12.0,11.299999999999992,14.120000000000001,48.5,119.39659118881032,137,0.2588478033988052,1.0,8.500000000000002,12.79999999999999,36.5,0.08018022016912063,103,3693.667562995668,3286.6850608342484,6980.352623829916,4217.299999999998
912,625,206,6.070302311109296,3.0544,9.855680000000008,13.361215999999988,43.8424,17.071520000000007,14.266484782255585,123.4816,109.09048843708601,12.0,11.299999999999992,14.120000000000001,48.5,118.39659118881032,138,0.2588478033988052,1.0,8.500000000000002,12.79999999999999,36.5,0.06189117021611601,104,3793.93894444331,2938.8958651446505,6732.834809587961,4929.199999999999
913,591,205,6.13572327097776,3.0879864636209815,9.854822335025379,13.352182741116739,43.867174280879865,17.66988155668358,12.719575122948195,124.06937394247039,109.09048843708601,11.0,11.299999999999992,14.120000000000001,48.5,118.143884421529,138,0.2588478033988052,1.0,8.500000000000002,12.79999999999999,36.5,0.03529731802687497,104,3626.212453147856,2607.51290020438,6233.725353352236,5036.399999999999
914,599,181,6.050810007681502,3.0851419031719534,9.861769616026704,13.34641068447411,43.82220367278798,18.082971619365612,13.346506565629271,124.26711185308848,92.83604769108553,11.0,11.299999999999992,14.06,48.5,117.143884421529,138,0.2568666391321899,1.0,8.500000000000002,12.79999999999999,36.0,0.05172613269839221,104,3624.43519460122,2415.717688378898,6040.152882980117,4265.699999999999
915,592,183,6.450417675604898,3.141891891891892,9.854729729729723,13.35226351351351,43.77195945945946,17.570945945945965,12.00605649690067,124.47466216216216,117.52541754105727,12.0,11.199999999999992,14.06,48.5,98.0,138,0.2568666391321899,1.0,8.500000000000002,12.79999999999999,36.0,0.06084298823814405,104,3818.6472639580998,2197.1083389328223,6015.755602890922,3563.199999999999
916,597,180,5.758948301625777,3.1591289782244556,9.845393634840866,13.3556783919598,43.76214405360134,16.85510887772194,13.570170669710071,124.73031825795645,91.29047108592555,12.0,11.199999999999992,14.120000000000001,48.5,108.67111855247822,138,0.2568666391321899,1.0,8.500000000000002,12.79999999999999,36.0,0.005675342038748088,107,3438.092136070589,2442.630720547813,5880.722856618402,3693.799999999999
917,590,175,5.788590407186659,3.147457627118644,9.864237288135586,13.348949152542371,43.90847457627119,17.54525423728814,13.839115711912896,125.19830508474577,95.4558565442127,12.0,11.199999999999992,14.120000000000001,49.0,107.67111855247822,138,0.2568666391321899,1.0,8.500000000000002,12.73999999999999,36.0,0.0333185806151457,107,3415.2683402401285,2421.845249584757,5837.113589824885,3908.199999999999
918,557,184,5.774941024058082,3.10951526032316,9.843447037701972,13.34301615798923,44.00538599640934,17.372351885098755,13.511476145866457,125.54219030520646,95.2660751452332,12.0,11.199999999999992,14.120000000000001,49.0,106.67111855247822,138,0.2568666391321899,1.0,8.500000000000002,12.73999999999999,36.0,0.06084298823814405,107,3216.6421504003515,2486.111610839428,5702.753761239779,4176.0999999999985
919,550,187,6.131997144832942,3.081818181818182,9.838181818181813,13.343381818181824,44.121818181818185,17.33963636363637,12.284469752278923,125.83636363636364,99.87141325777665,12.0,11.099999999999993,14.06,49.0,105.67111855247822,139,0.2681856527151246,1.0,8.500000000000002,12.73999999999999,36.0,0.010434191147694616,108,3372.598429658118,2297.195843676159,5669.794273334277,3778.699999999999
920,535,195,5.591142051666957,3.046728971962617,9.828224299065408,13.343813084112139,44.200934579439256,17.001308411214943,14.132848292712746,126.02990654205607,88.2202840829681,12.0,11.099999999999993,14.120000000000001,49.0,104.67111855247822,139,0.2858935117850957,1.0,8.500000000000002,12.73999999999999,36.0,0.12838645717103425,108,2991.260997641822,2755.9054170789855,5747.166414720808,3642.8999999999987
921,546,173,6.540744947697816,2.9743589743589745,9.829304029304021,13.345714285714289,44.09249084249084,15.357692307692297,14.713015605384822,126.04212454212454,87.6389419511878,11.0,11.099999999999993,14.120000000000001,48.5,103.67111855247822,139,0.2858935117850957,1.0,8.400000000000002,12.679999999999989,36.0,0.09290416219341857,108,3571.2467414430075,2545.351699731574,6116.598441174581,2426.5999999999995
922,578,162,6.2752465867718215,2.9740484429065743,9.827335640138417,13.343944636678199,44.056228373702425,15.419896193771624,17.51339481056593,126.07439446366782,103.57179092496294,11.0,11.099999999999993,14.120000000000001,48.5,96.0,140,0.2858935117850957,1.0,8.400000000000002,12.679999999999989,36.0,0.1554696230508239,108,3627.0925271541128,2837.169959311681,6464.262486465794,2978.699999999999
923,600,159,6.252213561652663,2.945,9.82283333333333,13.351699999999992,43.954166666666666,16.335833333333337,16.361020337925865,126.31,103.57179092496294,11.0,11.099999999999993,14.120000000000001,48.5,95.0,140,0.3098249297601568,1.0,8.400000000000002,12.679999999999989,37.0,0.21584073721188357,108,3751.328136991598,2601.4022337302126,6352.730370721811,3451.599999999999
924,608,172,6.455841149953314,2.960526315789474,9.82648026315789,13.356776315789466,43.90296052631579,16.491282894736838,13.378060315948984,126.37993421052632,103.57179092496294,11.0,11.099999999999993,14.120000000000001,48.5,96.0,140,0.2907307742943165,1.0,8.400000000000002,12.679999999999989,36.5,0.054236414518078924,108,3925.151419171615,2301.026374343225,6226.17779351484,3985.099999999999
925,612,166,6.363103142506811,2.9362745098039214,9.832352941176474,13.357843137254884,43.94444444444444,16.752614379084964,12.26768250013993,126.15522875816994,101.82188723316519,11.0,11.099999999999993,14.06,49.0,103.57179092496294,140,0.2907307742943165,1.0,8.400000000000002,12.679999999999989,36.5,0.11286454142928593,108,3894.2191232141686,2036.4352950232283,5930.654418237396,4372.299999999998
926,613,172,6.262503062753787,2.8809135399673735,9.816313213703113,13.353507340946155,44.060358890701465,16.70440456769983,11.520235327378487,126.07830342577488,107.774016446909,10.0,11.099999999999993,14.06,49.0,102.57179092496294,140,0.26333492596922004,1.0,8.400000000000002,12.619999999999989,36.5,0.058587086418419476,108,3838.9143774680715,1981.4804763090997,5820.394853777171,4219.999999999998
927,606,178,6.019453690048122,2.82013201320132,9.831023102310228,13.346138613861381,44.1056105610561,17.271452145214514,10.388438384761134,126.29867986798679,101.82188723316519,10.0,11.099999999999993,14.06,49.5,107.774016446909,140,0.26333492596922004,1.0,8.400000000000002,12.619999999999989,36.5,0.10423669629847199,108,3647.788936169162,1849.1420324874819,5496.930968656644,4271.199999999999
928,595,198,5.20024509732105,2.722689075630252,9.832436974789916,13.33203361344537,44.09747899159664,17.075798319327742,11.120265726994015,126.67058823529412,90.74896073611268,10.0,11.099999999999993,14.06,49.5,108.93278867511401,140,0.26333492596922004,1.0,8.400000000000002,12.619999999999989,36.5,0.0001874235221177578,108,3094.1458329060247,2201.812613944815,5295.95844685084,4274.699999999999
929,604,182,4.573936347030309,2.7268211920529803,9.860430463576158,13.320629139072857,44.16225165562914,17.140562913907285,17.870727811219034,127.39900662251655,102.17462313731083,10.0,11.199999999999992,14.06,49.5,107.93278867511401,140,0.26355910362951973,1.0,8.400000000000002,12.559999999999988,36.5,0.0016514263267679574,109,2762.6575536063065,3252.472461641864,6015.130015248171,3423.599999999999
930,607,189,4.859094161543417,2.7528830313014825,9.85502471169687,13.30678747940693,44.12355848434926,17.06738056013178,16.590660735913826,127.63426688632619,109.15454073097763,11.0,11.199999999999992,14.06,49.5,98.57179092496294,140,0.2539595475471754,1.0,8.400000000000002,12.559999999999988,36.5,0.13877077654065517,109,2949.4701560568537,3135.6348790877128,6085.1050351445665,4058.799999999999
931,596,195,5.986315658089257,2.771812080536913,9.848154362416116,13.305067114093958,44.26761744966443,16.24530201342282,13.157969992940794,127.86073825503355,109.15454073097763,11.0,11.199999999999992,14.06,49.5,97.57179092496294,141,0.2539595475471754,1.0,8.400000000000002,12.559999999999988,36.5,0.020783155573154577,109,3567.8441322211975,2565.8041486234547,6133.648280844653,4019.3999999999987
932,607,181,6.004488813718373,2.7940691927512358,9.858649093904448,13.298978583196044,44.465403624382205,16.03706754530477,13.552816082534566,128.3986820428336,109.15454073097763,11.0,11.299999999999992,14.06,49.5,98.0,142,0.2539595475471754,1.0,8.400000000000002,12.559999999999988,36.5,0.053165506839517596,109,3644.7247099270526,2453.0597109387563,6097.784420865809,3645.8999999999987
933,624,174,6.0036449393070495,2.769230769230769,9.84198717948718,13.302788461538459,44.399839743589745,16.331089743589757,13.362618710492782,128.2676282051282,109.15454073097763,11.0,11.299999999999992,14.06,49.0,99.0,142,0.2539595475471754,1.0,8.400000000000002,12.499999999999988,36.5,0.027535822331122173,109,3746.274442127599,2325.0956556257443,6071.370097753343,3639.799999999999
934,620,171,5.419805467445204,2.8,9.824032258064516,13.313290322580636,44.40887096774193,15.977741935483854,16.388167560963254,128.56935483870967,98.13635981073334,11.0,11.299999999999992,14.06,49.0,109.15454073097763,142,0.2539595475471754,1.0,8.400000000000002,12.499999999999988,36.5,0.04397947876105346,110,3360.279389816026,2802.3766529247164,6162.656042740742,3895.799999999999
935,650,149,5.694362255604753,2.746153846153846,9.832769230769221,13.31683076923077,44.34615384615385,15.95123076923077,16.572710163266848,128.73384615384614,108.82697416412277,11.0,11.299999999999992,14.0,49.0,99.48682507129492,143,0.2539595475471754,1.0,8.400000000000002,12.499999999999988,36.5,0.12206643464180145,110,3701.33546614309,2469.33381432676,6170.6692804698505,3631.999999999999
936,662,161,5.188866836294636,2.7205438066465257,9.828247734138968,13.318610271903335,44.290030211480364,15.890332326283977,15.935888070598239,128.87311178247734,108.82697416412277,11.0,11.299999999999992,14.0,49.5,98.48682507129492,143,0.25523790913187694,1.0,8.400000000000002,12.499999999999988,36.5,0.15007209823252232,111,3435.0298456270493,2565.6779793663163,6000.707824993366,3779.199999999999
937,666,153,5.502507462837455,2.704204204204204,9.834234234234229,13.313153153153133,44.231231231231234,16.481081081081065,15.45565825086112,129.06606606606607,115.87170626782373,11.0,11.299999999999992,14.0,49.5,97.48682507129492,143,0.25419778535912996,1.0,8.400000000000002,12.499999999999988,37.0,0.009948922449640962,111,3664.669970249745,2364.7157123817515,6029.385682631497,4136.399999999999
938,641,170,5.761369182617754,2.658346333853354,9.82511700468018,13.304524180967237,44.22620904836194,17.895787831513267,12.946583186306137,129.37129485179406,115.87170626782373,10.0,11.299999999999992,14.0,49.5,108.82697416412277,143,0.25419778535912996,1.0,8.400000000000002,12.499999999999988,37.0,0.1324472916581667,112,3693.03764605798,2200.919141672043,5893.956787730023,4847.399999999999
939,599,187,6.819553179902534,2.5893155258764606,9.836060100166943,13.296227045075133,44.21118530884808,18.461268781302152,8.639268761063185,129.7145242070117,115.87170626782373,8.0,11.299999999999992,14.0,49.5,97.23980752707097,143,0.2622891023959346,1.0,8.400000000000002,12.499999999999988,37.0,0.08795895752210692,112,4084.9123547616177,1615.5432583188156,5700.455613080433,4812.5999999999985
940,588,206,6.363257964668096,2.642857142857143,9.80510204081633,13.299183673469386,44.25595238095238,18.24115646258503,7.727289312901347,129.86904761904762,115.87170626782373,8.0,11.299999999999992,14.0,49.5,83.78595503746288,143,0.2505712675387951,1.0,8.400000000000002,12.499999999999988,37.0,0.10289070446769255,112,3741.5956832248403,1591.8215984576775,5333.417281682518,4472.699999999999
941,593,189,5.1765966777343495,2.669477234401349,9.807419898819552,13.305193929173686,44.27318718381113,17.586003372681272,11.107400319524318,130.51096121416526,107.26871053493502,8.0,11.299999999999992,14.0,49.5,115.87170626782373,144,0.2505712675387951,1.0,8.400000000000002,12.559999999999988,37.0,0.017378728080027273,113,3069.7218298964694,2099.2986603900963,5169.020490286566,3607.199999999999
942,586,197,5.176185888513532,2.773037542662116,9.784470989761088,13.293924914675781,44.30034129692833,17.23139931740613,11.418695869407967,130.67235494880546,107.26871053493502,9.0,11.199999999999992,14.0,50.0,114.87170626782373,144,0.2505712675387951,1.0,8.400000000000002,12.559999999999988,37.0,0.048218527380743836,113,3033.24493066893,2249.4830862733697,5282.728016942299,3879.099999999999
943,578,189,5.623231342676606,2.792387543252595,9.764878892733565,13.292664359861586,44.32093425605537,15.837543252595147,12.868451783190958,130.64186851211073,107.26871053493502,9.0,11.199999999999992,14.0,50.0,113.87170626782373,144,0.2622891023959346,1.0,8.400000000000002,12.559999999999988,36.5,0.006969521247463639,113,3250.2277160670783,2432.137387023091,5682.365103090169,3056.099999999999
944,597,174,5.510457801166224,2.748743718592965,9.767336683417088,13.295678391959795,44.27638190954774,15.590619765494123,15.605745262997322,130.66331658291458,88.63699695031742,9.0,11.199999999999992,14.0,50.0,112.87170626782373,144,0.256027315922593,1.0,8.400000000000002,12.559999999999988,36.5,0.024109263690371918,113,3289.7433072962353,2715.399675761534,6005.142983057769,2867.6999999999994
945,618,166,5.759267363792978,2.7459546925566345,9.764724919093858,13.281262135922333,44.29045307443366,15.419417475728135,13.786980128723341,130.90129449838187,97.59560757634483,9.0,11.299999999999992,14.0,49.5,111.87170626782373,144,0.256027315922593,1.0,8.400000000000002,12.619999999999989,36.5,0.023642065399075873,113,3559.227230824061,2288.6387013680746,5847.865932192135,3515.899999999999
946,632,161,5.503368443680652,2.7563291139240507,9.777531645569624,13.270696202531637,44.35522151898734,16.142563291139233,14.792224711918381,131.1772151898734,85.54545340620086,9.0,11.299999999999992,14.0,49.5,110.87170626782373,145,0.25999634704980346,1.0,8.300000000000002,12.619999999999989,36.5,0.08900480505432906,113,3478.1288564061724,2381.5481786188593,5859.677035025032,3988.699999999999
947,639,164,5.780631707912439,2.8247261345852896,9.791705790297334,13.266666666666666,44.381064162754306,17.08575899843506,13.495799190176465,131.32550860719874,85.54545340620086,10.0,11.299999999999992,13.94,49.5,109.87170626782373,146,0.25999634704980346,1.0,8.300000000000002,12.619999999999989,36.0,0.009001459169163617,113,3693.823661356049,2213.3110671889403,5907.134728544989,4196.299999999999
948,640,167,5.320817794254597,2.8359375,9.782500000000008,13.268562499999998,44.3890625,17.433437499999968,13.684971727488133,131.4625,108.76144032752372,10.0,11.299999999999992,13.94,49.5,114.97035996460082,147,0.25999634704980346,1.0,8.300000000000002,12.619999999999989,36.0,0.048161634673365095,113,3405.3233883229423,2285.390278490518,5690.713666813461,4399.0999999999985
949,628,178,6.046151215187643,2.839171974522293,9.79442675159235,13.268439490445852,44.44824840764331,16.926433121019098,13.054543309598994,131.64968152866243,114.73269167669795,10.0,11.299999999999992,14.0,49.5,98.0,147,0.2619043715533845,1.0,8.300000000000002,12.619999999999989,36.0,0.1168669876484909,113,3796.9829631378398,2323.708709108621,6120.691672246461,3562.499999999999
950,645,170,6.349821574485468,2.869767441860465,9.7722480620155,13.280744186046508,44.46124031007752,16.203565891472866,14.087433037558506,131.73643410852713,114.73269167669795,10.0,11.299999999999992,14.0,50.0,108.76144032752372,147,0.29208700762967044,1.0,8.300000000000002,12.619999999999989,36.0,0.014141993290211374,114,4095.6349155431267,2394.863616384946,6490.498531928073,3316.599999999999
951,656,143,6.384087943638062,2.8597560975609757,9.758841463414633,13.285396341463402,44.44664634146341,16.841768292682904,15.27671891535341,131.71189024390245,109.16221236246183,10.0,11.199999999999992,14.0,50.0,97.0,147,0.2707961113475339,1.0,8.300000000000002,12.619999999999989,36.0,0.1027833860206313,114,4187.961691026569,2184.5708048955375,6372.532495922106,3910.3999999999987
952,655,177,5.868758343355579,2.8274809160305345,9.758167938931292,13.279450381679396,44.44503816793893,16.71450381679389,14.288989612235282,131.89618320610688,110.7182845641256,10.0,11.299999999999992,14.0,50.0,98.0,148,0.250935309331364,1.0,8.400000000000002,12.559999999999988,36.0,0.03544131752946167,114,3844.0367148979044,2529.151161365645,6373.18787626355,4249.499999999999
953,646,173,6.336071152796975,2.8266253869969042,9.737461300309596,13.269504643962843,44.48761609907121,16.89876160990712,12.292670288218204,132.12074303405572,91.89533672670808,10.0,11.299999999999992,14.0,50.0,97.0,148,0.250935309331364,1.0,8.400000000000002,12.559999999999988,36.0,0.08145256501907228,114,4093.1019647068456,2126.6319598617492,6219.733924568594,4132.299999999999
954,621,196,5.876221514561167,2.819645732689211,9.705636070853453,13.26202898550724,44.55314009661836,16.97020933977455,12.037718302408368,132.17874396135267,93.85943167801769,9.0,11.299999999999992,14.06,50.0,96.0,148,0.250935309331364,1.0,8.300000000000002,12.559999999999988,36.0,0.1130050993139955,115,3649.1335605424847,2359.39278727204,6008.526347814524,4791.499999999999
955,637,188,5.569730609389519,2.792778649921507,9.722605965463107,13.264552590266877,44.52040816326531,16.84489795918367,12.036857745517283,132.48194662480375,97.96452999143578,9.0,11.299999999999992,14.06,50.0,96.0,148,0.2620861877731411,1.0,8.300000000000002,12.559999999999988,36.0,0.07027992450422405,115,3547.918398181124,2262.9292561572493,5810.847654338373,3801.699999999999
956,664,165,5.564959533364987,2.8102409638554215,9.752861445783127,13.262289156626492,44.59713855421687,17.14774096385541,15.206817792634967,132.94578313253012,101.99997516095954,9.0,11.299999999999992,14.06,50.0,99.0,148,0.2620861877731411,1.0,8.300000000000002,12.559999999999988,36.0,0.05670131734944306,115,3695.1331301543514,2509.1249357847696,6204.258065939121,3484.599999999999
957,670,174,5.3744164751506815,2.816417910447761,9.75701492537313,13.272925373134326,44.74179104477612,18.14358208955225,13.974266543669069,133.26567164179104,125.33870036946828,8.0,11.299999999999992,14.06,50.5,101.99997516095954,148,0.2620861877731411,1.0,8.300000000000002,12.559999999999988,36.0,0.02971120535406735,115,3600.859038350957,2431.522378598418,6032.381416949374,4423.299999999999
958,654,190,5.2624600265898716,2.8103975535168195,9.774464831804279,13.273027522935774,44.760703363914374,17.78761467889907,12.566355309194877,133.30428134556576,103.1023282937532,8.0,11.299999999999992,14.06,50.5,99.0,148,0.25196043210415126,1.0,8.300000000000002,12.559999999999988,36.0,0.0989485828900758,115,3441.648857389776,2387.6075087470267,5829.256366136802,4747.499999999999
959,629,186,5.5700382940918045,2.7821939586645468,9.77424483306836,13.266836248012705,44.92289348171701,17.69491255961843,12.19321174792625,133.6343402225755,103.1023282937532,8.0,11.299999999999992,14.06,51.0,98.0,148,0.25196043210415126,1.0,8.300000000000002,12.559999999999988,36.0,0.013917474809667318,116,3503.554086983745,2267.9373851142827,5771.491472098028,4093.199999999999
960,623,179,4.911500059341761,2.751203852327448,9.76035313001605,13.273258426966287,44.91813804173355,17.72182985553772,13.672122938432187,133.8956661316212,95.90803726612299,7.0,11.299999999999992,14.0,51.0,97.0,148,0.25196043210415126,1.0,8.300000000000002,12.559999999999988,36.0,0.011880917799328206,116,3059.864536969917,2447.3100059793614,5507.1745429492785,4266.199999999999
961,613,166,5.283713452298027,2.721044045676998,9.746166394779765,13.263947797716146,44.93066884176183,17.34159869494288,14.39374886175813,133.95921696574226,97.20303677429398,7.0,11.299999999999992,14.0,51.0,99.0,148,0.25196043210415126,1.0,8.300000000000002,12.559999999999988,36.0,0.014855602677033675,116,3238.9163462586907,2389.3623110518497,5628.27865731054,3848.3999999999987
962,629,165,5.492404223235215,2.7170111287758347,9.747058823529427,13.263879173290935,44.89586645468999,17.922893481717004,12.656059525579373,134.24483306836248,96.800563084528,7.0,11.299999999999992,14.0,51.0,98.0,148,0.25196043210415126,1.0,8.300000000000002,12.559999999999988,36.0,0.011714916130310948,116,3454.72225641495,2088.2498217205966,5542.972078135546,3913.499999999999
963,613,182,5.437775267451901,2.7177814029363785,9.742903752039163,13.264437194127236,45.00326264274062,16.552202283849912,11.70445147921802,134.38336052202283,96.800563084528,7.0,11.299999999999992,14.0,51.0,97.0,148,0.25292872903257774,1.0,8.300000000000002,12.619999999999989,36.0,0.03659580822903363,116,3333.3562389480153,2130.21016921768,5463.566408165695,3934.3999999999987
964,641,167,5.340845456542586,2.6989079563182528,9.770202808112318,13.264087363494536,45.01326053042121,15.635881435257396,14.708237236712572,134.65054602184088,96.800563084528,7.0,11.299999999999992,14.0,51.0,97.0,148,0.25292872903257774,1.0,8.300000000000002,12.619999999999989,36.0,0.009734558222228351,116,3423.4819376437977,2456.2756185309995,5879.757556174797,3310.599999999999
965,644,171,5.467965575021847,2.717391304347826,9.755124223602476,13.261273291925463,44.94798136645963,15.192236024844716,15.771810039546505,134.91925465838509,96.35604768401132,8.0,11.299999999999992,14.0,50.5,96.800563084528,149,0.25292872903257774,1.0,8.300000000000002,12.559999999999988,35.5,0.05903991972442757,116,3521.36983031407,2696.9795167624525,6218.3493470765225,3458.099999999999
966,663,151,5.528492724969482,2.7345399698340875,9.766666666666675,13.258642533936667,45.0211161387632,15.250226244343889,16.063518963327798,135.49170437405732,94.25292872903258,8.0,11.399999999999991,14.0,50.5,95.800563084528,149,0.25167222973784587,1.0,8.300000000000002,12.559999999999988,35.5,0.07072730829301133,116,3665.390676654766,2425.5913634624976,6090.982040117264,3714.699999999999
967,675,155,5.361501901014956,2.7911111111111113,9.729777777777784,13.235466666666646,45.043703703703706,16.2634074074074,15.225811291508421,135.49925925925925,99.33231116102519,8.0,11.399999999999991,14.0,50.5,93.78088470511672,149,0.25167222973784587,1.0,8.300000000000002,12.559999999999988,35.5,0.019469116444456702,117,3619.0137831850952,2360.0007501838054,5979.014533368901,4390.699999999999
968,667,148,5.8242271771415455,2.7946026986506745,9.7272863568216,13.230794602698642,45.14392803598201,17.53853073463269,13.4553679622928,135.77961019490255,99.33231116102519,7.0,11.399999999999991,14.0,50.5,94.0,149,0.25167222973784587,1.0,8.300000000000002,12.559999999999988,35.5,0.00784172841660502,117,3884.759527153411,1991.3944584193346,5876.153985572746,4543.499999999999
969,647,163,5.705005681205271,2.811437403400309,9.733230293663057,13.243462132921179,45.14914992272025,17.873415765069552,11.931173192457848,135.9953632148377,98.95121533638594,7.0,11.399999999999991,14.0,50.5,99.33231116102519,149,0.25167222973784587,1.0,8.200000000000003,12.559999999999988,35.5,0.008344200473843433,117,3691.1386757398104,1944.7812303706294,5635.91990611044,4664.699999999999
970,636,173,5.318252236195527,2.838050314465409,9.730817610062887,13.236603773584887,45.27751572327044,17.46761006289309,12.042168213377918,136.34591194968553,95.62656783480398,8.0,11.399999999999991,14.0,50.5,98.95121533638594,150,0.25167222973784587,1.0,8.200000000000003,12.559999999999988,35.5,0.055567633267320726,117,3382.4084222203555,2083.29510091438,5465.703523134735,3970.399999999999
971,642,162,5.579262598818342,2.7990654205607477,9.754828660436134,13.238504672897195,45.281931464174455,17.378193146417434,10.940026565637444,136.66666666666666,98.52565679546657,8.0,11.399999999999991,14.0,50.5,97.33231116102519,150,0.25167222973784587,1.0,8.200000000000003,12.559999999999988,35.5,0.0380458779051307,117,3581.886588441376,1772.2843036332658,5354.170892074641,3742.099999999999
972,635,145,5.639631420322831,2.858267716535433,9.737322834645667,13.2339842519685,45.274015748031495,18.22425196850394,11.421899412689836,136.93070866141733,99.38396277607418,8.0,11.399999999999991,13.94,50.5,96.33231116102519,150,0.2697837721662911,1.0,8.200000000000003,12.499999999999988,35.5,0.19764368098862084,117,3581.165951904998,1656.1754148400262,5237.341366745024,3995.3999999999987
973,633,144,5.026571514806837,2.8641390205371247,9.721169036334931,13.23146919431279,45.29857819905213,18.021169036334914,13.456190035142306,137.0047393364929,90.08712494507897,8.0,11.399999999999991,13.94,50.5,95.62656783480398,150,0.2697837721662911,1.0,8.200000000000003,12.499999999999988,35.5,0.012054588078767914,117,3181.8197688727278,1937.6913650604922,5119.51113393322,3928.199999999999
974,641,145,5.158615832489076,2.9297971918876753,9.710452418096732,13.22973478939157,45.364274570982836,18.0219968798752,11.723464186816498,137.40561622464898,98.51468245222415,8.0,11.399999999999991,13.94,50.5,94.33231116102519,151,0.28261962393643275,1.0,8.200000000000003,12.499999999999988,35.5,0.08280461514985116,117,3306.6727486254977,1699.9023070883923,5006.57505571389,3629.699999999999
975,630,165,4.874102397150349,2.958730158730159,9.70904761904762,13.224095238095238,45.303174603174604,17.728730158730173,12.429534054687274,137.83015873015873,95.97472948759228,8.0,11.399999999999991,14.0,50.5,99.0,152,0.28261962393643275,1.0,8.200000000000003,12.439999999999987,36.0,0.08280461514985116,117,3070.6845102047196,2050.8731190234002,5121.55762922812,4094.499999999999
976,619,162,4.957343596174147,2.990306946688207,9.705169628432953,13.210306946688208,45.38691437802908,17.279806138933775,12.20000263978207,138.1696284329564,97.20118708901994,8.0,11.399999999999991,14.0,50.5,98.0,152,0.28261962393643275,1.0,8.100000000000003,12.379999999999987,36.0,0.20369319724960522,119,3068.595686031797,1976.4004276446954,5044.996113676492,3804.299999999999
977,635,163,5.083306778045282,3.031496062992126,9.702204724409448,13.205826771653541,45.448031496062995,16.30125984251969,13.3165258182084,138.42992125984253,100.25045749645308,8.0,11.399999999999991,14.0,50.5,97.0,152,0.2857572935123931,1.0,8.100000000000003,12.379999999999987,36.0,0.03993354222840417,119,3227.899804058754,2170.593708367969,5398.493512426723,3358.199999999999
978,654,150,5.400875445816519,3.0749235474006116,9.747859327217128,13.21541284403671,45.50305810397553,16.003669724770646,13.87043621675269,139.0749235474006,100.25045749645308,8.0,11.399999999999991,14.0,51.0,96.0,152,0.2857572935123931,1.0,8.100000000000003,12.379999999999987,36.0,0.10380047849213359,119,3532.1725415640035,2080.5654325129035,5612.7379740769065,3441.899999999999
979,645,145,5.756994981263068,3.1023255813953488,9.757674418604648,13.216651162790692,45.61395348837209,16.86310077519381,11.321728399828773,139.45426356589147,101.13538173094841,8.0,11.399999999999991,14.0,51.0,96.0,152,0.28666712269390515,1.0,8.100000000000003,12.379999999999987,37.0,0.0626068039292611,120,3713.261762914679,1641.650617975172,5354.912380889851,4484.0999999999985
980,620,163,5.62064496689625,3.0951612903225807,9.743064516129037,13.220580645161299,45.5991935483871,17.006612903225804,10.997743920203716,139.5758064516129,101.13538173094841,9.0,11.199999999999992,13.94,51.0,100.25045749645308,152,0.28666712269390515,1.0,8.100000000000003,12.379999999999987,37.0,0.11509917807348313,120,3484.799879475675,1792.6322589932056,5277.432138468881,4341.699999999999
981,622,158,5.681110044523271,3.0868167202572345,9.741318327974277,13.215948553054671,45.68810289389067,18.09099678456591,9.19864153048069,139.63344051446944,101.13538173094841,9.0,11.199999999999992,13.879999999999999,51.0,99.25045749645308,152,0.2521153395460688,1.0,8.100000000000003,12.379999999999987,37.0,0.026625265447548507,120,3533.6504476934742,1453.3853618159492,4987.035809509423,4331.299999999999
982,591,171,5.343506298473712,3.0947546531302876,9.7357021996616,13.213401015228419,45.68104906937394,17.32368866328256,10.132938149088757,139.57191201353638,113.8587838175281,9.0,11.099999999999993,13.879999999999999,51.0,101.13538173094841,151,0.2521153395460688,1.0,8.100000000000003,12.319999999999986,37.0,0.058504203609375915,120,3158.012222397964,1732.7324234941775,4890.744645892141,4066.599999999999
983,592,158,4.835519570434038,3.1216216216216215,9.732770270270278,13.209864864864874,45.72804054054054,17.361317567567546,13.382923314552453,139.6233108108108,113.8587838175281,9.0,11.099999999999993,13.879999999999999,51.0,94.98768227904748,151,0.2521153395460688,1.0,8.100000000000003,12.319999999999986,37.0,0.014769219667804201,120,2862.6275856969505,2114.5018836992876,4977.129469396238,3766.799999999999
984,590,156,4.805431013452458,3.171186440677966,9.735932203389838,13.216338983050852,45.733050847457626,17.57542372881356,12.679791294363639,139.8271186440678,113.8587838175281,9.0,11.199999999999992,13.879999999999999,51.0,100.73597527545837,152,0.2521153395460688,1.0,8.100000000000003,12.319999999999986,37.0,0.0055639096472628324,120,2835.2042979369503,1978.0474419207278,4813.251739857678,4010.099999999999
985,597,172,4.454607525013551,3.224455611390285,9.726298157453938,13.215879396984926,45.61892797319933,17.31222780569516,12.232126868782156,139.99832495812396,90.22595779539041,9.0,11.199999999999992,13.879999999999999,51.0,99.73597527545837,153,0.2521153395460688,1.0,8.100000000000003,12.319999999999986,37.0,0.1478437149245848,120,2659.40069243309,2103.925821430531,4763.326513863622,3698.3999999999987
986,580,158,5.287388996308523,3.2982758620689654,9.714655172413792,13.208931034482747,45.6801724137931,17.754827586206893,11.079439478745948,140.12758620689655,100.06338806135106,9.0,11.199999999999992,13.879999999999999,51.0,91.0,153,0.2521153395460688,1.0,8.100000000000003,12.319999999999986,39.0,0.07386848812185765,120,3066.6856178589433,1750.5514376418598,4817.237055500803,3675.2999999999993
987,568,161,4.678735066152224,3.2992957746478875,9.738380281690134,13.203732394366202,45.70598591549296,17.516725352112662,13.598156090820542,140.59154929577466,99.88411680623751,9.0,11.199999999999992,13.879999999999999,51.0,100.06338806135106,153,0.2521153395460688,1.0,8.100000000000003,12.439999999999987,39.0,0.21307368934134274,120,2657.521517574463,2189.3031306221073,4846.824648196571,3724.499999999999
988,576,145,4.9961621997247825,3.2899305555555554,9.791666666666657,13.213333333333328,45.604166666666664,17.63333333333334,15.631711428881562,141.00347222222223,99.88411680623751,8.0,11.199999999999992,13.879999999999999,51.0,99.06338806135106,153,0.2521153395460688,1.0,8.200000000000003,12.439999999999987,39.0,0.018430926479985343,120,2877.789427041475,2266.5981571878265,5144.387584229302,3081.1999999999994
989,565,147,5.518438050060875,3.2513274336283184,9.845663716814153,13.211610619469027,45.604424778761064,16.903893805309743,14.01182427184959,141.49734513274336,99.88411680623751,8.0,11.299999999999992,13.879999999999999,51.0,103.44470829626312,153,0.2588968102810585,1.0,8.200000000000003,12.439999999999987,39.0,0.018430926479985343,121,3117.9174982843947,2059.7381679618898,5177.655666246284,3380.999999999999
990,578,148,5.609996559094573,3.2993079584775087,9.835813148788928,13.217301038062287,45.666955017301035,17.50121107266438,13.092577048353698,141.67474048442907,137.02169382831312,9.0,11.299999999999992,13.879999999999999,50.5,102.44470829626312,153,0.2588968102810585,1.0,8.200000000000003,12.439999999999987,39.0,0.0073846098339021005,121,3242.5780111566633,1937.7014031563474,5180.27941431301,3316.999999999999
991,585,140,5.523451266077007,3.2905982905982905,9.847521367521363,13.232102564102558,45.63846153846154,18.74820512820513,12.538629385301705,141.7196581196581,137.02169382831312,9.0,11.299999999999992,13.879999999999999,51.0,101.44470829626312,153,0.2522475841033709,1.0,8.200000000000003,12.439999999999987,39.0,0.009534023136577918,121,3231.2189906550493,1755.4081139422387,4986.627104597288,3896.3999999999987
992,556,168,4.9049196440256,3.3129496402877696,9.86169064748201,13.238453237410067,45.51708633093525,18.48723021582734,12.961031983909985,142.07194244604315,137.02169382831312,8.0,11.299999999999992,13.94,51.0,100.44470829626312,153,0.2522475841033709,1.0,8.200000000000003,12.439999999999987,39.0,0.043612849041809953,121,2727.135322078234,2177.4533732968775,4904.5886953751115,3964.099999999999
993,550,164,5.072407521441893,3.2836363636363637,9.900000000000006,13.242145454545454,45.472727272727276,17.711999999999993,13.955340243810259,142.40727272727273,101.33979425447974,8.0,11.299999999999992,14.0,51.0,137.02169382831312,153,0.2522475841033709,1.0,8.200000000000003,12.439999999999987,39.0,0.029416804159628773,121,2789.8241367930414,2288.6757999848824,5078.499936777924,3052.499999999999
994,563,148,5.457159088140073,3.213143872113677,9.929307282415634,13.24898756660746,45.47246891651865,17.714031971580816,14.797894410621604,142.6145648312611,101.33979425447974,8.0,11.299999999999992,14.0,51.5,136.02169382831312,154,0.2522475841033709,1.0,8.200000000000003,12.439999999999987,39.0,0.047277839251514964,122,3072.380566622861,2190.0883727719975,5262.468939394858,3174.499999999999
995,573,151,5.423236030646343,3.1273996509598603,9.95724258289703,13.259267015706811,45.396160558464224,17.298778359511314,16.106983809926344,142.86387434554973,101.33979425447974,8.0,11.299999999999992,14.0,51.5,135.02169382831312,154,0.2609032122604525,1.0,8.300000000000002,12.439999999999987,39.0,0.09398100290510181,125,3107.5142455603545,2432.154555298878,5539.668800859233,3167.599999999999
996,577,152,5.702049474943231,3.1611785095320624,9.973483535528603,13.265441941074522,45.3474870017331,16.67850953206237,14.203208989916698,143.17504332755632,101.33979425447974,8.0,11.299999999999992,14.0,51.5,134.02169382831312,154,0.2609032122604525,1.0,8.300000000000002,12.439999999999987,39.0,0.19837215323196533,125,3290.082547042244,2158.887766467338,5448.970313509582,3465.299999999999
997,578,151,5.181307327934894,3.1955017301038064,9.960726643598612,13.255605536332178,45.405709342560556,16.6576124567474,15.940810901191293,143.26470588235293,87.28024926374822,8.0,11.399999999999991,14.0,51.5,133.02169382831312,154,0.28809794980510284,1.0,8.400000000000002,12.439999999999987,39.0,0.051390939232474064,125,2994.7956355463684,2407.0624460798854,5401.858081626254,3417.299999999999
998,568,152,5.752945271495073,3.153169014084507,9.941901408450695,13.249260563380268,45.53257042253521,16.19366197183098,14.747347060403195,143.45422535211267,102.67497091030438,8.0,11.399999999999991,14.0,51.5,132.02169382831312,154,0.28809794980510284,1.0,8.300000000000002,12.439999999999987,39.0,0.2125623904848939,125,3267.6729142092013,2241.5967531812857,5509.269667390487,3872.0999999999985
999,573,155,6.258803895951715,3.1780104712041886,9.936300174520078,13.261989528795821,45.62216404886562,16.523734729493885,13.050514562071355,143.63001745200697,132.349288010935,8.0,11.399999999999991,14.0,51.5,92.0,154,0.2516585918265439,1.0,8.300000000000002,12.439999999999987,39.0,0.015973081816460066,125,3586.2946323803326,2022.82975712106,5609.124389501392,3704.9999999999986
1000,592,142,5.990947650242297,3.2027027027027026,9.940709459459462,13.273006756756777,45.65371621621622,16.82449324324324,13.76041293006699,143.80405405405406,132.349288010935,9.0,11.399999999999991,14.0,51.0,91.0,154,0.2516585918265439,1.0,8.300000000000002,12.379999999999987,39.0,0.028715774543620842,125,3546.64100894344,1953.9786360695125,5500.619645012952,3443.299999999999
1001,567,164,5.802543553018116,3.181657848324515,9.925396825396838,13.27216931216932,45.69400352733686,17.07495590828924,12.286796798100804,143.8589065255732,87.10119260916107,9.0,11.399999999999991,14.0,51.0,94.91003115796853,154,0.2516585918265439,1.0,8.300000000000002,12.379999999999987,39.0,0.0539469742134886,125,3290.0421945612716,2015.034674888532,5305.076869449804,4149.399999999999
